sequence_index,iteration,nf,incumbent_index,incumbent_full_objective,mean_gate_entanglement_infidelity_to_truth,mean_gate_average_infidelity_to_truth,mean_spam_vector_l2_error_to_truth,mean_spam_tracedist_to_truth,mean_gate_eigenvalue_nonunitarity_excess_to_truth,mean_gate_eigenvalue_diamondnorm_to_truth,mean_gate_eigenvalue_nonunitary_diamondnorm_to_truth,mean_gate_diamond_distance_to_truth
0,0,0,0,205446.78968839176,0.00227342297002206,0.00151561531334804,0.00697710335423951,0.004937894532976495,-0.003850330725303469,0.008134373632380773,0.004513942584111835,0.015113464757287046
1,1,1,1,60265.68564571325,0.01739919063281084,0.011599460421873894,0.021443748436338755,0.014035297632315185,0.029084881980688433,0.036221410891716856,0.035376013426753346,0.06659601111110239
2,2,2,1,60265.68564571325,0.01739919063281084,0.011599460421873894,0.021443748436338755,0.014035297632315185,0.029084881980688433,0.036221410891716856,0.035376013426753346,0.06659601111110239
3,3,3,3,37978.27311605129,0.011041309130418342,0.007360872753612228,0.03713241660103506,0.02857784269229565,0.015192883366799748,0.025362385496425596,0.018842684297458563,0.04807451448995738
4,4,4,3,37978.27311605129,0.011041309130418342,0.007360872753612228,0.03713241660103506,0.02857784269229565,0.015192883366799748,0.025362385496425596,0.018842684297458563,0.04807451448995738
5,5,5,3,37978.27311605129,0.011041309130418342,0.007360872753612228,0.03713241660103506,0.02857784269229565,0.015192883366799748,0.025362385496425596,0.018842684297458563,0.04807451448995738
6,6,6,6,24134.844491387244,0.006377516648697984,0.004251677765798656,0.01670340656522107,0.012509780711375817,0.010389572782311542,0.018089221339551348,0.013859001756911682,0.04247252898783278
7,7,7,6,24134.844491387244,0.006377516648697984,0.004251677765798656,0.01670340656522107,0.012509780711375817,0.010389572782311542,0.018089221339551348,0.013859001756911682,0.04247252898783278
8,8,8,8,22801.25493412628,0.0043654406974023285,0.002910293798268219,0.008915360303250484,0.006318719608262913,0.008806428628537283,0.015132318924960244,0.009906058195903261,0.03286198643323536
9,9,9,8,22801.25493412628,0.0043654406974023285,0.002910293798268219,0.008915360303250484,0.006318719608262913,0.008806428628537283,0.015132318924960244,0.009906058195903261,0.03286198643323536
10,10,10,10,12467.88340977388,0.004241280900469185,0.00282752060031279,0.004239079918720232,0.002677387573963516,0.006754269594727691,0.011165349535120286,0.0094565705305511,0.023250350005093116
11,11,11,11,7081.497995611091,0.0008776788180678841,0.0005851192120452561,0.0029777179594535617,0.0019032285700558214,0.0019845911900955443,0.006634820904949465,0.002312490141453183,0.01393185251869703
12,12,12,12,7017.316207105734,0.0029643482809235677,0.0019762321872823785,0.0011723128306118146,0.0008688377795794056,0.0040615221189619286,0.00615149856451641,0.006095155074613841,0.010310553705782986
13,13,13,13,3211.4726708638877,0.0007226455014213151,0.00048176366761421013,0.0036154277720246452,0.0026531535048073514,0.0021166228556862635,0.003758854853818326,0.0027862281929000587,0.007882359782091316
14,14,14,13,3211.4726708638877,0.0007226455014213151,0.00048176366761421013,0.0036154277720246452,0.0026531535048073514,0.0021166228556862635,0.003758854853818326,0.0027862281929000587,0.007882359782091316
15,15,15,15,1791.704985731571,0.0004755040058802007,0.0003170026705868005,0.0020035867019781955,0.001415398741318913,0.0006522678308901533,0.0011092456762894793,0.0009101865068336518,0.0026740144070014986
16,16,16,15,1880.791983121514,0.0004755040058802007,0.0003170026705868005,0.0020035867019781955,0.001415398741318913,0.0006522678308901533,0.0011092456762894793,0.0009101865068336518,0.0026740144070014986
17,17,17,15,1880.791983121514,0.0004755040058802007,0.0003170026705868005,0.0020035867019781955,0.001415398741318913,0.0006522678308901533,0.0011092456762894793,0.0009101865068336518,0.0026740144070014986
18,18,18,18,1289.6145927863513,0.0002504355293540539,0.00016695701956936926,0.0017217046391311776,0.001187934222680864,0.0004325581578692936,0.0005831921529440309,0.0005630233679501245,0.0016249287774343867
19,19,19,18,1289.6145927863513,0.0002504355293540539,0.00016695701956936926,0.0017217046391311776,0.001187934222680864,0.0004325581578692936,0.0005831921529440309,0.0005630233679501245,0.0016249287774343867
20,20,20,20,1021.2927826955123,0.0001210636106115659,8.070907374104393e-05,0.0016071719023546894,0.0011072495772331938,0.00016112232380427471,0.00029148837037717236,0.00027048257543115656,0.0012164810156042715
21,21,21,20,1045.72420115749,0.0001210636106115659,8.070907374104393e-05,0.0016071719023546894,0.0011072495772331938,0.00016112232380427471,0.00029148837037717236,0.00027048257543115656,0.0012164810156042715
22,22,22,20,1045.72420115749,0.0001210636106115659,8.070907374104393e-05,0.0016071719023546894,0.0011072495772331938,0.00016112232380427471,0.00029148837037717236,0.00027048257543115656,0.0012164810156042715
23,23,23,23,969.9842098924105,8.50839805223158e-05,5.6722653681543875e-05,0.0016541152383261499,0.0011366141954888664,0.00011781639705540914,0.0002654807577711079,0.00022715812565667765,0.0012052314593839612
24,24,24,23,969.9842098924105,8.50839805223158e-05,5.6722653681543875e-05,0.0016541152383261499,0.0011366141954888664,0.00011781639705540914,0.0002654807577711079,0.00022715812565667765,0.0012052314593839612
25,25,25,23,969.9842098924105,8.50839805223158e-05,5.6722653681543875e-05,0.0016541152383261499,0.0011366141954888664,0.00011781639705540914,0.0002654807577711079,0.00022715812565667765,0.0012052314593839612
26,26,26,26,965.3164056516075,7.788786625126387e-05,5.192524416750925e-05,0.0016424655985249543,0.0011283059417038473,0.0001151048366536539,0.0002660354670704295,0.00022917739856150032,0.0012028777458749514
27,27,27,26,965.3164056516075,7.788786625126387e-05,5.192524416750925e-05,0.0016424655985249543,0.0011283059417038473,0.0001151048366536539,0.0002660354670704295,0.00022917739856150032,0.0012028777458749514
28,28,28,28,960.3682601288891,7.624908799927499e-05,5.083272533284999e-05,0.001658909618126667,0.0011400803058737355,9.55723970693656e-05,0.0002468739496133139,0.00020362140611656504,0.0011938202529526677
29,29,29,28,960.3682601288891,7.624908799927499e-05,5.083272533284999e-05,0.001658909618126667,0.0011400803058737355,9.55723970693656e-05,0.0002468739496133139,0.00020362140611656504,0.0011938202529526677
30,30,30,28,960.3682601288891,7.624908799927499e-05,5.083272533284999e-05,0.001658909618126667,0.0011400803058737355,9.55723970693656e-05,0.0002468739496133139,0.00020362140611656504,0.0011938202529526677
31,31,31,31,950.6818035854262,6.550963654722297e-05,4.367309103148198e-05,0.0016586994427322803,0.00106590957628297,9.560805577052411e-05,0.00024065974183999753,0.00019002759878206793,0.0011152424771929742
32,32,32,31,950.6818035854262,6.550963654722297e-05,4.367309103148198e-05,0.0016586994427322803,0.00106590957628297,9.560805577052411e-05,0.00024065974183999753,0.00019002759878206793,0.0011152424771929742
33,33,33,31,950.6818035854262,6.550963654722297e-05,4.367309103148198e-05,0.0016586994427322803,0.00106590957628297,9.560805577052411e-05,0.00024065974183999753,0.00019002759878206793,0.0011152424771929742
34,34,34,34,950.2396327084496,6.324784923988913e-05,4.2165232826592756e-05,0.0016559206722418396,0.0010654024637547874,8.955947671032694e-05,0.00023441369072585335,0.00018366562877796672,0.001098021353718878
35,35,35,34,950.2396327084496,6.324784923988913e-05,4.2165232826592756e-05,0.0016559206722418396,0.0010654024637547874,8.955947671032694e-05,0.00023441369072585335,0.00018366562877796672,0.001098021353718878
36,36,36,36,948.4407016117248,6.160271353916613e-05,4.1068475692777426e-05,0.001618274949792593,0.001037600019135835,8.422909610231871e-05,0.0002142823182943392,0.00016765788822440536,0.0010681136386427033
37,37,37,36,948.4407016117248,6.160271353916613e-05,4.1068475692777426e-05,0.001618274949792593,0.001037600019135835,8.422909610231871e-05,0.0002142823182943392,0.00016765788822440536,0.0010681136386427033
38,38,38,38,948.4160156217044,6.29925952022603e-05,4.199506346817354e-05,0.0016268702364659552,0.0010451173537950435,8.675121784054718e-05,0.00021583011276350865,0.0001698512929027285,0.0010762448992629747
39,39,39,38,948.4160156217044,6.29925952022603e-05,4.199506346817354e-05,0.0016268702364659552,0.0010451173537950435,8.675121784054718e-05,0.00021583011276350865,0.0001698512929027285,0.0010762448992629747
40,40,40,38,948.4160156217044,6.29925952022603e-05,4.199506346817354e-05,0.0016268702364659552,0.0010451173537950435,8.675121784054718e-05,0.00021583011276350865,0.0001698512929027285,0.0010762448992629747
41,41,41,41,948.5490316551063,6.15231549562778e-05,4.1015436637518533e-05,0.001630093904594494,0.001065499425496351,8.77862846745403e-05,0.00020409484456083667,0.00016154187937191672,0.0010480373528320643
42,42,42,41,948.5490316551063,6.15231549562778e-05,4.1015436637518533e-05,0.001630093904594494,0.001065499425496351,8.77862846745403e-05,0.00020409484456083667,0.00016154187937191672,0.0010480373528320643
43,43,43,43,948.4628975891595,6.127267637612288e-05,4.084845091741525e-05,0.001637771665171337,0.0010713064512342901,8.738905730398122e-05,0.0002030731982580922,0.00016011267609190166,0.0010470649021434163
44,44,44,43,948.4628975891595,6.127267637612288e-05,4.084845091741525e-05,0.001637771665171337,0.0010713064512342901,8.738905730398122e-05,0.0002030731982580922,0.00016011267609190166,0.0010470649021434163
45,45,45,45,948.4424284768296,6.036391618483017e-05,4.024261078988678e-05,0.0016382491564260109,0.0010713671039884012,8.717602454169637e-05,0.00020235655133831596,0.0001597992373366594,0.0010405931469951238
46,46,46,46,948.9001084523541,6.0599538552558174e-05,4.039969236837212e-05,0.0016704909666840125,0.0010869566378120376,8.588039433501254e-05,0.0001881327157523556,0.00015045282185878472,0.0010379664569468271
47,47,47,46,948.9001084523541,6.0599538552558174e-05,4.039969236837212e-05,0.0016704909666840125,0.0010869566378120376,8.588039433501254e-05,0.0001881327157523556,0.00015045282185878472,0.0010379664569468271
48,48,48,48,948.8781780046673,6.087664460502351e-05,4.058442973668234e-05,0.001667754741158816,0.0010825795073378507,8.578248403837141e-05,0.0001878617754243388,0.00015105793398731415,0.0010392947545687728
49,49,49,48,948.8781780046673,6.087664460502351e-05,4.058442973668234e-05,0.001667754741158816,0.0010825795073378507,8.578248403837141e-05,0.0001878617754243388,0.00015105793398731415,0.0010392947545687728
50,50,50,48,948.8781780046673,6.087664460502351e-05,4.058442973668234e-05,0.001667754741158816,0.0010825795073378507,8.578248403837141e-05,0.0001878617754243388,0.00015105793398731415,0.0010392947545687728
51,51,51,51,948.2055067134283,5.961891609918002e-05,3.974594406612001e-05,0.001732475780135143,0.001125376424103974,8.274305996819331e-05,0.00017240603235623063,0.00014127606311960944,0.001000185216540081
52,52,52,52,947.8669968895263,5.9462483894462403e-05,3.9641655929641605e-05,0.00171427572209836,0.0011147138690828244,8.023488310879984e-05,0.00017101889090494448,0.00014019109422785947,0.0009939151907728508
53,53,53,52,947.8669968895263,5.9462483894462403e-05,3.9641655929641605e-05,0.00171427572209836,0.0011147138690828244,8.023488310879984e-05,0.00017101889090494448,0.00014019109422785947,0.0009939151907728508
54,54,54,54,947.6871896380356,5.842303395320325e-05,3.89486893021355e-05,0.0016972821216551584,0.0011061478958656187,7.600467217983714e-05,0.00016838537754756467,0.00013776209485328456,0.0009837771067683664
55,55,55,54,947.6871896380356,5.842303395320325e-05,3.89486893021355e-05,0.0016972821216551584,0.0011061478958656187,7.600467217983714e-05,0.00016838537754756467,0.00013776209485328456,0.0009837771067683664
56,56,56,56,948.7437889223568,5.571840918389137e-05,3.7145606122594245e-05,0.0017485343820847334,0.0011183905304603227,7.304919211001404e-05,0.00018066537447063055,0.0001334727283841472,0.0009772200216573536
57,57,57,56,948.7437889223568,5.571840918389137e-05,3.7145606122594245e-05,0.0017485343820847334,0.0011183905304603227,7.304919211001404e-05,0.00018066537447063055,0.0001334727283841472,0.0009772200216573536
58,58,58,56,948.7437889223568,5.571840918389137e-05,3.7145606122594245e-05,0.0017485343820847334,0.0011183905304603227,7.304919211001404e-05,0.00018066537447063055,0.0001334727283841472,0.0009772200216573536
59,59,59,59,948.5850715824076,5.451903001219005e-05,3.63460200081267e-05,0.001757906273863968,0.0011233802270535077,7.118812572701194e-05,0.0001793919255174474,0.00013206666035963516,0.0009676321498061282
60,60,60,59,948.5850715824076,5.451903001219005e-05,3.63460200081267e-05,0.001757906273863968,0.0011233802270535077,7.118812572701194e-05,0.0001793919255174474,0.00013206666035963516,0.0009676321498061282
61,61,61,61,946.1789150628447,5.2952300618941406e-05,3.530153374596094e-05,0.0017900480654397726,0.0011415278844046084,7.362527277961911e-05,0.00017599047181612025,0.0001314663973368685,0.0009753077971652768
62,62,62,61,946.1789150628447,5.2952300618941406e-05,3.530153374596094e-05,0.0017900480654397726,0.0011415278844046084,7.362527277961911e-05,0.00017599047181612025,0.0001314663973368685,0.0009753077971652768
63,63,63,63,946.0956202216989,5.210018967372054e-05,3.4733459782480366e-05,0.001799871717039024,0.0011463985508838705,7.351285590050105e-05,0.00017620104177542816,0.00013105315193819717,0.0009662510549050083
64,64,64,63,946.0956202216989,5.210018967372054e-05,3.4733459782480366e-05,0.001799871717039024,0.0011463985508838705,7.351285590050105e-05,0.00017620104177542816,0.00013105315193819717,0.0009662510549050083
65,65,65,65,946.0949744070808,5.092638059914223e-05,3.395092039942815e-05,0.0018075222381641071,0.0011520046866608168,7.310865572490027e-05,0.00017605117865581414,0.00013039860052050517,0.0009614701614072411
66,66,66,66,943.6732688804168,5.065052034144979e-05,3.376701356096652e-05,0.0018130998236600474,0.0011392526288687681,7.85499825543684e-05,0.00018776347335890746,0.00012782539051699182,0.0009905734469412403
67,67,67,67,943.600108719769,5.131549515677292e-05,3.421033010451528e-05,0.0018135274736517642,0.0011409356179781112,7.861595149209755e-05,0.0001862746017572804,0.0001266238947189094,0.0010022941467914684
68,68,68,67,943.600108719769,5.131549515677292e-05,3.421033010451528e-05,0.0018135274736517642,0.0011409356179781112,7.861595149209755e-05,0.0001862746017572804,0.0001266238947189094,0.0010022941467914684
69,69,69,69,943.564257599015,5.126036482899776e-05,3.4173576552665175e-05,0.0018122909713232346,0.001141750838313052,7.811518966952674e-05,0.00018493320586647125,0.00012559594267286256,0.001001596025031431
70,70,70,69,943.564257599015,5.126036482899776e-05,3.4173576552665175e-05,0.0018122909713232346,0.001141750838313052,7.811518966952674e-05,0.00018493320586647125,0.00012559594267286256,0.001001596025031431
71,71,71,71,944.5172328879444,4.9891916324484864e-05,3.3261277549656576e-05,0.0018227900528794566,0.001155015913451245,7.183665792580979e-05,0.00017517084253590546,0.00012158110295430735,0.0010121872761806824
72,72,72,71,944.5172328879444,4.9891916324484864e-05,3.3261277549656576e-05,0.0018227900528794566,0.001155015913451245,7.183665792580979e-05,0.00017517084253590546,0.00012158110295430735,0.0010121872761806824
73,73,73,73,944.4575598572433,4.887060002956023e-05,3.2580400019706815e-05,0.0018193729713212893,0.001154570545604376,7.288943814166837e-05,0.00017532636548240664,0.00012229061203704317,0.0010089236082301643
74,74,74,73,944.4575598572433,4.887060002956023e-05,3.2580400019706815e-05,0.0018193729713212893,0.001154570545604376,7.288943814166837e-05,0.00017532636548240664,0.00012229061203704317,0.0010089236082301643
75,75,75,73,944.4575598572433,4.887060002956023e-05,3.2580400019706815e-05,0.0018193729713212893,0.001154570545604376,7.288943814166837e-05,0.00017532636548240664,0.00012229061203704317,0.0010089236082301643
76,76,76,76,944.667897629359,5.011947058136679e-05,3.341298038757786e-05,0.0018432072051187286,0.0011743072485793024,7.31317185623942e-05,0.00016833189620072629,0.00011028995438826239,0.0010041350800118096
77,77,77,77,944.630762902118,5.024874109163524e-05,3.349916072775683e-05,0.001838655184727083,0.0011719001481159932,7.464253557214195e-05,0.0001690971473045215,0.00011111571234115325,0.0010059744487685934
78,78,78,77,944.630762902118,5.024874109163524e-05,3.349916072775683e-05,0.001838655184727083,0.0011719001481159932,7.464253557214195e-05,0.0001690971473045215,0.00011111571234115325,0.0010059744487685934
79,79,79,77,944.630762902118,5.024874109163524e-05,3.349916072775683e-05,0.001838655184727083,0.0011719001481159932,7.464253557214195e-05,0.0001690971473045215,0.00011111571234115325,0.0010059744487685934
80,80,80,80,944.6166437854462,5.033249457572775e-05,3.3554996383818495e-05,0.001838369052926396,0.0011715151736818642,7.449326963800823e-05,0.00016919993361661073,0.00011104073613992654,0.0010080315724787028
81,81,81,81,943.6887642376774,5.038783120300816e-05,3.35918874686721e-05,0.0016354738890229723,0.0010592688950457983,7.538345995605072e-05,0.00016884834375171072,0.00011089748406795108,0.000982564462837887
82,82,82,81,943.6887642376774,5.038783120300816e-05,3.35918874686721e-05,0.0016354738890229723,0.0010592688950457983,7.538345995605072e-05,0.00016884834375171072,0.00011089748406795108,0.000982564462837887
83,83,83,83,943.6573464745343,5.050530679215348e-05,3.367020452810232e-05,0.0016275024657298586,0.0010553283763764017,7.512063534383107e-05,0.0001676554380635474,0.0001108337688214972,0.0009860833005430126
84,84,84,83,943.6573464745343,5.050530679215348e-05,3.367020452810232e-05,0.0016275024657298586,0.0010553283763764017,7.512063534383107e-05,0.0001676554380635474,0.0001108337688214972,0.0009860833005430126
85,85,85,85,943.6480741745023,5.0356118554778506e-05,3.357074570318567e-05,0.001622560772568277,0.0010532298655970582,7.547577293583185e-05,0.00016839976640964003,0.00011180328325654382,0.0009886197709539513
86,86,86,86,941.4454522876554,4.910088380397082e-05,3.273392253598054e-05,0.001618723381475684,0.0010367985319764635,8.187646775012491e-05,0.000184046015295624,0.00013381600514464354,0.0009902724425465605
87,87,87,86,941.4454522876554,4.910088380397082e-05,3.273392253598054e-05,0.001618723381475684,0.0010367985319764635,8.187646775012491e-05,0.000184046015295624,0.00013381600514464354,0.0009902724425465605
88,88,88,88,941.223349121185,4.665817872584466e-05,3.1105452483896436e-05,0.0016167824851962258,0.0010373403927869762,8.224498274016917e-05,0.00018483813642455657,0.00013460853182371835,0.0009817868090987913
89,89,89,88,941.223349121185,4.665817872584466e-05,3.1105452483896436e-05,0.0016167824851962258,0.0010373403927869762,8.224498274016917e-05,0.00018483813642455657,0.00013460853182371835,0.0009817868090987913
90,90,90,88,941.223349121185,4.665817872584466e-05,3.1105452483896436e-05,0.0016167824851962258,0.0010373403927869762,8.224498274016917e-05,0.00018483813642455657,0.00013460853182371835,0.0009817868090987913
91,91,91,91,941.666764541321,4.659738108486744e-05,3.106492072324496e-05,0.0017378369244726393,0.0010993476321176155,7.900285952358588e-05,0.00017899834545125905,0.00012282278980593753,0.0009939161964459863
92,92,92,91,941.666764541321,4.659738108486744e-05,3.106492072324496e-05,0.0017378369244726393,0.0010993476321176155,7.900285952358588e-05,0.00017899834545125905,0.00012282278980593753,0.0009939161964459863
93,93,93,93,941.5700701474641,4.5265512871262015e-05,3.0177008580841342e-05,0.0017454476107444312,0.0011065436002517446,7.842787902320736e-05,0.00017830600341508626,0.00012181741263288248,0.0009833439469876773
94,94,94,93,941.5700701474641,4.5265512871262015e-05,3.0177008580841342e-05,0.0017454476107444312,0.0011065436002517446,7.842787902320736e-05,0.00017830600341508626,0.00012181741263288248,0.0009833439469876773
95,95,95,95,941.4932247039244,4.352042792771238e-05,2.901361861847492e-05,0.0017499274002475843,0.0011103111120439116,7.782538459896043e-05,0.00017759578722369106,0.0001207148639622499,0.0009698579494022578
96,96,96,95,942.2214757015108,4.352042792771238e-05,2.901361861847492e-05,0.0017499274002475843,0.0011103111120439116,7.782538459896043e-05,0.00017759578722369106,0.0001207148639622499,0.0009698579494022578
97,97,97,97,941.9101659554275,4.1929897212522604e-05,2.79532648083484e-05,0.0017261486841779377,0.0010775398478316046,7.850157342172842e-05,0.00018493507010776357,0.00012504444300692752,0.0009278516843408579
98,98,98,97,941.9101659554275,4.1929897212522604e-05,2.79532648083484e-05,0.0017261486841779377,0.0010775398478316046,7.850157342172842e-05,0.00018493507010776357,0.00012504444300692752,0.0009278516843408579
99,99,99,99,941.8845390609189,4.112712711779043e-05,2.7418084745193617e-05,0.001721348387422673,0.0010742840519340022,7.72730060252455e-05,0.00018375002400666492,0.00012322821368346976,0.0009197319522109888
100,100,100,99,941.8845390609189,4.112712711779043e-05,2.7418084745193617e-05,0.001721348387422673,0.0010742840519340022,7.72730060252455e-05,0.00018375002400666492,0.00012322821368346976,0.0009197319522109888
101,101,101,101,939.2463274470343,4.215883812838661e-05,2.8105892085591076e-05,0.0016804598550731378,0.0010741009064248247,8.237822004964618e-05,0.0001902068338751349,0.00013018142369849994,0.0009388074594622617
102,102,102,101,939.2463274470343,4.215883812838661e-05,2.8105892085591076e-05,0.0016804598550731378,0.0010741009064248247,8.237822004964618e-05,0.0001902068338751349,0.00013018142369849994,0.0009388074594622617
103,103,103,103,939.162975489591,4.343707547069253e-05,2.895805031379502e-05,0.0016901708084469756,0.0010786766308855385,8.278976542673566e-05,0.00019123037758081606,0.00013072356910211191,0.0009516376025046719
104,104,104,103,939.162975489591,4.343707547069253e-05,2.895805031379502e-05,0.0016901708084469756,0.0010786766308855385,8.278976542673566e-05,0.00019123037758081606,0.00013072356910211191,0.0009516376025046719
105,105,105,105,939.1336618898692,4.2614375033278584e-05,2.8409583355519054e-05,0.0017036332223274852,0.0010871755696172118,8.36717498570172e-05,0.00019281542026301036,0.000132196657931051,0.0009482198097892597
106,106,106,106,939.772760866414,4.0507911618054004e-05,2.7005274412036005e-05,0.001761566304835922,0.0011243610709120188,8.380056090594862e-05,0.00017994860412316242,0.000132888282117348,0.0009191138846160581
107,107,107,106,939.772760866414,4.0507911618054004e-05,2.7005274412036005e-05,0.001761566304835922,0.0011243610709120188,8.380056090594862e-05,0.00017994860412316242,0.000132888282117348,0.0009191138846160581
108,108,108,108,939.5672282119244,3.816971980499795e-05,2.544647986999863e-05,0.0017732008631847,0.001132806204143983,8.420761951262457e-05,0.0001819630962078139,0.00013367206793470088,0.0009098849821668642
109,109,109,108,939.5672282119244,3.816971980499795e-05,2.544647986999863e-05,0.0017732008631847,0.001132806204143983,8.420761951262457e-05,0.0001819630962078139,0.00013367206793470088,0.0009098849821668642
110,110,110,108,939.5672282119244,3.816971980499795e-05,2.544647986999863e-05,0.0017732008631847,0.001132806204143983,8.420761951262457e-05,0.0001819630962078139,0.00013367206793470088,0.0009098849821668642
111,111,111,111,935.6959244208404,3.680351206744592e-05,2.4535674711630612e-05,0.0017885804514274136,0.0011641630404344973,7.593393209373578e-05,0.0001626507646267679,0.00012843035273701897,0.0008427054809834076
112,112,112,111,935.6959244208404,3.680351206744592e-05,2.4535674711630612e-05,0.0017885804514274136,0.0011641630404344973,7.593393209373578e-05,0.0001626507646267679,0.00012843035273701897,0.0008427054809834076
113,113,113,113,935.6820737622427,3.633512320155852e-05,2.4223415467705678e-05,0.0017891573175949792,0.001165075484470071,7.383402475773931e-05,0.0001603006005754956,0.00012520976887248764,0.0008342999874123361
114,114,114,113,935.6820737622427,3.633512320155852e-05,2.4223415467705678e-05,0.0017891573175949792,0.001165075484470071,7.383402475773931e-05,0.0001603006005754956,0.00012520976887248764,0.0008342999874123361
115,115,115,115,935.6360738256348,3.6422675848551966e-05,2.4281783899034647e-05,0.0017857591853306213,0.0011627936857249363,7.187488252925062e-05,0.00015779127131363145,0.0001225864331972984,0.0008320407813112976
116,116,116,115,935.0047240759527,3.6422675848551966e-05,2.4281783899034647e-05,0.0017857591853306213,0.0011627936857249363,7.187488252925062e-05,0.00015779127131363145,0.0001225864331972984,0.0008320407813112976
117,117,117,117,934.8838239155978,3.531015512783786e-05,2.3540103418558576e-05,0.001837213314123005,0.0011934336628047432,7.519118199595526e-05,0.00015453337669287136,0.00012706731880415129,0.0008367520930161053
118,118,118,117,934.8838239155978,3.531015512783786e-05,2.3540103418558576e-05,0.001837213314123005,0.0011934336628047432,7.519118199595526e-05,0.00015453337669287136,0.00012706731880415129,0.0008367520930161053
119,119,119,119,934.8583171445566,3.4227393391206284e-05,2.281826226080419e-05,0.001834861150679949,0.0011926849796700632,7.405177698688314e-05,0.00015295123921178476,0.0001256057666242233,0.000828770314550674
120,120,120,119,934.8583171445566,3.4227393391206284e-05,2.281826226080419e-05,0.001834861150679949,0.0011926849796700632,7.405177698688314e-05,0.00015295123921178476,0.0001256057666242233,0.000828770314550674
121,121,121,121,940.1814955636036,3.3615363487560224e-05,2.2410242325040148e-05,0.0021377379218897523,0.001367192659613983,7.816653119872147e-05,0.00015322154357612637,0.00012539656528072485,0.0007807912118970898
122,122,122,121,940.1814955636036,3.3615363487560224e-05,2.2410242325040148e-05,0.0021377379218897523,0.001367192659613983,7.816653119872147e-05,0.00015322154357612637,0.00012539656528072485,0.0007807912118970898
123,123,123,123,940.1112212490841,3.322536227123862e-05,2.2150241514159084e-05,0.002146639121005458,0.0013703319711482875,7.816809979010325e-05,0.00015291640237498593,0.0001247872519463747,0.000771695093575144
124,124,124,123,940.1112212490841,3.322536227123862e-05,2.2150241514159084e-05,0.002146639121005458,0.0013703319711482875,7.816809979010325e-05,0.00015291640237498593,0.0001247872519463747,0.000771695093575144
125,125,125,125,940.1023328248239,3.277228661985321e-05,2.1848191079902136e-05,0.002153521612837867,0.0013765062484201395,7.777278856982428e-05,0.0001526491469971882,0.00012415346248781378,0.0007653680228902618
126,126,126,125,938.2714923067733,3.277228661985321e-05,2.1848191079902136e-05,0.002153521612837867,0.0013765062484201395,7.777278856982428e-05,0.0001526491469971882,0.00012415346248781378,0.0007653680228902618
127,127,127,127,938.0578587631275,3.311009312489954e-05,2.2073395416599695e-05,0.0021197753198311923,0.0013191865294226311,7.547880556933034e-05,0.00014812136668454986,0.00012034304254894546,0.0007721344269302179
128,128,128,127,938.0578587631275,3.311009312489954e-05,2.2073395416599695e-05,0.0021197753198311923,0.0013191865294226311,7.547880556933034e-05,0.00014812136668454986,0.00012034304254894546,0.0007721344269302179
129,129,129,129,938.027714550273,3.3797055975642865e-05,2.2531370650428578e-05,0.0021226892400640182,0.0013230909501917975,7.577722368842105e-05,0.00014839180952623673,0.00012047384576035353,0.0007751420750255014
130,130,130,129,938.027714550273,3.3797055975642865e-05,2.2531370650428578e-05,0.0021226892400640182,0.0013230909501917975,7.577722368842105e-05,0.00014839180952623673,0.00012047384576035353,0.0007751420750255014
131,131,131,131,933.901358649617,3.215184621585543e-05,2.1434564143903618e-05,0.0020331748272468275,0.0012639790958577557,7.843591797296323e-05,0.00017383546621781618,0.0001220277000556283,0.0007624277466244552
132,132,132,132,933.7379917941591,3.38563961601035e-05,2.257093077340233e-05,0.0020204078550517274,0.0012596467189531755,7.953044400945547e-05,0.0001739905143682929,0.00012318730605018896,0.0007703015948606276
133,133,133,132,933.7379917941591,3.38563961601035e-05,2.257093077340233e-05,0.0020204078550517274,0.0012596467189531755,7.953044400945547e-05,0.0001739905143682929,0.00012318730605018896,0.0007703015948606276
134,134,134,132,933.7379917941591,3.38563961601035e-05,2.257093077340233e-05,0.0020204078550517274,0.0012596467189531755,7.953044400945547e-05,0.0001739905143682929,0.00012318730605018896,0.0007703015948606276
135,135,135,135,933.5576514132758,3.438124379509522e-05,2.2920829196730143e-05,0.0020190731161414794,0.001258359798471461,7.69733405714193e-05,0.00017165499229363702,0.00012060235864556207,0.0007736407196349619
136,136,136,136,930.8791215176166,3.434581963390748e-05,2.2897213089271656e-05,0.00192194959433486,0.0011871838459985985,7.485242517712987e-05,0.00016550260338582344,0.00011566086888905452,0.0007786358548374378
137,137,137,137,930.5907596087116,3.414966434373001e-05,2.276644289582001e-05,0.0019229583603031168,0.0011849308382634155,7.366511572418771e-05,0.00016474079380143403,0.00011475612656917933,0.0007799401752072363
138,138,138,137,930.5907596087116,3.414966434373001e-05,2.276644289582001e-05,0.0019229583603031168,0.0011849308382634155,7.366511572418771e-05,0.00016474079380143403,0.00011475612656917933,0.0007799401752072363
139,139,139,137,930.5907596087116,3.414966434373001e-05,2.276644289582001e-05,0.0019229583603031168,0.0011849308382634155,7.366511572418771e-05,0.00016474079380143403,0.00011475612656917933,0.0007799401752072363
140,140,140,140,930.5738465521836,3.3974631035327274e-05,2.2649754023551516e-05,0.001921466788278491,0.0011843257505329808,7.26139601844103e-05,0.00016358584362389427,0.00011333079132234969,0.000777962768601558
141,141,141,141,935.0215618317641,3.163051753504731e-05,2.1087011690031538e-05,0.001844567483354319,0.001119649795315567,7.365079017425391e-05,0.00015946518356300122,0.00011540686291929697,0.0007452783398916783
142,142,142,141,935.0215618317641,3.163051753504731e-05,2.1087011690031538e-05,0.001844567483354319,0.001119649795315567,7.365079017425391e-05,0.00015946518356300122,0.00011540686291929697,0.0007452783398916783
143,143,143,143,934.9719828105844,3.128772249491596e-05,2.0858481663277306e-05,0.0018393552278682408,0.0011208033360191848,7.298375895749276e-05,0.0001585944369554459,0.00011450717225882506,0.0007413057172616112
144,144,144,143,934.9719828105844,3.128772249491596e-05,2.0858481663277306e-05,0.0018393552278682408,0.0011208033360191848,7.298375895749276e-05,0.0001585944369554459,0.00011450717225882506,0.0007413057172616112
145,145,145,145,934.9401354333008,3.1423124431662064e-05,2.0948749621108043e-05,0.0018406609018346784,0.0011205638382304442,7.324198850450908e-05,0.0001587019496658016,0.00011506619685716646,0.0007419033352314384
146,146,146,146,936.5718906995728,3.0330933380562364e-05,2.0220622253708243e-05,0.001827353801676571,0.001102444781673049,7.378903018460947e-05,0.00016144926497103823,0.0001176283713803794,0.0007403671588567776
147,147,147,147,936.2728295081322,2.985400892427381e-05,1.990267261618254e-05,0.0018273992239180015,0.0011009224843787743,7.262378725361035e-05,0.00016069886892443715,0.00011662107807436373,0.000740036161735738
148,148,148,147,936.2728295081322,2.985400892427381e-05,1.990267261618254e-05,0.0018273992239180015,0.0011009224843787743,7.262378725361035e-05,0.00016069886892443715,0.00011662107807436373,0.000740036161735738
149,149,149,147,936.2728295081322,2.985400892427381e-05,1.990267261618254e-05,0.0018273992239180015,0.0011009224843787743,7.262378725361035e-05,0.00016069886892443715,0.00011662107807436373,0.000740036161735738
150,150,150,150,936.2246429052375,2.964170166108726e-05,1.976113444072484e-05,0.0018268248553610022,0.00110277971134759,7.174643607721354e-05,0.00015970971768156827,0.00011537889867931084,0.0007365481067283118
151,151,151,151,938.441584367212,3.088152574079461e-05,2.058768382719641e-05,0.0019519611656436831,0.0011951774585781858,7.93272690252228e-05,0.0001552691382426342,0.0001246745879714753,0.0007645077854528282
152,152,152,151,938.441584367212,3.088152574079461e-05,2.058768382719641e-05,0.0019519611656436831,0.0011951774585781858,7.93272690252228e-05,0.0001552691382426342,0.0001246745879714753,0.0007645077854528282
153,153,153,153,938.4032689428832,3.1489976756393645e-05,2.099331783759576e-05,0.001956379374057279,0.0011999690774036013,7.843823104500963e-05,0.0001547654870189303,0.00012361533127524388,0.0007585353191087907
154,154,154,153,938.4032689428832,3.1489976756393645e-05,2.099331783759576e-05,0.001956379374057279,0.0011999690774036013,7.843823104500963e-05,0.0001547654870189303,0.00012361533127524388,0.0007585353191087907
155,155,155,155,938.3799170246805,3.164144263842483e-05,2.1094295092283222e-05,0.0019616359361773997,0.001200645855365777,7.882626910157148e-05,0.0001549627980505733,0.0001238871969974492,0.0007560100041996724
156,156,156,155,941.1242782083298,3.164144263842483e-05,2.1094295092283222e-05,0.0019616359361773997,0.001200645855365777,7.882626910157148e-05,0.0001549627980505733,0.0001238871969974492,0.0007560100041996724
157,157,157,157,940.8759927660278,3.236974128351111e-05,2.1579827522340743e-05,0.0019780543531684644,0.001214491605460059,7.876686599361804e-05,0.00016154052877323207,0.00012679170895895514,0.0007339404835869304
158,158,158,157,940.8759927660278,3.236974128351111e-05,2.1579827522340743e-05,0.0019780543531684644,0.001214491605460059,7.876686599361804e-05,0.00016154052877323207,0.00012679170895895514,0.0007339404835869304
159,159,159,159,940.8523874273824,3.1838365337266694e-05,2.1225576891511132e-05,0.0019878941979987463,0.001219001522014729,7.981875282279949e-05,0.00016254721269879507,0.0001281130989526716,0.0007307903531650128
160,160,160,159,940.8523874273824,3.1838365337266694e-05,2.1225576891511132e-05,0.0019878941979987463,0.001219001522014729,7.981875282279949e-05,0.00016254721269879507,0.0001281130989526716,0.0007307903531650128
161,161,161,161,940.5899299946057,3.062587401725381e-05,2.041724934483587e-05,0.0019293420763315111,0.0011966379227595202,7.959747497460895e-05,0.0001596357136670053,0.0001256387975938078,0.0007202478391207642
162,162,162,161,940.5899299946057,3.062587401725381e-05,2.041724934483587e-05,0.0019293420763315111,0.0011966379227595202,7.959747497460895e-05,0.0001596357136670053,0.0001256387975938078,0.0007202478391207642
163,163,163,161,940.5899299946057,3.062587401725381e-05,2.041724934483587e-05,0.0019293420763315111,0.0011966379227595202,7.959747497460895e-05,0.0001596357136670053,0.0001256387975938078,0.0007202478391207642
164,164,164,164,940.5233797853263,3.0279269928962238e-05,2.0186179952641492e-05,0.0019321755144487592,0.0012006939823847253,7.853184790044404e-05,0.00015789282435413213,0.00012411112659520968,0.0007195753322643473
165,165,165,164,940.5233797853263,3.0279269928962238e-05,2.0186179952641492e-05,0.0019321755144487592,0.0012006939823847253,7.853184790044404e-05,0.00015789282435413213,0.00012411112659520968,0.0007195753322643473
166,166,166,166,944.2057767239978,3.0094067161090532e-05,2.006271144072702e-05,0.0016855340708451065,0.0010668046293381384,7.598964582540557e-05,0.00014936992663496104,0.00011789037634383354,0.0006511218242095187
167,167,167,167,943.6226455328801,3.0097572735199307e-05,2.006504849013287e-05,0.0016746756140284737,0.0010585824021869363,7.178088496610086e-05,0.00014238161887942418,0.00011222556418936935,0.0006371051291921915
168,168,168,167,943.6226455328801,3.0097572735199307e-05,2.006504849013287e-05,0.0016746756140284737,0.0010585824021869363,7.178088496610086e-05,0.00014238161887942418,0.00011222556418936935,0.0006371051291921915
169,169,169,169,943.5647241021622,2.88461806303153e-05,1.9230787086876866e-05,0.0016811026762676331,0.0010617884558740572,7.103501278647728e-05,0.00014087717986475078,0.00011071407868348815,0.000626477518435643
170,170,170,169,943.5647241021622,2.88461806303153e-05,1.9230787086876866e-05,0.0016811026762676331,0.0010617884558740572,7.103501278647728e-05,0.00014087717986475078,0.00011071407868348815,0.000626477518435643
171,171,171,171,943.074158772167,2.8358589560989467e-05,1.8905726373992977e-05,0.0018033330326037817,0.001155297359482097,6.434119542211847e-05,0.0001340462898027254,0.00010036767542571934,0.0006000411300748416
172,172,172,171,943.074158772167,2.8358589560989467e-05,1.8905726373992977e-05,0.0018033330326037817,0.001155297359482097,6.434119542211847e-05,0.0001340462898027254,0.00010036767542571934,0.0006000411300748416
173,173,173,173,943.0452307057112,2.808122173464378e-05,1.872081448976252e-05,0.0017908710465121367,0.0011461030051624363,6.34023362887648e-05,0.00013294016370288126,9.883713608909578e-05,0.0005995444970921754
174,174,174,173,943.0452307057112,2.808122173464378e-05,1.872081448976252e-05,0.0017908710465121367,0.0011461030051624363,6.34023362887648e-05,0.00013294016370288126,9.883713608909578e-05,0.0005995444970921754
175,175,175,175,942.9454203127968,2.7443237723107083e-05,1.8295491815404723e-05,0.0018020921871623186,0.0011552712593055523,6.401351104417391e-05,0.0001339658972646758,0.00010008108888688583,0.0005956676876062449
176,176,176,175,941.0407385671087,2.7443237723107083e-05,1.8295491815404723e-05,0.0018020921871623186,0.0011552712593055523,6.401351104417391e-05,0.0001339658972646758,0.00010008108888688583,0.0005956676876062449
177,177,177,177,940.8195059550212,2.615914369755168e-05,1.7439429131701118e-05,0.0017484821943407718,0.0011378168222563904,6.504935970466641e-05,0.00012709928193090628,9.973626736719393e-05,0.0006006020289355672
178,178,178,177,940.8195059550212,2.615914369755168e-05,1.7439429131701118e-05,0.0017484821943407718,0.0011378168222563904,6.504935970466641e-05,0.00012709928193090628,9.973626736719393e-05,0.0006006020289355672
179,179,179,179,940.7276163738364,2.592526318700994e-05,1.728350879133996e-05,0.0017620013943993324,0.001148742624853504,6.547812374443907e-05,0.00012788055441786934,0.0001006382151686816,0.0005980577373274315
180,180,180,179,940.7276163738364,2.592526318700994e-05,1.728350879133996e-05,0.0017620013943993324,0.001148742624853504,6.547812374443907e-05,0.00012788055441786934,0.0001006382151686816,0.0005980577373274315
181,181,181,181,939.5079731036558,2.6206142911072705e-05,1.7470761940715136e-05,0.0018042921800796297,0.0011466486217595459,6.808692236679598e-05,0.00013602586267540454,0.00010677387652442,0.0005962734317746094
182,182,182,181,939.5079731036558,2.6206142911072705e-05,1.7470761940715136e-05,0.0018042921800796297,0.0011466486217595459,6.808692236679598e-05,0.00013602586267540454,0.00010677387652442,0.0005962734317746094
183,183,183,183,939.4023277884273,2.55758873898837e-05,1.70505915932558e-05,0.001812920906608777,0.0011551193640157978,6.748346447399411e-05,0.00013525134907422785,0.00010594362486930631,0.000588547304921768
184,184,184,183,939.4023277884273,2.55758873898837e-05,1.70505915932558e-05,0.001812920906608777,0.0011551193640157978,6.748346447399411e-05,0.00013525134907422785,0.00010594362486930631,0.000588547304921768
185,185,185,185,939.3912686728827,2.4793928318139757e-05,1.6529285545426504e-05,0.00180149231182264,0.0011483035599597904,6.573030651716577e-05,0.00013255924704072347,0.00010304217735151999,0.0005783964565884419
186,186,186,186,939.1683837881187,2.4558028626470163e-05,1.6372019084313443e-05,0.0018328524074142669,0.001168896054317023,6.562212795557798e-05,0.00013189703942845655,0.00010299754516848725,0.0005752682939673972
187,187,187,186,939.1683837881187,2.4558028626470163e-05,1.6372019084313443e-05,0.0018328524074142669,0.001168896054317023,6.562212795557798e-05,0.00013189703942845655,0.00010299754516848725,0.0005752682939673972
188,188,188,188,939.1367638917866,2.4227989346647938e-05,1.6151992897765293e-05,0.0018312345395718292,0.0011683639311987131,6.551205213509853e-05,0.0001322260298042622,0.00010306611450269787,0.0005733042635491765
189,189,189,188,939.1367638917866,2.4227989346647938e-05,1.6151992897765293e-05,0.0018312345395718292,0.0011683639311987131,6.551205213509853e-05,0.0001322260298042622,0.00010306611450269787,0.0005733042635491765
190,190,190,190,939.1326762054264,2.4055554663782175e-05,1.603703644252145e-05,0.0018277997407897325,0.0011660937750400478,6.50875690161104e-05,0.00013147695763509319,0.00010229879783774098,0.0005702340021901106
191,191,191,190,939.1326762054264,2.4055554663782175e-05,1.603703644252145e-05,0.0018277997407897325,0.0011660937750400478,6.50875690161104e-05,0.00013147695763509319,0.00010229879783774098,0.0005702340021901106
192,192,192,192,939.1122069460062,2.3955573199840874e-05,1.597038213322725e-05,0.0018337172554762939,0.0011706718180192074,6.567246916094893e-05,0.00013247753229451056,0.00010326000823172865,0.0005701996254365449
193,193,193,192,939.1122069460062,2.3955573199840874e-05,1.597038213322725e-05,0.0018337172554762939,0.0011706718180192074,6.567246916094893e-05,0.00013247753229451056,0.00010326000823172865,0.0005701996254365449
194,194,194,194,939.1075240928586,2.375769664025862e-05,1.583846442683908e-05,0.0018278418428110173,0.001166359434360038,6.498224287904836e-05,0.0001313944353414508,0.00010213582187245523,0.0005671358738490076
195,195,195,194,939.1075240928586,2.375769664025862e-05,1.583846442683908e-05,0.0018278418428110173,0.001166359434360038,6.498224287904836e-05,0.0001313944353414508,0.00010213582187245523,0.0005671358738490076
196,196,196,196,939.088377371163,2.3701963956707095e-05,1.5801309304471396e-05,0.001834573826740087,0.0011716533728740159,6.562238855439134e-05,0.00013245208815146735,0.00010316752484115788,0.0005679316711014555
197,197,197,196,939.088377371163,2.3701963956707095e-05,1.5801309304471396e-05,0.001834573826740087,0.0011716533728740159,6.562238855439134e-05,0.00013245208815146735,0.00010316752484115788,0.0005679316711014555
198,198,198,198,939.085072028317,2.352358732890525e-05,1.56823915526035e-05,0.001828566027486857,0.0011671849552439928,6.49038188645576e-05,0.0001313335704016277,0.00010200898416555526,0.0005652078015098451
199,199,199,199,939.0552007953503,2.3474705130810403e-05,1.5649803420540266e-05,0.0018320431066772298,0.0011698291549492902,6.506128177793252e-05,0.0001316303076320417,0.0001022963905110072,0.0005654780799051476
200,200,200,200,939.0515934497703,2.343248301203693e-05,1.5621655341357954e-05,0.00183443545715262,0.0011720602934389731,6.546327583072803e-05,0.0001322071801629457,0.000102900918462559,0.0005663330879129772
201,201,201,200,939.0515934497703,2.343248301203693e-05,1.5621655341357954e-05,0.00183443545715262,0.0011720602934389731,6.546327583072803e-05,0.0001322071801629457,0.000102900918462559,0.0005663330879129772
202,202,202,200,939.0515934497703,2.343248301203693e-05,1.5621655341357954e-05,0.00183443545715262,0.0011720602934389731,6.546327583072803e-05,0.0001322071801629457,0.000102900918462559,0.0005663330879129772
203,203,203,203,939.0340730992008,2.3353050192548297e-05,1.556870012836553e-05,0.0018336181554622858,0.0011713551404735868,6.516340301177675e-05,0.00013173509491516564,0.00010240011659687354,0.0005658947342397128
204,204,204,203,939.0340730992008,2.3353050192548297e-05,1.556870012836553e-05,0.0018336181554622858,0.0011713551404735868,6.516340301177675e-05,0.00013173509491516564,0.00010240011659687354,0.0005658947342397128
205,205,205,203,939.0340730992008,2.3353050192548297e-05,1.556870012836553e-05,0.0018336181554622858,0.0011713551404735868,6.516340301177675e-05,0.00013173509491516564,0.00010240011659687354,0.0005658947342397128
206,206,206,206,939.0298818385721,2.3272281079261825e-05,1.5514854052841216e-05,0.0018324990243064499,0.0011708450242925825,6.507362978894204e-05,0.0001317510125002784,0.00010233707357303057,0.0005660040033669403
207,207,207,207,939.0270411183824,2.323529800293822e-05,1.549019866862548e-05,0.0018329889012283435,0.001171258682677811,6.50959048120181e-05,0.00013173893977822944,0.00010232739046798361,0.0005662852289723998
208,208,208,207,939.0270411183824,2.323529800293822e-05,1.549019866862548e-05,0.0018329889012283435,0.001171258682677811,6.50959048120181e-05,0.00013173893977822944,0.00010232739046798361,0.0005662852289723998
209,209,209,207,939.0270411183824,2.323529800293822e-05,1.549019866862548e-05,0.0018329889012283435,0.001171258682677811,6.50959048120181e-05,0.00013173893977822944,0.00010232739046798361,0.0005662852289723998
210,210,210,210,939.0234264720812,2.321712419414701e-05,1.5478082796098008e-05,0.0018338909474870924,0.001172061908540977,6.52061517242633e-05,0.00013195088072558947,0.00010252017765261662,0.0005669461403718154
211,211,211,210,939.0234264720812,2.321712419414701e-05,1.5478082796098008e-05,0.0018338909474870924,0.001172061908540977,6.52061517242633e-05,0.00013195088072558947,0.00010252017765261662,0.0005669461403718154
212,212,212,212,939.0219662198351,2.3183903835932718e-05,1.5455935890621813e-05,0.0018325100227637484,0.0011710516973038646,6.502347345774956e-05,0.00013165639605678485,0.00010222337211607258,0.0005665843929513913
213,213,213,212,939.0219662198351,2.3183903835932718e-05,1.5455935890621813e-05,0.0018325100227637484,0.0011710516973038646,6.502347345774956e-05,0.00013165639605678485,0.00010222337211607258,0.0005665843929513913
214,214,214,214,939.0198268489502,2.3180402654143784e-05,1.545360176942919e-05,0.001834028620618327,0.0011722188829757867,6.518638627902446e-05,0.00013193140645172965,0.00010248507811194685,0.0005673898255109508
215,215,215,214,939.0198268489502,2.3180402654143784e-05,1.545360176942919e-05,0.001834028620618327,0.0011722188829757867,6.518638627902446e-05,0.00013193140645172965,0.00010248507811194685,0.0005673898255109508
216,216,216,216,939.0184282715834,2.3147925117456003e-05,1.5431950078304002e-05,0.0018327383916373421,0.0011712900411466525,6.501065451147009e-05,0.00013165031398462948,0.00010220148936812556,0.0005670640170908849
217,217,217,216,939.0184282715834,2.3147925117456003e-05,1.5431950078304002e-05,0.0018327383916373421,0.0011712900411466525,6.501065451147009e-05,0.00013165031398462948,0.00010220148936812556,0.0005670640170908849
218,218,218,218,939.0164158251455,2.3144248272044532e-05,1.5429498848029688e-05,0.001834362599283125,0.0011725525157683398,6.517087442303726e-05,0.00013192407294729914,0.00010246067502375084,0.0005678259133955147
219,219,219,218,939.0164158251455,2.3144248272044532e-05,1.5429498848029688e-05,0.001834362599283125,0.0011725525157683398,6.517087442303726e-05,0.00013192407294729914,0.00010246067502375084,0.0005678259133955147
220,220,220,220,939.0151100549058,2.310887923318017e-05,1.540591948878678e-05,0.0018329670289234934,0.0011715292338801005,6.500647059900361e-05,0.00013165687434053684,0.00010219156243597427,0.0005675034414584077
221,221,221,220,939.0151100549058,2.310887923318017e-05,1.540591948878678e-05,0.0018329670289234934,0.0011715292338801005,6.500647059900361e-05,0.00013165687434053684,0.00010219156243597427,0.0005675034414584077
222,222,222,222,939.0132246936652,2.3099430549095024e-05,1.539962036606335e-05,0.0018345091592211961,0.0011727337125239257,6.515707441723251e-05,0.00013191458346199252,0.00010243605689773394,0.0005681893998881292
223,223,223,222,939.0132246936652,2.3099430549095024e-05,1.539962036606335e-05,0.0018345091592211961,0.0011727337125239257,6.515707441723251e-05,0.00013191458346199252,0.00010243605689773394,0.0005681893998881292
224,224,224,224,939.0120214851199,2.3062878155288846e-05,1.5375252103525895e-05,0.0018332229152812154,0.001171806087314169,6.500236292534406e-05,0.00013166272701980037,0.00010218187133009815,0.000567859900031208
225,225,225,224,939.0120214851199,2.3062878155288846e-05,1.5375252103525895e-05,0.0018332229152812154,0.001171806087314169,6.500236292534406e-05,0.00013166272701980037,0.00010218187133009815,0.000567859900031208
226,226,226,226,939.0102645056086,2.3055061804333477e-05,1.5370041202888984e-05,0.0018347499140963068,0.0011729855042840885,6.515695121740717e-05,0.0001319264039847417,0.00010243281465157489,0.0005685657131054714
227,227,227,226,939.0102645056086,2.3055061804333477e-05,1.5370041202888984e-05,0.0018347499140963068,0.0011729855042840885,6.515695121740717e-05,0.0001319264039847417,0.00010243281465157489,0.0005685657131054714
228,228,228,228,939.0091424730215,2.3016150355381626e-05,1.5344100236921083e-05,0.0018332798629128533,0.0011718975757138614,6.499706663799787e-05,0.00013166837845525188,0.00010217230616006712,0.0005682127102314418
229,229,229,228,939.0091424730215,2.3016150355381626e-05,1.5344100236921083e-05,0.0018332798629128533,0.0011718975757138614,6.499706663799787e-05,0.00013166837845525188,0.00010217230616006712,0.0005682127102314418
230,230,230,230,939.007524244839,2.300967733082082e-05,1.533978488721388e-05,0.001834986064295901,0.0011732263873868221,6.515104858608595e-05,0.0001319307634422815,0.00010242151861592635,0.0005689042768632742
231,231,231,230,939.007524244839,2.300967733082082e-05,1.533978488721388e-05,0.001834986064295901,0.0011732263873868221,6.515104858608595e-05,0.0001319307634422815,0.00010242151861592635,0.0005689042768632742
232,232,232,232,939.0064900980921,2.2971902967933167e-05,1.531460197862211e-05,0.0018336007899451493,0.0011722051559631477,6.499563618243137e-05,0.00013167922841261976,0.00010216731131590384,0.0005685569393038938
233,233,233,232,939.0064900980921,2.2971902967933167e-05,1.531460197862211e-05,0.0018336007899451493,0.0011722051559631477,6.499563618243137e-05,0.00013167922841261976,0.00010216731131590384,0.0005685569393038938
234,234,234,234,939.0050140373319,2.296775619078928e-05,1.5311837460526185e-05,0.0018351382198363748,0.0011733773330545715,6.514542684734476e-05,0.00013193485649601918,0.00010241070800260516,0.0005692693177528217
235,235,235,234,939.0050140373319,2.296775619078928e-05,1.5311837460526185e-05,0.0018351382198363748,0.0011733773330545715,6.514542684734476e-05,0.00013193485649601918,0.00010241070800260516,0.0005692693177528217
236,236,236,236,939.004069993696,2.293268451405983e-05,1.5288456342706553e-05,0.0018338870592636669,0.001172502438376722,6.499309917259999e-05,0.0001316888128453664,0.00010216128944700448,0.0005689378690341867
237,237,237,236,939.004069993696,2.293268451405983e-05,1.5288456342706553e-05,0.0018338870592636669,0.001172502438376722,6.499309917259999e-05,0.0001316888128453664,0.00010216128944700448,0.0005689378690341867
238,238,238,238,939.0027174386853,2.2927908837677702e-05,1.52852725584518e-05,0.001835452386165539,0.001173701240126341,6.514213043486844e-05,0.00013194256677240192,0.00010240332493376136,0.0005696375219030305
239,239,239,238,939.0027174386853,2.2927908837677702e-05,1.52852725584518e-05,0.001835452386165539,0.001173701240126341,6.514213043486844e-05,0.00013194256677240192,0.00010240332493376136,0.0005696375219030305
240,240,240,240,939.0018514960593,2.2894952044327788e-05,1.526330136288519e-05,0.0018340917703967513,0.0011727042338410588,6.498930670367775e-05,0.00013169551534509798,0.00010215339735750173,0.0005693174297163579
241,241,241,240,939.0018514960593,2.2894952044327788e-05,1.526330136288519e-05,0.0018340917703967513,0.0011727042338410588,6.498930670367775e-05,0.00013169551534509798,0.00010215339735750173,0.0005693174297163579
242,242,242,242,939.0006478566567,2.28917409011431e-05,1.5261160600762068e-05,0.0018356403332537956,0.00117391141049243,6.513797088231188e-05,0.0001319489459594525,0.00010239473654971576,0.0005700233551872764
243,243,243,242,939.0006478566567,2.28917409011431e-05,1.5261160600762068e-05,0.0018356403332537956,0.00117391141049243,6.513797088231188e-05,0.0001319489459594525,0.00010239473654971576,0.0005700233551872764
244,244,244,244,938.9998732092663,2.2862738604356725e-05,1.5241825736237816e-05,0.001834307777624232,0.0011729430922244304,6.498777511371873e-05,0.0001317061598792556,0.00010214929132074113,0.0005697317110993877
245,245,245,244,938.9998732092663,2.2862738604356725e-05,1.5241825736237816e-05,0.001834307777624232,0.0011729430922244304,6.498777511371873e-05,0.0001317061598792556,0.00010214929132074113,0.0005697317110993877
246,246,246,246,938.9987991984342,2.2859939770580873e-05,1.5239959847053916e-05,0.001835895582441861,0.0011741641901664686,6.513685727335683e-05,0.00013196017419111528,0.0001023906578705297,0.0005704331410161434
247,247,247,246,938.9987991984342,2.2859939770580873e-05,1.5239959847053916e-05,0.001835895582441861,0.0011741641901664686,6.513685727335683e-05,0.00013196017419111528,0.0001023906578705297,0.0005704331410161434
248,248,248,248,938.9981092837044,2.282944185011404e-05,1.5219627900076027e-05,0.0018345586643472855,0.0011732041265505033,6.498814077578186e-05,0.00013171868099525423,0.00010214696808074492,0.0005701324473849742
249,249,249,248,938.9981092837044,2.282944185011404e-05,1.5219627900076027e-05,0.0018345586643472855,0.0011732041265505033,6.498814077578186e-05,0.00013171868099525423,0.00010214696808074492,0.0005701324473849742
250,250,250,250,938.9971708315429,2.2828000066671406e-05,1.521866671111427e-05,0.0018361095283789583,0.0011744025670132074,6.513420008445042e-05,0.0001319688545078251,0.00010238481977483532,0.0005708359318326926
251,251,251,250,938.9971708315429,2.2828000066671406e-05,1.521866671111427e-05,0.0018361095283789583,0.0011744025670132074,6.513420008445042e-05,0.0001319688545078251,0.00010238481977483532,0.0005708359318326926
252,252,252,252,938.9965697273494,2.2802211512157333e-05,1.5201474341438223e-05,0.0018348105691131215,0.0011734758341654062,6.498685736396753e-05,0.000131729895748233,0.00010214353823843891,0.0005705631230471084
253,253,253,252,938.9965697273494,2.2802211512157333e-05,1.5201474341438223e-05,0.0018348105691131215,0.0011734758341654062,6.498685736396753e-05,0.000131729895748233,0.00010214353823843891,0.0005705631230471084
254,254,254,254,938.9957566116818,2.280131425613785e-05,1.5200876170758567e-05,0.0018362915137220398,0.0011745980971350936,6.513280499188812e-05,0.00013197926116314957,0.00010238109571616971,0.0005712749964218435
255,255,255,254,938.9957566116818,2.280131425613785e-05,1.5200876170758567e-05,0.0018362915137220398,0.0011745980971350936,6.513280499188812e-05,0.00013197926116314957,0.00010238109571616971,0.0005712749964218435
256,256,256,256,938.9952456268122,2.277678224990587e-05,1.5184521499937246e-05,0.001835333998375758,0.0011738758526153052,6.498831463935123e-05,0.00013174460311678884,0.00010214378273153135,0.0005710028850866708
257,257,257,256,938.9952456268122,2.277678224990587e-05,1.5184521499937246e-05,0.001835333998375758,0.0011738758526153052,6.498831463935123e-05,0.00013174460311678884,0.00010214378273153135,0.0005710028850866708
258,258,258,258,938.9945649221252,2.2777190686440463e-05,1.518479379096031e-05,0.0018366326509147955,0.0011749299632907353,6.513450010477151e-05,0.00013199434473402908,0.00010238099728490657,0.0005717091520626265
259,259,259,258,938.9945649221252,2.2777190686440463e-05,1.518479379096031e-05,0.0018366326509147955,0.0011749299632907353,6.513450010477151e-05,0.00013199434473402908,0.00010238099728490657,0.0005717091520626265
260,260,260,260,938.9941388718729,2.2754447423140034e-05,1.5169631615426688e-05,0.001835288810850966,0.0011739677725041923,6.498989469485433e-05,0.0001317598453742099,0.00010214450709191553,0.0005714524484072023
261,261,261,260,938.9941388718729,2.2754447423140034e-05,1.5169631615426688e-05,0.001835288810850966,0.0011739677725041923,6.498989469485433e-05,0.0001317598453742099,0.00010214450709191553,0.0005714524484072023
262,262,262,262,938.9935831791678,2.275683778715787e-05,1.517122519143858e-05,0.001836910738024317,0.0011751877941822595,6.513282175858032e-05,0.00013200484282606823,0.0001023779912049591,0.0005721675641589376
263,263,263,262,938.9935831791678,2.275683778715787e-05,1.517122519143858e-05,0.001836910738024317,0.0011751877941822595,6.513282175858032e-05,0.00013200484282606823,0.0001023779912049591,0.0005721675641589376
264,264,264,264,938.9932476078269,2.273716161080297e-05,1.5158107740535312e-05,0.0018356091268734852,0.001174260349026343,6.499190620972567e-05,0.0001317756213310229,0.00010214583687007811,0.0005719335482579579
265,265,265,264,938.9932476078269,2.273716161080297e-05,1.5158107740535312e-05,0.0018356091268734852,0.001174260349026343,6.499190620972567e-05,0.0001317756213310229,0.00010214583687007811,0.0005719335482579579
266,266,266,266,938.9928159256137,2.2741575746110243e-05,1.516105049740683e-05,0.0018372304538145107,0.0011754813891603902,6.51338039403121e-05,0.0001320177187927092,0.00010237647634087077,0.0005726533962379547
267,267,267,266,938.9928159256137,2.2741575746110243e-05,1.516105049740683e-05,0.0018372304538145107,0.0011754813891603902,6.51338039403121e-05,0.0001320177187927092,0.00010237647634087077,0.0005726533962379547
268,268,268,268,938.9925767714999,2.2726693438612777e-05,1.5151128959075185e-05,0.0018358288262947057,0.0011745094354109848,6.499556888763663e-05,0.000131791963052094,0.00010214872057010688,0.0005724531558640677
269,269,269,268,938.9925767714999,2.2726693438612777e-05,1.5151128959075185e-05,0.0018358288262947057,0.0011745094354109848,6.499556888763663e-05,0.000131791963052094,0.00010214872057010688,0.0005724531558640677
270,270,270,270,938.9922507260924,2.2734854264933047e-05,1.5156569509955364e-05,0.001837399375561779,0.0011757005727326296,6.514096221297422e-05,0.00013203875494715173,0.00010238491725594184,0.000573200496698914
271,271,271,270,938.9922507260924,2.2734854264933047e-05,1.5156569509955364e-05,0.001837399375561779,0.0011757005727326296,6.514096221297422e-05,0.00013203875494715173,0.00010238491725594184,0.000573200496698914
272,272,272,272,938.9921251213484,2.2695336127531718e-05,1.5130224085021144e-05,0.0018360680507411634,0.0011747631367006923,6.49985918872581e-05,0.0001318057638449363,0.00010215229279943172,0.0005727002367900678
273,273,273,273,938.9906831407267,2.2671410287944394e-05,1.511427352529626e-05,0.0018368408003425739,0.001175353809646913,6.507190131780499e-05,0.00013193843090435341,0.00010227443475115117,0.0005728235575952246
274,274,274,274,938.9905736668156,2.2655239246160974e-05,1.5103492830773982e-05,0.0018373675725895933,0.0011757630709704125,6.513241402462955e-05,0.00013196979007200612,0.00010233593592468004,0.0005727556569870319
275,275,275,274,938.9905736668156,2.2655239246160974e-05,1.5103492830773982e-05,0.0018373675725895933,0.0011757630709704125,6.513241402462955e-05,0.00013196979007200612,0.00010233593592468004,0.0005727556569870319
276,276,276,276,938.989646995522,2.2619327157441527e-05,1.507955143829435e-05,0.0018376580406618216,0.0011760635073064295,6.519004373207321e-05,0.00013205933551625125,0.00010241829086296561,0.0005727516493448387
277,277,277,276,938.989646995522,2.2619327157441527e-05,1.507955143829435e-05,0.0018376580406618216,0.0011760635073064295,6.519004373207321e-05,0.00013205933551625125,0.00010241829086296561,0.0005727516493448387
278,278,278,276,938.989646995522,2.2619327157441527e-05,1.507955143829435e-05,0.0018376580406618216,0.0011760635073064295,6.519004373207321e-05,0.00013205933551625125,0.00010241829086296561,0.0005727516493448387
279,279,279,276,938.989646995522,2.2619327157441527e-05,1.507955143829435e-05,0.0018376580406618216,0.0011760635073064295,6.519004373207321e-05,0.00013205933551625125,0.00010241829086296561,0.0005727516493448387
280,280,280,280,938.9894921950622,2.2602121495768346e-05,1.5068080997178898e-05,0.0018372356082694188,0.0011757496440806881,6.514483449911179e-05,0.00013198530924597084,0.00010234486776430213,0.0005725467306754723
281,281,281,280,938.9894921950622,2.2602121495768346e-05,1.5068080997178898e-05,0.0018372356082694188,0.0011757496440806881,6.514483449911179e-05,0.00013198530924597084,0.00010234486776430213,0.0005725467306754723
282,282,282,282,938.9894011594954,2.258686386505393e-05,1.5057909243369288e-05,0.001837448707823343,0.001175921818627892,6.518683477792914e-05,0.00013206481168967035,0.00010241204340506044,0.0005726078442023313
283,283,283,282,938.9894011594954,2.258686386505393e-05,1.5057909243369288e-05,0.001837448707823343,0.001175921818627892,6.518683477792914e-05,0.00013206481168967035,0.00010241204340506044,0.0005726078442023313
284,284,284,284,938.9893764779042,2.2577348866043012e-05,1.5051565910695341e-05,0.0018371863453056653,0.0011757500507228445,6.515127307234886e-05,0.00013200141373408548,0.00010235382018537742,0.0005724582387557029
285,285,285,284,938.9893764779042,2.2577348866043012e-05,1.5051565910695341e-05,0.0018371863453056653,0.0011757500507228445,6.515127307234886e-05,0.00013200141373408548,0.00010235382018537742,0.0005724582387557029
286,286,286,284,938.9893764779042,2.2577348866043012e-05,1.5051565910695341e-05,0.0018371863453056653,0.0011757500507228445,6.515127307234886e-05,0.00013200141373408548,0.00010235382018537742,0.0005724582387557029
287,287,287,287,938.9892973469064,2.256920764104331e-05,1.5046138427362207e-05,0.0018373240164250755,0.0011758517109332857,6.517398505468536e-05,0.00013204193126557177,0.00010239002906864414,0.0005724807783840577
288,288,288,288,938.98924576884,2.25613846870365e-05,1.5040923124691e-05,0.0018375856052824466,0.0011760274009183977,6.51931567374267e-05,0.0001320635694207331,0.00010241709654607023,0.0005724733695339638
289,289,289,288,938.98924576884,2.25613846870365e-05,1.5040923124691e-05,0.0018375856052824466,0.0011760274009183977,6.51931567374267e-05,0.0001320635694207331,0.00010241709654607023,0.0005724733695339638
290,290,290,288,938.98924576884,2.25613846870365e-05,1.5040923124691e-05,0.0018375856052824466,0.0011760274009183977,6.51931567374267e-05,0.0001320635694207331,0.00010241709654607023,0.0005724733695339638
291,291,291,291,938.9892016178092,2.255869883729944e-05,1.5039132558199626e-05,0.0018374933651093296,0.0011759773865757587,6.518654533620855e-05,0.0001320475832855045,0.00010240278971678646,0.0005724352808850795
292,292,292,292,938.9891778887516,2.254850675814657e-05,1.503233783876438e-05,0.0018375949378830858,0.001176085801170264,6.520844696919492e-05,0.00013208722153420382,0.00010243806979218922,0.0005724580520497247
293,293,293,292,938.9891778887516,2.254850675814657e-05,1.503233783876438e-05,0.0018375949378830858,0.001176085801170264,6.520844696919492e-05,0.00013208722153420382,0.00010243806979218922,0.0005724580520497247
294,294,294,292,938.9891778887516,2.254850675814657e-05,1.503233783876438e-05,0.0018375949378830858,0.001176085801170264,6.520844696919492e-05,0.00013208722153420382,0.00010243806979218922,0.0005724580520497247
295,295,295,295,938.9891458518173,2.254054540135053e-05,1.5027030267567021e-05,0.0018374107707894872,0.001175941889479195,6.518608652517771e-05,0.00013205019905063628,0.00010240180194777404,0.0005723558102628721
296,296,296,295,938.9891458518173,2.254054540135053e-05,1.5027030267567021e-05,0.0018374107707894872,0.001175941889479195,6.518608652517771e-05,0.00013205019905063628,0.00010240180194777404,0.0005723558102628721
297,297,297,297,938.9891318489305,2.253773274199511e-05,1.5025155161330073e-05,0.001837561156928129,0.0011760655401650412,6.520968510181219e-05,0.00013208907207650048,0.00010243757481121635,0.0005724081943129941
298,298,298,297,938.9891318489305,2.253773274199511e-05,1.5025155161330073e-05,0.001837561156928129,0.0011760655401650412,6.520968510181219e-05,0.00013208907207650048,0.00010243757481121635,0.0005724081943129941
299,299,299,297,938.9891318489305,2.253773274199511e-05,1.5025155161330073e-05,0.001837561156928129,0.0011760655401650412,6.520968510181219e-05,0.00013208907207650048,0.00010243757481121635,0.0005724081943129941
300,300,300,300,938.9891186128383,2.2534819094005565e-05,1.5023212729337043e-05,0.0018374663533932492,0.0011759940385888882,6.51992552247252e-05,0.0001320716851107384,0.0001024206779737663,0.000572365280711105
301,301,301,301,938.9891160916274,2.2532735371200152e-05,1.5021823580800103e-05,0.001837545414522854,0.0011760699121776018,6.521050796964856e-05,0.00013208782737624762,0.00010243741564616021,0.0005723847272453709
302,302,302,301,938.9891160916274,2.2532735371200152e-05,1.5021823580800103e-05,0.001837545414522854,0.0011760699121776018,6.521050796964856e-05,0.00013208782737624762,0.00010243741564616021,0.0005723847272453709
303,303,303,301,938.9891160916274,2.2532735371200152e-05,1.5021823580800103e-05,0.001837545414522854,0.0011760699121776018,6.521050796964856e-05,0.00013208782737624762,0.00010243741564616021,0.0005723847272453709
304,304,304,304,938.9891081904634,2.2529888724781566e-05,1.5019925816521045e-05,0.0018374721111926362,0.0011760144428430818,6.519958053467084e-05,0.0001320694435221544,0.00010241974499205359,0.0005723391574256223
305,305,305,304,938.9891081904634,2.2529888724781566e-05,1.5019925816521045e-05,0.0018374721111926362,0.0011760144428430818,6.519958053467084e-05,0.0001320694435221544,0.00010241974499205359,0.0005723391574256223
306,306,306,304,938.9891081904634,2.2529888724781566e-05,1.5019925816521045e-05,0.0018374721111926362,0.0011760144428430818,6.519958053467084e-05,0.0001320694435221544,0.00010241974499205359,0.0005723391574256223
307,307,307,307,938.9891040724883,2.252988930798172e-05,1.5019926205321147e-05,0.0018375021425469599,0.0011760404105064354,6.520612332622938e-05,0.00013208027199500684,0.00010243007164042334,0.0005723576462480475
308,308,308,307,938.9891040724883,2.252988930798172e-05,1.5019926205321147e-05,0.0018375021425469599,0.0011760404105064354,6.520612332622938e-05,0.00013208027199500684,0.00010243007164042334,0.0005723576462480475
309,309,309,309,938.9891020927098,2.2528568275725913e-05,1.5019045517150609e-05,0.001837473804495675,0.0011760170311904588,6.520337447566554e-05,0.00013207587751827652,0.00010242529990039939,0.0005723418545598104
310,310,310,309,938.9891020927098,2.2528568275725913e-05,1.5019045517150609e-05,0.001837473804495675,0.0011760170311904588,6.520337447566554e-05,0.00013207587751827652,0.00010242529990039939,0.0005723418545598104
311,311,311,311,938.9891011517378,2.252831988536208e-05,1.501887992357472e-05,0.0018375215320251762,0.0011760529633011905,6.520862884993456e-05,0.00013208516783018412,0.00010243402078216612,0.0005723568284484771
312,312,312,311,938.9891011517378,2.252831988536208e-05,1.501887992357472e-05,0.0018375215320251762,0.0011760529633011905,6.520862884993456e-05,0.00013208516783018412,0.00010243402078216612,0.0005723568284484771
313,313,313,313,938.9890996711724,2.2527006810435513e-05,1.5018004540290342e-05,0.0018374683245735643,0.0011760121940032494,6.520298377662992e-05,0.0001320756083747064,0.00010242495571507332,0.0005723322759848074
314,314,314,313,938.9890996711724,2.2527006810435513e-05,1.5018004540290342e-05,0.0018374683245735643,0.0011760121940032494,6.520298377662992e-05,0.0001320756083747064,0.00010242495571507332,0.0005723322759848074
315,315,315,315,938.9890983283186,2.2527139373507143e-05,1.501809291567143e-05,0.0018375179764557506,0.0011760514593612806,6.520906830811274e-05,0.00013208586678215315,0.0001024346924108771,0.0005723506816062347
316,316,316,315,938.9890983283186,2.2527139373507143e-05,1.501809291567143e-05,0.0018375179764557506,0.0011760514593612806,6.520906830811274e-05,0.00013208586678215315,0.0001024346924108771,0.0005723506816062347
317,317,317,317,938.9890966434224,2.2525743933715647e-05,1.5017162622477097e-05,0.0018374710500143,0.0011760143276375425,6.52031733087699e-05,0.00013207603632894128,0.00010242531019129253,0.0005723238819070407
318,318,318,317,938.9890966434224,2.2525743933715647e-05,1.5017162622477097e-05,0.0018374710500143,0.0011760143276375425,6.52031733087699e-05,0.00013207603632894128,0.00010242531019129253,0.0005723238819070407
319,319,319,319,938.9890964428007,2.252592061302572e-05,1.5017280408683812e-05,0.0018375184902636686,0.0011760519442512913,6.520931709885075e-05,0.0001320863878518009,0.00010243516783093459,0.0005723440714203666
320,320,320,320,938.989094415651,2.2525210598645096e-05,1.5016807065763397e-05,0.0018374925837703227,0.0011760321757840126,6.520631604167715e-05,0.00013208136800919645,0.00010243038451250575,0.0005723296804797539
321,321,321,321,938.9890935754518,2.252451460321714e-05,1.5016343068811425e-05,0.0018374877343114708,0.0011760248301670348,6.52050654652847e-05,0.00013207894698485766,0.00010242811983897371,0.0005723196394640608
322,322,322,321,938.9890935754518,2.252451460321714e-05,1.5016343068811425e-05,0.0018374877343114708,0.0011760248301670348,6.52050654652847e-05,0.00013207894698485766,0.00010242811983897371,0.0005723196394640608
323,323,323,321,938.9890935754518,2.252451460321714e-05,1.5016343068811425e-05,0.0018374877343114708,0.0011760248301670348,6.52050654652847e-05,0.00013207894698485766,0.00010242811983897371,0.0005723196394640608
324,324,324,324,938.9890927759143,2.252452118134407e-05,1.5016347454229381e-05,0.0018375184670357727,0.0011760470131012034,6.520763433202903e-05,0.00013208351097962836,0.0001024323740770397,0.0005723279652033721
325,325,325,324,938.9890927759143,2.252452118134407e-05,1.5016347454229381e-05,0.0018375184670357727,0.0011760470131012034,6.520763433202903e-05,0.00013208351097962836,0.0001024323740770397,0.0005723279652033721
326,326,326,326,938.9890923795679,2.252387462395311e-05,1.501591641596874e-05,0.0018374902025577778,0.0011760258327742678,6.520476821339494e-05,0.00013207867374290017,0.00010242778179517242,0.0005723156708012319
327,327,327,326,938.9890923795679,2.252387462395311e-05,1.501591641596874e-05,0.0018374902025577778,0.0011760258327742678,6.520476821339494e-05,0.00013207867374290017,0.00010242778179517242,0.0005723156708012319
328,328,328,328,938.9890916891394,2.2523949144981348e-05,1.5015966096654232e-05,0.001837508053245767,0.001176041092636486,6.520782199464364e-05,0.00013208378759881252,0.00010243267456611083,0.0005723248634002375
329,329,329,328,938.9890916891394,2.2523949144981348e-05,1.5015966096654232e-05,0.001837508053245767,0.001176041092636486,6.520782199464364e-05,0.00013208378759881252,0.00010243267456611083,0.0005723248634002375
330,330,330,330,938.9890915226063,2.2523250899852965e-05,1.5015500599901976e-05,0.001837486235672985,0.0011760235864925542,6.520490217579861e-05,0.00013207890541562384,0.00010242800621573789,0.0005723122699870576
331,331,331,330,938.9890915226063,2.2523250899852965e-05,1.5015500599901976e-05,0.001837486235672985,0.0011760235864925542,6.520490217579861e-05,0.00013207890541562384,0.00010242800621573789,0.0005723122699870576
332,332,332,332,938.9890908438106,2.2523333289614644e-05,1.5015555526409765e-05,0.0018375183640169299,0.001176047174796763,6.520794704382299e-05,0.00013208405188373256,0.00010243288570873504,0.0005723215059310605
333,333,333,332,938.9890908438106,2.2523333289614644e-05,1.5015555526409765e-05,0.0018375183640169299,0.001176047174796763,6.520794704382299e-05,0.00013208405188373256,0.00010243288570873504,0.0005723215059310605
334,334,334,334,938.9890906758199,2.2522673015556993e-05,1.5015115343704663e-05,0.0018374831367785522,0.0011760219256791342,6.52051168284068e-05,0.00013207925423074296,0.00010242835252203403,0.0005723091531977739
335,335,335,334,938.9890906758199,2.2522673015556993e-05,1.5015115343704663e-05,0.0018374831367785522,0.0011760219256791342,6.52051168284068e-05,0.00013207925423074296,0.00010242835252203403,0.0005723091531977739
336,336,336,336,938.9890900014697,2.25227363498115e-05,1.5015157566541e-05,0.001837512352524908,0.0011760439449622878,6.520809944422779e-05,0.00013208428961245785,0.00010243313829335493,0.0005723182079159289
337,337,337,336,938.9890900014697,2.25227363498115e-05,1.5015157566541e-05,0.001837512352524908,0.0011760439449622878,6.520809944422779e-05,0.00013208428961245785,0.00010243313829335493,0.0005723182079159289
338,338,338,338,938.9890898292579,2.252205271446872e-05,1.5014701809645814e-05,0.0018374919187001658,0.0011760271903749181,6.520516033883123e-05,0.00013207938259875306,0.00010242844420690206,0.000572305633674111
339,339,339,338,938.9890898292579,2.252205271446872e-05,1.5014701809645814e-05,0.0018374919187001658,0.0011760271903749181,6.520516033883123e-05,0.00013207938259875306,0.00010242844420690206,0.000572305633674111
340,340,340,340,938.989089165251,2.252213126108238e-05,1.501475417405492e-05,0.001837508791090135,0.0011760421351176193,6.52082485082181e-05,0.00013208455836028434,0.00010243338337058427,0.0005723148747253679
341,341,341,340,938.989089165251,2.252213126108238e-05,1.501475417405492e-05,0.001837508791090135,0.0011760421351176193,6.52082485082181e-05,0.00013208455836028434,0.00010243338337058427,0.0005723148747253679
342,342,342,342,938.9890889895069,2.2521425827370933e-05,1.5014283884913956e-05,0.001837488545875154,0.0011760252917920994,6.520529835909311e-05,0.00013207963355689424,0.0001024286768947294,0.0005723021987910513
343,343,343,342,938.9890889895069,2.2521425827370933e-05,1.5014283884913956e-05,0.001837488545875154,0.0011760252917920994,6.520529835909311e-05,0.00013207963355689424,0.0001024286768947294,0.0005723021987910513
344,344,344,344,938.9890883303927,2.252151910850375e-05,1.5014346072335835e-05,0.0018375124506446894,0.001176044455603542,6.520835808995762e-05,0.0001320847707495999,0.000102433577179116,0.0005723114786274019
345,345,345,344,938.9890883303927,2.252151910850375e-05,1.5014346072335835e-05,0.0018375124506446894,0.001176044455603542,6.520835808995762e-05,0.0001320847707495999,0.000102433577179116,0.0005723114786274019
346,346,346,346,938.9890881533038,2.2520834401074108e-05,1.5013889600716071e-05,0.0018374883933169148,0.0011760257895394167,6.52054774606392e-05,0.00013207994663581298,0.00010242897003863438,0.0005722989451051796
347,347,347,346,938.9890881533038,2.2520834401074108e-05,1.5013889600716071e-05,0.0018374883933169148,0.0011760257895394167,6.52054774606392e-05,0.00013207994663581298,0.00010242897003863438,0.0005722989451051796
348,348,348,348,938.98908750781,2.2520985920648773e-05,1.5013990613765849e-05,0.0018375117080399505,0.001176044414686079,6.520849439756865e-05,0.00013208502727155607,0.00010243380214439157,0.0005723085048208903
349,349,349,348,938.98908750781,2.2520985920648773e-05,1.5013990613765849e-05,0.0018375117080399505,0.001176044414686079,6.520849439756865e-05,0.00013208502727155607,0.00010243380214439157,0.0005723085048208903
350,350,350,350,938.989087328009,2.252030584304343e-05,1.5013537228695622e-05,0.0018375003608435952,0.001176032843569289,6.520551741203556e-05,0.00013208005678218244,0.00010242906770063787,0.0005722959853196807
351,351,351,350,938.989087328009,2.252030584304343e-05,1.5013537228695622e-05,0.0018375003608435952,0.001176032843569289,6.520551741203556e-05,0.00013208005678218244,0.00010242906770063787,0.0005722959853196807
352,352,352,352,938.9890866863079,2.252035150773768e-05,1.5013567671825118e-05,0.0018375147858551832,0.0011760462594959534,6.520860224752678e-05,0.00013208519453014893,0.00010243400395718721,0.0005723046631141791
353,353,353,352,938.9890866863079,2.252035150773768e-05,1.5013567671825118e-05,0.0018375147858551832,0.0011760462594959534,6.520860224752678e-05,0.00013208519453014893,0.00010243400395718721,0.0005723046631141791
354,354,354,354,938.9890865034695,2.2519844800589217e-05,1.501322986705948e-05,0.0018374968723709566,0.0011760312837606713,6.520567520558462e-05,0.00013208032934556134,0.00010242930861663335,0.0005722935078642876
355,355,355,354,938.9890865034695,2.2519844800589217e-05,1.501322986705948e-05,0.0018374968723709566,0.0011760312837606713,6.520567520558462e-05,0.00013208032934556134,0.00010242930861663335,0.0005722935078642876
356,356,356,356,938.9890858739976,2.252016914716659e-05,1.501344609811106e-05,0.0018375168050789174,0.001176047419980581,6.520867699877364e-05,0.0001320853361851337,0.00010243410563231387,0.0005723041842696588
357,357,357,356,938.9890858739976,2.252016914716659e-05,1.501344609811106e-05,0.0018375168050789174,0.001176047419980581,6.520867699877364e-05,0.0001320853361851337,0.00010243410563231387,0.0005723041842696588
358,358,358,358,938.989085684417,2.251970041736162e-05,1.5013133611574412e-05,0.0018374928227090262,0.0011760287200290012,6.520576017293028e-05,0.0001320804739741334,0.00010242944582265073,0.0005722929929933633
359,359,359,358,938.989085684417,2.251970041736162e-05,1.5013133611574412e-05,0.0018374928227090262,0.0011760287200290012,6.520576017293028e-05,0.0001320804739741334,0.00010242944582265073,0.0005722929929933633
360,360,360,360,938.9890850611795,2.252007641440068e-05,1.5013384276267118e-05,0.0018375151160798873,0.0011760467677134749,6.520864046204167e-05,0.00013208533359947792,0.00010243405970015995,0.0005723038658707264
361,361,361,360,938.9890850611795,2.252007641440068e-05,1.5013384276267118e-05,0.0018375151160798873,0.0011760467677134749,6.520864046204167e-05,0.00013208533359947792,0.00010243405970015995,0.0005723038658707264
362,362,362,362,938.9890848689149,2.2519622719846533e-05,1.501308181323102e-05,0.0018374913927753083,0.001176027447019091,6.520577767586688e-05,0.00013208052090552872,0.00010242946785662954,0.000572292728879796
363,363,363,362,938.9890848689149,2.2519622719846533e-05,1.501308181323102e-05,0.0018374913927753083,0.001176027447019091,6.520577767586688e-05,0.00013208052090552872,0.00010242946785662954,0.000572292728879796
364,364,364,364,938.9890842492171,2.252002552072252e-05,1.5013350347148346e-05,0.0018375116477772045,0.0011760442246525383,6.520863101847074e-05,0.00013208531153518436,0.00010243404461845323,0.0005723036514855129
365,365,365,364,938.9890842492171,2.252002552072252e-05,1.5013350347148346e-05,0.0018375116477772045,0.0011760442246525383,6.520863101847074e-05,0.00013208531153518436,0.00010243404461845323,0.0005723036514855129
366,366,366,366,938.9890840460415,2.2519580729796207e-05,1.5013053819864137e-05,0.0018374908105575013,0.0011760267492597037,6.52057912165771e-05,0.0001320805533171389,0.00010242948808725921,0.0005722927800629995
367,367,367,366,938.9890840460415,2.2519580729796207e-05,1.5013053819864137e-05,0.0018374908105575013,0.0011760267492597037,6.52057912165771e-05,0.0001320805533171389,0.00010242948808725921,0.0005722927800629995
368,368,368,368,938.9890834348797,2.251993098562055e-05,1.5013287323747033e-05,0.001837512393524329,0.001176044825854101,6.520861878740042e-05,0.00013208532716033842,0.00010243403176471433,0.0005723033179503068
369,369,369,368,938.9890834348797,2.251993098562055e-05,1.5013287323747033e-05,0.001837512393524329,0.001176044825854101,6.520861878740042e-05,0.00013208532716033842,0.00010243403176471433,0.0005723033179503068
370,370,370,370,938.9890832270102,2.2519550196692384e-05,1.501303346446159e-05,0.001837492160076229,0.0011760282038304785,6.52057557024438e-05,0.00013208049653403066,0.00010242945473583343,0.000572292559632968
371,371,371,370,938.9890832270102,2.2519550196692384e-05,1.501303346446159e-05,0.001837492160076229,0.0011760282038304785,6.52057557024438e-05,0.00013208049653403066,0.00010242945473583343,0.000572292559632968
372,372,372,372,938.9890826198473,2.2519928123659883e-05,1.5013285415773257e-05,0.0018375139131277113,0.0011760454246321833,6.520862325871957e-05,0.0001320853150416515,0.00010243405006584577,0.0005723032359772657
373,373,373,372,938.9890826198473,2.2519928123659883e-05,1.5013285415773257e-05,0.0018375139131277113,0.0011760454246321833,6.520862325871957e-05,0.0001320853150416515,0.00010243405006584577,0.0005723032359772657
374,374,374,374,938.9890824006764,2.251954269069656e-05,1.5013028460464373e-05,0.00183749281959311,0.0011760290428681805,6.52058492706803e-05,0.00013208062770596107,0.00010242957685781262,0.0005722926533436661
375,375,375,374,938.9890824006764,2.251954269069656e-05,1.5013028460464373e-05,0.00183749281959311,0.0011760290428681805,6.52058492706803e-05,0.00013208062770596107,0.00010242957685781262,0.0005722926533436661
376,376,376,376,938.9890818051879,2.251990109120028e-05,1.501326739413352e-05,0.0018375197412564236,0.0011760488047524702,6.520858960130937e-05,0.00013208531400683233,0.00010243401650510825,0.0005723031358251039
377,377,377,376,938.9890818051879,2.251990109120028e-05,1.501326739413352e-05,0.0018375197412564236,0.0011760488047524702,6.520858960130937e-05,0.00013208531400683233,0.00010243401650510825,0.0005723031358251039
378,378,378,378,938.9890815847342,2.251951766271687e-05,1.501301177514458e-05,0.001837495001131284,0.0011760305740046442,6.520581702195577e-05,0.0001320806100480425,0.00010242954042530977,0.0005722923918428369
379,379,379,378,938.9890815847342,2.251951766271687e-05,1.501301177514458e-05,0.001837495001131284,0.0011760305740046442,6.520581702195577e-05,0.0001320806100480425,0.00010242954042530977,0.0005722923918428369
380,380,380,380,938.9890809946903,2.2519887766803137e-05,1.5013258511202091e-05,0.0018375206140944598,0.0011760496024341175,6.520862556835122e-05,0.0001320853718403105,0.00010243407395573584,0.0005723032038301582
381,381,381,380,938.9890809946903,2.2519887766803137e-05,1.5013258511202091e-05,0.0018375206140944598,0.0011760496024341175,6.520862556835122e-05,0.0001320853718403105,0.00010243407395573584,0.0005723032038301582
382,382,382,382,938.9890807670807,2.2519519647379305e-05,1.501301309825287e-05,0.001837492969838942,0.0011760288370641987,6.520578849731479e-05,0.00013208057851879257,0.00010242952693868129,0.0005722924490977923
383,383,383,382,938.9890807670807,2.2519519647379305e-05,1.501301309825287e-05,0.001837492969838942,0.0011760288370641987,6.520578849731479e-05,0.00013208057851879257,0.00010242952693868129,0.0005722924490977923
384,384,384,384,938.9890801820708,2.2519867344278355e-05,1.501324489618557e-05,0.0018375227455572844,0.001176050803649839,6.520858786713407e-05,0.0001320853367960187,0.00010243402326370193,0.0005723030864963434
385,385,385,384,938.9890801820708,2.2519867344278355e-05,1.501324489618557e-05,0.0018375227455572844,0.001176050803649839,6.520858786713407e-05,0.0001320853367960187,0.00010243402326370193,0.0005723030864963434
386,386,386,386,938.9890799506231,2.251951419457443e-05,1.501300946304962e-05,0.001837489216792226,0.0011760266511007809,6.520572280294817e-05,0.00013208048230609816,0.00010242943919218372,0.0005722924200760882
387,387,387,386,938.9890799506231,2.251951419457443e-05,1.501300946304962e-05,0.001837489216792226,0.0011760266511007809,6.520572280294817e-05,0.00013208048230609816,0.00010242943919218372,0.0005722924200760882
388,388,388,388,938.9890793692473,2.2519870385512286e-05,1.5013246923674858e-05,0.0018375163057348408,0.0011760470520599075,6.52085998380375e-05,0.00013208535121660885,0.00010243404900440317,0.000572303053024222
389,389,389,388,938.9890793692473,2.2519870385512286e-05,1.5013246923674858e-05,0.0018375163057348408,0.0011760470520599075,6.52085998380375e-05,0.00013208535121660885,0.00010243404900440317,0.000572303053024222
390,390,390,390,938.9890791303989,2.251947133494192e-05,1.501298088996128e-05,0.0018374934102047935,0.0011760294596333148,6.520576769893094e-05,0.00013208058260060656,0.00010242952301115632,0.0005722922647833388
391,391,391,390,938.9890791303989,2.251947133494192e-05,1.501298088996128e-05,0.0018374934102047935,0.0011760294596333148,6.520576769893094e-05,0.00013208058260060656,0.00010242952301115632,0.0005722922647833388
392,392,392,392,938.9890785564485,2.2519839618734272e-05,1.5013226412489514e-05,0.00183751553568196,0.0011760470807054921,6.520859031384357e-05,0.00013208535738145496,0.00010243404697719144,0.0005723029680711879
393,393,393,392,938.9890785564485,2.2519839618734272e-05,1.5013226412489514e-05,0.00183751553568196,0.0011760470807054921,6.520859031384357e-05,0.00013208535738145496,0.00010243404697719144,0.0005723029680711879
394,394,394,394,938.9890783161184,2.2519481013338893e-05,1.501298734222593e-05,0.0018374927785518476,0.0011760292298981724,6.520564691138431e-05,0.00013208041686887758,0.00010242935751780813,0.0005722923398937804
395,395,395,394,938.9890783161184,2.2519481013338893e-05,1.501298734222593e-05,0.0018374927785518476,0.0011760292298981724,6.520564691138431e-05,0.00013208041686887758,0.00010242935751780813,0.0005722923398937804
396,396,396,396,938.989077747433,2.251982715448242e-05,1.5013218102988278e-05,0.001837520984507144,0.0011760501222109455,6.520856823962612e-05,0.00013208536853949197,0.00010243402631415766,0.000572302942649446
397,397,397,396,938.989077747433,2.251982715448242e-05,1.5013218102988278e-05,0.001837520984507144,0.0011760501222109455,6.520856823962612e-05,0.00013208536853949197,0.00010243402631415766,0.000572302942649446
398,398,398,398,938.9890774980342,2.2519483085015057e-05,1.5012988723343371e-05,0.0018374938171898936,0.001176029998347154,6.520573455402745e-05,0.0001320805361795048,0.00010242947570951455,0.0005722924170040239
399,399,399,398,938.9890774980342,2.2519483085015057e-05,1.5012988723343371e-05,0.0018374938171898936,0.001176029998347154,6.520573455402745e-05,0.0001320805361795048,0.00010242947570951455,0.0005722924170040239
400,400,400,400,938.9890769384118,2.2519843029561448e-05,1.50132286863743e-05,0.0018375210431902215,0.0011760503810357295,6.520857843305555e-05,0.00013208538888747712,0.000102434050694801,0.0005723030358565117
401,401,401,400,938.9890769384118,2.2519843029561448e-05,1.50132286863743e-05,0.0018375210431902215,0.0011760503810357295,6.520857843305555e-05,0.00013208538888747712,0.000102434050694801,0.0005723030358565117
402,402,402,402,938.9890766822228,2.251948137163562e-05,1.5012987581090412e-05,0.0018374937368628847,0.0011760299739419255,6.52057272369222e-05,0.00013208054695244945,0.00010242948544916114,0.0005722922763601791
403,403,403,402,938.9890766822228,2.251948137163562e-05,1.5012987581090412e-05,0.0018374937368628847,0.0011760299739419255,6.52057272369222e-05,0.00013208054695244945,0.00010242948544916114,0.0005722922763601791
404,404,404,404,938.9890761281379,2.251985567103265e-05,1.5013237114021766e-05,0.0018375139202491519,0.001176046436618885,6.520859841480098e-05,0.00013208542618456623,0.00010243408354421168,0.0005723030784338607
405,405,405,404,938.9890761281379,2.251985567103265e-05,1.5013237114021766e-05,0.0018375139202491519,0.001176046436618885,6.520859841480098e-05,0.00013208542618456623,0.00010243408354421168,0.0005723030784338607
406,406,406,406,938.989075866084,2.2519484363048292e-05,1.5012989575365527e-05,0.0018374931889191006,0.0011760293325770881,6.520571134042974e-05,0.00013208051416832906,0.00010242947547249581,0.000572292398947214
407,407,407,406,938.989075866084,2.2519484363048292e-05,1.5012989575365527e-05,0.0018374931889191006,0.0011760293325770881,6.520571134042974e-05,0.00013208051416832906,0.00010242947547249581,0.000572292398947214
408,408,408,408,938.9890753176937,2.2519841447132816e-05,1.5013227631421879e-05,0.0018375156216379265,0.0011760470870319714,6.520858004068625e-05,0.00013208540573061048,0.00010243407179696268,0.0005723030889001129
409,409,409,408,938.9890753176937,2.2519841447132816e-05,1.5013227631421879e-05,0.0018375156216379265,0.0011760470870319714,6.520858004068625e-05,0.00013208540573061048,0.00010243407179696268,0.0005723030889001129
410,410,410,410,938.9890750503782,2.2519490885386517e-05,1.5012993923591013e-05,0.0018374938174385532,0.0011760301661209612,6.520571981575435e-05,0.00013208056894245329,0.00010242950024925979,0.0005722924888421693
411,411,411,410,938.9890750503782,2.2519490885386517e-05,1.5012993923591013e-05,0.0018374938174385532,0.0011760301661209612,6.520571981575435e-05,0.00013208056894245329,0.00010242950024925979,0.0005722924888421693
412,412,412,412,938.9890745096897,2.2519860051112284e-05,1.5013240034074856e-05,0.001837516271326742,0.00117604794682501,6.520854750338007e-05,0.00013208538201661137,0.00010243404338910328,0.0005723030783781849
413,413,413,412,938.9890745096897,2.2519860051112284e-05,1.5013240034074856e-05,0.001837516271326742,0.00117604794682501,6.520854750338007e-05,0.00013208538201661137,0.00010243404338910328,0.0005723030783781849
414,414,414,414,938.9890742362012,2.2519506592350025e-05,1.5013004394900017e-05,0.0018374898512412401,0.0011760275569912566,6.520568485209738e-05,0.00013208051082892907,0.00010242944268853277,0.0005722923414945426
415,415,415,414,938.9890742362012,2.2519506592350025e-05,1.5013004394900017e-05,0.0018374898512412401,0.0011760275569912566,6.520568485209738e-05,0.00013208051082892907,0.00010242944268853277,0.0005722923414945426
416,416,416,416,938.9890737009775,2.251986513435167e-05,1.5013243422901112e-05,0.0018375163800609447,0.0011760478076184736,6.520856071643572e-05,0.00013208538924904182,0.00010243405095627933,0.000572303135147315
417,417,417,416,938.9890737009775,2.251986513435167e-05,1.5013243422901112e-05,0.0018375163800609447,0.0011760478076184736,6.520856071643572e-05,0.00013208538924904182,0.00010243405095627933,0.000572303135147315
418,418,418,418,938.9890734213934,2.25194941217699e-05,1.5012996081179933e-05,0.0018374933965697327,0.0011760294787956707,6.520569237079138e-05,0.00013208054478676436,0.00010242947248763346,0.0005722922706723263
419,419,419,418,938.9890734213934,2.25194941217699e-05,1.5012996081179933e-05,0.0018374933965697327,0.0011760294787956707,6.520569237079138e-05,0.00013208054478676436,0.00010242947248763346,0.0005722922706723263
420,420,420,420,938.9890728919243,2.2519856781089143e-05,1.5013237854059428e-05,0.0018375201830238715,0.0011760498443297393,6.520855886683191e-05,0.00013208539814412205,0.00010243406359242146,0.000572303031751566
421,421,421,420,938.9890728919243,2.2519856781089143e-05,1.5013237854059428e-05,0.0018375201830238715,0.0011760498443297393,6.520855886683191e-05,0.00013208539814412205,0.00010243406359242146,0.000572303031751566
422,422,422,422,938.9890726098672,2.2519508786372766e-05,1.5013005857581843e-05,0.0018374942627186342,0.0011760303713683187,6.520567243072095e-05,0.00013208054015267833,0.00010242944806119342,0.0005722923682343656
423,423,423,422,938.9890726098672,2.2519508786372766e-05,1.5013005857581843e-05,0.0018374942627186342,0.0011760303713683187,6.520567243072095e-05,0.00013208054015267833,0.00010242944806119342,0.0005722923682343656
424,424,424,424,938.9890720883716,2.251986258680616e-05,1.501324172453744e-05,0.0018375224199651367,0.001176051291554,6.520854502885948e-05,0.0001320854024893054,0.00010243405820385687,0.0005723029559143355
425,425,425,424,938.9890720883716,2.251986258680616e-05,1.501324172453744e-05,0.0018375224199651367,0.001176051291554,6.520854502885948e-05,0.0001320854024893054,0.00010243405820385687,0.0005723029559143355
426,426,426,426,938.9890717924411,2.2519506904572495e-05,1.501300460304833e-05,0.0018374976181501097,0.0011760324129395728,6.520573294327425e-05,0.00013208061004258044,0.0001024295256853297,0.000572292534122542
427,427,427,426,938.9890717924411,2.2519506904572495e-05,1.501300460304833e-05,0.0018374976181501097,0.0011760324129395728,6.520573294327425e-05,0.00013208061004258044,0.0001024295256853297,0.000572292534122542
428,428,428,428,938.9890712842412,2.251985553064495e-05,1.5013237020429965e-05,0.0018375158060309463,0.0011760474763314837,6.520855393073871e-05,0.00013208542245108854,0.0001024340849233793,0.0005723029161041309
429,429,429,428,938.9890712842412,2.251985553064495e-05,1.5013237020429965e-05,0.0018375158060309463,0.0011760474763314837,6.520855393073871e-05,0.00013208542245108854,0.0001024340849233793,0.0005723029161041309
430,430,430,430,938.9890709897549,2.2519504987494887e-05,1.5013003324996591e-05,0.0018374944965525528,0.0011760306373546747,6.520566730228161e-05,0.000132080561425095,0.00010242945788227487,0.0005722923201176983
431,431,431,430,938.9890709897549,2.2519504987494887e-05,1.5013003324996591e-05,0.0018374944965525528,0.0011760306373546747,6.520566730228161e-05,0.000132080561425095,0.00010242945788227487,0.0005722923201176983
432,432,432,432,938.9890704788723,2.2519859992214952e-05,1.5013239994809968e-05,0.0018375168643274646,0.0011760483489619286,6.520854822680139e-05,0.0001320854274585604,0.00010243408552970679,0.0005723031057633427
433,433,433,432,938.9890704788723,2.2519859992214952e-05,1.5013239994809968e-05,0.0018375168643274646,0.0011760483489619286,6.520854822680139e-05,0.0001320854274585604,0.00010243408552970679,0.0005723031057633427
434,434,434,434,938.9890701772448,2.251950268367109e-05,1.501300178911406e-05,0.0018374939004492533,0.0011760301704804698,6.520565266759232e-05,0.00013208054207775857,0.00010242945389001001,0.0005722923511867265
435,435,435,434,938.9890701772448,2.251950268367109e-05,1.501300178911406e-05,0.0018374939004492533,0.0011760301704804698,6.520565266759232e-05,0.00013208054207775857,0.00010242945389001001,0.0005722923511867265
436,436,436,436,938.9890696715574,2.2519855432667768e-05,1.5013236955111845e-05,0.0018375213039260447,0.001176050716127546,6.52085398987548e-05,0.00013208541622392332,0.00010243407796063642,0.0005723030270203156
437,437,437,436,938.9890696715574,2.2519855432667768e-05,1.5013236955111845e-05,0.0018375213039260447,0.001176050716127546,6.52085398987548e-05,0.00013208541622392332,0.00010243407796063642,0.0005723030270203156
438,438,438,438,938.9890693566829,2.2519523176389722e-05,1.5013015450926481e-05,0.001837494773276999,0.0011760304140047857,6.520573902214083e-05,0.000132080679177756,0.00010242956831847672,0.0005722925795962306
439,439,439,438,938.9890693566829,2.2519523176389722e-05,1.5013015450926481e-05,0.001837494773276999,0.0011760304140047857,6.520573902214083e-05,0.000132080679177756,0.00010242956831847672,0.0005722925795962306
440,440,440,440,938.9890688654779,2.251987224591301e-05,1.5013248163942004e-05,0.0018375217235238525,0.0011760510880777994,6.520851712026737e-05,0.00013208540050593052,0.00010243405903269387,0.0005723030339210248
441,441,441,440,938.9890688654779,2.251987224591301e-05,1.5013248163942004e-05,0.0018375217235238525,0.0011760510880777994,6.520851712026737e-05,0.00013208540050593052,0.00010243405903269387,0.0005723030339210248
442,442,442,442,938.9890685507996,2.251951674361874e-05,1.5013011162412493e-05,0.0018374938929651653,0.0011760301736372467,6.520563074056962e-05,0.00013208053321671744,0.0001024294431890907,0.0005722923961175397
443,443,443,442,938.9890685507996,2.251951674361874e-05,1.5013011162412493e-05,0.0018374938929651653,0.0011760301736372467,6.520563074056962e-05,0.00013208053321671744,0.0001024294431890907,0.0005722923961175397
444,444,444,444,938.9890680622996,2.2519873682791403e-05,1.5013249121860936e-05,0.0018375187430217995,0.0011760494247647815,6.520854039800128e-05,0.00013208544472489102,0.00010243409487260824,0.0005723031226306836
445,445,445,444,938.9890680622996,2.2519873682791403e-05,1.5013249121860936e-05,0.0018375187430217995,0.0011760494247647815,6.520854039800128e-05,0.00013208544472489102,0.00010243409487260824,0.0005723031226306836
446,446,446,446,938.9890677394906,2.2519509555035677e-05,1.5013006370023785e-05,0.001837494295738401,0.001176030421543069,6.520562293429316e-05,0.00013208053108757387,0.00010242943305977664,0.0005722923654026286
447,447,447,446,938.9890677394906,2.2519509555035677e-05,1.5013006370023785e-05,0.001837494295738401,0.001176030421543069,6.520562293429316e-05,0.00013208053108757387,0.00010242943305977664,0.0005722923654026286
448,448,448,448,938.9890672544363,2.2519889187333497e-05,1.5013259458222333e-05,0.0018375170968638523,0.001176048752800139,6.52085326049226e-05,0.0001320854445479306,0.00010243409702265921,0.0005723031189245842
449,449,449,448,938.9890672544363,2.2519889187333497e-05,1.5013259458222333e-05,0.0018375170968638523,0.001176048752800139,6.52085326049226e-05,0.0001320854445479306,0.00010243409702265921,0.0005723031189245842
450,450,450,450,938.9890669232528,2.251949680054377e-05,1.501299786702918e-05,0.0018374975199582407,0.0011760333910430436,6.520563569496068e-05,0.00013208055415653064,0.00010242942725167264,0.000572292383172493
451,451,451,450,938.9890669232528,2.251949680054377e-05,1.501299786702918e-05,0.0018374975199582407,0.0011760333910430436,6.520563569496068e-05,0.00013208055415653064,0.00010242942725167264,0.000572292383172493
452,452,452,452,938.9890664508649,2.251985647408472e-05,1.5013237649389813e-05,0.001837517912507907,0.0011760493648224422,6.520852034062885e-05,0.00013208543923840817,0.00010243407938154148,0.0005723029926888682
453,453,453,452,938.9890664508649,2.251985647408472e-05,1.5013237649389813e-05,0.001837517912507907,0.0011760493648224422,6.520852034062885e-05,0.00013208543923840817,0.00010243407938154148,0.0005723029926888682
454,454,454,454,938.9890661187054,2.251949339079906e-05,1.5012995593866041e-05,0.0018374938764052443,0.0011760303065440926,6.520559748725285e-05,0.00013208051467628902,0.0001024294195580977,0.0005722923444559266
455,455,455,454,938.9890661187054,2.251949339079906e-05,1.5012995593866041e-05,0.0018374938764052443,0.0011760303065440926,6.520559748725285e-05,0.00013208051467628902,0.0001024294195580977,0.0005722923444559266
456,456,456,456,938.9890656449959,2.251980581860491e-05,1.501320387906994e-05,0.00183751851588172,0.0011760494386070103,6.520858357007137e-05,0.00013208554624466817,0.00010243418592123521,0.0005723030327038428
457,457,457,456,938.9890656449959,2.251980581860491e-05,1.501320387906994e-05,0.00183751851588172,0.0011760494386070103,6.520858357007137e-05,0.00013208554624466817,0.00010243418592123521,0.0005723030327038428
458,458,458,458,938.9890653058238,2.2519448312580126e-05,1.5012965541720085e-05,0.001837494372101188,0.001176030729377968,6.520563699431714e-05,0.00013208058499601042,0.00010242947985492773,0.0005722923176454408
459,459,459,458,938.9890653058238,2.2519448312580126e-05,1.5012965541720085e-05,0.001837494372101188,0.001176030729377968,6.520563699431714e-05,0.00013208058499601042,0.00010242947985492773,0.0005722923176454408
460,460,460,460,938.9890648433475,2.2519816935101522e-05,1.501321129006768e-05,0.0018375176856073136,0.0011760491769662314,6.520855116686625e-05,0.00013208550831196277,0.00010243414734511375,0.0005723028194863555
461,461,461,460,938.9890648433475,2.2519816935101522e-05,1.501321129006768e-05,0.0018375176856073136,0.0011760491769662314,6.520855116686625e-05,0.00013208550831196277,0.00010243414734511375,0.0005723028194863555
462,462,462,462,938.989064497142,2.2519484109972954e-05,1.5012989406648636e-05,0.0018374906141831935,0.0011760289008116741,6.520557203234384e-05,0.0001320805204431877,0.00010242940526665467,0.0005722923715999248
463,463,463,462,938.989064497142,2.2519484109972954e-05,1.5012989406648636e-05,0.0018374906141831935,0.0011760289008116741,6.520557203234384e-05,0.0001320805204431877,0.00010242940526665467,0.0005722923715999248
464,464,464,464,938.9890640394526,2.2519826919004116e-05,1.5013217946002744e-05,0.0018375175497641258,0.0011760490102157134,6.520852355865886e-05,0.00013208548418005143,0.00010243411139905512,0.0005723030110661011
465,465,465,464,938.9890640394526,2.2519826919004116e-05,1.5013217946002744e-05,0.0018375175497641258,0.0011760490102157134,6.520852355865886e-05,0.00013208548418005143,0.00010243411139905512,0.0005723030110661011
466,466,466,466,938.9890636895128,2.2519483361738146e-05,1.501298890782543e-05,0.0018374940100306881,0.0011760305896179996,6.520553133450291e-05,0.00013208045654036763,0.00010242934984931729,0.0005722923738988432
467,467,467,466,938.9890636895128,2.2519483361738146e-05,1.501298890782543e-05,0.0018374940100306881,0.0011760305896179996,6.520553133450291e-05,0.00013208045654036763,0.00010242934984931729,0.0005722923738988432
468,468,468,468,938.9890632344744,2.2519832360096137e-05,1.5013221573397425e-05,0.0018375184423180156,0.001176049850736871,6.520851477131301e-05,0.00013208547551245823,0.0001024341150388311,0.0005723029872328617
469,469,469,468,938.9890632344744,2.2519832360096137e-05,1.5013221573397425e-05,0.0018375184423180156,0.001176049850736871,6.520851477131301e-05,0.00013208547551245823,0.0001024341150388311,0.0005723029872328617
470,470,470,470,938.9890628787423,2.2519478782290214e-05,1.5012985854860142e-05,0.00183749412630588,0.0011760305701061635,6.520556384657927e-05,0.00013208050792983634,0.00010242939588988448,0.0005722923087271191
471,471,471,470,938.9890628787423,2.2519478782290214e-05,1.5012985854860142e-05,0.00183749412630588,0.0011760305701061635,6.520556384657927e-05,0.00013208050792983634,0.00010242939588988448,0.0005722923087271191
472,472,472,472,938.9890624311811,2.2519829183054174e-05,1.501321945536945e-05,0.0018375172235821859,0.0011760489644908364,6.520851459141525e-05,0.00013208547555014757,0.00010243410842628725,0.0005723030218737026
473,473,473,472,938.9890624311811,2.2519829183054174e-05,1.501321945536945e-05,0.0018375172235821859,0.0011760489644908364,6.520851459141525e-05,0.00013208547555014757,0.00010243410842628725,0.0005723030218737026
474,474,474,474,938.9890620657654,2.2519490791100827e-05,1.5012993860733884e-05,0.0018374953142104484,0.0011760315711352774,6.520562284388631e-05,0.00013208060090936632,0.00010242948018680809,0.0005722925358883572
475,475,475,474,938.9890620657654,2.2519490791100827e-05,1.5012993860733884e-05,0.0018374953142104484,0.0011760315711352774,6.520562284388631e-05,0.00013208060090936632,0.00010242948018680809,0.0005722925358883572
476,476,476,476,938.9890616266099,2.2519832494238834e-05,1.501322166282589e-05,0.0018375224410766423,0.0011760519484561634,6.520847211137493e-05,0.00013208545420174153,0.00010243407065102517,0.0005723030162842923
477,477,477,476,938.9890616266099,2.2519832494238834e-05,1.501322166282589e-05,0.0018375224410766423,0.0011760519484561634,6.520847211137493e-05,0.00013208545420174153,0.00010243407065102517,0.0005723030162842923
478,478,478,478,938.9890612633885,2.2519486048561133e-05,1.5012990699040756e-05,0.0018374943356899492,0.0011760310516853178,6.52055133271573e-05,0.0001320804640842513,0.00010242933692682088,0.0005722923946347917
479,479,479,478,938.9890612633885,2.2519486048561133e-05,1.5012990699040756e-05,0.0018374943356899492,0.0011760310516853178,6.52055133271573e-05,0.0001320804640842513,0.00010242933692682088,0.0005722923946347917
480,480,480,480,938.9890608266587,2.2519819392774476e-05,1.5013212928516317e-05,0.001837517070055057,0.0011760485338548313,6.520851865901567e-05,0.00013208550884370835,0.0001024341355895797,0.0005723030542458257
481,481,481,480,938.9890608266587,2.2519819392774476e-05,1.5013212928516317e-05,0.001837517070055057,0.0011760485338548313,6.520851865901567e-05,0.00013208550884370835,0.0001024341355895797,0.0005723030542458257
482,482,482,482,938.9890604541454,2.251943624770325e-05,1.5012957498468834e-05,0.001837494760836245,0.0011760314173659353,6.520555553518603e-05,0.00013208054411494502,0.00010242941647564674,0.0005722921241898126
483,483,483,482,938.9890604541454,2.251943624770325e-05,1.5012957498468834e-05,0.001837494760836245,0.0011760314173659353,6.520555553518603e-05,0.00013208054411494502,0.00010242941647564674,0.0005722921241898126
484,484,484,484,938.9890600230392,2.251977483738732e-05,1.5013183224924878e-05,0.0018375171364548026,0.0011760488528325278,6.520849074715535e-05,0.0001320854753886775,0.00010243409536912773,0.0005723028539963575
485,485,485,484,938.9890600230392,2.251977483738732e-05,1.5013183224924878e-05,0.0018375171364548026,0.0011760488528325278,6.520849074715535e-05,0.0001320854753886775,0.00010243409536912773,0.0005723028539963575
486,486,486,486,938.9890596433054,2.2519435341983307e-05,1.5012956894655538e-05,0.0018374949784455228,0.001176031562610552,6.52055615563904e-05,0.00013208053959680655,0.00010242941532970923,0.0005722922939177044
487,487,487,486,938.9890596433054,2.2519435341983307e-05,1.5012956894655538e-05,0.0018374949784455228,0.001176031562610552,6.52055615563904e-05,0.00013208053959680655,0.00010242941532970923,0.0005722922939177044
488,488,488,488,938.9890592208444,2.251976319159188e-05,1.5013175461061252e-05,0.0018375224902228745,0.0011760523371348204,6.520848301273807e-05,0.00013208549032481465,0.00010243409976051082,0.0005723027587862545
489,489,489,488,938.9890592208444,2.251976319159188e-05,1.5013175461061252e-05,0.0018375224902228745,0.0011760523371348204,6.520848301273807e-05,0.00013208549032481465,0.00010243409976051082,0.0005723027587862545
490,490,490,490,938.989058836333,2.2519423127392857e-05,1.5012948751595237e-05,0.0018374945863002129,0.0011760314045462998,6.520552319443096e-05,0.0001320805104464036,0.00010242937942955138,0.0005722922926967792
491,491,491,490,938.989058836333,2.2519423127392857e-05,1.5012948751595237e-05,0.0018374945863002129,0.0011760314045462998,6.520552319443096e-05,0.0001320805104464036,0.00010242937942955138,0.0005722922926967792
492,492,492,492,938.9890584184982,2.251976430472924e-05,1.5013176203152826e-05,0.0018375179843155333,0.0011760496814009782,6.520849754569624e-05,0.00013208549178567102,0.00010243412013587888,0.0005723027984616117
493,493,493,492,938.9890584184982,2.251976430472924e-05,1.5013176203152826e-05,0.0018375179843155333,0.0011760496814009782,6.520849754569624e-05,0.00013208549178567102,0.00010243412013587888,0.0005723027984616117
494,494,494,494,938.9890580237925,2.251939085026744e-05,1.5012927233511626e-05,0.0018374959716937437,0.0011760325414047479,6.520563008919483e-05,0.0001320806687351614,0.00010242951886153817,0.0005722922190087099
495,495,495,494,938.9890580237925,2.251939085026744e-05,1.5012927233511626e-05,0.0018374959716937437,0.0011760325414047479,6.520563008919483e-05,0.0001320806687351614,0.00010242951886153817,0.0005722922190087099
496,496,496,496,938.9890576161633,2.2519726360220593e-05,1.501315090681373e-05,0.001837518111267831,0.0011760496509752199,6.52084902769065e-05,0.0001320854861401696,0.00010243411105002181,0.0005723026499098692
497,497,497,496,938.9890576161633,2.2519726360220593e-05,1.501315090681373e-05,0.001837518111267831,0.0011760496509752199,6.52084902769065e-05,0.0001320854861401696,0.00010243411105002181,0.0005723026499098692
498,498,498,498,938.9890572147067,2.2519381547903006e-05,1.5012921031935337e-05,0.0018374956619638342,0.0011760321789178463,6.520559949818594e-05,0.00013208063009197048,0.00010242948683066022,0.0005722921840430971
499,499,499,498,938.9890572147067,2.2519381547903006e-05,1.5012921031935337e-05,0.0018374956619638342,0.0011760321789178463,6.520559949818594e-05,0.00013208063009197048,0.00010242948683066022,0.0005722921840430971
500,500,500,500,938.9890568129375,2.2519708897411617e-05,1.5013139264941078e-05,0.0018375177510290594,0.001176049420503552,6.520852098390595e-05,0.00013208552881126812,0.00010243415923516519,0.0005723026359983842
501,501,501,500,938.9890568129375,2.2519708897411617e-05,1.5013139264941078e-05,0.0018375177510290594,0.001176049420503552,6.520852098390595e-05,0.00013208552881126812,0.00010243415923516519,0.0005723026359983842
502,502,502,502,938.9890564074615,2.2519377806173857e-05,1.501291853744924e-05,0.0018374954478594066,0.0011760321564207251,6.520554683089874e-05,0.00013208057462551776,0.00010242942111828718,0.0005722921257013721
503,503,503,502,938.9890564074615,2.2519377806173857e-05,1.501291853744924e-05,0.0018374954478594066,0.0011760321564207251,6.520554683089874e-05,0.00013208057462551776,0.00010242942111828718,0.0005722921257013721
504,504,504,504,938.9890560111709,2.2519704443252353e-05,1.5013136295501568e-05,0.0018375213468510739,0.0011760519142292444,6.520847422129133e-05,0.00013208550698472134,0.0001024341034655471,0.0005723025524924613
505,505,505,504,938.9890560111709,2.2519704443252353e-05,1.5013136295501568e-05,0.0018375213468510739,0.0011760519142292444,6.520847422129133e-05,0.00013208550698472134,0.0001024341034655471,0.0005723025524924613
506,506,506,506,938.989055601539,2.251935450781062e-05,1.5012903005207079e-05,0.0018374956094129816,0.0011760322799732647,6.520554679900759e-05,0.00013208058255425386,0.00010242942890986706,0.000572292057329938
507,507,507,506,938.989055601539,2.251935450781062e-05,1.5012903005207079e-05,0.0018374956094129816,0.0011760322799732647,6.520554679900759e-05,0.00013208058255425386,0.00010242942890986706,0.000572292057329938
508,508,508,508,938.9890552116791,2.2519692670947e-05,1.5013128447298001e-05,0.0018375193254766664,0.0011760510244503298,6.52084780844095e-05,0.00013208551921662615,0.00010243412024383419,0.0005723025183584096
509,509,509,508,938.9890552116791,2.2519692670947e-05,1.5013128447298001e-05,0.0018375193254766664,0.0011760510244503298,6.52084780844095e-05,0.00013208551921662615,0.00010243412024383419,0.0005723025183584096
510,510,510,510,938.9890547966529,2.2519353312405732e-05,1.5012902208270488e-05,0.0018374960323742616,0.0011760326339092515,6.520554635409265e-05,0.00013208059907712962,0.00010242943858412845,0.0005722920137065308
511,511,511,510,938.9890547966529,2.2519353312405732e-05,1.5012902208270488e-05,0.0018374960323742616,0.0011760326339092515,6.520554635409265e-05,0.00013208059907712962,0.00010242943858412845,0.0005722920137065308
512,512,512,512,938.9890544133507,2.2519684373806248e-05,1.5013122915870833e-05,0.0018375218243194093,0.0011760521828049534,6.52084564572511e-05,0.0001320855055904142,0.00010243409425254174,0.0005723024786031063
513,513,513,512,938.9890544133507,2.2519684373806248e-05,1.5013122915870833e-05,0.0018375218243194093,0.0011760521828049534,6.52084564572511e-05,0.0001320855055904142,0.00010243409425254174,0.0005723024786031063
514,514,514,514,938.9890539886502,2.25193681950564e-05,1.50129121300376e-05,0.0018374961638587546,0.0011760328972998239,6.520556341704786e-05,0.00013208062000532138,0.00010242944963891054,0.0005722921399557857
515,515,515,514,938.9890539886502,2.25193681950564e-05,1.50129121300376e-05,0.0018374961638587546,0.0011760328972998239,6.520556341704786e-05,0.00013208062000532138,0.00010242944963891054,0.0005722921399557857
516,516,516,516,938.9890536135431,2.2519723890085386e-05,1.5013149260056924e-05,0.0018375187767614154,0.0011760506381329277,6.520849146616353e-05,0.0001320855470320724,0.00010243415835278769,0.0005723027111091592
517,517,517,516,938.9890536135431,2.2519723890085386e-05,1.5013149260056924e-05,0.0018375187767614154,0.0011760506381329277,6.520849146616353e-05,0.0001320855470320724,0.00010243415835278769,0.0005723027111091592
518,518,518,518,938.9890531849214,2.2519366792511653e-05,1.5012911195007767e-05,0.001837495189512786,0.001176032002401136,6.520552607670871e-05,0.00013208060726457526,0.0001024294168218906,0.0005722924479246458
519,519,519,518,938.9890531849214,2.2519366792511653e-05,1.5012911195007767e-05,0.001837495189512786,0.001176032002401136,6.520552607670871e-05,0.00013208060726457526,0.0001024294168218906,0.0005722924479246458
520,520,520,520,938.9890528114622,2.2519716715990734e-05,1.5013144477327154e-05,0.0018375190087113514,0.0011760505627811243,6.520847751457365e-05,0.00013208554316576326,0.00010243413725191663,0.0005723025961201522
521,521,521,520,938.9890528114622,2.2519716715990734e-05,1.5013144477327154e-05,0.0018375190087113514,0.0011760505627811243,6.520847751457365e-05,0.00013208554316576326,0.00010243413725191663,0.0005723025961201522
522,522,522,522,938.9890523787785,2.2519391287917356e-05,1.5012927525278236e-05,0.0018374958980555331,0.001176032694909622,6.520548601789827e-05,0.00013208053831689325,0.00010242937227167292,0.0005722922634138214
523,523,523,522,938.9890523787785,2.2519391287917356e-05,1.5012927525278236e-05,0.0018374958980555331,0.001176032694909622,6.520548601789827e-05,0.00013208053831689325,0.00010242937227167292,0.0005722922634138214
524,524,524,524,938.9890520100274,2.2519722387259744e-05,1.5013148258173162e-05,0.0018375185024833648,0.0011760502481670894,6.520846754290432e-05,0.00013208552430472195,0.00010243413476444807,0.0005723026707716433
525,525,525,524,938.9890520100274,2.2519722387259744e-05,1.5013148258173162e-05,0.0018375185024833648,0.0011760502481670894,6.520846754290432e-05,0.00013208552430472195,0.00010243413476444807,0.0005723026707716433
526,526,526,526,938.9890515694644,2.2519355117461837e-05,1.5012903411641224e-05,0.0018374961589407192,0.001176032734314789,6.520551623252074e-05,0.00013208058769508292,0.00010242942354703188,0.0005722920495215658
527,527,527,526,938.9890515694644,2.2519355117461837e-05,1.5012903411641224e-05,0.0018374961589407192,0.001176032734314789,6.520551623252074e-05,0.00013208058769508292,0.00010242942354703188,0.0005722920495215658
528,528,528,528,938.9890512082819,2.2519679187593677e-05,1.5013119458395785e-05,0.0018375179514487719,0.0011760497095837713,6.520845859289692e-05,0.0001320855344729783,0.00010243411134697178,0.0005723025599415803
529,529,529,528,938.9890512082819,2.2519679187593677e-05,1.5013119458395785e-05,0.0018375179514487719,0.0011760497095837713,6.520845859289692e-05,0.0001320855344729783,0.00010243411134697178,0.0005723025599415803
530,530,530,530,938.9890507619978,2.2519364364786965e-05,1.5012909576524644e-05,0.001837496573321936,0.0011760333670617182,6.520552037620614e-05,0.00013208060537492564,0.00010242942810692601,0.0005722921176742727
531,531,531,530,938.9890507619978,2.2519364364786965e-05,1.5012909576524644e-05,0.001837496573321936,0.0011760333670617182,6.520552037620614e-05,0.00013208060537492564,0.00010242942810692601,0.0005722921176742727
532,532,532,532,938.9890504091542,2.2519714688556958e-05,1.5013143125704639e-05,0.0018375187628500694,0.0011760505408848396,6.520849372406573e-05,0.0001320855649072447,0.00010243418172752733,0.0005723027113113126
533,533,533,532,938.9890504091542,2.2519714688556958e-05,1.5013143125704639e-05,0.0018375187628500694,0.0011760505408848396,6.520849372406573e-05,0.0001320855649072447,0.00010243418172752733,0.0005723027113113126
534,534,534,534,938.9890499564217,2.251934727379168e-05,1.5012898182527786e-05,0.0018374967526433776,0.0011760334443835763,6.520550353703025e-05,0.00013208058416886394,0.00010242939786619942,0.0005722922577975963
535,535,535,534,938.9890499564217,2.251934727379168e-05,1.5012898182527786e-05,0.0018374967526433776,0.0011760334443835763,6.520550353703025e-05,0.00013208058416886394,0.00010242939786619942,0.0005722922577975963
536,536,536,536,938.9890496090254,2.2519683898436504e-05,1.5013122598957668e-05,0.0018375190558867344,0.0011760504799908146,6.520847376671746e-05,0.00013208556587457966,0.00010243415078927537,0.0005723026470575829
537,537,537,536,938.9890496090254,2.2519683898436504e-05,1.5013122598957668e-05,0.0018375190558867344,0.0011760504799908146,6.520847376671746e-05,0.00013208556587457966,0.00010243415078927537,0.0005723026470575829
538,538,538,538,938.9890491519618,2.251935825303697e-05,1.5012905502024646e-05,0.0018374966643049887,0.0011760333792587708,6.520548205471433e-05,0.00013208056559282276,0.00010242938529910622,0.0005722921630623367
539,539,539,538,938.9890491519618,2.251935825303697e-05,1.5012905502024646e-05,0.0018374966643049887,0.0011760333792587708,6.520548205471433e-05,0.00013208056559282276,0.00010242938529910622,0.0005722921630623367
540,540,540,540,938.9890488092236,2.2519690397987402e-05,1.50131269319916e-05,0.001837518562450282,0.0011760505047762166,6.520846774218242e-05,0.00013208555230605104,0.0001024341583103841,0.0005723026630108991
541,541,541,540,938.9890488092236,2.2519690397987402e-05,1.50131269319916e-05,0.001837518562450282,0.0011760505047762166,6.520846774218242e-05,0.00013208555230605104,0.0001024341583103841,0.0005723026630108991
542,542,542,542,938.9890483467385,2.2519352930211456e-05,1.5012901953474305e-05,0.001837496472981057,0.0011760333979811601,6.52054676136618e-05,0.00013208055934818433,0.0001024293730036499,0.0005722921439030501
543,543,543,542,938.9890483467385,2.2519352930211456e-05,1.5012901953474305e-05,0.001837496472981057,0.0011760333979811601,6.52054676136618e-05,0.00013208055934818433,0.0001024293730036499,0.0005722921439030501
544,544,544,544,938.9890480104066,2.2519676500243335e-05,1.501311766682889e-05,0.0018375186640535812,0.0011760507130944148,6.520845779241224e-05,0.00013208556501394342,0.00010243414812424051,0.0005723024796203814
545,545,545,544,938.9890480104066,2.2519676500243335e-05,1.501311766682889e-05,0.0018375186640535812,0.0011760507130944148,6.520845779241224e-05,0.00013208556501394342,0.00010243414812424051,0.0005723024796203814
546,546,546,546,938.9890475368974,2.251935896638302e-05,1.501290597758868e-05,0.0018374976267158322,0.0011760341646978433,6.520555047119514e-05,0.0001320806582356272,0.000102429482226718,0.0005722922830845893
547,547,547,546,938.9890475368974,2.251935896638302e-05,1.501290597758868e-05,0.0018374976267158322,0.0011760341646978433,6.520555047119514e-05,0.0001320806582356272,0.000102429482226718,0.0005722922830845893
548,548,548,548,938.9890472160023,2.2519674118010036e-05,1.5013116078673358e-05,0.0018375197785346156,0.0011760513205428824,6.520851793274246e-05,0.00013208561943186566,0.0001024342233815409,0.0005723027002650866
549,549,549,548,938.9890472160023,2.2519674118010036e-05,1.5013116078673358e-05,0.0018375197785346156,0.0011760513205428824,6.520851793274246e-05,0.00013208561943186566,0.0001024342233815409,0.0005723027002650866
550,550,550,550,938.9890467309884,2.251936078237482e-05,1.501290718824988e-05,0.0018374976802989053,0.0011760343958200927,6.520553061143547e-05,0.00013208063922632915,0.00010242945605971193,0.0005722923210877754
551,551,551,550,938.9890467309884,2.251936078237482e-05,1.501290718824988e-05,0.0018374976802989053,0.0011760343958200927,6.520553061143547e-05,0.00013208063922632915,0.00010242945605971193,0.0005722923210877754
552,552,552,552,938.98904641826,2.2519669520548735e-05,1.5013113013699158e-05,0.0018375197812899272,0.0011760514547575934,6.520852300618413e-05,0.00013208563243692558,0.00010243423834159493,0.0005723026430207903
553,553,553,552,938.98904641826,2.2519669520548735e-05,1.5013113013699158e-05,0.0018375197812899272,0.0011760514547575934,6.520852300618413e-05,0.00013208563243692558,0.00010243423834159493,0.0005723026430207903
554,554,554,554,938.989045927425,2.2519347328026074e-05,1.501289821868405e-05,0.0018374972620269277,0.0011760340030969884,6.520552498100185e-05,0.0001320806507947196,0.00010242945700913997,0.0005722923028461499
555,555,555,554,938.989045927425,2.2519347328026074e-05,1.501289821868405e-05,0.0018374972620269277,0.0011760340030969884,6.520552498100185e-05,0.0001320806507947196,0.00010242945700913997,0.0005722923028461499
556,556,556,556,938.9890456211957,2.2519658071623594e-05,1.5013105381082395e-05,0.001837520190336921,0.0011760517811191112,6.520851858153598e-05,0.00013208562069816013,0.00010243423464517676,0.000572302540139176
557,557,557,556,938.9890456211957,2.2519658071623594e-05,1.5013105381082395e-05,0.001837520190336921,0.0011760517811191112,6.520851858153598e-05,0.00013208562069816013,0.00010243423464517676,0.000572302540139176
558,558,558,558,938.9890451233201,2.2519305245716215e-05,1.5012870163810811e-05,0.0018374979853823942,0.0011760346832502043,6.520554310671112e-05,0.00013208067623893136,0.00010242948517015515,0.0005722921674970509
559,559,559,558,938.9890451233201,2.2519305245716215e-05,1.5012870163810811e-05,0.0018374979853823942,0.0011760346832502043,6.520554310671112e-05,0.00013208067623893136,0.00010242948517015515,0.0005722921674970509
560,560,560,560,938.9890448239304,2.2519615793692438e-05,1.501307719579496e-05,0.0018375202008437015,0.0011760517812946236,6.520853332721982e-05,0.00013208569403692057,0.00010243425222946495,0.0005723024630992712
561,561,561,560,938.9890448239304,2.2519615793692438e-05,1.501307719579496e-05,0.0018375202008437015,0.0011760517812946236,6.520853332721982e-05,0.00013208569403692057,0.00010243425222946495,0.0005723024630992712
562,562,562,562,938.9890443200736,2.251929852745138e-05,1.5012865684967588e-05,0.0018374969482837322,0.0011760337399079983,6.520554781552779e-05,0.00013208067661554714,0.00010242949424181524,0.0005722921732532482
563,563,563,562,938.9890443200736,2.251929852745138e-05,1.5012865684967588e-05,0.0018374969482837322,0.0011760337399079983,6.520554781552779e-05,0.00013208067661554714,0.00010242949424181524,0.0005722921732532482
564,564,564,564,938.9890440261761,2.251963227739573e-05,1.5013088184930485e-05,0.0018375204603810705,0.0011760521244559702,6.52085304869085e-05,0.00013208567716442357,0.0001024342679939172,0.0005723024655496321
565,565,565,564,938.9890440261761,2.251963227739573e-05,1.5013088184930485e-05,0.0018375204603810705,0.0011760521244559702,6.52085304869085e-05,0.00013208567716442357,0.0001024342679939172,0.0005723024655496321
566,566,566,566,938.9890435177883,2.2519290979072792e-05,1.5012860652715196e-05,0.0018374979762596142,0.0011760347625400522,6.520553165174914e-05,0.00013208068103319929,0.00010242948454299017,0.0005722921075847424
567,567,567,566,938.9890435177883,2.2519290979072792e-05,1.5012860652715196e-05,0.0018374979762596142,0.0011760347625400522,6.520553165174914e-05,0.00013208068103319929,0.00010242948454299017,0.0005722921075847424
568,568,568,568,938.9890432305621,2.2519618849831113e-05,1.5013079233220742e-05,0.0018375207544587642,0.0011760522882432796,6.520852406508709e-05,0.0001320856646650625,0.00010243426231387742,0.0005723024616611024
569,569,569,568,938.9890432305621,2.2519618849831113e-05,1.5013079233220742e-05,0.0018375207544587642,0.0011760522882432796,6.520852406508709e-05,0.0001320856646650625,0.00010243426231387742,0.0005723024616611024
570,570,570,570,938.9890427150905,2.2519262682013652e-05,1.5012841788009101e-05,0.0018374992844492112,0.00117603581973318,6.520491019590402e-05,0.00013207983601955356,0.00010242866678492057,0.0005722918762388734
571,571,571,570,938.9890427150905,2.2519262682013652e-05,1.5012841788009101e-05,0.0018374992844492112,0.00117603581973318,6.520491019590402e-05,0.00013207983601955356,0.00010242866678492057,0.0005722918762388734
572,572,572,572,938.9890424337525,2.2519615002186688e-05,1.5013076668124459e-05,0.0018375208849953732,0.0011760525926360881,6.520851714968134e-05,0.00013208567430203106,0.0001024342598478084,0.0005723024740503816
573,573,573,572,938.9890424337525,2.2519615002186688e-05,1.5013076668124459e-05,0.0018375208849953732,0.0011760525926360881,6.520851714968134e-05,0.00013208567430203106,0.0001024342598478084,0.0005723024740503816
574,574,574,574,938.989041911778,2.2519292855405215e-05,1.5012861903603479e-05,0.0018374979115399568,0.0011760347385148815,6.52055187317091e-05,0.00013208067252992226,0.00010242948037016142,0.0005722921181017622
575,575,575,574,938.989041911778,2.2519292855405215e-05,1.5012861903603479e-05,0.0018374979115399568,0.0011760347385148815,6.52055187317091e-05,0.00013208067252992226,0.00010242948037016142,0.0005722921181017622
576,576,576,576,938.989041635768,2.2519612565885527e-05,1.5013075043923683e-05,0.0018375205697374896,0.001176052259400411,6.520850965394814e-05,0.00013208567076833204,0.00010243425500170572,0.0005723025678127533
577,577,577,576,938.989041635768,2.2519612565885527e-05,1.5013075043923683e-05,0.0018375205697374896,0.001176052259400411,6.520850965394814e-05,0.00013208567076833204,0.00010243425500170572,0.0005723025678127533
578,578,578,578,938.9890411116045,2.251930355814946e-05,1.501286903876631e-05,0.0018374984312700508,0.0011760352509312228,6.520548631022693e-05,0.00013208065464431784,0.00010242944287935929,0.0005722921749399205
579,579,579,578,938.9890411116045,2.251930355814946e-05,1.501286903876631e-05,0.0018374984312700508,0.0011760352509312228,6.520548631022693e-05,0.00013208065464431784,0.00010242944287935929,0.0005722921749399205
580,580,580,580,938.9890408421542,2.2519632128042977e-05,1.5013088085361984e-05,0.001837520611526552,0.0011760523437010784,6.520850807812534e-05,0.0001320856667437564,0.00010243425209446877,0.0005723026082330525
581,581,581,580,938.9890408421542,2.2519632128042977e-05,1.5013088085361984e-05,0.001837520611526552,0.0011760523437010784,6.520850807812534e-05,0.0001320856667437564,0.00010243425209446877,0.0005723026082330525
582,582,582,582,938.9890403089428,2.251931865401846e-05,1.5012879102678974e-05,0.0018374986076984546,0.001176035309548165,6.520549893512806e-05,0.00013208066306723572,0.0001024294539563736,0.0005722922603708395
583,583,583,582,938.9890403089428,2.251931865401846e-05,1.5012879102678974e-05,0.0018374986076984546,0.001176035309548165,6.520549893512806e-05,0.00013208066306723572,0.0001024294539563736,0.0005722922603708395
584,584,584,584,938.9890400454436,2.2519621987876492e-05,1.5013081325250994e-05,0.0018375208277801793,0.0011760524759104178,6.520850553249496e-05,0.00013208567389324423,0.00010243425548003143,0.0005723025701718019
585,585,585,584,938.9890400454436,2.2519621987876492e-05,1.5013081325250994e-05,0.0018375208277801793,0.0011760524759104178,6.520850553249496e-05,0.00013208567389324423,0.00010243425548003143,0.0005723025701718019
586,586,586,586,938.9890395057621,2.2519320292124778e-05,1.5012880194749851e-05,0.001837497988070376,0.001176034994904789,6.520549869815095e-05,0.00013208066486689442,0.00010242948535463259,0.000572292309390929
587,587,587,586,938.9890395057621,2.2519320292124778e-05,1.5012880194749851e-05,0.001837497988070376,0.001176034994904789,6.520549869815095e-05,0.00013208066486689442,0.00010242948535463259,0.000572292309390929
588,588,588,588,938.9890392501459,2.2519616445892954e-05,1.5013077630595303e-05,0.001837521755377827,0.0011760532906010285,6.520849977930537e-05,0.00013208568032302585,0.00010243425369887288,0.000572302505469726
589,589,589,588,938.9890392501459,2.2519616445892954e-05,1.5013077630595303e-05,0.001837521755377827,0.0011760532906010285,6.520849977930537e-05,0.00013208568032302585,0.00010243425369887288,0.000572302505469726
590,590,590,590,938.9890387034045,2.251931331706536e-05,1.5012875544710239e-05,0.0018374985922577122,0.0011760354237172915,6.520550398673303e-05,0.00013208067441308278,0.00010242947148668413,0.0005722923289343733
591,591,591,590,938.9890387034045,2.251931331706536e-05,1.5012875544710239e-05,0.0018374985922577122,0.0011760354237172915,6.520550398673303e-05,0.00013208067441308278,0.00010242947148668413,0.0005722923289343733
592,592,592,592,938.9890384585783,2.251962491778281e-05,1.5013083278521872e-05,0.0018375216919126597,0.0011760533810545198,6.520853446809888e-05,0.00013208573045565735,0.00010243430312242147,0.0005723025788074018
593,593,593,592,938.9890384585783,2.251962491778281e-05,1.5013083278521872e-05,0.0018375216919126597,0.0011760533810545198,6.520853446809888e-05,0.00013208573045565735,0.00010243430312242147,0.0005723025788074018
594,594,594,594,938.9890379042938,2.2519303839563243e-05,1.5012869226375493e-05,0.0018374979758313918,0.001176035044431003,6.52054933281132e-05,0.00013208064779079816,0.00010242945867911663,0.0005722922302627497
595,595,595,594,938.9890379042938,2.2519303839563243e-05,1.5012869226375493e-05,0.0018374979758313918,0.001176035044431003,6.52054933281132e-05,0.00013208064779079816,0.00010242945867911663,0.0005722922302627497
596,596,596,596,938.9890376600576,2.2519622050909405e-05,1.5013081367272935e-05,0.0018375221485240594,0.0011760534196508282,6.520850709387099e-05,0.0001320856855221951,0.00010243426639261477,0.0005723026282878311
597,597,597,596,938.9890376600576,2.2519622050909405e-05,1.5013081367272935e-05,0.0018375221485240594,0.0011760534196508282,6.520850709387099e-05,0.0001320856855221951,0.00010243426639261477,0.0005723026282878311
598,598,598,598,938.9890370970618,2.2519308884194622e-05,1.5012872589463083e-05,0.0018375002102907236,0.0011760365269350005,6.520559059514097e-05,0.00013208079169571327,0.00010242959186049921,0.0005722923466695871
599,599,599,598,938.9890370970618,2.2519308884194622e-05,1.5012872589463083e-05,0.0018375002102907236,0.0011760365269350005,6.520559059514097e-05,0.00013208079169571327,0.00010242959186049921,0.0005722923466695871
