phase,nf,x_index,incumbent_index,active_objective,full_objective,incumbent_active_objective,incumbent_full_objective,active_residuals,active_circuits,new_residuals_revealed,new_circuits_revealed,union_residuals_revealed,union_circuits_revealed,cumulative_eval_residuals,cumulative_eval_circuits,cumulative_shots_revealed,cumulative_eval_shots,shots_per_circuit,fpr_enabled,fpr_use_union_mask,fpr_selected_residuals,fpr_selected_circuits,fpr_new_residuals,fpr_new_circuits,fpr_union_residuals,fpr_union_circuits,delta,ng,rho,rho_active,rho_full,rho_uses_full_objective,mdec,step_norm,accepted
initial,0,0,0,63285.29043842811,63285.29043842811,63285.29043842811,63285.29043842811,3836,1918,3836,1918,3836,1918,3836,1918,460320.0,460320.0,240.0,False,True,3836,1918,3836,1918,3836,1918,0.1,,,,,False,,,True
trial,1,1,1,26573.719696272085,26573.719696272085,26573.719696272085,26573.719696272085,3836,1918,0,0,3836,1918,7672,3836,460320.0,460320.0,240.0,False,True,3836,1918,0,0,3836,1918,0.1,301468.63756832766,22.354458760208704,22.354458760208704,22.354458760208704,False,-1642.2482483674894,0.09997938481674756,True
trial,2,2,1,45530.42453430888,45530.42453430888,26573.719696272085,26573.719696272085,3836,1918,0,0,3836,1918,11508,5754,460320.0,460320.0,240.0,False,True,3836,1918,0,0,3836,1918,0.2,170968.52372521194,-0.8869874194556777,-0.8869874194556777,-0.8869874194556777,False,-21372.010946525097,0.19977502574438302,False
trial,3,3,1,30735.601962990397,30735.601962990397,26573.719696272085,26573.719696272085,3836,1918,0,0,3836,1918,15344,7672,460320.0,460320.0,240.0,False,True,3836,1918,0,0,3836,1918,0.1,170968.52372521194,-0.1950263121049086,-0.1950263121049086,-0.1950263121049086,False,-21340.106479988975,0.1,False
trial,4,4,4,11435.435787209775,11435.435787209775,11435.435787209775,11435.435787209775,3836,1918,0,0,3836,1918,19180,9590,460320.0,460320.0,240.0,False,True,3836,1918,0,0,3836,1918,0.05,170968.52372521194,0.7324415376967033,0.7324415376967033,0.7324415376967033,False,-20668.24876790497,0.05,True
trial,5,5,4,41827.89976601549,41827.89976601549,11435.435787209775,11435.435787209775,3836,1918,0,0,3836,1918,23016,11508,460320.0,460320.0,240.0,False,True,3836,1918,0,0,3836,1918,0.1,351212.6286284385,-3.903608451506216,-3.903608451506216,-3.903608451506216,False,-7785.735776619378,0.1,False
trial,6,6,4,20215.71088990365,20215.71088990365,12026.567978399851,12026.567978399851,3836,1918,0,0,3836,1918,26852,13426,470320.0,470320.0,245.21376433785193,False,True,3836,1918,0,0,3836,1918,0.05,360331.0477342846,-0.9988245495509708,-0.9988245495509708,-0.9988245495509708,False,-8198.78017133769,0.05,False
trial,7,7,7,8137.955197111863,8137.955197111863,8137.955197111863,8137.955197111863,3836,1918,0,0,3836,1918,30688,15344,470320.0,470320.0,245.21376433785193,False,True,3836,1918,0,0,3836,1918,0.025,360331.0477342846,0.5330516470532097,0.5330516470532097,0.5330516470532097,False,-7295.001906072009,0.025,True
trial,8,8,7,13648.86802297975,13648.86802297975,8137.955197111863,8137.955197111863,3836,1918,0,0,3836,1918,34524,17262,470320.0,470320.0,245.21376433785193,False,True,3836,1918,0,0,3836,1918,0.05,180751.76501092382,-0.8495426094898169,-0.8495426094898169,-0.8495426094898169,False,-6486.91750632426,0.05,False
trial,9,9,9,3334.241715379033,3334.241715379033,3334.241715379033,3334.241715379033,3836,1918,0,0,3836,1918,38360,19180,470320.0,470320.0,245.21376433785193,False,True,3836,1918,0,0,3836,1918,0.025,180751.76501092382,0.7430836275074547,0.7430836275074547,0.7430836275074547,False,-6464.566441661559,0.025,True
trial,10,10,9,11393.060204127009,11393.060204127009,3334.241715379033,3334.241715379033,3836,1918,0,0,3836,1918,42196,21098,470320.0,470320.0,245.21376433785193,False,True,3836,1918,0,0,3836,1918,0.05,140447.02172956627,-3.5276431564696265,-3.5276431564696265,-3.5276431564696265,False,-2284.4766693502615,0.05,False
trial,11,11,9,3517.730521209867,3517.730521209867,3399.354040738177,3399.354040738177,3836,1918,0,0,3836,1918,46032,23016,480320.0,480320.0,250.42752867570385,False,True,3836,1918,0,0,3836,1918,0.025,156409.71383620863,-0.05070331104205886,-0.05070331104205886,-0.05070331104205886,False,-2334.6893533934276,0.025,False
trial,12,12,12,1525.251251471871,1525.251251471871,1525.251251471871,1525.251251471871,3836,1918,0,0,3836,1918,49868,24934,480320.0,480320.0,250.42752867570385,False,True,3836,1918,0,0,3836,1918,0.0125,156409.71383620863,0.8070138945516085,0.8070138945516085,0.8070138945516085,False,-2322.268305315352,0.0125,True
trial,13,13,12,4136.403239491785,4136.403239491785,1525.251251471871,1525.251251471871,3836,1918,0,0,3836,1918,53704,26852,480320.0,480320.0,250.42752867570385,False,True,3836,1918,0,0,3836,1918,0.025,95823.228509196,-4.541986159072688,-4.541986159072688,-4.541986159072688,False,-574.8921059136425,0.025,False
trial,14,14,14,1497.846072420822,1497.846072420822,1497.846072420822,1497.846072420822,3836,1918,0,0,3836,1918,57540,28770,480320.0,480320.0,250.42752867570385,False,True,3836,1918,0,0,3836,1918,0.0125,95823.228509196,0.04795242627557436,0.04795242627557436,0.04795242627557436,False,-571.5076624810605,0.0125,True
trial,15,15,15,1027.0450935284757,1027.0450935284757,1027.0450935284757,1027.0450935284757,3836,1918,0,0,3836,1918,61376,30688,480320.0,480320.0,250.42752867570385,False,True,3836,1918,0,0,3836,1918,0.00625,49901.08966945448,0.8988693483405468,0.8988693483405468,0.8988693483405468,False,-523.7702005986949,0.00625,True
trial,16,16,15,1425.612961682296,1425.612961682296,1042.1430193524975,1042.1430193524975,3836,1918,0,0,3836,1918,65212,32606,490320.0,490320.0,255.64129301355578,False,True,3836,1918,0,0,3836,1918,0.0125,18898.103909879384,-3.8771432871382916,-3.8771432871382916,-3.8771432871382916,False,-98.90527997814506,0.0125,False
trial,17,17,17,997.980503252235,997.980503252235,997.980503252235,997.980503252235,3836,1918,0,0,3836,1918,69048,34524,490320.0,490320.0,255.64129301355578,False,True,3836,1918,0,0,3836,1918,0.00625,18898.103909879384,0.45151041187464047,0.45151041187464047,0.45151041187464047,False,-97.8106261534539,0.00625,True
trial,18,18,17,1286.770624132433,1286.770624132433,997.980503252235,997.980503252235,3836,1918,0,0,3836,1918,72884,36442,490320.0,490320.0,255.64129301355578,False,True,3836,1918,0,0,3836,1918,0.0125,14298.428160970685,-5.060539232958207,-5.060539232958207,-5.060539232958207,False,-57.06706490868995,0.0125,False
trial,19,19,17,1025.9722434072096,1025.9722434072096,997.980503252235,997.980503252235,3836,1918,0,0,3836,1918,76720,38360,490320.0,490320.0,255.64129301355578,False,True,3836,1918,0,0,3836,1918,0.00625,14298.428160970685,-0.49636757574918844,-0.49636757574918844,-0.49636757574918844,False,-56.3931681329616,0.00625,False
trial,20,20,20,950.2141467089689,950.2141467089689,950.2141467089689,950.2141467089689,3836,1918,0,0,3836,1918,80556,40278,490320.0,490320.0,255.64129301355578,False,True,3836,1918,0,0,3836,1918,0.003125,14298.428160970685,0.8726752585688345,0.8726752585688345,0.8726752585688345,False,-54.735545753413234,0.003125,True
trial,21,21,20,1058.4366921921887,1058.4366921921887,955.9972393718033,955.9972393718033,3836,1918,0,0,3836,1918,84392,42196,500320.0,500320.0,260.8550573514077,False,True,3836,1918,0,0,3836,1918,0.00625,11604.89960973999,-8.411077469586976,-8.411077469586976,-8.411077469586976,False,-12.179111795223509,0.00625,False
trial,22,22,20,965.2091975363714,965.2091975363714,955.9972393718033,955.9972393718033,3836,1918,0,0,3836,1918,88228,44114,500320.0,500320.0,260.8550573514077,False,True,3836,1918,0,0,3836,1918,0.003125,11604.89960973999,-0.8116459933243336,-0.8116459933243336,-0.8116459933243336,False,-11.349724190515484,0.003125,False
trial,23,23,23,949.7495735544277,949.7495735544277,949.7495735544277,949.7495735544277,3836,1918,0,0,3836,1918,92064,46032,500320.0,500320.0,260.8550573514077,False,True,3836,1918,0,0,3836,1918,0.0015625,11604.89960973999,0.6516213984972945,0.6516213984972945,0.6516213984972945,False,-9.587876996954613,0.0015625,True
trial,24,24,23,971.3045844552028,971.3045844552028,949.7495735544277,949.7495735544277,3836,1918,0,0,3836,1918,95900,47950,500320.0,500320.0,260.8550573514077,False,True,3836,1918,0,0,3836,1918,0.003125,3091.9497127142613,-4.564922874321786,-4.564922874321786,-4.564922874321786,False,-4.7218784400552485,0.003125,False
trial,25,25,23,949.8356349111559,949.8356349111559,949.7495735544277,949.7495735544277,3836,1918,0,0,3836,1918,99736,49868,500320.0,500320.0,260.8550573514077,False,True,3836,1918,0,0,3836,1918,0.0015625,3091.9497127142613,-0.022460650415881644,-0.022460650415881644,-0.022460650415881644,False,-3.8316502476430605,0.0015625,False
trial,26,26,26,945.6923084167452,945.6923084167452,945.6923084167452,945.6923084167452,3836,1918,0,0,3836,1918,103572,51786,510320.0,510320.0,266.06882168925966,False,True,3836,1918,0,0,3836,1918,0.00078125,8409.498712003659,0.8558102221863491,0.8558102221863491,0.8558102221863491,False,-4.162696409166578,0.00078125,True
trial,27,27,26,948.2217079335425,948.2217079335425,945.6923084167452,945.6923084167452,3836,1918,0,0,3836,1918,107408,53704,510320.0,510320.0,266.06882168925966,False,True,3836,1918,0,0,3836,1918,0.0015625,1951.342297672985,-1.8834289216857405,-1.8834289216857405,-1.8834289216857405,False,-1.3429758286462912,0.0015625,False
trial,28,28,28,945.4982215099868,945.4982215099868,945.4982215099868,945.4982215099868,3836,1918,0,0,3836,1918,111244,55622,510320.0,510320.0,266.06882168925966,False,True,3836,1918,0,0,3836,1918,0.00078125,1951.342297672985,0.2293371698791973,0.2293371698791973,0.2293371698791973,False,-0.8462950286714457,0.00078125,True
trial,29,29,28,948.3083072246263,948.3083072246263,945.4982215099868,945.4982215099868,3836,1918,0,0,3836,1918,115080,57540,510320.0,510320.0,266.06882168925966,False,True,3836,1918,0,0,3836,1918,0.0015625,983.0690610907006,-2.127167469877939,-2.127167469877939,-2.127167469877939,False,-1.3210458294573117,0.0015625,False
trial,30,30,30,945.3349246104467,945.3349246104467,945.3349246104467,945.3349246104467,3836,1918,0,0,3836,1918,118916,59458,510320.0,510320.0,266.06882168925966,False,True,3836,1918,0,0,3836,1918,0.00078125,983.0690610907006,0.19106003006414307,0.19106003006414307,0.19106003006414307,False,-0.8546889660034698,0.00078125,True
trial,31,31,30,949.8390436927086,949.8390436927086,946.6687050613822,946.6687050613822,3836,1918,0,0,3836,1918,122752,61376,520320.0,520320.0,271.28258602711156,False,True,3836,1918,0,0,3836,1918,0.0015625,13027.618245683909,-1.306145842862727,-1.306145842862727,-1.306145842862727,False,-2.4272470403288953,0.0015625,False
trial,32,32,32,945.7916104630999,945.7916104630999,945.7916104630999,945.7916104630999,3836,1918,0,0,3836,1918,126588,63294,520320.0,520320.0,271.28258602711156,False,True,3836,1918,0,0,3836,1918,0.00078125,13027.618245683909,0.4607053985282086,0.4607053985282086,0.4607053985282086,False,-1.9038079455640802,0.00078125,True
trial,33,33,32,949.909640823952,949.909640823952,945.7916104630999,945.7916104630999,3836,1918,0,0,3836,1918,130424,65212,520320.0,520320.0,271.28258602711156,False,True,3836,1918,0,0,3836,1918,0.0015625,2556.3296084940403,-2.442863321848054,-2.442863321848054,-2.442863321848054,False,-1.685739158643055,0.0015625,False
trial,34,34,34,945.5864453030915,945.5864453030915,945.5864453030915,945.5864453030915,3836,1918,0,0,3836,1918,134260,67130,520320.0,520320.0,271.28258602711156,False,True,3836,1918,0,0,3836,1918,0.00078125,2556.3296084940403,0.1800063349599199,0.1800063349599199,0.1800063349599199,False,-1.1397663313020256,0.00078125,True
trial,35,35,34,950.043703461762,950.043703461762,945.5864453030915,945.5864453030915,3836,1918,0,0,3836,1918,138096,69048,520320.0,520320.0,271.28258602711156,False,True,3836,1918,0,0,3836,1918,0.0015625,1120.0440888777523,-2.956513067149883,-2.956513067149883,-2.956513067149883,False,-1.5076064463220264,0.0015625,False
trial,36,36,36,944.5989346029729,944.5989346029729,944.5989346029729,944.5989346029729,3836,1918,0,0,3836,1918,141932,70966,530320.0,530320.0,276.4963503649635,False,True,3836,1918,0,0,3836,1918,0.00078125,5595.75420084137,0.17495802725056128,0.17495802725056128,0.17495802725056128,False,-1.0397609440966504,0.00078125,True
trial,37,37,36,948.9112688217225,948.9112688217225,944.5989346029729,944.5989346029729,3836,1918,0,0,3836,1918,145768,72884,530320.0,530320.0,276.4963503649635,False,True,3836,1918,0,0,3836,1918,0.0015625,2207.6448695998884,-3.0152776134173376,-3.0152776134173376,-3.0152776134173376,False,-1.4301615876298166,0.0015625,False
trial,38,38,38,944.438702290753,944.438702290753,944.438702290753,944.438702290753,3836,1918,0,0,3836,1918,149604,74802,530320.0,530320.0,276.4963503649635,False,True,3836,1918,0,0,3836,1918,0.00078125,2207.6448695998884,0.16022214112302924,0.16022214112302924,0.16022214112302924,False,-1.0000634812194604,0.00078125,True
trial,39,39,38,947.6365268375629,947.6365268375629,944.438702290753,944.438702290753,3836,1918,0,0,3836,1918,153440,76720,530320.0,530320.0,276.4963503649635,False,True,3836,1918,0,0,3836,1918,0.0015625,1351.2126634414428,-2.4489558939808425,-2.4489558939808425,-2.4489558939808425,False,-1.3057909922631352,0.0015625,False
trial,40,40,40,944.3869642376958,944.3869642376958,944.3869642376958,944.3869642376958,3836,1918,0,0,3836,1918,157276,78638,530320.0,530320.0,276.4963503649635,False,True,3836,1918,0,0,3836,1918,0.00078125,1351.2126634414428,0.05781915152071931,0.05781915152071931,0.05781915152071931,False,-0.8948255326550847,0.00078125,True
trial,41,41,40,949.0367997862832,949.0367997862832,947.7395942902757,947.7395942902757,3836,1918,0,0,3836,1918,161112,80556,540320.0,540320.0,281.7101147028154,False,True,3836,1918,0,0,3836,1918,0.0015625,3662.6785765349423,-0.7957036116108303,-0.7957036116108303,-0.7957036116108303,False,-1.6302621693288215,0.0015625,False
trial,42,42,42,946.8349185190889,946.8349185190889,946.8349185190889,946.8349185190889,3836,1918,0,0,3836,1918,164948,82474,540320.0,540320.0,281.7101147028154,False,True,3836,1918,0,0,3836,1918,0.00078125,3662.6785765349423,0.650402114921842,0.650402114921842,0.650402114921842,False,-1.3909483847473814,0.00078125,True
trial,43,43,42,950.4215723463764,950.4215723463764,946.8349185190889,946.8349185190889,3836,1918,0,0,3836,1918,168784,84392,540320.0,540320.0,281.7101147028154,False,True,3836,1918,0,0,3836,1918,0.0015625,1576.115363742382,-4.11942737096359,-4.11942737096359,-4.11942737096359,False,-0.8706680575481323,0.0015625,False
trial,44,44,42,946.9941551072787,946.9941551072787,946.8349185190889,946.8349185190889,3836,1918,0,0,3836,1918,172620,86310,540320.0,540320.0,281.7101147028154,False,True,3836,1918,0,0,3836,1918,0.00078125,1576.115363742382,-0.2722692453607518,-0.2722692453607518,-0.2722692453607518,False,-0.5848497063223952,0.00078125,False
trial,45,45,45,946.5958117231169,946.5958117231169,946.5958117231169,946.5958117231169,3836,1918,0,0,3836,1918,176456,88228,540320.0,540320.0,281.7101147028154,False,True,3836,1918,0,0,3836,1918,0.000390625,1576.115363742382,0.5723177935830261,0.5723177935830261,0.5723177935830261,False,-0.417786758777985,0.000390625,True
trial,46,46,46,947.5867677325166,947.5867677325166,947.5867677325166,947.5867677325166,3836,1918,0,0,3836,1918,180292,90146,550320.0,550320.0,286.9238790406674,False,True,3836,1918,0,0,3836,1918,0.00078125,2835.9452882932883,0.15558021116530343,0.15558021116530343,0.15558021116530343,False,-0.989412507173008,0.00078125,True
trial,47,47,46,951.1185913304362,951.1185913304362,947.5867677325166,947.5867677325166,3836,1918,0,0,3836,1918,184128,92064,550320.0,550320.0,286.9238790406674,False,True,3836,1918,0,0,3836,1918,0.0015625,1915.5782606083762,-2.320059318814709,-2.320059318814709,-2.320059318814709,False,-1.5222988348952864,0.0015625,False
trial,48,48,48,947.5123788372373,947.5123788372373,947.5123788372373,947.5123788372373,3836,1918,0,0,3836,1918,187964,93982,550320.0,550320.0,286.9238790406674,False,True,3836,1918,0,0,3836,1918,0.00078125,1915.5782606083762,0.07066653873388073,0.07066653873388073,0.07066653873388073,False,-1.0526749521359138,0.00078125,True
trial,49,49,48,952.7196952601774,952.7196952601774,947.5123788372373,947.5123788372373,3836,1918,0,0,3836,1918,191800,95900,550320.0,550320.0,286.9238790406674,False,True,3836,1918,0,0,3836,1918,0.0015625,1878.920661356906,-4.16319105361834,-4.16319105361834,-4.16319105361834,False,-1.2507992921473867,0.0015625,False
trial,50,50,48,947.6720249937457,947.6720249937457,947.5123788372373,947.5123788372373,3836,1918,0,0,3836,1918,195636,97818,550320.0,550320.0,286.9238790406674,False,True,3836,1918,0,0,3836,1918,0.00078125,1878.920661356906,-0.16579102236367188,-0.16579102236367188,-0.16579102236367188,False,-0.9629360759849995,0.00078125,False
trial,51,51,51,948.4343371715706,948.4343371715706,948.4343371715706,948.4343371715706,3836,1918,0,0,3836,1918,199472,99736,560320.0,560320.0,292.1376433785193,False,True,3836,1918,0,0,3836,1918,0.000390625,8319.270202960119,0.8202405054468563,0.8202405054468563,0.8202405054468563,False,-1.4448882398436869,0.000390625,True
trial,52,52,51,948.6995406367037,948.6995406367037,948.4343371715706,948.4343371715706,3836,1918,0,0,3836,1918,203308,101654,560320.0,560320.0,292.1376433785193,False,True,3836,1918,0,0,3836,1918,0.00078125,1162.641603680727,-0.6841958823533438,-0.6841958823533438,-0.6841958823533438,False,-0.3876133604032216,0.00078125,False
trial,53,53,53,948.3287434255005,948.3287434255005,948.3287434255005,948.3287434255005,3836,1918,0,0,3836,1918,207144,103572,560320.0,560320.0,292.1376433785193,False,True,3836,1918,0,0,3836,1918,0.000390625,1162.641603680727,0.3850470270288824,0.3850470270288824,0.3850470270288824,False,-0.27423597290150814,0.000390625,True
trial,54,54,53,948.9031986296376,948.9031986296376,948.3287434255005,948.3287434255005,3836,1918,0,0,3836,1918,210980,105490,560320.0,560320.0,292.1376433785193,False,True,3836,1918,0,0,3836,1918,0.00078125,592.5987607771909,-1.3133589961021017,-1.3133589961021017,-1.3133589961021017,False,-0.4373938929431857,0.00078125,False
trial,55,55,55,948.3111078193488,948.3111078193488,948.3111078193488,948.3111078193488,3836,1918,0,0,3836,1918,214816,107408,560320.0,560320.0,292.1376433785193,False,True,3836,1918,0,0,3836,1918,0.000390625,592.5987607771909,0.06974942955683495,0.06974942955683495,0.06974942955683495,False,-0.2528422994112169,0.000390625,True
trial,56,56,55,951.8308607780457,951.8308607780457,951.2917238819027,951.2917238819027,3836,1918,0,0,3836,1918,218652,109326,570320.0,570320.0,297.3514077163712,False,True,3836,1918,0,0,3836,1918,0.00078125,6586.910114964856,-0.6470076873338937,-0.6470076873338937,-0.6470076873338937,False,-0.8332774195691084,0.00078125,False
trial,57,57,57,950.9797825214207,950.9797825214207,950.9797825214207,950.9797825214207,3836,1918,0,0,3836,1918,222488,111244,570320.0,570320.0,297.3514077163712,False,True,3836,1918,0,0,3836,1918,0.000390625,6586.910114964856,0.5007309264508233,0.5007309264508233,0.5007309264508233,False,-0.622972027498005,0.000390625,True
trial,58,58,57,951.7544437098896,951.7544437098896,950.9797825214207,950.9797825214207,3836,1918,0,0,3836,1918,226324,113162,570320.0,570320.0,297.3514077163712,False,True,3836,1918,0,0,3836,1918,0.00078125,1125.1339784804195,-1.2970235827768468,-1.2970235827768468,-1.2970235827768468,False,-0.5972606811130131,0.00078125,False
trial,59,59,59,950.9576751661498,950.9576751661498,950.9576751661498,950.9576751661498,3836,1918,0,0,3836,1918,230160,115080,570320.0,570320.0,297.3514077163712,False,True,3836,1918,0,0,3836,1918,0.000390625,1125.1339784804195,0.06119328553747682,0.06119328553747682,0.06119328553747682,False,-0.3612709315530913,0.000390625,True
trial,60,60,59,951.7989207339181,951.7989207339181,950.9576751661498,950.9576751661498,3836,1918,0,0,3836,1918,233996,116998,570320.0,570320.0,297.3514077163712,False,True,3836,1918,0,0,3836,1918,0.00078125,556.5838629129304,-1.4438781607611992,-1.4438781607611992,-1.4438781607611992,False,-0.5826291931202741,0.00078125,False
trial,61,61,61,950.0795164277049,950.0795164277049,950.0795164277049,950.0795164277049,3836,1918,0,0,3836,1918,237832,118916,580320.0,580320.0,302.5651720542231,False,True,3836,1918,0,0,3836,1918,0.000390625,8542.603552523771,0.7186640450979254,0.7186640450979254,0.7186640450979254,False,-1.0888249863027388,0.000390625,True
trial,62,62,61,950.6730694549278,950.6730694549278,950.0795164277049,950.0795164277049,3836,1918,0,0,3836,1918,241668,120834,580320.0,580320.0,302.5651720542231,False,True,3836,1918,0,0,3836,1918,0.00078125,2229.18613161698,-1.0971462223988087,-1.0971462223988087,-1.0971462223988087,False,-0.5409971935419653,0.00078125,False
trial,63,63,63,950.0169292850086,950.0169292850086,950.0169292850086,950.0169292850086,3836,1918,0,0,3836,1918,245504,122752,580320.0,580320.0,302.5651720542231,False,True,3836,1918,0,0,3836,1918,0.000390625,2229.18613161698,0.19140912436847593,0.19140912436847593,0.19140912436847593,False,-0.32698097806367477,0.000390625,True
trial,64,64,63,950.7608345617064,950.7608345617064,950.0169292850086,950.0169292850086,3836,1918,0,0,3836,1918,249340,124670,580320.0,580320.0,302.5651720542231,False,True,3836,1918,0,0,3836,1918,0.00078125,628.7244815947647,-1.6357631928989,-1.6357631928989,-1.6357631928989,False,-0.4547756545245554,0.00078125,False
trial,65,65,65,949.9555339226515,949.9555339226515,949.9555339226515,949.9555339226515,3836,1918,0,0,3836,1918,253176,126588,580320.0,580320.0,302.5651720542231,False,True,3836,1918,0,0,3836,1918,0.000390625,628.7244815947647,0.19899252084429378,0.19899252084429378,0.19899252084429378,False,-0.3085310045653188,0.000390625,True
trial,66,66,65,950.2401287970974,950.2401287970974,949.9050445300338,949.9050445300338,3836,1918,0,0,3836,1918,257012,128506,590320.0,590320.0,307.7789363920751,False,True,3836,1918,0,0,3836,1918,0.00078125,5536.387457443259,-0.3669778789316141,-0.3669778789316141,-0.3669778789316141,False,-0.9130911869651515,0.00078125,False
trial,67,67,67,949.5199110775159,949.5199110775159,949.5199110775159,949.5199110775159,3836,1918,0,0,3836,1918,260848,130424,590320.0,590320.0,307.7789363920751,False,True,3836,1918,0,0,3836,1918,0.000390625,5536.387457443259,0.5825578916809198,0.5825578916809198,0.5825578916809198,False,-0.6611076049569586,0.000390625,True
trial,68,68,67,950.0713213061302,950.0713213061302,949.5199110775159,949.5199110775159,3836,1918,0,0,3836,1918,264684,132342,590320.0,590320.0,307.7789363920751,False,True,3836,1918,0,0,3836,1918,0.00078125,915.927541348517,-1.1368510976974002,-1.1368510976974002,-1.1368510976974002,False,-0.4850329385538785,0.00078125,False
trial,69,69,69,949.4952731295092,949.4952731295092,949.4952731295092,949.4952731295092,3836,1918,0,0,3836,1918,268520,134260,590320.0,590320.0,307.7789363920751,False,True,3836,1918,0,0,3836,1918,0.000390625,915.927541348517,0.0816569740211072,0.0816569740211072,0.0816569740211072,False,-0.301724969630912,0.000390625,True
trial,70,70,69,950.1619445223928,950.1619445223928,949.4952731295092,949.4952731295092,3836,1918,0,0,3836,1918,272356,136178,590320.0,590320.0,307.7789363920751,False,True,3836,1918,0,0,3836,1918,0.00078125,826.7300983329994,-1.1935788782294339,-1.1935788782294339,-1.1935788782294339,False,-0.5585482493394427,0.00078125,False
trial,71,71,71,946.2401556453954,946.2401556453954,946.2401556453954,946.2401556453954,3836,1918,0,0,3836,1918,276192,138096,600320.0,600320.0,312.992700729927,False,True,3836,1918,0,0,3836,1918,0.000390625,4629.74680956615,0.7304019504058447,0.7304019504058447,0.7304019504058447,False,-1.3238531529270552,0.000390625,True
trial,72,72,71,946.8923983892973,946.8923983892973,946.2401556453954,946.2401556453954,3836,1918,0,0,3836,1918,280028,140014,600320.0,600320.0,312.992700729927,False,True,3836,1918,0,0,3836,1918,0.00078125,1470.1967946816874,-1.0543795003698622,-1.0543795003698622,-1.0543795003698622,False,-0.6186034000786067,0.00078125,False
trial,73,73,73,946.1587947907768,946.1587947907768,946.1587947907768,946.1587947907768,3836,1918,0,0,3836,1918,283864,141932,600320.0,600320.0,312.992700729927,False,True,3836,1918,0,0,3836,1918,0.000390625,1470.1967946816874,0.19557531615581766,0.19557531615581766,0.19557531615581766,False,-0.41600778778093067,0.000390625,True
trial,74,74,73,946.8914355169376,946.8914355169376,946.1587947907768,946.1587947907768,3836,1918,0,0,3836,1918,287700,143850,600320.0,600320.0,312.992700729927,False,True,3836,1918,0,0,3836,1918,0.00078125,818.341399201466,-1.1860808693869758,-1.1860808693869758,-1.1860808693869758,False,-0.6176987969963778,0.00078125,False
trial,75,75,75,946.1364562502927,946.1364562502927,946.1364562502927,946.1364562502927,3836,1918,0,0,3836,1918,291536,145768,600320.0,600320.0,312.992700729927,False,True,3836,1918,0,0,3836,1918,0.000390625,818.341399201466,0.05928626436077481,0.05928626436077481,0.05928626436077481,False,-0.376791162759383,0.000390625,True
trial,76,76,75,945.3420399912156,945.3420399912156,945.2301368090214,945.2301368090214,3836,1918,0,0,3836,1918,295372,147686,610320.0,610320.0,318.20646506777894,False,True,3836,1918,0,0,3836,1918,0.00078125,6563.650838577131,-0.1116005972434572,-0.1116005972434572,-0.1116005972434572,False,-1.0027113201747957,0.00078125,False
trial,77,77,77,944.6870755787046,944.6870755787046,944.6870755787046,944.6870755787046,3836,1918,0,0,3836,1918,299208,149604,610320.0,610320.0,318.20646506777894,False,True,3836,1918,0,0,3836,1918,0.000390625,6563.650838577131,0.6634363806257725,0.6634363806257725,0.6634363806257725,False,-0.8185581107332932,0.000390625,True
trial,78,78,77,945.3245550227109,945.3245550227109,944.6870755787046,944.6870755787046,3836,1918,0,0,3836,1918,303044,151522,610320.0,610320.0,318.20646506777894,False,True,3836,1918,0,0,3836,1918,0.00078125,791.0103175993914,-1.2365907557677638,-1.2365907557677638,-1.2365907557677638,False,-0.5155136742151402,0.00078125,False
trial,79,79,79,944.649977146947,944.649977146947,944.649977146947,944.649977146947,3836,1918,0,0,3836,1918,306880,153440,610320.0,610320.0,318.20646506777894,False,True,3836,1918,0,0,3836,1918,0.000390625,791.0103175993914,0.11917870545844018,0.11917870545844018,0.11917870545844018,False,-0.3112840638342894,0.000390625,True
trial,80,80,79,945.3363223656759,945.3363223656759,944.649977146947,944.649977146947,3836,1918,0,0,3836,1918,310716,155358,610320.0,610320.0,318.20646506777894,False,True,3836,1918,0,0,3836,1918,0.00078125,648.6554195295614,-1.4298325296861898,-1.4298325296861898,-1.4298325296861898,False,-0.48001790732759664,0.00078125,False
trial,81,81,81,945.0617715855501,945.0617715855501,945.0617715855501,945.0617715855501,3836,1918,0,0,3836,1918,314552,157276,621685.0,621685.0,324.13190823774767,False,True,3836,1918,0,0,3836,1918,0.000390625,10013.085771247253,0.6679329176256297,0.6679329176256297,0.6679329176256297,False,-0.9751867272638748,0.000390625,True
trial,82,82,81,945.7737179403586,945.7737179403586,945.0617715855501,945.0617715855501,3836,1918,0,0,3836,1918,318388,159194,621685.0,621685.0,324.13190823774767,False,True,3836,1918,0,0,3836,1918,0.00078125,2079.1678413439795,-1.2079273094896628,-1.2079273094896628,-1.2079273094896628,False,-0.5893950316507349,0.00078125,False
trial,83,83,83,945.0301084823008,945.0301084823008,945.0301084823008,945.0301084823008,3836,1918,0,0,3836,1918,322224,161112,621685.0,621685.0,324.13190823774767,False,True,3836,1918,0,0,3836,1918,0.000390625,2079.1678413439795,0.08898862214304812,0.08898862214304812,0.08898862214304812,False,-0.3558106922753028,0.000390625,True
trial,84,84,83,945.6562542231574,945.6562542231574,945.0301084823008,945.0301084823008,3836,1918,0,0,3836,1918,326060,163030,621685.0,621685.0,324.13190823774767,False,True,3836,1918,0,0,3836,1918,0.00078125,789.1713570205994,-1.225903319593112,-1.225903319593112,-1.225903319593112,False,-0.5107627419301087,0.00078125,False
trial,85,85,85,944.9708570797417,944.9708570797417,944.9708570797417,944.9708570797417,3836,1918,0,0,3836,1918,329896,164948,621685.0,621685.0,324.13190823774767,False,True,3836,1918,0,0,3836,1918,0.000390625,789.1713570205994,0.17068582715237007,0.17068582715237007,0.17068582715237007,False,-0.3471372143053865,0.000390625,True
trial,86,86,85,945.2976116558559,945.2976116558559,945.1933745150183,945.1933745150183,3836,1918,0,0,3836,1918,333732,166866,631685.0,631685.0,329.34567257559956,False,True,3836,1918,0,0,3836,1918,0.00078125,4593.4969368331085,-0.10601358261855234,-0.10601358261855234,-0.10601358261855234,False,-0.983243262447886,0.00078125,False
trial,87,87,87,944.6736901766341,944.6736901766341,944.6736901766341,944.6736901766341,3836,1918,0,0,3836,1918,337568,168784,631685.0,631685.0,329.34567257559956,False,True,3836,1918,0,0,3836,1918,0.000390625,4593.4969368331085,0.6815349565208316,0.6815349565208316,0.6815349565208316,False,-0.7625204450805168,0.000390625,True
trial,88,88,87,945.3026936860472,945.3026936860472,944.6736901766341,944.6736901766341,3836,1918,0,0,3836,1918,341404,170702,631685.0,631685.0,329.34567257559956,False,True,3836,1918,0,0,3836,1918,0.00078125,1651.1151712646958,-1.339135724435678,-1.339135724435678,-1.339135724435678,False,-0.46970855749380946,0.00078125,False
trial,89,89,89,944.6466140456479,944.6466140456479,944.6466140456479,944.6466140456479,3836,1918,0,0,3836,1918,345240,172620,631685.0,631685.0,329.34567257559956,False,True,3836,1918,0,0,3836,1918,0.000390625,1651.1151712646958,0.09333124554433493,0.09333124554433493,0.09333124554433493,False,-0.2901078928955931,0.000390625,True
trial,90,90,89,945.9087050609598,945.9087050609598,944.6466140456479,944.6466140456479,3836,1918,0,0,3836,1918,349076,174538,631685.0,631685.0,329.34567257559956,False,True,3836,1918,0,0,3836,1918,0.00078125,1033.4795827853404,-2.211492092747936,-2.211492092747936,-2.211492092747936,False,-0.5706965986677931,0.00078125,False
trial,91,91,91,943.349108030996,943.349108030996,943.349108030996,943.349108030996,3836,1918,0,0,3836,1918,352912,176456,646960.0,646960.0,337.3096976016684,False,True,3836,1918,0,0,3836,1918,0.000390625,5345.378916552069,0.6481588186594216,0.6481588186594216,0.6481588186594216,False,-0.9463591844487406,0.000390625,True
trial,92,92,91,944.2043209009888,944.2043209009888,943.349108030996,943.349108030996,3836,1918,0,0,3836,1918,356748,178374,646960.0,646960.0,337.3096976016684,False,True,3836,1918,0,0,3836,1918,0.00078125,1649.9853092569022,-1.2985827461996164,-1.2985827461996164,-1.2985827461996164,False,-0.6585740281053459,0.00078125,False
trial,93,93,93,943.3158926794508,943.3158926794508,943.3158926794508,943.3158926794508,3836,1918,0,0,3836,1918,360584,180292,646960.0,646960.0,337.3096976016684,False,True,3836,1918,0,0,3836,1918,0.000390625,1649.9853092569022,0.07506841634172436,0.07506841634172436,0.07506841634172436,False,-0.44246772695999287,0.000390625,True
trial,94,94,93,944.6360181677459,944.6360181677459,943.3158926794508,943.3158926794508,3836,1918,0,0,3836,1918,364420,182210,646960.0,646960.0,337.3096976016684,False,True,3836,1918,0,0,3836,1918,0.00078125,1602.5152521318973,-1.468449021579971,-1.468449021579971,-1.468449021579971,False,-0.8989930660818344,0.00078125,False
trial,95,95,95,943.2419153449665,943.2419153449665,943.2419153449665,943.2419153449665,3836,1918,0,0,3836,1918,368256,184128,646960.0,646960.0,337.3096976016684,False,True,3836,1918,0,0,3836,1918,0.000390625,1602.5152521318973,0.14110075112327825,0.14110075112327825,0.14110075112327825,False,-0.5242873187803112,0.000390625,True
trial,96,96,95,945.9226265720931,945.9226265720931,945.5839818160786,945.5839818160786,3836,1918,0,0,3836,1918,372092,186046,656960.0,656960.0,342.52346193952036,False,True,3836,1918,0,0,3836,1918,0.00078125,3340.7068761247497,-0.4262018141893123,-0.4262018141893123,-0.4262018141893123,False,-0.7945643231451356,0.00078125,False
trial,97,97,97,945.2728444163228,945.2728444163228,945.2728444163228,945.2728444163228,3836,1918,0,0,3836,1918,375928,187964,656960.0,656960.0,342.52346193952036,False,True,3836,1918,0,0,3836,1918,0.000390625,3340.7068761247497,0.5644942984930335,0.5644942984930335,0.5644942984930335,False,-0.5511789943431065,0.000390625,True
trial,98,98,97,945.9948509133952,945.9948509133952,945.2728444163228,945.2728444163228,3836,1918,0,0,3836,1918,379764,189882,656960.0,656960.0,342.52346193952036,False,True,3836,1918,0,0,3836,1918,0.00078125,1030.5443513165826,-1.4070427701235662,-1.4070427701235662,-1.4070427701235662,False,-0.5131375622711627,0.00078125,False
trial,99,99,99,945.2252841187711,945.2252841187711,945.2252841187711,945.2252841187711,3836,1918,0,0,3836,1918,383600,191800,656960.0,656960.0,342.52346193952036,False,True,3836,1918,0,0,3836,1918,0.000390625,1030.5443513165826,0.1559842272886096,0.1559842272886096,0.1559842272886096,False,-0.3049045302742587,0.000390625,True
trial,100,100,99,945.9803148571638,945.9803148571638,945.2252841187711,945.2252841187711,3836,1918,0,0,3836,1918,387436,193718,656960.0,656960.0,342.52346193952036,False,True,3836,1918,0,0,3836,1918,0.00078125,990.0963491367306,-1.428322090213463,-1.428322090213463,-1.428322090213463,False,-0.5286137794590815,0.00078125,False
trial,101,101,101,940.3982562483045,940.3982562483045,940.3982562483045,940.3982562483045,3836,1918,0,0,3836,1918,391272,195636,677485.0,677485.0,353.2247132429614,False,True,3836,1918,0,0,3836,1918,0.000390625,5664.158627986305,0.6572862386347549,0.6572862386347549,0.6572862386347549,False,-0.9804294580944781,0.000390625,True
trial,102,102,101,941.6751921409897,941.6751921409897,940.3982562483045,940.3982562483045,3836,1918,0,0,3836,1918,395108,197554,677485.0,677485.0,353.2247132429614,False,True,3836,1918,0,0,3836,1918,0.00078125,1387.7076519181635,-1.843274797991833,-1.843274797991833,-1.843274797991833,False,-0.6927539475266191,0.00078125,False
trial,103,103,103,940.3608299548545,940.3608299548545,940.3608299548545,940.3608299548545,3836,1918,0,0,3836,1918,398944,199472,677485.0,677485.0,353.2247132429614,False,True,3836,1918,0,0,3836,1918,0.000390625,1387.7076519181635,0.09048802284213556,0.09048802284213556,0.09048802284213556,False,-0.41360494211850396,0.000390625,True
trial,104,104,103,941.1555383370821,941.1555383370821,940.3608299548545,940.3608299548545,3836,1918,0,0,3836,1918,402780,201390,677485.0,677485.0,353.2247132429614,False,True,3836,1918,0,0,3836,1918,0.00078125,1506.4565439510022,-1.3584221636218015,-1.3584221636218015,-1.3584221636218015,False,-0.5850231272057801,0.00078125,False
trial,105,105,105,940.3154935531732,940.3154935531732,940.3154935531732,940.3154935531732,3836,1918,0,0,3836,1918,406616,203308,677485.0,677485.0,353.2247132429614,False,True,3836,1918,0,0,3836,1918,0.000390625,1506.4565439510022,0.11513530988649574,0.11513530988649574,0.11513530988649574,False,-0.3937662714071408,0.000390625,True
trial,106,106,105,943.466576143147,943.466576143147,942.4837429003708,942.4837429003708,3836,1918,0,0,3836,1918,410452,205226,687485.0,687485.0,358.43847758081336,False,True,3836,1918,0,0,3836,1918,0.00078125,4140.462809481683,-1.0262144572323117,-1.0262144572323117,-1.0262144572323117,False,-0.9577269505897559,0.00078125,False
trial,107,107,107,942.202012950701,942.202012950701,942.202012950701,942.202012950701,3836,1918,0,0,3836,1918,414288,207144,687485.0,687485.0,358.43847758081336,False,True,3836,1918,0,0,3836,1918,0.000390625,4140.462809481683,0.45567025036994896,0.45567025036994896,0.45567025036994896,False,-0.6182759340575958,0.000390625,True
trial,108,108,107,942.8328740085,942.8328740085,942.202012950701,942.202012950701,3836,1918,0,0,3836,1918,418124,209062,687485.0,687485.0,358.43847758081336,False,True,3836,1918,0,0,3836,1918,0.00078125,1294.45611064772,-1.2850077997405644,-1.2850077997405644,-1.2850077997405644,False,-0.4909394775084677,0.00078125,False
trial,109,109,109,942.1319672497352,942.1319672497352,942.1319672497352,942.1319672497352,3836,1918,0,0,3836,1918,421960,210980,687485.0,687485.0,358.43847758081336,False,True,3836,1918,0,0,3836,1918,0.000390625,1294.45611064772,0.22464511314861288,0.22464511314861288,0.22464511314861288,False,-0.3118060303384755,0.000390625,True
trial,110,110,109,942.9356487405039,942.9356487405039,942.1319672497352,942.1319672497352,3836,1918,0,0,3836,1918,425796,212898,687485.0,687485.0,358.43847758081336,False,True,3836,1918,0,0,3836,1918,0.00078125,1112.3415150433275,-1.5895765137849411,-1.5895765137849411,-1.5895765137849411,False,-0.5055947189701623,0.00078125,False
trial,111,111,111,944.6650621285822,944.6650621285822,944.6650621285822,944.6650621285822,3836,1918,0,0,3836,1918,429632,214816,715070.0,715070.0,372.8206465067779,False,True,3836,1918,0,0,3836,1918,0.000390625,8308.088547868876,0.7341889475856646,0.7341889475856646,0.7341889475856646,False,-1.376548561251917,0.000390625,True
trial,112,112,111,945.5810654757095,945.5810654757095,944.6650621285822,944.6650621285822,3836,1918,0,0,3836,1918,433468,216734,715070.0,715070.0,372.8206465067779,False,True,3836,1918,0,0,3836,1918,0.00078125,1782.0952717821306,-1.078041910441231,-1.078041910441231,-1.078041910441231,False,-0.8496917775231202,0.00078125,False
trial,113,113,113,944.5290245479687,944.5290245479687,944.5290245479687,944.5290245479687,3836,1918,0,0,3836,1918,437304,218652,715070.0,715070.0,372.8206465067779,False,True,3836,1918,0,0,3836,1918,0.000390625,1782.0952717821306,0.263225297059884,0.263225297059884,0.263225297059884,False,-0.516810436280416,0.000390625,True
trial,114,114,113,945.9203963030272,945.9203963030272,944.5290245479687,944.5290245479687,3836,1918,0,0,3836,1918,441140,220570,715070.0,715070.0,372.8206465067779,False,True,3836,1918,0,0,3836,1918,0.00078125,1445.5222895806705,-1.5228012345727295,-1.5228012345727295,-1.5228012345727295,False,-0.9136922951398613,0.00078125,False
trial,115,115,115,944.4722365476557,944.4722365476557,944.4722365476557,944.4722365476557,3836,1918,0,0,3836,1918,444976,222488,715070.0,715070.0,372.8206465067779,False,True,3836,1918,0,0,3836,1918,0.000390625,1445.5222895806705,0.1050708510364712,0.1050708510364712,0.1050708510364712,False,-0.5404734020213783,0.000390625,True
trial,116,116,115,946.0336741756095,946.0336741756095,945.3641829647124,945.3641829647124,3836,1918,0,0,3836,1918,448812,224406,725070.0,725070.0,378.0344108446298,False,True,3836,1918,0,0,3836,1918,0.00078125,8673.28716792027,-0.5101646949600869,-0.5101646949600869,-0.5101646949600869,False,-1.3123040804487929,0.00078125,False
trial,117,117,117,944.8297861917633,944.8297861917633,944.8297861917633,944.8297861917633,3836,1918,0,0,3836,1918,452648,226324,725070.0,725070.0,378.0344108446298,False,True,3836,1918,0,0,3836,1918,0.000390625,8673.28716792027,0.5621858294151587,0.5621858294151587,0.5621858294151587,False,-0.9505696248249916,0.000390625,True
trial,118,118,117,946.3145039093758,946.3145039093758,944.8297861917633,944.8297861917633,3836,1918,0,0,3836,1918,456484,228242,725070.0,725070.0,378.0344108446298,False,True,3836,1918,0,0,3836,1918,0.00078125,1170.4174778411084,-1.7751929042273673,-1.7751929042273673,-1.7751929042273673,False,-0.8363697906164841,0.00078125,False
trial,119,119,117,944.8529689627302,944.8529689627302,944.8297861917633,944.8297861917633,3836,1918,0,0,3836,1918,460320,230160,725070.0,725070.0,378.0344108446298,False,True,3836,1918,0,0,3836,1918,0.000390625,1170.4174778411084,-0.04639471152752454,-0.04639471152752454,-0.04639471152752454,False,-0.49968563665066523,0.000390625,False
trial,120,120,120,944.6528210042712,944.6528210042712,944.6528210042712,944.6528210042712,3836,1918,0,0,3836,1918,464156,232078,725070.0,725070.0,378.0344108446298,False,True,3836,1918,0,0,3836,1918,0.0001953125,1170.4174778411084,0.6014229424801231,0.6014229424801231,0.6014229424801231,False,-0.29424415829954753,0.0001953125,True
trial,121,121,121,945.8634014973347,945.8634014973347,945.8634014973347,945.8634014973347,3836,1918,0,0,3836,1918,467992,233996,757840.0,757840.0,395.1199165797706,False,True,3836,1918,0,0,3836,1918,0.000390625,12253.764306546958,0.7908267271688231,0.7908267271688231,0.7908267271688231,False,-1.370689305599782,0.000390625,True
trial,122,122,121,947.2072999133321,947.2072999133321,945.8634014973347,945.8634014973347,3836,1918,0,0,3836,1918,471828,235914,757840.0,757840.0,395.1199165797706,False,True,3836,1918,0,0,3836,1918,0.00078125,833.7433472267677,-1.7025595482554967,-1.7025595482554967,-1.7025595482554967,False,-0.7893400365199521,0.00078125,False
trial,123,123,123,945.8321895537485,945.8321895537485,945.8321895537485,945.8321895537485,3836,1918,0,0,3836,1918,475664,237832,757840.0,757840.0,395.1199165797706,False,True,3836,1918,0,0,3836,1918,0.000390625,833.7433472267677,0.06263030684473242,0.06263030684473242,0.06263030684473242,False,-0.49835207838856477,0.000390625,True
trial,124,124,123,947.0724972616463,947.0724972616463,945.8321895537485,945.8321895537485,3836,1918,0,0,3836,1918,479500,239750,757840.0,757840.0,395.1199165797706,False,True,3836,1918,0,0,3836,1918,0.00078125,1550.078666803853,-1.104943108403427,-1.104943108403427,-1.104943108403427,False,-1.122508207404356,0.00078125,False
trial,125,125,125,945.6120241064598,945.6120241064598,945.6120241064598,945.6120241064598,3836,1918,0,0,3836,1918,483336,241668,757840.0,757840.0,395.1199165797706,False,True,3836,1918,0,0,3836,1918,0.000390625,1550.078666803853,0.3229166087354686,0.3229166087354686,0.3229166087354686,False,-0.6818027977901941,0.000390625,True
trial,126,126,125,948.4545141774468,948.4545141774468,947.413789175266,947.413789175266,3836,1918,0,0,3836,1918,487172,243586,767840.0,767840.0,400.33368091762253,False,True,3836,1918,0,0,3836,1918,0.00078125,6032.418313218444,-1.3651352783537096,-1.3651352783537096,-1.3651352783537096,False,-0.7623603452955031,0.00078125,False
trial,127,127,127,947.2806312224191,947.2806312224191,947.2806312224191,947.2806312224191,3836,1918,0,0,3836,1918,491008,245504,767840.0,767840.0,400.33368091762253,False,True,3836,1918,0,0,3836,1918,0.000390625,6032.418313218444,0.25726928824116263,0.25726928824116263,0.25726928824116263,False,-0.5175820003904432,0.000390625,True
trial,128,128,127,948.508619624909,948.508619624909,947.2806312224191,947.2806312224191,3836,1918,0,0,3836,1918,494844,247422,767840.0,767840.0,400.33368091762253,False,True,3836,1918,0,0,3836,1918,0.00078125,1047.597470492562,-1.515610772931422,-1.515610772931422,-1.515610772931422,False,-0.8102267577016564,0.00078125,False
trial,129,129,129,947.1979339271975,947.1979339271975,947.1979339271975,947.1979339271975,3836,1918,0,0,3836,1918,498680,249340,767840.0,767840.0,400.33368091762253,False,True,3836,1918,0,0,3836,1918,0.000390625,1047.597470492562,0.15737548622475392,0.15737548622475392,0.15737548622475392,False,-0.5254776153858878,0.000390625,True
trial,130,130,129,948.4271555633211,948.4271555633211,947.1979339271975,947.1979339271975,3836,1918,0,0,3836,1918,502516,251258,767840.0,767840.0,400.33368091762253,False,True,3836,1918,0,0,3836,1918,0.00078125,1360.829780125721,-1.7842379510971695,-1.7842379510971695,-1.7842379510971695,False,-0.6889336903565662,0.00078125,False
trial,131,131,131,943.2886900132951,943.2886900132951,943.2886900132951,943.2886900132951,3836,1918,0,0,3836,1918,506352,253176,800610.0,800610.0,417.4191866527633,False,True,3836,1918,0,0,3836,1918,0.000390625,13012.812708080173,0.7369986380996162,0.7369986380996162,0.7369986380996162,False,-1.538850511493117,0.000390625,True
trial,132,132,131,944.9234182114785,944.9234182114785,943.2886900132951,943.2886900132951,3836,1918,0,0,3836,1918,510188,255094,800610.0,800610.0,417.4191866527633,False,True,3836,1918,0,0,3836,1918,0.00078125,1822.2101813409797,-1.9299920500980008,-1.9299920500980008,-1.9299920500980008,False,-0.8470129180586161,0.00078125,False
trial,133,133,133,943.1782727800731,943.1782727800731,943.1782727800731,943.1782727800731,3836,1918,0,0,3836,1918,514024,257012,800610.0,800610.0,417.4191866527633,False,True,3836,1918,0,0,3836,1918,0.000390625,1822.2101813409797,0.19586205245794897,0.19586205245794897,0.19586205245794897,False,-0.5637500058651944,0.000390625,True
trial,134,134,133,944.6747578886354,944.6747578886354,943.1782727800731,943.1782727800731,3836,1918,0,0,3836,1918,517860,258930,800610.0,800610.0,417.4191866527633,False,True,3836,1918,0,0,3836,1918,0.00078125,1439.8290669291073,-1.7182973184487644,-1.7182973184487644,-1.7182973184487644,False,-0.8709116242544601,0.00078125,False
trial,135,135,135,943.1312048384182,943.1312048384182,943.1312048384182,943.1312048384182,3836,1918,0,0,3836,1918,521696,260848,800610.0,800610.0,417.4191866527633,False,True,3836,1918,0,0,3836,1918,0.000390625,1439.8290669291073,0.08448781055986966,0.08448781055986966,0.08448781055986966,False,-0.5570974243866768,0.000390625,True
trial,136,136,135,940.9552493105582,940.9552493105582,939.6390506600558,939.6390506600558,3836,1918,0,0,3836,1918,525532,262766,810610.0,810610.0,422.6329509906152,False,True,3836,1918,0,0,3836,1918,0.00078125,7283.512470691302,-1.1878890949450471,-1.1878890949450471,-1.1878890949450471,False,-1.1080147600507415,0.00078125,False
trial,137,137,137,939.2969314107562,939.2969314107562,939.2969314107562,939.2969314107562,3836,1918,0,0,3836,1918,529368,264684,810610.0,810610.0,422.6329509906152,False,True,3836,1918,0,0,3836,1918,0.000390625,7283.512470691302,0.40540484530752596,0.40540484530752596,0.40540484530752596,False,-0.8438953141767503,0.000390625,True
trial,138,138,137,940.716281341696,940.716281341696,939.2969314107562,939.2969314107562,3836,1918,0,0,3836,1918,533204,266602,810610.0,810610.0,422.6329509906152,False,True,3836,1918,0,0,3836,1918,0.00078125,2104.39485841155,-1.5155035462031157,-1.5155035462031157,-1.5155035462031157,False,-0.9365533551510234,0.00078125,False
trial,139,139,139,939.1917524546276,939.1917524546276,939.1917524546276,939.1917524546276,3836,1918,0,0,3836,1918,537040,268520,810610.0,810610.0,422.6329509906152,False,True,3836,1918,0,0,3836,1918,0.000390625,2104.39485841155,0.1750182397511977,0.1750182397511977,0.1750182397511977,False,-0.6009599701044395,0.000390625,True
trial,140,140,139,940.8738109674033,940.8738109674033,939.1917524546276,939.1917524546276,3836,1918,0,0,3836,1918,540876,270438,810610.0,810610.0,422.6329509906152,False,True,3836,1918,0,0,3836,1918,0.00078125,1683.790246341079,-2.247022588357445,-2.247022588357445,-2.247022588357445,False,-0.7485721423055575,0.00078125,False
trial,141,141,141,936.769723829434,936.769723829434,936.769723829434,936.769723829434,3836,1918,0,0,3836,1918,544712,272356,843380.0,843380.0,439.71845672575597,False,True,3836,1918,0,0,3836,1918,0.000390625,20668.39057782954,0.6851753082325494,0.6851753082325494,0.6851753082325494,False,-1.5631299738738609,0.000390625,True
trial,142,142,141,938.3477000699404,938.3477000699404,936.769723829434,936.769723829434,3836,1918,0,0,3836,1918,548548,274274,843380.0,843380.0,439.71845672575597,False,True,3836,1918,0,0,3836,1918,0.00078125,1944.6427359707009,-1.7414338080661895,-1.7414338080661895,-1.7414338080661895,False,-0.9061362155697752,0.00078125,False
trial,143,143,143,936.6416824931478,936.6416824931478,936.6416824931478,936.6416824931478,3836,1918,0,0,3836,1918,552384,276192,843380.0,843380.0,439.71845672575597,False,True,3836,1918,0,0,3836,1918,0.000390625,1944.6427359707009,0.22280805437045512,0.22280805437045512,0.22280805437045512,False,-0.5746710398242494,0.000390625,True
trial,144,144,143,938.1561732856626,938.1561732856626,936.6416824931478,936.6416824931478,3836,1918,0,0,3836,1918,556220,278110,843380.0,843380.0,439.71845672575597,False,True,3836,1918,0,0,3836,1918,0.00078125,1283.7572934384737,-2.2149821350247643,-2.2149821350247643,-2.2149821350247643,False,-0.6837485361920997,0.00078125,False
trial,145,145,143,936.6822596369152,936.6822596369152,936.6416824931478,936.6416824931478,3836,1918,0,0,3836,1918,560056,280028,843380.0,843380.0,439.71845672575597,False,True,3836,1918,0,0,3836,1918,0.000390625,1283.7572934384737,-0.0898504552937405,-0.0898504552937405,-0.0898504552937405,False,-0.45160754761670185,0.000390625,False
trial,146,146,146,936.9510616102652,936.9510616102652,936.9510616102652,936.9510616102652,3836,1918,0,0,3836,1918,563892,281946,921000.0,921000.0,480.18769551616265,False,True,3836,1918,0,0,3836,1918,0.0001953125,19960.102186157055,0.9281244510323825,0.9281244510323825,0.9281244510323825,False,-2.33343344719339,0.0001953125,True
trial,147,147,147,936.5537619387829,936.5537619387829,936.5537619387829,936.5537619387829,3836,1918,0,0,3836,1918,567728,283864,921000.0,921000.0,480.18769551616265,False,True,3836,1918,0,0,3836,1918,0.000390625,1982.6254045136661,0.45845893029447726,0.45845893029447726,0.45845893029447726,False,-0.8665981732041029,0.000390625,True
trial,148,148,147,938.3678414615908,938.3678414615908,936.5537619387829,936.5537619387829,3836,1918,0,0,3836,1918,571564,285782,921000.0,921000.0,480.18769551616265,False,True,3836,1918,0,0,3836,1918,0.00078125,1405.1775228153597,-1.2540757362741441,-1.2540757362741441,-1.2540757362741441,False,-1.4465470229075057,0.00078125,False
trial,149,149,149,936.3122580687894,936.3122580687894,936.3122580687894,936.3122580687894,3836,1918,0,0,3836,1918,575400,287700,921000.0,921000.0,480.18769551616265,False,True,3836,1918,0,0,3836,1918,0.000390625,1405.1775228153597,0.27892837960150185,0.27892837960150185,0.27892837960150185,False,-0.8658275301298657,0.000390625,True
trial,150,150,149,938.49414394475,938.49414394475,936.3122580687894,936.3122580687894,3836,1918,0,0,3836,1918,579236,289618,921000.0,921000.0,480.18769551616265,False,True,3836,1918,0,0,3836,1918,0.00078125,1237.2542076216664,-1.853927273946278,-1.853927273946278,-1.853927273946278,False,-1.1768993890014912,0.00078125,False
trial,151,151,151,936.122156020778,936.122156020778,936.122156020778,936.122156020778,3836,1918,0,0,3836,1918,583072,291536,953770.0,953770.0,497.2732012513034,False,True,3836,1918,0,0,3836,1918,0.000390625,16810.76861937122,0.6067030811509353,0.6067030811509353,0.6067030811509353,False,-1.6413964602811584,0.000390625,True
trial,152,152,151,938.696703771402,938.696703771402,936.122156020778,936.122156020778,3836,1918,0,0,3836,1918,586908,293454,953770.0,953770.0,497.2732012513034,False,True,3836,1918,0,0,3836,1918,0.00078125,2272.3444102108515,-1.7714738202228786,-1.7714738202228786,-1.7714738202228786,False,-1.4533366066341724,0.00078125,False
trial,153,153,153,935.9383157499351,935.9383157499351,935.9383157499351,935.9383157499351,3836,1918,0,0,3836,1918,590744,295372,953770.0,953770.0,497.2732012513034,False,True,3836,1918,0,0,3836,1918,0.000390625,2272.3444102108515,0.21122712401097987,0.21122712401097987,0.21122712401097987,False,-0.8703440512371732,0.000390625,True
trial,154,154,153,938.3149450265577,938.3149450265577,935.9383157499351,935.9383157499351,3836,1918,0,0,3836,1918,594580,297290,953770.0,953770.0,497.2732012513034,False,True,3836,1918,0,0,3836,1918,0.00078125,1369.6743903691693,-1.8389426455485984,-1.8389426455485984,-1.8389426455485984,False,-1.2923890162510008,0.00078125,False
trial,155,155,155,935.8784421765904,935.8784421765904,935.8784421765904,935.8784421765904,3836,1918,0,0,3836,1918,598416,299208,953770.0,953770.0,497.2732012513034,False,True,3836,1918,0,0,3836,1918,0.000390625,1369.6743903691693,0.07761232029441366,0.07761232029441366,0.07761232029441366,False,-0.7714441871803237,0.000390625,True
trial,156,156,155,937.9720387963081,937.9720387963081,935.3618930238054,935.3618930238054,3836,1918,0,0,3836,1918,602252,301126,963770.0,963770.0,502.4869655891554,False,True,3836,1918,0,0,3836,1918,0.00078125,4660.277684864702,-1.5887154594110826,-1.5887154594110826,-1.5887154594110826,False,-1.6429284155579893,0.00078125,False
trial,157,157,157,935.0678729133233,935.0678729133233,935.0678729133233,935.0678729133233,3836,1918,0,0,3836,1918,606088,303044,963770.0,963770.0,502.4869655891554,False,True,3836,1918,0,0,3836,1918,0.000390625,4660.277684864702,0.28439654839315615,0.28439654839315615,0.28439654839315615,False,-1.0338385333551647,0.000390625,True
trial,158,158,157,937.8431128450529,937.8431128450529,935.0678729133233,935.0678729133233,3836,1918,0,0,3836,1918,609924,304962,963770.0,963770.0,502.4869655891554,False,True,3836,1918,0,0,3836,1918,0.00078125,1471.1264521876349,-2.0401386403991175,-2.0401386403991175,-2.0401386403991175,False,-1.3603192826085104,0.00078125,False
trial,159,159,159,935.016233777928,935.016233777928,935.016233777928,935.016233777928,3836,1918,0,0,3836,1918,613760,306880,963770.0,963770.0,502.4869655891554,False,True,3836,1918,0,0,3836,1918,0.000390625,1471.1264521876349,0.06362523555820289,0.06362523555820289,0.06362523555820289,False,-0.8116140544267263,0.000390625,True
trial,160,160,159,937.8451345441598,937.8451345441598,935.016233777928,935.016233777928,3836,1918,0,0,3836,1918,617596,308798,963770.0,963770.0,502.4869655891554,False,True,3836,1918,0,0,3836,1918,0.00078125,1626.6469151361694,-1.8992764487257463,-1.8992764487257463,-1.8992764487257463,False,-1.4894623519023296,0.00078125,False
trial,161,161,161,941.2215672792298,941.2215672792298,941.2215672792298,941.2215672792298,3836,1918,0,0,3836,1918,621432,310716,996540.0,996540.0,519.5724713242961,False,True,3836,1918,0,0,3836,1918,0.000390625,9805.560393293867,0.45615745933816554,0.45615745933816554,0.45615745933816554,False,-1.4170671468281237,0.000390625,True
trial,162,162,161,944.3311531993942,944.3311531993942,941.2215672792298,941.2215672792298,3836,1918,0,0,3836,1918,625268,312634,996540.0,996540.0,519.5724713242961,False,True,3836,1918,0,0,3836,1918,0.00078125,1314.7568219364014,-2.06778082718806,-2.06778082718806,-2.06778082718806,False,-1.5038276200640839,0.00078125,False
trial,163,163,163,941.1305749867661,941.1305749867661,941.1305749867661,941.1305749867661,3836,1918,0,0,3836,1918,629104,314552,996540.0,996540.0,519.5724713242961,False,True,3836,1918,0,0,3836,1918,0.000390625,1314.7568219364014,0.10138295182675384,0.10138295182675384,0.10138295182675384,False,-0.8975107828703668,0.000390625,True
trial,164,164,163,943.3038923889906,943.3038923889906,941.1305749867661,941.1305749867661,3836,1918,0,0,3836,1918,632940,316470,996540.0,996540.0,519.5724713242961,False,True,3836,1918,0,0,3836,1918,0.00078125,1416.2252982608693,-1.4566024537026587,-1.4566024537026587,-1.4566024537026587,False,-1.4920456825401796,0.00078125,False
trial,165,165,165,941.0291967702983,941.0291967702983,941.0291967702983,941.0291967702983,3836,1918,0,0,3836,1918,636776,318388,996540.0,996540.0,519.5724713242961,False,True,3836,1918,0,0,3836,1918,0.000390625,1416.2252982608693,0.11342202461725295,0.11342202461725295,0.11342202461725295,False,-0.8938142023991351,0.000390625,True
trial,166,166,165,943.9386877796944,943.9386877796944,940.9126961732956,940.9126961732956,3836,1918,0,0,3836,1918,640612,320306,1006540.0,1006540.0,524.7862356621481,False,True,3836,1918,0,0,3836,1918,0.00078125,5536.979873291655,-1.921839484054208,-1.921839484054208,-1.921839484054208,False,-1.57452879468133,0.00078125,False
trial,167,167,167,940.7131491348616,940.7131491348616,940.7131491348616,940.7131491348616,3836,1918,0,0,3836,1918,644448,322224,1006540.0,1006540.0,524.7862356621481,False,True,3836,1918,0,0,3836,1918,0.000390625,5536.979873291655,0.19881103062840194,0.19881103062840194,0.19881103062840194,False,-1.0037020471309155,0.000390625,True
trial,168,168,167,942.9122041220917,942.9122041220917,940.7131491348616,940.7131491348616,3836,1918,0,0,3836,1918,648284,324142,1006540.0,1006540.0,524.7862356621481,False,True,3836,1918,0,0,3836,1918,0.00078125,1251.718885197544,-1.5063710481460142,-1.5063710481460142,-1.5063710481460142,False,-1.4598362003415903,0.00078125,False
trial,169,169,169,940.6286701690904,940.6286701690904,940.6286701690904,940.6286701690904,3836,1918,0,0,3836,1918,652120,326060,1006540.0,1006540.0,524.7862356621481,False,True,3836,1918,0,0,3836,1918,0.000390625,1251.718885197544,0.09621753349621484,0.09621753349621484,0.09621753349621484,False,-0.8779997023576944,0.000390625,True
trial,170,170,169,943.8222346734817,943.8222346734817,940.6286701690904,940.6286701690904,3836,1918,0,0,3836,1918,655956,327978,1006540.0,1006540.0,524.7862356621481,False,True,3836,1918,0,0,3836,1918,0.00078125,1264.4978826038125,-2.2844789162641694,-2.2844789162641694,-2.2844789162641694,False,-1.3979400210941004,0.00078125,False
trial,171,171,171,940.6153171475747,940.6153171475747,940.6153171475747,940.6153171475747,3836,1918,0,0,3836,1918,659792,329896,1039310.0,1039310.0,541.8717413972888,False,True,3836,1918,0,0,3836,1918,0.000390625,11442.60027490805,0.4589950456197087,0.4589950456197087,0.4589950456197087,False,-1.496540228467671,0.000390625,True
trial,172,172,171,942.0265197791407,942.0265197791407,940.6153171475747,940.6153171475747,3836,1918,0,0,3836,1918,663628,331814,1039310.0,1039310.0,541.8717413972888,False,True,3836,1918,0,0,3836,1918,0.00078125,1964.8117616662996,-0.9493475623982895,-0.9493475623982895,-0.9493475623982895,False,-1.4864973456095674,0.00078125,False
trial,173,173,173,940.2303723236524,940.2303723236524,940.2303723236524,940.2303723236524,3836,1918,0,0,3836,1918,667464,333732,1039310.0,1039310.0,541.8717413972888,False,True,3836,1918,0,0,3836,1918,0.000390625,1964.8117616662996,0.4279782202393247,0.4279782202393247,0.4279782202393247,False,-0.8994495647629828,0.000390625,True
trial,174,174,173,943.7814867163164,943.7814867163164,940.2303723236524,940.2303723236524,3836,1918,0,0,3836,1918,671300,335650,1039310.0,1039310.0,541.8717413972888,False,True,3836,1918,0,0,3836,1918,0.00078125,1024.505099502991,-4.231216312663756,-4.231216312663756,-4.231216312663756,False,-0.8392656225198699,0.00078125,False
trial,175,175,173,940.5091552296203,940.5091552296203,940.2303723236524,940.2303723236524,3836,1918,0,0,3836,1918,675136,337568,1039310.0,1039310.0,541.8717413972888,False,True,3836,1918,0,0,3836,1918,0.000390625,1024.505099502991,-0.5620378144706564,-0.5620378144706564,-0.5620378144706564,False,-0.4960216177455122,0.000390625,False
trial,176,176,176,942.7008936606063,942.7008936606063,942.7008936606063,942.7008936606063,3836,1918,0,0,3836,1918,678972,339486,1170385.0,1170385.0,610.211157455683,False,True,3836,1918,0,0,3836,1918,0.0001953125,21432.553432271023,0.9141473106339407,0.9141473106339407,0.9141473106339407,False,-1.9051282397472173,0.0001953125,True
trial,177,177,176,942.8033894475138,942.8033894475138,942.7008936606063,942.7008936606063,3836,1918,0,0,3836,1918,682808,341404,1170385.0,1170385.0,610.211157455683,False,True,3836,1918,0,0,3836,1918,0.000390625,1540.6325736439196,-0.19637439956103972,-0.19637439956103972,-0.19637439956103972,False,-0.5219406762624679,0.000390625,False
trial,178,178,178,942.5122667279222,942.5122667279222,942.5122667279222,942.5122667279222,3836,1918,0,0,3836,1918,686644,343322,1170385.0,1170385.0,610.211157455683,False,True,3836,1918,0,0,3836,1918,0.0001953125,1540.6325736439196,0.5884850795323056,0.5884850795323056,0.5884850795323056,False,-0.32052967737771265,0.0001953125,True
trial,179,179,178,942.8347352375364,942.8347352375364,942.5122667279222,942.5122667279222,3836,1918,0,0,3836,1918,690480,345240,1170385.0,1170385.0,610.211157455683,False,True,3836,1918,0,0,3836,1918,0.000390625,563.8438488436426,-1.050169212672881,-1.050169212672881,-1.050169212672881,False,-0.3070633815225115,0.000390625,False
trial,180,180,180,942.4832346600336,942.4832346600336,942.4832346600336,942.4832346600336,3836,1918,0,0,3836,1918,694316,347158,1170385.0,1170385.0,610.211157455683,False,True,3836,1918,0,0,3836,1918,0.0001953125,563.8438488436426,0.16849353652766313,0.16849353652766313,0.16849353652766313,False,-0.17230374818450492,0.0001953125,True
trial,181,181,181,940.154820123704,940.154820123704,940.154820123704,940.154820123704,3836,1918,0,0,3836,1918,698152,349076,1203155.0,1203155.0,627.2966631908238,False,True,3836,1918,0,0,3836,1918,0.000390625,13673.896788662016,0.46353277574981205,0.46353277574981205,0.46353277574981205,False,-0.9010766448661792,0.000390625,True
trial,182,182,181,942.8105630520213,942.8105630520213,940.154820123704,940.154820123704,3836,1918,0,0,3836,1918,701988,350994,1203155.0,1203155.0,627.2966631908238,False,True,3836,1918,0,0,3836,1918,0.00078125,2380.4642141750023,-2.107007535597765,-2.107007535597765,-2.107007535597765,False,-1.2604335216883085,0.00078125,False
trial,183,183,183,940.0579545184776,940.0579545184776,940.0579545184776,940.0579545184776,3836,1918,0,0,3836,1918,705824,352912,1203155.0,1203155.0,627.2966631908238,False,True,3836,1918,0,0,3836,1918,0.000390625,2380.4642141750023,0.12833817928475844,0.12833817928475844,0.12833817928475844,False,-0.7547684232880196,0.000390625,True
trial,184,184,183,941.6738076718716,941.6738076718716,940.0579545184776,940.0579545184776,3836,1918,0,0,3836,1918,709660,354830,1203155.0,1203155.0,627.2966631908238,False,True,3836,1918,0,0,3836,1918,0.00078125,1784.840000701437,-1.7071122968996328,-1.7071122968996328,-1.7071122968996328,False,-0.9465418041499992,0.00078125,False
trial,185,185,185,940.0267651357408,940.0267651357408,940.0267651357408,940.0267651357408,3836,1918,0,0,3836,1918,713496,356748,1203155.0,1203155.0,627.2966631908238,False,True,3836,1918,0,0,3836,1918,0.000390625,1784.840000701437,0.045070061436913215,0.045070061436913215,0.045070061436913215,False,-0.6920199738454156,0.000390625,True
trial,186,186,186,938.0666821690828,938.0666821690828,938.0666821690828,938.0666821690828,3836,1918,0,0,3836,1918,717332,358666,1334230.0,1334230.0,695.6360792492179,False,True,3836,1918,0,0,3836,1918,0.0001953125,19526.327433526974,0.9291571212680607,0.9291571212680607,0.9291571212680607,False,-2.133561264218913,0.0001953125,True
trial,187,187,187,937.9253205886732,937.9253205886732,937.9253205886732,937.9253205886732,3836,1918,0,0,3836,1918,721168,360584,1334230.0,1334230.0,695.6360792492179,False,True,3836,1918,0,0,3836,1918,0.000390625,2125.806634930533,0.24683721028031028,0.24683721028031028,0.24683721028031028,False,-0.5726915332135235,0.000390625,True
trial,188,188,187,940.7887148095249,940.7887148095249,937.9253205886732,937.9253205886732,3836,1918,0,0,3836,1918,725004,362502,1334230.0,1334230.0,695.6360792492179,False,True,3836,1918,0,0,3836,1918,0.00078125,1784.7651920458597,-1.9438313428421743,-1.9438313428421743,-1.9438313428421743,False,-1.4730672140850174,0.00078125,False
trial,189,189,187,937.9664240362499,937.9664240362499,937.9253205886732,937.9253205886732,3836,1918,0,0,3836,1918,728840,364420,1334230.0,1334230.0,695.6360792492179,False,True,3836,1918,0,0,3836,1918,0.000390625,1784.7651920458597,-0.04804445456578354,-0.04804445456578354,-0.04804445456578354,False,-0.8555294871837604,0.000390625,False
trial,190,190,190,937.6266332290509,937.6266332290509,937.6266332290509,937.6266332290509,3836,1918,0,0,3836,1918,732676,366338,1334230.0,1334230.0,695.6360792492179,False,True,3836,1918,0,0,3836,1918,0.0001953125,1784.7651920458597,0.5986315390082502,0.5986315390082502,0.5986315390082502,False,-0.4989502559741456,0.0001953125,True
trial,191,191,191,936.7110608183937,936.7110608183937,936.7110608183937,936.7110608183937,3836,1918,0,0,3836,1918,736512,368256,1367000.0,1367000.0,712.7215849843587,False,True,3836,1918,0,0,3836,1918,0.000390625,11975.841711596264,0.24462544914411302,0.24462544914411302,0.24462544914411302,False,-1.1007945433368476,0.000390625,True
trial,192,192,191,940.5034855901353,940.5034855901353,936.7110608183937,936.7110608183937,3836,1918,0,0,3836,1918,740348,370174,1367000.0,1367000.0,712.7215849843587,False,True,3836,1918,0,0,3836,1918,0.00078125,2230.7401092148125,-2.0693891004343383,-2.0693891004343383,-2.0693891004343383,False,-1.8326301085405408,0.00078125,False
trial,193,193,193,936.5602493869151,936.5602493869151,936.5602493869151,936.5602493869151,3836,1918,0,0,3836,1918,744184,372092,1367000.0,1367000.0,712.7215849843587,False,True,3836,1918,0,0,3836,1918,0.000390625,2230.7401092148125,0.13331095161170503,0.13331095161170503,0.13331095161170503,False,-1.1312756353120617,0.000390625,True
trial,194,194,193,940.2973102615442,940.2973102615442,936.5602493869151,936.5602493869151,3836,1918,0,0,3836,1918,748020,374010,1367000.0,1367000.0,712.7215849843587,False,True,3836,1918,0,0,3836,1918,0.00078125,2268.443278608301,-2.466728772190905,-2.466728772190905,-2.466728772190905,False,-1.514986534701162,0.00078125,False
trial,195,195,193,936.5785479085173,936.5785479085173,936.5602493869151,936.5602493869151,3836,1918,0,0,3836,1918,751856,375928,1367000.0,1367000.0,712.7215849843587,False,True,3836,1918,0,0,3836,1918,0.000390625,2268.443278608301,-0.018612774149327698,-0.018612774149327698,-0.018612774149327698,False,-0.9831162971952705,0.000390625,False
trial,196,196,196,928.5896103556987,928.5896103556987,928.5896103556987,928.5896103556987,3836,1918,0,0,3836,1918,755692,377846,1498075.0,1498075.0,781.0610010427529,False,True,3836,1918,0,0,3836,1918,0.0001953125,22091.86251698354,0.9091652875972179,0.9091652875972179,0.9091652875972179,False,-1.7727726316041825,0.0001953125,True
trial,197,197,196,928.7235988417544,928.7235988417544,928.5896103556987,928.5896103556987,3836,1918,0,0,3836,1918,759528,379764,1498075.0,1498075.0,781.0610010427529,False,True,3836,1918,0,0,3836,1918,0.000390625,1347.3919744499053,-0.23573664795526017,-0.23573664795526017,-0.23573664795526017,False,-0.5683820789763541,0.000390625,False
trial,198,198,198,928.3991290932861,928.3991290932861,928.3991290932861,928.3991290932861,3836,1918,0,0,3836,1918,763364,381682,1498075.0,1498075.0,781.0610010427529,False,True,3836,1918,0,0,3836,1918,0.0001953125,1347.3919744499053,0.5431027059485661,0.5431027059485661,0.5431027059485661,False,-0.3507278831909508,0.0001953125,True
trial,199,199,198,928.5556418218112,928.5556418218112,928.3991290932861,928.3991290932861,3836,1918,0,0,3836,1918,767200,383600,1498075.0,1498075.0,781.0610010427529,False,True,3836,1918,0,0,3836,1918,0.000390625,881.0338027046014,-0.35562735188380046,-0.35562735188380046,-0.35562735188380046,False,-0.4401031801856401,0.000390625,False
trial,200,200,200,928.280286475758,928.280286475758,928.280286475758,928.280286475758,3836,1918,0,0,3836,1918,771036,385518,1498075.0,1498075.0,781.0610010427529,False,True,3836,1918,0,0,3836,1918,0.0001953125,881.0338027046014,0.4442332812610036,0.4442332812610036,0.4442332812610036,False,-0.26752299420423675,0.0001953125,True
trial,201,201,200,927.3415577286912,927.3415577286912,927.028305578513,927.028305578513,3836,1918,0,0,3836,1918,774872,387436,1530845.0,1530845.0,798.1465067778936,False,True,3836,1918,0,0,3836,1918,0.000390625,8734.902699325761,-0.499448571670638,-0.499448571670638,-0.499448571670638,False,-0.6271960076497349,0.000390625,False
trial,202,202,202,926.8210194999216,926.8210194999216,926.8210194999216,926.8210194999216,3836,1918,0,0,3836,1918,778708,389354,1530845.0,1530845.0,798.1465067778936,False,True,3836,1918,0,0,3836,1918,0.0001953125,8734.902699325761,0.484838960807038,0.484838960807038,0.484838960807038,False,-0.4275359353266484,0.0001953125,True
trial,203,203,202,927.1584537309507,927.1584537309507,926.8210194999216,926.8210194999216,3836,1918,0,0,3836,1918,782544,391272,1530845.0,1530845.0,798.1465067778936,False,True,3836,1918,0,0,3836,1918,0.000390625,814.8923765659972,-0.681403590174008,-0.681403590174008,-0.681403590174008,False,-0.4952046568215307,0.000390625,False
trial,204,204,204,926.723389451809,926.723389451809,926.723389451809,926.723389451809,3836,1918,0,0,3836,1918,786380,393190,1530845.0,1530845.0,798.1465067778936,False,True,3836,1918,0,0,3836,1918,0.0001953125,814.8923765659972,0.34093068458608894,0.34093068458608894,0.34093068458608894,False,-0.2863633357939628,0.0001953125,True
trial,205,205,204,927.3099854243146,927.3099854243146,926.723389451809,926.723389451809,3836,1918,0,0,3836,1918,790216,395108,1530845.0,1530845.0,798.1465067778936,False,True,3836,1918,0,0,3836,1918,0.000390625,655.152868456847,-1.5598842903035135,-1.5598842903035135,-1.5598842903035135,False,-0.37605095208150563,0.000390625,False
trial,206,206,206,926.0371861907701,926.0371861907701,926.0371861907701,926.0371861907701,3836,1918,0,0,3836,1918,794052,397026,1661920.0,1661920.0,866.4859228362878,False,True,3836,1918,0,0,3836,1918,0.0001953125,20744.44405981975,0.8922394852917063,0.8922394852917063,0.8922394852917063,False,-1.4949356128192868,0.0001953125,True
trial,207,207,206,926.1477935709361,926.1477935709361,926.0371861907701,926.0371861907701,3836,1918,0,0,3836,1918,797888,398944,1661920.0,1661920.0,866.4859228362878,False,True,3836,1918,0,0,3836,1918,0.000390625,1235.0551919670354,-0.17528011997576526,-0.17528011997576526,-0.17528011997576526,False,-0.6310320884154392,0.000390625,False
trial,208,208,208,925.7790769905082,925.7790769905082,925.7790769905082,925.7790769905082,3836,1918,0,0,3836,1918,801724,400862,1661920.0,1661920.0,866.4859228362878,False,True,3836,1918,0,0,3836,1918,0.0001953125,1235.0551919670354,0.6436398982699854,0.6436398982699854,0.6436398982699854,False,-0.40101491681236323,0.0001953125,True
trial,209,209,208,926.1992388679505,926.1992388679505,925.7790769905082,925.7790769905082,3836,1918,0,0,3836,1918,805560,402780,1661920.0,1661920.0,866.4859228362878,False,True,3836,1918,0,0,3836,1918,0.000390625,540.5514991213122,-1.4692135995828683,-1.4692135995828683,-1.4692135995828683,False,-0.2859773946835144,0.000390625,False
trial,210,210,210,925.7480494180477,925.7480494180477,925.7480494180477,925.7480494180477,3836,1918,0,0,3836,1918,809396,404698,1661920.0,1661920.0,866.4859228362878,False,True,3836,1918,0,0,3836,1918,0.0001953125,540.5514991213122,0.1753494305311989,0.1753494305311989,0.1753494305311989,False,-0.1769470956736052,0.0001953125,True
trial,211,211,211,925.3641614233411,925.3641614233411,925.3641614233411,925.3641614233411,3836,1918,0,0,3836,1918,813232,406616,1694690.0,1694690.0,883.5714285714286,False,True,3836,1918,0,0,3836,1918,0.000390625,11457.76818076632,0.05637812413953206,0.05637812413953206,0.05637812413953206,False,-0.6251500039569421,0.000390625,True
trial,212,212,211,926.7368371322956,926.7368371322956,925.3641614233411,925.3641614233411,3836,1918,0,0,3836,1918,817068,408534,1694690.0,1694690.0,883.5714285714286,False,True,3836,1918,0,0,3836,1918,0.00078125,2074.3954814525246,-1.5024734037689582,-1.5024734037689582,-1.5024734037689582,False,-0.9136106539464383,0.00078125,False
trial,213,213,213,925.2191329562806,925.2191329562806,925.2191329562806,925.2191329562806,3836,1918,0,0,3836,1918,820904,410452,1694690.0,1694690.0,883.5714285714286,False,True,3836,1918,0,0,3836,1918,0.000390625,2074.3954814525246,0.20660892460986346,0.20660892460986346,0.20660892460986346,False,-0.7019467689225483,0.000390625,True
trial,214,214,213,929.0956419340268,929.0956419340268,925.2191329562806,925.2191329562806,3836,1918,0,0,3836,1918,824740,412370,1694690.0,1694690.0,883.5714285714286,False,True,3836,1918,0,0,3836,1918,0.00078125,2252.783550649199,-4.694643723133491,-4.694643723133491,-4.694643723133491,False,-0.8257301738669064,0.00078125,False
trial,215,215,213,925.2716828799341,925.2716828799341,925.2191329562806,925.2191329562806,3836,1918,0,0,3836,1918,828576,414288,1694690.0,1694690.0,883.5714285714286,False,True,3836,1918,0,0,3836,1918,0.000390625,2252.783550649199,-0.08799096022457686,-0.08799096022457686,-0.08799096022457686,False,-0.5972195725488765,0.000390625,False
trial,216,216,216,926.1079491003422,926.1079491003422,926.1079491003422,926.1079491003422,3836,1918,0,0,3836,1918,832412,416206,1825765.0,1825765.0,951.9108446298227,False,True,3836,1918,0,0,3836,1918,0.0001953125,21364.333396444632,0.9267539388299548,0.9267539388299548,0.9267539388299548,False,-2.0826540554949133,0.0001953125,True
trial,217,217,216,926.1442987465467,926.1442987465467,926.1079491003422,926.1079491003422,3836,1918,0,0,3836,1918,836248,418124,1825765.0,1825765.0,951.9108446298227,False,True,3836,1918,0,0,3836,1918,0.000390625,2197.7390999145346,-0.09663449853773731,-0.09663449853773731,-0.09663449853773731,False,-0.3761559976460154,0.000390625,False
trial,218,218,218,925.9523024985943,925.9523024985943,925.9523024985943,925.9523024985943,3836,1918,0,0,3836,1918,840084,420042,1825765.0,1825765.0,951.9108446298227,False,True,3836,1918,0,0,3836,1918,0.0001953125,2197.7390999145346,0.6442927745946144,0.6442927745946144,0.6442927745946144,False,-0.24157744411431853,0.0001953125,True
trial,219,219,218,926.1294429834443,926.1294429834443,925.9523024985943,925.9523024985943,3836,1918,0,0,3836,1918,843920,421960,1825765.0,1825765.0,951.9108446298227,False,True,3836,1918,0,0,3836,1918,0.000390625,627.5858653373701,-0.48797331125111265,-0.48797331125111265,-0.48797331125111265,False,-0.363012650006942,0.000390625,False
trial,220,220,220,925.8577983501351,925.8577983501351,925.8577983501351,925.8577983501351,3836,1918,0,0,3836,1918,847756,423878,1825765.0,1825765.0,951.9108446298227,False,True,3836,1918,0,0,3836,1918,0.0001953125,627.5858653373701,0.4545030638942707,0.4545030638942707,0.4545030638942707,False,-0.20792851790592273,0.0001953125,True
trial,221,221,220,927.6061770366167,927.6061770366167,927.5443791818459,927.5443791818459,3836,1918,0,0,3836,1918,851592,425796,1858535.0,1858535.0,968.9963503649635,False,True,3836,1918,0,0,3836,1918,0.000390625,10268.9349935547,-0.09948296596812528,-0.09948296596812528,-0.09948296596812528,False,-0.6211903130292326,0.000390625,False
trial,222,222,222,927.1959590273158,927.1959590273158,927.1959590273158,927.1959590273158,3836,1918,0,0,3836,1918,855428,427714,1858535.0,1858535.0,968.9963503649635,False,True,3836,1918,0,0,3836,1918,0.0001953125,10268.9349935547,0.7130360664626368,0.7130360664626368,0.7130360664626368,False,-0.4886431008442892,0.0001953125,True
trial,223,223,222,927.710212245891,927.710212245891,927.1959590273158,927.1959590273158,3836,1918,0,0,3836,1918,859264,429632,1858535.0,1858535.0,968.9963503649635,False,True,3836,1918,0,0,3836,1918,0.000390625,1508.8611891910066,-1.173900356775828,-1.173900356775828,-1.173900356775828,False,-0.43807229089493066,0.000390625,False
trial,224,224,224,927.138118594971,927.138118594971,927.138118594971,927.138118594971,3836,1918,0,0,3836,1918,863100,431550,1858535.0,1858535.0,968.9963503649635,False,True,3836,1918,0,0,3836,1918,0.0001953125,1508.8611891910066,0.23757539856979584,0.23757539856979584,0.23757539856979584,False,-0.24346137139170337,0.0001953125,True
trial,225,225,224,927.7389046047687,927.7389046047687,927.138118594971,927.138118594971,3836,1918,0,0,3836,1918,866936,433468,1858535.0,1858535.0,968.9963503649635,False,True,3836,1918,0,0,3836,1918,0.000390625,937.4571791257374,-1.653048074417268,-1.653048074417268,-1.653048074417268,False,-0.3634413415407808,0.000390625,False
trial,226,226,226,926.6291106419901,926.6291106419901,926.6291106419901,926.6291106419901,3836,1918,0,0,3836,1918,870772,435386,1918000.0,1918000.0,1000.0,False,True,3836,1918,0,0,3836,1918,0.0001953125,14480.847096994405,0.7617161768055891,0.7617161768055891,0.7617161768055891,False,-0.8346155851240697,0.0001953125,True
trial,227,227,226,927.1215043241398,927.1215043241398,926.6291106419901,926.6291106419901,3836,1918,0,0,3836,1918,874608,437304,1918000.0,1918000.0,1000.0,False,True,3836,1918,0,0,3836,1918,0.000390625,927.9285354556681,-1.0365137836365477,-1.0365137836365477,-1.0365137836365477,False,-0.4750478864083542,0.000390625,False
trial,228,228,228,926.5446714427649,926.5446714427649,926.5446714427649,926.5446714427649,3836,1918,0,0,3836,1918,878444,439222,1918000.0,1918000.0,1000.0,False,True,3836,1918,0,0,3836,1918,0.0001953125,927.9285354556681,0.3069842576810405,0.3069842576810405,0.3069842576810405,False,-0.27506035606873735,0.0001953125,True
trial,229,229,228,927.0089809004907,927.0089809004907,926.5446714427649,926.5446714427649,3836,1918,0,0,3836,1918,882280,441140,1918000.0,1918000.0,1000.0,False,True,3836,1918,0,0,3836,1918,0.000390625,969.3246147696098,-1.2571483337127183,-1.2571483337127183,-1.2571483337127183,False,-0.3693354596864089,0.000390625,False
trial,230,230,230,926.4956456743523,926.4956456743523,926.4956456743523,926.4956456743523,3836,1918,0,0,3836,1918,886116,443058,1918000.0,1918000.0,1000.0,False,True,3836,1918,0,0,3836,1918,0.0001953125,969.3246147696098,0.21551650542512363,0.21551650542512363,0.21551650542512363,False,-0.22748034224033498,0.0001953125,True
trial,231,231,230,927.0415929936903,927.0415929936903,926.4956456743523,926.4956456743523,3836,1918,0,0,3836,1918,889952,444976,1918000.0,1918000.0,1000.0,False,True,3836,1918,0,0,3836,1918,0.000390625,937.9558152364614,-1.3097934119706516,-1.3097934119706516,-1.3097934119706516,False,-0.4168194116326923,0.000390625,False
trial,232,232,232,926.4565636605475,926.4565636605475,926.4565636605475,926.4565636605475,3836,1918,0,0,3836,1918,893788,446894,1918000.0,1918000.0,1000.0,False,True,3836,1918,0,0,3836,1918,0.0001953125,937.9558152364614,0.17027428682155113,0.17027428682155113,0.17027428682155113,False,-0.22952387312437383,0.0001953125,True
trial,233,233,232,926.9337341266964,926.9337341266964,926.4565636605475,926.4565636605475,3836,1918,0,0,3836,1918,897624,448812,1918000.0,1918000.0,1000.0,False,True,3836,1918,0,0,3836,1918,0.000390625,905.0397494113289,-1.3507583802419396,-1.3507583802419396,-1.3507583802419396,False,-0.3532611554580348,0.000390625,False
trial,234,234,234,926.4210449847146,926.4210449847146,926.4210449847146,926.4210449847146,3836,1918,0,0,3836,1918,901460,450730,1918000.0,1918000.0,1000.0,False,True,3836,1918,0,0,3836,1918,0.0001953125,905.0397494113289,0.16486882738183095,0.16486882738183095,0.16486882738183095,False,-0.21543597050434593,0.0001953125,True
trial,235,235,234,926.977355548488,926.977355548488,926.4210449847146,926.4210449847146,3836,1918,0,0,3836,1918,905296,452648,1918000.0,1918000.0,1000.0,False,True,3836,1918,0,0,3836,1918,0.000390625,940.0210495938684,-1.3586581173006806,-1.3586581173006806,-1.3586581173006806,False,-0.40945588642908537,0.000390625,False
trial,236,236,236,926.3860529799872,926.3860529799872,926.3860529799872,926.3860529799872,3836,1918,0,0,3836,1918,909132,454566,1918000.0,1918000.0,1000.0,False,True,3836,1918,0,0,3836,1918,0.0001953125,940.0210495938684,0.15555665704788893,0.15555665704788893,0.15555665704788893,False,-0.2249470089644294,0.0001953125,True
trial,237,237,236,926.858639556115,926.858639556115,926.3860529799872,926.3860529799872,3836,1918,0,0,3836,1918,912968,456484,1918000.0,1918000.0,1000.0,False,True,3836,1918,0,0,3836,1918,0.000390625,896.5354501043271,-1.3543738568453354,-1.3543738568453354,-1.3543738568453354,False,-0.3489336225291432,0.000390625,False
trial,238,238,238,926.3514583334457,926.3514583334457,926.3514583334457,926.3514583334457,3836,1918,0,0,3836,1918,916804,458402,1918000.0,1918000.0,1000.0,False,True,3836,1918,0,0,3836,1918,0.0001953125,896.5354501043271,0.1630029736737777,0.1630029736737777,0.1630029736737777,False,-0.2122332234912791,0.0001953125,True
trial,239,239,238,926.9018234747241,926.9018234747241,926.3514583334457,926.3514583334457,3836,1918,0,0,3836,1918,920640,460320,1918000.0,1918000.0,1000.0,False,True,3836,1918,0,0,3836,1918,0.000390625,917.4309334091087,-1.3720171874698428,-1.3720171874698428,-1.3720171874698428,False,-0.40113574837446814,0.000390625,False
trial,240,240,240,926.3204077454393,926.3204077454393,926.3204077454393,926.3204077454393,3836,1918,0,0,3836,1918,924476,462238,1918000.0,1918000.0,1000.0,False,True,3836,1918,0,0,3836,1918,0.0001953125,917.4309334091087,0.14096731560396228,0.14096731560396228,0.14096731560396228,False,-0.22026799526838933,0.0001953125,True
trial,241,241,240,926.8000653126228,926.8000653126228,926.3204077454393,926.3204077454393,3836,1918,0,0,3836,1918,928312,464156,1918000.0,1918000.0,1000.0,False,True,3836,1918,0,0,3836,1918,0.000390625,886.4000828693071,-1.3804497413557486,-1.3804497413557486,-1.3804497413557486,False,-0.3474647086480813,0.000390625,False
trial,242,242,242,926.2881553234563,926.2881553234563,926.2881553234563,926.2881553234563,3836,1918,0,0,3836,1918,932148,466074,1918000.0,1918000.0,1000.0,False,True,3836,1918,0,0,3836,1918,0.0001953125,886.4000828693071,0.15282125281957895,0.15282125281957895,0.15282125281957895,False,-0.2110467057947771,0.0001953125,True
trial,243,243,242,926.8638565931111,926.8638565931111,926.2881553234563,926.2881553234563,3836,1918,0,0,3836,1918,935984,467992,1918000.0,1918000.0,1000.0,False,True,3836,1918,0,0,3836,1918,0.000390625,930.7430597313187,-1.4433984855068949,-1.4433984855068949,-1.4433984855068949,False,-0.3988512357712769,0.000390625,False
trial,244,244,244,926.2593089631127,926.2593089631127,926.2593089631127,926.2593089631127,3836,1918,0,0,3836,1918,939820,469910,1918000.0,1918000.0,1000.0,False,True,3836,1918,0,0,3836,1918,0.0001953125,930.7430597313187,0.13134626408573613,0.13134626408573613,0.13134626408573613,False,-0.21962071433353317,0.0001953125,True
trial,245,245,244,926.7482445671692,926.7482445671692,926.2593089631127,926.2593089631127,3836,1918,0,0,3836,1918,943656,471828,1918000.0,1918000.0,1000.0,False,True,3836,1918,0,0,3836,1918,0.000390625,907.1326788555804,-1.407796212191261,-1.407796212191261,-1.407796212191261,False,-0.34730566812323876,0.000390625,False
trial,246,246,246,926.2272667279013,926.2272667279013,926.2272667279013,926.2272667279013,3836,1918,0,0,3836,1918,947492,473746,1918000.0,1918000.0,1000.0,False,True,3836,1918,0,0,3836,1918,0.0001953125,907.1326788555804,0.15145482725896486,0.15145482725896486,0.15145482725896486,False,-0.2115629841009894,0.0001953125,True
trial,247,247,246,926.800354212,926.800354212,926.2272667279013,926.2272667279013,3836,1918,0,0,3836,1918,951328,475664,1918000.0,1918000.0,1000.0,False,True,3836,1918,0,0,3836,1918,0.000390625,935.4692726631187,-1.4475973983854329,-1.4475973983854329,-1.4475973983854329,False,-0.3958887220561831,0.000390625,False
trial,248,248,248,926.2009510341845,926.2009510341845,926.2009510341845,926.2009510341845,3836,1918,0,0,3836,1918,955164,477582,1918000.0,1918000.0,1000.0,False,True,3836,1918,0,0,3836,1918,0.0001953125,935.4692726631187,0.12073005552302174,0.12073005552302174,0.12073005552302174,False,-0.21797135438070306,0.0001953125,True
trial,249,249,248,926.6877298564589,926.6877298564589,926.2009510341845,926.2009510341845,3836,1918,0,0,3836,1918,959000,479500,1918000.0,1918000.0,1000.0,False,True,3836,1918,0,0,3836,1918,0.000390625,912.3901761482811,-1.402223502791196,-1.402223502791196,-1.402223502791196,False,-0.3471478129594805,0.000390625,False
trial,250,250,250,926.1684828191899,926.1684828191899,926.1684828191899,926.1684828191899,3836,1918,0,0,3836,1918,962836,481418,1918000.0,1918000.0,1000.0,False,True,3836,1918,0,0,3836,1918,0.0001953125,912.3901761482811,0.15334889290480444,0.15334889290480444,0.15334889290480444,False,-0.21172774305456954,0.0001953125,True
trial,251,251,250,926.7316103184287,926.7316103184287,926.1684828191899,926.1684828191899,3836,1918,0,0,3836,1918,966672,483336,1918000.0,1918000.0,1000.0,False,True,3836,1918,0,0,3836,1918,0.000390625,930.6742306413021,-1.4357269350063402,-1.4357269350063402,-1.4357269350063402,False,-0.392224653246009,0.000390625,False
trial,252,252,252,926.1418097477475,926.1418097477475,926.1418097477475,926.1418097477475,3836,1918,0,0,3836,1918,970508,485254,1918000.0,1918000.0,1000.0,False,True,3836,1918,0,0,3836,1918,0.0001953125,930.6742306413021,0.12335188989802853,0.12335188989802853,0.12335188989802853,False,-0.21623561231538535,0.0001953125,True
trial,253,253,252,926.6302635757784,926.6302635757784,926.1418097477475,926.1418097477475,3836,1918,0,0,3836,1918,974344,487172,1918000.0,1918000.0,1000.0,False,True,3836,1918,0,0,3836,1918,0.000390625,890.193375789236,-1.421358826593028,-1.421358826593028,-1.421358826593028,False,-0.34365272082748544,0.000390625,False
trial,254,254,254,926.1117413140869,926.1117413140869,926.1117413140869,926.1117413140869,3836,1918,0,0,3836,1918,978180,489090,1918000.0,1918000.0,1000.0,False,True,3836,1918,0,0,3836,1918,0.0001953125,890.193375789236,0.14360513363354638,0.14360513363354638,0.14360513363354638,False,-0.20938272121496715,0.0001953125,True
trial,255,255,254,926.6891707150029,926.6891707150029,926.1117413140869,926.1117413140869,3836,1918,0,0,3836,1918,982016,491008,1918000.0,1918000.0,1000.0,False,True,3836,1918,0,0,3836,1918,0.000390625,932.1973453555086,-1.4794957577259245,-1.4794957577259245,-1.4794957577259245,False,-0.39028797338597804,0.000390625,False
trial,256,256,256,926.0874349947899,926.0874349947899,926.0874349947899,926.0874349947899,3836,1918,0,0,3836,1918,985852,492926,1918000.0,1918000.0,1000.0,False,True,3836,1918,0,0,3836,1918,0.0001953125,932.1973453555086,0.11289353425717692,0.11289353425717692,0.11289353425717692,False,-0.2153030238351848,0.0001953125,True
trial,257,257,256,926.5849966434281,926.5849966434281,926.0874349947899,926.0874349947899,3836,1918,0,0,3836,1918,989688,494844,1918000.0,1918000.0,1000.0,False,True,3836,1918,0,0,3836,1918,0.000390625,906.4970277093263,-1.4447541008784037,-1.4447541008784037,-1.4447541008784037,False,-0.3443919268584944,0.000390625,False
trial,258,258,258,926.0580537942691,926.0580537942691,926.0580537942691,926.0580537942691,3836,1918,0,0,3836,1918,993524,496762,1918000.0,1918000.0,1000.0,False,True,3836,1918,0,0,3836,1918,0.0001953125,906.4970277093263,0.1398298542817542,0.1398298542817542,0.1398298542817542,False,-0.2101210837392836,0.0001953125,True
trial,259,259,258,926.6335278145868,926.6335278145868,926.0580537942691,926.0580537942691,3836,1918,0,0,3836,1918,997360,498680,1918000.0,1918000.0,1000.0,False,True,3836,1918,0,0,3836,1918,0.000390625,941.0362093191916,-1.481528964778748,-1.481528964778748,-1.481528964778748,False,-0.3884325139763283,0.000390625,False
trial,260,260,260,926.0338768273919,926.0338768273919,926.0338768273919,926.0338768273919,3836,1918,0,0,3836,1918,1001196,500598,1918000.0,1918000.0,1000.0,False,True,3836,1918,0,0,3836,1918,0.0001953125,941.0362093191916,0.11262197004641497,0.11262197004641497,0.11262197004641497,False,-0.2146736277768081,0.0001953125,True
trial,261,261,260,926.515556369634,926.515556369634,926.0338768273919,926.0338768273919,3836,1918,0,0,3836,1918,1005032,502516,1918000.0,1918000.0,1000.0,False,True,3836,1918,0,0,3836,1918,0.000390625,904.8454789267462,-1.4054714412573033,-1.4054714412573033,-1.4054714412573033,False,-0.3427174171616785,0.000390625,False
trial,262,262,262,926.0037668226721,926.0037668226721,926.0037668226721,926.0037668226721,3836,1918,0,0,3836,1918,1008868,504434,1918000.0,1918000.0,1000.0,False,True,3836,1918,0,0,3836,1918,0.0001953125,904.8454789267462,0.14409722185764798,0.14409722185764798,0.14409722185764798,False,-0.20895617786087822,0.0001953125,True
trial,263,263,262,926.5779885252559,926.5779885252559,926.0037668226721,926.0037668226721,3836,1918,0,0,3836,1918,1012704,506352,1918000.0,1918000.0,1000.0,False,True,3836,1918,0,0,3836,1918,0.000390625,912.3384714740297,-1.4965721981622968,-1.4965721981622968,-1.4965721981622968,False,-0.3836912801727427,0.000390625,False
trial,264,264,264,925.982463785981,925.982463785981,925.982463785981,925.982463785981,3836,1918,0,0,3836,1918,1016540,508270,1918000.0,1918000.0,1000.0,False,True,3836,1918,0,0,3836,1918,0.0001953125,912.3384714740297,0.1006306174231214,0.1006306174231214,0.1006306174231214,False,-0.21169537896680846,0.0001953125,True
trial,265,265,264,926.472765275203,926.472765275203,925.982463785981,925.982463785981,3836,1918,0,0,3836,1918,1020376,510188,1918000.0,1918000.0,1000.0,False,True,3836,1918,0,0,3836,1918,0.000390625,895.4339564169658,-1.433613850701051,-1.433613850701051,-1.433613850701051,False,-0.3420038729272489,0.000390625,False
trial,266,266,266,925.953394109586,925.953394109586,925.953394109586,925.953394109586,3836,1918,0,0,3836,1918,1024212,512106,1918000.0,1918000.0,1000.0,False,True,3836,1918,0,0,3836,1918,0.0001953125,895.4339564169658,0.1393559775739582,0.1393559775739582,0.1393559775739582,False,-0.20860013973626076,0.0001953125,True
trial,267,267,266,926.5332645121296,926.5332645121296,925.953394109586,925.953394109586,3836,1918,0,0,3836,1918,1028048,514024,1918000.0,1918000.0,1000.0,False,True,3836,1918,0,0,3836,1918,0.000390625,921.2272386513929,-1.5199295149809529,-1.5199295149809529,-1.5199295149809529,False,-0.38151137722382256,0.000390625,False
trial,268,268,268,925.9329512967696,925.9329512967696,925.9329512967696,925.9329512967696,3836,1918,0,0,3836,1918,1031884,515942,1918000.0,1918000.0,1000.0,False,True,3836,1918,0,0,3836,1918,0.0001953125,921.2272386513929,0.09694009489043894,0.09694009489043894,0.09694009489043894,False,-0.2108808830808885,0.0001953125,True
trial,269,269,268,926.4196460740003,926.4196460740003,925.9329512967696,925.9329512967696,3836,1918,0,0,3836,1918,1035720,517860,1918000.0,1918000.0,1000.0,False,True,3836,1918,0,0,3836,1918,0.000390625,881.1117508775033,-1.4285356854009612,-1.4285356854009612,-1.4285356854009612,False,-0.34069486832181606,0.000390625,False
trial,270,270,270,925.9041122859697,925.9041122859697,925.9041122859697,925.9041122859697,3836,1918,0,0,3836,1918,1039556,519778,1918000.0,1918000.0,1000.0,False,True,3836,1918,0,0,3836,1918,0.0001953125,881.1117508775033,0.13851124311210575,0.13851124311210575,0.13851124311210575,False,-0.2082070029254984,0.0001953125,True
trial,271,271,270,926.4874230581548,926.4874230581548,925.9041122859697,925.9041122859697,3836,1918,0,0,3836,1918,1043392,521696,1918000.0,1918000.0,1000.0,False,True,3836,1918,0,0,3836,1918,0.000390625,912.6932300057376,-1.5433498399659475,-1.5433498399659475,-1.5433498399659475,False,-0.37795110161021994,0.000390625,False
trial,272,272,272,925.8860874336679,925.8860874336679,925.8860874336679,925.8860874336679,3836,1918,0,0,3836,1918,1047228,523614,1918000.0,1918000.0,1000.0,False,True,3836,1918,0,0,3836,1918,0.0001953125,912.6932300057376,0.08628089443504694,0.08628089443504694,0.08628089443504694,False,-0.2089089643763608,0.0001953125,True
trial,273,273,272,926.3780057682054,926.3780057682054,925.8860874336679,925.8860874336679,3836,1918,0,0,3836,1918,1051064,525532,1918000.0,1918000.0,1000.0,False,True,3836,1918,0,0,3836,1918,0.000390625,896.2416262013462,-1.4478466360460405,-1.4478466360460405,-1.4478466360460405,False,-0.3397585920294364,0.000390625,False
trial,274,274,274,925.8583357897314,925.8583357897314,925.8583357897314,925.8583357897314,3836,1918,0,0,3836,1918,1054900,527450,1918000.0,1918000.0,1000.0,False,True,3836,1918,0,0,3836,1918,0.0001953125,896.2416262013462,0.13340189924041282,0.13340189924041282,0.13340189924041282,False,-0.20803035110027254,0.0001953125,True
trial,275,275,274,926.4456649833683,926.4456649833683,925.8583357897314,925.8583357897314,3836,1918,0,0,3836,1918,1058736,529368,1918000.0,1918000.0,1000.0,False,True,3836,1918,0,0,3836,1918,0.000390625,923.7644390727629,-1.5643743555592313,-1.5643743555592313,-1.5643743555592313,False,-0.37544031040247733,0.000390625,False
trial,276,276,276,925.8414497053859,925.8414497053859,925.8414497053859,925.8414497053859,3836,1918,0,0,3836,1918,1062572,531286,1918000.0,1918000.0,1000.0,False,True,3836,1918,0,0,3836,1918,0.0001953125,923.7644390727629,0.08115141214520748,0.08115141214520748,0.08115141214520748,False,-0.20808121385860823,0.0001953125,True
trial,277,277,276,926.3352058475016,926.3352058475016,925.8414497053859,925.8414497053859,3836,1918,0,0,3836,1918,1066408,533204,1918000.0,1918000.0,1000.0,False,True,3836,1918,0,0,3836,1918,0.000390625,901.2230018295508,-1.4572771207129502,-1.4572771207129502,-1.4572771207129502,False,-0.33882103485856485,0.000390625,False
trial,278,278,278,925.8139892532416,925.8139892532416,925.8139892532416,925.8139892532416,3836,1918,0,0,3836,1918,1070244,535122,1918000.0,1918000.0,1000.0,False,True,3836,1918,0,0,3836,1918,0.0001953125,901.2230018295508,0.13240528031695242,0.13240528031695242,0.13240528031695242,False,-0.20739695636418376,0.0001953125,True
trial,279,279,278,926.4020786120267,926.4020786120267,925.8139892532416,925.8139892532416,3836,1918,0,0,3836,1918,1074080,537040,1918000.0,1918000.0,1000.0,False,True,3836,1918,0,0,3836,1918,0.000390625,943.1523468143433,-1.5815111586320112,-1.5815111586320112,-1.5815111586320112,False,-0.37185280393073267,0.000390625,False
trial,280,280,280,925.7987403005238,925.7987403005238,925.7987403005238,925.7987403005238,3836,1918,0,0,3836,1918,1077916,538958,1918000.0,1918000.0,1000.0,False,True,3836,1918,0,0,3836,1918,0.0001953125,943.1523468143433,0.07397856444646493,0.07397856444646493,0.07397856444646493,False,-0.20612663724818148,0.0001953125,True
trial,281,281,280,926.2956030471744,926.2956030471744,925.7987403005238,925.7987403005238,3836,1918,0,0,3836,1918,1081752,540876,1918000.0,1918000.0,1000.0,False,True,3836,1918,0,0,3836,1918,0.000390625,894.8136477036279,-1.475090167913378,-1.475090167913378,-1.475090167913378,False,-0.33683550840380005,0.000390625,False
trial,282,282,282,925.7725164030315,925.7725164030315,925.7725164030315,925.7725164030315,3836,1918,0,0,3836,1918,1085588,542794,1918000.0,1918000.0,1000.0,False,True,3836,1918,0,0,3836,1918,0.0001953125,894.8136477036279,0.12710003214314305,0.12710003214314305,0.12710003214314305,False,-0.20632486908227232,0.0001953125,True
trial,283,283,282,926.3638842365023,926.3638842365023,925.7725164030315,925.7725164030315,3836,1918,0,0,3836,1918,1089424,544712,1918000.0,1918000.0,1000.0,False,True,3836,1918,0,0,3836,1918,0.000390625,913.6099285176538,-1.605642851354991,-1.605642851354991,-1.605642851354991,False,-0.36830596104959556,0.000390625,False
trial,284,284,284,925.7589692579717,925.7589692579717,925.7589692579717,925.7589692579717,3836,1918,0,0,3836,1918,1093260,546630,1918000.0,1918000.0,1000.0,False,True,3836,1918,0,0,3836,1918,0.0001953125,913.6099285176538,0.06622535050225493,0.06622535050225493,0.06622535050225493,False,-0.20456131914942507,0.0001953125,True
trial,285,285,284,926.2542994928693,926.2542994928693,925.7589692579717,925.7589692579717,3836,1918,0,0,3836,1918,1097096,548548,1918000.0,1918000.0,1000.0,False,True,3836,1918,0,0,3836,1918,0.000390625,897.4177500540342,-1.4797991933320935,-1.4797991933320935,-1.4797991933320935,False,-0.33472800710366646,0.000390625,False
trial,286,286,286,925.7337384801309,925.7337384801309,925.7337384801309,925.7337384801309,3836,1918,0,0,3836,1918,1100932,550466,1918000.0,1918000.0,1000.0,False,True,3836,1918,0,0,3836,1918,0.0001953125,897.4177500540342,0.1228501526953662,0.1228501526953662,0.1228501526953662,False,-0.2053784817290903,0.0001953125,True
trial,287,287,286,926.3287588768048,926.3287588768048,925.7337384801309,925.7337384801309,3836,1918,0,0,3836,1918,1104768,552384,1918000.0,1918000.0,1000.0,False,True,3836,1918,0,0,3836,1918,0.000390625,912.1466999224591,-1.6320198871036116,-1.6320198871036116,-1.6320198871036116,False,-0.36459138848481143,0.000390625,False
trial,288,288,288,925.7226321058903,925.7226321058903,925.7226321058903,925.7226321058903,3836,1918,0,0,3836,1918,1108604,554302,1918000.0,1918000.0,1000.0,False,True,3836,1918,0,0,3836,1918,0.0001953125,912.1466999224591,0.05482380330281927,0.05482380330281927,0.05482380330281927,False,-0.20258306741835888,0.0001953125,True
trial,289,289,288,926.2189794855148,926.2189794855148,925.7226321058903,925.7226321058903,3836,1918,0,0,3836,1918,1112440,556220,1918000.0,1918000.0,1000.0,False,True,3836,1918,0,0,3836,1918,0.000390625,901.2672200829388,-1.4912014576936452,-1.4912014576936452,-1.4912014576936452,False,-0.3328506534537183,0.000390625,False
trial,290,290,290,925.6983042396671,925.6983042396671,925.6983042396671,925.6983042396671,3836,1918,0,0,3836,1918,1116276,558138,1918000.0,1918000.0,1000.0,False,True,3836,1918,0,0,3836,1918,0.0001953125,901.2672200829388,0.11887853649815519,0.11887853649815519,0.11887853649815519,False,-0.20464473183993354,0.0001953125,True
trial,291,291,290,926.2968433252363,926.2968433252363,925.6983042396671,925.6983042396671,3836,1918,0,0,3836,1918,1120112,560056,1918000.0,1918000.0,1000.0,False,True,3836,1918,0,0,3836,1918,0.000390625,910.3950362557837,-1.660051258994847,-1.660051258994847,-1.660051258994847,False,-0.36055458066494456,0.000390625,False
trial,292,292,292,925.6889604308213,925.6889604308213,925.6889604308213,925.6889604308213,3836,1918,0,0,3836,1918,1123948,561974,1918000.0,1918000.0,1000.0,False,True,3836,1918,0,0,3836,1918,0.0001953125,910.3950362557837,0.04660159352979799,0.04660159352979799,0.04660159352979799,False,-0.20050406301624454,0.0001953125,True
trial,293,293,293,925.6178286219877,925.6178286219877,925.6178286219877,925.6178286219877,3836,1918,0,0,3836,1918,1127784,563892,1918000.0,1918000.0,1000.0,False,True,3836,1918,0,0,3836,1918,9.765625e-05,892.4445374170054,0.6090895614365073,0.6090895614365073,0.6090895614365073,False,-0.11678382513389829,9.765625e-05,True
trial,294,294,293,925.6958893935949,925.6958893935949,925.6178286219877,925.6178286219877,3836,1918,0,0,3836,1918,1131620,565810,1918000.0,1918000.0,1000.0,False,True,3836,1918,0,0,3836,1918,0.0001953125,315.56110762922674,-1.0426443518606743,-1.0426443518606743,-1.0426443518606743,False,-0.07486807123443248,0.0001953125,False
trial,295,295,295,925.613427986287,925.613427986287,925.613427986287,925.613427986287,3836,1918,0,0,3836,1918,1135456,567728,1918000.0,1918000.0,1000.0,False,True,3836,1918,0,0,3836,1918,9.765625e-05,315.56110762922674,0.0992058667641815,0.0992058667641815,0.0992058667641815,False,-0.044358623579561954,9.765625e-05,True
trial,296,296,295,925.7122188215433,925.7122188215433,925.613427986287,925.613427986287,3836,1918,0,0,3836,1918,1139292,569646,1918000.0,1918000.0,1000.0,False,True,3836,1918,0,0,3836,1918,0.0001953125,350.91952063154264,-0.9281501444748462,-0.9281501444748462,-0.9281501444748462,False,-0.10643842038315032,0.0001953125,False
trial,297,297,297,925.6025897639965,925.6025897639965,925.6025897639965,925.6025897639965,3836,1918,0,0,3836,1918,1143128,571564,1918000.0,1918000.0,1000.0,False,True,3836,1918,0,0,3836,1918,9.765625e-05,350.91952063154264,0.18964049217273096,0.18964049217273096,0.18964049217273096,False,-0.05715141405855063,9.765625e-05,True
trial,298,298,297,925.6967059410163,925.6967059410163,925.6025897639965,925.6025897639965,3836,1918,0,0,3836,1918,1146964,573482,1918000.0,1918000.0,1000.0,False,True,3836,1918,0,0,3836,1918,0.0001953125,307.385503804085,-1.0881283870197065,-1.0881283870197065,-1.0881283870197065,False,-0.08649363268381455,0.0001953125,False
trial,299,299,299,925.5997755375872,925.5997755375872,925.5997755375872,925.5997755375872,3836,1918,0,0,3836,1918,1150800,575400,1918000.0,1918000.0,1000.0,False,True,3836,1918,0,0,3836,1918,9.765625e-05,307.385503804085,0.05536883566939979,0.05536883566939979,0.05536883566939979,False,-0.05082690244980023,9.765625e-05,True
trial,300,300,299,925.7038830162701,925.7038830162701,925.5997755375872,925.5997755375872,3836,1918,0,0,3836,1918,1154636,577318,1918000.0,1918000.0,1000.0,False,True,3836,1918,0,0,3836,1918,0.0001953125,355.68217012934383,-0.9009168144571708,-0.9009168144571708,-0.9009168144571708,False,-0.11555726012905079,0.0001953125,False
trial,301,301,301,925.5907631111614,925.5907631111614,925.5907631111614,925.5907631111614,3836,1918,0,0,3836,1918,1158472,579236,1918000.0,1918000.0,1000.0,False,True,3836,1918,0,0,3836,1918,9.765625e-05,355.68217012934383,0.1441744571148009,0.1441744571148009,0.1441744571148009,False,-0.06251056259298099,9.765625e-05,True
trial,302,302,301,925.6939522758215,925.6939522758215,925.5907631111614,925.5907631111614,3836,1918,0,0,3836,1918,1162308,581154,1918000.0,1918000.0,1000.0,False,True,3836,1918,0,0,3836,1918,0.0001953125,337.27111278726824,-1.0993243952743368,-1.0993243952743368,-1.0993243952743368,False,-0.09386598269233248,0.0001953125,False
trial,303,303,303,925.5878129839841,925.5878129839841,925.5878129839841,925.5878129839841,3836,1918,0,0,3836,1918,1166144,583072,1918000.0,1918000.0,1000.0,False,True,3836,1918,0,0,3836,1918,9.765625e-05,337.27111278726824,0.051928353767824086,0.051928353767824086,0.051928353767824086,False,-0.05681149051064671,9.765625e-05,True
trial,304,304,303,925.6922815194506,925.6922815194506,925.5878129839841,925.5878129839841,3836,1918,0,0,3836,1918,1169980,584990,1918000.0,1918000.0,1000.0,False,True,3836,1918,0,0,3836,1918,0.0001953125,374.5305281637066,-0.8788508732051138,-0.8788508732051138,-0.8788508732051138,False,-0.11886946767827691,0.0001953125,False
trial,305,305,305,925.5775315230497,925.5775315230497,925.5775315230497,925.5775315230497,3836,1918,0,0,3836,1918,1173816,586908,1918000.0,1918000.0,1000.0,False,True,3836,1918,0,0,3836,1918,9.765625e-05,374.5305281637066,0.15654826236583808,0.15654826236583808,0.15654826236583808,False,-0.0656759824670092,9.765625e-05,True
trial,306,306,305,925.6814316626919,925.6814316626919,925.5775315230497,925.5775315230497,3836,1918,0,0,3836,1918,1177652,588826,1918000.0,1918000.0,1000.0,False,True,3836,1918,0,0,3836,1918,0.0001953125,341.8848624853975,-1.1144650328929095,-1.1144650328929095,-1.1144650328929095,False,-0.09322871205072797,0.0001953125,False
trial,307,307,307,925.5748994338728,925.5748994338728,925.5748994338728,925.5748994338728,3836,1918,0,0,3836,1918,1181488,590744,1918000.0,1918000.0,1000.0,False,True,3836,1918,0,0,3836,1918,9.765625e-05,341.8848624853975,0.04656997943093807,0.04656997943093807,0.04656997943093807,False,-0.056519010939884096,9.765625e-05,True
trial,308,308,308,925.5534687002569,925.5534687002569,925.5534687002569,925.5534687002569,3836,1918,0,0,3836,1918,1185324,592662,1918000.0,1918000.0,1000.0,False,True,3836,1918,0,0,3836,1918,4.8828125e-05,373.9366330691736,0.6120694089235837,0.6120694089235837,0.6120694089235837,False,-0.0350135675848149,4.8828125e-05,True
trial,309,309,309,925.553262625993,925.553262625993,925.553262625993,925.553262625993,3836,1918,0,0,3836,1918,1189160,594580,1918000.0,1918000.0,1000.0,False,True,3836,1918,0,0,3836,1918,9.765625e-05,139.48586852936273,0.00969576414507922,0.00969576414507922,0.00969576414507922,False,-0.021254050813479454,9.765625e-05,True
trial,310,310,310,925.5414507090586,925.5414507090586,925.5414507090586,925.5414507090586,3836,1918,0,0,3836,1918,1192996,596498,1918000.0,1918000.0,1000.0,False,True,3836,1918,0,0,3836,1918,4.8828125e-05,181.66241251599513,0.6935213029304048,0.6935213029304048,0.6935213029304048,False,-0.017031801163912473,4.8828125e-05,True
trial,311,311,310,925.5537784982821,925.5537784982821,925.5414507090586,925.5414507090586,3836,1918,0,0,3836,1918,1196832,598416,1918000.0,1918000.0,1000.0,False,True,3836,1918,0,0,3836,1918,9.765625e-05,76.85849292486787,-0.9895828761112289,-0.9895828761112289,-0.9895828761112289,False,-0.012457561181672409,9.765625e-05,False
trial,312,312,312,925.5410886356003,925.5410886356003,925.5410886356003,925.5410886356003,3836,1918,0,0,3836,1918,1200668,600334,1918000.0,1918000.0,1000.0,False,True,3836,1918,0,0,3836,1918,4.8828125e-05,76.85849292486787,0.05526176426050666,0.05526176426050666,0.05526176426050666,False,-0.006551970664276063,4.8828125e-05,True
trial,313,313,313,925.5409339386601,925.5409339386601,925.5409339386601,925.5409339386601,3836,1918,0,0,3836,1918,1204504,602252,1918000.0,1918000.0,1000.0,False,True,3836,1918,0,0,3836,1918,9.765625e-05,101.67973016220311,0.006936154876080295,0.006936154876080295,0.006936154876080295,False,-0.022302982406728285,9.765625e-05,True
trial,314,314,314,925.5307752993185,925.5307752993185,925.5307752993185,925.5307752993185,3836,1918,0,0,3836,1918,1208340,604170,1918000.0,1918000.0,1000.0,False,True,3836,1918,0,0,3836,1918,4.8828125e-05,174.675693966611,0.5882968572961997,0.5882968572961997,0.5882968572961997,False,-0.017267879669312577,4.8828125e-05,True
trial,315,315,314,925.5494200647076,925.5494200647076,925.5307752993185,925.5307752993185,3836,1918,0,0,3836,1918,1212176,606088,1918000.0,1918000.0,1000.0,False,True,3836,1918,0,0,3836,1918,9.765625e-05,88.35185366578685,-1.4339770274616417,-1.4339770274616417,-1.4339770274616417,False,-0.013002136737246402,9.765625e-05,False
trial,316,316,314,925.5350660920201,925.5350660920201,925.5307752993185,925.5307752993185,3836,1918,0,0,3836,1918,1216012,608006,1918000.0,1918000.0,1000.0,False,True,3836,1918,0,0,3836,1918,4.8828125e-05,88.35185366578685,-0.5272684028303665,-0.5272684028303665,-0.5272684028303665,False,-0.008137777038287775,4.8828125e-05,False
trial,317,317,317,925.5292725993653,925.5292725993653,925.5292725993653,925.5292725993653,3836,1918,0,0,3836,1918,1219848,609924,1918000.0,1918000.0,1000.0,False,True,3836,1918,0,0,3836,1918,2.44140625e-05,88.35185366578685,0.31304689653431766,0.31304689653431766,0.31304689653431766,False,-0.004800239101096857,2.44140625e-05,True
trial,318,318,317,925.5321838340496,925.5321838340496,925.5292725993653,925.5292725993653,3836,1918,0,0,3836,1918,1223684,611842,1918000.0,1918000.0,1000.0,False,True,3836,1918,0,0,3836,1918,4.8828125e-05,80.71391488244045,-0.3357969284054835,-0.3357969284054835,-0.3357969284054835,False,-0.008669628689492441,4.8828125e-05,False
trial,319,319,319,925.5277564073215,925.5277564073215,925.5277564073215,925.5277564073215,3836,1918,0,0,3836,1918,1227520,613760,1918000.0,1918000.0,1000.0,False,True,3836,1918,0,0,3836,1918,2.44140625e-05,80.71391488244045,0.31570645812487064,0.31570645812487064,0.31570645812487064,False,-0.004802537308956294,2.44140625e-05,True
trial,320,320,319,925.5331576548017,925.5331576548017,925.5277564073215,925.5277564073215,3836,1918,0,0,3836,1918,1231356,615678,1918000.0,1918000.0,1000.0,False,True,3836,1918,0,0,3836,1918,4.8828125e-05,78.70289018900219,-0.7477379578629842,-0.7477379578629842,-0.7477379578629842,False,-0.007223449636900483,4.8828125e-05,False
trial,321,321,321,925.5269144112224,925.5269144112224,925.5269144112224,925.5269144112224,3836,1918,0,0,3836,1918,1235192,617596,1918000.0,1918000.0,1000.0,False,True,3836,1918,0,0,3836,1918,2.44140625e-05,78.70289018900219,0.19614359348382707,0.19614359348382707,0.19614359348382707,False,-0.00429275350850125,2.44140625e-05,True
trial,322,322,321,925.5299536306247,925.5299536306247,925.5269144112224,925.5269144112224,3836,1918,0,0,3836,1918,1239028,619514,1918000.0,1918000.0,1000.0,False,True,3836,1918,0,0,3836,1918,4.8828125e-05,84.66126564900043,-0.3352649445375274,-0.3352649445375274,-0.3352649445375274,False,-0.009065127302664414,4.8828125e-05,False
trial,323,323,323,925.5253154489197,925.5253154489197,925.5253154489197,925.5253154489197,3836,1918,0,0,3836,1918,1242864,621432,1918000.0,1918000.0,1000.0,False,True,3836,1918,0,0,3836,1918,2.44140625e-05,84.66126564900043,0.3111436337658913,0.3111436337658913,0.3111436337658913,False,-0.005138984472490284,2.44140625e-05,True
trial,324,324,323,925.5308114524131,925.5308114524131,925.5253154489197,925.5253154489197,3836,1918,0,0,3836,1918,1246700,623350,1918000.0,1918000.0,1000.0,False,True,3836,1918,0,0,3836,1918,4.8828125e-05,79.81060926912573,-0.7521735815782269,-0.7521735815782269,-0.7521735815782269,False,-0.007306828673550384,4.8828125e-05,False
trial,325,325,325,925.5244525323977,925.5244525323977,925.5244525323977,925.5244525323977,3836,1918,0,0,3836,1918,1250536,625268,1918000.0,1918000.0,1000.0,False,True,3836,1918,0,0,3836,1918,2.44140625e-05,79.81060926912573,0.19706198290500865,0.19706198290500865,0.19706198290500865,False,-0.004378909159895852,2.44140625e-05,True
trial,326,326,325,925.5275738924868,925.5275738924868,925.5244525323977,925.5244525323977,3836,1918,0,0,3836,1918,1254372,627186,1918000.0,1918000.0,1000.0,False,True,3836,1918,0,0,3836,1918,4.8828125e-05,84.06443104106616,-0.34747769763796693,-0.34747769763796693,-0.34747769763796693,False,-0.008982907709638782,4.8828125e-05,False
trial,327,327,327,925.5228907582298,925.5228907582298,925.5228907582298,925.5228907582298,3836,1918,0,0,3836,1918,1258208,629104,1918000.0,1918000.0,1000.0,False,True,3836,1918,0,0,3836,1918,2.44140625e-05,84.06443104106616,0.3061139115756777,0.3061139115756777,0.3061139115756777,False,-0.005101937902509674,2.44140625e-05,True
trial,328,328,327,925.5284492375824,925.5284492375824,925.5228907582298,925.5228907582298,3836,1918,0,0,3836,1918,1262044,631022,1918000.0,1918000.0,1000.0,False,True,3836,1918,0,0,3836,1918,4.8828125e-05,79.32947557554637,-0.7673408084505261,-0.7673408084505261,-0.7673408084505261,False,-0.007243820856969477,4.8828125e-05,False
trial,329,329,329,925.522058313659,925.522058313659,925.522058313659,925.522058313659,3836,1918,0,0,3836,1918,1265880,632940,1918000.0,1918000.0,1000.0,False,True,3836,1918,0,0,3836,1918,2.44140625e-05,79.32947557554637,0.19140888742538423,0.19140888742538423,0.19140888742538423,False,-0.00434903823918608,2.44140625e-05,True
trial,330,330,329,925.5252548042802,925.5252548042802,925.522058313659,925.522058313659,3836,1918,0,0,3836,1918,1269716,634858,1918000.0,1918000.0,1000.0,False,True,3836,1918,0,0,3836,1918,4.8828125e-05,83.37118218366,-0.3586996430811365,-0.3586996430811365,-0.3586996430811365,False,-0.008911329249353197,4.8828125e-05,False
trial,331,331,331,925.5205341543442,925.5205341543442,925.5205341543442,925.5205341543442,3836,1918,0,0,3836,1918,1273552,636776,1918000.0,1918000.0,1000.0,False,True,3836,1918,0,0,3836,1918,2.44140625e-05,83.37118218366,0.30097330278524315,0.30097330278524315,0.30097330278524315,False,-0.005064101369575096,2.44140625e-05,True
trial,332,332,331,925.5261556962927,925.5261556962927,925.5205341543442,925.5205341543442,3836,1918,0,0,3836,1918,1277388,638694,1918000.0,1918000.0,1000.0,False,True,3836,1918,0,0,3836,1918,4.8828125e-05,78.86038585162825,-0.7830353418466981,-0.7830353418466981,-0.7830353418466981,False,-0.00717916759058892,4.8828125e-05,False
trial,333,333,333,925.5197340913194,925.5197340913194,925.5197340913194,925.5197340913194,3836,1918,0,0,3836,1918,1281224,640612,1918000.0,1918000.0,1000.0,False,True,3836,1918,0,0,3836,1918,2.44140625e-05,78.86038585162825,0.18538413649787172,0.18538413649787172,0.18538413649787172,False,-0.004315703813391518,2.44140625e-05,True
trial,334,334,333,925.5230121884288,925.5230121884288,925.5197340913194,925.5197340913194,3836,1918,0,0,3836,1918,1285060,642530,1918000.0,1918000.0,1000.0,False,True,3836,1918,0,0,3836,1918,4.8828125e-05,82.79253280394327,-0.3712244513827251,-0.3712244513827251,-0.3712244513827251,False,-0.0088304988994581,4.8828125e-05,False
trial,335,335,335,925.5182490981585,925.5182490981585,925.5182490981585,925.5182490981585,3836,1918,0,0,3836,1918,1288896,644448,1918000.0,1918000.0,1000.0,False,True,3836,1918,0,0,3836,1918,2.44140625e-05,82.79253280394327,0.2955023555332184,0.2955023555332184,0.2955023555332184,False,-0.005025317507706582,2.44140625e-05,True
trial,336,336,335,925.5239340993817,925.5239340993817,925.5182490981585,925.5182490981585,3836,1918,0,0,3836,1918,1292732,646366,1918000.0,1918000.0,1000.0,False,True,3836,1918,0,0,3836,1918,4.8828125e-05,78.34972038014953,-0.7988321275624356,-0.7988321275624356,-0.7988321275624356,False,-0.007116640689546693,4.8828125e-05,False
trial,337,337,337,925.5174789379405,925.5174789379405,925.5174789379405,925.5174789379405,3836,1918,0,0,3836,1918,1296568,648284,1918000.0,1918000.0,1000.0,False,True,3836,1918,0,0,3836,1918,2.44140625e-05,78.34972038014953,0.1796497634135109,0.1796497634135109,0.1796497634135109,False,-0.004287009364328976,2.44140625e-05,True
trial,338,338,337,925.5208394212865,925.5208394212865,925.5174789379405,925.5174789379405,3836,1918,0,0,3836,1918,1300404,650202,1918000.0,1918000.0,1000.0,False,True,3836,1918,0,0,3836,1918,4.8828125e-05,82.20328252752907,-0.3840166185758227,-0.3840166185758227,-0.3840166185758227,False,-0.008750879996972967,4.8828125e-05,False
trial,339,339,339,925.5160288596492,925.5160288596492,925.5160288596492,925.5160288596492,3836,1918,0,0,3836,1918,1304240,652120,1918000.0,1918000.0,1000.0,False,True,3836,1918,0,0,3836,1918,2.44140625e-05,82.20328252752907,0.2906067960110009,0.2906067960110009,0.2906067960110009,False,-0.004989829251179934,2.44140625e-05,True
trial,340,340,339,925.5217813687796,925.5217813687796,925.5160288596492,925.5160288596492,3836,1918,0,0,3836,1918,1308076,654038,1918000.0,1918000.0,1000.0,False,True,3836,1918,0,0,3836,1918,4.8828125e-05,77.99386919262784,-0.81616394619742,-0.81616394619742,-0.81616394619742,False,-0.007048227451347447,4.8828125e-05,False
trial,341,341,341,925.5152914517473,925.5152914517473,925.5152914517473,925.5152914517473,3836,1918,0,0,3836,1918,1311912,655956,1918000.0,1918000.0,1000.0,False,True,3836,1918,0,0,3836,1918,2.44140625e-05,77.99386919262784,0.17337495619740684,0.17337495619740684,0.17337495619740684,False,-0.004253255014595171,2.44140625e-05,True
trial,342,342,341,925.5187301461738,925.5187301461738,925.5152914517473,925.5152914517473,3836,1918,0,0,3836,1918,1315748,657874,1918000.0,1918000.0,1000.0,False,True,3836,1918,0,0,3836,1918,4.8828125e-05,81.6035286543711,-0.3964031715314167,-0.3964031715314167,-0.3964031715314167,False,-0.008674739945104594,4.8828125e-05,False
trial,343,343,343,925.5138796904827,925.5138796904827,925.5138796904827,925.5138796904827,3836,1918,0,0,3836,1918,1319584,659792,1918000.0,1918000.0,1000.0,False,True,3836,1918,0,0,3836,1918,2.44140625e-05,81.6035286543711,0.28512123300732817,0.28512123300732817,0.28512123300732817,False,-0.004951442057675229,2.44140625e-05,True
trial,344,344,343,925.5196926245587,925.5196926245587,925.5138796904827,925.5138796904827,3836,1918,0,0,3836,1918,1323420,661710,1918000.0,1918000.0,1000.0,False,True,3836,1918,0,0,3836,1918,4.8828125e-05,77.58576529618907,-0.8321336218242359,-0.8321336218242359,-0.8321336218242359,False,-0.006985577704838071,4.8828125e-05,False
trial,345,345,345,925.5131744581809,925.5131744581809,925.5131744581809,925.5131744581809,3836,1918,0,0,3836,1918,1327256,663628,1918000.0,1918000.0,1000.0,False,True,3836,1918,0,0,3836,1918,2.44140625e-05,77.58576529618907,0.16707527732062735,0.16707527732062735,0.16707527732062735,False,-0.004221045226566572,2.44140625e-05,True
trial,346,346,345,925.5167049087762,925.5167049087762,925.5131744581809,925.5131744581809,3836,1918,0,0,3836,1918,1331092,665546,1918000.0,1918000.0,1000.0,False,True,3836,1918,0,0,3836,1918,4.8828125e-05,81.02593457924691,-0.4111588735888191,-0.4111588735888191,-0.4111588735888191,False,-0.008586584948376198,4.8828125e-05,False
trial,347,347,347,925.5118005509876,925.5118005509876,925.5118005509876,925.5118005509876,3836,1918,0,0,3836,1918,1334928,667464,1918000.0,1918000.0,1000.0,False,True,3836,1918,0,0,3836,1918,2.44140625e-05,81.02593457924691,0.27961655214371145,0.27961655214371145,0.27961655214371145,False,-0.00491354028490094,2.44140625e-05,True
trial,348,348,347,925.5175253634919,925.5175253634919,925.5118005509876,925.5118005509876,3836,1918,0,0,3836,1918,1338764,669382,1918000.0,1918000.0,1000.0,False,True,3836,1918,0,0,3836,1918,4.8828125e-05,77.1580947026765,-0.8278152697235454,-0.8278152697235454,-0.8278152697235454,False,-0.006915567655892775,4.8828125e-05,False
trial,349,349,349,925.5111271253692,925.5111271253692,925.5111271253692,925.5111271253692,3836,1918,0,0,3836,1918,1342600,671300,1918000.0,1918000.0,1000.0,False,True,3836,1918,0,0,3836,1918,2.44140625e-05,77.1580947026765,0.16075234691244109,0.16075234691244109,0.16075234691244109,False,-0.004189211736787783,2.44140625e-05,True
trial,350,350,349,925.5147382359709,925.5147382359709,925.5111271253692,925.5111271253692,3836,1918,0,0,3836,1918,1346436,673218,1918000.0,1918000.0,1000.0,False,True,3836,1918,0,0,3836,1918,4.8828125e-05,80.44749301541873,-0.4244567404949665,-0.4244567404949665,-0.4244567404949665,False,-0.008507605739715842,4.8828125e-05,False
trial,351,351,351,925.5097919294417,925.5097919294417,925.5097919294417,925.5097919294417,3836,1918,0,0,3836,1918,1350272,675136,1918000.0,1918000.0,1000.0,False,True,3836,1918,0,0,3836,1918,2.44140625e-05,80.44749301541873,0.2738935714904017,0.2738935714904017,0.2738935714904017,False,-0.004874871360492031,2.44140625e-05,True
trial,352,352,351,925.5156593012447,925.5156593012447,925.5097919294417,925.5097919294417,3836,1918,0,0,3836,1918,1354108,677054,1918000.0,1918000.0,1000.0,False,True,3836,1918,0,0,3836,1918,4.8828125e-05,76.70626026088279,-0.8552580464223385,-0.8552580464223385,-0.8552580464223385,False,-0.006860352647410051,4.8828125e-05,False
trial,353,353,353,925.5091514912112,925.5091514912112,925.5091514912112,925.5091514912112,3836,1918,0,0,3836,1918,1357944,678972,1918000.0,1918000.0,1000.0,False,True,3836,1918,0,0,3836,1918,2.44140625e-05,76.70626026088279,0.1540828508133311,0.1540828508133311,0.1540828508133311,False,-0.004156453668059443,2.44140625e-05,True
trial,354,354,353,925.5128440326959,925.5128440326959,925.5091514912112,925.5091514912112,3836,1918,0,0,3836,1918,1361780,680890,1918000.0,1918000.0,1000.0,False,True,3836,1918,0,0,3836,1918,4.8828125e-05,79.82612793986469,-0.43802329679832963,-0.43802329679832963,-0.43802329679832963,False,-0.008430011626324615,4.8828125e-05,False
trial,355,355,355,925.507856162521,925.507856162521,925.507856162521,925.507856162521,3836,1918,0,0,3836,1918,1365616,682808,1918000.0,1918000.0,1000.0,False,True,3836,1918,0,0,3836,1918,2.44140625e-05,79.82612793986469,0.2679284390191377,0.2679284390191377,0.2679284390191377,False,-0.0048346069383966616,2.44140625e-05,True
trial,356,356,355,925.5137214841347,925.5137214841347,925.507856162521,925.507856162521,3836,1918,0,0,3836,1918,1369452,684726,1918000.0,1918000.0,1000.0,False,True,3836,1918,0,0,3836,1918,4.8828125e-05,76.30408468469243,-0.8639954517597107,-0.8639954517597107,-0.8639954517597107,False,-0.006788602418955736,4.8828125e-05,False
trial,357,357,357,925.5072485381421,925.5072485381421,925.5072485381421,925.5072485381421,3836,1918,0,0,3836,1918,1373288,686644,1918000.0,1918000.0,1000.0,False,True,3836,1918,0,0,3836,1918,2.44140625e-05,76.30408468469243,0.1473775404464169,0.1473775404464169,0.1473775404464169,False,-0.004122910295679254,2.44140625e-05,True
trial,358,358,357,925.5110274342464,925.5110274342464,925.5072485381421,925.5072485381421,3836,1918,0,0,3836,1918,1377124,688562,1918000.0,1918000.0,1000.0,False,True,3836,1918,0,0,3836,1918,4.8828125e-05,79.32449124612205,-0.4527215047227774,-0.4527215047227774,-0.4527215047227774,False,-0.008347065612997823,4.8828125e-05,False
trial,359,359,359,925.5059924765116,925.5059924765116,925.5059924765116,925.5059924765116,3836,1918,0,0,3836,1918,1380960,690480,1918000.0,1918000.0,1000.0,False,True,3836,1918,0,0,3836,1918,2.44140625e-05,79.32449124612205,0.26196010555513116,0.26196010555513116,0.26196010555513116,False,-0.004794858468599959,2.44140625e-05,True
trial,360,360,359,925.5119079935715,925.5119079935715,925.5059924765116,925.5059924765116,3836,1918,0,0,3836,1918,1384796,692398,1918000.0,1918000.0,1000.0,False,True,3836,1918,0,0,3836,1918,4.8828125e-05,75.89377180074246,-0.8798573013931592,-0.8798573013931592,-0.8798573013931592,False,-0.00672326870574193,4.8828125e-05,False
trial,361,361,361,925.5054204059243,925.5054204059243,925.5054204059243,925.5054204059243,3836,1918,0,0,3836,1918,1388632,694316,1918000.0,1918000.0,1000.0,False,True,3836,1918,0,0,3836,1918,2.44140625e-05,75.89377180074246,0.139969015271837,0.139969015271837,0.139969015271837,False,-0.004087123040558535,2.44140625e-05,True
trial,362,362,361,925.5092901012135,925.5092901012135,925.5054204059243,925.5054204059243,3836,1918,0,0,3836,1918,1392468,696234,1918000.0,1918000.0,1000.0,False,True,3836,1918,0,0,3836,1918,4.8828125e-05,78.70703128251532,-0.4684936704451775,-0.4684936704451775,-0.4684936704451775,False,-0.008259866746098686,4.8828125e-05,False
trial,363,363,363,925.5042034096971,925.5042034096971,925.5042034096971,925.5042034096971,3836,1918,0,0,3836,1918,1396304,698152,1918000.0,1918000.0,1000.0,False,True,3836,1918,0,0,3836,1918,2.44140625e-05,78.70703128251532,0.2559017042488352,0.2559017042488352,0.2559017042488352,False,-0.004755717554745663,2.44140625e-05,True
trial,364,364,363,925.5102129405642,925.5102129405642,925.5042034096971,925.5042034096971,3836,1918,0,0,3836,1918,1400140,700070,1918000.0,1918000.0,1000.0,False,True,3836,1918,0,0,3836,1918,4.8828125e-05,75.52483078211685,-0.901902678633947,-0.901902678633947,-0.901902678633947,False,-0.006663169995481349,4.8828125e-05,False
trial,365,365,365,925.5036626413855,925.5036626413855,925.5036626413855,925.5036626413855,3836,1918,0,0,3836,1918,1403976,701988,1918000.0,1918000.0,1000.0,False,True,3836,1918,0,0,3836,1918,2.44140625e-05,75.52483078211685,0.13333207972317876,0.13333207972317876,0.13333207972317876,False,-0.004055800469692551,2.44140625e-05,True
trial,366,366,365,925.5076163059484,925.5076163059484,925.5036626413855,925.5036626413855,3836,1918,0,0,3836,1918,1407812,703906,1918000.0,1918000.0,1000.0,False,True,3836,1918,0,0,3836,1918,4.8828125e-05,78.17317498426905,-0.4833405306010088,-0.4833405306010088,-0.4833405306010088,False,-0.008179873841736284,4.8828125e-05,False
trial,367,367,367,925.5024835720562,925.5024835720562,925.5024835720562,925.5024835720562,3836,1918,0,0,3836,1918,1411648,705824,1918000.0,1918000.0,1000.0,False,True,3836,1918,0,0,3836,1918,2.44140625e-05,78.17317498426905,0.24991761257303413,0.24991761257303413,0.24991761257303413,False,-0.004717832077312252,2.44140625e-05,True
trial,368,368,367,925.5085110595403,925.5085110595403,925.5024835720562,925.5024835720562,3836,1918,0,0,3836,1918,1415484,707742,1918000.0,1918000.0,1000.0,False,True,3836,1918,0,0,3836,1918,4.8828125e-05,75.16226806965638,-0.9149650345210404,-0.9149650345210404,-0.9149650345210404,False,-0.006587669754196448,4.8828125e-05,False
trial,369,369,369,925.5019781902927,925.5019781902927,925.5019781902927,925.5019781902927,3836,1918,0,0,3836,1918,1419320,709660,1918000.0,1918000.0,1000.0,False,True,3836,1918,0,0,3836,1918,2.44140625e-05,75.16226806965638,0.12570016785114968,0.12570016785114968,0.12570016785114968,False,-0.004020533720832506,2.44140625e-05,True
trial,370,370,369,925.5060247697941,925.5060247697941,925.5019781902927,925.5019781902927,3836,1918,0,0,3836,1918,1423156,711578,1918000.0,1918000.0,1000.0,False,True,3836,1918,0,0,3836,1918,4.8828125e-05,77.70191715398084,-0.5000699500686395,-0.5000699500686395,-0.5000699500686395,False,-0.0080920269271051,4.8828125e-05,False
trial,371,371,371,925.5008395261843,925.5008395261843,925.5008395261843,925.5008395261843,3836,1918,0,0,3836,1918,1426992,713496,1918000.0,1918000.0,1000.0,False,True,3836,1918,0,0,3836,1918,2.44140625e-05,77.70191715398084,0.24344983332481573,0.24344983332481573,0.24344983332481573,False,-0.004677202250616629,2.44140625e-05,True
trial,372,372,371,925.5069934698755,925.5069934698755,925.5008395261843,925.5008395261843,3836,1918,0,0,3836,1918,1430828,715414,1918000.0,1918000.0,1000.0,False,True,3836,1918,0,0,3836,1918,4.8828125e-05,74.86815021399084,-0.9447473156567919,-0.9447473156567919,-0.9447473156567919,False,-0.006513851470322671,4.8828125e-05,False
trial,373,373,373,925.5003690683357,925.5003690683357,925.5003690683357,925.5003690683357,3836,1918,0,0,3836,1918,1434664,717332,1918000.0,1918000.0,1000.0,False,True,3836,1918,0,0,3836,1918,2.44140625e-05,74.86815021399084,0.11804239881876517,0.11804239881876517,0.11804239881876517,False,-0.003985498883332278,2.44140625e-05,True
trial,374,374,373,925.5045015431876,925.5045015431876,925.5003690683357,925.5003690683357,3836,1918,0,0,3836,1918,1438500,719250,1918000.0,1918000.0,1000.0,False,True,3836,1918,0,0,3836,1918,4.8828125e-05,77.16941705058471,-0.5159151744102356,-0.5159151744102356,-0.5159151744102356,False,-0.008009988961285236,4.8828125e-05,False
trial,375,375,375,925.4992715996923,925.4992715996923,925.4992715996923,925.4992715996923,3836,1918,0,0,3836,1918,1442336,721168,1918000.0,1918000.0,1000.0,False,True,3836,1918,0,0,3836,1918,2.44140625e-05,77.16941705058471,0.23671187299656996,0.23671187299656996,0.23671187299656996,False,-0.004636305857718747,2.44140625e-05,True
trial,376,376,375,925.5055282253355,925.5055282253355,925.4992715996923,925.4992715996923,3836,1918,0,0,3836,1918,1446172,723086,1918000.0,1918000.0,1000.0,False,True,3836,1918,0,0,3836,1918,4.8828125e-05,74.48612151624742,-0.9695142760921992,-0.9695142760921992,-0.9695142760921992,False,-0.00645336102574,4.8828125e-05,False
trial,377,377,377,925.4988344880134,925.4988344880134,925.4988344880134,925.4988344880134,3836,1918,0,0,3836,1918,1450008,725004,1918000.0,1918000.0,1000.0,False,True,3836,1918,0,0,3836,1918,2.44140625e-05,74.48612151624742,0.11059568183934369,0.11059568183934369,0.11059568183934369,False,-0.003952339473518609,2.44140625e-05,True
trial,378,378,377,925.5030539242159,925.5030539242159,925.4988344880134,925.4988344880134,3836,1918,0,0,3836,1918,1453844,726922,1918000.0,1918000.0,1000.0,False,True,3836,1918,0,0,3836,1918,4.8828125e-05,76.7293623629556,-0.5322090063871429,-0.5322090063871429,-0.5322090063871429,False,-0.007928156329417369,4.8828125e-05,False
trial,379,379,379,925.4977777567804,925.4977777567804,925.4977777567804,925.4977777567804,3836,1918,0,0,3836,1918,1457680,728840,1918000.0,1918000.0,1000.0,False,True,3836,1918,0,0,3836,1918,2.44140625e-05,76.7293623629556,0.22994053331274256,0.22994053331274256,0.22994053331274256,False,-0.004595671836463456,2.44140625e-05,True
trial,380,380,379,925.5040886503291,925.5040886503291,925.4977777567804,925.4977777567804,3836,1918,0,0,3836,1918,1461516,730758,1918000.0,1918000.0,1000.0,False,True,3836,1918,0,0,3836,1918,4.8828125e-05,74.19850764902152,-0.9885843182369753,-0.9885843182369753,-0.9885843182369753,False,-0.00638376861975539,4.8828125e-05,False
trial,381,381,381,925.4973756197769,925.4973756197769,925.4973756197769,925.4973756197769,3836,1918,0,0,3836,1918,1465352,732676,1918000.0,1918000.0,1000.0,False,True,3836,1918,0,0,3836,1918,2.44140625e-05,74.19850764902152,0.10265682008595457,0.10265682008595457,0.10265682008595457,False,-0.003917294565633573,2.44140625e-05,True
trial,382,382,381,925.5016847206891,925.5016847206891,925.4973756197769,925.4973756197769,3836,1918,0,0,3836,1918,1469188,734594,1918000.0,1918000.0,1000.0,False,True,3836,1918,0,0,3836,1918,4.8828125e-05,76.25869440289613,-0.5493911395981472,-0.5493911395981472,-0.5493911395981472,False,-0.007843411736446062,4.8828125e-05,False
trial,383,383,383,925.4963569008875,925.4963569008875,925.4963569008875,925.4963569008875,3836,1918,0,0,3836,1918,1473024,736512,1918000.0,1918000.0,1000.0,False,True,3836,1918,0,0,3836,1918,2.44140625e-05,76.25869440289613,0.22352789736968717,0.22352789736968717,0.22352789736968717,False,-0.004557457487088391,2.44140625e-05,True
trial,384,384,383,925.5027215565792,925.5027215565792,925.4963569008875,925.4963569008875,3836,1918,0,0,3836,1918,1476860,738430,1918000.0,1918000.0,1000.0,False,True,3836,1918,0,0,3836,1918,4.8828125e-05,73.90145111547989,-1.0075325263012664,-1.0075325263012664,-1.0075325263012664,False,-0.006317072179416254,4.8828125e-05,False
trial,385,385,385,925.4959895951649,925.4959895951649,925.4959895951649,925.4959895951649,3836,1918,0,0,3836,1918,1480696,740348,1918000.0,1918000.0,1000.0,False,True,3836,1918,0,0,3836,1918,2.44140625e-05,73.90145111547989,0.09460715042425792,0.09460715042425792,0.09460715042425792,False,-0.0038824308827295987,2.44140625e-05,True
trial,386,386,385,925.5003938364425,925.5003938364425,925.4959895951649,925.4959895951649,3836,1918,0,0,3836,1918,1484532,742266,1918000.0,1918000.0,1000.0,False,True,3836,1918,0,0,3836,1918,4.8828125e-05,75.75799218904965,-0.5680153554959371,-0.5680153554959371,-0.5680153554959371,False,-0.007753736294246149,4.8828125e-05,False
trial,387,387,387,925.4950117946503,925.4950117946503,925.4950117946503,925.4950117946503,3836,1918,0,0,3836,1918,1488368,744184,1918000.0,1918000.0,1000.0,False,True,3836,1918,0,0,3836,1918,2.44140625e-05,75.75799218904965,0.2164735636152938,0.2164735636152938,0.2164735636152938,False,-0.004516951161689847,2.44140625e-05,True
trial,388,388,387,925.5014240828439,925.5014240828439,925.4950117946503,925.4950117946503,3836,1918,0,0,3836,1918,1492204,746102,1918000.0,1918000.0,1000.0,False,True,3836,1918,0,0,3836,1918,4.8828125e-05,73.6261438119499,-1.0269237315347886,-1.0269237315347886,-1.0269237315347886,False,-0.006244171788691472,4.8828125e-05,False
trial,389,389,389,925.4946808633402,925.4946808633402,925.4946808633402,925.4946808633402,3836,1918,0,0,3836,1918,1496040,748020,1918000.0,1918000.0,1000.0,False,True,3836,1918,0,0,3836,1918,2.44140625e-05,73.6261438119499,0.08604382907587045,0.08604382907587045,0.08604382907587045,False,-0.003846078371755139,2.44140625e-05,True
trial,390,390,389,925.4991719997959,925.4991719997959,925.4946808633402,925.4946808633402,3836,1918,0,0,3836,1918,1499876,749938,1918000.0,1918000.0,1000.0,False,True,3836,1918,0,0,3836,1918,4.8828125e-05,75.34505723702452,-0.5853658518506765,-0.5853658518506765,-0.5853658518506765,False,-0.0076723581353674445,4.8828125e-05,False
trial,391,391,391,925.493746312281,925.493746312281,925.493746312281,925.493746312281,3836,1918,0,0,3836,1918,1503712,751856,1918000.0,1918000.0,1000.0,False,True,3836,1918,0,0,3836,1918,2.44140625e-05,75.34505723702452,0.20892539030403642,0.20892539030403642,0.20892539030403642,False,-0.0044731330063384365,2.44140625e-05,True
trial,392,392,391,925.5001806977211,925.5001806977211,925.493746312281,925.493746312281,3836,1918,0,0,3836,1918,1507548,753774,1918000.0,1918000.0,1000.0,False,True,3836,1918,0,0,3836,1918,4.8828125e-05,73.34673346403473,-1.041878312286509,-1.041878312286509,-1.041878312286509,False,-0.0061757552338285605,4.8828125e-05,False
trial,393,393,393,925.4934508076512,925.4934508076512,925.4934508076512,925.4934508076512,3836,1918,0,0,3836,1918,1511384,755692,1918000.0,1918000.0,1000.0,False,True,3836,1918,0,0,3836,1918,2.44140625e-05,73.34673346403473,0.07754831420337713,0.07754831420337713,0.07754831420337713,False,-0.003810587410071761,2.44140625e-05,True
trial,394,394,393,925.4980350543633,925.4980350543633,925.4934508076512,925.4934508076512,3836,1918,0,0,3836,1918,1515220,757610,1918000.0,1918000.0,1000.0,False,True,3836,1918,0,0,3836,1918,4.8828125e-05,74.92165566285856,-0.6044002799944803,-0.6044002799944803,-0.6044002799944803,False,-0.007584785884113669,4.8828125e-05,False
trial,395,395,395,925.4925571055358,925.4925571055358,925.4925571055358,925.4925571055358,3836,1918,0,0,3836,1918,1519056,759528,1918000.0,1918000.0,1000.0,False,True,3836,1918,0,0,3836,1918,2.44140625e-05,74.92165566285856,0.20163061741075614,0.20163061741075614,0.20163061741075614,False,-0.004432373054088529,2.44140625e-05,True
trial,396,396,395,925.4990432393217,925.4990432393217,925.4925571055358,925.4925571055358,3836,1918,0,0,3836,1918,1522892,761446,1918000.0,1918000.0,1000.0,False,True,3836,1918,0,0,3836,1918,4.8828125e-05,73.11632229232593,-1.0629760259965682,-1.0629760259965682,-1.0629760259965682,False,-0.006101862720660061,4.8828125e-05,False
trial,397,397,397,925.4922979166222,925.4922979166222,925.4922979166222,925.4922979166222,3836,1918,0,0,3836,1918,1526728,763364,1918000.0,1918000.0,1000.0,False,True,3836,1918,0,0,3836,1918,2.44140625e-05,73.11632229232593,0.06867070067061141,0.06867070067061141,0.06867070067061141,False,-0.0037743740930120035,2.44140625e-05,True
trial,398,398,397,925.496972235631,925.496972235631,925.4922979166222,925.4922979166222,3836,1918,0,0,3836,1918,1530564,765282,1918000.0,1918000.0,1000.0,False,True,3836,1918,0,0,3836,1918,4.8828125e-05,74.58915418273259,-0.6231625288672874,-0.6231625288672874,-0.6231625288672874,False,-0.007500962898571726,4.8828125e-05,False
trial,399,399,399,925.4914440526093,925.4914440526093,925.4914440526093,925.4914440526093,3836,1918,0,0,3836,1918,1534400,767200,1918000.0,1918000.0,1000.0,False,True,3836,1918,0,0,3836,1918,2.44140625e-05,74.58915418273259,0.19438635695051032,0.19438635695051032,0.19438635695051032,False,-0.0043926128681032964,2.44140625e-05,True
trial,400,400,399,925.4979864195377,925.4979864195377,925.4914440526093,925.4914440526093,3836,1918,0,0,3836,1918,1538236,769118,1918000.0,1918000.0,1000.0,False,True,3836,1918,0,0,3836,1918,4.8828125e-05,72.8886960402747,-1.0841205417427933,-1.0841205417427933,-1.0841205417427933,False,-0.006034722779005288,4.8828125e-05,False
trial,401,401,401,925.4912207885042,925.4912207885042,925.4912207885042,925.4912207885042,3836,1918,0,0,3836,1918,1542072,771036,1918000.0,1918000.0,1000.0,False,True,3836,1918,0,0,3836,1918,2.44140625e-05,72.8886960402747,0.05972092916101729,0.05972092916101729,0.05972092916101729,False,-0.0037384566556283873,2.44140625e-05,True
trial,402,402,401,925.495990708385,925.495990708385,925.4912207885042,925.4912207885042,3836,1918,0,0,3836,1918,1545908,772954,1918000.0,1918000.0,1000.0,False,True,3836,1918,0,0,3836,1918,4.8828125e-05,74.17891374578457,-0.6435929879606443,-0.6435929879606443,-0.6435929879606443,False,-0.007411391935631412,4.8828125e-05,False
trial,403,403,403,925.4904075885481,925.4904075885481,925.4904075885481,925.4904075885481,3836,1918,0,0,3836,1918,1549744,774872,1918000.0,1918000.0,1000.0,False,True,3836,1918,0,0,3836,1918,2.44140625e-05,74.17891374578457,0.18686420123230646,0.18686420123230646,0.18686420123230646,False,-0.004351823145787793,2.44140625e-05,True
trial,404,404,403,925.4970021623852,925.4970021623852,925.4904075885481,925.4904075885481,3836,1918,0,0,3836,1918,1553580,776790,1918000.0,1918000.0,1000.0,False,True,3836,1918,0,0,3836,1918,4.8828125e-05,73.004750755063,-1.1068502954165724,-1.1068502954165724,-1.1068502954165724,False,-0.005957963659957896,4.8828125e-05,False
trial,405,405,405,925.4902216593147,925.4902216593147,925.4902216593147,925.4902216593147,3836,1918,0,0,3836,1918,1557416,778708,1918000.0,1918000.0,1000.0,False,True,3836,1918,0,0,3836,1918,2.44140625e-05,73.004750755063,0.0502363587955992,0.0502363587955992,0.0502363587955992,False,-0.003701088970429929,2.44140625e-05,True
trial,406,406,405,925.4950827769649,925.4950827769649,925.4902216593147,925.4902216593147,3836,1918,0,0,3836,1918,1561252,780626,1918000.0,1918000.0,1000.0,False,True,3836,1918,0,0,3836,1918,4.8828125e-05,73.84269569263712,-0.6634416454190226,-0.6634416454190226,-0.6634416454190226,False,-0.007327121659846002,4.8828125e-05,False
trial,407,407,407,925.4894505198365,925.4894505198365,925.4894505198365,925.4894505198365,3836,1918,0,0,3836,1918,1565088,782544,1918000.0,1918000.0,1000.0,False,True,3836,1918,0,0,3836,1918,2.44140625e-05,73.84269569263712,0.17893024438940594,0.17893024438940594,0.17893024438940594,False,-0.004309721259211187,2.44140625e-05,True
trial,408,408,407,925.496090498109,925.496090498109,925.4894505198365,925.4894505198365,3836,1918,0,0,3836,1918,1568924,784462,1918000.0,1918000.0,1000.0,False,True,3836,1918,0,0,3836,1918,4.8828125e-05,72.76342604391736,-1.1278412903520496,-1.1278412903520496,-1.1278412903520496,False,-0.005887333908822914,4.8828125e-05,False
trial,409,409,409,925.4893015054923,925.4893015054923,925.4893015054923,925.4893015054923,3836,1918,0,0,3836,1918,1572760,786380,1918000.0,1918000.0,1000.0,False,True,3836,1918,0,0,3836,1918,2.44140625e-05,72.76342604391736,0.04066756495551758,0.04066756495551758,0.04066756495551758,False,-0.003664206212917845,2.44140625e-05,True
trial,410,410,410,925.4878437656544,925.4878437656544,925.4878437656544,925.4878437656544,3836,1918,0,0,3836,1918,1576596,788298,1918000.0,1918000.0,1000.0,False,True,3836,1918,0,0,3836,1918,1.220703125e-05,73.51368274070371,0.6227637810439854,0.6227637810439854,0.6227637810439854,False,-0.0023407588596924193,1.220703125e-05,True
trial,411,411,410,925.4881410111731,925.4881410111731,925.4878437656544,925.4878437656544,3836,1918,0,0,3836,1918,1580432,790216,1918000.0,1918000.0,1000.0,False,True,3836,1918,0,0,3836,1918,2.44140625e-05,21.621768129084778,-0.2827533091118954,-0.2827533091118954,-0.2827533091118954,False,-0.001051253899177188,2.44140625e-05,False
trial,412,412,412,925.4876992246886,925.4876992246886,925.4876992246886,925.4876992246886,3836,1918,0,0,3836,1918,1584268,792134,1918000.0,1918000.0,1000.0,False,True,3836,1918,0,0,3836,1918,1.220703125e-05,21.621768129084778,0.26380302964342206,0.26380302964342206,0.26380302964342206,False,-0.0005479124554262358,1.220703125e-05,True
trial,413,413,412,925.489109694354,925.489109694354,925.4876992246886,925.4876992246886,3836,1918,0,0,3836,1918,1588104,794052,1918000.0,1918000.0,1000.0,False,True,3836,1918,0,0,3836,1918,2.44140625e-05,28.323702192265635,-0.9268966317164168,-0.9268966317164168,-0.9268966317164168,False,-0.0015217119332971481,2.44140625e-05,False
trial,414,414,414,925.4875989033071,925.4875989033071,925.4875989033071,925.4875989033071,3836,1918,0,0,3836,1918,1591940,795970,1918000.0,1918000.0,1000.0,False,True,3836,1918,0,0,3836,1918,1.220703125e-05,28.323702192265635,0.12170610074985458,0.12170610074985458,0.12170610074985458,False,-0.0008242921341307266,1.220703125e-05,True
trial,415,415,414,925.4886256052866,925.4886256052866,925.4875989033071,925.4875989033071,3836,1918,0,0,3836,1918,1595776,797888,1918000.0,1918000.0,1000.0,False,True,3836,1918,0,0,3836,1918,2.44140625e-05,35.32227996608361,-0.5279823818461336,-0.5279823818461336,-0.5279823818461336,False,-0.0019445762109268328,2.44140625e-05,False
trial,416,416,416,925.487332454438,925.487332454438,925.487332454438,925.487332454438,3836,1918,0,0,3836,1918,1599612,799806,1918000.0,1918000.0,1000.0,False,True,3836,1918,0,0,3836,1918,1.220703125e-05,35.32227996608361,0.2522857677288589,0.2522857677288589,0.2522857677288589,False,-0.0010561391213956767,1.220703125e-05,True
trial,417,417,416,925.4887923314584,925.4887923314584,925.487332454438,925.487332454438,3836,1918,0,0,3836,1918,1603448,801724,1918000.0,1918000.0,1000.0,False,True,3836,1918,0,0,3836,1918,2.44140625e-05,31.38112516272171,-0.8689183262902177,-0.8689183262902177,-0.8689183262902177,False,-0.0016801084476890168,2.44140625e-05,False
trial,418,418,418,925.4872299172916,925.4872299172916,925.4872299172916,925.4872299172916,3836,1918,0,0,3836,1918,1607284,803642,1918000.0,1918000.0,1000.0,False,True,3836,1918,0,0,3836,1918,1.220703125e-05,31.38112516272171,0.10879838302454034,0.10879838302454034,0.10879838302454034,False,-0.0009424510140074332,1.220703125e-05,True
trial,419,419,418,925.4883045496874,925.4883045496874,925.4872299172916,925.4872299172916,3836,1918,0,0,3836,1918,1611120,805560,1918000.0,1918000.0,1000.0,False,True,3836,1918,0,0,3836,1918,2.44140625e-05,36.9406452190988,-0.5310588901590652,-0.5310588901590652,-0.5310588901590652,False,-0.002023565400558059,2.44140625e-05,False
trial,420,420,420,925.4869412399291,925.4869412399291,925.4869412399291,925.4869412399291,3836,1918,0,0,3836,1918,1614956,807478,1918000.0,1918000.0,1000.0,False,True,3836,1918,0,0,3836,1918,1.220703125e-05,36.9406452190988,0.257486263666926,0.257486263666926,0.257486263666926,False,-0.0011211369429728589,1.220703125e-05,True
trial,421,421,420,925.488427443729,925.488427443729,925.4869412399291,925.4869412399291,3836,1918,0,0,3836,1918,1618792,809396,1918000.0,1918000.0,1000.0,False,True,3836,1918,0,0,3836,1918,2.44140625e-05,31.096068374958495,-0.8984849825707505,-0.8984849825707505,-0.8984849825707505,False,-0.0016541220262372945,2.44140625e-05,False
trial,422,422,422,925.4868497870198,925.4868497870198,925.4868497870198,925.4868497870198,3836,1918,0,0,3836,1918,1622628,811314,1918000.0,1918000.0,1000.0,False,True,3836,1918,0,0,3836,1918,1.220703125e-05,31.096068374958495,0.09818998391594737,0.09818998391594737,0.09818998391594737,False,-0.0009313873546581629,1.220703125e-05,True
trial,423,423,422,925.4879422887349,925.4879422887349,925.4868497870198,925.4868497870198,3836,1918,0,0,3836,1918,1626464,813232,1918000.0,1918000.0,1000.0,False,True,3836,1918,0,0,3836,1918,2.44140625e-05,36.800621858289624,-0.5448652601497065,-0.5448652601497065,-0.5448652601497065,False,-0.002005086018525919,2.44140625e-05,False
trial,424,424,424,925.4865700281385,925.4865700281385,925.4865700281385,925.4865700281385,3836,1918,0,0,3836,1918,1630300,815150,1918000.0,1918000.0,1000.0,False,True,3836,1918,0,0,3836,1918,1.220703125e-05,36.800621858289624,0.25152332194220817,0.25152332194220817,0.25152332194220817,False,-0.0011122582154997306,1.220703125e-05,True
trial,425,425,424,925.4880774934081,925.4880774934081,925.4865700281385,925.4865700281385,3836,1918,0,0,3836,1918,1634136,817068,1918000.0,1918000.0,1000.0,False,True,3836,1918,0,0,3836,1918,2.44140625e-05,30.812357306915825,-0.9227796790808039,-0.9227796790808039,-0.9227796790808039,False,-0.0016336134223118343,2.44140625e-05,False
trial,426,426,426,925.486490617466,925.486490617466,925.486490617466,925.486490617466,3836,1918,0,0,3836,1918,1637972,818986,1918000.0,1918000.0,1000.0,False,True,3836,1918,0,0,3836,1918,1.220703125e-05,30.812357306915825,0.08637436238709637,0.08637436238709637,0.08637436238709637,False,-0.0009193778152311859,1.220703125e-05,True
trial,427,427,426,925.4875990757763,925.4875990757763,925.486490617466,925.486490617466,3836,1918,0,0,3836,1918,1641808,820904,1918000.0,1918000.0,1000.0,False,True,3836,1918,0,0,3836,1918,2.44140625e-05,36.64536004056792,-0.5574414312145867,-0.5574414312145867,-0.5574414312145867,False,-0.0019884749289731576,2.44140625e-05,False
trial,428,428,428,925.4862190665983,925.4862190665983,925.4862190665983,925.4862190665983,3836,1918,0,0,3836,1918,1645644,822822,1918000.0,1918000.0,1000.0,False,True,3836,1918,0,0,3836,1918,1.220703125e-05,36.64536004056792,0.24595135518738603,0.24595135518738603,0.24595135518738603,False,-0.0011040836405659395,1.220703125e-05,True
trial,429,429,428,925.4877525765874,925.4877525765874,925.4862190665983,925.4862190665983,3836,1918,0,0,3836,1918,1649480,824740,1918000.0,1918000.0,1000.0,False,True,3836,1918,0,0,3836,1918,2.44140625e-05,30.547015339534692,-0.9536781105052147,-0.9536781105052147,-0.9536781105052147,False,-0.0016079953730073634,2.44140625e-05,False
trial,430,430,430,925.486151427381,925.486151427381,925.486151427381,925.486151427381,3836,1918,0,0,3836,1918,1653316,826658,1918000.0,1918000.0,1000.0,False,True,3836,1918,0,0,3836,1918,1.220703125e-05,30.547015339534692,0.0745223258286052,0.0745223258286052,0.0745223258286052,False,-0.0009076369614772266,1.220703125e-05,True
trial,431,431,430,925.4872764708671,925.4872764708671,925.486151427381,925.486151427381,3836,1918,0,0,3836,1918,1657152,828576,1918000.0,1918000.0,1000.0,False,True,3836,1918,0,0,3836,1918,2.44140625e-05,36.52284158870258,-0.570671525357115,-0.570671525357115,-0.570671525357115,False,-0.001971437922056322,2.44140625e-05,False
trial,432,432,432,925.4858888258757,925.4858888258757,925.4858888258757,925.4858888258757,3836,1918,0,0,3836,1918,1660988,830494,1918000.0,1918000.0,1000.0,False,True,3836,1918,0,0,3836,1918,1.220703125e-05,36.52284158870258,0.2397841955737686,0.2397841955737686,0.2397841955737686,False,-0.00109515768805038,1.220703125e-05,True
trial,433,433,432,925.4874455686183,925.4874455686183,925.4858888258757,925.4858888258757,3836,1918,0,0,3836,1918,1664824,832412,1918000.0,1918000.0,1000.0,False,True,3836,1918,0,0,3836,1918,2.44140625e-05,30.27891984843908,-0.9817814371505398,-0.9817814371505398,-0.9817814371505398,False,-0.0015856306543832984,2.44140625e-05,False
trial,434,434,434,925.4858320609503,925.4858320609503,925.4858320609503,925.4858320609503,3836,1918,0,0,3836,1918,1668660,834330,1918000.0,1918000.0,1000.0,False,True,3836,1918,0,0,3836,1918,1.220703125e-05,30.27891984843908,0.063298537653063,0.063298537653063,0.063298537653063,False,-0.0008967809917891842,1.220703125e-05,True
trial,435,435,434,925.486973219321,925.486973219321,925.4858320609503,925.4858320609503,3836,1918,0,0,3836,1918,1672496,836248,1918000.0,1918000.0,1000.0,False,True,3836,1918,0,0,3836,1918,2.44140625e-05,36.37544311146517,-0.5837180532591858,-0.5837180532591858,-0.5837180532591858,False,-0.001954982143103061,2.44140625e-05,False
trial,436,436,436,925.4855779261384,925.4855779261384,925.4855779261384,925.4855779261384,3836,1918,0,0,3836,1918,1676332,838166,1918000.0,1918000.0,1000.0,False,True,3836,1918,0,0,3836,1918,1.220703125e-05,36.37544311146517,0.23385184299700001,0.23385184299700001,0.23385184299700001,False,-0.0010867342702217926,1.220703125e-05,True
trial,437,437,436,925.4871559996064,925.4871559996064,925.4855779261384,925.4855779261384,3836,1918,0,0,3836,1918,1680168,840084,1918000.0,1918000.0,1000.0,False,True,3836,1918,0,0,3836,1918,2.44140625e-05,30.04198230323202,-1.0083261681734985,-1.0083261681734985,-1.0083261681734985,False,-0.0015650426596842562,2.44140625e-05,False
trial,438,438,438,925.4855327811483,925.4855327811483,925.4855327811483,925.4855327811483,3836,1918,0,0,3836,1918,1684004,842002,1918000.0,1918000.0,1000.0,False,True,3836,1918,0,0,3836,1918,1.220703125e-05,30.04198230323202,0.0509997892396936,0.0509997892396936,0.0509997892396936,False,-0.0008851995415439269,1.220703125e-05,True
trial,439,439,438,925.4866915498418,925.4866915498418,925.4855327811483,925.4855327811483,3836,1918,0,0,3836,1918,1687840,843920,1918000.0,1918000.0,1000.0,False,True,3836,1918,0,0,3836,1918,2.44140625e-05,36.267166619501594,-0.5982496652087024,-0.5982496652087024,-0.5982496652087024,False,-0.0019369316204590175,2.44140625e-05,False
trial,440,440,440,925.485287827976,925.485287827976,925.485287827976,925.485287827976,3836,1918,0,0,3836,1918,1691676,845838,1918000.0,1918000.0,1000.0,False,True,3836,1918,0,0,3836,1918,1.220703125e-05,36.267166619501594,0.22732133844651678,0.22732133844651678,0.22732133844651678,False,-0.0010775634791497706,1.220703125e-05,True
trial,441,441,440,925.4868894470912,925.4868894470912,925.485287827976,925.485287827976,3836,1918,0,0,3836,1918,1695512,847756,1918000.0,1918000.0,1000.0,False,True,3836,1918,0,0,3836,1918,2.44140625e-05,29.803447748933955,-1.0387195689311701,-1.0387195689311701,-1.0387195689311701,False,-0.0015419167628766893,2.44140625e-05,False
trial,442,442,442,925.4852542879303,925.4852542879303,925.4852542879303,925.4852542879303,3836,1918,0,0,3836,1918,1699348,849674,1918000.0,1918000.0,1000.0,False,True,3836,1918,0,0,3836,1918,1.220703125e-05,29.803447748933955,0.038392583711765224,0.038392583711765224,0.038392583711765224,False,-0.0008736074122520165,1.220703125e-05,True
trial,443,443,443,925.4848962953009,925.4848962953009,925.4848962953009,925.4848962953009,3836,1918,0,0,3836,1918,1703184,851592,1918000.0,1918000.0,1000.0,False,True,3836,1918,0,0,3836,1918,6.103515625e-06,36.1731623376918,0.6326352469270831,0.6326352469270831,0.6326352469270831,False,-0.0005658752513170413,6.103515625e-06,True
trial,444,444,443,925.484989999553,925.484989999553,925.4848962953009,925.4848962953009,3836,1918,0,0,3836,1918,1707020,853510,1918000.0,1918000.0,1000.0,False,True,3836,1918,0,0,3836,1918,1.220703125e-05,12.031595634640258,-0.26544173883983097,-0.26544173883983097,-0.26544173883983097,False,-0.00035301250098832937,1.220703125e-05,False
trial,445,445,445,925.4848608236714,925.4848608236714,925.4848608236714,925.4848608236714,3836,1918,0,0,3836,1918,1710856,855428,1918000.0,1918000.0,1000.0,False,True,3836,1918,0,0,3836,1918,6.103515625e-06,12.031595634640258,0.1894646296236101,0.1894646296236101,0.1894646296236101,False,-0.00018722032498105732,6.103515625e-06,True
trial,446,446,445,925.4850308671769,925.4850308671769,925.4848608236714,925.4848608236714,3836,1918,0,0,3836,1918,1714692,857346,1918000.0,1918000.0,1000.0,False,True,3836,1918,0,0,3836,1918,1.220703125e-05,20.896481977042043,-0.3262168788490887,-0.3262168788490887,-0.3262168788490887,False,-0.000521259065677862,1.220703125e-05,False
trial,447,447,447,925.4847531306725,925.4847531306725,925.4847531306725,925.4847531306725,3836,1918,0,0,3836,1918,1718528,859264,1918000.0,1918000.0,1000.0,False,True,3836,1918,0,0,3836,1918,6.103515625e-06,20.896481977042043,0.3902820527102765,0.3902820527102765,0.3902820527102765,False,-0.0002759363340778401,6.103515625e-06,True
trial,448,448,447,925.4850045203254,925.4850045203254,925.4847531306725,925.4847531306725,3836,1918,0,0,3836,1918,1722364,861182,1918000.0,1918000.0,1000.0,False,True,3836,1918,0,0,3836,1918,1.220703125e-05,12.238865037613841,-0.7224974168794658,-0.7224974168794658,-0.7224974168794658,False,-0.0003479454002985738,1.220703125e-05,False
trial,449,449,449,925.4847374738254,925.4847374738254,925.4847374738254,925.4847374738254,3836,1918,0,0,3836,1918,1726200,863100,1918000.0,1918000.0,1000.0,False,True,3836,1918,0,0,3836,1918,6.103515625e-06,12.238865037613841,0.08346970613863199,0.08346970613863199,0.08346970613863199,False,-0.0001875752039653007,6.103515625e-06,True
trial,450,450,449,925.4848957348754,925.4848957348754,925.4847374738254,925.4847374738254,3836,1918,0,0,3836,1918,1730036,865018,1918000.0,1918000.0,1000.0,False,True,3836,1918,0,0,3836,1918,1.220703125e-05,19.972150505249235,-0.2946185454293229,-0.2946185454293229,-0.2946185454293229,False,-0.0005371727357343655,1.220703125e-05,False
trial,451,451,451,925.4846285299805,925.4846285299805,925.4846285299805,925.4846285299805,3836,1918,0,0,3836,1918,1733872,866936,1918000.0,1918000.0,1000.0,False,True,3836,1918,0,0,3836,1918,6.103515625e-06,19.972150505249235,0.3848907394569911,0.3848907394569911,0.3848907394569911,False,-0.000283051353900632,6.103515625e-06,True
trial,452,452,451,925.4848890052233,925.4848890052233,925.4846285299805,925.4846285299805,3836,1918,0,0,3836,1918,1737708,868854,1918000.0,1918000.0,1000.0,False,True,3836,1918,0,0,3836,1918,1.220703125e-05,12.1050807356409,-0.7560594624378227,-0.7560594624378227,-0.7560594624378227,False,-0.00034451687437361605,1.220703125e-05,False
trial,453,453,453,925.4846151153326,925.4846151153326,925.4846151153326,925.4846151153326,3836,1918,0,0,3836,1918,1741544,870772,1918000.0,1918000.0,1000.0,False,True,3836,1918,0,0,3836,1918,6.103515625e-06,12.1050807356409,0.07214658806424287,0.07214658806424287,0.07214658806424287,False,-0.00018593599739471015,6.103515625e-06,True
trial,454,454,453,925.4847790438355,925.4847790438355,925.4846151153326,925.4846151153326,3836,1918,0,0,3836,1918,1745380,872690,1918000.0,1918000.0,1000.0,False,True,3836,1918,0,0,3836,1918,1.220703125e-05,19.870735722839974,-0.3079191683782904,-0.3079191683782904,-0.3079191683782904,False,-0.0005323751155426576,1.220703125e-05,False
trial,455,455,455,925.4845091552404,925.4845091552404,925.4845091552404,925.4845091552404,3836,1918,0,0,3836,1918,1749216,874608,1918000.0,1918000.0,1000.0,False,True,3836,1918,0,0,3836,1918,6.103515625e-06,19.870735722839974,0.377489892897232,0.377489892897232,0.377489892897232,False,-0.00028069650137779164,6.103515625e-06,True
trial,456,456,455,925.4847782048665,925.4847782048665,925.4845091552404,925.4845091552404,3836,1918,0,0,3836,1918,1753052,876526,1918000.0,1918000.0,1000.0,False,True,3836,1918,0,0,3836,1918,1.220703125e-05,11.974702822295335,-0.7899940281569376,-0.7899940281569376,-0.7899940281569376,False,-0.00034057172147783333,1.220703125e-05,False
trial,457,457,457,925.4844968400223,925.4844968400223,925.4844968400223,925.4844968400223,3836,1918,0,0,3836,1918,1756888,878444,1918000.0,1918000.0,1000.0,False,True,3836,1918,0,0,3836,1918,6.103515625e-06,11.974702822295335,0.06687791260926619,0.06687791260926619,0.06687791260926619,False,-0.00018414477396092152,6.103515625e-06,True
trial,458,458,457,925.4846693446059,925.4846693446059,925.4844968400223,925.4844968400223,3836,1918,0,0,3836,1918,1760724,880362,1918000.0,1918000.0,1000.0,False,True,3836,1918,0,0,3836,1918,1.220703125e-05,19.79726472190147,-0.3288816235659891,-0.3288816235659891,-0.3288816235659891,False,-0.0005245187667157513,1.220703125e-05,False
trial,459,459,459,925.4843950672479,925.4843950672479,925.4843950672479,925.4843950672479,3836,1918,0,0,3836,1918,1764560,882280,1918000.0,1918000.0,1000.0,False,True,3836,1918,0,0,3836,1918,6.103515625e-06,19.79726472190147,0.36731599357250994,0.36731599357250994,0.36731599357250994,False,-0.0002770714485871259,6.103515625e-06,True
trial,460,460,459,925.4846623410749,925.4846623410749,925.4843950672479,925.4843950672479,3836,1918,0,0,3836,1918,1768396,884198,1918000.0,1918000.0,1000.0,False,True,3836,1918,0,0,3836,1918,1.220703125e-05,11.766167588035646,-0.7875668016204875,-0.7875668016204875,-0.7875668016204875,False,-0.0003393665483167936,1.220703125e-05,False
trial,461,461,461,925.4843848640417,925.4843848640417,925.4843848640417,925.4843848640417,3836,1918,0,0,3836,1918,1772232,886116,1918000.0,1918000.0,1000.0,False,True,3836,1918,0,0,3836,1918,6.103515625e-06,11.766167588035646,0.05546064398278638,0.05546064398278638,0.05546064398278638,False,-0.0001839720111992652,6.103515625e-06,True
trial,462,462,461,925.4845629624681,925.4845629624681,925.4843848640417,925.4843848640417,3836,1918,0,0,3836,1918,1776068,888034,1918000.0,1918000.0,1000.0,False,True,3836,1918,0,0,3836,1918,1.220703125e-05,19.698397180433293,-0.3427413490158477,-0.3427413490158477,-0.3427413490158477,False,-0.0005196292391999257,1.220703125e-05,False
trial,463,463,463,925.4842858937138,925.4842858937138,925.4842858937138,925.4842858937138,3836,1918,0,0,3836,1918,1779904,889952,1918000.0,1918000.0,1000.0,False,True,3836,1918,0,0,3836,1918,6.103515625e-06,19.698397180433293,0.36009570451274703,0.36009570451274703,0.36009570451274703,False,-0.0002748445110179334,6.103515625e-06,True
trial,464,464,463,925.4845602205796,925.4845602205796,925.4842858937138,925.4842858937138,3836,1918,0,0,3836,1918,1783740,891870,1918000.0,1918000.0,1000.0,False,True,3836,1918,0,0,3836,1918,1.220703125e-05,11.639422781209909,-0.8174318847136478,-0.8174318847136478,-0.8174318847136478,False,-0.00033559599389546295,1.220703125e-05,False
trial,465,465,465,925.4842778314564,925.4842778314564,925.4842778314564,925.4842778314564,3836,1918,0,0,3836,1918,1787576,893788,1918000.0,1918000.0,1000.0,False,True,3836,1918,0,0,3836,1918,6.103515625e-06,11.639422781209909,0.04420306964428333,0.04420306964428333,0.04420306964428333,False,-0.00018239134653155018,6.103515625e-06,True
trial,466,466,466,925.4841827613466,925.4841827613466,925.4841827613466,925.4841827613466,3836,1918,0,0,3836,1918,1791412,895706,1918000.0,1918000.0,1000.0,False,True,3836,1918,0,0,3836,1918,3.0517578125e-06,19.59323091787589,0.6748437937468821,0.6748437937468821,0.6748437937468821,False,-0.00014087720854138186,3.0517578125e-06,True
trial,467,467,466,925.4842376432885,925.4842376432885,925.4841827613466,925.4841827613466,3836,1918,0,0,3836,1918,1795248,897624,1918000.0,1918000.0,1000.0,False,True,3836,1918,0,0,3836,1918,6.103515625e-06,8.862615222032161,-0.45963514143998635,-0.45963514143998635,-0.45963514143998635,False,-0.00011940327649068364,6.103515625e-06,False
trial,468,468,468,925.4841631677696,925.4841631677696,925.4841631677696,925.4841631677696,3836,1918,0,0,3836,1918,1799084,899542,1918000.0,1918000.0,1000.0,False,True,3836,1918,0,0,3836,1918,3.0517578125e-06,8.862615222032161,0.304551215446761,0.304551215446761,0.304551215446761,False,-6.433590153051464e-05,3.0517578125e-06,True
trial,469,469,468,925.4841924772404,925.4841924772404,925.4841631677696,925.4841631677696,3836,1918,0,0,3836,1918,1802920,901460,1918000.0,1918000.0,1000.0,False,True,3836,1918,0,0,3836,1918,6.103515625e-06,9.648854422471704,-0.20442854316901352,-0.20442854316901352,-0.20442854316901352,False,-0.00014337269342349834,6.103515625e-06,False
trial,470,470,470,925.4841310324967,925.4841310324967,925.4841310324967,925.4841310324967,3836,1918,0,0,3836,1918,1806756,903378,1918000.0,1918000.0,1000.0,False,True,3836,1918,0,0,3836,1918,3.0517578125e-06,9.648854422471704,0.4237164733559602,0.4237164733559602,0.4237164733559602,False,-7.584145257168597e-05,3.0517578125e-06,True
trial,471,471,470,925.4841877673924,925.4841877673924,925.4841310324967,925.4841310324967,3836,1918,0,0,3836,1918,1810592,905296,1918000.0,1918000.0,1000.0,False,True,3836,1918,0,0,3836,1918,6.103515625e-06,8.684500971294934,-0.48587497878659797,-0.48587497878659797,-0.48587497878659797,False,-0.0001167685066247759,6.103515625e-06,False
trial,472,472,472,925.4841124342204,925.4841124342204,925.4841124342204,925.4841124342204,3836,1918,0,0,3836,1918,1814428,907214,1918000.0,1918000.0,1000.0,False,True,3836,1918,0,0,3836,1918,3.0517578125e-06,8.684500971294934,0.2983435857725823,0.2983435857725823,0.2983435857725823,False,-6.233844887755372e-05,3.0517578125e-06,True
trial,473,473,472,925.48414310567,925.48414310567,925.4841124342204,925.4841124342204,3836,1918,0,0,3836,1918,1818264,909132,1918000.0,1918000.0,1000.0,False,True,3836,1918,0,0,3836,1918,6.103515625e-06,9.508217901222906,-0.21669110194668942,-0.21669110194668942,-0.21669110194668942,False,-0.00014154457357193754,6.103515625e-06,False
trial,474,474,474,925.4840810564353,925.4840810564353,925.4840810564353,925.4840810564353,3836,1918,0,0,3836,1918,1822100,911050,1918000.0,1918000.0,1000.0,False,True,3836,1918,0,0,3836,1918,3.0517578125e-06,9.508217901222906,0.42112840455051814,0.42112840455051814,0.42112840455051814,False,-7.450883078912112e-05,3.0517578125e-06,True
trial,475,475,474,925.484139445485,925.484139445485,925.4840810564353,925.4840810564353,3836,1918,0,0,3836,1918,1825936,912968,1918000.0,1918000.0,1000.0,False,True,3836,1918,0,0,3836,1918,6.103515625e-06,8.53486134160997,-0.5081495725358954,-0.5081495725358954,-0.5081495725358954,False,-0.0001149052420449881,6.103515625e-06,False
trial,476,476,476,925.4840633242324,925.4840633242324,925.4840633242324,925.4840633242324,3836,1918,0,0,3836,1918,1829772,914886,1918000.0,1918000.0,1000.0,False,True,3836,1918,0,0,3836,1918,3.0517578125e-06,8.53486134160997,0.2900950352013558,0.2900950352013558,0.2900950352013558,False,-6.112549626702504e-05,3.0517578125e-06,True
trial,477,477,476,925.4840950902422,925.4840950902422,925.4840633242324,925.4840633242324,3836,1918,0,0,3836,1918,1833608,916804,1918000.0,1918000.0,1000.0,False,True,3836,1918,0,0,3836,1918,6.103515625e-06,9.42140419290515,-0.2268999863099172,-0.2268999863099172,-0.2268999863099172,False,-0.0001400000520660869,6.103515625e-06,False
trial,478,478,478,925.4840325389341,925.4840325389341,925.4840325389341,925.4840325389341,3836,1918,0,0,3836,1918,1837444,918722,1918000.0,1918000.0,1000.0,False,True,3836,1918,0,0,3836,1918,3.0517578125e-06,9.42140419290515,0.417603828251917,0.417603828251917,0.417603828251917,False,-7.371890809726497e-05,3.0517578125e-06,True
trial,479,479,478,925.4840926315874,925.4840926315874,925.4840325389341,925.4840325389341,3836,1918,0,0,3836,1918,1841280,920640,1918000.0,1918000.0,1000.0,False,True,3836,1918,0,0,3836,1918,6.103515625e-06,8.414300419821535,-0.5305629254663188,-0.5305629254663188,-0.5305629254663188,False,-0.00011326206633115083,6.103515625e-06,False
trial,480,480,480,925.4840156787927,925.4840156787927,925.4840156787927,925.4840156787927,3836,1918,0,0,3836,1918,1845116,922558,1918000.0,1918000.0,1000.0,False,True,3836,1918,0,0,3836,1918,3.0517578125e-06,8.414300419821535,0.27998583908327107,0.27998583908327107,0.27998583908327107,False,-6.0217836163914174e-05,3.0517578125e-06,True
trial,481,481,480,925.4840485721656,925.4840485721656,925.4840156787927,925.4840156787927,3836,1918,0,0,3836,1918,1848952,924476,1918000.0,1918000.0,1000.0,False,True,3836,1918,0,0,3836,1918,6.103515625e-06,9.32492349570469,-0.23591482209434136,-0.23591482209434136,-0.23591482209434136,False,-0.0001394290219914336,6.103515625e-06,False
trial,482,482,482,925.4839854321115,925.4839854321115,925.4839854321115,925.4839854321115,3836,1918,0,0,3836,1918,1852788,926394,1918000.0,1918000.0,1000.0,False,True,3836,1918,0,0,3836,1918,3.0517578125e-06,9.32492349570469,0.41250312791879684,0.41250312791879684,0.41250312791879684,False,-7.33247319004055e-05,3.0517578125e-06,True
trial,483,483,482,925.4840471276937,925.4840471276937,925.4839854321115,925.4839854321115,3836,1918,0,0,3836,1918,1856624,928312,1918000.0,1918000.0,1000.0,False,True,3836,1918,0,0,3836,1918,6.103515625e-06,8.307710153896478,-0.5517039487517449,-0.5517039487517449,-0.5517039487517449,False,-0.00011182733480393361,6.103515625e-06,False
trial,484,484,484,925.4839692712571,925.4839692712571,925.4839692712571,925.4839692712571,3836,1918,0,0,3836,1918,1860460,930230,1918000.0,1918000.0,1000.0,False,True,3836,1918,0,0,3836,1918,3.0517578125e-06,8.307710153896478,0.2713006228294052,0.2713006228294052,0.2713006228294052,False,-5.9568069401705075e-05,3.0517578125e-06,True
trial,485,485,484,925.4840035083639,925.4840035083639,925.4839692712571,925.4839692712571,3836,1918,0,0,3836,1918,1864296,932148,1918000.0,1918000.0,1000.0,False,True,3836,1918,0,0,3836,1918,6.103515625e-06,9.259340362951312,-0.24754661554892363,-0.24754661554892363,-0.24754661554892363,False,-0.00013830569526715976,6.103515625e-06,False
trial,486,486,486,925.4839396727672,925.4839396727672,925.4839396727672,925.4839396727672,3836,1918,0,0,3836,1918,1868132,934066,1918000.0,1918000.0,1000.0,False,True,3836,1918,0,0,3836,1918,3.0517578125e-06,9.259340362951312,0.40634697597450264,0.40634697597450264,0.40634697597450264,False,-7.284043369202573e-05,3.0517578125e-06,True
trial,487,487,486,925.4840028153252,925.4840028153252,925.4839396727672,925.4839396727672,3836,1918,0,0,3836,1918,1871968,935984,1918000.0,1918000.0,1000.0,False,True,3836,1918,0,0,3836,1918,6.103515625e-06,8.223575475343173,-0.5708937670775687,-0.5708937670775687,-0.5708937670775687,False,-0.00011060299071535698,6.103515625e-06,False
trial,488,488,488,925.4839242132407,925.4839242132407,925.4839242132407,925.4839242132407,3836,1918,0,0,3836,1918,1875804,937902,1918000.0,1918000.0,1000.0,False,True,3836,1918,0,0,3836,1918,3.0517578125e-06,8.223575475343173,0.2617075744007574,0.2617075744007574,0.2617075744007574,False,-5.907175791796458e-05,3.0517578125e-06,True
trial,489,489,488,925.4839594853199,925.4839594853199,925.4839242132407,925.4839242132407,3836,1918,0,0,3836,1918,1879640,939820,1918000.0,1918000.0,1000.0,False,True,3836,1918,0,0,3836,1918,6.103515625e-06,9.19861803547602,-0.2565528219994399,-0.2565528219994399,-0.2565528219994399,False,-0.00013748466672795044,6.103515625e-06,False
trial,490,490,490,925.483895156592,925.483895156592,925.483895156592,925.483895156592,3836,1918,0,0,3836,1918,1883476,941738,1918000.0,1918000.0,1000.0,False,True,3836,1918,0,0,3836,1918,3.0517578125e-06,9.19861803547602,0.40094406736630567,0.40094406736630567,0.40094406736630567,False,-7.247057901278355e-05,3.0517578125e-06,True
trial,491,491,490,925.4839596749018,925.4839596749018,925.483895156592,925.483895156592,3836,1918,0,0,3836,1918,1887312,943656,1918000.0,1918000.0,1000.0,False,True,3836,1918,0,0,3836,1918,6.103515625e-06,8.118446628110531,-0.5896509920580814,-0.5896509920580814,-0.5896509920580814,False,-0.00010941779240655892,6.103515625e-06,False
trial,492,492,492,925.4838805117172,925.4838805117172,925.4838805117172,925.4838805117172,3836,1918,0,0,3836,1918,1891148,945574,1918000.0,1918000.0,1000.0,False,True,3836,1918,0,0,3836,1918,3.0517578125e-06,8.118446628110531,0.2507082390241332,0.2507082390241332,0.2507082390241332,False,-5.841401484261626e-05,3.0517578125e-06,True
trial,493,493,492,925.4839171231865,925.4839171231865,925.4838805117172,925.4838805117172,3836,1918,0,0,3836,1918,1894984,947492,1918000.0,1918000.0,1000.0,False,True,3836,1918,0,0,3836,1918,6.103515625e-06,9.134938323167013,-0.268512121984146,-0.268512121984146,-0.268512121984146,False,-0.00013634940974025493,6.103515625e-06,False
trial,494,494,494,925.4838520096746,925.4838520096746,925.4838520096746,925.4838520096746,3836,1918,0,0,3836,1918,1898820,949410,1918000.0,1918000.0,1000.0,False,True,3836,1918,0,0,3836,1918,3.0517578125e-06,9.134938323167013,0.3954036597340475,0.3954036597340475,0.3954036597340475,False,-7.208340614619486e-05,3.0517578125e-06,True
trial,495,495,494,925.4839179774463,925.4839179774463,925.4838520096746,925.4838520096746,3836,1918,0,0,3836,1918,1902656,951328,1918000.0,1918000.0,1000.0,False,True,3836,1918,0,0,3836,1918,6.103515625e-06,8.029400460517955,-0.6099674410108997,-0.6099674410108997,-0.6099674410108997,False,-0.00010814966049975809,6.103515625e-06,False
trial,496,496,496,925.4838381079571,925.4838381079571,925.4838381079571,925.4838381079571,3836,1918,0,0,3836,1918,1906492,953246,1918000.0,1918000.0,1000.0,False,True,3836,1918,0,0,3836,1918,3.0517578125e-06,8.029400460517955,0.24042355564300597,0.24042355564300597,0.24042355564300597,False,-5.782177802374496e-05,3.0517578125e-06,True
trial,497,497,496,925.4838756381587,925.4838756381587,925.4838381079571,925.4838381079571,3836,1918,0,0,3836,1918,1910328,955164,1918000.0,1918000.0,1000.0,False,True,3836,1918,0,0,3836,1918,6.103515625e-06,9.069770317964243,-0.2767749840629143,-0.2767749840629143,-0.2767749840629143,False,-0.00013559824302689048,6.103515625e-06,False
trial,498,498,498,925.4838101603488,925.4838101603488,925.4838101603488,925.4838101603488,3836,1918,0,0,3836,1918,1914164,957082,1918000.0,1918000.0,1000.0,False,True,3836,1918,0,0,3836,1918,3.0517578125e-06,9.069770317964243,0.389928349789277,0.389928349789277,0.389928349789277,False,-7.167370207482382e-05,3.0517578125e-06,True
trial,499,499,498,925.4838777126614,925.4838777126614,925.4838101603488,925.4838101603488,3836,1918,0,0,3836,1918,1918000,959000,1918000.0,1918000.0,1000.0,False,True,3836,1918,0,0,3836,1918,6.103515625e-06,7.929802059776739,-0.6330428400355823,-0.6330428400355823,-0.6330428400355823,False,-0.00010671049158952531,6.103515625e-06,False
trial,500,500,500,925.4837969983687,925.4837969983687,925.4837969983687,925.4837969983687,3836,1918,0,0,3836,1918,1921836,960918,1918000.0,1918000.0,1000.0,False,True,3836,1918,0,0,3836,1918,3.0517578125e-06,7.929802059776739,0.23010028397620064,0.23010028397620064,0.23010028397620064,False,-5.720105962768199e-05,3.0517578125e-06,True
trial,501,501,500,925.4838356531311,925.4838356531311,925.4837969983687,925.4837969983687,3836,1918,0,0,3836,1918,1925672,962836,1918000.0,1918000.0,1000.0,False,True,3836,1918,0,0,3836,1918,6.103515625e-06,9.003322631253347,-0.28713575810103875,-0.28713575810103875,-0.28713575810103875,False,-0.0001346219038544926,6.103515625e-06,False
trial,502,502,502,925.4837696527168,925.4837696527168,925.4837696527168,925.4837696527168,3836,1918,0,0,3836,1918,1929508,964754,1918000.0,1918000.0,1000.0,False,True,3836,1918,0,0,3836,1918,3.0517578125e-06,9.003322631253347,0.38407492255113995,0.38407492255113995,0.38407492255113995,False,-7.119874355157974e-05,3.0517578125e-06,True
trial,503,503,502,925.4838377163353,925.4838377163353,925.4837696527168,925.4837696527168,3836,1918,0,0,3836,1918,1933344,966672,1918000.0,1918000.0,1000.0,False,True,3836,1918,0,0,3836,1918,6.103515625e-06,7.826367685828047,-0.6474150381708695,-0.6474150381708695,-0.6474150381708695,False,-0.00010513135240147823,6.103515625e-06,False
trial,504,504,504,925.4837572187005,925.4837572187005,925.4837572187005,925.4837572187005,3836,1918,0,0,3836,1918,1937180,968590,1918000.0,1918000.0,1000.0,False,True,3836,1918,0,0,3836,1918,3.0517578125e-06,7.826367685828047,0.2197674063107375,0.2197674063107375,0.2197674063107375,False,-5.657807273193294e-05,3.0517578125e-06,True
trial,505,505,504,925.4837968264608,925.4837968264608,925.4837572187005,925.4837572187005,3836,1918,0,0,3836,1918,1941016,970508,1918000.0,1918000.0,1000.0,False,True,3836,1918,0,0,3836,1918,6.103515625e-06,8.932032762815115,-0.296928397086423,-0.296928397086423,-0.296928397086423,False,-0.00013339162130881875,6.103515625e-06,False
trial,506,506,506,925.4837303817308,925.4837303817308,925.4837303817308,925.4837303817308,3836,1918,0,0,3836,1918,1944852,972426,1918000.0,1918000.0,1000.0,False,True,3836,1918,0,0,3836,1918,3.0517578125e-06,8.932032762815115,0.3790971484934358,0.3790971484934358,0.3790971484934358,False,-7.079180050884807e-05,3.0517578125e-06,True
trial,507,507,506,925.4838009396896,925.4838009396896,925.4837303817308,925.4837303817308,3836,1918,0,0,3836,1918,1948688,974344,1918000.0,1918000.0,1000.0,False,True,3836,1918,0,0,3836,1918,6.103515625e-06,7.72342416990796,-0.6788999078222911,-0.6788999078222911,-0.6788999078222911,False,-0.00010392983999554441,6.103515625e-06,False
trial,508,508,508,925.4837186339614,925.4837186339614,925.4837186339614,925.4837186339614,3836,1918,0,0,3836,1918,1952524,976262,1918000.0,1918000.0,1000.0,False,True,3836,1918,0,0,3836,1918,3.0517578125e-06,7.72342416990796,0.20988528921622743,0.20988528921622743,0.20988528921622743,False,-5.597233323584733e-05,3.0517578125e-06,True
trial,509,509,508,925.4837595223393,925.4837595223393,925.4837186339614,925.4837186339614,3836,1918,0,0,3836,1918,1956360,978180,1918000.0,1918000.0,1000.0,False,True,3836,1918,0,0,3836,1918,6.103515625e-06,8.860890268280189,-0.3083645155184084,-0.3083645155184084,-0.3083645155184084,False,-0.0001325975453770041,6.103515625e-06,False
trial,510,510,510,925.4836923433953,925.4836923433953,925.4836923433953,925.4836923433953,3836,1918,0,0,3836,1918,1960196,980098,1918000.0,1918000.0,1000.0,False,True,3836,1918,0,0,3836,1918,3.0517578125e-06,8.860890268280189,0.3738610088018255,0.3738610088018255,0.3738610088018255,False,-7.032176525106037e-05,3.0517578125e-06,True
trial,511,511,510,925.4837643765537,925.4837643765537,925.4836923433953,925.4836923433953,3836,1918,0,0,3836,1918,1964032,982016,1918000.0,1918000.0,1000.0,False,True,3836,1918,0,0,3836,1918,6.103515625e-06,7.627707598731925,-0.7025237050271278,-0.7025237050271278,-0.7025237050271278,False,-0.00010253484386074466,6.103515625e-06,False
trial,512,512,512,925.4836812856413,925.4836812856413,925.4836812856413,925.4836812856413,3836,1918,0,0,3836,1918,1967868,983934,1918000.0,1918000.0,1000.0,False,True,3836,1918,0,0,3836,1918,3.0517578125e-06,7.627707598731925,0.19980733468446693,0.19980733468446693,0.19980733468446693,False,-5.5342082612336954e-05,3.0517578125e-06,True
trial,513,513,512,925.4837231966344,925.4837231966344,925.4836812856413,925.4836812856413,3836,1918,0,0,3836,1918,1971704,985852,1918000.0,1918000.0,1000.0,False,True,3836,1918,0,0,3836,1918,6.103515625e-06,8.791604888074678,-0.3184086360924933,-0.3184086360924933,-0.3184086360924933,False,-0.0001316264333115994,6.103515625e-06,False
trial,514,514,514,925.4836555402646,925.4836555402646,925.4836555402646,925.4836555402646,3836,1918,0,0,3836,1918,1975540,987770,1918000.0,1918000.0,1000.0,False,True,3836,1918,0,0,3836,1918,3.0517578125e-06,8.791604888074678,0.36873112371749256,0.36873112371749256,0.36873112371749256,False,-6.982154476470147e-05,3.0517578125e-06,True
trial,515,515,514,925.4837290289838,925.4837290289838,925.4836555402646,925.4836555402646,3836,1918,0,0,3836,1918,1979376,989688,1918000.0,1918000.0,1000.0,False,True,3836,1918,0,0,3836,1918,6.103515625e-06,7.516191895046365,-0.7267871458344015,-0.7267871458344015,-0.7267871458344015,False,-0.00010111450044530424,6.103515625e-06,False
trial,516,516,516,925.4836452666867,925.4836452666867,925.4836452666867,925.4836452666867,3836,1918,0,0,3836,1918,1983212,991606,1918000.0,1918000.0,1000.0,False,True,3836,1918,0,0,3836,1918,3.0517578125e-06,7.516191895046365,0.1881564109645875,0.1881564109645875,0.1881564109645875,False,-5.4601264241033664e-05,3.0517578125e-06,True
trial,517,517,516,925.4836883066139,925.4836883066139,925.4836452666867,925.4836452666867,3836,1918,0,0,3836,1918,1987048,993524,1918000.0,1918000.0,1000.0,False,True,3836,1918,0,0,3836,1918,6.103515625e-06,8.726572490803244,-0.3296497533646558,-0.3296497533646558,-0.3296497533646558,False,-0.0001305625947669987,6.103515625e-06,False
trial,518,518,518,925.4836200347512,925.4836200347512,925.4836200347512,925.4836200347512,3836,1918,0,0,3836,1918,1990884,995442,1918000.0,1918000.0,1000.0,False,True,3836,1918,0,0,3836,1918,3.0517578125e-06,8.726572490803244,0.36376248088695284,0.36376248088695284,0.36376248088695284,False,-6.936376578073463e-05,3.0517578125e-06,True
trial,519,519,518,925.4836943741814,925.4836943741814,925.4836200347512,925.4836200347512,3836,1918,0,0,3836,1918,1994720,997360,1918000.0,1918000.0,1000.0,False,True,3836,1918,0,0,3836,1918,6.103515625e-06,7.4119314782372205,-0.7464186935301795,-0.7464186935301795,-0.7464186935301795,False,-9.959481295836677e-05,6.103515625e-06,False
trial,520,520,520,925.4836104672922,925.4836104672922,925.4836104672922,925.4836104672922,3836,1918,0,0,3836,1918,1998556,999278,1918000.0,1918000.0,1000.0,False,True,3836,1918,0,0,3836,1918,3.0517578125e-06,7.4119314782372205,0.17737732792782845,0.17737732792782845,0.17737732792782845,False,-5.393845466024897e-05,3.0517578125e-06,True
trial,521,521,520,925.483654687052,925.483654687052,925.4836104672922,925.4836104672922,3836,1918,0,0,3836,1918,2002392,1001196,1918000.0,1918000.0,1000.0,False,True,3836,1918,0,0,3836,1918,6.103515625e-06,8.662507977839155,-0.34165684576279315,-0.34165684576279315,-0.34165684576279315,False,-0.00012942740728853736,6.103515625e-06,False
trial,522,522,522,925.4835858298509,925.4835858298509,925.4835858298509,925.4835858298509,3836,1918,0,0,3836,1918,2006228,1003114,1918000.0,1918000.0,1000.0,False,True,3836,1918,0,0,3836,1918,3.0517578125e-06,8.662507977839155,0.35806205284416914,0.35806205284416914,0.35806205284416914,False,-6.880774201200335e-05,3.0517578125e-06,True
trial,523,523,522,925.4836617802148,925.4836617802148,925.4835858298509,925.4835858298509,3836,1918,0,0,3836,1918,2010064,1005032,1918000.0,1918000.0,1000.0,False,True,3836,1918,0,0,3836,1918,6.103515625e-06,7.312562790164847,-0.7731445558332426,-0.7731445558332426,-0.7731445558332426,False,-9.823565765853628e-05,6.103515625e-06,False
trial,524,524,524,925.4835769705968,925.4835769705968,925.4835769705968,925.4835769705968,3836,1918,0,0,3836,1918,2013900,1006950,1918000.0,1918000.0,1000.0,False,True,3836,1918,0,0,3836,1918,3.0517578125e-06,7.312562790164847,0.166319056763476,0.166319056763476,0.166319056763476,False,-5.326662051216975e-05,3.0517578125e-06,True
trial,525,525,524,925.483622197453,925.483622197453,925.4835769705968,925.4835769705968,3836,1918,0,0,3836,1918,2017736,1008868,1918000.0,1918000.0,1000.0,False,True,3836,1918,0,0,3836,1918,6.103515625e-06,8.60170174503916,-0.35205625257116874,-0.35205625257116874,-0.35205625257116874,False,-0.00012846485708668958,6.103515625e-06,False
trial,526,526,526,925.4835528733662,925.4835528733662,925.4835528733662,925.4835528733662,3836,1918,0,0,3836,1918,2021572,1010786,1918000.0,1918000.0,1000.0,False,True,3836,1918,0,0,3836,1918,3.0517578125e-06,8.60170174503916,0.35280871150043625,0.35280871150043625,0.35280871150043625,False,-6.830112132119912e-05,3.0517578125e-06,True
trial,527,527,526,925.4836308181286,925.4836308181286,925.4835528733662,925.4835528733662,3836,1918,0,0,3836,1918,2025408,1012704,1918000.0,1918000.0,1000.0,False,True,3836,1918,0,0,3836,1918,6.103515625e-06,7.211122254768579,-0.8054433124142383,-0.8054433124142383,-0.8054433124142383,False,-9.677249936377613e-05,6.103515625e-06,False
trial,528,528,528,925.4835447910095,925.4835447910095,925.4835447910095,925.4835447910095,3836,1918,0,0,3836,1918,2029244,1014622,1918000.0,1918000.0,1000.0,False,True,3836,1918,0,0,3836,1918,3.0517578125e-06,7.211122254768579,0.15391609344158538,0.15391609344158538,0.15391609344158538,False,-5.251144618474323e-05,3.0517578125e-06,True
trial,529,529,528,925.4835913019668,925.4835913019668,925.4835447910095,925.4835447910095,3836,1918,0,0,3836,1918,2033080,1016540,1918000.0,1918000.0,1000.0,False,True,3836,1918,0,0,3836,1918,6.103515625e-06,8.542358965756714,-0.3656309214416461,-0.3656309214416461,-0.3656309214416461,False,-0.00012720739570069032,6.103515625e-06,False
trial,530,530,530,925.4835212138689,925.4835212138689,925.4835212138689,925.4835212138689,3836,1918,0,0,3836,1918,2036916,1018458,1918000.0,1918000.0,1000.0,False,True,3836,1918,0,0,3836,1918,3.0517578125e-06,8.542358965756714,0.3477217815782576,0.3477217815782576,0.3477217815782576,False,-6.780461236169547e-05,3.0517578125e-06,True
trial,531,531,530,925.4836005190265,925.4836005190265,925.4835212138689,925.4835212138689,3836,1918,0,0,3836,1918,2040752,1020376,1918000.0,1918000.0,1000.0,False,True,3836,1918,0,0,3836,1918,6.103515625e-06,7.120378116501642,-0.8309523649600409,-0.8309523649600409,-0.8309523649600409,False,-9.543887339369067e-05,6.103515625e-06,False
trial,532,532,532,925.4835138223482,925.4835138223482,925.4835138223482,925.4835138223482,3836,1918,0,0,3836,1918,2044588,1022294,1918000.0,1918000.0,1000.0,False,True,3836,1918,0,0,3836,1918,3.0517578125e-06,7.120378116501642,0.1425688145667796,0.1425688145667796,0.1425688145667796,False,-5.184528441184865e-05,3.0517578125e-06,True
trial,533,533,532,925.4835613654977,925.4835613654977,925.4835138223482,925.4835138223482,3836,1918,0,0,3836,1918,2048424,1024212,1918000.0,1918000.0,1000.0,False,True,3836,1918,0,0,3836,1918,6.103515625e-06,8.492502921235053,-0.37670988800276234,-0.37670988800276234,-0.37670988800276234,False,-0.00012620626923510005,6.103515625e-06,False
trial,534,534,534,925.4834907919978,925.4834907919978,925.4834907919978,925.4834907919978,3836,1918,0,0,3836,1918,2052260,1026130,1918000.0,1918000.0,1000.0,False,True,3836,1918,0,0,3836,1918,3.0517578125e-06,8.492502921235053,0.34229797644042553,0.34229797644042553,0.34229797644042553,False,-6.728158485789704e-05,3.0517578125e-06,True
trial,535,535,534,925.4835716494438,925.4835716494438,925.4834907919978,925.4834907919978,3836,1918,0,0,3836,1918,2056096,1028048,1918000.0,1918000.0,1000.0,False,True,3836,1918,0,0,3836,1918,6.103515625e-06,7.028747258605713,-0.8610378210713867,-0.8610378210713867,-0.8610378210713867,False,-9.39069619919699e-05,6.103515625e-06,False
trial,536,536,536,925.483484155866,925.483484155866,925.483484155866,925.483484155866,3836,1918,0,0,3836,1918,2059932,1029966,1918000.0,1918000.0,1000.0,False,True,3836,1918,0,0,3836,1918,3.0517578125e-06,7.028747258605713,0.12984602411932644,0.12984602411932644,0.12984602411932644,False,-5.1107701511548135e-05,3.0517578125e-06,True
trial,537,537,536,925.4835327483886,925.4835327483886,925.483484155866,925.483484155866,3836,1918,0,0,3836,1918,2063768,1031884,1918000.0,1918000.0,1000.0,False,True,3836,1918,0,0,3836,1918,6.103515625e-06,8.429944037680173,-0.38821836809460464,-0.38821836809460464,-0.38821836809460464,False,-0.00012516801521145156,6.103515625e-06,False
trial,538,538,538,925.4834616675241,925.4834616675241,925.4834616675241,925.4834616675241,3836,1918,0,0,3836,1918,2067604,1033802,1918000.0,1918000.0,1000.0,False,True,3836,1918,0,0,3836,1918,3.0517578125e-06,8.429944037680173,0.33693166213224474,0.33693166213224474,0.33693166213224474,False,-6.67445194294289e-05,3.0517578125e-06,True
trial,539,539,538,925.4835441670766,925.4835441670766,925.4834616675241,925.4834616675241,3836,1918,0,0,3836,1918,2071440,1035720,1918000.0,1918000.0,1000.0,False,True,3836,1918,0,0,3836,1918,6.103515625e-06,6.9278132382997555,-0.8942272728970387,-0.8942272728970387,-0.8942272728970387,False,-9.225792479306713e-05,6.103515625e-06,False
trial,540,540,540,925.4834557448207,925.4834557448207,925.4834557448207,925.4834557448207,3836,1918,0,0,3836,1918,2075276,1037638,1918000.0,1918000.0,1000.0,False,True,3836,1918,0,0,3836,1918,3.0517578125e-06,6.9278132382997555,0.11753459666867634,0.11753459666867634,0.11753459666867634,False,-5.039114917870189e-05,3.0517578125e-06,True
trial,541,541,540,925.4835055543117,925.4835055543117,925.4834557448207,925.4834557448207,3836,1918,0,0,3836,1918,2079112,1039556,1918000.0,1918000.0,1000.0,False,True,3836,1918,0,0,3836,1918,6.103515625e-06,8.377632061416545,-0.4018376377231505,-0.4018376377231505,-0.4018376377231505,False,-0.00012395426983063298,6.103515625e-06,False
trial,542,542,542,925.4834338284338,925.4834338284338,925.4834338284338,925.4834338284338,3836,1918,0,0,3836,1918,2082948,1041474,1918000.0,1918000.0,1000.0,False,True,3836,1918,0,0,3836,1918,3.0517578125e-06,8.377632061416545,0.3311618872026187,0.3311618872026187,0.3311618872026187,False,-6.618028148837229e-05,3.0517578125e-06,True
trial,543,543,542,925.4835175540074,925.4835175540074,925.4834338284338,925.4834338284338,3836,1918,0,0,3836,1918,2086784,1043392,1918000.0,1918000.0,1000.0,False,True,3836,1918,0,0,3836,1918,6.103515625e-06,6.842582072778598,-0.9195467608863146,-0.9195467608863146,-0.9195467608863146,False,-9.10509146383756e-05,6.103515625e-06,False
trial,544,544,544,925.4834286666786,925.4834286666786,925.4834286666786,925.4834286666786,3836,1918,0,0,3836,1918,2090620,1045310,1918000.0,1918000.0,1000.0,False,True,3836,1918,0,0,3836,1918,3.0517578125e-06,6.842582072778598,0.1039870946742843,0.1039870946742843,0.1039870946742843,False,-4.963842126631454e-05,3.0517578125e-06,True
trial,545,545,544,925.4834795067981,925.4834795067981,925.4834286666786,925.4834286666786,3836,1918,0,0,3836,1918,2094456,1047228,1918000.0,1918000.0,1000.0,False,True,3836,1918,0,0,3836,1918,6.103515625e-06,8.32799894605069,-0.41354004870283717,-0.41354004870283717,-0.41354004870283717,False,-0.00012293880511941673,6.103515625e-06,False
trial,546,546,546,925.4834073035252,925.4834073035252,925.4834073035252,925.4834073035252,3836,1918,0,0,3836,1918,2098292,1049146,1918000.0,1918000.0,1000.0,False,True,3836,1918,0,0,3836,1918,3.0517578125e-06,8.32799894605069,0.32545461479947085,0.32545461479947085,0.32545461479947085,False,-6.564096030365398e-05,3.0517578125e-06,True
trial,547,547,546,925.4834924153768,925.4834924153768,925.4834073035252,925.4834073035252,3836,1918,0,0,3836,1918,2102128,1051064,1918000.0,1918000.0,1000.0,False,True,3836,1918,0,0,3836,1918,6.103515625e-06,6.752765554843961,-0.9514435559962746,-0.9514435559962746,-0.9514435559962746,False,-8.945549220179156e-05,6.103515625e-06,False
trial,548,548,548,925.4834028378197,925.4834028378197,925.4834028378197,925.4834028378197,3836,1918,0,0,3836,1918,2105964,1052982,1918000.0,1918000.0,1000.0,False,True,3836,1918,0,0,3836,1918,3.0517578125e-06,6.752765554843961,0.09121763092367526,0.09121763092367526,0.09121763092367526,False,-4.895660472836862e-05,3.0517578125e-06,True
trial,549,549,548,925.4834548267597,925.4834548267597,925.4834028378197,925.4834028378197,3836,1918,0,0,3836,1918,2109800,1054900,1918000.0,1918000.0,1000.0,False,True,3836,1918,0,0,3836,1918,6.103515625e-06,8.280871726487428,-0.4268194867575138,-0.4268194867575138,-0.4268194867575138,False,-0.00012180545098123574,6.103515625e-06,False
trial,550,550,550,925.4833821228169,925.4833821228169,925.4833821228169,925.4833821228169,3836,1918,0,0,3836,1918,2113636,1056818,1918000.0,1918000.0,1000.0,False,True,3836,1918,0,0,3836,1918,3.0517578125e-06,8.280871726487428,0.3186683001134902,0.3186683001134902,0.3186683001134902,False,-6.500490549646197e-05,3.0517578125e-06,True
trial,551,551,550,925.4834688248773,925.4834688248773,925.4833821228169,925.4833821228169,3836,1918,0,0,3836,1918,2117472,1058736,1918000.0,1918000.0,1000.0,False,True,3836,1918,0,0,3836,1918,6.103515625e-06,6.669149592075865,-0.9840733099337522,-0.9840733099337522,-0.9840733099337522,False,-8.810528592580704e-05,6.103515625e-06,False
trial,552,552,552,925.483378398024,925.483378398024,925.483378398024,925.483378398024,3836,1918,0,0,3836,1918,2121308,1060654,1918000.0,1918000.0,1000.0,False,True,3836,1918,0,0,3836,1918,3.0517578125e-06,6.669149592075865,0.07723425146738046,0.07723425146738046,0.07723425146738046,False,-4.822721587610688e-05,3.0517578125e-06,True
trial,553,553,552,925.4834315774035,925.4834315774035,925.483378398024,925.483378398024,3836,1918,0,0,3836,1918,2125144,1062572,1918000.0,1918000.0,1000.0,False,True,3836,1918,0,0,3836,1918,6.103515625e-06,8.284458390970428,-0.44087663699139895,-0.44087663699139895,-0.44087663699139895,False,-0.00012062190427944136,6.103515625e-06,False
trial,554,554,554,925.4833581263141,925.4833581263141,925.4833581263141,925.4833581263141,3836,1918,0,0,3836,1918,2128980,1064490,1918000.0,1918000.0,1000.0,False,True,3836,1918,0,0,3836,1918,3.0517578125e-06,8.284458390970428,0.3140514751464286,0.3140514751464286,0.3140514751464286,False,-6.454900391915678e-05,3.0517578125e-06,True
trial,555,555,554,925.4834463278223,925.4834463278223,925.4833581263141,925.4833581263141,3836,1918,0,0,3836,1918,2132816,1066408,1918000.0,1918000.0,1000.0,False,True,3836,1918,0,0,3836,1918,6.103515625e-06,6.585224105217716,-1.018732375733517,-1.018732375733517,-1.018732375733517,False,-8.657966539666158e-05,6.103515625e-06,False
trial,556,556,556,925.4833551929198,925.4833551929198,925.4833551929198,925.4833551929198,3836,1918,0,0,3836,1918,2136652,1068326,1918000.0,1918000.0,1000.0,False,True,3836,1918,0,0,3836,1918,3.0517578125e-06,6.585224105217716,0.06187255442628891,0.06187255442628891,0.06187255442628891,False,-4.741026634522464e-05,3.0517578125e-06,True
trial,557,557,556,925.4834094522967,925.4834094522967,925.4833551929198,925.4833551929198,3836,1918,0,0,3836,1918,2140488,1070244,1918000.0,1918000.0,1000.0,False,True,3836,1918,0,0,3836,1918,6.103515625e-06,8.19410108058302,-0.45394069726687664,-0.45394069726687664,-0.45394069726687664,False,-0.00011952965919416705,6.103515625e-06,False
trial,558,558,558,925.483335580733,925.483335580733,925.483335580733,925.483335580733,3836,1918,0,0,3836,1918,2144324,1072162,1918000.0,1918000.0,1000.0,False,True,3836,1918,0,0,3836,1918,3.0517578125e-06,8.19410108058302,0.306967515553487,0.306967515553487,0.306967515553487,False,-6.389010519837262e-05,3.0517578125e-06,True
trial,559,559,558,925.4834252158129,925.4834252158129,925.483335580733,925.483335580733,3836,1918,0,0,3836,1918,2148160,1074080,1918000.0,1918000.0,1000.0,False,True,3836,1918,0,0,3836,1918,6.103515625e-06,6.5149691930884845,-1.0526127356856911,-1.0526127356856911,-1.0526127356856911,False,-8.515485028619882e-05,6.103515625e-06,False
trial,560,560,560,925.483333361854,925.483333361854,925.483333361854,925.483333361854,3836,1918,0,0,3836,1918,2151996,1075998,1918000.0,1918000.0,1000.0,False,True,3836,1918,0,0,3836,1918,3.0517578125e-06,6.5149691930884845,0.047508069009041656,0.047508069009041656,0.047508069009041656,False,-4.670530788058056e-05,3.0517578125e-06,True
trial,561,561,561,925.4833118912749,925.4833118912749,925.4833118912749,925.4833118912749,3836,1918,0,0,3836,1918,2155832,1077916,1918000.0,1918000.0,1000.0,False,True,3836,1918,0,0,3836,1918,1.52587890625e-06,8.15611824567329,0.6481499836905158,0.6481499836905158,0.6481499836905158,False,-3.3125942512969274e-05,1.52587890625e-06,True
trial,562,562,561,925.4833182375337,925.4833182375337,925.4833118912749,925.4833118912749,3836,1918,0,0,3836,1918,2159668,1079834,1918000.0,1918000.0,1000.0,False,True,3836,1918,0,0,3836,1918,3.0517578125e-06,2.9878455856031874,-0.33261752143355167,-0.33261752143355167,-0.33261752143355167,False,-1.9079749020193882e-05,3.0517578125e-06,False
trial,563,563,563,925.4833095573772,925.4833095573772,925.4833095573772,925.4833095573772,3836,1918,0,0,3836,1918,2163504,1081752,1918000.0,1918000.0,1000.0,False,True,3836,1918,0,0,3836,1918,1.52587890625e-06,2.9878455856031874,0.23160997770875083,0.23160997770875083,0.23160997770875083,False,-1.0076844236130256e-05,1.52587890625e-06,True
trial,564,564,563,925.4833124282384,925.4833124282384,925.4833095573772,925.4833095573772,3836,1918,0,0,3836,1918,2167340,1083670,1918000.0,1918000.0,1000.0,False,True,3836,1918,0,0,3836,1918,3.0517578125e-06,3.9744034363914884,-0.09490690142461951,-0.09490690142461951,-0.09490690142461951,False,-3.024923517350006e-05,3.0517578125e-06,False
trial,565,565,565,925.4833053325785,925.4833053325785,925.4833053325785,925.4833053325785,3836,1918,0,0,3836,1918,2171176,1085588,1918000.0,1918000.0,1000.0,False,True,3836,1918,0,0,3836,1918,1.52587890625e-06,3.9744034363914884,0.25152992090276904,0.25152992090276904,0.25152992090276904,False,-1.6796405943700587e-05,1.52587890625e-06,True
trial,566,566,565,925.4833172798149,925.4833172798149,925.4833053325785,925.4833053325785,3836,1918,0,0,3836,1918,2175012,1087506,1918000.0,1918000.0,1000.0,False,True,3836,1918,0,0,3836,1918,3.0517578125e-06,5.363847648831305,-0.36255612326113346,-0.36255612326113346,-0.36255612326113346,False,-3.2952791444362133e-05,3.0517578125e-06,False
trial,567,567,567,925.4832993879473,925.4832993879473,925.4832993879473,925.4832993879473,3836,1918,0,0,3836,1918,2178848,1089424,1918000.0,1918000.0,1000.0,False,True,3836,1918,0,0,3836,1918,1.52587890625e-06,5.363847648831305,0.3191520324813105,0.3191520324813105,0.3191520324813105,False,-1.8626330378487725e-05,1.52587890625e-06,True
trial,568,568,567,925.4833047481924,925.4833047481924,925.4832993879473,925.4832993879473,3836,1918,0,0,3836,1918,2182684,1091342,1918000.0,1918000.0,1000.0,False,True,3836,1918,0,0,3836,1918,3.0517578125e-06,4.022230031380633,-0.17661434496922593,-0.17661434496922593,-0.17661434496922593,False,-3.0349998136639124e-05,3.0517578125e-06,False
trial,569,569,569,925.4832952208976,925.4832952208976,925.4832952208976,925.4832952208976,3836,1918,0,0,3836,1918,2186520,1093260,1918000.0,1918000.0,1000.0,False,True,3836,1918,0,0,3836,1918,1.52587890625e-06,4.022230031380633,0.24510263190089138,0.24510263190089138,0.24510263190089138,False,-1.700124430174017e-05,1.52587890625e-06,True
trial,570,570,569,925.4833074127603,925.4833074127603,925.4832952208976,925.4832952208976,3836,1918,0,0,3836,1918,2190356,1095178,1918000.0,1918000.0,1000.0,False,True,3836,1918,0,0,3836,1918,3.0517578125e-06,5.323792167127974,-0.37551914793660573,-0.37551914793660573,-0.37551914793660573,False,-3.24666870354832e-05,3.0517578125e-06,False
trial,571,571,571,925.4832894420682,925.4832894420682,925.4832894420682,925.4832894420682,3836,1918,0,0,3836,1918,2194192,1097096,1918000.0,1918000.0,1000.0,False,True,3836,1918,0,0,3836,1918,1.52587890625e-06,5.323792167127974,0.3149801882813229,0.3149801882813229,0.3149801882813229,False,-1.8346644072653538e-05,1.52587890625e-06,True
trial,572,572,571,925.4832951411177,925.4832951411177,925.4832894420682,925.4832894420682,3836,1918,0,0,3836,1918,2198028,1099014,1918000.0,1918000.0,1000.0,False,True,3836,1918,0,0,3836,1918,3.0517578125e-06,3.9570061068681257,-0.19044781354083204,-0.19044781354083204,-0.19044781354083204,False,-2.992446766719184e-05,3.0517578125e-06,False
trial,573,573,573,925.4832854530598,925.4832854530598,925.4832854530598,925.4832854530598,3836,1918,0,0,3836,1918,2201864,1100932,1918000.0,1918000.0,1000.0,False,True,3836,1918,0,0,3836,1918,1.52587890625e-06,3.9570061068681257,0.23844244185885857,0.23844244185885857,0.23844244185885857,False,-1.6729439500249493e-05,1.52587890625e-06,True
trial,574,574,573,925.4832978159857,925.4832978159857,925.4832854530598,925.4832854530598,3836,1918,0,0,3836,1918,2205700,1102850,1918000.0,1918000.0,1000.0,False,True,3836,1918,0,0,3836,1918,3.0517578125e-06,5.288022558830709,-0.38486643328934744,-0.38486643328934744,-0.38486643328934744,False,-3.2122639968116303e-05,3.0517578125e-06,False
trial,575,575,575,925.4832798437697,925.4832798437697,925.4832798437697,925.4832798437697,3836,1918,0,0,3836,1918,2209536,1104768,1918000.0,1918000.0,1000.0,False,True,3836,1918,0,0,3836,1918,1.52587890625e-06,5.288022558830709,0.3098327835362908,0.3098327835362908,0.3098327835362908,False,-1.8104249950231e-05,1.52587890625e-06,True
trial,576,576,575,925.4832859084166,925.4832859084166,925.4832798437697,925.4832798437697,3836,1918,0,0,3836,1918,2213372,1106686,1918000.0,1918000.0,1000.0,False,True,3836,1918,0,0,3836,1918,3.0517578125e-06,3.8978970880347767,-0.20587746107065838,-0.20587746107065838,-0.20587746107065838,False,-2.9457556696111043e-05,3.0517578125e-06,False
trial,577,577,577,925.4832760344434,925.4832760344434,925.4832760344434,925.4832760344434,3836,1918,0,0,3836,1918,2217208,1108604,1918000.0,1918000.0,1000.0,False,True,3836,1918,0,0,3836,1918,1.52587890625e-06,3.8978970880347767,0.231040293419981,0.231040293419981,0.231040293419981,False,-1.6487713845390395e-05,1.52587890625e-06,True
trial,578,578,577,925.4832886220303,925.4832886220303,925.4832760344434,925.4832760344434,3836,1918,0,0,3836,1918,2221044,1110522,1918000.0,1918000.0,1000.0,False,True,3836,1918,0,0,3836,1918,3.0517578125e-06,5.258423310631722,-0.39625001955082845,-0.39625001955082845,-0.39625001955082845,False,-3.1766779167465656e-05,3.0517578125e-06,False
trial,579,579,579,925.483270592498,925.483270592498,925.483270592498,925.483270592498,3836,1918,0,0,3836,1918,2224880,1112440,1918000.0,1918000.0,1000.0,False,True,3836,1918,0,0,3836,1918,1.52587890625e-06,5.258423310631722,0.3041597128508672,0.3041597128508672,0.3041597128508672,False,-1.7891736395725772e-05,1.52587890625e-06,True
trial,580,580,579,925.4832768412716,925.4832768412716,925.483270592498,925.483270592498,3836,1918,0,0,3836,1918,2228716,1114358,1918000.0,1918000.0,1000.0,False,True,3836,1918,0,0,3836,1918,3.0517578125e-06,3.8470234258760616,-0.2147693996729335,-0.2147693996729335,-0.2147693996729335,False,-2.9095269742319635e-05,3.0517578125e-06,False
trial,581,581,581,925.4832669486768,925.4832669486768,925.4832669486768,925.4832669486768,3836,1918,0,0,3836,1918,2232552,1116276,1918000.0,1918000.0,1000.0,False,True,3836,1918,0,0,3836,1918,1.52587890625e-06,3.8470234258760616,0.22385985466167027,0.22385985466167027,0.22385985466167027,False,-1.6277242648930073e-05,1.52587890625e-06,True
trial,582,582,581,925.4832796613516,925.4832796613516,925.4832669486768,925.4832669486768,3836,1918,0,0,3836,1918,2236388,1118194,1918000.0,1918000.0,1000.0,False,True,3836,1918,0,0,3836,1918,3.0517578125e-06,5.264257980178346,-0.4043279301868157,-0.4043279301868157,-0.4043279301868157,False,-3.144149547755427e-05,3.0517578125e-06,False
trial,583,583,583,925.48326165096,925.48326165096,925.48326165096,925.48326165096,3836,1918,0,0,3836,1918,2240224,1120112,1918000.0,1918000.0,1000.0,False,True,3836,1918,0,0,3836,1918,1.52587890625e-06,5.264257980178346,0.2991532735315093,0.2991532735315093,0.2991532735315093,False,-1.7709038456059242e-05,1.52587890625e-06,True
trial,584,584,583,925.4832681344873,925.4832681344873,925.48326165096,925.48326165096,3836,1918,0,0,3836,1918,2244060,1122030,1918000.0,1918000.0,1000.0,False,True,3836,1918,0,0,3836,1918,3.0517578125e-06,3.7944924122661767,-0.22554277477688364,-0.22554277477688364,-0.22554277477688364,False,-2.8746331062069098e-05,3.0517578125e-06,False
trial,585,585,585,925.483258183564,925.483258183564,925.483258183564,925.483258183564,3836,1918,0,0,3836,1918,2247896,1123948,1918000.0,1918000.0,1000.0,False,True,3836,1918,0,0,3836,1918,1.52587890625e-06,3.7944924122661767,0.21582681294880782,0.21582681294880782,0.21582681294880782,False,-1.606564068576918e-05,1.52587890625e-06,True
trial,586,586,585,925.4832712304474,925.4832712304474,925.483258183564,925.483258183564,3836,1918,0,0,3836,1918,2251732,1125866,1918000.0,1918000.0,1000.0,False,True,3836,1918,0,0,3836,1918,3.0517578125e-06,5.203074681169604,-0.41941916244537425,-0.41941916244537425,-0.41941916244537425,False,-3.1107027441962086e-05,3.0517578125e-06,False
trial,587,587,587,925.4832530522087,925.4832530522087,925.4832530522087,925.4832530522087,3836,1918,0,0,3836,1918,2255568,1127784,1918000.0,1918000.0,1000.0,False,True,3836,1918,0,0,3836,1918,1.52587890625e-06,5.203074681169604,0.2928818743931359,0.2928818743931359,0.2928818743931359,False,-1.752022124360223e-05,1.52587890625e-06,True
trial,588,588,587,925.4832597587085,925.4832597587085,925.4832530522087,925.4832530522087,3836,1918,0,0,3836,1918,2259404,1129702,1918000.0,1918000.0,1000.0,False,True,3836,1918,0,0,3836,1918,3.0517578125e-06,3.747205552986077,-0.23607182337590116,-0.23607182337590116,-0.23607182337590116,False,-2.8408726180801455e-05,3.0517578125e-06,False
trial,589,589,589,925.4832497574345,925.4832497574345,925.4832497574345,925.4832497574345,3836,1918,0,0,3836,1918,2263240,1131620,1918000.0,1918000.0,1000.0,False,True,3836,1918,0,0,3836,1918,1.52587890625e-06,3.747205552986077,0.20755727147004716,0.20755727147004716,0.20755727147004716,False,-1.587404888548916e-05,1.52587890625e-06,True
trial,590,590,589,925.4832630271202,925.4832630271202,925.4832497574345,925.4832497574345,3836,1918,0,0,3836,1918,2267076,1133538,1918000.0,1918000.0,1000.0,False,True,3836,1918,0,0,3836,1918,3.0517578125e-06,5.189351610312509,-0.4307363051449409,-0.4307363051449409,-0.4307363051449409,False,-3.080698228840094e-05,3.0517578125e-06,False
trial,591,591,591,925.4832447864169,925.4832447864169,925.4832447864169,925.4832447864169,3836,1918,0,0,3836,1918,2270912,1135456,1918000.0,1918000.0,1000.0,False,True,3836,1918,0,0,3836,1918,1.52587890625e-06,5.189351610312509,0.2866603670481975,0.2866603670481975,0.2866603670481975,False,-1.734114005940126e-05,1.52587890625e-06,True
trial,592,592,591,925.4832518361823,925.4832518361823,925.4832447864169,925.4832447864169,3836,1918,0,0,3836,1918,2274748,1137374,1918000.0,1918000.0,1000.0,False,True,3836,1918,0,0,3836,1918,3.0517578125e-06,3.6996582279720336,-0.25142457337566265,-0.25142457337566265,-0.25142457337566265,False,-2.8039285411551578e-05,3.0517578125e-06,False
trial,593,593,593,925.4832416635228,925.4832416635228,925.4832416635228,925.4832416635228,3836,1918,0,0,3836,1918,2278584,1139292,1918000.0,1918000.0,1000.0,False,True,3836,1918,0,0,3836,1918,1.52587890625e-06,3.6996582279720336,0.19913740585593032,0.19913740585593032,0.19913740585593032,False,-1.5682106966985694e-05,1.52587890625e-06,True
trial,594,594,593,925.4832551978036,925.4832551978036,925.4832416635228,925.4832416635228,3836,1918,0,0,3836,1918,2282420,1141210,1918000.0,1918000.0,1000.0,False,True,3836,1918,0,0,3836,1918,3.0517578125e-06,5.154385722111267,-0.4442007347121243,-0.4442007347121243,-0.4442007347121243,False,-3.0468839317693827e-05,3.0517578125e-06,False
trial,595,595,595,925.4832368353407,925.4832368353407,925.4832368353407,925.4832368353407,3836,1918,0,0,3836,1918,2286256,1143128,1918000.0,1918000.0,1000.0,False,True,3836,1918,0,0,3836,1918,1.52587890625e-06,5.154385722111267,0.28093611222009435,0.28093611222009435,0.28093611222009435,False,-1.7186050150388648e-05,1.52587890625e-06,True
trial,596,596,595,925.4832440595736,925.4832440595736,925.4832368353407,925.4832368353407,3836,1918,0,0,3836,1918,2290092,1145046,1918000.0,1918000.0,1000.0,False,True,3836,1918,0,0,3836,1918,3.0517578125e-06,3.6652938038774745,-0.2607232369343722,-0.2607232369343722,-0.2607232369343722,False,-2.7708435312996197e-05,3.0517578125e-06,False
trial,597,597,597,925.4832338747864,925.4832338747864,925.4832338747864,925.4832338747864,3836,1918,0,0,3836,1918,2293928,1146964,1918000.0,1918000.0,1000.0,False,True,3836,1918,0,0,3836,1918,1.52587890625e-06,3.6652938038774745,0.19086058430934796,0.19086058430934796,0.19086058430934796,False,-1.5511606591943838e-05,1.52587890625e-06,True
trial,598,598,597,925.4832476192382,925.4832476192382,925.4832338747864,925.4832338747864,3836,1918,0,0,3836,1918,2297764,1148882,1918000.0,1918000.0,1000.0,False,True,3836,1918,0,0,3836,1918,3.0517578125e-06,5.134399696056772,-0.4551489357120353,-0.4551489357120353,-0.4551489357120353,False,-3.0197701829512084e-05,3.0517578125e-06,False
trial,599,599,599,925.4832291919349,925.4832291919349,925.4832291919349,925.4832291919349,3836,1918,0,0,3836,1918,2301600,1150800,1918000.0,1918000.0,1000.0,False,True,3836,1918,0,0,3836,1918,1.52587890625e-06,5.134399696056772,0.2749208343856264,0.2749208343856264,0.2749208343856264,False,-1.703345424739428e-05,1.52587890625e-06,True
