sequence_index,iteration,nf,incumbent_index,incumbent_full_objective,mean_gate_entanglement_infidelity_to_truth,mean_gate_average_infidelity_to_truth,mean_spam_vector_l2_error_to_truth,mean_spam_tracedist_to_truth,mean_gate_eigenvalue_nonunitarity_excess_to_truth,mean_gate_eigenvalue_diamondnorm_to_truth,mean_gate_eigenvalue_nonunitary_diamondnorm_to_truth,mean_gate_diamond_distance_to_truth
0,0,0,0,9336.778181805945,0.0017882621897374607,0.001192174793158307,0.007165902701660543,0.005062523522911718,-0.002719190553661918,0.0067837813321190345,0.0031726617482777386,0.013707118158205382
1,1,1,1,4809.2218687889,0.017153827189729826,0.011435884793153217,0.010648960883791908,0.005696786378866354,0.02623038218426442,0.03215283591536623,0.03126143221153901,0.05841012799898078
2,2,2,1,4809.2218687889,0.017153827189729826,0.011435884793153217,0.010648960883791908,0.005696786378866354,0.02623038218426442,0.03215283591536623,0.03126143221153901,0.05841012799898078
3,3,3,1,4809.2218687889,0.017153827189729826,0.011435884793153217,0.010648960883791908,0.005696786378866354,0.02623038218426442,0.03215283591536623,0.03126143221153901,0.05841012799898078
4,4,4,4,2560.9856668605785,0.004457547316418842,0.0029716982109458945,0.03293175891949415,0.024199581561269744,0.0036413283692115356,0.020845763204500656,0.00621557224516954,0.04270913583397627
5,5,5,4,2560.9856668605785,0.004457547316418842,0.0029716982109458945,0.03293175891949415,0.024199581561269744,0.0036413283692115356,0.020845763204500656,0.00621557224516954,0.04270913583397627
6,6,6,4,3622.495555847337,0.004457547316418842,0.0029716982109458945,0.03293175891949415,0.024199581561269744,0.0036413283692115356,0.020845763204500656,0.00621557224516954,0.04270913583397627
7,7,7,7,2511.3082250830885,0.004283202839578143,0.002855468559718762,0.009206958730541783,0.0073599273935816304,0.00604949912475268,0.011826179457112028,0.007905416522418926,0.0238678958665885
8,8,8,7,2511.3082250830885,0.004283202839578143,0.002855468559718762,0.009206958730541783,0.0073599273935816304,0.00604949912475268,0.011826179457112028,0.007905416522418926,0.0238678958665885
9,9,9,9,1342.3358154324637,0.0015670091332111724,0.0010446727554741149,0.0064800186803624866,0.005797980503136017,0.002929965331358461,0.005517081032460704,0.0038303570003050333,0.011451927578125437
10,10,10,9,1342.3358154324637,0.0015670091332111724,0.0010446727554741149,0.0064800186803624866,0.005797980503136017,0.002929965331358461,0.005517081032460704,0.0038303570003050333,0.011451927578125437
11,11,11,9,1437.7620557240311,0.0015670091332111724,0.0010446727554741149,0.0064800186803624866,0.005797980503136017,0.002929965331358461,0.005517081032460704,0.0038303570003050333,0.011451927578125437
12,12,12,12,1243.1076784207198,0.0009318240189379878,0.0006212160126253252,0.005144909397200304,0.0045049371450561915,0.001286551314748731,0.0030295015158913327,0.001989721087635385,0.006251061333280827
13,13,13,12,1243.1076784207198,0.0009318240189379878,0.0006212160126253252,0.005144909397200304,0.0045049371450561915,0.001286551314748731,0.0030295015158913327,0.001989721087635385,0.006251061333280827
14,14,14,14,1120.5047956548992,0.0004656301523777717,0.0003104201015851812,0.004963416178820912,0.00419197147393215,0.0009907354098679932,0.0016837622965259354,0.0013274597478056885,0.0038191661228807123
15,15,15,14,1120.5047956548992,0.0004656301523777717,0.0003104201015851812,0.004963416178820912,0.00419197147393215,0.0009907354098679932,0.0016837622965259354,0.0013274597478056885,0.0038191661228807123
16,16,16,14,1167.171893566985,0.0004656301523777717,0.0003104201015851812,0.004963416178820912,0.00419197147393215,0.0009907354098679932,0.0016837622965259354,0.0013274597478056885,0.0038191661228807123
17,17,17,17,1021.1589756625476,0.0002857449083273622,0.00019049660555157483,0.007572347446235223,0.006151766654617672,0.0003489845776518813,0.0009266362068702278,0.0005061192489907371,0.00307166989019646
18,18,18,17,1021.1589756625476,0.0002857449083273622,0.00019049660555157483,0.007572347446235223,0.006151766654617672,0.0003489845776518813,0.0009266362068702278,0.0005061192489907371,0.00307166989019646
19,19,19,17,1021.1589756625476,0.0002857449083273622,0.00019049660555157483,0.007572347446235223,0.006151766654617672,0.0003489845776518813,0.0009266362068702278,0.0005061192489907371,0.00307166989019646
20,20,20,20,993.6669979766054,0.0002541267182858131,0.00016941781219054208,0.006789387877059211,0.005517830122731987,0.00019351383774491443,0.0006349730060322572,0.0002990737658379733,0.002619978839515167
21,21,21,20,1001.6903370947111,0.0002541267182858131,0.00016941781219054208,0.006789387877059211,0.005517830122731987,0.00019351383774491443,0.0006349730060322572,0.0002990737658379733,0.002619978839515167
22,22,22,22,999.2454911604448,0.00019735667067216633,0.00013157111378144423,0.006219213490979438,0.004970255264554832,0.0001986298572153114,0.0005966821833364871,0.0002767621971415113,0.0024178992155944137
23,23,23,22,999.2454911604448,0.00019735667067216633,0.00013157111378144423,0.006219213490979438,0.004970255264554832,0.0001986298572153114,0.0005966821833364871,0.0002767621971415113,0.0024178992155944137
24,24,24,24,998.0145969045825,0.00019233999857420914,0.00012822666571613942,0.006219815738939209,0.004945431983759277,0.00016176724558912559,0.0005437289810829096,0.00021777431145397763,0.00240030176076761
25,25,25,24,998.0145969045825,0.00019233999857420914,0.00012822666571613942,0.006219815738939209,0.004945431983759277,0.00016176724558912559,0.0005437289810829096,0.00021777431145397763,0.00240030176076761
26,26,26,26,998.6992990622119,0.00019431897015234623,0.00012954598010156415,0.006346997089216256,0.0049178589125574625,0.00019305631971328757,0.0005431731589381743,0.0002579276525802865,0.002156147536132656
27,27,27,26,998.6992990622119,0.00019431897015234623,0.00012954598010156415,0.006346997089216256,0.0049178589125574625,0.00019305631971328757,0.0005431731589381743,0.0002579276525802865,0.002156147536132656
28,28,28,26,998.6992990622119,0.00019431897015234623,0.00012954598010156415,0.006346997089216256,0.0049178589125574625,0.00019305631971328757,0.0005431731589381743,0.0002579276525802865,0.002156147536132656
29,29,29,29,993.2806977387893,0.0001872226972112756,0.00012481513147418374,0.006463694379937515,0.004996704570119504,0.00015319863231616493,0.0005057664958627488,0.00020544269790771785,0.0020676668244882174
30,30,30,29,993.2806977387893,0.0001872226972112756,0.00012481513147418374,0.006463694379937515,0.004996704570119504,0.00015319863231616493,0.0005057664958627488,0.00020544269790771785,0.0020676668244882174
31,31,31,31,996.9397548144423,0.00017086780238578791,0.00011391186825719193,0.0065611228068974715,0.00478490955132426,0.0001803246910561801,0.0004411696686079244,0.0002512877596134791,0.002015586313204945
32,32,32,31,996.9397548144423,0.00017086780238578791,0.00011391186825719193,0.0065611228068974715,0.00478490955132426,0.0001803246910561801,0.0004411696686079244,0.0002512877596134791,0.002015586313204945
33,33,33,33,996.7624572283713,0.00014167546187332514,9.445030791555009e-05,0.006639127186035483,0.0048717170088096945,0.00017358866498718567,0.0004521052006339077,0.00024428029083238545,0.0019622310811864213
34,34,34,34,994.375356590957,0.00012797422497490274,8.531614998326849e-05,0.006514991818754146,0.004763837565216259,0.00016141781604470107,0.00043053804263945686,0.00023219806056059417,0.0019037819373443285
35,35,35,34,994.375356590957,0.00012797422497490274,8.531614998326849e-05,0.006514991818754146,0.004763837565216259,0.00016141781604470107,0.00043053804263945686,0.00023219806056059417,0.0019037819373443285
36,36,36,36,989.818785348289,0.00011757409374943406,7.838272916628937e-05,0.006727914622874257,0.004801085881452451,0.00015393151769103192,0.0005373264036617403,0.00022647632106530952,0.0019469393584118824
37,37,37,36,989.818785348289,0.00011757409374943406,7.838272916628937e-05,0.006727914622874257,0.004801085881452451,0.00015393151769103192,0.0005373264036617403,0.00022647632106530952,0.0019469393584118824
38,38,38,38,989.5390082233268,0.00011167560487956862,7.445040325304575e-05,0.0067190699177421724,0.004797334307402385,0.0001545959280803838,0.000531398675174708,0.00022706246984754985,0.0019170234635161054
39,39,39,38,989.5390082233268,0.00011167560487956862,7.445040325304575e-05,0.0067190699177421724,0.004797334307402385,0.0001545959280803838,0.000531398675174708,0.00022706246984754985,0.0019170234635161054
40,40,40,40,989.260340162411,0.00010611710678753994,7.074473785835997e-05,0.006698113069502806,0.00478478149760971,0.00014922192226788505,0.0005278751018089173,0.0002185537413086358,0.0018942629778112515
41,41,41,40,988.533681655711,0.00010611710678753994,7.074473785835997e-05,0.006698113069502806,0.00478478149760971,0.00014922192226788505,0.0005278751018089173,0.0002185537413086358,0.0018942629778112515
42,42,42,42,986.6882975052441,9.697088978544155e-05,6.464725985696103e-05,0.006010718098178561,0.004431582728721709,0.0001340158048889345,0.0003893159544342573,0.00018997782237935995,0.001753642379656893
43,43,43,42,986.6882975052441,9.697088978544155e-05,6.464725985696103e-05,0.006010718098178561,0.004431582728721709,0.0001340158048889345,0.0003893159544342573,0.00018997782237935995,0.001753642379656893
44,44,44,44,986.3968889564402,8.921116291812914e-05,5.947410861208609e-05,0.006019210253264833,0.004450048694961442,0.00013121063205718403,0.0003920524312645871,0.00018417174480761522,0.0017447838749118116
45,45,45,44,986.3968889564402,8.921116291812914e-05,5.947410861208609e-05,0.006019210253264833,0.004450048694961442,0.00013121063205718403,0.0003920524312645871,0.00018417174480761522,0.0017447838749118116
46,46,46,46,992.7714535945536,8.615565940806036e-05,5.743710627204023e-05,0.005827148677806653,0.004132732065402405,0.0001289140483303683,0.0004757989466664547,0.00017827949017615308,0.001750112678642871
47,47,47,46,992.7714535945536,8.615565940806036e-05,5.743710627204023e-05,0.005827148677806653,0.004132732065402405,0.0001289140483303683,0.0004757989466664547,0.00017827949017615308,0.001750112678642871
48,48,48,48,992.1965411150015,8.050234182407912e-05,5.366822788271941e-05,0.005831445331671548,0.004123042272704668,0.00012566032491512918,0.0004685116670473177,0.00017171307849023904,0.001712244917012633
49,49,49,48,992.1965411150015,8.050234182407912e-05,5.366822788271941e-05,0.005831445331671548,0.004123042272704668,0.00012566032491512918,0.0004685116670473177,0.00017171307849023904,0.001712244917012633
50,50,50,50,991.8545605234992,7.524834958075322e-05,5.0165566387168806e-05,0.005823607722330079,0.004125225763067269,0.0001217583423603133,0.0004642101580957878,0.00016481152149831757,0.0016726764673175415
51,51,51,50,995.3600415993594,7.524834958075322e-05,5.0165566387168806e-05,0.005823607722330079,0.004125225763067269,0.0001217583423603133,0.0004642101580957878,0.00016481152149831757,0.0016726764673175415
52,52,52,52,993.8811513603157,6.793532937315883e-05,4.5290219582105884e-05,0.004977089375723033,0.003504621009656814,0.00011433748513114267,0.00038643816856518754,0.00015736117163922536,0.001558971900534599
53,53,53,52,993.8811513603157,6.793532937315883e-05,4.5290219582105884e-05,0.004977089375723033,0.003504621009656814,0.00011433748513114267,0.00038643816856518754,0.00015736117163922536,0.001558971900534599
54,54,54,54,993.6737731211208,6.24831647888513e-05,4.165544319256753e-05,0.004871470015848422,0.0034365529841600484,0.00011056014309498291,0.0003820721293747178,0.00015127402817065316,0.0015181464052979525
55,55,55,54,993.6737731211208,6.24831647888513e-05,4.165544319256753e-05,0.004871470015848422,0.0034365529841600484,0.00011056014309498291,0.0003820721293747178,0.00015127402817065316,0.0015181464052979525
56,56,56,56,988.9856535604849,6.240381864650035e-05,4.1602545764333566e-05,0.0050619296578465435,0.0034047240230243732,0.00012756546844731181,0.00034698798746400476,0.00016877397237346353,0.001517541912613224
57,57,57,56,988.9856535604849,6.240381864650035e-05,4.1602545764333566e-05,0.0050619296578465435,0.0034047240230243732,0.00012756546844731181,0.00034698798746400476,0.00016877397237346353,0.001517541912613224
58,58,58,58,988.4546612535432,5.952241368550881e-05,3.968160912367254e-05,0.00485823948947765,0.0032508863257050685,0.00012437363440827992,0.00033769386917088166,0.0001611818428207401,0.0015183774789420345
59,59,59,58,988.4546612535432,5.952241368550881e-05,3.968160912367254e-05,0.00485823948947765,0.0032508863257050685,0.00012437363440827992,0.00033769386917088166,0.0001611818428207401,0.0015183774789420345
60,60,60,60,988.0175610673996,5.584928137214451e-05,3.7232854248096345e-05,0.004819160251392724,0.003238923997300362,0.00012008563126149341,0.00033246576909213676,0.000152614073684873,0.0015051138764923852
61,61,61,60,986.00005514379,5.584928137214451e-05,3.7232854248096345e-05,0.004819160251392724,0.003238923997300362,0.00012008563126149341,0.00033246576909213676,0.000152614073684873,0.0015051138764923852
62,62,62,62,984.7149219760258,5.1918614305535016e-05,3.461240953702334e-05,0.004778622176973258,0.0030859553942865748,9.771283813113374e-05,0.0002997843633959784,0.0001250892531748371,0.0015490069733641327
63,63,63,62,984.7149219760258,5.1918614305535016e-05,3.461240953702334e-05,0.004778622176973258,0.0030859553942865748,9.771283813113374e-05,0.0002997843633959784,0.0001250892531748371,0.0015490069733641327
64,64,64,64,984.245176224194,4.8279262652828336e-05,3.218617510188555e-05,0.004813193193907398,0.003126048600247987,9.234259870619099e-05,0.0002936512016559552,0.00011872997782003125,0.001536871882381262
65,65,65,64,984.245176224194,4.8279262652828336e-05,3.218617510188555e-05,0.004813193193907398,0.003126048600247987,9.234259870619099e-05,0.0002936512016559552,0.00011872997782003125,0.001536871882381262
66,66,66,66,983.0154003327889,4.538251114472036e-05,3.0255007429813574e-05,0.0035964990466090282,0.002462288584526304,8.79937683850654e-05,0.00027214845278488977,0.00011783140376570023,0.0014048118597781091
67,67,67,66,983.0154003327889,4.538251114472036e-05,3.0255007429813574e-05,0.0035964990466090282,0.002462288584526304,8.79937683850654e-05,0.00027214845278488977,0.00011783140376570023,0.0014048118597781091
68,68,68,68,982.719887663995,4.374038573246031e-05,2.916025715497354e-05,0.003298928504453215,0.0023103664682366707,8.07512386030787e-05,0.0002665906423218498,0.00011518974123416598,0.0014021805176736655
69,69,69,68,982.719887663995,4.374038573246031e-05,2.916025715497354e-05,0.003298928504453215,0.0023103664682366707,8.07512386030787e-05,0.0002665906423218498,0.00011518974123416598,0.0014021805176736655
70,70,70,70,982.6512491840101,4.110369678286818e-05,2.740246452191212e-05,0.0032480026734002325,0.0022736036649062897,8.010296893767171e-05,0.00026467098607089437,0.00011206192927083747,0.0013811762143026369
71,71,71,70,981.7681432819372,4.110369678286818e-05,2.740246452191212e-05,0.0032480026734002325,0.0022736036649062897,8.010296893767171e-05,0.00026467098607089437,0.00011206192927083747,0.0013811762143026369
72,72,72,72,981.2662714559133,3.9430298956449894e-05,2.6286865970966595e-05,0.003202066188878583,0.0022542022247247938,6.949044297563378e-05,0.00024791123542154534,0.00010271697421890963,0.0013382920727086486
73,73,73,72,981.2662714559133,3.9430298956449894e-05,2.6286865970966595e-05,0.003202066188878583,0.0022542022247247938,6.949044297563378e-05,0.00024791123542154534,0.00010271697421890963,0.0013382920727086486
74,74,74,74,981.1534148276393,3.7582120186979706e-05,2.5054746791319804e-05,0.0031675714337046925,0.0022218284150746074,6.849277417703831e-05,0.0002457246136996109,0.00010077586497188318,0.0013246867677938062
75,75,75,74,981.1534148276393,3.7582120186979706e-05,2.5054746791319804e-05,0.0031675714337046925,0.0022218284150746074,6.849277417703831e-05,0.0002457246136996109,0.00010077586497188318,0.0013246867677938062
76,76,76,76,980.8185227968179,3.615325277100956e-05,2.4102168514006372e-05,0.003171446692117072,0.0022333613520493,6.341668168984016e-05,0.00024316140253907126,9.911884835650531e-05,0.0013187092296096806
77,77,77,76,980.8185227968179,3.615325277100956e-05,2.4102168514006372e-05,0.003171446692117072,0.0022333613520493,6.341668168984016e-05,0.00024316140253907126,9.911884835650531e-05,0.0013187092296096806
78,78,78,78,980.8036391071535,3.5000838003562684e-05,2.3333892002375123e-05,0.003143613786929429,0.002211968218379068,6.275595953456059e-05,0.00024166952385135787,9.727926213032312e-05,0.0013091104256506333
79,79,79,79,980.3454681615308,3.388542393178984e-05,2.2590282621193225e-05,0.003146970505110302,0.002215106773782092,5.8022073859916035e-05,0.00024009051283590058,9.703176156199145e-05,0.001307181316871151
80,80,80,79,980.3454681615308,3.388542393178984e-05,2.2590282621193225e-05,0.003146970505110302,0.002215106773782092,5.8022073859916035e-05,0.00024009051283590058,9.703176156199145e-05,0.001307181316871151
81,81,81,81,980.302537451053,3.3471470843343676e-05,2.231431389556245e-05,0.0031438695027584344,0.0022130170843471693,5.7375883403189276e-05,0.00023991691536091723,9.568731441871037e-05,0.0013051243983157735
82,82,82,81,980.302537451053,3.3471470843343676e-05,2.231431389556245e-05,0.0031438695027584344,0.0022130170843471693,5.7375883403189276e-05,0.00023991691536091723,9.568731441871037e-05,0.0013051243983157735
83,83,83,83,980.2437061952198,3.351803806281306e-05,2.234535870854204e-05,0.003146689437547596,0.002219150371419557,5.529651806779334e-05,0.0002387935352859459,9.603897888738055e-05,0.0013042971381469568
84,84,84,83,980.2437061952198,3.351803806281306e-05,2.234535870854204e-05,0.003146689437547596,0.002219150371419557,5.529651806779334e-05,0.0002387935352859459,9.603897888738055e-05,0.0013042971381469568
85,85,85,85,980.1957821609977,3.303728357365032e-05,2.202485571576688e-05,0.0031221610846359784,0.0022017320303555315,5.464578646414975e-05,0.00023837252030086556,9.411781953636011e-05,0.0013027178427435207
86,86,86,85,980.1957821609977,3.303728357365032e-05,2.202485571576688e-05,0.0031221610846359784,0.0022017320303555315,5.464578646414975e-05,0.00023837252030086556,9.411781953636011e-05,0.0013027178427435207
87,87,87,87,980.1359163813195,3.327470037534086e-05,2.2183133583560576e-05,0.003126020402607525,0.0022082724445101733,5.2919427379775896e-05,0.0002371800422858612,9.466477583065791e-05,0.0013022284981644983
88,88,88,87,980.1359163813195,3.327470037534086e-05,2.2183133583560576e-05,0.003126020402607525,0.0022082724445101733,5.2919427379775896e-05,0.0002371800422858612,9.466477583065791e-05,0.0013022284981644983
89,89,89,89,980.0994558989796,3.293665539419455e-05,2.1957770262796363e-05,0.003104563490240009,0.0021927278805279433,5.228152549537762e-05,0.0002368473924526466,9.277129456635586e-05,0.001301203702126304
90,90,90,89,980.0994558989796,3.293665539419455e-05,2.1957770262796363e-05,0.003104563490240009,0.0021927278805279433,5.228152549537762e-05,0.0002368473924526466,9.277129456635586e-05,0.001301203702126304
91,91,91,91,980.0463030738654,3.329936278839707e-05,2.219957519226471e-05,0.003108590163140093,0.0021992397943967927,5.063576630919692e-05,0.0002357341414341915,9.338249805001392e-05,0.0013014109773338278
92,92,92,91,980.0463030738654,3.329936278839707e-05,2.219957519226471e-05,0.003108590163140093,0.0021992397943967927,5.063576630919692e-05,0.0002357341414341915,9.338249805001392e-05,0.0013014109773338278
93,93,93,93,980.019716344515,3.3128230241402656e-05,2.2085486827601773e-05,0.0030875452801890813,0.002183838469340122,5.004965821276547e-05,0.00023539875883896982,9.153824262318061e-05,0.0013009236513601083
94,94,94,93,980.019716344515,3.3128230241402656e-05,2.2085486827601773e-05,0.0030875452801890813,0.002183838469340122,5.004965821276547e-05,0.00023539875883896982,9.153824262318061e-05,0.0013009236513601083
95,95,95,95,979.9738617736286,3.37137653229902e-05,2.247584354866013e-05,0.003091730175877752,0.002190628337267017,4.844071055853244e-05,0.00023436404567840987,9.399707473114333e-05,0.0013029409201853676
96,96,96,95,979.9738617736286,3.37137653229902e-05,2.247584354866013e-05,0.003091730175877752,0.002190628337267017,4.844071055853244e-05,0.00023436404567840987,9.399707473114333e-05,0.0013029409201853676
97,97,97,97,979.9564018335484,3.362462433181834e-05,2.2416416221212227e-05,0.0030715794333268584,0.002175641759285611,4.7930276408897354e-05,0.00023407747974421903,9.147225742296011e-05,0.0013021491915790968
98,98,98,97,979.9564018335484,3.362462433181834e-05,2.2416416221212227e-05,0.0030715794333268584,0.002175641759285611,4.7930276408897354e-05,0.00023407747974421903,9.147225742296011e-05,0.0013021491915790968
99,99,99,99,979.9172733736755,3.425750627947255e-05,2.2838337519648366e-05,0.00307607106827888,0.0021825190420257257,4.638829390346544e-05,0.0002331581966811732,9.517126085963751e-05,0.0013046902563732163
100,100,100,99,979.9172733736755,3.425750627947255e-05,2.2838337519648366e-05,0.00307607106827888,0.0021825190420257257,4.638829390346544e-05,0.0002331581966811732,9.517126085963751e-05,0.0013046902563732163
101,101,101,101,979.9085260432407,3.465449167305845e-05,2.3102994448705633e-05,0.0030562856828558645,0.0021678487997597667,4.591732895371792e-05,0.00023284896859926396,9.261386429020718e-05,0.0013044405418582974
102,102,102,102,979.8099383890785,3.4475964825170236e-05,2.298397655011349e-05,0.003057279995827254,0.0021690215638357317,4.4784591598324985e-05,0.00023199334858956243,9.483237373286019e-05,0.0013048094991566512
103,103,103,102,979.8099383890785,3.4475964825170236e-05,2.298397655011349e-05,0.003057279995827254,0.0021690215638357317,4.4784591598324985e-05,0.00023199334858956243,9.483237373286019e-05,0.0013048094991566512
104,104,104,104,979.8003545474774,3.415700873804495e-05,2.2771339158696634e-05,0.003055178637213331,0.0021641476447952094,4.4343398002626155e-05,0.00023160231246476052,9.467371910850536e-05,0.001304857934894105
105,105,105,104,979.8003545474774,3.415700873804495e-05,2.2771339158696634e-05,0.003055178637213331,0.0021641476447952094,4.4343398002626155e-05,0.00023160231246476052,9.467371910850536e-05,0.001304857934894105
106,106,106,106,979.793581366778,3.4048500772432266e-05,2.2699000514954843e-05,0.0030630152708402488,0.0021726071103555767,4.376594842428472e-05,0.000231553337058683,9.571936699561551e-05,0.0013064219887553119
107,107,107,106,979.793581366778,3.4048500772432266e-05,2.2699000514954843e-05,0.0030630152708402488,0.0021726071103555767,4.376594842428472e-05,0.000231553337058683,9.571936699561551e-05,0.0013064219887553119
108,108,108,108,979.7867228947401,3.364027041188877e-05,2.2426846941259182e-05,0.003051342402187984,0.0021622524934832776,4.351769299765218e-05,0.00023139763145235042,9.482154831023937e-05,0.0013059866290599156
109,109,109,108,979.7867228947401,3.364027041188877e-05,2.2426846941259182e-05,0.003051342402187984,0.0021622524934832776,4.351769299765218e-05,0.00023139763145235042,9.482154831023937e-05,0.0013059866290599156
110,110,110,110,979.7803618621351,3.361079811056711e-05,2.240719874037807e-05,0.003055419949298902,0.0021680011613664403,4.281495525003398e-05,0.00023103600340116108,9.629791314189756e-05,0.0013071297762189318
111,111,111,110,979.7803618621351,3.361079811056711e-05,2.240719874037807e-05,0.003055419949298902,0.0021680011613664403,4.281495525003398e-05,0.00023103600340116108,9.629791314189756e-05,0.0013071297762189318
112,112,112,112,979.7745643923851,3.318169758181888e-05,2.212113172121259e-05,0.0030435918740917382,0.0021582209783845823,4.25976633753114e-05,0.00023090545142041724,9.529504980446135e-05,0.001306768313505135
113,113,113,112,979.7745643923851,3.318169758181888e-05,2.212113172121259e-05,0.0030435918740917382,0.0021582209783845823,4.25976633753114e-05,0.00023090545142041724,9.529504980446135e-05,0.001306768313505135
114,114,114,114,979.7695458218375,3.203515360361564e-05,2.1356769069077092e-05,0.0030494978425934954,0.00216485441018995,4.192577884729737e-05,0.00023058081365286793,9.683838584074317e-05,0.0013080040907224512
115,115,115,114,979.7695458218375,3.203515360361564e-05,2.1356769069077092e-05,0.0030494978425934954,0.00216485441018995,4.192577884729737e-05,0.00023058081365286793,9.683838584074317e-05,0.0013080040907224512
116,116,116,116,979.7652979941963,3.145231233128709e-05,2.0968208220858063e-05,0.003041866108093375,0.002157467913567796,4.1750468404821994e-05,0.0002306004876709838,9.592701766883427e-05,0.0013079386567620005
117,117,117,116,979.7652979941963,3.145231233128709e-05,2.0968208220858063e-05,0.003041866108093375,0.002157467913567796,4.1750468404821994e-05,0.0002306004876709838,9.592701766883427e-05,0.0013079386567620005
118,118,118,118,979.7616219770633,3.166875606011588e-05,2.111250404007725e-05,0.0030443902781133528,0.00216243007993407,4.1098977590754704e-05,0.00023027284433979335,9.734005872079343e-05,0.0013074369684001534
119,119,119,118,979.7616219770633,3.166875606011588e-05,2.111250404007725e-05,0.0030443902781133528,0.00216243007993407,4.1098977590754704e-05,0.00023027284433979335,9.734005872079343e-05,0.0013074369684001534
120,120,120,120,979.7584849010375,3.2035995165657916e-05,2.135733011043861e-05,0.003040187325859249,0.002156948894382743,4.095910133063846e-05,0.0002303339802959605,9.631420306980415e-05,0.001304963363796127
121,121,121,120,979.7584849010375,3.2035995165657916e-05,2.135733011043861e-05,0.003040187325859249,0.002156948894382743,4.095910133063846e-05,0.0002303339802959605,9.631420306980415e-05,0.001304963363796127
122,122,122,122,979.7555157214276,3.186307830307933e-05,2.1242052202052886e-05,0.0030461975108780556,0.0021637468138790993,4.033983500802141e-05,0.0002300616231284796,9.76056356255528e-05,0.0013036990534674151
123,123,123,122,979.7555157214276,3.186307830307933e-05,2.1242052202052886e-05,0.0030461975108780556,0.0021637468138790993,4.033983500802141e-05,0.0002300616231284796,9.76056356255528e-05,0.0013036990534674151
124,124,124,124,979.7530496792108,3.141947427598435e-05,2.0946316183989566e-05,0.003041777062716345,0.0021581363957363583,4.041226092501432e-05,0.0002301629195153262,9.64910216257886e-05,0.001301751954074247
125,125,125,125,979.7375017133099,3.135091536501933e-05,2.0900610243346218e-05,0.003043345306075883,0.0021601258358135834,4.0102935066191336e-05,0.0002299559502611012,9.722299252463984e-05,0.001300939781788332
126,126,126,125,979.7375017133099,3.135091536501933e-05,2.0900610243346218e-05,0.003043345306075883,0.0021601258358135834,4.0102935066191336e-05,0.0002299559502611012,9.722299252463984e-05,0.001300939781788332
127,127,127,125,979.7375017133099,3.135091536501933e-05,2.0900610243346218e-05,0.003043345306075883,0.0021601258358135834,4.0102935066191336e-05,0.0002299559502611012,9.722299252463984e-05,0.001300939781788332
128,128,128,128,979.7350988444614,3.1335065218518476e-05,2.089004347901232e-05,0.003048044862907457,0.002163733862061626,3.994858768745918e-05,0.00022997416568694854,9.761877320016432e-05,0.001300672980305638
129,129,129,128,979.7350988444614,3.1335065218518476e-05,2.089004347901232e-05,0.003048044862907457,0.002163733862061626,3.994858768745918e-05,0.00022997416568694854,9.761877320016432e-05,0.001300672980305638
130,130,130,130,979.734375952543,3.12602347759261e-05,2.0840156517284065e-05,0.0030475660547039708,0.002163118494298309,4.0059035287379197e-05,0.00023006148237410785,9.727875909535527e-05,0.0013005751799272773
131,131,131,130,979.734375952543,3.12602347759261e-05,2.0840156517284065e-05,0.0030475660547039708,0.002163118494298309,4.0059035287379197e-05,0.00023006148237410785,9.727875909535527e-05,0.0013005751799272773
132,132,132,132,979.7341288541962,3.1279657750654666e-05,2.085310516710311e-05,0.0030486372511371357,0.002164000082844328,3.9939318894705034e-05,0.00022996680329771628,9.769274597536126e-05,0.0013001568013419375
133,133,133,132,979.7341288541962,3.1279657750654666e-05,2.085310516710311e-05,0.0030486372511371357,0.002164000082844328,3.9939318894705034e-05,0.00022996680329771628,9.769274597536126e-05,0.0013001568013419375
134,134,134,134,979.7332816118302,3.1186418989637144e-05,2.079094599309143e-05,0.0030482623097454285,0.0021635909117018633,4.0034643379240065e-05,0.00023004484363826024,9.727791161071031e-05,0.0013000433739689845
135,135,135,134,979.7332816118302,3.1186418989637144e-05,2.079094599309143e-05,0.0030482623097454285,0.0021635909117018633,4.0034643379240065e-05,0.00023004484363826024,9.727791161071031e-05,0.0013000433739689845
136,136,136,136,979.7330091455982,3.119967619027997e-05,2.0799784126853314e-05,0.0030494167892972375,0.0021645169614911658,3.9907714077025425e-05,0.00022992377104400175,9.767487734697183e-05,0.0012995303729060712
137,137,137,136,979.7330091455982,3.119967619027997e-05,2.0799784126853314e-05,0.0030494167892972375,0.0021645169614911658,3.9907714077025425e-05,0.00022992377104400175,9.767487734697183e-05,0.0012995303729060712
138,138,138,138,979.7321572684024,3.111367195368642e-05,2.0742447969124278e-05,0.0030490058030544324,0.002164123515295959,4.000771184380081e-05,0.0002300190452222272,9.727958756593907e-05,0.0012994776074505584
139,139,139,138,979.7321572684024,3.111367195368642e-05,2.0742447969124278e-05,0.0030490058030544324,0.002164123515295959,4.000771184380081e-05,0.0002300190452222272,9.727958756593907e-05,0.0012994776074505584
140,140,140,140,979.7318996106245,3.1134531422088996e-05,2.0756354281392664e-05,0.0030503463548407126,0.0021651152573572228,3.988656591263906e-05,0.00022991432613858332,9.769790880923002e-05,0.0012989967119343573
141,141,141,140,979.7318996106245,3.1134531422088996e-05,2.0756354281392664e-05,0.0030503463548407126,0.0021651152573572228,3.988656591263906e-05,0.00022991432613858332,9.769790880923002e-05,0.0012989967119343573
142,142,142,142,979.7310647352977,3.1035299939224936e-05,2.069019995948329e-05,0.003049843102497316,0.0021646551680576664,3.997983313602099e-05,0.00022999359741046388,9.728183272422752e-05,0.001298901885757476
143,143,143,142,979.7310647352977,3.1035299939224936e-05,2.069019995948329e-05,0.003049843102497316,0.0021646551680576664,3.997983313602099e-05,0.00022999359741046388,9.728183272422752e-05,0.001298901885757476
144,144,144,144,979.7308269152209,3.1057789238730926e-05,2.0705192825820617e-05,0.0030512545382370324,0.002165707708989861,3.985912338551334e-05,0.00022989087866062485,9.77024392889922e-05,0.0012984173803478939
145,145,145,144,979.7308269152209,3.1057789238730926e-05,2.0705192825820617e-05,0.0030512545382370324,0.002165707708989861,3.985912338551334e-05,0.00022989087866062485,9.77024392889922e-05,0.0012984173803478939
146,146,146,146,979.7300013793588,3.012139007674275e-05,2.00809267178285e-05,0.0030507100840032456,0.002165245000127842,3.995157409830696e-05,0.00022996783632626958,9.728533351563429e-05,0.0012983213885495904
147,147,147,146,979.7300013793588,3.012139007674275e-05,2.00809267178285e-05,0.0030507100840032456,0.002165245000127842,3.995157409830696e-05,0.00022996783632626958,9.728533351563429e-05,0.0012983213885495904
148,148,148,148,979.7297864615214,3.0091412602656353e-05,2.0060941735104237e-05,0.0030520886206579756,0.002166271979025284,3.983214733241369e-05,0.0002298626345285997,9.770277958222329e-05,0.0012978440110162693
149,149,149,148,979.7297864615214,3.0091412602656353e-05,2.0060941735104237e-05,0.0030520886206579756,0.002166271979025284,3.983214733241369e-05,0.0002298626345285997,9.770277958222329e-05,0.0012978440110162693
150,150,150,150,979.7289739655408,2.9630989911877403e-05,1.9753993274584936e-05,0.003051630431938457,0.002165834144758917,3.9921035358332635e-05,0.00022994223422210546,9.728840645722298e-05,0.0012977437269237721
151,151,151,150,979.7289739655408,2.9630989911877403e-05,1.9753993274584936e-05,0.003051630431938457,0.002165834144758917,3.9921035358332635e-05,0.00022994223422210546,9.728840645722298e-05,0.0012977437269237721
152,152,152,152,979.7287776942135,2.962314639604058e-05,1.9748764264027052e-05,0.003052801808081295,0.0021667855443079182,3.980080902473565e-05,0.00022983524433668357,9.770375080917632e-05,0.0012972701366724044
153,153,153,152,979.7287776942135,2.962314639604058e-05,1.9748764264027052e-05,0.003052801808081295,0.0021667855443079182,3.980080902473565e-05,0.00022983524433668357,9.770375080917632e-05,0.0012972701366724044
154,154,154,154,979.7279760845674,2.925580917792492e-05,1.950387278528328e-05,0.00305248243694314,0.002166403794970242,3.9891965719386635e-05,0.00022991597716571198,9.729098507166994e-05,0.001297156768004976
155,155,155,154,979.7279760845674,2.925580917792492e-05,1.950387278528328e-05,0.00305248243694314,0.002166403794970242,3.9891965719386635e-05,0.00022991597716571198,9.729098507166994e-05,0.001297156768004976
156,156,156,156,979.7278030609331,2.9254180103660543e-05,1.9502786735773693e-05,0.003053668956251653,0.00216732448321858,3.976783354632529e-05,0.0002298072462697709,9.77078505954368e-05,0.001296681948881137
157,157,157,156,979.7278030609331,2.9254180103660543e-05,1.9502786735773693e-05,0.003053668956251653,0.00216732448321858,3.976783354632529e-05,0.0002298072462697709,9.77078505954368e-05,0.001296681948881137
158,158,158,158,979.727012046377,2.8932684047439094e-05,1.9288456031626065e-05,0.0030532052028273064,0.002166874714395974,3.985933192802993e-05,0.00022988747889502345,9.729248352871589e-05,0.0012965798373045744
159,159,159,158,979.727012046377,2.8932684047439094e-05,1.9288456031626065e-05,0.0030532052028273064,0.002166874714395974,3.985933192802993e-05,0.00022988747889502345,9.729248352871589e-05,0.0012965798373045744
160,160,160,160,979.7268589275782,2.8932706800016694e-05,1.9288471200011127e-05,0.0030544282397205937,0.00216782144315847,3.973650048578331e-05,0.0002297803355777376,9.770920669627259e-05,0.0012960986577867416
161,161,161,161,979.7255144473015,2.8779627290753673e-05,1.9186418193835784e-05,0.0030549324876219257,0.0021680836760944676,3.977033706844407e-05,0.00022984808840076902,9.7515538110729e-05,0.0012961136988494356
162,162,162,161,979.7255144473015,2.8779627290753673e-05,1.9186418193835784e-05,0.0030549324876219257,0.0021680836760944676,3.977033706844407e-05,0.00022984808840076902,9.7515538110729e-05,0.0012961136988494356
163,163,163,163,979.7253941805548,2.8624461212323205e-05,1.9082974141548803e-05,0.0030546264437670105,0.0021677424719538196,3.979650938488316e-05,0.00022981195346345076,9.744579882804694e-05,0.0012958748382465672
164,164,164,163,979.7253941805548,2.8624461212323205e-05,1.9082974141548803e-05,0.0030546264437670105,0.0021677424719538196,3.979650938488316e-05,0.00022981195346345076,9.744579882804694e-05,0.0012958748382465672
165,165,165,165,979.7250905048918,2.863741534789299e-05,1.909161023192866e-05,0.0030550924619404322,0.0021681274575704465,3.9756683280052496e-05,0.0002297975254193152,9.755281849636172e-05,0.0012957173077442013
166,166,166,165,979.7250905048918,2.863741534789299e-05,1.909161023192866e-05,0.0030550924619404322,0.0021681274575704465,3.9756683280052496e-05,0.0002297975254193152,9.755281849636172e-05,0.0012957173077442013
167,167,167,167,979.7250434494075,2.846212670437609e-05,1.8974751136250727e-05,0.0030551252141358455,0.002168077931957705,3.979660417932629e-05,0.00022982523021437313,9.740044973877149e-05,0.0012955836204040674
168,168,168,167,979.7250434494075,2.846212670437609e-05,1.8974751136250727e-05,0.0030551252141358455,0.002168077931957705,3.979660417932629e-05,0.00022982523021437313,9.740044973877149e-05,0.0012955836204040674
169,169,169,169,979.724704892581,2.8488707737750474e-05,1.899247182516698e-05,0.003055639617574038,0.002168531915179882,3.9741678574116424e-05,0.000229773500768342,9.759276612227724e-05,0.0012953679036881945
170,170,170,169,979.724704892581,2.8488707737750474e-05,1.899247182516698e-05,0.003055639617574038,0.002168531915179882,3.9741678574116424e-05,0.000229773500768342,9.759276612227724e-05,0.0012953679036881945
171,171,171,171,979.7246115175269,2.830038131093615e-05,1.8866920873957436e-05,0.003055631486569593,0.0021684095724038375,3.977804341061264e-05,0.00022982572264763974,9.74072905042464e-05,0.0012952567271636117
172,172,172,171,979.7246115175269,2.830038131093615e-05,1.8866920873957436e-05,0.003055631486569593,0.0021684095724038375,3.977804341061264e-05,0.00022982572264763974,9.74072905042464e-05,0.0012952567271636117
173,173,173,173,979.7242652442324,2.833400257867824e-05,1.888933505245216e-05,0.003056065397279277,0.002168792415086951,3.972744804419531e-05,0.00022976506207829112,9.760177191311947e-05,0.0012950300015081577
174,174,174,173,979.7242652442324,2.833400257867824e-05,1.888933505245216e-05,0.003056065397279277,0.002168792415086951,3.972744804419531e-05,0.00022976506207829112,9.760177191311947e-05,0.0012950300015081577
175,175,175,175,979.7241726869308,2.8143796266338894e-05,1.876253084422593e-05,0.0030559593600348474,0.0021686175139212773,3.976312157438766e-05,0.00022981118239746525,9.741593597752118e-05,0.0012949152964694675
176,176,176,175,979.7241726869308,2.8143796266338894e-05,1.876253084422593e-05,0.0030559593600348474,0.0021686175139212773,3.976312157438766e-05,0.00022981118239746525,9.741593597752118e-05,0.0012949152964694675
177,177,177,177,979.7238300422641,2.8185267753111365e-05,1.879017850207424e-05,0.0030564608728579183,0.002169041113394818,3.971285517415796e-05,0.00022975730167759542,9.761023369487393e-05,0.0012946943817696288
178,178,178,177,979.7238300422641,2.8185267753111365e-05,1.879017850207424e-05,0.0030564608728579183,0.002169041113394818,3.971285517415796e-05,0.00022975730167759542,9.761023369487393e-05,0.0012946943817696288
179,179,179,179,979.7237428788378,2.801064060270475e-05,1.8673760401803165e-05,0.003056470253704858,0.002168922654025706,3.974823855629889e-05,0.0002298109887281813,9.742515469374907e-05,0.0012945791139926163
180,180,180,179,979.7237428788378,2.801064060270475e-05,1.8673760401803165e-05,0.003056470253704858,0.002168922654025706,3.974823855629889e-05,0.0002298109887281813,9.742515469374907e-05,0.0012945791139926163
181,181,181,181,979.7234019095889,2.8039883586294945e-05,1.8693255724196632e-05,0.00305683285231274,0.002169269361077343,3.9697957364817626e-05,0.00022974994389723347,9.761869992211403e-05,0.0012943588906913607
182,182,182,181,979.7234019095889,2.8039883586294945e-05,1.8693255724196632e-05,0.00305683285231274,0.002169269361077343,3.9697957364817626e-05,0.00022974994389723347,9.761869992211403e-05,0.0012943588906913607
183,183,183,183,979.7233205751661,2.7862372532994062e-05,1.857491502199604e-05,0.0030569157987960648,0.0021691911333276007,3.9733370859204586e-05,0.00022980533557016077,9.743618816763361e-05,0.0012942295215914819
184,184,184,183,979.7233205751661,2.7862372532994062e-05,1.857491502199604e-05,0.0030569157987960648,0.0021691911333276007,3.9733370859204586e-05,0.00022980533557016077,9.743618816763361e-05,0.0012942295215914819
185,185,185,185,979.7229809917558,2.7899083670346325e-05,1.8599389113564215e-05,0.0030573150096859843,0.002169560440562996,3.968167442417597e-05,0.0002297426338116495,9.762812325052328e-05,0.0012940196377192773
186,186,186,185,979.7229809917558,2.7899083670346325e-05,1.8599389113564215e-05,0.0030573150096859843,0.002169560440562996,3.968167442417597e-05,0.0002297426338116495,9.762812325052328e-05,0.0012940196377192773
187,187,187,187,979.7229020479185,2.7740204881304686e-05,1.8493469920869792e-05,0.003057285751291309,0.002169422336671995,3.971716325442548e-05,0.00022979563117404104,9.744237292427793e-05,0.0012939104003603864
188,188,188,187,979.7229020479185,2.7740204881304686e-05,1.8493469920869792e-05,0.003057285751291309,0.002169422336671995,3.971716325442548e-05,0.00022979563117404104,9.744237292427793e-05,0.0012939104003603864
189,189,189,189,979.7225679271414,2.7767085618579657e-05,1.851139041238644e-05,0.0030576946744188403,0.0021697971996782342,3.96664134245453e-05,0.00022973517183595465,9.76372042712087e-05,0.0012936847237457732
190,190,190,189,979.7225679271414,2.7767085618579657e-05,1.851139041238644e-05,0.0030576946744188403,0.0021697971996782342,3.96664134245453e-05,0.00022973517183595465,9.76372042712087e-05,0.0012936847237457732
191,191,191,191,979.722494609538,2.760328305098647e-05,1.840218870065765e-05,0.0030577175843893314,0.0021696913853145915,3.970123805008274e-05,0.00022978794533164482,9.745166764845575e-05,0.0012935771160344288
192,192,192,191,979.722494609538,2.760328305098647e-05,1.840218870065765e-05,0.0030577175843893314,0.0021696913853145915,3.970123805008274e-05,0.00022978794533164482,9.745166764845575e-05,0.0012935771160344288
193,193,193,193,979.7221615750557,2.7636097962302486e-05,1.8424065308201655e-05,0.0030581111320659125,0.0021700493063446257,3.96503417232838e-05,0.0002297274899348589,9.764628701172673e-05,0.0012933496850968792
194,194,194,193,979.7221615750557,2.7636097962302486e-05,1.8424065308201655e-05,0.0030581111320659125,0.0021700493063446257,3.96503417232838e-05,0.0002297274899348589,9.764628701172673e-05,0.0012933496850968792
195,195,195,195,979.7220953910887,2.747477654171937e-05,1.831651769447958e-05,0.003058156381504942,0.002169946861962372,3.968683470383788e-05,0.0002297834413040739,9.746530506902357e-05,0.0012932201892393678
196,196,196,195,979.7220953910887,2.747477654171937e-05,1.831651769447958e-05,0.003058156381504942,0.002169946861962372,3.968683470383788e-05,0.0002297834413040739,9.746530506902357e-05,0.0012932201892393678
197,197,197,197,979.7217635696722,2.751377739945715e-05,1.8342518266304765e-05,0.0030585077712634336,0.002170293593952812,3.963421672559253e-05,0.0002297202262729723,9.765546469727576e-05,0.0012930139397467392
198,198,198,197,979.7217635696722,2.751377739945715e-05,1.8342518266304765e-05,0.0030585077712634336,0.002170293593952812,3.963421672559253e-05,0.0002297202262729723,9.765546469727576e-05,0.0012930139397467392
199,199,199,199,979.7217243280647,2.7399072072303854e-05,1.8266048048202567e-05,0.0030583604824188644,0.002170091245485986,3.9677198431078975e-05,0.00022976991052582005,9.745263797629466e-05,0.0012929157301678628
200,200,200,200,979.7213027720379,2.7386252954064716e-05,1.8257501969376477e-05,0.0030583746639958388,0.002170139815274025,3.96538575066982e-05,0.00022972340067525262,9.755711742336776e-05,0.0012927822948296812
201,201,201,200,979.7213027720379,2.7386252954064716e-05,1.8257501969376477e-05,0.0030583746639958388,0.002170139815274025,3.96538575066982e-05,0.00022972340067525262,9.755711742336776e-05,0.0012927822948296812
202,202,202,202,979.7212452451726,2.736188140162188e-05,1.824125426774792e-05,0.0030590217231891217,0.002170626378629424,3.963410918855076e-05,0.00022974247003377501,9.760339058573209e-05,0.0012927390798651264
203,203,203,202,979.7212452451726,2.736188140162188e-05,1.824125426774792e-05,0.0030590217231891217,0.002170626378629424,3.963410918855076e-05,0.00022974247003377501,9.760339058573209e-05,0.0012927390798651264
204,204,204,204,979.7211215716474,2.732078891459766e-05,1.821385927639844e-05,0.0030588630914419744,0.0021704828926589915,3.964667703448138e-05,0.00022974024749934633,9.754833647841743e-05,0.0012926491940805605
205,205,205,204,979.7211215716474,2.732078891459766e-05,1.821385927639844e-05,0.0030588630914419744,0.0021704828926589915,3.964667703448138e-05,0.00022974024749934633,9.754833647841743e-05,0.0012926491940805605
206,206,206,206,979.7210767948659,2.7305151187873022e-05,1.8203434125248684e-05,0.0030592226137695056,0.0021707513561153944,3.961739484349691e-05,0.000229726427086391,9.763540132066983e-05,0.0012925670205752356
207,207,207,206,979.7210767948659,2.7305151187873022e-05,1.8203434125248684e-05,0.0030592226137695056,0.0021707513561153944,3.961739484349691e-05,0.000229726427086391,9.763540132066983e-05,0.0012925670205752356
208,208,208,208,979.7209452897512,2.7255959056893264e-05,1.8170639371262176e-05,0.0030589864214356894,0.0021705273097025603,3.9636688273517184e-05,0.00022974547052968531,9.75392421316626e-05,0.0012924870966041075
209,209,209,208,979.7209452897512,2.7255959056893264e-05,1.8170639371262176e-05,0.0030589864214356894,0.0021705273097025603,3.9636688273517184e-05,0.00022974547052968531,9.75392421316626e-05,0.0012924870966041075
210,210,210,210,979.7208889826611,2.725243993378923e-05,1.8168293289192818e-05,0.0030593336382539536,0.002170807576740129,3.961061303436181e-05,0.00022972054210014363,9.764054514624365e-05,0.0012923961790030141
211,211,211,210,979.7208889826611,2.725243993378923e-05,1.8168293289192818e-05,0.0030593336382539536,0.002170807576740129,3.961061303436181e-05,0.00022972054210014363,9.764054514624365e-05,0.0012923961790030141
212,212,212,212,979.7207562403405,2.7203859698343713e-05,1.8135906465562478e-05,0.003059160909590021,0.002170636160909538,3.962849995784584e-05,0.0002297417543656321,9.754347721380174e-05,0.0012923260757830264
213,213,213,212,979.7207562403405,2.7203859698343713e-05,1.8135906465562478e-05,0.003059160909590021,0.002170636160909538,3.962849995784584e-05,0.0002297417543656321,9.754347721380174e-05,0.0012923260757830264
214,214,214,214,979.7207002290451,2.7218262771383506e-05,1.814550851425567e-05,0.0030594408043752193,0.0021708725594611457,3.9603998786150174e-05,0.00022971716546605993,9.764500222715633e-05,0.001292249408997726
215,215,215,214,979.7207002290451,2.7218262771383506e-05,1.814550851425567e-05,0.0030594408043752193,0.0021708725594611457,3.9603998786150174e-05,0.00022971716546605993,9.764500222715633e-05,0.001292249408997726
216,216,216,216,979.7205674333525,2.716745544198429e-05,1.8111636961322862e-05,0.00305926189849174,0.002170693084314941,3.962157064609645e-05,0.000229738212729922,9.754864116877371e-05,0.001292174401559205
217,217,217,216,979.7205674333525,2.716745544198429e-05,1.8111636961322862e-05,0.00305926189849174,0.002170693084314941,3.962157064609645e-05,0.000229738212729922,9.754864116877371e-05,0.001292174401559205
218,218,218,218,979.7205124386012,2.718140389945667e-05,1.8120935932971115e-05,0.0030595218631684538,0.0021709053135667,3.959668509227049e-05,0.00022971327199815465,9.765025730373855e-05,0.0012920885512773287
219,219,219,218,979.7205124386012,2.718140389945667e-05,1.8120935932971115e-05,0.0030595218631684538,0.0021709053135667,3.959668509227049e-05,0.00022971327199815465,9.765025730373855e-05,0.0012920885512773287
220,220,220,220,979.7203808930815,2.713955023841974e-05,1.809303349227983e-05,0.0030593324658588056,0.0021707274955975963,3.961493752396156e-05,0.00022973303254767466,9.755367300699064e-05,0.00129202424689708
221,221,221,220,979.7203808930815,2.713955023841974e-05,1.809303349227983e-05,0.0030593324658588056,0.0021707274955975963,3.961493752396156e-05,0.00022973303254767466,9.755367300699064e-05,0.00129202424689708
222,222,222,222,979.7203263664921,2.714954285915061e-05,1.809969523943374e-05,0.0030596214418103,0.002170967336332351,3.9590010258230834e-05,0.0002297099033284918,9.765468972856156e-05,0.0012919447014845473
223,223,223,222,979.7203263664921,2.714954285915061e-05,1.809969523943374e-05,0.0030596214418103,0.002170967336332351,3.9590010258230834e-05,0.0002297099033284918,9.765468972856156e-05,0.0012919447014845473
224,224,224,224,979.7201953848933,2.7101646164623405e-05,1.806776410974894e-05,0.0030594325157221477,0.0021707812201973075,3.960736992476843e-05,0.00022973008568729906,9.755788104984231e-05,0.001291869855285459
225,225,225,224,979.7201953848933,2.7101646164623405e-05,1.806776410974894e-05,0.0030594325157221477,0.0021707812201973075,3.960736992476843e-05,0.00022973008568729906,9.755788104984231e-05,0.001291869855285459
226,226,226,226,979.7201415009356,2.7114860925991913e-05,1.8076573950661274e-05,0.0030597078961539306,0.0021710088253034487,3.9582727603001966e-05,0.00022970547865723453,9.765962000168882e-05,0.001291790001374965
227,227,227,226,979.7201415009356,2.7114860925991913e-05,1.8076573950661274e-05,0.0030597078961539306,0.0021710088253034487,3.9582727603001966e-05,0.00022970547865723453,9.765962000168882e-05,0.001291790001374965
228,228,228,228,979.7200110717158,2.7069581500033246e-05,1.8046387666688833e-05,0.0030595119635618115,0.002170826651045877,3.960026855488047e-05,0.00022972743216467104,9.75629357489391e-05,0.0012917206479292247
229,229,229,228,979.7200110717158,2.7069581500033246e-05,1.8046387666688833e-05,0.0030595119635618115,0.002170826651045877,3.960026855488047e-05,0.00022972743216467104,9.75629357489391e-05,0.0012917206479292247
230,230,230,230,979.7199582593032,2.7082867313066306e-05,1.805524487537754e-05,0.003059800355865136,0.0021710619395259334,3.957577887303554e-05,0.0002297026128189479,9.766453027724997e-05,0.001291639348597276
231,231,231,230,979.7199582593032,2.7082867313066306e-05,1.805524487537754e-05,0.003059800355865136,0.0021710619395259334,3.957577887303554e-05,0.0002297026128189479,9.766453027724997e-05,0.001291639348597276
232,232,232,232,979.7198283567487,2.7033333200893184e-05,1.802222213392879e-05,0.003059606801291292,0.002170877258109235,3.9593149368077896e-05,0.00022972464371567652,9.75676985520077e-05,0.0012915676438537995
233,233,233,232,979.7198283567487,2.7033333200893184e-05,1.802222213392879e-05,0.003059606801291292,0.002170877258109235,3.9593149368077896e-05,0.00022972464371567652,9.75676985520077e-05,0.0012915676438537995
234,234,234,234,979.7197762647756,2.7049089186742536e-05,1.8032726124495024e-05,0.003059885687766327,0.0021711116214176533,3.95689263566687e-05,0.00022969940916513687,9.766940537078717e-05,0.0012914926053423119
235,235,235,234,979.7197762647756,2.7049089186742536e-05,1.8032726124495024e-05,0.003059885687766327,0.0021711116214176533,3.95689263566687e-05,0.00022969940916513687,9.766940537078717e-05,0.0012914926053423119
236,236,236,236,979.7196467248601,2.7002215374827276e-05,1.8001476916551518e-05,0.0030597053134822833,0.0021709316809442147,3.958619274342656e-05,0.00022972017788609807,9.757267737065672e-05,0.0012914145745608649
237,237,237,236,979.7196467248601,2.7002215374827276e-05,1.8001476916551518e-05,0.0030597053134822833,0.0021709316809442147,3.958619274342656e-05,0.00022972017788609807,9.757267737065672e-05,0.0012914145745608649
238,238,238,238,979.7195959055414,2.701620027462104e-05,1.8010800183080693e-05,0.0030599698269095144,0.0021711517754069284,3.956134929618965e-05,0.00022969503456476276,9.767432991343583e-05,0.0012913333692965764
239,239,239,238,979.7195959055414,2.701620027462104e-05,1.8010800183080693e-05,0.0030599698269095144,0.0021711517754069284,3.956134929618965e-05,0.00022969503456476276,9.767432991343583e-05,0.0012913333692965764
240,240,240,240,979.7194669735713,2.6967147210982256e-05,1.797809814065484e-05,0.0030597776206330567,0.0021709687014715767,3.957880418826304e-05,0.00022971663648283742,9.757770585120534e-05,0.001291264721975843
241,241,241,240,979.7194669735713,2.6967147210982256e-05,1.797809814065484e-05,0.0030597776206330567,0.0021709687014715767,3.957880418826304e-05,0.00022971663648283742,9.757770585120534e-05,0.001291264721975843
242,242,242,242,979.7194165489732,2.698270568193828e-05,1.7988470454625517e-05,0.003060066609292419,0.002171206426622641,3.9554359310307874e-05,0.00022969180262554135,9.767899507496375e-05,0.0012911872665257328
243,243,243,242,979.7194165489732,2.698270568193828e-05,1.7988470454625517e-05,0.003060066609292419,0.002171206426622641,3.9554359310307874e-05,0.00022969180262554135,9.767899507496375e-05,0.0012911872665257328
244,244,244,244,979.7192883963227,2.693710524961923e-05,1.795807016641282e-05,0.003059860237706012,0.0021710128738542385,3.957174852373124e-05,0.00022971314107943068,9.758216365751693e-05,0.0012911082417677332
245,245,245,244,979.7192883963227,2.693710524961923e-05,1.795807016641282e-05,0.003059860237706012,0.0021710128738542385,3.957174852373124e-05,0.00022971314107943068,9.758216365751693e-05,0.0012911082417677332
246,246,246,246,979.7192388591301,2.6948110087077204e-05,1.7965406724718136e-05,0.003060135571759818,0.002171236663828231,3.954674571361727e-05,0.0002296879161738864,9.76842674145495e-05,0.001291029338424538
247,247,247,246,979.7192388591301,2.6948110087077204e-05,1.7965406724718136e-05,0.003060135571759818,0.002171236663828231,3.954674571361727e-05,0.0002296879161738864,9.76842674145495e-05,0.001291029338424538
248,248,248,248,979.7191111530038,2.6905839689644884e-05,1.7937226459763256e-05,0.0030599500181566056,0.002171059614657772,3.9564257061884545e-05,0.00022970933765952716,9.758712176144435e-05,0.0012909577818741107
249,249,249,248,979.7191111530038,2.6905839689644884e-05,1.7937226459763256e-05,0.0030599500181566056,0.002171059614657772,3.9564257061884545e-05,0.00022970933765952716,9.758712176144435e-05,0.0012909577818741107
250,250,250,250,979.7190624888364,2.691753691463905e-05,1.794502460975937e-05,0.0030602364213776086,0.002171291564714929,3.9539501540356015e-05,0.00022968441398866208,9.768908473669485e-05,0.0012908774656243973
251,251,251,250,979.7190624888364,2.691753691463905e-05,1.794502460975937e-05,0.0030602364213776086,0.002171291564714929,3.9539501540356015e-05,0.00022968441398866208,9.768908473669485e-05,0.0012908774656243973
252,252,252,252,979.7189353297076,2.687313814328518e-05,1.791542542885679e-05,0.0030600532926440423,0.0021711129929566433,3.955679201788492e-05,0.00022970572676817336,9.759240544928577e-05,0.0012908066597235126
253,253,253,252,979.7189353297076,2.687313814328518e-05,1.791542542885679e-05,0.0030600532926440423,0.0021711129929566433,3.955679201788492e-05,0.00022970572676817336,9.759240544928577e-05,0.0012908066597235126
254,254,254,254,979.7188874920547,2.6881790451377396e-05,1.7921193634251598e-05,0.003060320139426286,0.0021713362976748325,3.953202611609724e-05,0.00022968069025623478,9.769382863349108e-05,0.0012907258063465975
255,255,255,254,979.7188874920547,2.6881790451377396e-05,1.7921193634251598e-05,0.003060320139426286,0.0021713362976748325,3.953202611609724e-05,0.00022968069025623478,9.769382863349108e-05,0.0012907258063465975
256,256,256,256,979.7187604839166,2.6840185013171647e-05,1.7893456675447766e-05,0.0030601529390587943,0.0021711662374690422,3.954963391029909e-05,0.00022970205541834082,9.759770286772718e-05,0.0012906518753233412
257,257,257,256,979.7187604839166,2.6840185013171647e-05,1.7893456675447766e-05,0.0030601529390587943,0.0021711662374690422,3.954963391029909e-05,0.00022970205541834082,9.759770286772718e-05,0.0012906518753233412
258,258,258,258,979.7187142025109,2.6846620182763292e-05,1.789774678850886e-05,0.003060428936644792,0.002171393791931577,3.952485713004661e-05,0.0002296770362079065,9.769955794961677e-05,0.001290572225432541
259,259,259,258,979.7187142025109,2.6846620182763292e-05,1.789774678850886e-05,0.003060428936644792,0.002171393791931577,3.952485713004661e-05,0.0002296770362079065,9.769955794961677e-05,0.001290572225432541
260,260,260,260,979.7185877131317,2.6808102283754076e-05,1.7872068189169386e-05,0.0030602587793364423,0.002171216303925768,3.95421720237113e-05,0.00022970041936216094,9.760259668539079e-05,0.0012904850657759323
261,261,261,260,979.7185877131317,2.6808102283754076e-05,1.7872068189169386e-05,0.0030602587793364423,0.002171216303925768,3.95421720237113e-05,0.00022970041936216094,9.760259668539079e-05,0.0012904850657759323
262,262,262,262,979.7185406378244,2.6816001138130208e-05,1.7877334092086805e-05,0.0030605050237897183,0.002171430530492381,3.9517344280474986e-05,0.00022967346847737192,9.770396857664704e-05,0.0012904194731615326
263,263,263,262,979.7185406378244,2.6816001138130208e-05,1.7877334092086805e-05,0.0030605050237897183,0.002171430530492381,3.9517344280474986e-05,0.00022967346847737192,9.770396857664704e-05,0.0012904194731615326
264,264,264,264,979.7184166307492,2.677630111799778e-05,1.785086741199852e-05,0.0030603572554096866,0.002171275724070809,3.953491998266029e-05,0.0002296959710493871,9.760741223099889e-05,0.0012903489842530417
265,265,265,264,979.7184166307492,2.677630111799778e-05,1.785086741199852e-05,0.0030603572554096866,0.002171275724070809,3.953491998266029e-05,0.0002296959710493871,9.760741223099889e-05,0.0012903489842530417
266,266,266,266,979.7183700942651,2.678801444194745e-05,1.7858676294631635e-05,0.003060602806412105,0.0021714844840602793,3.950997168283843e-05,0.00022966947761489213,9.770911945766042e-05,0.0012902650372781522
267,267,267,266,979.7183700942651,2.678801444194745e-05,1.7858676294631635e-05,0.003060602806412105,0.0021714844840602793,3.950997168283843e-05,0.00022966947761489213,9.770911945766042e-05,0.0012902650372781522
268,268,268,268,979.7182465521926,2.67425007166866e-05,1.78283338111244e-05,0.0030604078275995542,0.0021713013847893606,3.9527180658478767e-05,0.0002296920468232678,9.761222676125253e-05,0.0012901936680493754
269,269,269,268,979.7182465521926,2.67425007166866e-05,1.78283338111244e-05,0.0030604078275995542,0.0021713013847893606,3.9527180658478767e-05,0.0002296920468232678,9.761222676125253e-05,0.0012901936680493754
270,270,270,270,979.71820069729,2.6756382728448935e-05,1.7837588485632626e-05,0.0030606918482981946,0.002171529577204779,3.950236814753705e-05,0.0002296662613915145,9.771389195272623e-05,0.0012901119057041077
271,271,271,270,979.71820069729,2.6756382728448935e-05,1.7837588485632626e-05,0.0030606918482981946,0.002171529577204779,3.950236814753705e-05,0.0002296662613915145,9.771389195272623e-05,0.0012901119057041077
272,272,272,272,979.7180776965257,2.6711455165945308e-05,1.7807636777296874e-05,0.003060473812639443,0.002171337306267825,3.9519591356583506e-05,0.0002296867335150871,9.761697084346294e-05,0.0012900422314479204
273,273,273,272,979.7180776965257,2.6711455165945308e-05,1.7807636777296874e-05,0.003060473812639443,0.002171337306267825,3.9519591356583506e-05,0.0002296867335150871,9.761697084346294e-05,0.0012900422314479204
274,274,274,274,979.7180328669976,2.6722186784955415e-05,1.7814791189970276e-05,0.003060768921374255,0.0021715706451618235,3.9494787856454716e-05,0.00022966276645136903,9.771918832875148e-05,0.0012899612043112837
275,275,275,274,979.7180328669976,2.6722186784955415e-05,1.7814791189970276e-05,0.003060768921374255,0.0021715706451618235,3.9494787856454716e-05,0.00022966276645136903,9.771918832875148e-05,0.0012899612043112837
276,276,276,276,979.7179104722761,2.6677417332254816e-05,1.778494488816988e-05,0.0030605782519001145,0.0021713894439494117,3.951198746719037e-05,0.00022968396308018174,9.762253025503986e-05,0.0012898886851184265
277,277,277,276,979.7179104722761,2.6677417332254816e-05,1.778494488816988e-05,0.0030605782519001145,0.0021713894439494117,3.951198746719037e-05,0.00022968396308018174,9.762253025503986e-05,0.0012898886851184265
278,278,278,278,979.7178663077143,2.669017893289216e-05,1.7793452621928108e-05,0.003060858388372172,0.0021716187573717948,3.948724897676753e-05,0.00022965821436859822,9.77240500807941e-05,0.0012898091265690953
279,279,279,278,979.7178663077143,2.669017893289216e-05,1.7793452621928108e-05,0.003060858388372172,0.0021716187573717948,3.948724897676753e-05,0.00022965821436859822,9.77240500807941e-05,0.0012898091265690953
280,280,280,280,979.7177444272745,2.6646772846528055e-05,1.7764515231018706e-05,0.003060674184225596,0.0021714398771576584,3.950438516150956e-05,0.00022968013878008365,9.76275703812729e-05,0.0012897369517594888
281,281,281,280,979.7177444272745,2.6646772846528055e-05,1.7764515231018706e-05,0.003060674184225596,0.0021714398771576584,3.950438516150956e-05,0.00022968013878008365,9.76275703812729e-05,0.0012897369517594888
282,282,282,282,979.7177011324194,2.666008763679839e-05,1.7773391757865593e-05,0.003060959734276623,0.002171672634870743,3.9479689653766636e-05,0.00022965559149492514,9.772917209171367e-05,0.0012896555342619199
283,283,283,282,979.7177011324194,2.666008763679839e-05,1.7773391757865593e-05,0.003060959734276623,0.002171672634870743,3.9479689653766636e-05,0.00022965559149492514,9.772917209171367e-05,0.0012896555342619199
284,284,284,284,979.7175797840241,2.6617832178249534e-05,1.7745221452166355e-05,0.0030607716201823385,0.0021714910618922064,3.9496786609992396e-05,0.00022967654082177175,9.763266946638538e-05,0.0012895850630361783
285,285,285,284,979.7175797840241,2.6617832178249534e-05,1.7745221452166355e-05,0.0030607716201823385,0.0021714910618922064,3.9496786609992396e-05,0.00022967654082177175,9.763266946638538e-05,0.0012895850630361783
286,286,286,286,979.7175373337848,2.662890222296377e-05,1.7752601481975844e-05,0.003061037123261896,0.002171714527013897,3.94720377047339e-05,0.00022965185069289909,9.773424423466931e-05,0.0012895058130063266
287,287,287,286,979.7175373337848,2.662890222296377e-05,1.7752601481975844e-05,0.003061037123261896,0.002171714527013897,3.94720377047339e-05,0.00022965185069289909,9.773424423466931e-05,0.0012895058130063266
288,288,288,288,979.7174165381476,2.6585854889848992e-05,1.7723903259899327e-05,0.0030608460839687164,0.002171530251170472,3.9489050150331995e-05,0.00022967276535671818,9.763768727432537e-05,0.0012894327563965256
289,289,289,288,979.7174165381476,2.6585854889848992e-05,1.7723903259899327e-05,0.0030608460839687164,0.002171530251170472,3.9489050150331995e-05,0.00022967276535671818,9.763768727432537e-05,0.0012894327563965256
290,290,290,290,979.7173749236624,2.660072559401705e-05,1.7733817062678035e-05,0.0030611278483552184,0.002171765294349064,3.946432723873905e-05,0.00022964811107103588,9.773930980654794e-05,0.0012893573915717486
291,291,291,290,979.7173749236624,2.660072559401705e-05,1.7733817062678035e-05,0.0030611278483552184,0.002171765294349064,3.946432723873905e-05,0.00022964811107103588,9.773930980654794e-05,0.0012893573915717486
292,292,292,292,979.7172547116006,2.6556594789478583e-05,1.7704396526319055e-05,0.00306092664431714,0.0021715725138574267,3.948114991630253e-05,0.00022966945593446293,9.764291520712037e-05,0.0012892803886991539
293,293,293,292,979.7172547116006,2.6556594789478583e-05,1.7704396526319055e-05,0.00306092664431714,0.0021715725138574267,3.948114991630253e-05,0.00022966945593446293,9.764291520712037e-05,0.0012892803886991539
294,294,294,294,979.7172139666511,2.6566735814470555e-05,1.7711157209647037e-05,0.003061227756780606,0.002171823033963671,3.9456861580002e-05,0.0002296446337056153,9.774424061045894e-05,0.0012892096373402645
295,295,295,294,979.7172139666511,2.6566735814470555e-05,1.7711157209647037e-05,0.003061227756780606,0.002171823033963671,3.9456861580002e-05,0.0002296446337056153,9.774424061045894e-05,0.0012892096373402645
296,296,296,296,979.7170942554718,2.6529471101960356e-05,1.7686314067973573e-05,0.00306102015246749,0.0021716217937167,3.9473573346056334e-05,0.00022966561270219501,9.764806430204165e-05,0.001289128651241843
297,297,297,296,979.7170942554718,2.6529471101960356e-05,1.7686314067973573e-05,0.00306102015246749,0.0021716217937167,3.9473573346056334e-05,0.00022966561270219501,9.764806430204165e-05,0.001289128651241843
298,298,298,298,979.7170536756876,2.6536470845744953e-05,1.7690980563829967e-05,0.0030613004842284697,0.002171852538639607,3.9448844884236445e-05,0.0002296408367734483,9.774966407530283e-05,0.0012890494701982167
299,299,299,298,979.7170536756876,2.6536470845744953e-05,1.7690980563829967e-05,0.0030613004842284697,0.002171852538639607,3.9448844884236445e-05,0.0002296408367734483,9.774966407530283e-05,0.0012890494701982167
300,300,300,300,979.7169354980981,2.6498203891694994e-05,1.7665469261129996e-05,0.003061105352686933,0.0021716638930726947,3.946556979998045e-05,0.00022966223133186273,9.765314686509957e-05,0.001288975172898102
301,301,301,300,979.7169354980981,2.6498203891694994e-05,1.7665469261129996e-05,0.003061105352686933,0.0021716638930726947,3.946556979998045e-05,0.00022966223133186273,9.765314686509957e-05,0.001288975172898102
302,302,302,302,979.7168955613367,2.6504639172281186e-05,1.766975944818746e-05,0.0030613937168468865,0.002171905315245082,3.944110567367237e-05,0.0002296363977308658,9.775468933193032e-05,0.0012889011023151068
303,303,303,302,979.7168955613367,2.6504639172281186e-05,1.766975944818746e-05,0.0030613937168468865,0.002171905315245082,3.944110567367237e-05,0.0002296363977308658,9.775468933193032e-05,0.0012889011023151068
304,304,304,304,979.71677786142,2.646594528352142e-05,1.7643963522347615e-05,0.003061199077598119,0.002171715307556524,3.945774702188848e-05,0.00022965810797127948,9.765847679130829e-05,0.0012888234805454276
305,305,305,304,979.71677786142,2.646594528352142e-05,1.7643963522347615e-05,0.003061199077598119,0.002171715307556524,3.945774702188848e-05,0.00022965810797127948,9.765847679130829e-05,0.0012888234805454276
306,306,306,306,979.7167387877648,2.6479781587290807e-05,1.7653187724860537e-05,0.003061477945874825,0.002171948268369608,3.943321619884893e-05,0.0002296334977208835,9.775995055984199e-05,0.001288746715149168
307,307,307,306,979.7167387877648,2.6479781587290807e-05,1.7653187724860537e-05,0.003061477945874825,0.002171948268369608,3.943321619884893e-05,0.0002296334977208835,9.775995055984199e-05,0.001288746715149168
308,308,308,308,979.7166216373332,2.643608614652515e-05,1.762405743101677e-05,0.0030612914144401942,0.002171763757529205,3.944987005172901e-05,0.00022965481969280976,9.766379610579717e-05,0.0012886723053907175
309,309,309,308,979.7166216373332,2.643608614652515e-05,1.762405743101677e-05,0.0030612914144401942,0.002171763757529205,3.944987005172901e-05,0.00022965481969280976,9.766379610579717e-05,0.0012886723053907175
310,310,310,310,979.7165833596346,2.644701792900439e-05,1.7631345286002926e-05,0.0030615733399889113,0.0021719962824954296,3.9425349521164665e-05,0.00022962989865673366,9.776535045793316e-05,0.0012885946371614886
311,311,311,310,979.7165833596346,2.644701792900439e-05,1.7631345286002926e-05,0.0030615733399889113,0.0021719962824954296,3.9425349521164665e-05,0.00022962989865673366,9.776535045793316e-05,0.0012885946371614886
312,312,312,312,979.7164662630339,2.6407567445624336e-05,1.760504496374956e-05,0.0030613956337735507,0.0021718255062006435,3.9442485509293135e-05,0.00022965060019588873,9.766956853512337e-05,0.0012885196389535118
313,313,313,312,979.7164662630339,2.6407567445624336e-05,1.760504496374956e-05,0.0030613956337735507,0.0021718255062006435,3.9442485509293135e-05,0.00022965060019588873,9.766956853512337e-05,0.0012885196389535118
314,314,314,314,979.7164303156449,2.642038198111263e-05,1.761358798740842e-05,0.0030616976316980606,0.002172078478644838,3.941797419789589e-05,0.00022962605034494786,9.777114298705619e-05,0.0012884494032318014
315,315,315,314,979.7164303156449,2.642038198111263e-05,1.761358798740842e-05,0.0030616976316980606,0.002172078478644838,3.941797419789589e-05,0.00022962605034494786,9.777114298705619e-05,0.0012884494032318014
316,316,316,316,979.7163139115328,2.6376527977600706e-05,1.7584351985067137e-05,0.003061531516303512,0.0021718914929332598,3.943687250643896e-05,0.0002296448271313828,9.767402087420413e-05,0.0012883254552330118
317,317,317,316,979.7163139115328,2.6376527977600706e-05,1.7584351985067137e-05,0.003061531516303512,0.0021718914929332598,3.943687250643896e-05,0.0002296448271313828,9.767402087420413e-05,0.0012883254552330118
318,318,318,318,979.7162778029848,2.6388063969623454e-05,1.759204264641564e-05,0.0030617874966269217,0.002172121280700155,3.940991836427071e-05,0.00022962288157880656,9.777715616224314e-05,0.0012882944788534783
319,319,319,318,979.7162778029848,2.6388063969623454e-05,1.759204264641564e-05,0.0030617874966269217,0.002172121280700155,3.940991836427071e-05,0.00022962288157880656,9.777715616224314e-05,0.0012882944788534783
320,320,320,320,979.7161593104479,2.634816473701118e-05,1.7565443158007454e-05,0.0030615662267411865,0.0021719122935363808,3.942600859849904e-05,0.00022964320213197286,9.768021629194545e-05,0.001288216838398689
321,321,321,320,979.7161593104479,2.634816473701118e-05,1.7565443158007454e-05,0.0030615662267411865,0.0021719122935363808,3.942600859849904e-05,0.00022964320213197286,9.768021629194545e-05,0.001288216838398689
322,322,322,322,979.7161266386468,2.6361123734497394e-05,1.7574082489664928e-05,0.003061849538553022,0.0021721527220412793,3.940155939567008e-05,0.00022961830407681037,9.778143861367827e-05,0.0012881449712319661
323,323,323,322,979.7161266386468,2.6361123734497394e-05,1.7574082489664928e-05,0.003061849538553022,0.0021721527220412793,3.940155939567008e-05,0.00022961830407681037,9.778143861367827e-05,0.0012881449712319661
324,324,324,324,979.7160091226767,2.631905381003663e-05,1.7546035873357756e-05,0.0030616270270528386,0.002171940327175363,3.941789662188777e-05,0.0002296393847541309,9.768519835591516e-05,0.0012880666342646456
325,325,325,324,979.7160091226767,2.631905381003663e-05,1.7546035873357756e-05,0.0030616270270528386,0.002171940327175363,3.941789662188777e-05,0.0002296393847541309,9.768519835591516e-05,0.0012880666342646456
326,326,326,326,979.7159758909092,2.6328351695525942e-05,1.7552234463683963e-05,0.0030619145046825638,0.002172177104339057,3.9393259638018097e-05,0.0002296148515770193,9.778670104179654e-05,0.0012879880047664749
327,327,327,326,979.7159758909092,2.6328351695525942e-05,1.7552234463683963e-05,0.0030619145046825638,0.002172177104339057,3.9393259638018097e-05,0.0002296148515770193,9.778670104179654e-05,0.0012879880047664749
328,328,328,328,979.7158606544325,2.6292178614883976e-05,1.7528119076589317e-05,0.003061727610557242,0.0021719942108327354,3.940986431864857e-05,0.0002296356849305125,9.769049786268608e-05,0.0012879135678477
329,329,329,328,979.7158606544325,2.6292178614883976e-05,1.7528119076589317e-05,0.003061727610557242,0.0021719942108327354,3.940986431864857e-05,0.0002296356849305125,9.769049786268608e-05,0.0012879135678477
330,330,330,330,979.7158282278506,2.6302714352055556e-05,1.753514290137037e-05,0.0030620166546600405,0.0021722401550911263,3.938560886333764e-05,0.0002296114582313285,9.77918081251361e-05,0.001287845775787562
331,331,331,330,979.7158282278506,2.6302714352055556e-05,1.753514290137037e-05,0.0030620166546600405,0.0021722401550911263,3.938560886333764e-05,0.0002296114582313285,9.77918081251361e-05,0.001287845775787562
332,332,332,332,979.7157124084497,2.6262794035059045e-05,1.7508529356706028e-05,0.0030618041133774593,0.002172033451195733,3.9401778929082365e-05,0.00022963228006645848,9.769566808766339e-05,0.0012877636940707873
333,333,333,332,979.7157124084497,2.6262794035059045e-05,1.7508529356706028e-05,0.0030618041133774593,0.002172033451195733,3.9401778929082365e-05,0.00022963228006645848,9.769566808766339e-05,0.0012877636940707873
334,334,334,334,979.715681242134,2.6271101936009567e-05,1.751406795733971e-05,0.0030620935149757757,0.0021722768030067114,3.937753311822334e-05,0.00022960594378278952,9.77967990135678e-05,0.001287690173578999
335,335,335,334,979.715681242134,2.6271101936009567e-05,1.751406795733971e-05,0.0030620935149757757,0.0021722768030067114,3.937753311822334e-05,0.00022960594378278952,9.77967990135678e-05,0.001287690173578999
336,336,336,336,979.7155670353025,2.623280904778813e-05,1.7488539365192086e-05,0.003061966979173762,0.002172108874316944,3.9393093539362434e-05,0.00022963341755607663,9.770578762104132e-05,0.0012876576469155931
337,337,337,336,979.7155670353025,2.623280904778813e-05,1.7488539365192086e-05,0.003061966979173762,0.002172108874316944,3.9393093539362434e-05,0.00022963341755607663,9.770578762104132e-05,0.0012876576469155931
338,338,338,338,979.7155360105621,2.624479082533049e-05,1.7496527216886992e-05,0.0030621636592746914,0.0021723044854005313,3.936913245195656e-05,0.00022960395328874952,9.780216349994375e-05,0.0012875328600387712
339,339,339,338,979.7155360105621,2.624479082533049e-05,1.7496527216886992e-05,0.0030621636592746914,0.0021723044854005313,3.936913245195656e-05,0.00022960395328874952,9.780216349994375e-05,0.0012875328600387712
340,340,340,340,979.7154216199726,2.6205269049617286e-05,1.7470179366411525e-05,0.0030619562017377487,0.0021721074112111905,3.9385363839440635e-05,0.00022962481257145624,9.770576426276767e-05,0.0012874595680727515
341,341,341,340,979.7154216199726,2.6205269049617286e-05,1.7470179366411525e-05,0.0030619562017377487,0.0021721074112111905,3.9385363839440635e-05,0.00022962481257145624,9.770576426276767e-05,0.0012874595680727515
342,342,342,342,979.7153914966751,2.621122388113406e-05,1.7474149254089376e-05,0.0030622669646892635,0.002172368210437642,3.936113027742938e-05,0.000229600061620291,9.780702315333178e-05,0.0012873897418146023
343,343,343,342,979.7153914966751,2.621122388113406e-05,1.7474149254089376e-05,0.0030622669646892635,0.002172368210437642,3.936113027742938e-05,0.000229600061620291,9.780702315333178e-05,0.0012873897418146023
344,344,344,344,979.7152779683455,2.6171412927961102e-05,1.7447608618640732e-05,0.003062043367703236,0.002172155946059188,3.9377125949903447e-05,0.0002296211269339345,9.771121212584499e-05,0.0012873067550004049
345,345,345,344,979.7152779683455,2.6171412927961102e-05,1.7447608618640732e-05,0.003062043367703236,0.002172155946059188,3.9377125949903447e-05,0.0002296211269339345,9.771121212584499e-05,0.0012873067550004049
346,346,346,346,979.7152485042614,2.618332766365916e-05,1.7455551775772772e-05,0.003062335432735985,0.002172395565261933,3.935261891427344e-05,0.00022959638243326357,9.781231084126513e-05,0.0012872312099186714
347,347,347,346,979.7152485042614,2.618332766365916e-05,1.7455551775772772e-05,0.003062335432735985,0.002172395565261933,3.935261891427344e-05,0.00022959638243326357,9.781231084126513e-05,0.0012872312099186714
348,348,348,348,979.7151356590149,2.6148679954152154e-05,1.7432453302768103e-05,0.003062132239575971,0.00217220251276349,3.936895537772628e-05,0.00022961738218474055,9.771612806306479e-05,0.0012871557097575664
349,349,349,348,979.7151356590149,2.6148679954152154e-05,1.7432453302768103e-05,0.003062132239575971,0.00217220251276349,3.936895537772628e-05,0.00022961738218474055,9.771612806306479e-05,0.0012871557097575664
350,350,350,350,979.7151070481493,2.6159458141189473e-05,1.7439638760792984e-05,0.0030624265385082905,0.0021724422451272693,3.9344291893846084e-05,0.0002295927278998435,9.781774086384254e-05,0.0012870798570688868
351,351,351,350,979.7151070481493,2.6159458141189473e-05,1.7439638760792984e-05,0.0030624265385082905,0.0021724422451272693,3.9344291893846084e-05,0.0002295927278998435,9.781774086384254e-05,0.0012870798570688868
352,352,352,352,979.7149947496988,2.6119745762998026e-05,1.741316384199868e-05,0.0030622299623084947,0.002172251685675823,3.936055185838755e-05,0.00022961360260671554,9.772175668813082e-05,0.001287003858030533
353,353,353,352,979.7149947496988,2.6119745762998026e-05,1.741316384199868e-05,0.0030622299623084947,0.002172251685675823,3.936055185838755e-05,0.00022961360260671554,9.772175668813082e-05,0.001287003858030533
354,354,354,354,979.7149669579568,2.6131203267026892e-05,1.7420802178017926e-05,0.0030625087069495994,0.0021724854510802713,3.933595082909053e-05,0.00022958893301901545,9.782305285341991e-05,0.0012869270162711084
355,355,355,354,979.7149669579568,2.6131203267026892e-05,1.7420802178017926e-05,0.0030625087069495994,0.0021724854510802713,3.933595082909053e-05,0.00022958893301901545,9.782305285341991e-05,0.0012869270162711084
356,356,356,356,979.7148552318554,2.608588732549988e-05,1.739059155033325e-05,0.0030623125523156964,0.0021722946646696977,3.935213091892098e-05,0.0002296100320356872,9.772693415242145e-05,0.0012868485701495215
357,357,357,356,979.7148552318554,2.608588732549988e-05,1.739059155033325e-05,0.0030623125523156964,0.0021722946646696977,3.935213091892098e-05,0.0002296100320356872,9.772693415242145e-05,0.0012868485701495215
358,358,358,358,979.7148282553164,2.610295986846256e-05,1.7401973245641706e-05,0.003062610525371637,0.002172540429639835,3.932772933273182e-05,0.0002295855501198617,9.782848547706252e-05,0.0012867777083134628
359,359,359,358,979.7148282553164,2.610295986846256e-05,1.7401973245641706e-05,0.003062610525371637,0.002172540429639835,3.932772933273182e-05,0.0002295855501198617,9.782848547706252e-05,0.0012867777083134628
360,360,360,360,979.7147170731589,2.6065394133911735e-05,1.7376929422607823e-05,0.0030623941433858457,0.0021723357185162665,3.9343914466860586e-05,0.00022960624173038388,9.773215432090643e-05,0.0012866959796929995
361,361,361,360,979.7147170731589,2.6065394133911735e-05,1.7376929422607823e-05,0.0030623941433858457,0.0021723357185162665,3.9343914466860586e-05,0.00022960624173038388,9.773215432090643e-05,0.0012866959796929995
362,362,362,362,979.7146909708209,2.6075133476161083e-05,1.7383422317440722e-05,0.0030626873110392804,0.002172577385542022,3.931932311773689e-05,0.00022958095032206394,9.78338397687184e-05,0.001286622389975456
363,363,363,362,979.7146909708209,2.6075133476161083e-05,1.7383422317440722e-05,0.0030626873110392804,0.002172577385542022,3.931932311773689e-05,0.00022958095032206394,9.78338397687184e-05,0.001286622389975456
364,364,364,364,979.7145791671586,2.603576734369617e-05,1.7357178229130778e-05,0.003062480223105913,0.002172377757411504,3.933521278015606e-05,0.00022960131767935451,9.773773718593087e-05,0.0012865442826526493
365,365,365,364,979.7145791671586,2.603576734369617e-05,1.7357178229130778e-05,0.003062480223105913,0.002172377757411504,3.933521278015606e-05,0.00022960131767935451,9.773773718593087e-05,0.0012865442826526493
366,366,366,366,979.7145551365288,2.604710269707433e-05,1.736473513138289e-05,0.003062766356512215,0.0021726133215871583,3.9310524600093266e-05,0.00022957709309682768,9.783899977697241e-05,0.0012864693209964535
367,367,367,366,979.7145551365288,2.604710269707433e-05,1.736473513138289e-05,0.003062766356512215,0.0021726133215871583,3.9310524600093266e-05,0.00022957709309682768,9.783899977697241e-05,0.0012864693209964535
368,368,368,368,979.7144439123305,2.600828783547171e-05,1.733885855698114e-05,0.0030625692942718185,0.0021724232855990164,3.9326801300393344e-05,0.00022959872366879326,9.774335947879131e-05,0.0012863926564452162
369,369,369,368,979.7144439123305,2.600828783547171e-05,1.733885855698114e-05,0.0030625692942718185,0.0021724232855990164,3.9326801300393344e-05,0.00022959872366879326,9.774335947879131e-05,0.0012863926564452162
370,370,370,370,979.7144207006311,2.6019570747187748e-05,1.7346380498125164e-05,0.0030628446618240802,0.0021726490818162144,3.930228680620873e-05,0.0002295741662655037,9.784512625837793e-05,0.0012863193940886599
371,371,371,370,979.7144207006311,2.6019570747187748e-05,1.7346380498125164e-05,0.0030628446618240802,0.0021726490818162144,3.930228680620873e-05,0.0002295741662655037,9.784512625837793e-05,0.0012863193940886599
372,372,372,372,979.7143094457685,2.598216967183986e-05,1.732144644789324e-05,0.003062657302542833,0.0021724698543022615,3.93183275446754e-05,0.00022959503595718737,9.774911664187091e-05,0.0012862411818716502
373,373,373,372,979.7143094457685,2.598216967183986e-05,1.732144644789324e-05,0.003062657302542833,0.0021724698543022615,3.93183275446754e-05,0.00022959503595718737,9.774911664187091e-05,0.0012862411818716502
374,374,374,374,979.7142877641779,2.599353216148348e-05,1.732902144098899e-05,0.003062934603893582,0.0021727060551339963,3.929402069489246e-05,0.00022957025348310653,9.785023437730578e-05,0.0012861679922094864
375,375,375,374,979.7142877641779,2.599353216148348e-05,1.732902144098899e-05,0.003062934603893582,0.0021727060551339963,3.929402069489246e-05,0.00022957025348310653,9.785023437730578e-05,0.0012861679922094864
376,376,376,376,979.7141770836428,2.5956205528393506e-05,1.7304137018929005e-05,0.0030627345789443275,0.002172507952033432,3.9309994974062734e-05,0.00022959118527408393,9.775406981751139e-05,0.0012860890811462675
377,377,377,376,979.7141770836428,2.5956205528393506e-05,1.7304137018929005e-05,0.0030627345789443275,0.002172507952033432,3.9309994974062734e-05,0.00022959118527408393,9.775406981751139e-05,0.0012860890811462675
378,378,378,378,979.7141550503479,2.5965788017418e-05,1.7310525344945336e-05,0.003063018219500577,0.002172748252255521,3.9285522518625604e-05,0.0002295677534952966,9.785545747305335e-05,0.0012860176516076187
379,379,379,378,979.7141550503479,2.5965788017418e-05,1.7310525344945336e-05,0.003063018219500577,0.002172748252255521,3.9285522518625604e-05,0.0002295677534952966,9.785545747305335e-05,0.0012860176516076187
380,380,380,380,979.7140448009388,2.592669051298957e-05,1.7284460341993046e-05,0.0030627948340551676,0.0021725395836394053,3.930133950397208e-05,0.0002295869514180593,9.775962921220599e-05,0.001285937627079506
381,381,381,380,979.7140448009388,2.592669051298957e-05,1.7284460341993046e-05,0.0030627948340551676,0.0021725395836394053,3.930133950397208e-05,0.0002295869514180593,9.775962921220599e-05,0.001285937627079506
382,382,382,382,979.7140248136506,2.5937728557828832e-05,1.7291819038552557e-05,0.003063115484104307,0.0021728043026458398,3.927719245140626e-05,0.00022956258935490645,9.786043923549342e-05,0.0012858706108567538
383,383,383,382,979.7140248136506,2.5937728557828832e-05,1.7291819038552557e-05,0.003063115484104307,0.0021728043026458398,3.927719245140626e-05,0.00022956258935490645,9.786043923549342e-05,0.0012858706108567538
384,384,384,384,979.7139152215956,2.5896268397024302e-05,1.7264178931349537e-05,0.0030628993537293024,0.0021725955671331107,3.929277716103324e-05,0.00022958236977824962,9.776489847254655e-05,0.0012857850105292643
385,385,385,384,979.7139152215956,2.5896268397024302e-05,1.7264178931349537e-05,0.0030628993537293024,0.0021725955671331107,3.929277716103324e-05,0.00022958236977824962,9.776489847254655e-05,0.0012857850105292643
386,386,386,386,979.7138953621952,2.5908295025273143e-05,1.727219668351543e-05,0.003063182640558652,0.002172832412453361,3.926840767945472e-05,0.0002295601651347992,9.7866276203111e-05,0.001285712517132491
387,387,387,386,979.7138953621952,2.5908295025273143e-05,1.727219668351543e-05,0.003063182640558652,0.002172832412453361,3.926840767945472e-05,0.0002295601651347992,9.7866276203111e-05,0.001285712517132491
388,388,388,388,979.7137860751545,2.5873339972226628e-05,1.7248893314817753e-05,0.003062978038283657,0.0021726341881626835,3.928434625437294e-05,0.00022957955438841017,9.777049290003031e-05,0.001285634349824021
389,389,389,388,979.7137860751545,2.5873339972226628e-05,1.7248893314817753e-05,0.003062978038283657,0.0021726341881626835,3.928434625437294e-05,0.00022957955438841017,9.777049290003031e-05,0.001285634349824021
390,390,390,390,979.7137678663312,2.588054660740413e-05,1.7253697738269423e-05,0.0030632712939313578,0.0021728784067889494,3.925970148951907e-05,0.00022955471766683197,9.787162276328476e-05,0.0012855609915451184
391,391,391,390,979.7137678663312,2.588054660740413e-05,1.7253697738269423e-05,0.0030632712939313578,0.0021728784067889494,3.925970148951907e-05,0.00022955471766683197,9.787162276328476e-05,0.0012855609915451184
392,392,392,392,979.7136593327754,2.5845256396594962e-05,1.723017093106331e-05,0.003063060136795009,0.002172676246356405,3.927542717614696e-05,0.00022957581426200665,9.777592456768763e-05,0.0012854812134205605
393,393,393,392,979.7136593327754,2.5845256396594962e-05,1.723017093106331e-05,0.003063060136795009,0.002172676246356405,3.927542717614696e-05,0.00022957581426200665,9.777592456768763e-05,0.0012854812134205605
394,394,394,394,979.7136417028195,2.5855808271801894e-05,1.7237205514534594e-05,0.0030633545797418044,0.0021729199953306718,3.925113901195876e-05,0.00022955129688107066,9.787727932700219e-05,0.001285409318863612
395,395,395,394,979.7136417028195,2.5855808271801894e-05,1.7237205514534594e-05,0.0030633545797418044,0.0021729199953306718,3.925113901195876e-05,0.00022955129688107066,9.787727932700219e-05,0.001285409318863612
396,396,396,396,979.7135330904076,2.581556702449528e-05,1.7210378016330186e-05,0.0030631446155511047,0.002172719996623965,3.926678716040244e-05,0.00022957208061395468,9.778146557140599e-05,0.0012853306975291966
397,397,397,396,979.7135330904076,2.581556702449528e-05,1.7210378016330186e-05,0.0030631446155511047,0.002172719996623965,3.926678716040244e-05,0.00022957208061395468,9.778146557140599e-05,0.0012853306975291966
398,398,398,398,979.7135169172744,2.5829617671419003e-05,1.7219745114279334e-05,0.003063428549392145,0.002172958589670375,3.924245691262762e-05,0.00022954758566221084,9.788279301879699e-05,0.0012852590536036783
399,399,399,398,979.7135169172744,2.5829617671419003e-05,1.7219745114279334e-05,0.003063428549392145,0.002172958589670375,3.924245691262762e-05,0.00022954758566221084,9.788279301879699e-05,0.0012852590536036783
400,400,400,400,979.7134088280649,2.5788334643783717e-05,1.719222309585581e-05,0.003063230777764027,0.0021727650984268198,3.925815227709406e-05,0.00022956837751480016,9.778690316673833e-05,0.0012851779874504688
401,401,401,400,979.7134088280649,2.5788334643783717e-05,1.719222309585581e-05,0.003063230777764027,0.0021727650984268198,3.925815227709406e-05,0.00022956837751480016,9.778690316673833e-05,0.0012851779874504688
402,402,402,402,979.7133828082143,2.579945497380165e-05,1.71996366492011e-05,0.003063453863023924,0.002172979375693082,3.924046120613173e-05,0.00022954257129872074,9.788516863331459e-05,0.0012850915808242172
403,403,403,402,979.7133828082143,2.579945497380165e-05,1.71996366492011e-05,0.003063453863023924,0.002172979375693082,3.924046120613173e-05,0.00022954257129872074,9.788516863331459e-05,0.0012850915808242172
404,404,404,404,979.7132860593862,2.5765457679904902e-05,1.7176971786603268e-05,0.0030633172089829415,0.0021728084494792243,3.924945753704112e-05,0.00022956458812332497,9.779252583773379e-05,0.001285026298533688
405,405,405,404,979.7132860593862,2.5765457679904902e-05,1.7176971786603268e-05,0.0030633172089829415,0.0021728084494792243,3.924945753704112e-05,0.00022956458812332497,9.779252583773379e-05,0.001285026298533688
406,406,406,406,979.713260234538,2.57702839555618e-05,1.7180189303707866e-05,0.0030635381775186306,0.0021730220714499637,3.923149162674e-05,0.0002295387829370321,9.789073263388737e-05,0.001284939159739917
407,407,407,406,979.713260234538,2.57702839555618e-05,1.7180189303707866e-05,0.0030635381775186306,0.0021730220714499637,3.923149162674e-05,0.0002295387829370321,9.789073263388737e-05,0.001284939159739917
408,408,408,408,979.7131624035073,2.573687352983023e-05,1.7157915686553484e-05,0.003063387668823083,0.0021728403095855565,3.924057061550912e-05,0.00022956075205541465,9.779850059804529e-05,0.001284875494965695
409,409,409,408,979.7131624035073,2.573687352983023e-05,1.7157915686553484e-05,0.003063387668823083,0.0021728403095855565,3.924057061550912e-05,0.00022956075205541465,9.779850059804529e-05,0.001284875494965695
410,410,410,410,979.7131394185501,2.5746451903674306e-05,1.71643012691162e-05,0.0030635854737504384,0.0021730323848740568,3.922216496017594e-05,0.00022953459665264346,9.789660674040107e-05,0.0012847821183089993
411,411,411,410,979.7131394185501,2.5746451903674306e-05,1.71643012691162e-05,0.0030635854737504384,0.0021730323848740568,3.922216496017594e-05,0.00022953459665264346,9.789660674040107e-05,0.0012847821183089993
412,412,412,412,979.7130426883244,2.5709636620796505e-05,1.713975774719767e-05,0.0030634905687291713,0.002172895550691154,3.923177145885581e-05,0.0002295567453091947,9.780305836876863e-05,0.0012847201517384242
413,413,413,412,979.7130426883244,2.5709636620796505e-05,1.713975774719767e-05,0.0030634905687291713,0.002172895550691154,3.923177145885581e-05,0.0002295567453091947,9.780305836876863e-05,0.0012847201517384242
414,414,414,414,979.7130197142235,2.5719875470175957e-05,1.714658364678397e-05,0.0030636908581338725,0.0021730927408415545,3.9213634514076445e-05,0.00022953080425693804,9.790200727013282e-05,0.0012846319199510616
415,415,415,414,979.7130197142235,2.5719875470175957e-05,1.714658364678397e-05,0.0030636908581338725,0.0021730927408415545,3.9213634514076445e-05,0.00022953080425693804,9.790200727013282e-05,0.0012846319199510616
416,416,416,416,979.7129237873447,2.5686129815377656e-05,1.7124086543585104e-05,0.0030635622909528652,0.0021729309384831844,3.9222806615696326e-05,0.00022955310081713745,9.780964510488349e-05,0.0012845714458718303
417,417,417,416,979.7129237873447,2.5686129815377656e-05,1.7124086543585104e-05,0.0030635622909528652,0.0021729309384831844,3.9222806615696326e-05,0.00022955310081713745,9.780964510488349e-05,0.0012845714458718303
418,418,418,418,979.7129014515122,2.5693337570326102e-05,1.7128891713550733e-05,0.0030637805220992812,0.0021731452890357775,3.920496371516424e-05,0.00022952718898033213,9.790764074925351e-05,0.0012844850432934924
419,419,419,418,979.7129014515122,2.5693337570326102e-05,1.7128891713550733e-05,0.0030637805220992812,0.0021731452890357775,3.920496371516424e-05,0.00022952718898033213,9.790764074925351e-05,0.0012844850432934924
420,420,420,420,979.712806796511,2.565583610791844e-05,1.7103890738612293e-05,0.003063648941138498,0.0021729754542965316,3.921386688877926e-05,0.00022954906950223343,9.781486924864691e-05,0.0012844202693769432
421,421,421,420,979.712806796511,2.565583610791844e-05,1.7103890738612293e-05,0.003063648941138498,0.0021729754542965316,3.921386688877926e-05,0.00022954906950223343,9.781486924864691e-05,0.0012844202693769432
422,422,422,422,979.7127845247535,2.5667302959719862e-05,1.7111535306479908e-05,0.003063850634143467,0.002173172240628057,3.919581852520476e-05,0.0002295233812464114,9.791330755115624e-05,0.0012843261916409918
423,423,423,422,979.7127845247535,2.5667302959719862e-05,1.7111535306479908e-05,0.003063850634143467,0.002173172240628057,3.919581852520476e-05,0.0002295233812464114,9.791330755115624e-05,0.0012843261916409918
424,424,424,424,979.7126910536289,2.563355576570836e-05,1.7089037177138906e-05,0.003063720250683103,0.002173011254931901,3.920508910523757e-05,0.00022954531070370842,9.78203354002824e-05,0.001284267370478469
425,425,425,424,979.7126910536289,2.563355576570836e-05,1.7089037177138906e-05,0.003063720250683103,0.002173011254931901,3.920508910523757e-05,0.00022954531070370842,9.78203354002824e-05,0.001284267370478469
426,426,426,426,979.7126683067901,2.5637681599716133e-05,1.7091787733144088e-05,0.0030639323379615924,0.002173211408159487,3.918666605765009e-05,0.00022951952607167913,9.791904394572393e-05,0.001284170731023486
427,427,427,426,979.7126683067901,2.5637681599716133e-05,1.7091787733144088e-05,0.0030639323379615924,0.002173211408159487,3.918666605765009e-05,0.00022951952607167913,9.791904394572393e-05,0.001284170731023486
428,428,428,428,979.7125766869153,2.56075159793534e-05,1.7071677319568934e-05,0.0030638048679965655,0.0021730541737499088,3.919594571789864e-05,0.0002295417301847721,9.782613824046993e-05,0.001284114980223274
429,429,429,428,979.7125766869153,2.56075159793534e-05,1.7071677319568934e-05,0.0030638048679965655,0.0021730541737499088,3.919594571789864e-05,0.0002295417301847721,9.782613824046993e-05,0.001284114980223274
430,430,430,430,979.7125540496827,2.5615070811918494e-05,1.7076713874612327e-05,0.0030640213432491753,0.0021732598390055767,3.9177873787196726e-05,0.00022951584179163188,9.792468799060122e-05,0.0012840227267586412
431,431,431,430,979.7125540496827,2.5615070811918494e-05,1.7076713874612327e-05,0.0030640213432491753,0.0021732598390055767,3.9177873787196726e-05,0.00022951584179163188,9.792468799060122e-05,0.0012840227267586412
432,432,432,432,979.7124635101161,2.5581592591333857e-05,1.7054395060889238e-05,0.003063898690875262,0.0021731041369657147,3.918694915567428e-05,0.00022953850104485526,9.78316677353111e-05,0.0012839633264536024
433,433,433,432,979.7124635101161,2.5581592591333857e-05,1.7054395060889238e-05,0.003063898690875262,0.0021731041369657147,3.918694915567428e-05,0.00022953850104485526,9.78316677353111e-05,0.0012839633264536024
434,434,434,434,979.7124411617567,2.5585773900521636e-05,1.7057182600347758e-05,0.0030641159954351974,0.002173311150442678,3.9168667641663324e-05,0.00022951204820834977,9.793030146711817e-05,0.0012838733725919036
435,435,435,434,979.7124411617567,2.5585773900521636e-05,1.7057182600347758e-05,0.0030641159954351974,0.002173311150442678,3.9168667641663324e-05,0.00022951204820834977,9.793030146711817e-05,0.0012838733725919036
436,436,436,436,979.7123517667812,2.5555704483759545e-05,1.7037136322506363e-05,0.0030639911021749454,0.00217315269350821,3.9177703080976733e-05,0.00022953403665876843,9.783738064930714e-05,0.00128381048722103
437,437,437,436,979.7123517667812,2.5555704483759545e-05,1.7037136322506363e-05,0.0030639911021749454,0.00217315269350821,3.9177703080976733e-05,0.00022953403665876843,9.783738064930714e-05,0.00128381048722103
438,438,438,438,979.7123297418082,2.5563034071945934e-05,1.7042022714630622e-05,0.003064197757148728,0.0021733557154764455,3.915993218453484e-05,0.00022950846005765464,9.79357451278487e-05,0.0012837240200113008
439,439,439,438,979.7123297418082,2.5563034071945934e-05,1.7042022714630622e-05,0.003064197757148728,0.0021733557154764455,3.915993218453484e-05,0.00022950846005765464,9.79357451278487e-05,0.0012837240200113008
440,440,440,440,979.7122413328157,2.5530028666786997e-05,1.702001911119133e-05,0.0030640678401954633,0.0021731914100843216,3.91688416693306e-05,0.00022953092704332438,9.784295517937386e-05,0.0012836598427396642
441,441,441,440,979.7122413328157,2.5530028666786997e-05,1.702001911119133e-05,0.0030640678401954633,0.0021731914100843216,3.91688416693306e-05,0.00022953092704332438,9.784295517937386e-05,0.0012836598427396642
442,442,442,442,979.712219665425,2.553730589155423e-05,1.702487059436949e-05,0.0030642808372899634,0.002173401054989663,3.915089571714797e-05,0.00022950463277441815,9.794127040225337e-05,0.0012835731722953276
443,443,443,442,979.712219665425,2.553730589155423e-05,1.702487059436949e-05,0.0030642808372899634,0.002173401054989663,3.915089571714797e-05,0.00022950463277441815,9.794127040225337e-05,0.0012835731722953276
444,444,444,444,979.7121323655631,2.550170029846921e-05,1.7001133532312807e-05,0.0030641516311324586,0.0021732327285772443,3.9159500456797947e-05,0.00022952622914143076,9.784887584989022e-05,0.0012835077855638066
445,445,445,444,979.7121323655631,2.550170029846921e-05,1.7001133532312807e-05,0.0030641516311324586,0.0021732327285772443,3.9159500456797947e-05,0.00022952622914143076,9.784887584989022e-05,0.0012835077855638066
446,446,446,446,979.7121109104104,2.551152721680383e-05,1.7007684811202555e-05,0.003064371780104451,0.002173448461895531,3.914181639635278e-05,0.00022950074776267908,9.794674769651734e-05,0.0012834234934733474
447,447,447,446,979.7121109104104,2.551152721680383e-05,1.7007684811202555e-05,0.003064371780104451,0.002173448461895531,3.914181639635278e-05,0.00022950074776267908,9.794674769651734e-05,0.0012834234934733474
448,448,448,448,979.7120247294439,2.547596395482965e-05,1.6983975969886433e-05,0.003064231849066776,0.0021732745008077635,3.915034148107427e-05,0.0002295227781587551,9.7854451000981e-05,0.0012833542309016973
449,449,449,448,979.7120247294439,2.547596395482965e-05,1.6983975969886433e-05,0.003064231849066776,0.0021732745008077635,3.915034148107427e-05,0.0002295227781587551,9.7854451000981e-05,0.0012833542309016973
450,450,450,450,979.7120035709074,2.5486323604662076e-05,1.699088240310805e-05,0.003064444031707228,0.0021734785024684128,3.913220735008577e-05,0.00022949690656788048,9.79529275153615e-05,0.0012832640692855253
451,451,451,450,979.7120035709074,2.5486323604662076e-05,1.699088240310805e-05,0.003064444031707228,0.0021734785024684128,3.913220735008577e-05,0.00022949690656788048,9.79529275153615e-05,0.0012832640692855253
452,452,452,452,979.7119181080378,2.5453431626909495e-05,1.6968954417939663e-05,0.0030643252805798507,0.0021733207875243464,3.9141213998138136e-05,0.00022951943541453542,9.78604090674795e-05,0.0012832043885779667
453,453,453,452,979.7119181080378,2.5453431626909495e-05,1.6968954417939663e-05,0.0030643252805798507,0.0021733207875243464,3.9141213998138136e-05,0.00022951943541453542,9.78604090674795e-05,0.0012832043885779667
454,454,454,454,979.7118972877652,2.546106119827307e-05,1.6974040798848716e-05,0.003064518624088132,0.002173512642813312,3.9122962785118065e-05,0.00022949330481847558,9.795882126397565e-05,0.001283111555613474
455,455,455,454,979.7118972877652,2.546106119827307e-05,1.6974040798848716e-05,0.003064518624088132,0.002173512642813312,3.9122962785118065e-05,0.00022949330481847558,9.795882126397565e-05,0.001283111555613474
456,456,456,456,979.711812609791,2.542807363309363e-05,1.6952049088729087e-05,0.0030643632640962944,0.0021733322269854184,3.913167448579141e-05,0.0002295155518708469,9.786605632220585e-05,0.0012830507385199839
457,457,457,456,979.711812609791,2.542807363309363e-05,1.6952049088729087e-05,0.0030643632640962944,0.0021733322269854184,3.913167448579141e-05,0.0002295155518708469,9.786605632220585e-05,0.0012830507385199839
458,458,458,458,979.7117928484122,2.5432085739213184e-05,1.6954723826142125e-05,0.003064611599430934,0.0021735621535224543,3.9113737666532367e-05,0.00022948891212172876,9.796438970212373e-05,0.001282961390790623
459,459,459,458,979.7117928484122,2.5432085739213184e-05,1.6954723826142125e-05,0.003064611599430934,0.0021735621535224543,3.9113737666532367e-05,0.00022948891212172876,9.796438970212373e-05,0.001282961390790623
460,460,460,460,979.7117089855328,2.5398368668300142e-05,1.693224577886676e-05,0.0030644848824104534,0.002173402353631268,3.912271913264487e-05,0.00022951218422711676,9.787170101589748e-05,0.0012828977586743563
461,461,461,460,979.7117089855328,2.5398368668300142e-05,1.693224577886676e-05,0.0030644848824104534,0.002173402353631268,3.912271913264487e-05,0.00022951218422711676,9.787170101589748e-05,0.0012828977586743563
462,462,462,462,979.7116896982787,2.5410335009051765e-05,1.6940223339367844e-05,0.0030646895956472995,0.002173602400086165,3.9104523949597125e-05,0.00022948546474731488,9.797010169531467e-05,0.0012828107449971778
463,463,463,462,979.7116896982787,2.5410335009051765e-05,1.6940223339367844e-05,0.0030646895956472995,0.002173602400086165,3.9104523949597125e-05,0.00022948546474731488,9.797010169531467e-05,0.0012828107449971778
464,464,464,464,979.711606724429,2.5377784118374436e-05,1.6918522745582958e-05,0.0030645722416735,0.0021734452398984184,3.9113267690099596e-05,0.00022950818654824618,9.787762505877873e-05,0.001282748994951728
465,465,465,464,979.711606724429,2.5377784118374436e-05,1.6918522745582958e-05,0.0030645722416735,0.0021734452398984184,3.9113267690099596e-05,0.00022950818654824618,9.787762505877873e-05,0.001282748994951728
466,466,466,466,979.7115879209352,2.5384934211086785e-05,1.6923289474057857e-05,0.0030648048736571774,0.002173672398602856,3.909575156821332e-05,0.0002294819948139135,9.797549569909997e-05,0.0012826670321326003
467,467,467,466,979.7115879209352,2.5384934211086785e-05,1.6923289474057857e-05,0.0030648048736571774,0.002173672398602856,3.909575156821332e-05,0.0002294819948139135,9.797549569909997e-05,0.0012826670321326003
468,468,468,468,979.7115060009227,2.5352711460868704e-05,1.6901807640579136e-05,0.0030646481829839016,0.0021734840812493387,3.910395503472358e-05,0.0002295039480450867,9.788332843080338e-05,0.0012825973667380018
469,469,469,468,979.7115060009227,2.5352711460868704e-05,1.6901807640579136e-05,0.0030646481829839016,0.0021734840812493387,3.910395503472358e-05,0.0002295039480450867,9.788332843080338e-05,0.0012825973667380018
470,470,470,470,979.7114874678059,2.536005320663559e-05,1.690670213775706e-05,0.003064872733978033,0.0021737034070337577,3.908617872690201e-05,0.0002294771695720783,9.798118748039625e-05,0.001282509873512815
471,471,471,470,979.7114874678059,2.536005320663559e-05,1.690670213775706e-05,0.003064872733978033,0.0021737034070337577,3.908617872690201e-05,0.0002294771695720783,9.798118748039625e-05,0.001282509873512815
472,472,472,472,979.7114050514472,2.532757913883965e-05,1.6885052759226433e-05,0.0030647273087807555,0.002173521690539064,3.90943221159068e-05,0.0002294997628417912,9.78891568190754e-05,0.0012824448681484305
473,473,473,472,979.7114050514472,2.532757913883965e-05,1.6885052759226433e-05,0.0030647273087807555,0.002173521690539064,3.90943221159068e-05,0.0002294997628417912,9.78891568190754e-05,0.0012824448681484305
474,474,474,474,979.7113885860214,2.5331080001800288e-05,1.688738666786686e-05,0.0030649330891533906,0.002173725832545206,3.907639738524871e-05,0.00022947399592378325,9.798730241562109e-05,0.0012823578477392187
475,475,475,474,979.7113885860214,2.5331080001800288e-05,1.688738666786686e-05,0.0030649330891533906,0.002173725832545206,3.907639738524871e-05,0.00022947399592378325,9.798730241562109e-05,0.0012823578477392187
476,476,476,476,979.7113070930966,2.5300514464005053e-05,1.6867009642670037e-05,0.003064799835381882,0.002173558014051678,3.908511474880888e-05,0.0002294958954170944,9.789511225915398e-05,0.0012822948888032459
477,477,477,476,979.7113070930966,2.5300514464005053e-05,1.6867009642670037e-05,0.003064799835381882,0.002173558014051678,3.908511474880888e-05,0.0002294958954170944,9.789511225915398e-05,0.0012822948888032459
478,478,478,478,979.7112910175416,2.5308284765657163e-05,1.687218984377144e-05,0.003065019764807999,0.0021737712294568933,3.9067173927792576e-05,0.0002294702625394841,9.799317605313496e-05,0.0012822076952290376
479,479,479,478,979.7112910175416,2.5308284765657163e-05,1.687218984377144e-05,0.003065019764807999,0.0021737712294568933,3.9067173927792576e-05,0.0002294702625394841,9.799317605313496e-05,0.0012822076952290376
480,480,480,480,979.7112105553703,2.5274568778876905e-05,1.684971251925127e-05,0.003064887330291708,0.0021736019013258215,3.907552997945568e-05,0.00022949133337374353,9.790082334015793e-05,0.0012821420332795284
481,481,481,480,979.7112105553703,2.5274568778876905e-05,1.684971251925127e-05,0.003064887330291708,0.0021736019013258215,3.907552997945568e-05,0.00022949133337374353,9.790082334015793e-05,0.0012821420332795284
482,482,482,482,979.711194687412,2.5285405175490272e-05,1.685693678366018e-05,0.003065096812119014,0.0021738063617803478,3.905745885535855e-05,0.00022946664691775157,9.799908125094486e-05,0.0012820526021914418
483,483,483,482,979.711194687412,2.5285405175490272e-05,1.685693678366018e-05,0.003065096812119014,0.0021738063617803478,3.905745885535855e-05,0.00022946664691775157,9.799908125094486e-05,0.0012820526021914418
484,484,484,484,979.7111149128491,2.5253361837340726e-05,1.683557455822715e-05,0.0030649669149649603,0.0021736452203358573,3.90663157673124e-05,0.00022948827462123368,9.790644111321717e-05,0.0012819896021885636
485,485,485,484,979.7111149128491,2.5253361837340726e-05,1.683557455822715e-05,0.0030649669149649603,0.0021736452203358573,3.90663157673124e-05,0.00022948827462123368,9.790644111321717e-05,0.0012819896021885636
486,486,486,486,979.7110998044861,2.5260564257334472e-05,1.6840376171556315e-05,0.0030651954926429674,0.00217386452024229,3.9048399727410754e-05,0.0002294626763784955,9.800464866603631e-05,0.0012819085514077313
487,487,487,486,979.7110998044861,2.5260564257334472e-05,1.6840376171556315e-05,0.0030651954926429674,0.00217386452024229,3.9048399727410754e-05,0.0002294626763784955,9.800464866603631e-05,0.0012819085514077313
488,488,488,488,979.7110210997348,2.5225960866515074e-05,1.6817307244343382e-05,0.003065045656459306,0.0021736835786878117,3.905671642671915e-05,0.0002294843322187547,9.791220879146884e-05,0.0012818384021639265
489,489,489,488,979.7110210997348,2.5225960866515074e-05,1.6817307244343382e-05,0.003065045656459306,0.0021736835786878117,3.905671642671915e-05,0.0002294843322187547,9.791220879146884e-05,0.0012818384021639265
490,490,490,490,979.711006246007,2.523621251060426e-05,1.6824141673736172e-05,0.0030652566446739585,0.00217388556244834,3.9038510378799907e-05,0.00022945884515858687,9.801091918851257e-05,0.0012817496548271716
491,491,491,490,979.711006246007,2.523621251060426e-05,1.6824141673736172e-05,0.0030652566446739585,0.00217388556244834,3.9038510378799907e-05,0.00022945884515858687,9.801091918851257e-05,0.0012817496548271716
492,492,492,492,979.7109286997404,2.5201232161042864e-05,1.6800821440695245e-05,0.00306513699195321,0.0021737277637866956,3.904700783624593e-05,0.00022948094082956782,9.791836534600584e-05,0.001281687129597149
493,493,493,492,979.7109286997404,2.5201232161042864e-05,1.6800821440695245e-05,0.00306513699195321,0.0021737277637866956,3.904700783624593e-05,0.00022948094082956782,9.791836534600584e-05,0.001281687129597149
494,494,494,494,979.7109140679266,2.521165730093311e-05,1.6807771533955407e-05,0.003065344204312513,0.0021739330464504267,3.902901462193159e-05,0.00022945510455873167,9.8016567404699e-05,0.0012815990350686516
495,495,495,494,979.7109140679266,2.521165730093311e-05,1.6807771533955407e-05,0.003065344204312513,0.0021739330464504267,3.902901462193159e-05,0.00022945510455873167,9.8016567404699e-05,0.0012815990350686516
496,496,496,496,979.7108374906317,2.5179825226762098e-05,1.678655015117473e-05,0.003065218410839203,0.002173770240271371,3.903740670162942e-05,0.000229477086656592,9.792419603724817e-05,0.001281535541242715
497,497,497,496,979.7108374906317,2.5179825226762098e-05,1.678655015117473e-05,0.003065218410839203,0.002173770240271371,3.903740670162942e-05,0.000229477086656592,9.792419603724817e-05,0.001281535541242715
498,498,498,498,979.7108233126305,2.518720663907681e-05,1.679147109271787e-05,0.0030654392181489413,0.002173983739066027,3.901950710286789e-05,0.00022945119712536826,9.80224577156047e-05,0.0012814493376739008
499,499,499,498,979.7108233126305,2.518720663907681e-05,1.679147109271787e-05,0.0030654392181489413,0.002173983739066027,3.901950710286789e-05,0.00022945119712536826,9.80224577156047e-05,0.0012814493376739008
500,500,500,500,979.7107477938841,2.5155488810602034e-05,1.677032587373469e-05,0.003065298184078654,0.0021738106725961237,3.902784352929206e-05,0.0002294732657736037,9.793007278365018e-05,0.0012813841100618674
501,501,501,500,979.7107477938841,2.5155488810602034e-05,1.677032587373469e-05,0.003065298184078654,0.0021738106725961237,3.902784352929206e-05,0.0002294732657736037,9.793007278365018e-05,0.0012813841100618674
502,502,502,502,979.7107338944529,2.5162872130363167e-05,1.677524808690878e-05,0.003065516741798046,0.0021740206632062174,3.9009748901246144e-05,0.00022944755157042998,9.802844444983805e-05,0.001281295511760489
503,503,503,502,979.7107338944529,2.5162872130363167e-05,1.677524808690878e-05,0.003065516741798046,0.0021740206632062174,3.9009748901246144e-05,0.00022944755157042998,9.802844444983805e-05,0.001281295511760489
504,504,504,504,979.7106595057381,2.512803466367397e-05,1.6752023109115978e-05,0.00306537316715997,0.002173848902464499,3.901829817453545e-05,0.0002294694356334031,9.793595001241634e-05,0.0012812315518903688
505,505,505,504,979.7106595057381,2.512803466367397e-05,1.6752023109115978e-05,0.00306537316715997,0.002173848902464499,3.901829817453545e-05,0.0002294694356334031,9.793595001241634e-05,0.0012812315518903688
506,506,506,506,979.710645878964,2.5136093462024833e-05,1.6757395641349888e-05,0.0030656003100220457,0.0021740641138999163,3.9000063086845616e-05,0.00022944354616507174,9.803432399398126e-05,0.0012811442476518067
507,507,507,506,979.710645878964,2.5136093462024833e-05,1.6757395641349888e-05,0.0030656003100220457,0.0021740641138999163,3.9000063086845616e-05,0.00022944354616507174,9.803432399398126e-05,0.0012811442476518067
508,508,508,508,979.7105721241895,2.5104350902888095e-05,1.6736233935258728e-05,0.003065463243346403,0.0021738917766305796,3.900840230745134e-05,0.00022946677284930728,9.794195494525898e-05,0.001281079993300936
509,509,509,508,979.7105721241895,2.5104350902888095e-05,1.6736233935258728e-05,0.003065463243346403,0.0021738917766305796,3.900840230745134e-05,0.00022946677284930728,9.794195494525898e-05,0.001281079993300936
510,510,510,510,979.7105592896778,2.5114123968689173e-05,1.674274931245945e-05,0.0030656924999318768,0.002174115484262217,3.8990677064594526e-05,0.0002294400001459944,9.80400211598037e-05,0.001280998676879988
511,511,511,510,979.7105592896778,2.5114123968689173e-05,1.674274931245945e-05,0.0030656924999318768,0.002174115484262217,3.8990677064594526e-05,0.0002294400001459944,9.80400211598037e-05,0.001280998676879988
512,512,512,512,979.7104859568774,2.508027753855835e-05,1.6720185025705565e-05,0.0030655415172493538,0.00217393212048219,3.8998872342030366e-05,0.00022946176761701073,9.794780285895394e-05,0.0012809289494682405
513,513,513,512,979.7104859568774,2.508027753855835e-05,1.6720185025705565e-05,0.0030655415172493538,0.00217393212048219,3.8998872342030366e-05,0.00022946176761701073,9.794780285895394e-05,0.0012809289494682405
514,514,514,514,979.7104741028043,2.509048894894228e-05,1.6726992632628186e-05,0.00306575969374767,0.002174143104414013,3.8980921593601003e-05,0.00022943599622844116,9.804612147921998e-05,0.0012808426893317448
515,515,515,514,979.7104741028043,2.509048894894228e-05,1.6726992632628186e-05,0.00306575969374767,0.002174143104414013,3.8980921593601003e-05,0.00022943599622844116,9.804612147921998e-05,0.0012808426893317448
516,516,516,516,979.7104018184746,2.505900331567501e-05,1.6706002210450006e-05,0.0030656336062089146,0.0021739781096609184,3.898908674409424e-05,0.00022945793938992215,9.795387811312867e-05,0.0012807766772424992
517,517,517,516,979.7104018184746,2.505900331567501e-05,1.6706002210450006e-05,0.0030656336062089146,0.0021739781096609184,3.898908674409424e-05,0.00022945793938992215,9.795387811312867e-05,0.0012807766772424992
518,518,518,518,979.7103895976804,2.506130145904506e-05,1.6707534306030038e-05,0.0030658494879346847,0.0021741911378864737,3.8971261875388186e-05,0.00022943233009069358,9.805190893966836e-05,0.0012806936259709277
519,519,519,518,979.7103895976804,2.506130145904506e-05,1.6707534306030038e-05,0.0030658494879346847,0.0021741911378864737,3.8971261875388186e-05,0.00022943233009069358,9.805190893966836e-05,0.0012806936259709277
520,520,520,520,979.7103175745897,2.503133241382738e-05,1.6687554942551586e-05,0.003065706214116551,0.0021740127444068295,3.897919815593759e-05,0.00022945397900286208,9.795982742030057e-05,0.0012806247078719119
521,521,521,520,979.7103175745897,2.503133241382738e-05,1.6687554942551586e-05,0.003065706214116551,0.0021740127444068295,3.897919815593759e-05,0.00022945397900286208,9.795982742030057e-05,0.0012806247078719119
522,522,522,522,979.7103072302349,2.5042224341992325e-05,1.669481622799488e-05,0.003065925040679179,0.002174229752806258,3.896142006722808e-05,0.0002294281776469689,9.805762319609057e-05,0.0012805434358766942
523,523,523,523,979.7102082469984,2.5020259927899247e-05,1.6680173285266164e-05,0.0030659888265009328,0.00217422322429272,3.896275534973764e-05,0.0002294467081661573,9.801489413396869e-05,0.0012805128903954095
524,524,524,523,979.7102082469984,2.5020259927899247e-05,1.6680173285266164e-05,0.0030659888265009328,0.00217422322429272,3.896275534973764e-05,0.0002294467081661573,9.801489413396869e-05,0.0012805128903954095
525,525,525,525,979.710179268287,2.502015283856185e-05,1.6680101892374566e-05,0.0030659041291503635,0.002174174365667665,3.8973697827515696e-05,0.0002294423808977451,9.800251514174158e-05,0.0012804665785361561
526,526,526,525,979.710179268287,2.502015283856185e-05,1.6680101892374566e-05,0.0030659041291503635,0.002174174365667665,3.8973697827515696e-05,0.0002294423808977451,9.800251514174158e-05,0.0012804665785361561
527,527,527,527,979.7101709782751,2.502068198656504e-05,1.668045465771003e-05,0.0030660940779180298,0.0021743323908827274,3.896013154937317e-05,0.00022943618935781823,9.804035301151648e-05,0.0012804199793378071
528,528,528,527,979.7101709782751,2.502068198656504e-05,1.668045465771003e-05,0.0030660940779180298,0.0021743323908827274,3.896013154937317e-05,0.00022943618935781823,9.804035301151648e-05,0.0012804199793378071
529,529,529,529,979.7101458083076,2.5005064594546544e-05,1.6670043063031027e-05,0.00306598429407899,0.0021742434286074032,3.897247757686517e-05,0.00022944459370033044,9.79934108486305e-05,0.0012803983729875428
530,530,530,529,979.7101458083076,2.5005064594546544e-05,1.6670043063031027e-05,0.00306598429407899,0.0021742434286074032,3.897247757686517e-05,0.00022944459370033044,9.79934108486305e-05,0.0012803983729875428
531,531,531,531,979.7101324259738,2.5007364067103355e-05,1.667157604473557e-05,0.003066136217113092,0.0021743563252585828,3.8956521304603364e-05,0.00022943208569089016,9.804545242009938e-05,0.0012803395730804647
532,532,532,531,979.7101324259738,2.5007364067103355e-05,1.667157604473557e-05,0.003066136217113092,0.0021743563252585828,3.8956521304603364e-05,0.00022943208569089016,9.804545242009938e-05,0.0012803395730804647
533,533,533,533,979.7101062277065,2.499407911499274e-05,1.6662719409995162e-05,0.003066028607454034,0.002174266052958094,3.896708433280549e-05,0.0002294433317726348,9.799625465661127e-05,0.0012803243853002568
534,534,534,533,979.7101062277065,2.499407911499274e-05,1.6662719409995162e-05,0.003066028607454034,0.002174266052958094,3.896708433280549e-05,0.0002294433317726348,9.799625465661127e-05,0.0012803243853002568
535,535,535,535,979.7100927062625,2.4997968333939635e-05,1.6665312222626422e-05,0.0030661706527278947,0.002174373551533189,3.8951649671464805e-05,0.0002294301526268728,9.804844809233049e-05,0.0012802633047610216
536,536,536,535,979.7100927062625,2.4997968333939635e-05,1.6665312222626422e-05,0.0030661706527278947,0.002174373551533189,3.8951649671464805e-05,0.0002294301526268728,9.804844809233049e-05,0.0012802633047610216
537,537,537,537,979.710066478451,2.4979334783431506e-05,1.6652889855621002e-05,0.003066072525389353,0.0021742897255277605,3.896210432795949e-05,0.00022944122823324062,9.799893726730735e-05,0.0012802485308696042
538,538,538,537,979.710066478451,2.4979334783431506e-05,1.6652889855621002e-05,0.003066072525389353,0.0021742897255277605,3.896210432795949e-05,0.00022944122823324062,9.799893726730735e-05,0.0012802485308696042
539,539,539,539,979.7100530532762,2.4986037719165743e-05,1.665735847944383e-05,0.003066205618844315,0.0021743878539670206,3.894666252980683e-05,0.00022942819037115124,9.805127952525194e-05,0.0012801877395647318
540,540,540,539,979.7100530532762,2.4986037719165743e-05,1.665735847944383e-05,0.003066205618844315,0.0021743878539670206,3.894666252980683e-05,0.00022942819037115124,9.805127952525194e-05,0.0012801877395647318
541,541,541,541,979.7100270711518,2.4970234564269944e-05,1.664682304284663e-05,0.003066107550401038,0.002174306141150632,3.89570751471377e-05,0.00022943917335737613,9.800174916797799e-05,0.001280173475862849
542,542,542,541,979.7100270711518,2.4970234564269944e-05,1.664682304284663e-05,0.003066107550401038,0.002174306141150632,3.89570751471377e-05,0.00022943917335737613,9.800174916797799e-05,0.001280173475862849
543,543,543,543,979.7100138944072,2.4973055830629365e-05,1.6648703887086245e-05,0.0030662436897639037,0.0021744069850109867,3.8941722774681053e-05,0.0002294262004506187,9.805417190970889e-05,0.0012801116977759774
544,544,544,543,979.7100138944072,2.4973055830629365e-05,1.6648703887086245e-05,0.0030662436897639037,0.0021744069850109867,3.8941722774681053e-05,0.0002294262004506187,9.805417190970889e-05,0.0012801116977759774
545,545,545,545,979.7099879736818,2.495528911317102e-05,1.663685940878068e-05,0.0030661447016752733,0.002174322323125256,3.895211456040465e-05,0.00022943737567961267,9.800470780098325e-05,0.0012800966803922244
546,546,546,545,979.7099879736818,2.495528911317102e-05,1.663685940878068e-05,0.0030661447016752733,0.002174322323125256,3.895211456040465e-05,0.00022943737567961267,9.800470780098325e-05,0.0012800966803922244
547,547,547,547,979.7099750312665,2.496234793955554e-05,1.664156529303703e-05,0.003066285939678346,0.002174427071040738,3.8936605921510714e-05,0.0002294242947712796,9.80571526724705e-05,0.0012800357787223723
548,548,548,547,979.7099750312665,2.496234793955554e-05,1.664156529303703e-05,0.003066285939678346,0.002174427071040738,3.8936605921510714e-05,0.0002294242947712796,9.80571526724705e-05,0.0012800357787223723
549,549,549,549,979.7099491659633,2.494664744490116e-05,1.6631098296600776e-05,0.0030661892813541986,0.0021743439572688606,3.894714550213563e-05,0.00022943548672880695,9.800776519132415e-05,0.0012800206407713127
550,550,550,549,979.7099491659633,2.494664744490116e-05,1.6631098296600776e-05,0.0030661892813541986,0.0021743439572688606,3.894714550213563e-05,0.00022943548672880695,9.800776519132415e-05,0.0012800206407713127
551,551,551,551,979.7099365405581,2.495050393666598e-05,1.6633669291110653e-05,0.0030663164834395184,0.002174439645938447,3.893186246912983e-05,0.00022942266796966226,9.806007645033615e-05,0.001279960280649417
552,552,552,551,979.7099365405581,2.495050393666598e-05,1.6633669291110653e-05,0.0030663164834395184,0.002174439645938447,3.893186246912983e-05,0.00022942266796966226,9.806007645033615e-05,0.001279960280649417
553,553,553,553,979.7099108601096,2.4934811620996866e-05,1.6623207747331246e-05,0.0030662290541326356,0.0021743643172599863,3.8942057963890775e-05,0.00022943395948398632,9.801069369076709e-05,0.0012799446759146735
554,554,554,553,979.7099108601096,2.4934811620996866e-05,1.6623207747331246e-05,0.0030662290541326356,0.0021743643172599863,3.8942057963890775e-05,0.00022943395948398632,9.801069369076709e-05,0.0012799446759146735
555,555,555,555,979.7098983973543,2.4935685770333116e-05,1.662379051355541e-05,0.0030663661306111166,0.002174466222934858,3.892674501741744e-05,0.00022942038888820244,9.806308259323326e-05,0.0012798842426247237
556,556,556,555,979.7098983973543,2.4935685770333116e-05,1.662379051355541e-05,0.0030663661306111166,0.002174466222934858,3.892674501741744e-05,0.00022942038888820244,9.806308259323326e-05,0.0012798842426247237
557,557,557,557,979.7098727622944,2.4923075929494942e-05,1.661538395299663e-05,0.0030662717267391903,0.0021743852688135184,3.893710268045719e-05,0.0002294316045769568,9.801372704749955e-05,0.0012798688094458526
558,558,558,557,979.7098727622944,2.4923075929494942e-05,1.661538395299663e-05,0.0030662717267391903,0.0021743852688135184,3.893710268045719e-05,0.0002294316045769568,9.801372704749955e-05,0.0012798688094458526
559,559,559,559,979.7098606328475,2.492345418067532e-05,1.6615636120450215e-05,0.003066406070335096,0.002174486777380182,3.8921787340544245e-05,0.00022941867557809488,9.806609412906647e-05,0.0012798082138609397
560,560,560,559,979.7098606328475,2.492345418067532e-05,1.6615636120450215e-05,0.003066406070335096,0.002174486777380182,3.8921787340544245e-05,0.00022941867557809488,9.806609412906647e-05,0.0012798082138609397
561,561,561,561,979.7098349662997,2.4911385449744028e-05,1.660759029982935e-05,0.0030663143906019714,0.0021744082202803145,3.893219246518115e-05,0.00022942978203499006,9.801691992154804e-05,0.0012797932440744954
562,562,562,561,979.7098349662997,2.4911385449744028e-05,1.660759029982935e-05,0.0030663143906019714,0.0021744082202803145,3.893219246518115e-05,0.00022942978203499006,9.801691992154804e-05,0.0012797932440744954
563,563,563,563,979.7098231978482,2.4915330433111782e-05,1.6610220288741186e-05,0.003066445391315642,0.0021745061240154326,3.891694518665806e-05,0.0002294169557544982,9.806934169028642e-05,0.001279732504424964
564,564,564,563,979.7098231978482,2.4915330433111782e-05,1.6610220288741186e-05,0.003066445391315642,0.0021745061240154326,3.891694518665806e-05,0.0002294169557544982,9.806934169028642e-05,0.001279732504424964
565,565,565,565,979.7097976358903,2.4897554369934793e-05,1.659836957995653e-05,0.0030663523239199968,0.0021744270683605018,3.892713517430341e-05,0.0002294277407582448,9.801978504889175e-05,0.0012797171344008991
566,566,566,565,979.7097976358903,2.4897554369934793e-05,1.659836957995653e-05,0.0030663523239199968,0.0021744270683605018,3.892713517430341e-05,0.0002294277407582448,9.801978504889175e-05,0.0012797171344008991
567,567,567,567,979.7097860676424,2.490356749437761e-05,1.6602378329585072e-05,0.003066488179297253,0.0021745281155834597,3.891172159603551e-05,0.0002294148781008557,9.807221607990857e-05,0.001279656491702258
568,568,568,567,979.7097860676424,2.490356749437761e-05,1.6602378329585072e-05,0.003066488179297253,0.0021745281155834597,3.891172159603551e-05,0.0002294148781008557,9.807221607990857e-05,0.001279656491702258
569,569,569,569,979.7097606059206,2.4883808846631883e-05,1.658920589775459e-05,0.003066389730892263,0.002174444018196309,3.8922069103282386e-05,0.00022942601549344016,9.8022790868256e-05,0.0012796412996188714
570,570,570,569,979.7097606059206,2.4883808846631883e-05,1.658920589775459e-05,0.003066389730892263,0.002174444018196309,3.8922069103282386e-05,0.00022942601549344016,9.8022790868256e-05,0.0012796412996188714
571,571,571,571,979.7097492399153,2.4891802770349303e-05,1.659453518023287e-05,0.003066523338307874,0.002174543833502972,3.8906699724845784e-05,0.00022941287860992447,9.807510310956558e-05,0.001279580778054819
572,572,572,571,979.7097492399153,2.4891802770349303e-05,1.659453518023287e-05,0.003066523338307874,0.002174543833502972,3.8906699724845784e-05,0.00022941287860992447,9.807510310956558e-05,0.001279580778054819
573,573,573,573,979.709723875024,2.487431701697629e-05,1.6582878011317526e-05,0.0030664300018625724,0.0021744632060197435,3.8917026321527715e-05,0.0002294239104930087,9.802571109629454e-05,0.0012795653331773424
574,574,574,573,979.709723875024,2.487431701697629e-05,1.6582878011317526e-05,0.0030664300018625724,0.0021744632060197435,3.8917026321527715e-05,0.0002294239104930087,9.802571109629454e-05,0.0012795653331773424
575,575,575,575,979.7097127376704,2.4880270445948316e-05,1.6586846963965542e-05,0.0030665660002474407,0.0021745648891312616,3.890169782574254e-05,0.00022941154872934593,9.807811525482796e-05,0.001279505533680576
576,576,576,575,979.7097127376704,2.4880270445948316e-05,1.6586846963965542e-05,0.0030665660002474407,0.0021745648891312616,3.890169782574254e-05,0.00022941154872934593,9.807811525482796e-05,0.001279505533680576
577,577,577,577,979.7096875010702,2.4864562840815063e-05,1.657637522721004e-05,0.0030664701209354842,0.002174483876530347,3.891204496180717e-05,0.00022942195732634957,9.802875472795375e-05,0.0012794901279584484
578,578,578,577,979.7096875010702,2.4864562840815063e-05,1.657637522721004e-05,0.0030664701209354842,0.002174483876530347,3.891204496180717e-05,0.00022942195732634957,9.802875472795375e-05,0.0012794901279584484
579,579,579,579,979.70967658474,2.486670868814822e-05,1.657780579209881e-05,0.003066618001469836,0.002174591914494729,3.88965596814575e-05,0.00022940766059191786,9.808132884399356e-05,0.001279428902172102
580,580,580,579,979.70967658474,2.486670868814822e-05,1.657780579209881e-05,0.003066618001469836,0.002174591914494729,3.88965596814575e-05,0.00022940766059191786,9.808132884399356e-05,0.001279428902172102
581,581,581,581,979.7096514552832,2.4852960212706776e-05,1.656864014180452e-05,0.0030665178456157874,0.0021745082365181934,3.890709146887883e-05,0.00022942018891256174,9.8031913353544e-05,0.0012794143443971282
582,582,582,581,979.7096514552832,2.4852960212706776e-05,1.656864014180452e-05,0.0030665178456157874,0.0021745082365181934,3.890709146887883e-05,0.00022942018891256174,9.8031913353544e-05,0.0012794143443971282
583,583,583,583,979.7096408444908,2.4853680216513352e-05,1.6569120144342236e-05,0.00306664742120182,0.002174606167430198,3.8891625077835945e-05,0.00022940716901969445,9.808421387300092e-05,0.001279353625180439
584,584,584,583,979.7096408444908,2.4853680216513352e-05,1.6569120144342236e-05,0.00306664742120182,0.002174606167430198,3.8891625077835945e-05,0.00022940716901969445,9.808421387300092e-05,0.001279353625180439
585,585,585,585,979.7096158022939,2.4841330791697258e-05,1.656088719446484e-05,0.0030665556268207744,0.0021745257201790475,3.890192567038153e-05,0.00022941823352769027,9.803486375440512e-05,0.0012793383463879258
586,586,586,585,979.7096158022939,2.4841330791697258e-05,1.656088719446484e-05,0.0030665556268207744,0.0021745257201790475,3.890192567038153e-05,0.00022941823352769027,9.803486375440512e-05,0.0012793383463879258
587,587,587,587,979.7096054372397,2.48452914226871e-05,1.656352761512473e-05,0.0030666902979345385,0.0021746279729092186,3.888657590109257e-05,0.00022940529591938388,9.808723099661437e-05,0.0012792778365404828
588,588,588,587,979.7096054372397,2.48452914226871e-05,1.656352761512473e-05,0.0030666902979345385,0.0021746279729092186,3.888657590109257e-05,0.00022940529591938388,9.808723099661437e-05,0.0012792778365404828
589,589,589,589,979.7095804513735,2.4829760088690422e-05,1.6553173392460284e-05,0.003066595619276389,0.0021745459858980775,3.889690404897117e-05,0.00022941631223918451,9.80378799317963e-05,0.0012792619076319777
590,590,590,589,979.7095804513735,2.4829760088690422e-05,1.6553173392460284e-05,0.003066595619276389,0.0021745459858980775,3.889690404897117e-05,0.00022941631223918451,9.80378799317963e-05,0.0012792619076319777
591,591,591,591,979.7095702978881,2.4833592592393705e-05,1.6555728394929137e-05,0.0030667271199517412,0.0021746431103541455,3.8881492663594974e-05,0.00022940314854398553,9.809005038198537e-05,0.0012792016104431463
592,592,592,591,979.7095702978881,2.4833592592393705e-05,1.6555728394929137e-05,0.0030667271199517412,0.0021746431103541455,3.8881492663594974e-05,0.00022940314854398553,9.809005038198537e-05,0.0012792016104431463
593,593,593,593,979.709545414682,2.4814017762719853e-05,1.6542678508479902e-05,0.0030666323688638155,0.002174561804238738,3.889172764135612e-05,0.00022941418858722726,9.804066979934162e-05,0.0012791866101760515
594,594,594,593,979.709545414682,2.4814017762719853e-05,1.6542678508479902e-05,0.0030666323688638155,0.002174561804238738,3.889172764135612e-05,0.00022941418858722726,9.804066979934162e-05,0.0012791866101760515
595,595,595,595,979.7095355444766,2.4822013320574543e-05,1.6548008880383026e-05,0.0030667659564204883,0.00217466126210182,3.8876366798987205e-05,0.00022940100798934438,9.809311829363926e-05,0.001279126048074078
596,596,596,595,979.7095355444766,2.4822013320574543e-05,1.6548008880383026e-05,0.0030667659564204883,0.00217466126210182,3.8876366798987205e-05,0.00022940100798934438,9.809311829363926e-05,0.001279126048074078
597,597,597,597,979.7095107317944,2.4804700147429415e-05,1.6536466764952944e-05,0.0030666641004800936,0.0021745769533263494,3.888669423878638e-05,0.0002294122856955357,9.804368778659756e-05,0.0012791107579224977
598,598,598,597,979.7095107317944,2.4804700147429415e-05,1.6536466764952944e-05,0.0030666641004800936,0.0021745769533263494,3.888669423878638e-05,0.0002294122856955357,9.804368778659756e-05,0.0012791107579224977
599,599,599,599,979.7095011308156,2.4810466555419408e-05,1.6540311036946274e-05,0.0030668038213349977,0.0021746810701637432,3.8871299278021854e-05,0.00022939941561384158,9.809615929658871e-05,0.0012790502902945756
