sequence_index,iteration,nf,incumbent_index,incumbent_full_objective,mean_gate_entanglement_infidelity_to_truth,mean_gate_average_infidelity_to_truth,mean_spam_vector_l2_error_to_truth,mean_spam_tracedist_to_truth,mean_gate_eigenvalue_nonunitarity_excess_to_truth,mean_gate_eigenvalue_diamondnorm_to_truth,mean_gate_eigenvalue_nonunitary_diamondnorm_to_truth,mean_gate_diamond_distance_to_truth
0,0,0,0,13795.395916823181,0.00227342297002206,0.00151561531334804,0.00697710335423951,0.004937894532976495,-0.003850330725303469,0.008134373632380773,0.004513942584111835,0.015113464757287046
1,1,1,1,6685.047316607945,0.03787018556617475,0.02524679037744983,0.04749377318768331,0.029088518877605128,0.055697052208604235,0.0670958086928799,0.06645210058620778,0.12296242358975407
2,2,2,1,6685.047316607945,0.03787018556617475,0.02524679037744983,0.04749377318768331,0.029088518877605128,0.055697052208604235,0.0670958086928799,0.06645210058620778,0.12296242358975407
3,3,3,3,4337.182492476686,0.009362849758505404,0.006241899839003602,0.09619340218454853,0.0719797786174047,0.005877873842283478,0.033654916663127026,0.014229375868598675,0.06992411510944543
4,4,4,3,4337.182492476686,0.009362849758505404,0.006241899839003602,0.09619340218454853,0.0719797786174047,0.005877873842283478,0.033654916663127026,0.014229375868598675,0.06992411510944543
5,5,5,3,4337.182492476686,0.009362849758505404,0.006241899839003602,0.09619340218454853,0.0719797786174047,0.005877873842283478,0.033654916663127026,0.014229375868598675,0.06992411510944543
6,6,6,6,4151.242866034234,0.009478076760781662,0.006318717840521107,0.0520749169615711,0.04136710100827433,0.014652752113162769,0.02743000222678567,0.018312707906331653,0.0505800340262311
7,7,7,6,4151.242866034234,0.009478076760781662,0.006318717840521107,0.0520749169615711,0.04136710100827433,0.014652752113162769,0.02743000222678567,0.018312707906331653,0.0505800340262311
8,8,8,8,2305.5603949598253,0.003946445787906233,0.0026309638586041557,0.020633473765891062,0.018190542424330342,0.005602391668317067,0.013490963420137577,0.008362561267779137,0.03668871064357872
9,9,9,8,2305.5603949598253,0.003946445787906233,0.0026309638586041557,0.020633473765891062,0.018190542424330342,0.005602391668317067,0.013490963420137577,0.008362561267779137,0.03668871064357872
10,10,10,8,2305.5603949598253,0.003946445787906233,0.0026309638586041557,0.020633473765891062,0.018190542424330342,0.005602391668317067,0.013490963420137577,0.008362561267779137,0.03668871064357872
11,11,11,11,2065.405773196014,0.002527417571787205,0.0016849450478581365,0.012599927322014662,0.00886246719849073,0.004465753865552383,0.009371908532753482,0.0060943615187604785,0.017778386717167263
12,12,12,11,2065.405773196014,0.002527417571787205,0.0016849450478581365,0.012599927322014662,0.00886246719849073,0.004465753865552383,0.009371908532753482,0.0060943615187604785,0.017778386717167263
13,13,13,13,1392.0816214936258,0.0013028230726674916,0.0008685487151116611,0.008792697486278348,0.00638547345992801,0.002991171186061632,0.004714580884400658,0.004012290042878411,0.00904198004093918
14,14,14,13,1392.0816214936258,0.0013028230726674916,0.0008685487151116611,0.008792697486278348,0.00638547345992801,0.002991171186061632,0.004714580884400658,0.004012290042878411,0.00904198004093918
15,15,15,15,1201.9518060767443,0.000837486507045182,0.0005583243380301214,0.006489643920478302,0.004228019293900549,0.0017371233081604834,0.0034914590932473557,0.002320151294883749,0.007305356992344202
16,16,16,15,1327.4559082942353,0.000837486507045182,0.0005583243380301214,0.006489643920478302,0.004228019293900549,0.0017371233081604834,0.0034914590932473557,0.002320151294883749,0.007305356992344202
17,17,17,17,1301.8673239914028,0.0006802307622733317,0.00045348717484888784,0.007526274947276254,0.005070920223815062,0.0011407484601827639,0.001654856091344469,0.0015459175448045148,0.0047688034932061845
18,18,18,17,1301.8673239914028,0.0006802307622733317,0.00045348717484888784,0.007526274947276254,0.005070920223815062,0.0011407484601827639,0.001654856091344469,0.0015459175448045148,0.0047688034932061845
19,19,19,19,1119.874719448252,0.00046245851552817463,0.0003083056770187831,0.006225910573006872,0.0038336823431617036,0.001070353551431126,0.001223875056142122,0.0012216649614489386,0.003675395619635299
20,20,20,19,1119.874719448252,0.00046245851552817463,0.0003083056770187831,0.006225910573006872,0.0038336823431617036,0.001070353551431126,0.001223875056142122,0.0012216649614489386,0.003675395619635299
21,21,21,19,1159.33449543344,0.00046245851552817463,0.0003083056770187831,0.006225910573006872,0.0038336823431617036,0.001070353551431126,0.001223875056142122,0.0012216649614489386,0.003675395619635299
22,22,22,22,1062.6858221177902,0.0004774033671806899,0.00031826891145379327,0.005161389310695904,0.0031757144126917615,0.000497807481240814,0.0006931381774372304,0.0006422480775322634,0.0031364072198962404
23,23,23,22,1062.6858221177902,0.0004774033671806899,0.00031826891145379327,0.005161389310695904,0.0031757144126917615,0.000497807481240814,0.0006931381774372304,0.0006422480775322634,0.0031364072198962404
24,24,24,24,1018.0027961662385,0.0004230038390410362,0.0002820025593606908,0.005991107052208015,0.00402597518037925,0.0003984821696579599,0.0005078779553567112,0.0004909929696645388,0.002743322696565853
25,25,25,24,1018.0027961662385,0.0004230038390410362,0.0002820025593606908,0.005991107052208015,0.00402597518037925,0.0003984821696579599,0.0005078779553567112,0.0004909929696645388,0.002743322696565853
26,26,26,26,985.8887492174338,0.0002887604456662807,0.00019250696377752047,0.005402274689338589,0.00336391711538979,0.00029694454744778886,0.0004451784936770927,0.00040093826830796264,0.002108991761420672
27,27,27,26,985.8887492174338,0.0002887604456662807,0.00019250696377752047,0.005402274689338589,0.00336391711538979,0.00029694454744778886,0.0004451784936770927,0.00040093826830796264,0.002108991761420672
28,28,28,28,970.391678849807,0.000288976838914462,0.00019265122594297468,0.005184426168738252,0.0030627329040216777,0.00011244382583269069,0.00037146547468127884,0.0003054371344604623,0.0020849509636059506
29,29,29,28,970.391678849807,0.000288976838914462,0.00019265122594297468,0.005184426168738252,0.0030627329040216777,0.00011244382583269069,0.00037146547468127884,0.0003054371344604623,0.0020849509636059506
30,30,30,28,970.391678849807,0.000288976838914462,0.00019265122594297468,0.005184426168738252,0.0030627329040216777,0.00011244382583269069,0.00037146547468127884,0.0003054371344604623,0.0020849509636059506
31,31,31,31,947.9411456550804,0.0001413340534415497,9.422270229436647e-05,0.004326173969604813,0.00246322879911934,6.969872138964939e-05,0.00037446718774462255,0.0002595190861323718,0.001933264196834564
32,32,32,31,947.9411456550804,0.0001413340534415497,9.422270229436647e-05,0.004326173969604813,0.00246322879911934,6.969872138964939e-05,0.00037446718774462255,0.0002595190861323718,0.001933264196834564
33,33,33,33,937.7760668715841,0.00013205611095981618,8.803740730654411e-05,0.004417423877348816,0.0025712216435181774,2.5300548463363937e-05,0.0003642028242718149,0.00022688226350480595,0.0019501463358318565
34,34,34,33,937.7760668715841,0.00013205611095981618,8.803740730654411e-05,0.004417423877348816,0.0025712216435181774,2.5300548463363937e-05,0.0003642028242718149,0.00022688226350480595,0.0019501463358318565
35,35,35,33,937.7760668715841,0.00013205611095981618,8.803740730654411e-05,0.004417423877348816,0.0025712216435181774,2.5300548463363937e-05,0.0003642028242718149,0.00022688226350480595,0.0019501463358318565
36,36,36,36,932.9163958866343,0.0001006601549037589,6.710676993583926e-05,0.004403051294715896,0.0024845493427684763,1.2088966726268857e-05,0.0003317849996292458,0.00016307575775622446,0.0017687725297038592
37,37,37,36,932.9163958866343,0.0001006601549037589,6.710676993583926e-05,0.004403051294715896,0.0024845493427684763,1.2088966726268857e-05,0.0003317849996292458,0.00016307575775622446,0.0017687725297038592
38,38,38,36,932.9163958866343,0.0001006601549037589,6.710676993583926e-05,0.004403051294715896,0.0024845493427684763,1.2088966726268857e-05,0.0003317849996292458,0.00016307575775622446,0.0017687725297038592
39,39,39,39,930.7824823047636,9.543400620404263e-05,6.362267080269508e-05,0.004335487700915097,0.0024254100112387385,-1.9437144298667386e-05,0.00033336159441031986,0.00015292601898583835,0.0017498069664437109
40,40,40,39,930.7824823047636,9.543400620404263e-05,6.362267080269508e-05,0.004335487700915097,0.0024254100112387385,-1.9437144298667386e-05,0.00033336159441031986,0.00015292601898583835,0.0017498069664437109
41,41,41,41,934.2041008994436,8.848421585172517e-05,5.898947723448345e-05,0.00501267628990052,0.002790427135490378,-1.591881640470444e-05,0.00023657782805129894,0.00010244363868210093,0.0017227983510955162
42,42,42,41,934.2041008994436,8.848421585172517e-05,5.898947723448345e-05,0.00501267628990052,0.002790427135490378,-1.591881640470444e-05,0.00023657782805129894,0.00010244363868210093,0.0017227983510955162
43,43,43,43,933.9731479854001,7.829456063673801e-05,5.219637375782534e-05,0.004889396769297296,0.002701598814856204,-2.421182665469923e-05,0.0002443798565111567,0.00010363703270391267,0.0016852977857781683
44,44,44,43,933.9731479854001,7.829456063673801e-05,5.219637375782534e-05,0.004889396769297296,0.002701598814856204,-2.421182665469923e-05,0.0002443798565111567,0.00010363703270391267,0.0016852977857781683
45,45,45,43,933.9731479854001,7.829456063673801e-05,5.219637375782534e-05,0.004889396769297296,0.002701598814856204,-2.421182665469923e-05,0.0002443798565111567,0.00010363703270391267,0.0016852977857781683
46,46,46,46,928.2886085181566,8.554689737186316e-05,5.703126491457544e-05,0.005055854842758159,0.0029949135564127025,-3.924123902723092e-05,0.00019235538966002382,9.935497477271682e-05,0.001486849858571877
47,47,47,46,928.2886085181566,8.554689737186316e-05,5.703126491457544e-05,0.005055854842758159,0.0029949135564127025,-3.924123902723092e-05,0.00019235538966002382,9.935497477271682e-05,0.001486849858571877
48,48,48,48,928.1325399351051,9.772716251343905e-05,6.515144167562603e-05,0.0050802830958586905,0.0029804536003606246,-3.7134248624330624e-05,0.00018664360028889504,9.475930682839584e-05,0.0015495858556792736
49,49,49,48,928.1325399351051,9.772716251343905e-05,6.515144167562603e-05,0.0050802830958586905,0.0029804536003606246,-3.7134248624330624e-05,0.00018664360028889504,9.475930682839584e-05,0.0015495858556792736
50,50,50,50,928.0263747921792,0.00010335351434620499,6.890234289746999e-05,0.005147139961254235,0.0030363092319939757,-3.971281922716258e-05,0.00018724130355428546,9.489103265118704e-05,0.001585228684245713
51,51,51,51,926.4258580770121,9.018715166847491e-05,6.0124767778983276e-05,0.004912576279030201,0.0031080116616612734,-3.6096690440357015e-05,0.00015850205405233794,0.00012124833743897695,0.0011851332558085895
52,52,52,51,926.4258580770121,9.018715166847491e-05,6.0124767778983276e-05,0.004912576279030201,0.0031080116616612734,-3.6096690440357015e-05,0.00015850205405233794,0.00012124833743897695,0.0011851332558085895
53,53,53,53,926.0805921248677,8.7830638466041e-05,5.855375897736066e-05,0.00489451276672269,0.0031053572799241425,-4.0954575657344006e-05,0.00015557199979134432,0.00011449732418369885,0.0011470957375279414
54,54,54,53,926.0805921248677,8.7830638466041e-05,5.855375897736066e-05,0.00489451276672269,0.0031053572799241425,-4.0954575657344006e-05,0.00015557199979134432,0.00011449732418369885,0.0011470957375279414
55,55,55,53,926.0805921248677,8.7830638466041e-05,5.855375897736066e-05,0.00489451276672269,0.0031053572799241425,-4.0954575657344006e-05,0.00015557199979134432,0.00011449732418369885,0.0011470957375279414
56,56,56,56,928.0469479445997,8.039209524279833e-05,5.3594730161865556e-05,0.004940633780819637,0.003167340362168331,-3.324328254170755e-05,0.00021494316072379654,0.0001668286199364502,0.0012056869193667753
57,57,57,56,928.0469479445997,8.039209524279833e-05,5.3594730161865556e-05,0.004940633780819637,0.003167340362168331,-3.324328254170755e-05,0.00021494316072379654,0.0001668286199364502,0.0012056869193667753
58,58,58,58,927.7610162636081,7.690083270037174e-05,5.126722180024783e-05,0.004889474403822156,0.00312623084335184,-2.4306439925687873e-05,0.00021998340467177638,0.0001729542455157912,0.0011937871787630163
59,59,59,58,927.7610162636081,7.690083270037174e-05,5.126722180024783e-05,0.004889474403822156,0.00312623084335184,-2.4306439925687873e-05,0.00021998340467177638,0.0001729542455157912,0.0011937871787630163
60,60,60,60,927.682519680197,7.449171112894337e-05,4.966114075262891e-05,0.004901806621193789,0.003144874574704808,-2.4714337348005766e-05,0.0002214325636186936,0.0001734779081714044,0.001197858966842955
61,61,61,61,934.6869988238403,7.165428601554891e-05,4.776952401036594e-05,0.005458324522256434,0.0037957674340372703,-9.612500654954115e-06,0.0001937056439800125,0.00014812999598603355,0.0012947427408320936
62,62,62,61,934.6869988238403,7.165428601554891e-05,4.776952401036594e-05,0.005458324522256434,0.0037957674340372703,-9.612500654954115e-06,0.0001937056439800125,0.00014812999598603355,0.0012947427408320936
63,63,63,63,934.5076700827346,7.186218415738965e-05,4.79081227715931e-05,0.005467715505582051,0.0038075817941445995,-1.9430544971832386e-05,0.0001921550774381432,0.00014872142409189798,0.0012949904872574486
64,64,64,63,934.5076700827346,7.186218415738965e-05,4.79081227715931e-05,0.005467715505582051,0.0038075817941445995,-1.9430544971832386e-05,0.0001921550774381432,0.00014872142409189798,0.0012949904872574486
65,65,65,63,934.5076700827346,7.186218415738965e-05,4.79081227715931e-05,0.005467715505582051,0.0038075817941445995,-1.9430544971832386e-05,0.0001921550774381432,0.00014872142409189798,0.0012949904872574486
66,66,66,66,935.5558134224628,7.187391632665352e-05,4.791594421776901e-05,0.0049892788752000155,0.0033585739962162936,-4.36751541497693e-05,0.00019245804058724535,0.00014556258964494584,0.0012753860603690213
67,67,67,66,935.5558134224628,7.187391632665352e-05,4.791594421776901e-05,0.0049892788752000155,0.0033585739962162936,-4.36751541497693e-05,0.00019245804058724535,0.00014556258964494584,0.0012753860603690213
68,68,68,68,935.4953145062597,7.597041621140721e-05,5.0646944140938136e-05,0.005054690765798022,0.003391005575097406,-3.938277300295778e-05,0.00019426721167716703,0.00015359495101306686,0.0012833293928552255
69,69,69,68,935.4953145062597,7.597041621140721e-05,5.0646944140938136e-05,0.005054690765798022,0.003391005575097406,-3.938277300295778e-05,0.00019426721167716703,0.00015359495101306686,0.0012833293928552255
70,70,70,70,935.275575300216,7.53848045061678e-05,5.02565363374452e-05,0.0050763986388740025,0.0034079845043046104,-3.6086072502515554e-05,0.00019183530623900736,0.00014775761783369923,0.001273121616733086
71,71,71,71,935.1910166041171,7.349727232042191e-05,4.899818154694795e-05,0.004435760722347013,0.0029981906045330672,9.849778468143389e-06,0.00014126239263385928,0.0001371226138247167,0.001129320247171588
72,72,72,71,935.1910166041171,7.349727232042191e-05,4.899818154694795e-05,0.004435760722347013,0.0029981906045330672,9.849778468143389e-06,0.00014126239263385928,0.0001371226138247167,0.001129320247171588
73,73,73,71,935.1910166041171,7.349727232042191e-05,4.899818154694795e-05,0.004435760722347013,0.0029981906045330672,9.849778468143389e-06,0.00014126239263385928,0.0001371226138247167,0.001129320247171588
74,74,74,74,934.6020733376218,7.177505781016946e-05,4.785003854011297e-05,0.004382667171524669,0.0029577303568303352,4.567062052790449e-06,0.0001383323287551079,0.00013015841609057693,0.0011213245308365186
75,75,75,74,934.6020733376218,7.177505781016946e-05,4.785003854011297e-05,0.004382667171524669,0.0029577303568303352,4.567062052790449e-06,0.0001383323287551079,0.00013015841609057693,0.0011213245308365186
76,76,76,76,935.5241873097309,6.878622428399539e-05,4.5857482855996924e-05,0.003959469598534921,0.0027361021100702383,8.354584056756431e-06,0.00014732134289932542,7.749941938453575e-05,0.0011887870063191075
77,77,77,76,935.5241873097309,6.878622428399539e-05,4.5857482855996924e-05,0.003959469598534921,0.0027361021100702383,8.354584056756431e-06,0.00014732134289932542,7.749941938453575e-05,0.0011887870063191075
78,78,78,78,935.4538059154436,7.040332196889265e-05,4.693554797926176e-05,0.003913683965116588,0.0027024720214947357,1.160810950616431e-05,0.00014807954635589988,7.861034101649261e-05,0.0011794651623401493
79,79,79,78,935.4538059154436,7.040332196889265e-05,4.693554797926176e-05,0.003913683965116588,0.0027024720214947357,1.160810950616431e-05,0.00014807954635589988,7.861034101649261e-05,0.0011794651623401493
80,80,80,80,935.4099098602978,6.883580271660472e-05,4.589053514440315e-05,0.003909799441081916,0.0027143565128418053,1.2600723764494282e-05,0.00014810198259084735,7.805437837279938e-05,0.0011686500064511643
81,81,81,80,939.1821397897843,6.883580271660472e-05,4.589053514440315e-05,0.003909799441081916,0.0027143565128418053,1.2600723764494282e-05,0.00014810198259084735,7.805437837279938e-05,0.0011686500064511643
82,82,82,82,938.2493275773107,6.423393285026613e-05,4.2822621900177424e-05,0.0031152400494879203,0.0020038038056783,1.9541858751692676e-05,0.0001409418410803828,6.884771825560465e-05,0.0011874911471098093
83,83,83,82,938.2493275773107,6.423393285026613e-05,4.2822621900177424e-05,0.0031152400494879203,0.0020038038056783,1.9541858751692676e-05,0.0001409418410803828,6.884771825560465e-05,0.0011874911471098093
84,84,84,84,938.1076087686602,6.006443042982923e-05,4.0042953619886155e-05,0.0030862847011050103,0.002010234514192031,1.5866947360727857e-05,0.00013861775527974752,6.657683082294391e-05,0.0011698701077126673
85,85,85,84,938.1076087686602,6.006443042982923e-05,4.0042953619886155e-05,0.0030862847011050103,0.002010234514192031,1.5866947360727857e-05,0.00013861775527974752,6.657683082294391e-05,0.0011698701077126673
86,86,86,86,933.2101390417058,5.5687867345888264e-05,3.712524489725884e-05,0.0030374700202433994,0.0021240013909405867,2.611054387569034e-05,0.0001873302185406312,5.3762881731783674e-05,0.0011725070455041245
87,87,87,86,933.2101390417058,5.5687867345888264e-05,3.712524489725884e-05,0.0030374700202433994,0.0021240013909405867,2.611054387569034e-05,0.0001873302185406312,5.3762881731783674e-05,0.0011725070455041245
88,88,88,88,933.1116198424847,5.1882824673665784e-05,3.4588549782443856e-05,0.0029824160353934316,0.0021000329918474964,2.437949685136359e-05,0.0001873496469935943,5.154439894330953e-05,0.0011498427063457361
89,89,89,88,933.1116198424847,5.1882824673665784e-05,3.4588549782443856e-05,0.0029824160353934316,0.0021000329918474964,2.437949685136359e-05,0.0001873496469935943,5.154439894330953e-05,0.0011498427063457361
90,90,90,90,933.0633501723423,4.9537657369258525e-05,3.302510491283902e-05,0.0029682159278038183,0.002081650194373828,2.4949738624435724e-05,0.0001878095995989171,5.3422702564968894e-05,0.0011361210724384714
91,91,91,90,937.6800818035093,4.9537657369258525e-05,3.302510491283902e-05,0.0029682159278038183,0.002081650194373828,2.4949738624435724e-05,0.0001878095995989171,5.3422702564968894e-05,0.0011361210724384714
92,92,92,92,937.0438657179652,4.594201417326693e-05,3.0628009448844626e-05,0.0034464299629373904,0.0024583189791243833,7.357490087282759e-06,0.00017518175092294343,4.6487467294215046e-05,0.001170331359862204
93,93,93,92,937.0438657179652,4.594201417326693e-05,3.0628009448844626e-05,0.0034464299629373904,0.0024583189791243833,7.357490087282759e-06,0.00017518175092294343,4.6487467294215046e-05,0.001170331359862204
94,94,94,94,936.8760641504934,4.412841018003322e-05,2.9418940120022146e-05,0.003422524998299354,0.0024323422227137876,3.0866755089190012e-06,0.0001750223120494278,4.763475577058279e-05,0.001163936283697509
95,95,95,94,936.8760641504934,4.412841018003322e-05,2.9418940120022146e-05,0.003422524998299354,0.0024323422227137876,3.0866755089190012e-06,0.0001750223120494278,4.763475577058279e-05,0.001163936283697509
96,96,96,96,940.717362635666,3.755843258634872e-05,2.5038955057565815e-05,0.002862394184084127,0.0021737396319407368,1.6793717569699163e-06,0.00015454937764315148,6.967500670093663e-05,0.0010614923866996645
97,97,97,96,940.717362635666,3.755843258634872e-05,2.5038955057565815e-05,0.002862394184084127,0.0021737396319407368,1.6793717569699163e-06,0.00015454937764315148,6.967500670093663e-05,0.0010614923866996645
98,98,98,98,940.5883701913145,3.556677494415128e-05,2.3711183296100856e-05,0.0028755369429379007,0.0021768951716418586,2.792827143945076e-06,0.00015482749490297075,6.986146311276781e-05,0.0010479037823163246
99,99,99,98,940.5883701913145,3.556677494415128e-05,2.3711183296100856e-05,0.0028755369429379007,0.0021768951716418586,2.792827143945076e-06,0.00015482749490297075,6.986146311276781e-05,0.0010479037823163246
100,100,100,100,940.4159065866206,3.382566521759056e-05,2.255044347839371e-05,0.002884464684322989,0.002188427606398909,5.52232802213809e-06,0.00015393329289857134,6.904716095493951e-05,0.0010399774466056339
101,101,101,100,941.2313539494685,3.382566521759056e-05,2.255044347839371e-05,0.002884464684322989,0.002188427606398909,5.52232802213809e-06,0.00015393329289857134,6.904716095493951e-05,0.0010399774466056339
102,102,102,102,940.6941709903563,3.3893328164752434e-05,2.2595552109834955e-05,0.003436778204625615,0.002528425642543134,-8.762617664512251e-06,0.0001708463759373282,9.262307362335742e-05,0.0010037988584710848
103,103,103,102,940.6941709903563,3.3893328164752434e-05,2.2595552109834955e-05,0.003436778204625615,0.002528425642543134,-8.762617664512251e-06,0.0001708463759373282,9.262307362335742e-05,0.0010037988584710848
104,104,104,104,940.6359888834872,3.3773674490450434e-05,2.251578299363362e-05,0.003449197187631711,0.0025463180560834574,-7.023088929289378e-06,0.00017034667251260974,9.100694412435967e-05,0.0010056869428904016
105,105,105,104,940.6359888834872,3.3773674490450434e-05,2.251578299363362e-05,0.003449197187631711,0.0025463180560834574,-7.023088929289378e-06,0.00017034667251260974,9.100694412435967e-05,0.0010056869428904016
106,106,106,106,942.3849260892939,3.39284647436211e-05,2.26189764957474e-05,0.003230655700449576,0.0024386091015062205,1.5352782123279063e-05,0.00016665007350493934,5.3985511007610676e-05,0.0009977675470440284
107,107,107,106,942.3849260892939,3.39284647436211e-05,2.26189764957474e-05,0.003230655700449576,0.0024386091015062205,1.5352782123279063e-05,0.00016665007350493934,5.3985511007610676e-05,0.0009977675470440284
108,108,108,108,942.3263637364223,3.319475900254165e-05,2.2129839335027768e-05,0.0032606670708708297,0.00246169468446137,1.2856051342345631e-05,0.0001686113226023342,5.789157382470045e-05,0.0009961887552286384
109,109,109,108,942.3263637364223,3.319475900254165e-05,2.2129839335027768e-05,0.0032606670708708297,0.00246169468446137,1.2856051342345631e-05,0.0001686113226023342,5.789157382470045e-05,0.0009961887552286384
110,110,110,110,942.2573852753417,3.2454234674766935e-05,2.1636156449844623e-05,0.0032393199366982646,0.0024475595311310413,1.3132017208629387e-05,0.0001666690706072011,5.5284079516979e-05,0.0009964625096661713
111,111,111,110,942.689837847633,3.2454234674766935e-05,2.1636156449844623e-05,0.0032393199366982646,0.0024475595311310413,1.3132017208629387e-05,0.0001666690706072011,5.5284079516979e-05,0.0009964625096661713
112,112,112,112,941.8616894262949,3.143103729227881e-05,2.0954024861519205e-05,0.002520842790092351,0.0018264105333964018,2.977679115408194e-05,0.00017000339649873825,4.606035465210684e-05,0.0009510340383228464
113,113,113,112,941.8616894262949,3.143103729227881e-05,2.0954024861519205e-05,0.002520842790092351,0.0018264105333964018,2.977679115408194e-05,0.00017000339649873825,4.606035465210684e-05,0.0009510340383228464
114,114,114,114,941.7818063797847,3.069618651285744e-05,2.0464124341904956e-05,0.002508429761427592,0.00181679203315494,3.132751232676201e-05,0.00017026568186689634,4.8490914351655146e-05,0.0009466545834976914
115,115,115,114,941.7818063797847,3.069618651285744e-05,2.0464124341904956e-05,0.002508429761427592,0.00181679203315494,3.132751232676201e-05,0.00017026568186689634,4.8490914351655146e-05,0.0009466545834976914
116,116,116,116,945.9378783527968,3.1456061747620057e-05,2.0970707831746704e-05,0.002779548427242698,0.0018984337842307619,2.229802900072242e-05,0.00013339454494042487,4.230637327008735e-05,0.0009025923738483533
117,117,117,116,945.9378783527968,3.1456061747620057e-05,2.0970707831746704e-05,0.002779548427242698,0.0018984337842307619,2.229802900072242e-05,0.00013339454494042487,4.230637327008735e-05,0.0009025923738483533
118,118,118,118,945.8850319325581,3.104044265470063e-05,2.0693628436467087e-05,0.0027614688018409877,0.0018813994499035035,1.970125857963384e-05,0.00013167790692046054,3.902817193074393e-05,0.0009026026119340628
119,119,119,118,945.8850319325581,3.104044265470063e-05,2.0693628436467087e-05,0.0027614688018409877,0.0018813994499035035,1.970125857963384e-05,0.00013167790692046054,3.902817193074393e-05,0.0009026026119340628
120,120,120,120,945.7522433055058,2.9474872035417654e-05,1.9649914690278436e-05,0.0027595294239580654,0.0018848503851198364,1.6754574268057487e-05,0.00013085377478982667,3.6100205530180396e-05,0.0008824347294849283
121,121,121,120,944.4622238145091,2.9474872035417654e-05,1.9649914690278436e-05,0.0027595294239580654,0.0018848503851198364,1.6754574268057487e-05,0.00013085377478982667,3.6100205530180396e-05,0.0008824347294849283
122,122,122,122,943.7067713615056,2.7776768982301636e-05,1.851784598820109e-05,0.0031160996606538634,0.0020037895657815264,2.4546502383829272e-05,0.0001312304683951156,5.290585863023528e-05,0.0008636906097834325
123,123,123,122,943.7067713615056,2.7776768982301636e-05,1.851784598820109e-05,0.0031160996606538634,0.0020037895657815264,2.4546502383829272e-05,0.0001312304683951156,5.290585863023528e-05,0.0008636906097834325
124,124,124,124,943.5572242764506,2.622748216590809e-05,1.7484988110605393e-05,0.0031500370751000183,0.002018103252532199,2.4187944357725866e-05,0.00013126987765827534,5.233695690506912e-05,0.0008402281928678318
125,125,125,124,943.5572242764506,2.622748216590809e-05,1.7484988110605393e-05,0.0031500370751000183,0.002018103252532199,2.4187944357725866e-05,0.00013126987765827534,5.233695690506912e-05,0.0008402281928678318
126,126,126,126,941.8426332524969,2.5916221896987723e-05,1.7277481264658483e-05,0.0032228290197518755,0.002112451993591207,1.551652424842953e-05,0.00011957115469214661,4.2772850264390094e-05,0.0008648451742206926
127,127,127,126,941.8426332524969,2.5916221896987723e-05,1.7277481264658483e-05,0.0032228290197518755,0.002112451993591207,1.551652424842953e-05,0.00011957115469214661,4.2772850264390094e-05,0.0008648451742206926
128,128,128,128,941.6732732403434,2.5850085370870968e-05,1.723339024724731e-05,0.003203122105190618,0.0020921750998085064,1.134636929728261e-05,0.00012009642911428524,4.318391934903659e-05,0.0008666478751807082
129,129,129,128,941.6732732403434,2.5850085370870968e-05,1.723339024724731e-05,0.003203122105190618,0.0020921750998085064,1.134636929728261e-05,0.00012009642911428524,4.318391934903659e-05,0.0008666478751807082
130,130,130,128,941.6732732403434,2.5850085370870968e-05,1.723339024724731e-05,0.003203122105190618,0.0020921750998085064,1.134636929728261e-05,0.00012009642911428524,4.318391934903659e-05,0.0008666478751807082
131,131,131,131,947.0841687339891,2.164883417607455e-05,1.4432556117383033e-05,0.004180652792658643,0.0028290957926603495,2.332517958243685e-05,0.00010376253886394189,5.096381692588914e-05,0.000761741495221166
132,132,132,132,946.3537335860731,1.8381513856025045e-05,1.2254342570683363e-05,0.004805637735786111,0.0033274466249414237,2.5630103608786925e-05,0.00010823485158126957,5.6335876417595854e-05,0.0007076952183579022
133,133,133,132,946.3537335860731,1.8381513856025045e-05,1.2254342570683363e-05,0.004805637735786111,0.0033274466249414237,2.5630103608786925e-05,0.00010823485158126957,5.6335876417595854e-05,0.0007076952183579022
134,134,134,134,946.1152936997341,1.663854563044298e-05,1.1092363753628655e-05,0.0049146627591498465,0.003421854211199337,2.6724543174573567e-05,0.00010927035888933446,5.6420864868289566e-05,0.0006759095321515278
135,135,135,134,946.1152936997341,1.663854563044298e-05,1.1092363753628655e-05,0.0049146627591498465,0.003421854211199337,2.6724543174573567e-05,0.00010927035888933446,5.6420864868289566e-05,0.0006759095321515278
136,136,136,136,946.7051388444305,1.662118621334474e-05,1.1080790808896493e-05,0.004621471326135217,0.0030451572442323216,2.8055932717582777e-05,9.06627664079864e-05,5.254092816347339e-05,0.0006489007556226209
137,137,137,136,946.7051388444305,1.662118621334474e-05,1.1080790808896493e-05,0.004621471326135217,0.0030451572442323216,2.8055932717582777e-05,9.06627664079864e-05,5.254092816347339e-05,0.0006489007556226209
138,138,138,138,946.5764166069905,1.7845764387514063e-05,1.1897176258342707e-05,0.004605018655194169,0.0030238981117089257,2.949483392020863e-05,8.986941890000538e-05,5.175416242918229e-05,0.0006605719601833771
139,139,139,138,946.5764166069905,1.7845764387514063e-05,1.1897176258342707e-05,0.004605018655194169,0.0030238981117089257,2.949483392020863e-05,8.986941890000538e-05,5.175416242918229e-05,0.0006605719601833771
140,140,140,140,946.4458443642583,1.8628807404746928e-05,1.241920493649795e-05,0.004620273019124571,0.003038151766145253,2.986561612217109e-05,9.03240874155928e-05,5.288031122951953e-05,0.0006671059006550365
141,141,141,140,947.6880039572817,1.8628807404746928e-05,1.241920493649795e-05,0.004620273019124571,0.003038151766145253,2.986561612217109e-05,9.03240874155928e-05,5.288031122951953e-05,0.0006671059006550365
142,142,142,142,947.02257028876,1.7910207808280454e-05,1.1940138538853636e-05,0.00411956694408122,0.002757318788702414,2.5206534410800174e-05,0.0001272462649193121,5.0994229040736416e-05,0.0007191908865600941
143,143,143,142,947.02257028876,1.7910207808280454e-05,1.1940138538853636e-05,0.00411956694408122,0.002757318788702414,2.5206534410800174e-05,0.0001272462649193121,5.0994229040736416e-05,0.0007191908865600941
144,144,144,144,946.9390291149508,1.8407108713924814e-05,1.2271405809283209e-05,0.004135032043713853,0.0027741987435861417,2.617769431313005e-05,0.00012757268102184341,5.1120126504523855e-05,0.0007250692976716886
145,145,145,144,946.9390291149508,1.8407108713924814e-05,1.2271405809283209e-05,0.004135032043713853,0.0027741987435861417,2.617769431313005e-05,0.00012757268102184341,5.1120126504523855e-05,0.0007250692976716886
146,146,146,146,946.0781325081009,1.6485900146190335e-05,1.0990600097460225e-05,0.004396423682146443,0.002862663427482709,2.8751547271978206e-05,0.00013245276562174338,5.213326356722642e-05,0.0006989077622074606
147,147,147,146,946.0781325081009,1.6485900146190335e-05,1.0990600097460225e-05,0.004396423682146443,0.002862663427482709,2.8751547271978206e-05,0.00013245276562174338,5.213326356722642e-05,0.0006989077622074606
148,148,148,148,945.9856622820482,1.7338498607244457e-05,1.1558999071496304e-05,0.004407409747711118,0.002863601090132322,2.899450414649285e-05,0.00013169391166023523,5.162556403837115e-05,0.0007065983966894128
149,149,149,148,945.9856622820482,1.7338498607244457e-05,1.1558999071496304e-05,0.004407409747711118,0.002863601090132322,2.899450414649285e-05,0.00013169391166023523,5.162556403837115e-05,0.0007065983966894128
150,150,150,150,945.9069778822463,1.9324806537351913e-05,1.288320435823461e-05,0.004402376241994375,0.002866637034987821,2.8539604423519216e-05,0.00013155808104548848,5.197183984575332e-05,0.000724705546724845
151,151,151,150,946.1680617800573,1.9324806537351913e-05,1.288320435823461e-05,0.004402376241994375,0.002866637034987821,2.8539604423519216e-05,0.00013155808104548848,5.197183984575332e-05,0.000724705546724845
152,152,152,152,945.5364400651281,2.0852595393416884e-05,1.3901730262277924e-05,0.004165339723696478,0.0027298075323415045,1.4600776946711858e-05,0.00014051051826706917,5.4540517105003405e-05,0.000745360662036512
153,153,153,152,945.5364400651281,2.0852595393416884e-05,1.3901730262277924e-05,0.004165339723696478,0.0027298075323415045,1.4600776946711858e-05,0.00014051051826706917,5.4540517105003405e-05,0.000745360662036512
154,154,154,154,945.3980458398115,2.2766711692184805e-05,1.5177807794789869e-05,0.004162525397558948,0.0027338277538318163,1.352892531561456e-05,0.00013997581752789963,5.3404011028337917e-05,0.0007667666493389696
155,155,155,154,945.3980458398115,2.2766711692184805e-05,1.5177807794789869e-05,0.004162525397558948,0.0027338277538318163,1.352892531561456e-05,0.00013997581752789963,5.3404011028337917e-05,0.0007667666493389696
156,156,156,156,945.1154337981278,2.4482617897392256e-05,1.632174526492817e-05,0.0036986507186103587,0.0025314184534459714,2.225288316171775e-05,0.00012952497775681876,6.120110507021326e-05,0.000762848443699718
157,157,157,156,945.1154337981278,2.4482617897392256e-05,1.632174526492817e-05,0.0036986507186103587,0.0025314184534459714,2.225288316171775e-05,0.00012952497775681876,6.120110507021326e-05,0.000762848443699718
158,158,158,158,945.0534061765288,2.6775578617049822e-05,1.785038574469988e-05,0.003693369178948027,0.002536631101203608,2.076553961089661e-05,0.00012923246228370373,5.962377881156555e-05,0.0007836783115178741
159,159,159,158,945.0534061765288,2.6775578617049822e-05,1.785038574469988e-05,0.003693369178948027,0.002536631101203608,2.076553961089661e-05,0.00012923246228370373,5.962377881156555e-05,0.0007836783115178741
160,160,160,158,945.0534061765288,2.6775578617049822e-05,1.785038574469988e-05,0.003693369178948027,0.002536631101203608,2.076553961089661e-05,0.00012923246228370373,5.962377881156555e-05,0.0007836783115178741
161,161,161,161,948.2096497441291,2.6471385765530764e-05,1.764759051035384e-05,0.003523322064894585,0.002451829768550847,1.6382616441247555e-05,0.00011390512606675236,6.323103659391927e-05,0.0008351616252438598
162,162,162,162,947.8923215664861,3.1347307956286485e-05,2.0898205304190988e-05,0.003643671463331386,0.002522091575886652,1.1714908135271318e-05,0.00011983424779667164,6.877980694734026e-05,0.0008625345291090568
163,163,163,162,947.8923215664861,3.1347307956286485e-05,2.0898205304190988e-05,0.003643671463331386,0.002522091575886652,1.1714908135271318e-05,0.00011983424779667164,6.877980694734026e-05,0.0008625345291090568
164,164,164,164,947.7802729266107,3.4846826850981616e-05,2.323121790065441e-05,0.0035803207592992863,0.0024782228289042165,1.0154594653623283e-05,0.00012009192033367994,7.018562458480787e-05,0.0008844852147597392
165,165,165,164,947.7802729266107,3.4846826850981616e-05,2.323121790065441e-05,0.0035803207592992863,0.0024782228289042165,1.0154594653623283e-05,0.00012009192033367994,7.018562458480787e-05,0.0008844852147597392
166,166,166,166,948.1073155619347,3.619365828294585e-05,2.41291055219639e-05,0.0031302157375966877,0.002164650849394951,1.320382126466374e-05,0.00011310611720747533,7.301654332090429e-05,0.0009016008189695849
167,167,167,166,948.1073155619347,3.619365828294585e-05,2.41291055219639e-05,0.0031302157375966877,0.002164650849394951,1.320382126466374e-05,0.00011310611720747533,7.301654332090429e-05,0.0009016008189695849
168,168,168,168,947.977060180812,3.702505929717437e-05,2.4683372864782914e-05,0.003123865367971577,0.002156319140344337,1.3777553797875153e-05,0.00011282166618429036,7.339746304935169e-05,0.0009079656183678083
169,169,169,168,947.977060180812,3.702505929717437e-05,2.4683372864782914e-05,0.003123865367971577,0.002156319140344337,1.3777553797875153e-05,0.00011282166618429036,7.339746304935169e-05,0.0009079656183678083
170,170,170,170,947.9601693727002,3.823096720065311e-05,2.548731146710207e-05,0.0031156030042782516,0.002150405584918883,1.4799652298690125e-05,0.00011249079947204419,7.393566425824283e-05,0.0009152480672700749
171,171,171,171,945.4662579574108,4.4844418762568505e-05,2.989627917504567e-05,0.0030986420306038744,0.002056737439464441,1.6780816983558156e-05,0.00010425181779160236,7.948287994828662e-05,0.0009879605203996827
172,172,172,171,945.4662579574108,4.4844418762568505e-05,2.989627917504567e-05,0.0030986420306038744,0.002056737439464441,1.6780816983558156e-05,0.00010425181779160236,7.948287994828662e-05,0.0009879605203996827
173,173,173,171,945.4662579574108,4.4844418762568505e-05,2.989627917504567e-05,0.0030986420306038744,0.002056737439464441,1.6780816983558156e-05,0.00010425181779160236,7.948287994828662e-05,0.0009879605203996827
174,174,174,174,945.0315025307231,4.325515520942069e-05,2.8836770139613794e-05,0.00310524990207897,0.0020515280784419586,1.167609224131394e-05,0.00010290681898058297,7.639143839426737e-05,0.000984354271156861
175,175,175,174,945.0315025307231,4.325515520942069e-05,2.8836770139613794e-05,0.00310524990207897,0.0020515280784419586,1.167609224131394e-05,0.00010290681898058297,7.639143839426737e-05,0.000984354271156861
176,176,176,176,945.3344945555984,3.6954572499664495e-05,2.4636381666442997e-05,0.002982945151844888,0.002073796391007447,9.382366207934256e-06,0.00010720473891236802,7.527836991588072e-05,0.0009697558589995358
177,177,177,176,945.3344945555984,3.6954572499664495e-05,2.4636381666442997e-05,0.002982945151844888,0.002073796391007447,9.382366207934256e-06,0.00010720473891236802,7.527836991588072e-05,0.0009697558589995358
178,178,178,178,945.3047496387983,3.59262377437608e-05,2.39508251625072e-05,0.003011120267961015,0.002090751180900191,1.0719175372632395e-05,0.00010566279204699035,7.486270552890806e-05,0.0009630099669991894
179,179,179,179,945.2794702088571,3.783593926556805e-05,2.5223959510378702e-05,0.003014104010643903,0.002082204350557328,1.4903510394626007e-05,0.00010584582953595813,7.614970750625255e-05,0.0009754254249190704
180,180,180,179,945.2794702088571,3.783593926556805e-05,2.5223959510378702e-05,0.003014104010643903,0.002082204350557328,1.4903510394626007e-05,0.00010584582953595813,7.614970750625255e-05,0.0009754254249190704
181,181,181,181,943.7140772965497,4.117889734914226e-05,2.7452598232761513e-05,0.002814475080502568,0.0020970878634406862,1.9940801568682498e-05,0.00010758805868348048,7.46531174739759e-05,0.0009499914689774925
182,182,182,181,943.7140772965497,4.117889734914226e-05,2.7452598232761513e-05,0.002814475080502568,0.0020970878634406862,1.9940801568682498e-05,0.00010758805868348048,7.46531174739759e-05,0.0009499914689774925
183,183,183,183,943.6351805153411,4.310576247040787e-05,2.873717498027191e-05,0.00281446390638644,0.0021030154812770267,1.5311292814790267e-05,0.00010813625794830669,7.17611720062114e-05,0.0009569828847600142
184,184,184,183,943.6351805153411,4.310576247040787e-05,2.873717498027191e-05,0.00281446390638644,0.0021030154812770267,1.5311292814790267e-05,0.00010813625794830669,7.17611720062114e-05,0.0009569828847600142
185,185,185,183,943.6351805153411,4.310576247040787e-05,2.873717498027191e-05,0.00281446390638644,0.0021030154812770267,1.5311292814790267e-05,0.00010813625794830669,7.17611720062114e-05,0.0009569828847600142
186,186,186,186,943.9540361023624,4.07554237540908e-05,2.71702825027272e-05,0.0027860570490801204,0.002076451006729074,6.5572852485165645e-06,0.00013110200655204262,6.965001604145732e-05,0.0009903681367340348
187,187,187,186,943.9540361023624,4.07554237540908e-05,2.71702825027272e-05,0.0027860570490801204,0.002076451006729074,6.5572852485165645e-06,0.00013110200655204262,6.965001604145732e-05,0.0009903681367340348
188,188,188,188,943.9419348344261,3.998637307842112e-05,2.6657582052280748e-05,0.002788396442213362,0.002081531959253764,5.41384853707666e-06,0.00013150995622053952,6.97461141813821e-05,0.000989729124094381
189,189,189,188,943.9419348344261,3.998637307842112e-05,2.6657582052280748e-05,0.002788396442213362,0.002081531959253764,5.41384853707666e-06,0.00013150995622053952,6.97461141813821e-05,0.000989729124094381
190,190,190,188,943.9419348344261,3.998637307842112e-05,2.6657582052280748e-05,0.002788396442213362,0.002081531959253764,5.41384853707666e-06,0.00013150995622053952,6.97461141813821e-05,0.000989729124094381
191,191,191,191,941.4402913066633,3.943483156282346e-05,2.6289887708548968e-05,0.002564617633947405,0.0018877272332980203,1.6037026365940676e-05,0.0001163490286633398,6.990473021000615e-05,0.0009522654911859031
192,192,192,192,941.4100044882423,3.621948973675515e-05,2.41463264911701e-05,0.002563376856532655,0.0018688922255421666,2.1843408441836465e-05,0.00011423620117729803,6.689009464884432e-05,0.0009111255769553916
193,193,193,192,941.4100044882423,3.621948973675515e-05,2.41463264911701e-05,0.002563376856532655,0.0018688922255421666,2.1843408441836465e-05,0.00011423620117729803,6.689009464884432e-05,0.0009111255769553916
194,194,194,194,941.3846238888257,3.490158287136613e-05,2.326772191424409e-05,0.0025594248418063293,0.001867443777751408,2.1103438626018933e-05,0.00011401019912310634,6.662067182610504e-05,0.0009022458565517135
195,195,195,194,941.3846238888257,3.490158287136613e-05,2.326772191424409e-05,0.0025594248418063293,0.001867443777751408,2.1103438626018933e-05,0.00011401019912310634,6.662067182610504e-05,0.0009022458565517135
196,196,196,196,941.8962996742982,3.3352154528709654e-05,2.2234769685806437e-05,0.0029249182625038987,0.002127790722275281,2.130059668502271e-05,0.00011746542173244676,6.572937908476406e-05,0.0008624911989184004
197,197,197,196,941.8962996742982,3.3352154528709654e-05,2.2234769685806437e-05,0.0029249182625038987,0.002127790722275281,2.130059668502271e-05,0.00011746542173244676,6.572937908476406e-05,0.0008624911989184004
198,198,198,198,941.8496311971855,3.1141973593384886e-05,2.0761315728923257e-05,0.002922339673617104,0.002119188278718242,2.1416350238286086e-05,0.00011698702896152102,6.565048146684599e-05,0.0008421797261547785
199,199,199,198,941.8496311971855,3.1141973593384886e-05,2.0761315728923257e-05,0.002922339673617104,0.002119188278718242,2.1416350238286086e-05,0.00011698702896152102,6.565048146684599e-05,0.0008421797261547785
200,200,200,200,941.8471416932261,2.9787142778819886e-05,1.9858095185879925e-05,0.002927592421306495,0.0021211415684335997,2.1099081905909256e-05,0.0001172481500611224,6.612484434503213e-05,0.000832205014168414
201,201,201,201,942.6704629293295,3.0020640140321353e-05,2.001376009354757e-05,0.002456225283751334,0.0019510816700644305,1.923707030244276e-05,0.00011487850299878505,6.31164991489741e-05,0.0007930499942732201
202,202,202,202,942.6218999613757,2.8985144073429003e-05,1.9323429382286004e-05,0.0024356538018759227,0.0019588962785959093,2.0998784313490393e-05,0.00011690609203243791,6.460673211820811e-05,0.0007811473487892667
203,203,203,202,942.6218999613757,2.8985144073429003e-05,1.9323429382286004e-05,0.0024356538018759227,0.0019588962785959093,2.0998784313490393e-05,0.00011690609203243791,6.460673211820811e-05,0.0007811473487892667
204,204,204,204,942.5790360570109,2.8007836413851406e-05,1.8671890942567604e-05,0.0024410225022651016,0.0019596365982428123,2.08298121291417e-05,0.00011659739415005959,6.496242313817902e-05,0.0007728546361631041
205,205,205,204,942.5790360570109,2.8007836413851406e-05,1.8671890942567604e-05,0.0024410225022651016,0.0019596365982428123,2.08298121291417e-05,0.00011659739415005959,6.496242313817902e-05,0.0007728546361631041
206,206,206,206,945.2840214692424,2.833375057612053e-05,1.888916705074702e-05,0.0022522390549251756,0.0018075048275407453,1.7155609853464204e-05,0.00012183131751230286,7.437044569713613e-05,0.0007587661032060118
207,207,207,206,945.2840214692424,2.833375057612053e-05,1.888916705074702e-05,0.0022522390549251756,0.0018075048275407453,1.7155609853464204e-05,0.00012183131751230286,7.437044569713613e-05,0.0007587661032060118
208,208,208,208,945.2422485244796,2.7293598069633163e-05,1.819573204642211e-05,0.002279644296504461,0.001817005038487261,1.5526724906830824e-05,0.00012113705211836098,7.413598064982124e-05,0.0007510283621693434
209,209,209,208,945.2422485244796,2.7293598069633163e-05,1.819573204642211e-05,0.002279644296504461,0.001817005038487261,1.5526724906830824e-05,0.00012113705211836098,7.413598064982124e-05,0.0007510283621693434
210,210,210,210,945.2095567868435,2.5862457915276638e-05,1.7241638610184424e-05,0.0022945049394341847,0.0018214746630710282,1.52644322737594e-05,0.00012029699298847511,7.371622036391606e-05,0.000741373842391521
211,211,211,210,946.8542658755212,2.5862457915276638e-05,1.7241638610184424e-05,0.0022945049394341847,0.0018214746630710282,1.52644322737594e-05,0.00012029699298847511,7.371622036391606e-05,0.000741373842391521
212,212,212,212,946.62044220048,2.996173073710473e-05,1.997448715806982e-05,0.002405357536217841,0.0018755806956326445,8.776679122364517e-06,0.00012399798830299628,9.155009775693029e-05,0.0007832409531299213
213,213,213,212,946.62044220048,2.996173073710473e-05,1.997448715806982e-05,0.002405357536217841,0.0018755806956326445,8.776679122364517e-06,0.00012399798830299628,9.155009775693029e-05,0.0007832409531299213
214,214,214,214,946.5989201826994,2.8404812822430126e-05,1.8936541881620084e-05,0.002408453116770267,0.0018772789114556673,8.246375354466207e-06,0.00012401847014972201,9.053172076126104e-05,0.0007728375204740939
215,215,215,214,946.5989201826994,2.8404812822430126e-05,1.8936541881620084e-05,0.002408453116770267,0.0018772789114556673,8.246375354466207e-06,0.00012401847014972201,9.053172076126104e-05,0.0007728375204740939
216,216,216,216,946.3235038560247,2.8300310962042774e-05,1.8866873974695185e-05,0.0024418205292790715,0.001905811024815752,6.85356911250129e-06,0.00013442956075954775,0.00010058517346128032,0.0007748549069533071
217,217,217,216,946.3235038560247,2.8300310962042774e-05,1.8866873974695185e-05,0.0024418205292790715,0.001905811024815752,6.85356911250129e-06,0.00013442956075954775,0.00010058517346128032,0.0007748549069533071
218,218,218,218,946.2384170133585,2.6165340755085476e-05,1.7443560503390316e-05,0.0024377539986621395,0.0018948233682372791,5.9788409176655954e-06,0.00013528384792480216,0.00010161995684550978,0.0007600877739822844
219,219,219,218,946.2384170133585,2.6165340755085476e-05,1.7443560503390316e-05,0.0024377539986621395,0.0018948233682372791,5.9788409176655954e-06,0.00013528384792480216,0.00010161995684550978,0.0007600877739822844
220,220,220,218,946.2384170133585,2.6165340755085476e-05,1.7443560503390316e-05,0.0024377539986621395,0.0018948233682372791,5.9788409176655954e-06,0.00013528384792480216,0.00010161995684550978,0.0007600877739822844
221,221,221,221,950.0309592098938,2.6607435809650193e-05,1.7738290539766794e-05,0.0031024517393494137,0.00230861509670255,5.20579076375427e-06,0.000128980440424828,0.00010196358740545419,0.0007502604560025377
222,222,222,222,950.0068465045001,2.6656320284229595e-05,1.7770880189486398e-05,0.0031823443103291757,0.002378097538496604,6.544811322062305e-06,0.00012931384508998024,0.00010292300396340381,0.0007482786863922296
223,223,223,222,950.0068465045001,2.6656320284229595e-05,1.7770880189486398e-05,0.0031823443103291757,0.002378097538496604,6.544811322062305e-06,0.00012931384508998024,0.00010292300396340381,0.0007482786863922296
224,224,224,224,949.8818235549728,2.458005352629078e-05,1.638670235086052e-05,0.003211950933899784,0.0023950900743375286,7.961423123467593e-06,0.00012688216583244235,0.0001003550900347816,0.0007287368769805265
225,225,225,224,949.8818235549728,2.458005352629078e-05,1.638670235086052e-05,0.003211950933899784,0.0023950900743375286,7.961423123467593e-06,0.00012688216583244235,0.0001003550900347816,0.0007287368769805265
226,226,226,226,949.3144321544537,2.294089971544011e-05,1.529393314362674e-05,0.0034029754641266095,0.0024793788094235655,9.876789144630527e-06,0.00010767532092433332,9.417162380150751e-05,0.0006712571356659058
227,227,227,226,949.3144321544537,2.294089971544011e-05,1.529393314362674e-05,0.0034029754641266095,0.0024793788094235655,9.876789144630527e-06,0.00010767532092433332,9.417162380150751e-05,0.0006712571356659058
228,228,228,228,949.198837935691,2.157040862302284e-05,1.4380272415348562e-05,0.003417437902651581,0.0024922775512054574,8.773386106983305e-06,0.00010706570484257097,9.356609883971051e-05,0.0006573560888332546
229,229,229,228,949.198837935691,2.157040862302284e-05,1.4380272415348562e-05,0.003417437902651581,0.0024922775512054574,8.773386106983305e-06,0.00010706570484257097,9.356609883971051e-05,0.0006573560888332546
230,230,230,228,949.198837935691,2.157040862302284e-05,1.4380272415348562e-05,0.003417437902651581,0.0024922775512054574,8.773386106983305e-06,0.00010706570484257097,9.356609883971051e-05,0.0006573560888332546
231,231,231,231,949.2952058561457,2.1298090510074585e-05,1.419872700671639e-05,0.0031427548002539237,0.002252687202966833,3.945769529507814e-06,9.897278648322982e-05,7.925930875660181e-05,0.0006679705607078826
232,232,232,232,949.2424978891079,2.3884509429389356e-05,1.5923006286259568e-05,0.0031022915608137614,0.0022299576477137865,4.304997618803652e-07,0.0001043573651372666,8.434942316380006e-05,0.0006864770436978988
233,233,233,232,949.2424978891079,2.3884509429389356e-05,1.5923006286259568e-05,0.0031022915608137614,0.0022299576477137865,4.304997618803652e-07,0.0001043573651372666,8.434942316380006e-05,0.0006864770436978988
234,234,234,234,949.0856955406981,2.359860202663655e-05,1.573240135109103e-05,0.0030865378944929093,0.0022250831409248192,-1.26808838877418e-06,0.00010537493092248816,8.433065421109553e-05,0.0006827253855803651
235,235,235,234,949.0856955406981,2.359860202663655e-05,1.573240135109103e-05,0.0030865378944929093,0.0022250831409248192,-1.26808838877418e-06,0.00010537493092248816,8.433065421109553e-05,0.0006827253855803651
236,236,236,236,948.9762147659624,2.4683969464478484e-05,1.6455979642985653e-05,0.003019117733647398,0.0022609305802474703,-2.6496211400564573e-06,0.00011733253277401454,9.202188674189288e-05,0.0007006362626012627
237,237,237,236,948.9762147659624,2.4683969464478484e-05,1.6455979642985653e-05,0.003019117733647398,0.0022609305802474703,-2.6496211400564573e-06,0.00011733253277401454,9.202188674189288e-05,0.0007006362626012627
238,238,238,238,948.8241388862891,2.3486586573029378e-05,1.5657724382019587e-05,0.003008488432302958,0.0022590539928577786,-4.842889095080238e-06,0.00011926805028612448,9.323689310408029e-05,0.0006950996849735076
239,239,239,238,948.8241388862891,2.3486586573029378e-05,1.5657724382019587e-05,0.003008488432302958,0.0022590539928577786,-4.842889095080238e-06,0.00011926805028612448,9.323689310408029e-05,0.0006950996849735076
240,240,240,240,948.7780358371572,2.252928550119937e-05,1.5019523667466247e-05,0.003021987044526317,0.0022725233455724797,-5.873928776295445e-06,0.0001197201979001955,9.246027799644091e-05,0.0006893583909232448
241,241,241,240,946.673782424643,2.252928550119937e-05,1.5019523667466247e-05,0.003021987044526317,0.0022725233455724797,-5.873928776295445e-06,0.0001197201979001955,9.246027799644091e-05,0.0006893583909232448
242,242,242,242,946.4057848341802,2.2305465365135557e-05,1.4870310243423706e-05,0.0030298520457748765,0.002273638417582711,-1.0732321517117893e-06,0.00010532817812255215,8.957558350541212e-05,0.0006950374212400784
243,243,243,242,946.4057848341802,2.2305465365135557e-05,1.4870310243423706e-05,0.0030298520457748765,0.002273638417582711,-1.0732321517117893e-06,0.00010532817812255215,8.957558350541212e-05,0.0006950374212400784
244,244,244,244,946.3901116495294,2.2291438465465996e-05,1.4860958976977331e-05,0.0030336125747711207,0.002272241611304707,-4.7632077286585695e-07,0.00010472815685604861,8.90531479466189e-05,0.0006959766231599237
245,245,245,244,946.3901116495294,2.2291438465465996e-05,1.4860958976977331e-05,0.0030336125747711207,0.002272241611304707,-4.7632077286585695e-07,0.00010472815685604861,8.90531479466189e-05,0.0006959766231599237
246,246,246,246,948.1314717573407,2.342832374246928e-05,1.5618882494979523e-05,0.003451158818935099,0.002523125367177307,2.448097413974837e-06,0.00010694680023188925,8.361333099349971e-05,0.0007094857656575156
247,247,247,246,948.1314717573407,2.342832374246928e-05,1.5618882494979523e-05,0.003451158818935099,0.002523125367177307,2.448097413974837e-06,0.00010694680023188925,8.361333099349971e-05,0.0007094857656575156
248,248,248,248,948.0878611170433,2.3208008177733053e-05,1.5472005451822035e-05,0.0034708347022752105,0.0025347703227645755,1.1985103007539077e-06,0.00010660956208560866,8.347772483392746e-05,0.0007124519647485617
249,249,249,248,948.0878611170433,2.3208008177733053e-05,1.5472005451822035e-05,0.0034708347022752105,0.0025347703227645755,1.1985103007539077e-06,0.00010660956208560866,8.347772483392746e-05,0.0007124519647485617
250,250,250,248,948.0878611170433,2.3208008177733053e-05,1.5472005451822035e-05,0.0034708347022752105,0.0025347703227645755,1.1985103007539077e-06,0.00010660956208560866,8.347772483392746e-05,0.0007124519647485617
251,251,251,251,947.5931540670132,2.0923866087041443e-05,1.3949244058027629e-05,0.0036194137727146524,0.0026184981887557492,3.109112201839237e-06,9.667882777452048e-05,5.937675418637295e-05,0.0007167185326207228
252,252,252,251,947.5931540670132,2.0923866087041443e-05,1.3949244058027629e-05,0.0036194137727146524,0.0026184981887557492,3.109112201839237e-06,9.667882777452048e-05,5.937675418637295e-05,0.0007167185326207228
253,253,253,253,947.527217471207,2.004385257764474e-05,1.3362568385096493e-05,0.0035972995210873577,0.002593091677215113,4.022793052171902e-06,9.563185071227457e-05,5.851808545433851e-05,0.0007086009923130396
254,254,254,253,947.527217471207,2.004385257764474e-05,1.3362568385096493e-05,0.0035972995210873577,0.002593091677215113,4.022793052171902e-06,9.563185071227457e-05,5.851808545433851e-05,0.0007086009923130396
255,255,255,255,947.5022526101471,1.8895670893775973e-05,1.2597113929183982e-05,0.003592102836816657,0.0025893927323402278,3.6869402883221714e-06,9.574282844054002e-05,5.822053399815591e-05,0.0007031697324080309
256,256,256,256,947.9111952840776,1.8626924999737282e-05,1.2417949999824854e-05,0.0035622126039804654,0.002578298366185971,7.410514809062796e-06,9.17070765765102e-05,5.8186928614117894e-05,0.0006825912590396345
257,257,257,257,947.6949759933315,1.8031390997097496e-05,1.202092733139833e-05,0.0035720293383097877,0.0025887420887028877,5.95287167959313e-06,9.083583491074578e-05,5.6243746517928295e-05,0.0006836456787018808
258,258,258,257,947.6949759933315,1.8031390997097496e-05,1.202092733139833e-05,0.0035720293383097877,0.0025887420887028877,5.95287167959313e-06,9.083583491074578e-05,5.6243746517928295e-05,0.0006836456787018808
259,259,259,257,947.6949759933315,1.8031390997097496e-05,1.202092733139833e-05,0.0035720293383097877,0.0025887420887028877,5.95287167959313e-06,9.083583491074578e-05,5.6243746517928295e-05,0.0006836456787018808
260,260,260,260,947.674679156293,1.806630875952897e-05,1.204420583968598e-05,0.0035655135385669634,0.002579404871490156,6.1661941600649195e-06,9.0967540806422e-05,5.663517428104725e-05,0.0006831419748383441
261,261,261,261,944.574035407444,1.6393448829615798e-05,1.0928965886410534e-05,0.0030951677867687953,0.002282273749662696,1.2222432239535064e-05,7.561145327408721e-05,3.861709393176982e-05,0.0006573919396159536
262,262,262,261,944.574035407444,1.6393448829615798e-05,1.0928965886410534e-05,0.0030951677867687953,0.002282273749662696,1.2222432239535064e-05,7.561145327408721e-05,3.861709393176982e-05,0.0006573919396159536
263,263,263,263,944.515334337463,1.6462339564704553e-05,1.0974893043136369e-05,0.0031035973514126,0.0022921500252759495,1.2970382626181776e-05,7.618523572107977e-05,3.8631330466554203e-05,0.0006615806385566829
264,264,264,263,944.515334337463,1.6462339564704553e-05,1.0974893043136369e-05,0.0031035973514126,0.0022921500252759495,1.2970382626181776e-05,7.618523572107977e-05,3.8631330466554203e-05,0.0006615806385566829
265,265,265,265,944.4615687151035,1.68324095894401e-05,1.1221606392960068e-05,0.0030963551576739384,0.00228537798306594,1.355917200264456e-05,7.567923086576424e-05,3.853368243668387e-05,0.0006679777332027365
266,266,266,266,944.1102251999378,1.8010293546311118e-05,1.2006862364207413e-05,0.0030344820994836724,0.002249351701286634,1.9882334794198153e-05,8.392036233950991e-05,4.609900498385444e-05,0.0006948175974108716
267,267,267,266,944.1102251999378,1.8010293546311118e-05,1.2006862364207413e-05,0.0030344820994836724,0.002249351701286634,1.9882334794198153e-05,8.392036233950991e-05,4.609900498385444e-05,0.0006948175974108716
268,268,268,268,943.9837083297274,1.855042819276509e-05,1.2366952128510059e-05,0.003026192945568227,0.002245047868520818,2.0046982784356626e-05,8.33842368746486e-05,4.613780100908016e-05,0.0007006409144550219
269,269,269,268,943.9837083297274,1.855042819276509e-05,1.2366952128510059e-05,0.003026192945568227,0.002245047868520818,2.0046982784356626e-05,8.33842368746486e-05,4.613780100908016e-05,0.0007006409144550219
270,270,270,268,943.9837083297274,1.855042819276509e-05,1.2366952128510059e-05,0.003026192945568227,0.002245047868520818,2.0046982784356626e-05,8.33842368746486e-05,4.613780100908016e-05,0.0007006409144550219
271,271,271,271,941.1217076859845,1.5197153081181192e-05,1.0131435387454127e-05,0.003190599609983459,0.0022857534452005806,1.9759069283920017e-05,8.4615263525818e-05,4.816688288826476e-05,0.00072633593123078
272,272,272,271,941.1217076859845,1.5197153081181192e-05,1.0131435387454127e-05,0.003190599609983459,0.0022857534452005806,1.9759069283920017e-05,8.4615263525818e-05,4.816688288826476e-05,0.00072633593123078
273,273,273,273,941.0816621165277,1.4925405487420385e-05,9.950270324946924e-06,0.0031920364609529634,0.002287383217682046,1.967740082328001e-05,8.450742258161264e-05,4.841926784661388e-05,0.0007211162836073167
274,274,274,273,941.0816621165277,1.4925405487420385e-05,9.950270324946924e-06,0.0031920364609529634,0.002287383217682046,1.967740082328001e-05,8.450742258161264e-05,4.841926784661388e-05,0.0007211162836073167
275,275,275,275,941.0772320978755,1.4990075033499695e-05,9.993383355666463e-06,0.00319119951414419,0.0022879632755417488,1.965565217531412e-05,8.444508476031158e-05,4.841700783123071e-05,0.0007196024443650905
276,276,276,276,937.7513827868436,1.4526582180984793e-05,9.684388120656527e-06,0.0031748327608840045,0.0022522759506462993,2.22460136111019e-05,9.228147614923646e-05,4.584754277128095e-05,0.0007575631626595325
277,277,277,276,937.7513827868436,1.4526582180984793e-05,9.684388120656527e-06,0.0031748327608840045,0.0022522759506462993,2.22460136111019e-05,9.228147614923646e-05,4.584754277128095e-05,0.0007575631626595325
278,278,278,278,937.6719094526798,1.4987121652931812e-05,9.991414435287874e-06,0.003180368294052991,0.002260019007610741,2.2105448502215963e-05,9.199138725025952e-05,4.551961106455393e-05,0.0007620554167260527
279,279,279,278,937.6719094526798,1.4987121652931812e-05,9.991414435287874e-06,0.003180368294052991,0.002260019007610741,2.2105448502215963e-05,9.199138725025952e-05,4.551961106455393e-05,0.0007620554167260527
280,280,280,278,937.6719094526798,1.4987121652931812e-05,9.991414435287874e-06,0.003180368294052991,0.002260019007610741,2.2105448502215963e-05,9.199138725025952e-05,4.551961106455393e-05,0.0007620554167260527
281,281,281,281,939.8700430939214,1.5886240485846193e-05,1.059082699056413e-05,0.003236942446036093,0.002209367732885453,1.7795773565192075e-05,9.938655523476118e-05,5.6403060396413573e-05,0.0007932820878302973
282,282,282,281,939.8700430939214,1.5886240485846193e-05,1.059082699056413e-05,0.003236942446036093,0.002209367732885453,1.7795773565192075e-05,9.938655523476118e-05,5.6403060396413573e-05,0.0007932820878302973
283,283,283,283,939.7548908925544,1.6237889051362586e-05,1.082525936757506e-05,0.0032682317652548286,0.002231663201270924,1.5749683125530767e-05,0.0001004568421206922,5.90309786584961e-05,0.0007899612650474419
284,284,284,283,939.7548908925544,1.6237889051362586e-05,1.082525936757506e-05,0.0032682317652548286,0.002231663201270924,1.5749683125530767e-05,0.0001004568421206922,5.90309786584961e-05,0.0007899612650474419
285,285,285,285,939.708245155639,1.6899477451287614e-05,1.126631830085841e-05,0.0032786599396149338,0.002244477785530526,1.3621846060150877e-05,0.00010167290712979923,6.090364714427671e-05,0.0007902113440681445
286,286,286,285,940.7642088649782,1.6899477451287614e-05,1.126631830085841e-05,0.0032786599396149338,0.002244477785530526,1.3621846060150877e-05,0.00010167290712979923,6.090364714427671e-05,0.0007902113440681445
287,287,287,287,940.5538418861604,1.5943132643997382e-05,1.0628755095998255e-05,0.003242576950846758,0.0021992419295086144,1.2000724681431041e-05,9.183282963789614e-05,5.562618499538319e-05,0.0007609418432651553
288,288,288,287,940.5538418861604,1.5943132643997382e-05,1.0628755095998255e-05,0.003242576950846758,0.0021992419295086144,1.2000724681431041e-05,9.183282963789614e-05,5.562618499538319e-05,0.0007609418432651553
289,289,289,289,940.5375098584943,1.5891160353831424e-05,1.0594106902554282e-05,0.0032425457741904217,0.0021980097777631914,1.1903952164785125e-05,9.167473012742814e-05,5.575164226753748e-05,0.0007605821366574088
290,290,290,289,940.5375098584943,1.5891160353831424e-05,1.0594106902554282e-05,0.0032425457741904217,0.0021980097777631914,1.1903952164785125e-05,9.167473012742814e-05,5.575164226753748e-05,0.0007605821366574088
291,291,291,291,941.3248464714053,1.531087409267773e-05,1.0207249395118486e-05,0.0027553398393440082,0.0017992573555938819,8.7921964759749e-06,9.227578517296718e-05,5.62125824491444e-05,0.0006949288735767032
292,292,292,291,941.3248464714053,1.531087409267773e-05,1.0207249395118486e-05,0.0027553398393440082,0.0017992573555938819,8.7921964759749e-06,9.227578517296718e-05,5.62125824491444e-05,0.0006949288735767032
293,293,293,293,941.2331077175054,1.4754692169022254e-05,9.836461446014837e-06,0.0027616045209971894,0.0018076669299647455,8.027069095750683e-06,9.238860550502379e-05,5.523890260649561e-05,0.0006926505115108573
294,294,294,293,941.2331077175054,1.4754692169022254e-05,9.836461446014837e-06,0.0027616045209971894,0.0018076669299647455,8.027069095750683e-06,9.238860550502379e-05,5.523890260649561e-05,0.0006926505115108573
295,295,295,295,941.2296597549832,1.4193425648262314e-05,9.462283765508209e-06,0.0027597792097015426,0.0018088906810208596,7.355243867405992e-06,9.312603436898857e-05,5.56147397035231e-05,0.0006865184495866596
296,296,296,295,941.9931335996985,1.4193425648262314e-05,9.462283765508209e-06,0.0027597792097015426,0.0018088906810208596,7.355243867405992e-06,9.312603436898857e-05,5.56147397035231e-05,0.0006865184495866596
297,297,297,297,941.7331404908007,1.3952994816546216e-05,9.301996544364144e-06,0.002612178087604222,0.0016891879392192878,8.119967565313468e-06,0.00010127488623730264,6.393193570348316e-05,0.0006635452477372001
298,298,298,297,941.7331404908007,1.3952994816546216e-05,9.301996544364144e-06,0.002612178087604222,0.0016891879392192878,8.119967565313468e-06,0.00010127488623730264,6.393193570348316e-05,0.0006635452477372001
299,299,299,299,941.7160657065206,1.3536859148149949e-05,9.024572765433298e-06,0.002619023556968873,0.0016972813792791568,7.2437134777114665e-06,0.00010191923239063854,6.432644941420373e-05,0.0006591871988511829
300,300,300,299,941.7160657065206,1.3536859148149949e-05,9.024572765433298e-06,0.002619023556968873,0.0016972813792791568,7.2437134777114665e-06,0.00010191923239063854,6.432644941420373e-05,0.0006591871988511829
301,301,301,301,941.8082874363379,1.2598108743266945e-05,8.398739162177963e-06,0.0029608166692371442,0.0019956713977185474,1.3453806185469153e-05,9.46569767240033e-05,6.72213465548327e-05,0.0006272756940779436
302,302,302,301,941.8082874363379,1.2598108743266945e-05,8.398739162177963e-06,0.0029608166692371442,0.0019956713977185474,1.3453806185469153e-05,9.46569767240033e-05,6.72213465548327e-05,0.0006272756940779436
303,303,303,303,941.7579036291321,1.2254708359304978e-05,8.169805572869986e-06,0.002936252630018093,0.001983185483319966,1.358915434392094e-05,9.443060574415865e-05,6.633739507733855e-05,0.0006161275727803395
304,304,304,303,941.7579036291321,1.2254708359304978e-05,8.169805572869986e-06,0.002936252630018093,0.001983185483319966,1.358915434392094e-05,9.443060574415865e-05,6.633739507733855e-05,0.0006161275727803395
305,305,305,305,941.7290880336514,1.2546248657929748e-05,8.364165771953166e-06,0.0029393235170285907,0.001989181944433497,1.2769444174116906e-05,9.443947048022144e-05,6.623071276345982e-05,0.0006182824545565946
306,306,306,306,941.9192999155059,1.085935612868405e-05,7.239570752456033e-06,0.0028836329933157444,0.0019732858849029243,1.3408870438429144e-05,0.00010089709196268515,6.297900626982961e-05,0.0006385513516372405
307,307,307,306,941.9192999155059,1.085935612868405e-05,7.239570752456033e-06,0.0028836329933157444,0.0019732858849029243,1.3408870438429144e-05,0.00010089709196268515,6.297900626982961e-05,0.0006385513516372405
308,308,308,308,941.8277948213699,1.01166817273457e-05,6.744454484897133e-06,0.0028901756126704678,0.001978214115881907,1.2931042863047193e-05,0.00010018882659331677,6.247289521534721e-05,0.0006317228730754237
309,309,309,308,941.8277948213699,1.01166817273457e-05,6.744454484897133e-06,0.0028901756126704678,0.001978214115881907,1.2931042863047193e-05,0.00010018882659331677,6.247289521534721e-05,0.0006317228730754237
310,310,310,308,941.8277948213699,1.01166817273457e-05,6.744454484897133e-06,0.0028901756126704678,0.001978214115881907,1.2931042863047193e-05,0.00010018882659331677,6.247289521534721e-05,0.0006317228730754237
311,311,311,311,943.3703309058177,9.361435296589837e-06,6.240956864393226e-06,0.002769603033652803,0.00192540990198612,1.9239713311171303e-05,0.00010824999368127058,6.097549936103647e-05,0.0006807633329275772
312,312,312,311,943.3703309058177,9.361435296589837e-06,6.240956864393226e-06,0.002769603033652803,0.00192540990198612,1.9239713311171303e-05,0.00010824999368127058,6.097549936103647e-05,0.0006807633329275772
313,313,313,313,943.3323045362263,9.336317561947638e-06,6.224211707965092e-06,0.0027815826687734753,0.0019354739436536661,1.832640723336415e-05,0.00010871160059934765,6.128752738285281e-05,0.0006840264638935782
314,314,314,313,943.3323045362263,9.336317561947638e-06,6.224211707965092e-06,0.0027815826687734753,0.0019354739436536661,1.832640723336415e-05,0.00010871160059934765,6.128752738285281e-05,0.0006840264638935782
315,315,315,313,943.3323045362263,9.336317561947638e-06,6.224211707965092e-06,0.0027815826687734753,0.0019354739436536661,1.832640723336415e-05,0.00010871160059934765,6.128752738285281e-05,0.0006840264638935782
316,316,316,316,947.8497742352388,8.608646712843226e-06,5.739097808562151e-06,0.0027459191258141034,0.002013820916302602,2.3257064114878823e-05,0.00012033839380388685,5.778439371913885e-05,0.0005346439580974031
317,317,317,317,947.3913767990177,7.782020732871597e-06,5.188013821914398e-06,0.0026912067470141765,0.001977457978926507,2.8545242992589204e-05,0.00011917260137032205,5.475420705051276e-05,0.0005096550051495914
318,318,318,318,947.3876481653764,7.424128031369159e-06,4.949418687579439e-06,0.0026623245034086075,0.0019670913373416457,3.415563969878105e-05,0.00011894532301232921,5.3258080414578246e-05,0.0004894858289054539
319,319,319,319,947.0613200516783,6.892647497647175e-06,4.595098331764784e-06,0.002666320396957462,0.001971034627592312,3.339956578293085e-05,0.00011807334948547118,5.136157904935684e-05,0.0004897774988414132
320,320,320,319,947.0613200516783,6.892647497647175e-06,4.595098331764784e-06,0.002666320396957462,0.001971034627592312,3.339956578293085e-05,0.00011807334948547118,5.136157904935684e-05,0.0004897774988414132
321,321,321,321,947.4155741195302,6.8123383079043975e-06,4.541558871936265e-06,0.0026948977223851533,0.001965785734014111,3.6786919852919986e-05,0.00010687329126952643,5.6834627840361696e-05,0.0004945155892361714
322,322,322,321,947.4155741195302,6.8123383079043975e-06,4.541558871936265e-06,0.0026948977223851533,0.001965785734014111,3.6786919852919986e-05,0.00010687329126952643,5.6834627840361696e-05,0.0004945155892361714
323,323,323,323,947.3860765417103,7.099094762735847e-06,4.732729841823898e-06,0.0026893689149757936,0.0019694624244002553,3.5248212586963534e-05,0.00010725169663030122,5.614110424066732e-05,0.0005072300659889201
324,324,324,323,947.3860765417103,7.099094762735847e-06,4.732729841823898e-06,0.0026893689149757936,0.0019694624244002553,3.5248212586963534e-05,0.00010725169663030122,5.614110424066732e-05,0.0005072300659889201
325,325,325,323,947.3860765417103,7.099094762735847e-06,4.732729841823898e-06,0.0026893689149757936,0.0019694624244002553,3.5248212586963534e-05,0.00010725169663030122,5.614110424066732e-05,0.0005072300659889201
326,326,326,326,941.5147668053448,7.101718465463147e-06,4.734478976975431e-06,0.00292205569107939,0.002072803822595904,3.0474595402112115e-05,0.0001133727479915322,5.7089752279790296e-05,0.00047486659264822976
327,327,327,327,941.3768455934783,8.100349918105376e-06,5.400233278736917e-06,0.003037585938143921,0.002144865406878014,3.1590512951269745e-05,0.00011511398247720286,5.923232257280808e-05,0.0004940687493031122
328,328,328,327,941.3768455934783,8.100349918105376e-06,5.400233278736917e-06,0.003037585938143921,0.002144865406878014,3.1590512951269745e-05,0.00011511398247720286,5.923232257280808e-05,0.0004940687493031122
329,329,329,329,941.3660971666945,8.710352896151852e-06,5.806901930767901e-06,0.003014870471068317,0.0021341146544860915,3.1467862682932335e-05,0.00011595164884751073,5.7826283426112846e-05,0.0005048147436651132
330,330,330,330,941.2201738269197,8.973777926385429e-06,5.982518617590286e-06,0.003018002300361873,0.002129652190178582,3.166752677007112e-05,0.00011535490552813005,5.794755414278985e-05,0.0005089532586943187
331,331,331,331,942.1037454957132,8.902447149461423e-06,5.9349647663076155e-06,0.0026625077938010303,0.0019960718569537583,3.2431718869609105e-05,0.00011217445031369542,5.742664997259589e-05,0.0005025222555274042
332,332,332,331,942.1037454957132,8.902447149461423e-06,5.9349647663076155e-06,0.0026625077938010303,0.0019960718569537583,3.2431718869609105e-05,0.00011217445031369542,5.742664997259589e-05,0.0005025222555274042
333,333,333,331,942.1037454957132,8.902447149461423e-06,5.9349647663076155e-06,0.0026625077938010303,0.0019960718569537583,3.2431718869609105e-05,0.00011217445031369542,5.742664997259589e-05,0.0005025222555274042
334,334,334,334,942.1001391520874,9.042423321448112e-06,6.028282214298741e-06,0.0026633534482447788,0.001994126109528641,3.2960965605233206e-05,0.0001118258270928193,5.780157871494024e-05,0.0005044893409374617
335,335,335,335,942.0580654293695,9.106103288025746e-06,6.070735525350498e-06,0.0026600659619301185,0.001992731256624251,3.266799525250552e-05,0.0001118970132838977,5.756331036103901e-05,0.0005059800755485059
336,336,336,335,942.0580654293695,9.106103288025746e-06,6.070735525350498e-06,0.0026600659619301185,0.001992731256624251,3.266799525250552e-05,0.0001118970132838977,5.756331036103901e-05,0.0005059800755485059
337,337,337,335,942.0580654293695,9.106103288025746e-06,6.070735525350498e-06,0.0026600659619301185,0.001992731256624251,3.266799525250552e-05,0.0001118970132838977,5.756331036103901e-05,0.0005059800755485059
338,338,338,338,942.0535156869847,9.148479839571344e-06,6.0989865597142305e-06,0.0026596742601571934,0.0019933775810697554,3.250695339319931e-05,0.00011195284877347462,5.7442628736179e-05,0.0005067971206437552
339,339,339,338,942.0535156869847,9.148479839571344e-06,6.0989865597142305e-06,0.0026596742601571934,0.0019933775810697554,3.250695339319931e-05,0.00011195284877347462,5.7442628736179e-05,0.0005067971206437552
340,340,340,340,942.0529286266606,9.194292823644368e-06,6.129528549096245e-06,0.0026598965486398086,0.00199256195666469,3.268109777282424e-05,0.00011188000493343573,5.752974177429537e-05,0.0005072067519869413
341,341,341,340,942.0529286266606,9.194292823644368e-06,6.129528549096245e-06,0.0026598965486398086,0.00199256195666469,3.268109777282424e-05,0.00011188000493343573,5.752974177429537e-05,0.0005072067519869413
342,342,342,342,942.0526556885732,9.226892230596029e-06,6.151261487064019e-06,0.0026582559899251033,0.0019924410745406538,3.261875447153201e-05,0.00011196575945747765,5.7405429202309066e-05,0.0005079405127664401
343,343,343,342,942.0526556885732,9.226892230596029e-06,6.151261487064019e-06,0.0026582559899251033,0.0019924410745406538,3.261875447153201e-05,0.00011196575945747765,5.7405429202309066e-05,0.0005079405127664401
344,344,344,342,942.0526556885732,9.226892230596029e-06,6.151261487064019e-06,0.0026582559899251033,0.0019924410745406538,3.261875447153201e-05,0.00011196575945747765,5.7405429202309066e-05,0.0005079405127664401
345,345,345,345,942.0514806142941,9.268644568433126e-06,6.179096378955418e-06,0.002659533150794715,0.001993050557770001,3.265897989190164e-05,0.00011192405025552361,5.748500563571013e-05,0.0005083133629162138
346,346,346,346,942.0512655989733,9.31628230763093e-06,6.210854871753953e-06,0.0026587536300705697,0.001992173305861887,3.272868374613186e-05,0.00011191214154739363,5.74952914452892e-05,0.0005088666518958554
347,347,347,346,942.0512655989733,9.31628230763093e-06,6.210854871753953e-06,0.0026587536300705697,0.001992173305861887,3.272868374613186e-05,0.00011191214154739363,5.74952914452892e-05,0.0005088666518958554
348,348,348,346,942.0512655989733,9.31628230763093e-06,6.210854871753953e-06,0.0026587536300705697,0.001992173305861887,3.272868374613186e-05,0.00011191214154739363,5.74952914452892e-05,0.0005088666518958554
349,349,349,349,942.050963532649,9.336500895879007e-06,6.224333930586005e-06,0.002658903339390632,0.0019926820374952937,3.2748599474406725e-05,0.0001119475914303353,5.7486966771630454e-05,0.0005092509237108959
350,350,350,349,942.050963532649,9.336500895879007e-06,6.224333930586005e-06,0.002658903339390632,0.0019926820374952937,3.2748599474406725e-05,0.0001119475914303353,5.7486966771630454e-05,0.0005092509237108959
351,351,351,349,942.050963532649,9.336500895879007e-06,6.224333930586005e-06,0.002658903339390632,0.0019926820374952937,3.2748599474406725e-05,0.0001119475914303353,5.7486966771630454e-05,0.0005092509237108959
352,352,352,352,942.0508293218104,9.35657545778068e-06,6.237716971853787e-06,0.002659185223361325,0.0019926220586275597,3.27520248238275e-05,0.00011191974197527436,5.7504469361549515e-05,0.0005094182409496068
353,353,353,352,942.0508293218104,9.35657545778068e-06,6.237716971853787e-06,0.002659185223361325,0.0019926220586275597,3.27520248238275e-05,0.00011191974197527436,5.7504469361549515e-05,0.0005094182409496068
354,354,354,352,942.0508293218104,9.35657545778068e-06,6.237716971853787e-06,0.002659185223361325,0.0019926220586275597,3.27520248238275e-05,0.00011191974197527436,5.7504469361549515e-05,0.0005094182409496068
355,355,355,355,942.0507607183416,9.357866023240735e-06,6.238577348827157e-06,0.0026589428145415016,0.0019926267219448563,3.275566152110415e-05,0.00011193475183981502,5.748622329299763e-05,0.0005095049900454958
356,356,356,356,942.0507341683278,9.371588597290037e-06,6.247725731526691e-06,0.0026587968255661447,0.001992382997635714,3.277162324444305e-05,0.00011192740590068284,5.749733688342057e-05,0.00050963624101419
357,357,357,356,942.0507341683278,9.371588597290037e-06,6.247725731526691e-06,0.0026587968255661447,0.001992382997635714,3.277162324444305e-05,0.00011192740590068284,5.749733688342057e-05,0.00050963624101419
358,358,358,356,942.0507341683278,9.371588597290037e-06,6.247725731526691e-06,0.0026587968255661447,0.001992382997635714,3.277162324444305e-05,0.00011192740590068284,5.749733688342057e-05,0.00050963624101419
359,359,359,359,942.0507188435377,9.376355688595073e-06,6.2509037923967154e-06,0.0026586452502965225,0.001992398828725859,3.276354679045829e-05,0.00011193611868416114,5.7481517988289266e-05,0.0005097367867118477
360,360,360,359,942.0507188435377,9.376355688595073e-06,6.2509037923967154e-06,0.0026586452502965225,0.001992398828725859,3.276354679045829e-05,0.00011193611868416114,5.7481517988289266e-05,0.0005097367867118477
361,361,361,361,942.0506932908481,9.384592038447215e-06,6.256394692298143e-06,0.0026588653856843883,0.001992494532070563,3.278186467504246e-05,0.00011193147075426956,5.749801635981239e-05,0.000509817393174493
362,362,362,361,942.0506932908481,9.384592038447215e-06,6.256394692298143e-06,0.0026588653856843883,0.001992494532070563,3.278186467504246e-05,0.00011193147075426956,5.749801635981239e-05,0.000509817393174493
363,363,363,361,942.0506932908481,9.384592038447215e-06,6.256394692298143e-06,0.0026588653856843883,0.001992494532070563,3.278186467504246e-05,0.00011193147075426956,5.749801635981239e-05,0.000509817393174493
364,364,364,364,942.0506708790563,9.386499017577377e-06,6.257666011718252e-06,0.0026586958419063354,0.0019923987732983098,3.2780894896826396e-05,0.00011193520809418532,5.74896081496426e-05,0.0005098566415423946
365,365,365,364,942.0506708790563,9.386499017577377e-06,6.257666011718252e-06,0.0026586958419063354,0.0019923987732983098,3.2780894896826396e-05,0.00011193520809418532,5.74896081496426e-05,0.0005098566415423946
366,366,366,366,942.0506673266466,9.390168037554103e-06,6.260112025036069e-06,0.0026587176175521814,0.0019923853137709378,3.278448403420953e-05,0.00011193103965556012,5.7492916194064325e-05,0.0005098916502813864
367,367,367,366,942.0506673266466,9.390168037554103e-06,6.260112025036069e-06,0.0026587176175521814,0.0019923853137709378,3.278448403420953e-05,0.00011193103965556012,5.7492916194064325e-05,0.0005098916502813864
368,368,368,368,942.0506613327116,9.392755691478571e-06,6.261837127652381e-06,0.0026586919558141183,0.001992421596809014,3.2782247663724895e-05,0.00011193634919710798,5.748693072342437e-05,0.0005099432043348937
369,369,369,368,942.0506613327116,9.392755691478571e-06,6.261837127652381e-06,0.0026586919558141183,0.001992421596809014,3.2782247663724895e-05,0.00011193634919710798,5.748693072342437e-05,0.0005099432043348937
370,370,370,370,942.0506560415638,9.396693575525195e-06,6.264462383683463e-06,0.0026587317488661437,0.0019924026407072974,3.27889817839655e-05,0.00011193167671271807,5.749378896981183e-05,0.0005099746818713637
371,371,371,370,942.0506560415638,9.396693575525195e-06,6.264462383683463e-06,0.0026587317488661437,0.0019924026407072974,3.27889817839655e-05,0.00011193167671271807,5.749378896981183e-05,0.0005099746818713637
372,372,372,372,942.050649768861,9.398901202190002e-06,6.265934134793335e-06,0.002658591241876058,0.0019923500608494417,3.2786421410219146e-05,0.00011193616374440234,5.748546573337843e-05,0.0005100205036122894
373,373,373,372,942.050649768861,9.398901202190002e-06,6.265934134793335e-06,0.002658591241876058,0.0019923500608494417,3.2786421410219146e-05,0.00011193616374440234,5.748546573337843e-05,0.0005100205036122894
374,374,374,374,942.0506443446975,9.402819297316123e-06,6.268546198210748e-06,0.0026587093469823734,0.001992407493016139,3.2795366247506674e-05,0.00011193328126253177,5.7493543402287184e-05,0.0005100588488910686
375,375,375,374,942.0506443446975,9.402819297316123e-06,6.268546198210748e-06,0.0026587093469823734,0.001992407493016139,3.2795366247506674e-05,0.00011193328126253177,5.7493543402287184e-05,0.0005100588488910686
376,376,376,376,942.0506380882263,9.405446357135805e-06,6.270297571423869e-06,0.0026585794354109377,0.001992350309998724,3.279042388548703e-05,0.00011193654485957768,5.748537419106303e-05,0.0005101046546009305
377,377,377,376,942.0506380882263,9.405446357135805e-06,6.270297571423869e-06,0.0026585794354109377,0.001992350309998724,3.279042388548703e-05,0.00011193654485957768,5.748537419106303e-05,0.0005101046546009305
378,378,378,378,942.0506329713833,9.409140971555763e-06,6.2727606477038424e-06,0.002658683479006394,0.0019923962195936354,3.280021023265717e-05,0.00011193389728704665,5.7493124375661286e-05,0.0005101416123730383
379,379,379,378,942.0506329713833,9.409140971555763e-06,6.2727606477038424e-06,0.002658683479006394,0.0019923962195936354,3.280021023265717e-05,0.00011193389728704665,5.7493124375661286e-05,0.0005101416123730383
380,380,380,380,942.050627049271,9.411810482029548e-06,6.274540321353033e-06,0.002658555548553583,0.001992340651407288,3.2795039561078765e-05,0.00011193711388123251,5.748491710660941e-05,0.0005101873310343913
381,381,381,380,942.050627049271,9.411810482029548e-06,6.274540321353033e-06,0.002658555548553583,0.001992340651407288,3.2795039561078765e-05,0.00011193711388123251,5.748491710660941e-05,0.0005101873310343913
382,382,382,382,942.0506222554109,9.415508330612443e-06,6.277005553741629e-06,0.0026586649293240208,0.0019923948448668546,3.280488798394765e-05,0.00011193457709631483,5.749268280823283e-05,0.0005102247030626473
383,383,383,382,942.0506222554109,9.415508330612443e-06,6.277005553741629e-06,0.0026586649293240208,0.0019923948448668546,3.280488798394765e-05,0.00011193457709631483,5.749268280823283e-05,0.0005102247030626473
384,384,384,384,942.0506166614758,9.418165614116791e-06,6.278777076077862e-06,0.002658541834904455,0.00199234281684789,3.279963696118521e-05,0.0001119378960857107,5.7484554787205766e-05,0.0005102707097016674
385,385,385,384,942.0506166614758,9.418165614116791e-06,6.278777076077862e-06,0.002658541834904455,0.00199234281684789,3.279963696118521e-05,0.0001119378960857107,5.7484554787205766e-05,0.0005102707097016674
386,386,386,386,942.0506121651931,9.421855112712318e-06,6.281236741808213e-06,0.002658633028969959,0.001992377622812026,3.280917669587491e-05,0.0001119353478053365,5.74923719344686e-05,0.0005103094791813311
387,387,387,386,942.0506121651931,9.421855112712318e-06,6.281236741808213e-06,0.002658633028969959,0.001992377622812026,3.280917669587491e-05,0.0001119353478053365,5.74923719344686e-05,0.0005103094791813311
388,388,388,388,942.0506069219712,9.424493290943747e-06,6.2829955272958316e-06,0.002658523177088043,0.001992337725980999,3.280434537690502e-05,0.00011193864433272697,5.748418979154707e-05,0.0005103542937049184
389,389,389,388,942.0506069219712,9.424493290943747e-06,6.2829955272958316e-06,0.002658523177088043,0.001992337725980999,3.280434537690502e-05,0.00011193864433272697,5.748418979154707e-05,0.0005103542937049184
390,390,390,390,942.0506027066981,9.428137546341198e-06,6.285425030894132e-06,0.0026586270857344003,0.0019923865163273212,3.281395599324943e-05,0.00011193576485925719,5.749180402052356e-05,0.0005103896925892643
391,391,391,390,942.0506027066981,9.428137546341198e-06,6.285425030894132e-06,0.0026586270857344003,0.0019923865163273212,3.281395599324943e-05,0.00011193576485925719,5.749180402052356e-05,0.0005103896925892643
392,392,392,392,942.0505978152682,9.430743985849865e-06,6.287162657233244e-06,0.002658503707860261,0.0019923338168215923,3.280884001941736e-05,0.00011193913855394056,5.748372684317993e-05,0.0005104336887865933
393,393,393,392,942.0505978152682,9.430743985849865e-06,6.287162657233244e-06,0.002658503707860261,0.0019923338168215923,3.280884001941736e-05,0.00011193913855394056,5.748372684317993e-05,0.0005104336887865933
394,394,394,394,942.0505938933593,9.434437535926765e-06,6.289625023951176e-06,0.0026586020661011566,0.0019923783906519174,3.2818539576824624e-05,0.00011193638517594144,5.749132910029542e-05,0.0005104718270542419
395,395,395,394,942.0505938933593,9.434437535926765e-06,6.289625023951176e-06,0.0026586020661011566,0.0019923783906519174,3.2818539576824624e-05,0.00011193638517594144,5.749132910029542e-05,0.0005104718270542419
396,396,396,396,942.0505892586675,9.437114332128127e-06,6.291409554752084e-06,0.002658481528865945,0.0019923282715889456,3.2813176341489614e-05,0.00011193955632271468,5.748325634674645e-05,0.0005105175134809319
397,397,397,396,942.0505892586675,9.437114332128127e-06,6.291409554752084e-06,0.002658481528865945,0.0019923282715889456,3.2813176341489614e-05,0.00011193955632271468,5.748325634674645e-05,0.0005105175134809319
398,398,398,398,942.0505856458175,9.440789727116483e-06,6.293859818077656e-06,0.0026585867752736167,0.001992376551029805,3.282310899406504e-05,0.00011193694762636558,5.749092252479299e-05,0.0005105546864466238
399,399,399,398,942.0505856458175,9.440789727116483e-06,6.293859818077656e-06,0.0026585867752736167,0.001992376551029805,3.282310899406504e-05,0.00011193694762636558,5.749092252479299e-05,0.0005105546864466238
400,400,400,400,942.0505813351888,9.443472316905677e-06,6.295648211270452e-06,0.0026584588313865853,0.0019923215934872195,3.281781158588626e-05,0.00011194040102801385,5.748273976118046e-05,0.000510600237602616
401,401,401,400,942.0505813351888,9.443472316905677e-06,6.295648211270452e-06,0.0026584588313865853,0.0019923215934872195,3.281781158588626e-05,0.00011194040102801385,5.748273976118046e-05,0.000510600237602616
402,402,402,402,942.0505781248414,9.447052185973526e-06,6.298034790649017e-06,0.0026585515033217765,0.001992364974127067,3.282701535940041e-05,0.00011193061147190124,5.7490347230501615e-05,0.0005106330579744332
403,403,403,402,942.0505781248414,9.447052185973526e-06,6.298034790649017e-06,0.0026585515033217765,0.001992364974127067,3.282701535940041e-05,0.00011193061147190124,5.7490347230501615e-05,0.0005106330579744332
404,404,404,404,942.0505741279139,9.4496004617306e-06,6.299733641153734e-06,0.0026584343352499414,0.0019923157442920548,3.2822073684456166e-05,0.0001119407087361471,5.748237022708963e-05,0.0005106805073208971
405,405,405,404,942.0505741279139,9.4496004617306e-06,6.299733641153734e-06,0.0026584343352499414,0.0019923157442920548,3.2822073684456166e-05,0.0001119407087361471,5.748237022708963e-05,0.0005106805073208971
406,406,406,406,942.0505710385603,9.453314190499551e-06,6.3022094603330334e-06,0.002658541318307823,0.001992368151695911,3.283187832909401e-05,0.0001119382922952239,5.7490118591539685e-05,0.0005107179643299478
407,407,407,406,942.0505710385603,9.453314190499551e-06,6.3022094603330334e-06,0.002658541318307823,0.001992368151695911,3.283187832909401e-05,0.0001119382922952239,5.7490118591539685e-05,0.0005107179643299478
408,408,408,408,942.0505674376587,9.455882978515184e-06,6.303921985676789e-06,0.00265842544922157,0.0019923219481254987,3.2827117652449445e-05,0.0001119416043928304,5.748183798142542e-05,0.0005107629543897922
409,409,409,408,942.0505674376587,9.455882978515184e-06,6.303921985676789e-06,0.00265842544922157,0.0019923219481254987,3.2827117652449445e-05,0.0001119416043928304,5.748183798142542e-05,0.0005107629543897922
410,410,410,410,942.0505646323128,9.459565783520585e-06,6.306377189013723e-06,0.002658523970606107,0.0019923641488586302,3.2836729127377895e-05,0.00011193862874460048,5.7489813335344364e-05,0.0005108004072317469
411,411,411,410,942.0505646323128,9.459565783520585e-06,6.306377189013723e-06,0.002658523970606107,0.0019923641488586302,3.2836729127377895e-05,0.00011193862874460048,5.7489813335344364e-05,0.0005108004072317469
412,412,412,412,942.0505613692592,9.461977879293704e-06,6.307985252862469e-06,0.0026583899467940656,0.001992305835074286,3.28309854417258e-05,0.00011194214332106267,5.7481573184033075e-05,0.0005108417982969979
413,413,413,412,942.0505613692592,9.461977879293704e-06,6.307985252862469e-06,0.0026583899467940656,0.001992305835074286,3.28309854417258e-05,0.00011194214332106267,5.7481573184033075e-05,0.0005108417982969979
414,414,414,414,942.0505588193673,9.464688857097059e-06,6.30979257139804e-06,0.0026585057156668437,0.0019923580104100934,3.28400460268205e-05,0.00011193930087597843,5.748931533601509e-05,0.0005108658506810572
415,415,415,414,942.0505588193673,9.464688857097059e-06,6.30979257139804e-06,0.0026585057156668437,0.0019923580104100934,3.28400460268205e-05,0.00011193930087597843,5.748931533601509e-05,0.0005108658506810572
416,416,416,416,942.0505557378596,9.466023109611088e-06,6.310682073074058e-06,0.002658387412856155,0.0019923082120707884,3.283373919990562e-05,0.0001119427093697376,5.748133683330242e-05,0.0005108949398549051
417,417,417,416,942.0505557378596,9.466023109611088e-06,6.310682073074058e-06,0.002658387412856155,0.0019923082120707884,3.283373919990562e-05,0.0001119427093697376,5.748133683330242e-05,0.0005108949398549051
418,418,418,418,942.0505532995089,9.468310899624077e-06,6.312207266416052e-06,0.0026584932477722047,0.001992354754034529,3.284255649130263e-05,0.00011193976719904582,5.7489157396457824e-05,0.0005109142231197232
419,419,419,418,942.0505532995089,9.468310899624077e-06,6.312207266416052e-06,0.0026584932477722047,0.001992354754034529,3.284255649130263e-05,0.00011193976719904582,5.7489157396457824e-05,0.0005109142231197232
420,420,420,420,942.0505503233046,9.46952252742217e-06,6.313015018281446e-06,0.0026583835978425657,0.0019923117933962585,3.283614475742963e-05,0.00011194325628379508,5.748117504284639e-05,0.000510941422707694
421,421,421,420,942.0505503233046,9.46952252742217e-06,6.313015018281446e-06,0.0026583835978425657,0.0019923117933962585,3.283614475742963e-05,0.00011194325628379508,5.748117504284639e-05,0.000510941422707694
422,422,422,422,942.050548026091,9.471755275408666e-06,6.31450351693911e-06,0.0026584880200200226,0.001992358227177665,3.2844944356853756e-05,0.00011194017459299568,5.748879278865554e-05,0.0005109586012949346
423,423,423,422,942.050548026091,9.471755275408666e-06,6.31450351693911e-06,0.0026584880200200226,0.001992358227177665,3.2844944356853756e-05,0.00011194017459299568,5.748879278865554e-05,0.0005109586012949346
424,424,424,424,942.0505451197013,9.472944432459274e-06,6.3152962883061825e-06,0.002658368985320349,0.0019923071183841805,3.283855049433099e-05,0.0001119424213012448,5.748101879150119e-05,0.0005109854013535962
425,425,425,424,942.0505451197013,9.472944432459274e-06,6.3152962883061825e-06,0.002658368985320349,0.0019923071183841805,3.283855049433099e-05,0.0001119424213012448,5.748101879150119e-05,0.0005109854013535962
426,426,426,426,942.0505428367187,9.475045638557278e-06,6.316697092371518e-06,0.0026584732866950637,0.0019923510329057275,3.2847140192929225e-05,0.00011194041412918475,5.748877822697035e-05,0.0005110029076043456
427,427,427,426,942.0505428367187,9.475045638557278e-06,6.316697092371518e-06,0.0026584732866950637,0.0019923510329057275,3.2847140192929225e-05,0.00011194041412918475,5.748877822697035e-05,0.0005110029076043456
428,428,428,428,942.0505400353726,9.476089484372618e-06,6.317392989581745e-06,0.0026583645365856564,0.0019923109728371144,3.284075097306771e-05,0.00011194396920167848,5.7480892217229296e-05,0.0005110273379179231
429,429,429,428,942.0505400353726,9.476089484372618e-06,6.317392989581745e-06,0.0026583645365856564,0.0019923109728371144,3.284075097306771e-05,0.00011194396920167848,5.7480892217229296e-05,0.0005110273379179231
430,430,430,430,942.0505378189184,9.478145570340768e-06,6.318763713560512e-06,0.00265846979060683,0.0019923544241542113,3.284901311287336e-05,0.00011194063214790427,5.748867338412761e-05,0.0005110426800447748
431,431,431,430,942.0505378189184,9.478145570340768e-06,6.318763713560512e-06,0.00265846979060683,0.0019923544241542113,3.284901311287336e-05,0.00011194063214790427,5.748867338412761e-05,0.0005110426800447748
432,432,432,432,942.050535095746,9.479237012471886e-06,6.3194913416479235e-06,0.002658360340503414,0.0019923144049688885,3.2842797947948976e-05,0.00011194448473062375,5.748075299365912e-05,0.0005110687967411416
433,433,433,432,942.050535095746,9.479237012471886e-06,6.3194913416479235e-06,0.002658360340503414,0.0019923144049688885,3.2842797947948976e-05,0.00011194448473062375,5.748075299365912e-05,0.0005110687967411416
434,434,434,434,942.0505329631458,9.481427533902798e-06,6.320951689268531e-06,0.00265846572812027,0.001992358834588704,3.2851480399394284e-05,0.00011194153587301324,5.7488597400887076e-05,0.0005110857779450349
435,435,435,434,942.0505329631458,9.481427533902798e-06,6.320951689268531e-06,0.00265846572812027,0.001992358834588704,3.2851480399394284e-05,0.00011194153587301324,5.7488597400887076e-05,0.0005110857779450349
436,436,436,436,942.0505303487803,9.482433536212032e-06,6.321622357474688e-06,0.002658364525107924,0.0019923237641361153,3.2845003277638674e-05,0.00011194493236161619,5.748044846748401e-05,0.0005111117077831721
437,437,437,436,942.0505303487803,9.482433536212032e-06,6.321622357474688e-06,0.002658364525107924,0.0019923237641361153,3.2845003277638674e-05,0.00011194493236161619,5.748044846748401e-05,0.0005111117077831721
438,438,438,438,942.0505282630609,9.48446228701827e-06,6.322974858012181e-06,0.002658451031138754,0.001992351462209243,3.285357237471642e-05,0.0001119418600334316,5.7488448450722374e-05,0.0005111255986609004
439,439,439,438,942.0505282630609,9.48446228701827e-06,6.322974858012181e-06,0.002658451031138754,0.001992351462209243,3.285357237471642e-05,0.0001119418600334316,5.7488448450722374e-05,0.0005111255986609004
440,440,440,440,942.0505257251125,9.485369618200679e-06,6.323579745467118e-06,0.002658345632689206,0.0019923154871774673,3.2846813260843655e-05,0.00011194524679787277,5.7480476157521776e-05,0.0005111492143735583
441,441,441,440,942.0505257251125,9.485369618200679e-06,6.323579745467118e-06,0.002658345632689206,0.0019923154871774673,3.2846813260843655e-05,0.00011194524679787277,5.7480476157521776e-05,0.0005111492143735583
442,442,442,442,942.0505237098973,9.487440555094873e-06,6.324960370063248e-06,0.0026584537386560906,0.001992362042108083,3.285527659672993e-05,0.00011194227941411421,5.748834601570357e-05,0.0005111646843898058
443,443,443,442,942.0505237098973,9.487440555094873e-06,6.324960370063248e-06,0.0026584537386560906,0.001992362042108083,3.285527659672993e-05,0.00011194227941411421,5.748834601570357e-05,0.0005111646843898058
444,444,444,444,942.05052123639,9.48843890349882e-06,6.3256259356658795e-06,0.0026583399213688636,0.0019923173110254363,3.284896803480708e-05,0.00011194566823585024,5.7480344467945865e-05,0.0005111897197587628
445,445,445,444,942.05052123639,9.48843890349882e-06,6.3256259356658795e-06,0.0026583399213688636,0.0019923173110254363,3.284896803480708e-05,0.00011194566823585024,5.7480344467945865e-05,0.0005111897197587628
446,446,446,446,942.0505192816571,9.490468101558402e-06,6.326978734372268e-06,0.002658445178071934,0.001992358766298741,3.2857546817033345e-05,0.00011194267167477443,5.748830714265296e-05,0.0005112035578895629
447,447,447,446,942.0505192816571,9.490468101558402e-06,6.326978734372268e-06,0.002658445178071934,0.001992358766298741,3.2857546817033345e-05,0.00011194267167477443,5.748830714265296e-05,0.0005112035578895629
448,448,448,448,942.0505168964262,9.491478202311443e-06,6.327652134874295e-06,0.002658335378553254,0.001992319772386945,3.285111851162453e-05,0.00011194634993943187,5.7480256283590214e-05,0.0005112294072732152
449,449,449,448,942.0505168964262,9.491478202311443e-06,6.327652134874295e-06,0.002658335378553254,0.001992319772386945,3.285111851162453e-05,0.00011194634993943187,5.7480256283590214e-05,0.0005112294072732152
450,450,450,450,942.0505150041465,9.493527306586591e-06,6.329018204391062e-06,0.002658440107575747,0.0019923605686557417,3.285937273420081e-05,0.00011194299609618204,5.748808323007698e-05,0.0005112443135783335
451,451,451,450,942.0505150041465,9.493527306586591e-06,6.329018204391062e-06,0.002658440107575747,0.0019923605686557417,3.285937273420081e-05,0.00011194299609618204,5.748808323007698e-05,0.0005112443135783335
452,452,452,452,942.0505126939461,9.494519447511562e-06,6.329679631674374e-06,0.002658328142665137,0.0019923209696691255,3.285309172744444e-05,0.00011194650923456883,5.7480065459317164e-05,0.0005112695947543718
453,453,453,452,942.0505126939461,9.494519447511562e-06,6.329679631674374e-06,0.002658328142665137,0.0019923209696691255,3.285309172744444e-05,0.00011194650923456883,5.7480065459317164e-05,0.0005112695947543718
454,454,454,454,942.0505108663149,9.496554533694468e-06,6.331036355796312e-06,0.0026584263758831633,0.001992357327333786,3.286140271015897e-05,0.00011194341522406995,5.748791305770079e-05,0.0005112841560014601
455,455,455,454,942.0505108663149,9.496554533694468e-06,6.331036355796312e-06,0.0026584263758831633,0.001992357327333786,3.286140271015897e-05,0.00011194341522406995,5.748791305770079e-05,0.0005112841560014601
456,456,456,456,942.0505086463438,9.49749624803986e-06,6.331664165359907e-06,0.0026583268445134547,0.0019923244955909027,3.2854852106224686e-05,0.00011194698280378985,5.7480022734868186e-05,0.000511308715638502
457,457,457,456,942.0505086463438,9.49749624803986e-06,6.331664165359907e-06,0.0026583268445134547,0.0019923244955909027,3.2854852106224686e-05,0.00011194698280378985,5.7480022734868186e-05,0.000511308715638502
458,458,458,458,942.0505068705226,9.499330527296124e-06,6.332887018197416e-06,0.002658424624760626,0.0019923625852377217,3.286325908733595e-05,0.00011194354472761648,5.748770226512989e-05,0.0005113199702740325
459,459,459,458,942.0505068705226,9.499330527296124e-06,6.332887018197416e-06,0.002658424624760626,0.0019923625852377217,3.286325908733595e-05,0.00011194354472761648,5.748770226512989e-05,0.0005113199702740325
460,460,460,460,942.0505046778094,9.499385393102466e-06,6.332923595401644e-06,0.0026583258461681768,0.0019923298818926034,3.285592173835755e-05,0.00011194695170321643,5.7479908472643504e-05,0.000511332048306704
461,461,461,460,942.0505046778094,9.499385393102466e-06,6.332923595401644e-06,0.0026583258461681768,0.0019923298818926034,3.285592173835755e-05,0.00011194695170321643,5.7479908472643504e-05,0.000511332048306704
462,462,462,462,942.0505030162873,9.500784490079628e-06,6.333856326719751e-06,0.0026584176578707667,0.001992362444125064,3.28637975485907e-05,0.00011194331743561795,5.748771269220576e-05,0.0005113342933076857
463,463,463,462,942.0505030162873,9.500784490079628e-06,6.333856326719751e-06,0.0026584176578707667,0.001992362444125064,3.28637975485907e-05,0.00011194331743561795,5.748771269220576e-05,0.0005113342933076857
464,464,464,464,942.0505008425175,9.500826378738836e-06,6.333884252492558e-06,0.0026583158542044533,0.001992327545858397,3.285639788718625e-05,0.00011194670948065779,5.7479812204233593e-05,0.0005113477750109375
465,465,465,464,942.0505008425175,9.500826378738836e-06,6.333884252492558e-06,0.0026583158542044533,0.001992327545858397,3.285639788718625e-05,0.00011194670948065779,5.7479812204233593e-05,0.0005113477750109375
466,466,466,466,942.0504992326986,9.502126634169938e-06,6.334751089446625e-06,0.0026584186353844513,0.0019923670821643557,3.286421494753944e-05,0.00011194327265631161,5.7487674508187314e-05,0.0005113513415798614
467,467,467,466,942.0504992326986,9.502126634169938e-06,6.334751089446625e-06,0.0026584186353844513,0.0019923670821643557,3.286421494753944e-05,0.00011194327265631161,5.7487674508187314e-05,0.0005113513415798614
468,468,468,468,942.0504971024643,9.502006382000605e-06,6.3346709213337365e-06,0.002658317273661233,0.001992333602486008,3.2856590898626414e-05,0.00011194635895283103,5.7479788985598246e-05,0.0005113601954172438
469,469,469,468,942.0504971024643,9.502006382000605e-06,6.3346709213337365e-06,0.002658317273661233,0.001992333602486008,3.2856590898626414e-05,0.00011194635895283103,5.7479788985598246e-05,0.0005113601954172438
470,470,470,470,942.0504955738753,9.503313993242113e-06,6.335542662161409e-06,0.002658411965962483,0.0019923662359268585,3.286453816869761e-05,0.00011194285123452581,5.748752482229863e-05,0.0005113636293668873
471,471,471,470,942.0504955738753,9.503313993242113e-06,6.335542662161409e-06,0.002658411965962483,0.0019923662359268585,3.286453816869761e-05,0.00011194285123452581,5.748752482229863e-05,0.0005113636293668873
472,472,472,472,942.050493459771,9.503312499853367e-06,6.335541666568911e-06,0.002658315855878447,0.001992337040043606,3.2856990759937144e-05,0.0001119459183113532,5.7479709009822244e-05,0.000511374446033674
473,473,473,472,942.050493459771,9.503312499853367e-06,6.335541666568911e-06,0.002658315855878447,0.001992337040043606,3.2856990759937144e-05,0.0001119459183113532,5.7479709009822244e-05,0.000511374446033674
474,474,474,474,942.0504919929624,9.50462919219186e-06,6.33641946146124e-06,0.0026584198887624117,0.001992377087756188,3.286492508965122e-05,0.00011194264133197843,5.748743433030973e-05,0.0005113783358232652
475,475,475,474,942.0504919929624,9.50462919219186e-06,6.33641946146124e-06,0.0026584198887624117,0.001992377087756188,3.286492508965122e-05,0.00011194264133197843,5.748743433030973e-05,0.0005113783358232652
476,476,476,476,942.0504899137521,9.5046814412858e-06,6.336454294190533e-06,0.002658315006602317,0.0019923409235472335,3.285735880011881e-05,0.00011194596394577058,5.747968320423541e-05,0.0005113900796134851
477,477,477,476,942.0504899137521,9.5046814412858e-06,6.336454294190533e-06,0.002658315006602317,0.0019923409235472335,3.285735880011881e-05,0.00011194596394577058,5.747968320423541e-05,0.0005113900796134851
478,478,478,478,942.050488488042,9.505915785273933e-06,6.337277190182622e-06,0.002658418741128543,0.0019923805793113274,3.2865156552708275e-05,0.00011194243247844839,5.7487491881877406e-05,0.0005113924524590528
479,479,479,478,942.050488488042,9.505915785273933e-06,6.337277190182622e-06,0.002658418741128543,0.0019923805793113274,3.2865156552708275e-05,0.00011194243247844839,5.7487491881877406e-05,0.0005113924524590528
480,480,480,480,942.0504864220964,9.505843253015955e-06,6.33722883534397e-06,0.0026583159984667534,0.001992346473651323,3.285762660616698e-05,0.00011194570665472906,5.747961510793598e-05,0.0005114022628296969
481,481,481,480,942.0504864220964,9.505843253015955e-06,6.33722883534397e-06,0.0026583159984667534,0.001992346473651323,3.285762660616698e-05,0.00011194570665472906,5.747961510793598e-05,0.0005114022628296969
482,482,482,482,942.050485089886,9.507141928127849e-06,6.338094618751899e-06,0.0026584140611516684,0.0019923821354510727,3.286546493429937e-05,0.00011194223227702661,5.7487493955031554e-05,0.0005114059876672322
483,483,483,482,942.050485089886,9.507141928127849e-06,6.338094618751899e-06,0.0026584140611516684,0.0019923821354510727,3.286546493429937e-05,0.00011194223227702661,5.7487493955031554e-05,0.0005114059876672322
484,484,484,484,942.0504830572846,9.507042814715927e-06,6.338028543143951e-06,0.002658308769506386,0.001992344940733445,3.285791789882364e-05,0.00011194542718411554,5.747953070836531e-05,0.0005114152856379604
485,485,485,484,942.0504830572846,9.507042814715927e-06,6.338028543143951e-06,0.002658308769506386,0.001992344940733445,3.285791789882364e-05,0.00011194542718411554,5.747953070836531e-05,0.0005114152856379604
486,486,486,486,942.0504817615395,9.508442562589092e-06,6.338961708392729e-06,0.0026584132957812555,0.0019923861881303295,3.2865988126642987e-05,0.00011194215391641395,5.748739397810898e-05,0.0005114210792099209
487,487,487,486,942.0504817615395,9.508442562589092e-06,6.338961708392729e-06,0.0026584132957812555,0.0019923861881303295,3.2865988126642987e-05,0.00011194215391641395,5.748739397810898e-05,0.0005114210792099209
488,488,488,488,942.0504797226761,9.508427277510334e-06,6.338951518340223e-06,0.0026583069469791488,0.001992346945910048,3.285868957123711e-05,0.00011194517437781458,5.7479433081625286e-05,0.0005114325091619019
489,489,489,488,942.0504797226761,9.508427277510334e-06,6.338951518340223e-06,0.0026583069469791488,0.001992346945910048,3.285868957123711e-05,0.00011194517437781458,5.7479433081625286e-05,0.0005114325091619019
490,490,490,490,942.050478493857,9.509229918130968e-06,6.3394866120873115e-06,0.0026584121744370726,0.0019923879959000803,3.286647263226611e-05,0.00011194219760574478,5.7487229164300546e-05,0.0005114312954743749
491,491,491,490,942.050478493857,9.509229918130968e-06,6.3394866120873115e-06,0.0026584121744370726,0.0019923879959000803,3.286647263226611e-05,0.00011194219760574478,5.7487229164300546e-05,0.0005114312954743749
492,492,492,492,942.0504764365843,9.509104410720948e-06,6.339402940480632e-06,0.0026583070888098388,0.0019923495482596157,3.285915678281903e-05,0.00011194566650948382,5.747945670241811e-05,0.0005114416296374128
493,493,493,492,942.0504764365843,9.509104410720948e-06,6.339402940480632e-06,0.0026583070888098388,0.0019923495482596157,3.285915678281903e-05,0.00011194566650948382,5.747945670241811e-05,0.0005114416296374128
494,494,494,494,942.0504751941445,9.509515247391187e-06,6.339676831594124e-06,0.002658413716668128,0.0019923893069797426,3.286683067536128e-05,0.00011194238667366244,5.7487469959018045e-05,0.0005114351885281673
495,495,495,494,942.0504751941445,9.509515247391187e-06,6.339676831594124e-06,0.002658413716668128,0.0019923893069797426,3.286683067536128e-05,0.00011194238667366244,5.7487469959018045e-05,0.0005114351885281673
496,496,496,496,942.0504731642427,9.50927305395921e-06,6.339515369306141e-06,0.0026583047788908687,0.0019923470802696397,3.2859134409507496e-05,0.00011194546398121525,5.747937087732108e-05,0.00051144364634644
497,497,497,496,942.0504731642427,9.50927305395921e-06,6.339515369306141e-06,0.0026583047788908687,0.0019923470802696397,3.2859134409507496e-05,0.00011194546398121525,5.747937087732108e-05,0.00051144364634644
498,498,498,498,942.0504719537721,9.509678243146968e-06,6.339785495431313e-06,0.0026584071575128086,0.001992385394247941,3.2866808645441725e-05,0.00011194251530931667,5.748737666907977e-05,0.0005114375509430435
499,499,499,498,942.0504719537721,9.509678243146968e-06,6.339785495431313e-06,0.0026584071575128086,0.001992385394247941,3.2866808645441725e-05,0.00011194251530931667,5.748737666907977e-05,0.0005114375509430435
500,500,500,500,942.0504698764329,9.509340710672776e-06,6.33956047378185e-06,0.002658308193885399,0.0019923502126992366,3.285921301165312e-05,0.00011194556879542546,5.747946632894685e-05,0.0005114445573454643
501,501,501,500,942.0504698764329,9.509340710672776e-06,6.33956047378185e-06,0.002658308193885399,0.0019923502126992366,3.285921301165312e-05,0.00011194556879542546,5.747946632894685e-05,0.0005114445573454643
502,502,502,502,942.0504686888705,9.509813282460033e-06,6.339875521640023e-06,0.0026584085034708233,0.0019923865859183204,3.286701564202826e-05,0.00011194246830636631,5.7487494245861415e-05,0.0005114394175537206
503,503,503,502,942.0504686888705,9.509813282460033e-06,6.339875521640023e-06,0.0026584085034708233,0.0019923865859183204,3.286701564202826e-05,0.00011194246830636631,5.7487494245861415e-05,0.0005114394175537206
504,504,504,504,942.0504666224364,9.509401210333612e-06,6.339600806889074e-06,0.002658308211252536,0.001992351303547365,3.28592675388692e-05,0.00011194566964451393,5.74794726517433e-05,0.0005114455231518476
505,505,505,504,942.0504666224364,9.509401210333612e-06,6.339600806889074e-06,0.002658308211252536,0.001992351303547365,3.28592675388692e-05,0.00011194566964451393,5.74794726517433e-05,0.0005114455231518476
506,506,506,506,942.0504654577824,9.50987942371917e-06,6.339919615812779e-06,0.0026584092842666476,0.0019923882837312628,3.286695737828027e-05,0.00011194214523342462,5.748745811428452e-05,0.0005114402376855683
507,507,507,506,942.0504654577824,9.50987942371917e-06,6.339919615812779e-06,0.0026584092842666476,0.0019923882837312628,3.286695737828027e-05,0.00011194214523342462,5.748745811428452e-05,0.0005114402376855683
508,508,508,508,942.0504633475485,9.509440045463169e-06,6.339626696975445e-06,0.002658308449275452,0.001992351726244768,3.285933018509074e-05,0.00011194585138984057,5.747952667248951e-05,0.0005114462901549269
509,509,509,508,942.0504633475485,9.509440045463169e-06,6.339626696975445e-06,0.002658308449275452,0.001992351726244768,3.285933018509074e-05,0.00011194585138984057,5.747952667248951e-05,0.0005114462901549269
510,510,510,510,942.0504621765675,9.50988866557645e-06,6.339925777050967e-06,0.00265841053040744,0.0019923886110205092,3.2867054419592756e-05,0.00011194273622973982,5.748749677340209e-05,0.0005114404020537779
511,511,511,510,942.0504621765675,9.50988866557645e-06,6.339925777050967e-06,0.00265841053040744,0.0019923886110205092,3.2867054419592756e-05,0.00011194273622973982,5.748749677340209e-05,0.0005114404020537779
512,512,512,512,942.0504600618956,9.509504753396625e-06,6.33966983559775e-06,0.0026583114065453647,0.0019923536231440143,3.285927311497128e-05,0.00011194591765465817,5.7479513070224364e-05,0.0005114471292065
513,513,513,512,942.0504600618956,9.509504753396625e-06,6.33966983559775e-06,0.0026583114065453647,0.0019923536231440143,3.285927311497128e-05,0.00011194591765465817,5.7479513070224364e-05,0.0005114471292065
514,514,514,514,942.050458952128,9.509956069408965e-06,6.3399707129393095e-06,0.002658410870874963,0.001992387502713118,3.2866973689503476e-05,0.00011194249339796142,5.748740161098248e-05,0.0005114414284246407
515,515,515,514,942.050458952128,9.509956069408965e-06,6.3399707129393095e-06,0.002658410870874963,0.001992387502713118,3.2866973689503476e-05,0.00011194249339796142,5.748740161098248e-05,0.0005114414284246407
516,516,516,516,942.0504568034642,9.509452738171165e-06,6.3396351587807764e-06,0.0026583065853256834,0.0019923513913696887,3.285921540532172e-05,0.00011194579713254282,5.7479543194752236e-05,0.0005114464510110301
517,517,517,516,942.0504568034642,9.509452738171165e-06,6.3396351587807764e-06,0.0026583065853256834,0.0019923513913696887,3.285921540532172e-05,0.00011194579713254282,5.7479543194752236e-05,0.0005114464510110301
518,518,518,518,942.0504556931663,9.509868622331608e-06,6.339912414887739e-06,0.0026584112989611903,0.001992388894026316,3.286688433252333e-05,0.00011194255100543206,5.748751720410089e-05,0.0005114393305492113
519,519,519,518,942.0504556931663,9.509868622331608e-06,6.339912414887739e-06,0.0026584112989611903,0.001992388894026316,3.286688433252333e-05,0.00011194255100543206,5.748751720410089e-05,0.0005114393305492113
520,520,520,520,942.0504535544201,9.50955492473593e-06,6.339703283157286e-06,0.002658314932111621,0.001992356897475074,3.28592640802608e-05,0.0001119460446691603,5.747956114358216e-05,0.0005114480996098964
521,521,521,520,942.0504535544201,9.50955492473593e-06,6.339703283157286e-06,0.002658314932111621,0.001992356897475074,3.28592640802608e-05,0.0001119460446691603,5.747956114358216e-05,0.0005114480996098964
522,522,522,522,942.050452457761,9.509964078224797e-06,6.339976052149865e-06,0.002658412489280264,0.0019923895878796952,3.286707910776093e-05,0.00011194175802719435,5.748705904225909e-05,0.0005114449387690151
523,523,523,522,942.050452457761,9.509964078224797e-06,6.339976052149865e-06,0.002658412489280264,0.0019923895878796952,3.286707910776093e-05,0.00011194175802719435,5.748705904225909e-05,0.0005114449387690151
524,524,524,524,942.0504501823222,9.50954902850798e-06,6.339699352338654e-06,0.0026583104536215003,0.001992353642415055,3.285925399318379e-05,0.00011194593511800157,5.7479562639843607e-05,0.0005114479862195942
525,525,525,524,942.0504501823222,9.50954902850798e-06,6.339699352338654e-06,0.0026583104536215003,0.001992353642415055,3.285925399318379e-05,0.00011194593511800157,5.7479562639843607e-05,0.0005114479862195942
526,526,526,526,942.0504492579996,9.509919410150003e-06,6.339946273433336e-06,0.00265840867053946,0.0019923865060886433,3.286705551763108e-05,0.00011194255250916783,5.748744409520695e-05,0.0005114413660051789
527,527,527,527,942.0504422386743,9.509843180516286e-06,6.339895453677524e-06,0.0026583639689397426,0.001992373436881495,3.286465271837985e-05,0.00011194512020122106,5.7483923618463495e-05,0.0005114481628155846
528,528,528,527,942.0504422386743,9.509843180516286e-06,6.339895453677524e-06,0.0026583639689397426,0.001992373436881495,3.286465271837985e-05,0.00011194512020122106,5.7483923618463495e-05,0.0005114481628155846
529,529,529,529,942.0504414572612,9.50943022859363e-06,6.339620152395753e-06,0.0026583446354658314,0.0019923753997144514,3.286322061105129e-05,0.00011194581312156293,5.748089479729046e-05,0.0005114493826378894
530,530,530,529,942.0504414572612,9.50943022859363e-06,6.339620152395753e-06,0.0026583446354658314,0.0019923753997144514,3.286322061105129e-05,0.00011194581312156293,5.748089479729046e-05,0.0005114493826378894
531,531,531,531,942.0504412348929,9.509539280139201e-06,6.339692853426134e-06,0.0026583615243375366,0.0019923685897238995,3.286512349377768e-05,0.00011194405364170856,5.748309954492492e-05,0.0005114445635351426
532,532,532,531,942.0504412348929,9.509539280139201e-06,6.339692853426134e-06,0.0026583615243375366,0.0019923685897238995,3.286512349377768e-05,0.00011194405364170856,5.748309954492492e-05,0.0005114445635351426
533,533,533,533,942.0504407975136,9.509378370020638e-06,6.339585580013758e-06,0.0026583309494800796,0.0019923731525304826,3.286196085250381e-05,0.00011194639039111135,5.747991083487891e-05,0.0005114495779135781
534,534,534,533,942.0504407975136,9.509378370020638e-06,6.339585580013758e-06,0.0026583309494800796,0.0019923731525304826,3.286196085250381e-05,0.00011194639039111135,5.747991083487891e-05,0.0005114495779135781
535,535,535,535,942.0504399375534,9.509738302104775e-06,6.3398255347365175e-06,0.0026583830608498185,0.0019923871200691673,3.286499942235788e-05,0.00011194438356534333,5.748397950442602e-05,0.0005114463102260142
536,536,536,535,942.0504399375534,9.509738302104775e-06,6.3398255347365175e-06,0.0026583830608498185,0.0019923871200691673,3.286499942235788e-05,0.00011194438356534333,5.748397950442602e-05,0.0005114463102260142
537,537,537,537,942.0504392497279,9.50941326571808e-06,6.339608843812053e-06,0.0026583362023615675,0.001992371803873917,3.286155445079986e-05,0.00011194638940724918,5.747989596912445e-05,0.0005114488636422535
538,538,538,537,942.0504392497279,9.50941326571808e-06,6.339608843812053e-06,0.0026583362023615675,0.001992371803873917,3.286155445079986e-05,0.00011194638940724918,5.747989596912445e-05,0.0005114488636422535
539,539,539,539,942.0504382640647,9.509548621028374e-06,6.339699080685582e-06,0.002658381627647876,0.001992386267060477,3.286518849376224e-05,0.00011194449588400024,5.748383842388294e-05,0.0005114447450824283
540,540,540,539,942.0504382640647,9.509548621028374e-06,6.339699080685582e-06,0.002658381627647876,0.001992386267060477,3.286518849376224e-05,0.00011194449588400024,5.748383842388294e-05,0.0005114447450824283
541,541,541,541,942.0504375804105,9.509420970055249e-06,6.339613980036833e-06,0.002658336724220157,0.001992372179482173,3.286148181658871e-05,0.00011194638312641224,5.74799412611654e-05,0.0005114488413357263
542,542,542,541,942.0504375804105,9.509420970055249e-06,6.339613980036833e-06,0.002658336724220157,0.001992372179482173,3.286148181658871e-05,0.00011194638312641224,5.74799412611654e-05,0.0005114488413357263
543,543,543,543,942.050436596724,9.509553572623064e-06,6.33970238174871e-06,0.002658385301003962,0.0019923891414222157,3.286521985938068e-05,0.00011194464131138385,5.74838243268469e-05,0.0005114448888815617
544,544,544,543,942.050436596724,9.509553572623064e-06,6.33970238174871e-06,0.002658385301003962,0.0019923891414222157,3.286521985938068e-05,0.00011194464131138385,5.74838243268469e-05,0.0005114448888815617
545,545,545,545,942.0504359101756,9.509333284252186e-06,6.339555522834791e-06,0.002658333920413997,0.0019923705073852513,3.28614706616992e-05,0.00011194625774041837,5.7479901786720855e-05,0.0005114475173024511
546,546,546,545,942.0504359101756,9.509333284252186e-06,6.339555522834791e-06,0.002658333920413997,0.0019923705073852513,3.28614706616992e-05,0.00011194625774041837,5.7479901786720855e-05,0.0005114475173024511
547,547,547,547,942.0504349228802,9.50948441708066e-06,6.3396562780537735e-06,0.0026583800292255197,0.0019923854226163635,3.286508890105316e-05,0.000111944452022295,5.748387844536906e-05,0.0005114439102712985
548,548,548,547,942.0504349228802,9.50948441708066e-06,6.3396562780537735e-06,0.0026583800292255197,0.0019923854226163635,3.286508890105316e-05,0.000111944452022295,5.748387844536906e-05,0.0005114439102712985
549,549,549,549,942.0504342429995,9.509367911358924e-06,6.339578607572616e-06,0.0026583356928689757,0.0019923716153323516,3.286143400824809e-05,0.00011194632502088961,5.747997262765814e-05,0.0005114480817029609
550,550,550,549,942.0504342429995,9.509367911358924e-06,6.339578607572616e-06,0.0026583356928689757,0.0019923716153323516,3.286143400824809e-05,0.00011194632502088961,5.747997262765814e-05,0.0005114480817029609
551,551,551,551,942.0504332506107,9.509509236421687e-06,6.339672824281125e-06,0.0026583804719118604,0.0019923858029026716,3.286509655347353e-05,0.00011194450647209495,5.748388275277766e-05,0.0005114442174547255
552,552,552,551,942.0504332506107,9.509509236421687e-06,6.339672824281125e-06,0.0026583804719118604,0.0019923858029026716,3.286509655347353e-05,0.00011194450647209495,5.748388275277766e-05,0.0005114442174547255
553,553,553,553,942.0504325731788,9.509377577848754e-06,6.339585051899169e-06,0.0026583364701685576,0.001992372380386495,3.2861429312212864e-05,0.00011194635171882364,5.7479983015036595e-05,0.0005114482662850824
554,554,554,553,942.0504325731788,9.509377577848754e-06,6.339585051899169e-06,0.0026583364701685576,0.001992372380386495,3.2861429312212864e-05,0.00011194635171882364,5.7479983015036595e-05,0.0005114482662850824
555,555,555,555,942.050431568296,9.50948481989733e-06,6.339656546598219e-06,0.0026583816480348203,0.0019923864818544123,3.28651181006126e-05,0.0001119445683251718,5.748392354383569e-05,0.0005114440037989541
556,556,556,555,942.050431568296,9.50948481989733e-06,6.339656546598219e-06,0.0026583816480348203,0.0019923864818544123,3.28651181006126e-05,0.0001119445683251718,5.748392354383569e-05,0.0005114440037989541
557,557,557,557,942.0504309003611,9.509379157918163e-06,6.339586105278775e-06,0.0026583370208393153,0.001992373253323252,3.2861399772841915e-05,0.00011194638326886919,5.74799929815642e-05,0.0005114487619244628
558,558,558,557,942.0504309003611,9.509379157918163e-06,6.339586105278775e-06,0.0026583370208393153,0.001992373253323252,3.2861399772841915e-05,0.00011194638326886919,5.74799929815642e-05,0.0005114487619244628
559,559,559,559,942.0504298980679,9.509530609214112e-06,6.339687072809409e-06,0.002658382015948231,0.0019923864887150143,3.286507587180881e-05,0.00011194450217361724,5.74839201913091e-05,0.0005114444703336867
560,560,560,559,942.0504298980679,9.509530609214112e-06,6.339687072809409e-06,0.002658382015948231,0.0019923864887150143,3.286507587180881e-05,0.00011194450217361724,5.74839201913091e-05,0.0005114444703336867
561,561,561,561,942.0504292310686,9.509387170980599e-06,6.3395914473204e-06,0.002658335064648926,0.0019923714954956807,3.286144110263567e-05,0.00011194634779717377,5.7480009467481e-05,0.0005114485020899022
562,562,562,561,942.0504292310686,9.509387170980599e-06,6.3395914473204e-06,0.002658335064648926,0.0019923714954956807,3.286144110263567e-05,0.00011194634779717377,5.7480009467481e-05,0.0005114485020899022
563,563,563,563,942.0504282200275,9.50949113248667e-06,6.3396607549911135e-06,0.0026583835151061147,0.001992388359547356,3.2865168840566505e-05,0.00011194455278732107,5.7484023589453315e-05,0.0005114439645870455
564,564,564,563,942.0504282200275,9.50949113248667e-06,6.3396607549911135e-06,0.0026583835151061147,0.001992388359547356,3.2865168840566505e-05,0.00011194455278732107,5.7484023589453315e-05,0.0005114439645870455
565,565,565,565,942.0504275576299,9.509334637808342e-06,6.339556425205561e-06,0.0026583358305426364,0.0019923719742405777,3.286137479107526e-05,0.00011194630300779879,5.7480028564475816e-05,0.0005114478630369014
566,566,566,565,942.0504275576299,9.509334637808342e-06,6.339556425205561e-06,0.0026583358305426364,0.0019923719742405777,3.286137479107526e-05,0.00011194630300779879,5.7480028564475816e-05,0.0005114478630369014
567,567,567,567,942.0504265439832,9.509470843632739e-06,6.339647229088493e-06,0.0026583828156556016,0.001992387458560409,3.2865044829473444e-05,0.00011194460643156349,5.7483990276184505e-05,0.0005114438106799679
568,568,568,567,942.0504265439832,9.509470843632739e-06,6.339647229088493e-06,0.0026583828156556016,0.001992387458560409,3.2865044829473444e-05,0.00011194460643156349,5.7483990276184505e-05,0.0005114438106799679
569,569,569,569,942.0504258934246,9.509404396590426e-06,6.339602931060284e-06,0.0026583374804394553,0.0019923732400942036,3.2861379593900064e-05,0.00011194643914979143,5.74800527596217e-05,0.0005114487327184619
570,570,570,569,942.0504258934246,9.509404396590426e-06,6.339602931060284e-06,0.0026583374804394553,0.0019923732400942036,3.2861379593900064e-05,0.00011194643914979143,5.74800527596217e-05,0.0005114487327184619
571,571,571,571,942.0504248798698,9.509565280396703e-06,6.339710186931136e-06,0.0026583834058066954,0.001992388152344723,3.286506628160518e-05,0.00011194460415447138,5.748394632935916e-05,0.0005114450119692622
572,572,572,571,942.0504248798698,9.509565280396703e-06,6.339710186931136e-06,0.0026583834058066954,0.001992388152344723,3.286506628160518e-05,0.00011194460415447138,5.748394632935916e-05,0.0005114450119692622
573,573,573,573,942.0504242219874,9.50942760458151e-06,6.33961840305434e-06,0.0026583367727064672,0.0019923728469268542,3.286136660803768e-05,0.00011194627016346467,5.7480052987606e-05,0.0005114491604674765
574,574,574,573,942.0504242219874,9.50942760458151e-06,6.33961840305434e-06,0.0026583367727064672,0.0019923728469268542,3.286136660803768e-05,0.00011194627016346467,5.7480052987606e-05,0.0005114491604674765
575,575,575,575,942.0504232057898,9.50958689582837e-06,6.339724597218914e-06,0.0026583834067517194,0.001992388025101755,3.286511717491558e-05,0.00011194464140191339,5.748399071291849e-05,0.0005114452764875556
576,576,576,575,942.0504232057898,9.50958689582837e-06,6.339724597218914e-06,0.0026583834067517194,0.001992388025101755,3.286511717491558e-05,0.00011194464140191339,5.748399071291849e-05,0.0005114452764875556
577,577,577,577,942.0504225521977,9.509377383198903e-06,6.339584922132602e-06,0.0026583330137179544,0.0019923698934242676,3.286134851182565e-05,0.00011194643060304872,5.748006302661729e-05,0.0005114484082664758
578,578,578,577,942.0504225521977,9.509377383198903e-06,6.339584922132602e-06,0.0026583330137179544,0.0019923698934242676,3.286134851182565e-05,0.00011194643060304872,5.748006302661729e-05,0.0005114484082664758
579,579,579,579,942.0504215306471,9.509548298536341e-06,6.3396988656908935e-06,0.002658385373920736,0.0019923897787089166,3.28650956594595e-05,0.00011194459331655238,5.7484018801283454e-05,0.0005114448832818836
580,580,580,579,942.0504215306471,9.509548298536341e-06,6.3396988656908935e-06,0.002658385373920736,0.0019923897787089166,3.28650956594595e-05,0.00011194459331655238,5.7484018801283454e-05,0.0005114448832818836
581,581,581,581,942.0504208839234,9.509413056468796e-06,6.339608704312532e-06,0.002658337924222103,0.0019923735130059584,3.286133758947929e-05,0.00011194622654084435,5.74801595523422e-05,0.0005114488940479654
582,582,582,581,942.0504208839234,9.509413056468796e-06,6.339608704312532e-06,0.002658337924222103,0.0019923735130059584,3.286133758947929e-05,0.00011194622654084435,5.74801595523422e-05,0.0005114488940479654
583,583,583,583,942.0504198630543,9.509552834185975e-06,6.3397018894573165e-06,0.0026583821389086193,0.0019923870106551764,3.286501222384691e-05,0.00011194462355879597,5.748402117376067e-05,0.0005114448000228867
584,584,584,583,942.0504198630543,9.509552834185975e-06,6.3397018894573165e-06,0.0026583821389086193,0.0019923870106551764,3.286501222384691e-05,0.00011194462355879597,5.748402117376067e-05,0.0005114448000228867
585,585,585,585,942.0504192110827,9.509370654109395e-06,6.339580436072929e-06,0.0026583351562130208,0.001992372041106762,3.286133483266368e-05,0.00011194637684894845,5.748010619088112e-05,0.0005114483086716916
586,586,586,585,942.0504192110827,9.509370654109395e-06,6.339580436072929e-06,0.0026583351562130208,0.001992372041106762,3.286133483266368e-05,0.00011194637684894845,5.748010619088112e-05,0.0005114483086716916
587,587,587,587,942.05041814489,9.509552853198544e-06,6.339701902132362e-06,0.0026583846910898635,0.0019923892342564877,3.286507580275988e-05,0.00011194468923379021,5.748405734095491e-05,0.0005114448885958633
588,588,588,587,942.05041814489,9.509552853198544e-06,6.339701902132362e-06,0.0026583846910898635,0.0019923892342564877,3.286507580275988e-05,0.00011194468923379021,5.748405734095491e-05,0.0005114448885958633
589,589,589,589,942.0504175513006,9.509424873349603e-06,6.339616582233068e-06,0.0026583378305661265,0.0019923738218441383,3.286132738091613e-05,0.00011194649329231157,5.7480124595887805e-05,0.0005114491564814988
590,590,590,589,942.0504175513006,9.509424873349603e-06,6.339616582233068e-06,0.0026583378305661265,0.0019923738218441383,3.286132738091613e-05,0.00011194649329231157,5.7480124595887805e-05,0.0005114491564814988
591,591,591,591,942.0504164776378,9.50957595904911e-06,6.339717306032741e-06,0.0026583845959141997,0.0019923890263368648,3.2865034954455974e-05,0.00011194471666521414,5.7484053684442316e-05,0.0005114452284247019
592,592,592,591,942.0504164776378,9.50957595904911e-06,6.339717306032741e-06,0.0026583845959141997,0.0019923890263368648,3.2865034954455974e-05,0.00011194471666521414,5.7484053684442316e-05,0.0005114452284247019
593,593,593,593,942.0504158852253,9.509475603214357e-06,6.3396504021429045e-06,0.002658337444023551,0.0019923735170569064,3.286133818354575e-05,0.00011194627720536955,5.7480138748816634e-05,0.0005114497069287911
594,594,594,593,942.0504158852253,9.509475603214357e-06,6.3396504021429045e-06,0.002658337444023551,0.0019923735170569064,3.286133818354575e-05,0.00011194627720536955,5.7480138748816634e-05,0.0005114497069287911
595,595,595,595,942.0504148083263,9.509631868270807e-06,6.339754578847204e-06,0.002658384586962934,0.0019923892610433404,3.286504984319205e-05,0.00011194470664013699,5.748404187149586e-05,0.0005114460092199614
596,596,596,595,942.0504148083263,9.509631868270807e-06,6.339754578847204e-06,0.002658384586962934,0.0019923892610433404,3.286504984319205e-05,0.00011194470664013699,5.748404187149586e-05,0.0005114460092199614
597,597,597,597,942.0504142151742,9.509403739116351e-06,6.339602492744234e-06,0.002658337569168615,0.0019923739644446005,3.286135460772027e-05,0.00011194651314012402,5.748011101843614e-05,0.0005114488966130619
598,598,598,597,942.0504142151742,9.509403739116351e-06,6.339602492744234e-06,0.002658337569168615,0.0019923739644446005,3.286135460772027e-05,0.00011194651314012402,5.748011101843614e-05,0.0005114488966130619
599,599,599,599,942.0504131365733,9.509535899343557e-06,6.339690599562372e-06,0.002658384296241213,0.0019923901083142423,3.28649259797309e-05,0.00011194461944829338,5.7484092085183236e-05,0.0005114451765043678
