phase,nf,x_index,incumbent_index,active_objective,full_objective,incumbent_active_objective,incumbent_full_objective,active_residuals,active_circuits,new_residuals_revealed,new_circuits_revealed,union_residuals_revealed,union_circuits_revealed,cumulative_eval_residuals,cumulative_eval_circuits,cumulative_shots_revealed,cumulative_eval_shots,shots_per_circuit,fpr_enabled,fpr_use_union_mask,fpr_selected_residuals,fpr_selected_circuits,fpr_new_residuals,fpr_new_circuits,fpr_union_residuals,fpr_union_circuits,delta,ng,rho,rho_active,rho_full,rho_uses_full_objective,mdec,step_norm,accepted
initial,0,0,0,386152.9931952286,386152.9931952286,386152.9931952286,386152.9931952286,3836,1918,3836,1918,3836,1918,3836,1918,1969786.0,1969786.0,1027.0,False,True,3836,1918,3836,1918,3836,1918,0.1,,,,,False,,,True
trial,1,1,1,176272.52258989282,176272.52258989282,176272.52258989282,176272.52258989282,3836,1918,0,0,3836,1918,7672,3836,1969786.0,1969786.0,1027.0,False,True,3836,1918,0,0,3836,1918,0.1,1229927.6086635282,25.812296214361655,25.812296214361655,25.812296214361655,False,-8131.026734791646,0.1,True
trial,2,2,1,209460.4971819549,209460.4971819549,176272.52258989282,176272.52258989282,3836,1918,0,0,3836,1918,11508,5754,1969786.0,1969786.0,1027.0,False,True,3836,1918,0,0,3836,1918,0.2,515408.03648265597,-0.29784793910647395,-0.29784793910647395,-0.29784793910647395,False,-111425.89971118832,0.2,False
trial,3,3,3,92304.3527091759,92304.3527091759,92304.3527091759,92304.3527091759,3836,1918,0,0,3836,1918,15344,7672,1969786.0,1969786.0,1027.0,False,True,3836,1918,0,0,3836,1918,0.1,515408.03648265597,0.7861625483393443,0.7861625483393443,0.7861625483393443,False,-106807.64437085898,0.1,True
trial,4,4,3,238399.1584587068,238399.1584587068,92304.3527091759,92304.3527091759,3836,1918,0,0,3836,1918,19180,9590,1969786.0,1969786.0,1027.0,False,True,3836,1918,0,0,3836,1918,0.2,1480997.6893638072,-2.3403752880857405,-2.3403752880857405,-2.3403752880857405,False,-62423.66619288055,0.2,False
trial,5,5,3,157716.57964607867,157716.57964607867,92304.3527091759,92304.3527091759,3836,1918,0,0,3836,1918,23016,11508,1969786.0,1969786.0,1027.0,False,True,3836,1918,0,0,3836,1918,0.1,1480997.6893638072,-1.0743596584541826,-1.0743596584541826,-1.0743596584541826,False,-60884.8502660828,0.1,False
trial,6,6,6,74838.12328894241,74838.12328894241,74838.12328894241,74838.12328894241,3836,1918,0,0,3836,1918,26852,13426,1979786.0,1979786.0,1032.213764337852,False,True,3836,1918,0,0,3836,1918,0.05,1481282.7327874303,0.3311033437955967,0.3311033437955967,0.3311033437955967,False,-54329.85032267794,0.05,True
trial,7,7,6,127377.64706576432,127377.64706576432,74838.12328894241,74838.12328894241,3836,1918,0,0,3836,1918,30688,15344,1979786.0,1979786.0,1032.213764337852,False,True,3836,1918,0,0,3836,1918,0.1,663878.6446488901,-0.8421969427191681,-0.8421969427191681,-0.8421969427191681,False,-62383.892783069976,0.1,False
trial,8,8,8,42970.63689430368,42970.63689430368,42970.63689430368,42970.63689430368,3836,1918,0,0,3836,1918,34524,17262,1979786.0,1979786.0,1032.213764337852,False,True,3836,1918,0,0,3836,1918,0.05,663878.6446488901,0.5149692163205086,0.5149692163205086,0.5149692163205086,False,-61882.31332026829,0.05,True
trial,9,9,8,116927.03199824272,116927.03199824272,42970.63689430368,42970.63689430368,3836,1918,0,0,3836,1918,38360,19180,1979786.0,1979786.0,1032.213764337852,False,True,3836,1918,0,0,3836,1918,0.1,1364743.3156280392,-2.729806822372326,-2.729806822372326,-2.729806822372326,False,-27092.17168695753,0.1,False
trial,10,10,8,59289.0039876556,59289.0039876556,42970.63689430368,42970.63689430368,3836,1918,0,0,3836,1918,42196,21098,1979786.0,1979786.0,1032.213764337852,False,True,3836,1918,0,0,3836,1918,0.05,1364743.3156280392,-0.6092674972019916,-0.6092674972019916,-0.6092674972019916,False,-26783.583841732263,0.05,False
trial,11,11,11,22963.637038766567,22963.637038766567,22963.637038766567,22963.637038766567,3836,1918,0,0,3836,1918,46032,23016,1989786.0,1989786.0,1037.4275286757038,False,True,3836,1918,0,0,3836,1918,0.025,1473842.4938747291,0.8175259573596906,0.8175259573596906,0.8175259573596906,False,-25241.268753796747,0.025,True
trial,12,12,12,9711.299719763465,9711.299719763465,9711.299719763465,9711.299719763465,3836,1918,0,0,3836,1918,49868,24934,1989786.0,1989786.0,1037.4275286757038,False,True,3836,1918,0,0,3836,1918,0.05,568963.8370300432,0.9353652252241217,0.9353652252241217,0.9353652252241217,False,-14168.088530154331,0.04307665682045556,True
trial,13,13,13,4943.9040490814605,4943.9040490814605,4943.9040490814605,4943.9040490814605,3836,1918,0,0,3836,1918,53704,26852,1989786.0,1989786.0,1037.4275286757038,False,True,3836,1918,0,0,3836,1918,0.1,415557.3234954051,0.5606552573311824,0.5606552573311824,0.5606552573311824,False,-8503.256873708178,0.04623524781314268,True
trial,14,14,14,2345.3597117455156,2345.3597117455156,2345.3597117455156,2345.3597117455156,3836,1918,0,0,3836,1918,57540,28770,1989786.0,1989786.0,1037.4275286757038,False,True,3836,1918,0,0,3836,1918,0.05,619937.4093933412,0.6730125753960227,0.6730125753960227,0.6730125753960227,False,-3861.0635704791644,0.0351307996627871,True
trial,15,15,15,1303.9197710939147,1303.9197710939147,1303.9197710939147,1303.9197710939147,3836,1918,0,0,3836,1918,61376,30688,1989786.0,1989786.0,1037.4275286757038,False,True,3836,1918,0,0,3836,1918,0.025,102795.45813319998,0.7492298557471335,0.7492298557471335,0.7492298557471335,False,-1390.0139358609447,0.025,True
trial,16,16,15,4354.057297470681,4354.057297470681,1417.2028318938287,1417.2028318938287,3836,1918,0,0,3836,1918,65212,32606,1999786.0,1999786.0,1042.6412930135557,False,True,3836,1918,0,0,3836,1918,0.05,60016.92979611957,-6.088253758237653,-6.088253758237653,-6.088253758237653,False,-482.38042995549745,0.04939074776198833,False
trial,17,17,15,1802.6019392577205,1802.6019392577205,1417.2028318938287,1417.2028318938287,3836,1918,0,0,3836,1918,69048,34524,1999786.0,1999786.0,1042.6412930135557,False,True,3836,1918,0,0,3836,1918,0.025,60016.92979611957,-0.8000324793049621,-0.8000324793049621,-0.8000324793049621,False,-481.72932641273746,0.025,False
trial,18,18,18,1048.3339379555396,1048.3339379555396,1048.3339379555396,1048.3339379555396,3836,1918,0,0,3836,1918,72884,36442,1999786.0,1999786.0,1042.6412930135557,False,True,3836,1918,0,0,3836,1918,0.0125,60016.92979611957,0.7667185925593886,0.7667185925593886,0.7667185925593886,False,-481.10075524184873,0.0125,True
trial,19,19,18,1533.6968655457672,1533.6968655457672,1048.3339379555396,1048.3339379555396,3836,1918,0,0,3836,1918,76720,38360,1999786.0,1999786.0,1042.6412930135557,False,True,3836,1918,0,0,3836,1918,0.025,32189.367594481933,-4.122476709654621,-4.122476709654621,-4.122476709654621,False,-117.7357597808942,0.024381335096227693,False
trial,20,20,18,1094.6098578497088,1094.6098578497088,1048.3339379555396,1048.3339379555396,3836,1918,0,0,3836,1918,80556,40278,1999786.0,1999786.0,1042.6412930135557,False,True,3836,1918,0,0,3836,1918,0.0125,32189.367594481933,-0.39411594990152177,-0.39411594990152177,-0.39411594990152177,False,-117.41701878782682,0.0125,False
trial,21,21,21,1001.8257183178002,1001.8257183178002,1001.8257183178002,1001.8257183178002,3836,1918,0,0,3836,1918,84392,42196,2009786.0,2009786.0,1047.8550573514078,False,True,3836,1918,0,0,3836,1918,0.00625,41115.54640067054,0.5059812933876445,0.5059812933876445,0.5059812933876445,False,-138.95151301643017,0.00625,True
trial,22,22,21,1571.6453103736626,1571.6453103736626,1001.8257183178002,1001.8257183178002,3836,1918,0,0,3836,1918,88228,44114,2009786.0,2009786.0,1047.8550573514078,False,True,3836,1918,0,0,3836,1918,0.0125,23172.161256705953,-8.033438643226214,-8.033438643226214,-8.033438643226214,False,-70.9309695837826,0.0125,False
trial,23,23,21,1019.0773320898971,1019.0773320898971,1001.8257183178002,1001.8257183178002,3836,1918,0,0,3836,1918,92064,46032,2009786.0,2009786.0,1047.8550573514078,False,True,3836,1918,0,0,3836,1918,0.00625,23172.161256705953,-0.2456063932963368,-0.2456063932963368,-0.2456063932963368,False,-70.24089862059063,0.00625,False
trial,24,24,24,951.41259306537,951.41259306537,951.41259306537,951.41259306537,3836,1918,0,0,3836,1918,95900,47950,2009786.0,2009786.0,1047.8550573514078,False,True,3836,1918,0,0,3836,1918,0.003125,23172.161256705953,0.7463746192075927,0.7463746192075927,0.7463746192075927,False,-67.54399728376703,0.003125,True
trial,25,25,24,1068.2504599271876,1068.2504599271876,951.41259306537,951.41259306537,3836,1918,0,0,3836,1918,99736,49868,2009786.0,2009786.0,1047.8550573514078,False,True,3836,1918,0,0,3836,1918,0.00625,11634.479168264548,-6.132599364676545,-6.132599364676545,-6.132599364676545,False,-19.051932127638693,0.00625,False
trial,26,26,24,954.7582438463461,954.7582438463461,951.4230939749839,951.4230939749839,3836,1918,0,0,3836,1918,103572,51786,2019786.0,2019786.0,1053.0688216892597,False,True,3836,1918,0,0,3836,1918,0.003125,14852.267198389378,-0.19566156508405583,-0.19566156508405583,-0.19566156508405583,False,-17.045503392193716,0.003125,False
trial,27,27,27,940.9027968450241,940.9027968450241,940.9027968450241,940.9027968450241,3836,1918,0,0,3836,1918,107408,53704,2019786.0,2019786.0,1053.0688216892597,False,True,3836,1918,0,0,3836,1918,0.0015625,14852.267198389378,0.6861218705257176,0.6861218705257176,0.6861218705257176,False,-15.332986138306525,0.0015625,True
trial,28,28,27,953.573289307311,953.573289307311,940.9027968450241,940.9027968450241,3836,1918,0,0,3836,1918,111244,55622,2019786.0,2019786.0,1053.0688216892597,False,True,3836,1918,0,0,3836,1918,0.003125,5433.758048237622,-1.647560633340205,-1.647560633340205,-1.647560633340205,False,-7.690455941884952,0.003125,False
trial,29,29,29,938.0882260612942,938.0882260612942,938.0882260612942,938.0882260612942,3836,1918,0,0,3836,1918,115080,57540,2019786.0,2019786.0,1053.0688216892597,False,True,3836,1918,0,0,3836,1918,0.0015625,5433.758048237622,0.4616368587031691,0.4616368587031691,0.4616368587031691,False,-6.0969368685953444,0.0015625,True
trial,30,30,29,961.2218803051642,961.2218803051642,938.0882260612942,938.0882260612942,3836,1918,0,0,3836,1918,118916,59458,2019786.0,2019786.0,1053.0688216892597,False,True,3836,1918,0,0,3836,1918,0.003125,4585.119339756873,-5.640496490592748,-5.640496490592748,-5.640496490592748,False,-4.101350702451884,0.003125,False
trial,31,31,29,943.6311284220842,943.6311284220842,940.9991830516043,940.9991830516043,3836,1918,0,0,3836,1918,122752,61376,2029786.0,2029786.0,1058.2825860271116,False,True,3836,1918,0,0,3836,1918,0.0015625,9728.525439555367,-0.6493486587401056,-0.6493486587401056,-0.6493486587401056,False,-4.053208295812185,0.0015625,False
trial,32,32,32,939.2719839974727,939.2719839974727,939.2719839974727,939.2719839974727,3836,1918,0,0,3836,1918,126588,63294,2029786.0,2029786.0,1058.2825860271116,False,True,3836,1918,0,0,3836,1918,0.00078125,9728.525439555367,0.5716583613966012,0.5716583613966012,0.5716583613966012,False,-3.021383348459921,0.00078125,True
trial,33,33,32,941.6794462330506,941.6794462330506,939.2719839974727,939.2719839974727,3836,1918,0,0,3836,1918,130424,65212,2029786.0,2029786.0,1058.2825860271116,False,True,3836,1918,0,0,3836,1918,0.0015625,2207.3816420011367,-1.054822969020335,-1.054822969020335,-1.054822969020335,False,-2.2823377062160697,0.0015625,False
trial,34,34,34,938.86077525163,938.86077525163,938.86077525163,938.86077525163,3836,1918,0,0,3836,1918,134260,67130,2029786.0,2029786.0,1058.2825860271116,False,True,3836,1918,0,0,3836,1918,0.00078125,2207.3816420011367,0.2744675390574744,0.2744675390574744,0.2744675390574744,False,-1.4982053879843533,0.00078125,True
trial,35,35,34,943.2012978221035,943.2012978221035,938.86077525163,938.86077525163,3836,1918,0,0,3836,1918,138096,69048,2029786.0,2029786.0,1058.2825860271116,False,True,3836,1918,0,0,3836,1918,0.0015625,2177.6428695529685,-2.2413562849027526,-2.2413562849027526,-2.2413562849027526,False,-1.9365607332088182,0.0015625,False
trial,36,36,36,938.2947829543593,938.2947829543593,938.2947829543593,938.2947829543593,3836,1918,0,0,3836,1918,141932,70966,2039786.0,2039786.0,1063.4963503649635,False,True,3836,1918,0,0,3836,1918,0.00078125,6914.9905594574375,0.3717851023311304,0.3717851023311304,0.3717851023311304,False,-1.6868001463288949,0.00078125,True
trial,37,37,36,939.9477261130237,939.9477261130237,938.2947829543593,938.2947829543593,3836,1918,0,0,3836,1918,145768,72884,2039786.0,2039786.0,1063.4963503649635,False,True,3836,1918,0,0,3836,1918,0.0015625,1531.242455267149,-1.2429623945065063,-1.2429623945065063,-1.2429623945065063,False,-1.3298416476394086,0.0015625,False
trial,38,38,38,938.2926585855205,938.2926585855205,938.2926585855205,938.2926585855205,3836,1918,0,0,3836,1918,149604,74802,2039786.0,2039786.0,1063.4963503649635,False,True,3836,1918,0,0,3836,1918,0.00078125,1531.242455267149,0.0022243220680561366,0.0022243220680561366,0.0022243220680561366,False,-0.955063508723802,0.00078125,True
trial,39,39,39,937.8415410687282,937.8415410687282,937.8415410687282,937.8415410687282,3836,1918,0,0,3836,1918,153440,76720,2039786.0,2039786.0,1063.4963503649635,False,True,3836,1918,0,0,3836,1918,0.000390625,1795.6825573569072,0.5411888935466697,0.5411888935466697,0.5411888935466697,False,-0.8335675808789211,0.000390625,True
trial,40,40,39,938.0401908848141,938.0401908848141,937.8415410687282,937.8415410687282,3836,1918,0,0,3836,1918,157276,78638,2039786.0,2039786.0,1063.4963503649635,False,True,3836,1918,0,0,3836,1918,0.00078125,652.6310108086935,-0.5049013625703113,-0.5049013625703113,-0.5049013625703113,False,-0.39344282034538297,0.00078125,False
trial,41,41,41,935.804397809,935.804397809,935.804397809,935.804397809,3836,1918,0,0,3836,1918,161112,80556,2049786.0,2049786.0,1068.7101147028154,False,True,3836,1918,0,0,3836,1918,0.000390625,8815.748649404211,0.5921598924700019,0.5921598924700019,0.5921598924700019,False,-0.5643870785805181,0.000390625,True
trial,42,42,41,936.6881947896491,936.6881947896491,935.804397809,935.804397809,3836,1918,0,0,3836,1918,164948,82474,2049786.0,2049786.0,1068.7101147028154,False,True,3836,1918,0,0,3836,1918,0.00078125,1012.471084697824,-1.4662615772682712,-1.4662615772682712,-1.4662615772682712,False,-0.6027553298475288,0.00078125,False
trial,43,43,41,935.8200728213164,935.8200728213164,935.804397809,935.804397809,3836,1918,0,0,3836,1918,168784,84392,2049786.0,2049786.0,1068.7101147028154,False,True,3836,1918,0,0,3836,1918,0.000390625,1012.471084697824,-0.04339244482042308,-0.04339244482042308,-0.04339244482042308,False,-0.36123828425313315,0.000390625,False
trial,44,44,44,935.6952869733711,935.6952869733711,935.6952869733711,935.6952869733711,3836,1918,0,0,3836,1918,172620,86310,2049786.0,2049786.0,1068.7101147028154,False,True,3836,1918,0,0,3836,1918,0.0001953125,1012.471084697824,0.5340168681199853,0.5340168681199853,0.5340168681199853,False,-0.20432095340537154,0.0001953125,True
trial,45,45,44,935.7256382142145,935.7256382142145,935.6952869733711,935.6952869733711,3836,1918,0,0,3836,1918,176456,88228,2049786.0,2049786.0,1068.7101147028154,False,True,3836,1918,0,0,3836,1918,0.000390625,169.56878658814972,-0.3327162999794759,-0.3327162999794759,-0.3327162999794759,False,-0.0912225846622902,0.000390625,False
trial,46,46,46,935.2876003632787,935.2876003632787,935.2876003632787,935.2876003632787,3836,1918,0,0,3836,1918,180292,90146,2059786.0,2059786.0,1073.9238790406673,False,True,3836,1918,0,0,3836,1918,0.0001953125,6879.463214242831,0.8915282120067813,0.8915282120067813,0.8915282120067813,False,-0.2988509427128325,0.0001953125,True
trial,47,47,47,935.2180552788411,935.2180552788411,935.2180552788411,935.2180552788411,3836,1918,0,0,3836,1918,184128,92064,2059786.0,2059786.0,1073.9238790406673,False,True,3836,1918,0,0,3836,1918,0.000390625,934.8434592878376,0.42904040490175066,0.42904040490175066,0.42904040490175066,False,-0.16209448723943776,0.000390625,True
trial,48,48,47,935.3292844400931,935.3292844400931,935.2180552788411,935.2180552788411,3836,1918,0,0,3836,1918,187964,93982,2059786.0,2059786.0,1073.9238790406673,False,True,3836,1918,0,0,3836,1918,0.00078125,365.8167975668615,-0.46718752709859385,-0.46718752709859385,-0.46718752709859385,False,-0.23808247181340775,0.00078125,False
trial,49,49,49,935.165953330524,935.165953330524,935.165953330524,935.165953330524,3836,1918,0,0,3836,1918,191800,95900,2059786.0,2059786.0,1073.9238790406673,False,True,3836,1918,0,0,3836,1918,0.000390625,365.8167975668615,0.4040040516208694,0.4040040516208694,0.4040040516208694,False,-0.128963925257989,0.000390625,True
trial,50,50,49,935.3249004639847,935.3249004639847,935.165953330524,935.165953330524,3836,1918,0,0,3836,1918,195636,97818,2059786.0,2059786.0,1073.9238790406673,False,True,3836,1918,0,0,3836,1918,0.00078125,272.3352462664889,-0.8876569866300273,-0.8876569866300273,-0.8876569866300273,False,-0.17906368772489714,0.00078125,False
trial,51,51,51,935.1902072603307,935.1902072603307,935.1902072603307,935.1902072603307,3836,1918,0,0,3836,1918,199472,99736,2069786.0,2069786.0,1079.1376433785192,False,True,3836,1918,0,0,3836,1918,0.000390625,7152.011233044326,0.7372584179690753,0.7372584179690753,0.7372584179690753,False,-0.36099979307132424,0.000390625,True
trial,52,52,51,935.3464284123552,935.3464284123552,935.1902072603307,935.1902072603307,3836,1918,0,0,3836,1918,203308,101654,2069786.0,2069786.0,1079.1376433785192,False,True,3836,1918,0,0,3836,1918,0.00078125,767.9667889707414,-0.6302397472821873,-0.6302397472821873,-0.6302397472821873,False,-0.24787575315295474,0.00078125,False
trial,53,53,53,935.1635943024544,935.1635943024544,935.1635943024544,935.1635943024544,3836,1918,0,0,3836,1918,207144,103572,2069786.0,2069786.0,1079.1376433785192,False,True,3836,1918,0,0,3836,1918,0.000390625,767.9667889707414,0.19405990576168555,0.19405990576168555,0.19405990576168555,False,-0.13713784808788698,0.000390625,True
trial,54,54,53,935.3553272965949,935.3553272965949,935.1635943024544,935.1635943024544,3836,1918,0,0,3836,1918,210980,105490,2069786.0,2069786.0,1079.1376433785192,False,True,3836,1918,0,0,3836,1918,0.00078125,431.1126595591578,-0.8523124001084968,-0.8523124001084968,-0.8523124001084968,False,-0.22495624153310326,0.00078125,False
trial,55,55,53,935.174041182875,935.174041182875,935.1635943024544,935.1635943024544,3836,1918,0,0,3836,1918,214816,107408,2069786.0,2069786.0,1079.1376433785192,False,True,3836,1918,0,0,3836,1918,0.000390625,431.1126595591578,-0.0722337333659366,-0.0722337333659366,-0.0722337333659366,False,-0.14462606228221697,0.000390625,False
trial,56,56,56,935.2009682544369,935.2009682544369,935.2009682544369,935.2009682544369,3836,1918,0,0,3836,1918,218652,109326,2079786.0,2079786.0,1084.351407716371,False,True,3836,1918,0,0,3836,1918,0.0001953125,10211.23724207218,0.9228392822023407,0.9228392822023407,0.9228392822023407,False,-0.595620232221036,0.0001953125,True
trial,57,57,57,935.0537152903564,935.0537152903564,935.0537152903564,935.0537152903564,3836,1918,0,0,3836,1918,222488,111244,2079786.0,2079786.0,1084.351407716371,False,True,3836,1918,0,0,3836,1918,0.000390625,1021.4192800056097,0.6207453556037599,0.6207453556037599,0.6207453556037599,False,-0.23721959858609676,0.000390625,True
trial,58,58,57,935.2117745032845,935.2117745032845,935.0537152903564,935.0537152903564,3836,1918,0,0,3836,1918,226324,113162,2079786.0,2079786.0,1084.351407716371,False,True,3836,1918,0,0,3836,1918,0.00078125,527.06882540866,-0.4090040165250056,-0.4090040165250056,-0.4090040165250056,False,-0.3864490482781706,0.00078125,False
trial,59,59,59,934.980203112458,934.980203112458,934.980203112458,934.980203112458,3836,1918,0,0,3836,1918,230160,115080,2079786.0,2079786.0,1084.351407716371,False,True,3836,1918,0,0,3836,1918,0.000390625,527.06882540866,0.30610038862751926,0.30610038862751926,0.30610038862751926,False,-0.2401570877713545,0.000390625,True
trial,60,60,59,935.649967088927,935.649967088927,934.980203112458,934.980203112458,3836,1918,0,0,3836,1918,233996,116998,2079786.0,2079786.0,1084.351407716371,False,True,3836,1918,0,0,3836,1918,0.00078125,762.5845593309091,-2.0123106882490767,-2.0123106882490767,-2.0123106882490767,False,-0.3328332848303114,0.00078125,False
trial,61,61,61,935.8343878718965,935.8343878718965,935.8343878718965,935.8343878718965,3836,1918,0,0,3836,1918,237832,118916,2089786.0,2089786.0,1089.5651720542232,False,True,3836,1918,0,0,3836,1918,0.000390625,4558.835293908539,0.7127202551923945,0.7127202551923945,0.7127202551923945,False,-0.262138099357526,0.000390625,True
trial,62,62,61,936.1898426845314,936.1898426845314,935.8343878718965,935.8343878718965,3836,1918,0,0,3836,1918,241668,120834,2089786.0,2089786.0,1089.5651720542232,False,True,3836,1918,0,0,3836,1918,0.00078125,654.7558979706484,-1.51690381565844,-1.51690381565844,-1.51690381565844,False,-0.23432917035718406,0.00078125,False
trial,63,63,61,935.8727974373237,935.8727974373237,935.8343878718965,935.8343878718965,3836,1918,0,0,3836,1918,245504,122752,2089786.0,2089786.0,1089.5651720542232,False,True,3836,1918,0,0,3836,1918,0.000390625,654.7558979706484,-0.27181834503045976,-0.27181834503045976,-0.27181834503045976,False,-0.14130600869808502,0.000390625,False
trial,64,64,64,935.8000730308507,935.8000730308507,935.8000730308507,935.8000730308507,3836,1918,0,0,3836,1918,249340,124670,2089786.0,2089786.0,1089.5651720542232,False,True,3836,1918,0,0,3836,1918,0.0001953125,654.7558979706484,0.42682243597375125,0.42682243597375125,0.42682243597375125,False,-0.08039605736164863,0.0001953125,True
trial,65,65,64,935.8844522273182,935.8844522273182,935.8000730308507,935.8000730308507,3836,1918,0,0,3836,1918,253176,126588,2089786.0,2089786.0,1089.5651720542232,False,True,3836,1918,0,0,3836,1918,0.000390625,266.3741570176179,-0.7174041288566217,-0.7174041288566217,-0.7174041288566217,False,-0.1176173833874467,0.000390625,False
trial,66,66,66,934.8834969600643,934.8834969600643,934.8834969600643,934.8834969600643,3836,1918,0,0,3836,1918,257012,128506,2099786.0,2099786.0,1094.7789363920751,False,True,3836,1918,0,0,3836,1918,0.0001953125,5878.360956030096,0.9675413694027535,0.9675413694027535,0.9675413694027535,False,-0.6716278031097972,0.0001953125,True
trial,67,67,66,934.8976179935157,934.8976179935157,934.8834969600643,934.8834969600643,3836,1918,0,0,3836,1918,260848,130424,2099786.0,2099786.0,1094.7789363920751,False,True,3836,1918,0,0,3836,1918,0.000390625,350.9625622859914,-0.1057446899813137,-0.1057446899813137,-0.1057446899813137,False,-0.1335389366016368,0.000390625,False
trial,68,68,68,934.8274856420721,934.8274856420721,934.8274856420721,934.8274856420721,3836,1918,0,0,3836,1918,264684,132342,2099786.0,2099786.0,1094.7789363920751,False,True,3836,1918,0,0,3836,1918,0.0001953125,350.9625622859914,0.6010582629181549,0.6010582629181549,0.6010582629181549,False,-0.09318783460405143,0.0001953125,True
trial,69,69,68,934.8880612883997,934.8880612883997,934.8274856420721,934.8274856420721,3836,1918,0,0,3836,1918,268520,134260,2099786.0,2099786.0,1094.7789363920751,False,True,3836,1918,0,0,3836,1918,0.000390625,300.93264123107986,-0.5736313913036766,-0.5736313913036766,-0.5736313913036766,False,-0.1056002988085048,0.000390625,False
trial,70,70,70,934.8000584513218,934.8000584513218,934.8000584513218,934.8000584513218,3836,1918,0,0,3836,1918,272356,136178,2099786.0,2099786.0,1094.7789363920751,False,True,3836,1918,0,0,3836,1918,0.0001953125,300.93264123107986,0.4316171498909554,0.4316171498909554,0.4316171498909554,False,-0.06354518294115095,0.0001953125,True
trial,71,71,71,934.5387849593255,934.5387849593255,934.5387849593255,934.5387849593255,3836,1918,0,0,3836,1918,276192,138096,2109786.0,2109786.0,1099.992700729927,False,True,3836,1918,0,0,3836,1918,0.000390625,5051.959571867288,0.8621426171347609,0.8621426171347609,0.8621426171347609,False,-0.3675060187276385,0.000390625,True
trial,72,72,71,934.7929876638847,934.7929876638847,934.5387849593255,934.5387849593255,3836,1918,0,0,3836,1918,280028,140014,2109786.0,2109786.0,1099.992700729927,False,True,3836,1918,0,0,3836,1918,0.00078125,805.9271894562246,-1.4305524428304592,-1.4305524428304592,-1.4305524428304592,False,-0.17769548109412484,0.00078125,False
trial,73,73,73,934.5169505566574,934.5169505566574,934.5169505566574,934.5169505566574,3836,1918,0,0,3836,1918,283864,141932,2109786.0,2109786.0,1099.992700729927,False,True,3836,1918,0,0,3836,1918,0.000390625,805.9271894562246,0.2018918002766547,0.2018918002766547,0.2018918002766547,False,-0.10814903150194943,0.000390625,True
trial,74,74,73,935.4498324107719,935.4498324107719,934.5169505566574,934.5169505566574,3836,1918,0,0,3836,1918,287700,143850,2109786.0,2109786.0,1099.992700729927,False,True,3836,1918,0,0,3836,1918,0.00078125,825.7669758996133,-3.824942632795541,-3.824942632795541,-3.824942632795541,False,-0.24389433873226007,0.00078125,False
trial,75,75,73,934.5809767058698,934.5809767058698,934.5169505566574,934.5169505566574,3836,1918,0,0,3836,1918,291536,145768,2109786.0,2109786.0,1099.992700729927,False,True,3836,1918,0,0,3836,1918,0.000390625,825.7669758996133,-0.42815145723445674,-0.42815145723445674,-0.42815145723445674,False,-0.14954088823136855,0.000390625,False
trial,76,76,76,935.8371496948955,935.8371496948955,935.8371496948955,935.8371496948955,3836,1918,0,0,3836,1918,295372,147686,2119786.0,2119786.0,1105.206465067779,False,True,3836,1918,0,0,3836,1918,0.0001953125,2295.2613686166023,0.9423493585103523,0.9423493585103523,0.9423493585103523,False,-0.30392980347215603,0.0001953125,True
trial,77,77,77,935.8333013759699,935.8333013759699,935.8333013759699,935.8333013759699,3836,1918,0,0,3836,1918,299208,149604,2119786.0,2119786.0,1105.206465067779,False,True,3836,1918,0,0,3836,1918,0.000390625,359.3829131637653,0.034455068624350015,0.034455068624350015,0.034455068624350015,False,-0.11169093777146913,0.000390625,True
trial,78,78,78,935.7438072524124,935.7438072524124,935.7438072524124,935.7438072524124,3836,1918,0,0,3836,1918,303044,151522,2119786.0,2119786.0,1105.206465067779,False,True,3836,1918,0,0,3836,1918,0.0001953125,1078.6471523958896,0.8239277363889675,0.8239277363889675,0.8239277363889675,False,-0.10861889897013931,0.0001953125,True
trial,79,79,78,935.7536883610073,935.7536883610073,935.7438072524124,935.7438072524124,3836,1918,0,0,3836,1918,306880,153440,2119786.0,2119786.0,1105.206465067779,False,True,3836,1918,0,0,3836,1918,0.000390625,341.35864091356086,-0.25280344502701074,-0.25280344502701074,-0.25280344502701074,False,-0.03908613110049263,0.000390625,False
trial,80,80,80,935.7332667797057,935.7332667797057,935.7332667797057,935.7332667797057,3836,1918,0,0,3836,1918,310716,155358,2119786.0,2119786.0,1105.206465067779,False,True,3836,1918,0,0,3836,1918,0.0001953125,341.35864091356086,0.5054017180011006,0.5054017180011006,0.5054017180011006,False,-0.020855632917846235,0.0001953125,True
trial,81,81,81,937.8688708797667,937.8688708797667,937.8688708797667,937.8688708797667,3836,1918,0,0,3836,1918,314552,157276,2131151.0,2131151.0,1111.1319082377477,False,True,3836,1918,0,0,3836,1918,0.000390625,12570.993894021727,0.8526566494557609,0.8526566494557609,0.8526566494557609,False,-0.5575207189231939,0.000390625,True
trial,82,82,81,937.9908893466733,937.9908893466733,937.8688708797667,937.8688708797667,3836,1918,0,0,3836,1918,318388,159194,2131151.0,2131151.0,1111.1319082377477,False,True,3836,1918,0,0,3836,1918,0.00078125,656.4859191687776,-0.6233177047033732,-0.6233177047033732,-0.6233177047033732,False,-0.19575645932372696,0.00078125,False
trial,83,83,83,937.7946309664593,937.7946309664593,937.7946309664593,937.7946309664593,3836,1918,0,0,3836,1918,322224,161112,2131151.0,2131151.0,1111.1319082377477,False,True,3836,1918,0,0,3836,1918,0.000390625,656.4859191687776,0.5753328115610339,0.5753328115610339,0.5753328115610339,False,-0.12903820504521266,0.000390625,True
trial,84,84,83,937.9279676515148,937.9279676515148,937.7946309664593,937.7946309664593,3836,1918,0,0,3836,1918,326060,163030,2131151.0,2131151.0,1111.1319082377477,False,True,3836,1918,0,0,3836,1918,0.00078125,591.4324686659617,-1.3436496043062918,-1.3436496043062918,-1.3436496043062918,False,-0.09923471463703262,0.00078125,False
trial,85,85,85,937.7758433101942,937.7758433101942,937.7758433101942,937.7758433101942,3836,1918,0,0,3836,1918,329896,164948,2131151.0,2131151.0,1111.1319082377477,False,True,3836,1918,0,0,3836,1918,0.000390625,591.4324686659617,0.3055848458330492,0.3055848458330492,0.3055848458330492,False,-0.061480981538443946,0.000390625,True
trial,86,86,86,936.4839136141779,936.4839136141779,936.4839136141779,936.4839136141779,3836,1918,0,0,3836,1918,333732,166866,2141151.0,2141151.0,1116.3456725755996,False,True,3836,1918,0,0,3836,1918,0.00078125,4245.360011061993,0.2069799848520151,0.2069799848520151,0.2069799848520151,False,-0.3726967948680555,0.00078125,True
trial,87,87,86,939.1468671576309,939.1468671576309,936.4839136141779,936.4839136141779,3836,1918,0,0,3836,1918,337568,168784,2141151.0,2141151.0,1116.3456725755996,False,True,3836,1918,0,0,3836,1918,0.0015625,2213.6091954584776,-5.007647563699575,-5.007647563699575,-5.007647563699575,False,-0.5317773484613301,0.0015625,False
trial,88,88,88,936.4525126804382,936.4525126804382,936.4525126804382,936.4525126804382,3836,1918,0,0,3836,1918,341404,170702,2141151.0,2141151.0,1116.3456725755996,False,True,3836,1918,0,0,3836,1918,0.00078125,2213.6091954584776,0.08756676920774174,0.08756676920774174,0.08756676920774174,False,-0.35859417931991444,0.00078125,True
trial,89,89,88,941.2914204046674,941.2914204046674,936.4525126804382,936.4525126804382,3836,1918,0,0,3836,1918,345240,172620,2141151.0,2141151.0,1116.3456725755996,False,True,3836,1918,0,0,3836,1918,0.0015625,1666.836815722305,-7.72273298929577,-7.72273298929577,-7.72273298929577,False,-0.6265797005977377,0.0015625,False
trial,90,90,88,936.8420761308997,936.8420761308997,936.4525126804382,936.4525126804382,3836,1918,0,0,3836,1918,349076,174538,2141151.0,2141151.0,1116.3456725755996,False,True,3836,1918,0,0,3836,1918,0.00078125,1666.836815722305,-0.8788606609273292,-0.8788606609273292,-0.8788606609273292,False,-0.4432596289501566,0.00078125,False
trial,91,91,91,940.3748168502625,940.3748168502625,940.3748168502625,940.3748168502625,3836,1918,0,0,3836,1918,352912,176456,2156426.0,2156426.0,1124.3096976016684,False,True,3836,1918,0,0,3836,1918,0.000390625,11682.501485455701,0.8743645846816028,0.8743645846816028,0.8743645846816028,False,-1.0657061425643828,0.000390625,True
trial,92,92,92,940.3479956055884,940.3479956055884,940.3479956055884,940.3479956055884,3836,1918,0,0,3836,1918,356748,178374,2156426.0,2156426.0,1124.3096976016684,False,True,3836,1918,0,0,3836,1918,0.00078125,612.3216545508405,0.15024080555555225,0.15024080555555225,0.15024080555555225,False,-0.17852170437283243,0.00078125,True
trial,93,93,92,941.516807689611,941.516807689611,940.3479956055884,940.3479956055884,3836,1918,0,0,3836,1918,360584,180292,2156426.0,2156426.0,1124.3096976016684,False,True,3836,1918,0,0,3836,1918,0.0015625,929.0384400208469,-3.5459935526120487,-3.5459935526120487,-3.5459935526120487,False,-0.3296148362034323,0.0015625,False
trial,94,94,94,940.2974862611181,940.2974862611181,940.2974862611181,940.2974862611181,3836,1918,0,0,3836,1918,364420,182210,2156426.0,2156426.0,1124.3096976016684,False,True,3836,1918,0,0,3836,1918,0.00078125,929.0384400208469,0.23765132946696438,0.23765132946696438,0.23765132946696438,False,-0.21253550141516758,0.00078125,True
trial,95,95,94,942.2927014804607,942.2927014804607,940.2974862611181,940.2974862611181,3836,1918,0,0,3836,1918,368256,184128,2156426.0,2156426.0,1124.3096976016684,False,True,3836,1918,0,0,3836,1918,0.0015625,780.3068306260498,-9.648585046675812,-9.648585046675812,-9.648585046675812,False,-0.20678837463633382,0.0015625,False
trial,96,96,94,940.3354124356499,940.3354124356499,940.1485098662581,940.1485098662581,3836,1918,0,0,3836,1918,372092,186046,2166426.0,2166426.0,1129.5234619395203,False,True,3836,1918,0,0,3836,1918,0.00078125,7572.490127059559,-0.2879522058850949,-0.2879522058850949,-0.2879522058850949,False,-0.6490749699843825,0.00078125,False
trial,97,97,97,939.7665307760944,939.7665307760944,939.7665307760944,939.7665307760944,3836,1918,0,0,3836,1918,375928,187964,2166426.0,2166426.0,1129.5234619395203,False,True,3836,1918,0,0,3836,1918,0.000390625,7572.490127059559,0.7081669978081997,0.7081669978081997,0.7081669978081997,False,-0.5393912613068752,0.000390625,True
trial,98,98,97,940.1854565109486,940.1854565109486,939.7665307760944,939.7665307760944,3836,1918,0,0,3836,1918,379764,189882,2166426.0,2166426.0,1129.5234619395203,False,True,3836,1918,0,0,3836,1918,0.00078125,1099.8184409370292,-1.4864677372332982,-1.4864677372332982,-1.4864677372332982,False,-0.28182632179685607,0.00078125,False
trial,99,99,99,939.693304843866,939.693304843866,939.693304843866,939.693304843866,3836,1918,0,0,3836,1918,383600,191800,2166426.0,2166426.0,1129.5234619395203,False,True,3836,1918,0,0,3836,1918,0.000390625,1099.8184409370292,0.3889331272369268,0.3889331272369268,0.3889331272369268,False,-0.18827383706969159,0.000390625,True
trial,100,100,99,940.3120019222763,940.3120019222763,939.693304843866,939.693304843866,3836,1918,0,0,3836,1918,387436,193718,2166426.0,2166426.0,1129.5234619395203,False,True,3836,1918,0,0,3836,1918,0.00078125,650.6349442152175,-3.6220070885980613,-3.6220070885980613,-3.6220070885980613,False,-0.17081608712415242,0.00078125,False
trial,101,101,101,940.8497922701736,940.8497922701736,940.8497922701736,940.8497922701736,3836,1918,0,0,3836,1918,391272,195636,2186951.0,2186951.0,1140.2247132429613,False,True,3836,1918,0,0,3836,1918,0.000390625,13699.516545433342,0.8487431669125628,0.8487431669125628,0.8487431669125628,False,-0.6432577774389562,0.000390625,True
trial,102,102,101,941.0779233980804,941.0779233980804,940.8497922701736,940.8497922701736,3836,1918,0,0,3836,1918,395108,197554,2186951.0,2186951.0,1140.2247132429613,False,True,3836,1918,0,0,3836,1918,0.00078125,699.4210524205408,-0.9754311149148472,-0.9754311149148472,-0.9754311149148472,False,-0.23387723071226663,0.00078125,False
trial,103,103,103,940.7971252236832,940.7971252236832,940.7971252236832,940.7971252236832,3836,1918,0,0,3836,1918,398944,199472,2186951.0,2186951.0,1140.2247132429613,False,True,3836,1918,0,0,3836,1918,0.000390625,699.4210524205408,0.34518408270275097,0.34518408270275097,0.34518408270275097,False,-0.15257669495639836,0.000390625,True
trial,104,104,103,941.1977104676887,941.1977104676887,940.7971252236832,940.7971252236832,3836,1918,0,0,3836,1918,402780,201390,2186951.0,2186951.0,1140.2247132429613,False,True,3836,1918,0,0,3836,1918,0.00078125,642.0404246185275,-1.983243668307758,-1.983243668307758,-1.983243668307758,False,-0.20198488486655647,0.00078125,False
trial,105,105,105,940.7629581022179,940.7629581022179,940.7629581022179,940.7629581022179,3836,1918,0,0,3836,1918,406616,203308,2186951.0,2186951.0,1140.2247132429613,False,True,3836,1918,0,0,3836,1918,0.000390625,642.0404246185275,0.24532832934036272,0.24532832934036272,0.24532832934036272,False,-0.13927099881690969,0.000390625,True
trial,106,106,106,940.9554784703471,940.9554784703471,940.9554784703471,940.9554784703471,3836,1918,0,0,3836,1918,410452,205226,2196951.0,2196951.0,1145.4384775808132,False,True,3836,1918,0,0,3836,1918,0.00078125,4392.692332701453,0.546102644967746,0.546102644967746,0.546102644967746,False,-0.538695844398519,0.00078125,True
trial,107,107,106,942.6320150759934,942.6320150759934,940.9554784703471,940.9554784703471,3836,1918,0,0,3836,1918,414288,207144,2196951.0,2196951.0,1145.4384775808132,False,True,3836,1918,0,0,3836,1918,0.0015625,1528.9227813209586,-3.6197375950324,-3.6197375950324,-3.6197375950324,False,-0.4631652327359732,0.0015625,False
trial,108,108,108,940.9422992494073,940.9422992494073,940.9422992494073,940.9422992494073,3836,1918,0,0,3836,1918,418124,209062,2196951.0,2196951.0,1145.4384775808132,False,True,3836,1918,0,0,3836,1918,0.00078125,1528.9227813209586,0.040751737557607845,0.040751737557607845,0.040751737557607845,False,-0.3234026750688157,0.00078125,True
trial,109,109,109,940.7749925343034,940.7749925343034,940.7749925343034,940.7749925343034,3836,1918,0,0,3836,1918,421960,210980,2196951.0,2196951.0,1145.4384775808132,False,True,3836,1918,0,0,3836,1918,0.000390625,1582.2156193665787,0.7687271106520477,0.7687271106520477,0.7687271106520477,False,-0.2176412315704496,0.000390625,True
trial,110,110,109,940.8456581312955,940.8456581312955,940.7749925343034,940.7749925343034,3836,1918,0,0,3836,1918,425796,212898,2196951.0,2196951.0,1145.4384775808132,False,True,3836,1918,0,0,3836,1918,0.00078125,375.30930736868766,-0.776902090995833,-0.776902090995833,-0.776902090995833,False,-0.09095817582572352,0.00078125,False
trial,111,111,111,938.4711088045224,938.4711088045224,938.4711088045224,938.4711088045224,3836,1918,0,0,3836,1918,429632,214816,2224536.0,2224536.0,1159.8206465067778,False,True,3836,1918,0,0,3836,1918,0.000390625,8321.06109100081,0.9195789105612976,0.9195789105612976,0.9195789105612976,False,-0.47947696792627287,0.000390625,True
trial,112,112,111,938.5500655256853,938.5500655256853,938.4711088045224,938.4711088045224,3836,1918,0,0,3836,1918,433468,216734,2224536.0,2224536.0,1159.8206465067778,False,True,3836,1918,0,0,3836,1918,0.00078125,417.96067945648144,-0.8624764583995649,-0.8624764583995649,-0.8624764583995649,False,-0.09154652326334986,0.00078125,False
trial,113,113,113,938.4443474386322,938.4443474386322,938.4443474386322,938.4443474386322,3836,1918,0,0,3836,1918,437304,218652,2224536.0,2224536.0,1159.8206465067778,False,True,3836,1918,0,0,3836,1918,0.000390625,417.96067945648144,0.4521714132425689,0.4521714132425689,0.4521714132425689,False,-0.05918411714316402,0.000390625,True
trial,114,114,113,938.5923501645534,938.5923501645534,938.4443474386322,938.4443474386322,3836,1918,0,0,3836,1918,441140,220570,2224536.0,2224536.0,1159.8206465067778,False,True,3836,1918,0,0,3836,1918,0.00078125,349.5426514512601,-1.673018449845126,-1.673018449845126,-1.673018449845126,False,-0.08846449119247589,0.00078125,False
trial,115,115,115,938.4286081624097,938.4286081624097,938.4286081624097,938.4286081624097,3836,1918,0,0,3836,1918,444976,222488,2224536.0,2224536.0,1159.8206465067778,False,True,3836,1918,0,0,3836,1918,0.000390625,349.5426514512601,0.2797576678976138,0.2797576678976138,0.2797576678976138,False,-0.056260392577821006,0.000390625,True
trial,116,116,116,938.6319150934055,938.6319150934055,938.6319150934055,938.6319150934055,3836,1918,0,0,3836,1918,448812,224406,2234536.0,2234536.0,1165.0344108446297,False,True,3836,1918,0,0,3836,1918,0.00078125,6238.828211375304,0.3275813993393966,0.3275813993393966,0.3275813993393966,False,-0.4315275619510906,0.00078125,True
trial,117,117,116,941.4852010949612,941.4852010949612,938.6319150934055,938.6319150934055,3836,1918,0,0,3836,1918,452648,226324,2234536.0,2234536.0,1165.0344108446297,False,True,3836,1918,0,0,3836,1918,0.0015625,1573.7051208441633,-5.294739115035382,-5.294739115035382,-5.294739115035382,False,-0.5388907629940232,0.0015625,False
trial,118,118,116,938.6443365063667,938.6443365063667,938.6319150934055,938.6319150934055,3836,1918,0,0,3836,1918,456484,228242,2234536.0,2234536.0,1165.0344108446297,False,True,3836,1918,0,0,3836,1918,0.00078125,1573.7051208441633,-0.031949522919116485,-0.031949522919116485,-0.031949522919116485,False,-0.38878242384554207,0.00078125,False
trial,119,119,119,938.4394916911262,938.4394916911262,938.4394916911262,938.4394916911262,3836,1918,0,0,3836,1918,460320,230160,2234536.0,2234536.0,1165.0344108446297,False,True,3836,1918,0,0,3836,1918,0.000390625,1573.7051208441633,0.7181663223060977,0.7181663223060977,0.7181663223060977,False,-0.26793710078378086,0.000390625,True
trial,120,120,119,938.552536390325,938.552536390325,938.4394916911262,938.4394916911262,3836,1918,0,0,3836,1918,464156,232078,2234536.0,2234536.0,1165.0344108446297,False,True,3836,1918,0,0,3836,1918,0.00078125,510.6583653809811,-1.0960726727967613,-1.0960726727967613,-1.0960726727967613,False,-0.10313613504324842,0.00078125,False
trial,121,121,121,942.2388435806558,942.2388435806558,942.2388435806558,942.2388435806558,3836,1918,0,0,3836,1918,467992,233996,2267306.0,2267306.0,1182.1199165797707,False,True,3836,1918,0,0,3836,1918,0.000390625,19390.623330804905,0.9468251676219639,0.9468251676219639,0.9468251676219639,False,-1.2495916656535893,0.000390625,True
trial,122,122,121,942.3572001879445,942.3572001879445,942.2388435806558,942.2388435806558,3836,1918,0,0,3836,1918,471828,235914,2267306.0,2267306.0,1182.1199165797707,False,True,3836,1918,0,0,3836,1918,0.00078125,637.9594636419358,-0.5113453577527467,-0.5113453577527467,-0.5113453577527467,False,-0.23146119446319516,0.00078125,False
trial,123,123,123,942.1598838320638,942.1598838320638,942.1598838320638,942.1598838320638,3836,1918,0,0,3836,1918,475664,237832,2267306.0,2267306.0,1182.1199165797707,False,True,3836,1918,0,0,3836,1918,0.000390625,637.9594636419358,0.5185861848059323,0.5185861848059323,0.5185861848059323,False,-0.15225964536949269,0.000390625,True
trial,124,124,123,942.4654951411969,942.4654951411969,942.1598838320638,942.1598838320638,3836,1918,0,0,3836,1918,479500,239750,2267306.0,2267306.0,1182.1199165797707,False,True,3836,1918,0,0,3836,1918,0.00078125,419.3741490766932,-1.3050251908973423,-1.3050251908973423,-1.3050251908973423,False,-0.23418039074250774,0.00078125,False
trial,125,125,125,942.1463588352518,942.1463588352518,942.1463588352518,942.1463588352518,3836,1918,0,0,3836,1918,483336,241668,2267306.0,2267306.0,1182.1199165797707,False,True,3836,1918,0,0,3836,1918,0.000390625,419.3741490766932,0.07985261386773339,0.07985261386773339,0.07985261386773339,False,-0.16937450331125037,0.000390625,True
trial,126,126,125,942.562594540028,942.562594540028,942.2645758937458,942.2645758937458,3836,1918,0,0,3836,1918,487172,243586,2277306.0,2277306.0,1187.3336809176226,False,True,3836,1918,0,0,3836,1918,0.00078125,5112.709754652492,-0.5716084444819832,-0.5716084444819832,-0.5716084444819832,False,-0.5213685157368658,0.00078125,False
trial,127,127,127,942.021431755147,942.021431755147,942.021431755147,942.021431755147,3836,1918,0,0,3836,1918,491008,245504,2277306.0,2277306.0,1187.3336809176226,False,True,3836,1918,0,0,3836,1918,0.000390625,5112.709754652492,0.6275246830959148,0.6275246830959148,0.6275246830959148,False,-0.38746545777175867,0.000390625,True
trial,128,128,127,942.1163517254829,942.1163517254829,942.021431755147,942.021431755147,3836,1918,0,0,3836,1918,494844,247422,2277306.0,2277306.0,1187.3336809176226,False,True,3836,1918,0,0,3836,1918,0.00078125,522.9101363830578,-0.45898297394748727,-0.45898297394748727,-0.45898297394748727,False,-0.2068049921755542,0.00078125,False
trial,129,129,129,941.951998570708,941.951998570708,941.951998570708,941.951998570708,3836,1918,0,0,3836,1918,498680,249340,2277306.0,2277306.0,1187.3336809176226,False,True,3836,1918,0,0,3836,1918,0.000390625,522.9101363830578,0.4904252936173278,0.4904252936173278,0.4904252936173278,False,-0.14157749476337794,0.000390625,True
trial,130,130,129,942.602908809419,942.602908809419,941.951998570708,941.951998570708,3836,1918,0,0,3836,1918,502516,251258,2277306.0,2277306.0,1187.3336809176226,False,True,3836,1918,0,0,3836,1918,0.00078125,404.37759116150124,-3.8891352437134397,-3.8891352437134397,-3.8891352437134397,False,-0.1673663161400966,0.00078125,False
trial,131,131,131,940.4724811428274,940.4724811428274,940.4724811428274,940.4724811428274,3836,1918,0,0,3836,1918,506352,253176,2310076.0,2310076.0,1204.4191866527633,False,True,3836,1918,0,0,3836,1918,0.000390625,8078.209771645715,0.8250975380395955,0.8250975380395955,0.8250975380395955,False,-0.7213069849932445,0.000390625,True
trial,132,132,131,940.9496700059392,940.9496700059392,940.4724811428274,940.4724811428274,3836,1918,0,0,3836,1918,510188,255094,2310076.0,2310076.0,1204.4191866527633,False,True,3836,1918,0,0,3836,1918,0.00078125,480.47301630727395,-2.965431161138391,-2.965431161138391,-2.965431161138391,False,-0.16091719456020187,0.00078125,False
trial,133,133,131,940.5134644850565,940.5134644850565,940.4724811428274,940.4724811428274,3836,1918,0,0,3836,1918,514024,257012,2310076.0,2310076.0,1204.4191866527633,False,True,3836,1918,0,0,3836,1918,0.000390625,480.47301630727395,-0.3189661541235664,-0.3189661541235664,-0.3189661541235664,False,-0.12848805962405108,0.000390625,False
trial,134,134,134,940.4220382359499,940.4220382359499,940.4220382359499,940.4220382359499,3836,1918,0,0,3836,1918,517860,258930,2310076.0,2310076.0,1204.4191866527633,False,True,3836,1918,0,0,3836,1918,0.0001953125,480.47301630727395,0.5827624241213434,0.5827624241213434,0.5827624241213434,False,-0.0865582693557285,0.0001953125,True
trial,135,135,134,940.4885760000413,940.4885760000413,940.4220382359499,940.4220382359499,3836,1918,0,0,3836,1918,521696,260848,2310076.0,2310076.0,1204.4191866527633,False,True,3836,1918,0,0,3836,1918,0.000390625,127.95627092556472,-2.889916026833246,-2.889916026833246,-2.889916026833246,False,-0.023024116781810943,0.000390625,False
trial,136,136,136,945.9324776656808,945.9324776656808,945.9324776656808,945.9324776656808,3836,1918,0,0,3836,1918,525532,262766,2367831.0,2367831.0,1234.5312825860271,False,True,3836,1918,0,0,3836,1918,0.0001953125,13664.895425117069,0.9740915880739691,0.9740915880739691,0.9740915880739691,False,-1.1708386051411643,0.0001953125,True
trial,137,137,137,945.8312706750144,945.8312706750144,945.8312706750144,945.8312706750144,3836,1918,0,0,3836,1918,529368,264684,2367831.0,2367831.0,1234.5312825860271,False,True,3836,1918,0,0,3836,1918,0.000390625,705.8533667583605,0.40798610692539355,0.40798610692539355,0.40798610692539355,False,-0.24806479668920794,0.000390625,True
trial,138,138,137,946.0800205152636,946.0800205152636,945.8312706750144,945.8312706750144,3836,1918,0,0,3836,1918,533204,266602,2367831.0,2367831.0,1234.5312825860271,False,True,3836,1918,0,0,3836,1918,0.00078125,787.197274267328,-0.6162690149744224,-0.6162690149744224,-0.6162690149744224,False,-0.40363840174505417,0.00078125,False
trial,139,139,139,945.7079122776579,945.7079122776579,945.7079122776579,945.7079122776579,3836,1918,0,0,3836,1918,537040,268520,2367831.0,2367831.0,1234.5312825860271,False,True,3836,1918,0,0,3836,1918,0.000390625,787.197274267328,0.43496693059545505,0.43496693059545505,0.43496693059545505,False,-0.28360408270025417,0.000390625,True
trial,140,140,139,945.8870593389415,945.8870593389415,945.7079122776579,945.7079122776579,3836,1918,0,0,3836,1918,540876,270438,2367831.0,2367831.0,1234.5312825860271,False,True,3836,1918,0,0,3836,1918,0.00078125,750.5372717533758,-0.690392287515931,-0.690392287515931,-0.690392287515931,False,-0.25948589595085153,0.00078125,False
trial,141,141,141,944.817060981419,944.817060981419,944.817060981419,944.817060981419,3836,1918,0,0,3836,1918,544712,272356,2400601.0,2400601.0,1251.6167883211679,False,True,3836,1918,0,0,3836,1918,0.000390625,10164.505570606714,0.9003969961533528,0.9003969961533528,0.9003969961533528,False,-0.707412253935941,0.000390625,True
trial,142,142,142,944.8065475095746,944.8065475095746,944.8065475095746,944.8065475095746,3836,1918,0,0,3836,1918,548548,274274,2400601.0,2400601.0,1251.6167883211679,False,True,3836,1918,0,0,3836,1918,0.00078125,582.6739358493797,0.03799590971326086,0.03799590971326086,0.03799590971326086,False,-0.2767000954516958,0.00078125,True
trial,143,143,143,944.6620225603261,944.6620225603261,944.6620225603261,944.6620225603261,3836,1918,0,0,3836,1918,552384,276192,2400601.0,2400601.0,1251.6167883211679,False,True,3836,1918,0,0,3836,1918,0.000390625,1332.622720608289,0.5271326036478798,0.5271326036478798,0.5271326036478798,False,-0.27417190332807095,0.000390625,True
trial,144,144,143,945.956045263732,945.956045263732,944.6620225603261,944.6620225603261,3836,1918,0,0,3836,1918,556220,278110,2400601.0,2400601.0,1251.6167883211679,False,True,3836,1918,0,0,3836,1918,0.00078125,714.8634211934009,-4.006046047220474,-4.006046047220474,-4.006046047220474,False,-0.3230174311909603,0.00078125,False
trial,145,145,143,944.6769810005806,944.6769810005806,944.6620225603261,944.6620225603261,3836,1918,0,0,3836,1918,560056,280028,2400601.0,2400601.0,1251.6167883211679,False,True,3836,1918,0,0,3836,1918,0.000390625,714.8634211934009,-0.06958358106583343,-0.06958358106583343,-0.06958358106583343,False,-0.2149708311256009,0.000390625,False
trial,146,146,146,944.8548564509524,944.8548564509524,944.8548564509524,944.8548564509524,3836,1918,0,0,3836,1918,563892,281946,2478221.0,2478221.0,1292.0860271115746,False,True,3836,1918,0,0,3836,1918,0.0001953125,12649.662935149496,0.9464594628905156,0.9464594628905156,0.9464594628905156,False,-1.1011004567469178,0.0001953125,True
trial,147,147,147,944.5804611065053,944.5804611065053,944.5804611065053,944.5804611065053,3836,1918,0,0,3836,1918,567728,283864,2478221.0,2478221.0,1292.0860271115746,False,True,3836,1918,0,0,3836,1918,0.000390625,777.0631886782647,0.655328223234236,0.655328223234236,0.655328223234236,False,-0.4187143704767301,0.000390625,True
trial,148,148,147,944.8280314440444,944.8280314440444,944.5804611065053,944.5804611065053,3836,1918,0,0,3836,1918,571564,285782,2478221.0,2478221.0,1292.0860271115746,False,True,3836,1918,0,0,3836,1918,0.00078125,875.4616972113718,-0.8468834247895759,-0.8468834247895759,-0.8468834247895759,False,-0.29233106976994694,0.00078125,False
trial,149,149,149,944.4511434711852,944.4511434711852,944.4511434711852,944.4511434711852,3836,1918,0,0,3836,1918,575400,287700,2478221.0,2478221.0,1292.0860271115746,False,True,3836,1918,0,0,3836,1918,0.000390625,875.4616972113718,0.5369857446632164,0.5369857446632164,0.5369857446632164,False,-0.2408213562561886,0.000390625,True
trial,150,150,149,944.9263589987884,944.9263589987884,944.4511434711852,944.4511434711852,3836,1918,0,0,3836,1918,579236,289618,2478221.0,2478221.0,1292.0860271115746,False,True,3836,1918,0,0,3836,1918,0.00078125,693.6304761248882,-2.8927974122076434,-2.8927974122076434,-2.8927974122076434,False,-0.1642754261317224,0.00078125,False
trial,151,151,151,941.9641252469512,941.9641252469512,941.9641252469512,941.9641252469512,3836,1918,0,0,3836,1918,583072,291536,2510991.0,2510991.0,1309.1715328467153,False,True,3836,1918,0,0,3836,1918,0.000390625,4506.201497753881,0.8894845626646781,0.8894845626646781,0.8894845626646781,False,-0.8933184206659264,0.000390625,True
trial,152,152,151,942.0777551778356,942.0777551778356,941.9641252469512,941.9641252469512,3836,1918,0,0,3836,1918,586908,293454,2510991.0,2510991.0,1309.1715328467153,False,True,3836,1918,0,0,3836,1918,0.00078125,737.4542055987214,-0.5628116032160994,-0.5628116032160994,-0.5628116032160994,False,-0.201896922940201,0.00078125,False
trial,153,153,153,941.9192411565167,941.9192411565167,941.9192411565167,941.9192411565167,3836,1918,0,0,3836,1918,590744,295372,2510991.0,2510991.0,1309.1715328467153,False,True,3836,1918,0,0,3836,1918,0.000390625,737.4542055987214,0.28862011548528466,0.28862011548528466,0.28862011548528466,False,-0.15551268960940387,0.000390625,True
trial,154,154,153,942.555810918996,942.555810918996,941.9192411565167,941.9192411565167,3836,1918,0,0,3836,1918,594580,297290,2510991.0,2510991.0,1309.1715328467153,False,True,3836,1918,0,0,3836,1918,0.00078125,719.4011351938159,-2.8128042659372423,-2.8128042659372423,-2.8128042659372423,False,-0.22631143239795143,0.00078125,False
trial,155,155,153,942.0261334452866,942.0261334452866,941.9192411565167,941.9192411565167,3836,1918,0,0,3836,1918,598416,299208,2510991.0,2510991.0,1309.1715328467153,False,True,3836,1918,0,0,3836,1918,0.000390625,719.4011351938159,-0.667754523962109,-0.667754523962109,-0.667754523962109,False,-0.1600772213951976,0.000390625,False
trial,156,156,156,941.857802513648,941.857802513648,941.857802513648,941.857802513648,3836,1918,0,0,3836,1918,602252,301126,2615301.0,2615301.0,1363.5563086548489,False,True,3836,1918,0,0,3836,1918,0.0001953125,9006.974182815342,1.0016819493133862,1.0016819493133862,1.0016819493133862,False,-1.1933960191306103,0.0001953125,True
trial,157,157,157,941.4170285972303,941.4170285972303,941.4170285972303,941.4170285972303,3836,1918,0,0,3836,1918,606088,303044,2615301.0,2615301.0,1363.5563086548489,False,True,3836,1918,0,0,3836,1918,0.000390625,930.9672251668168,0.6872990402281921,0.6872990402281921,0.6872990402281921,False,-0.6413131557281889,0.000390625,True
trial,158,158,157,941.4279189723163,941.4279189723163,941.4170285972303,941.4170285972303,3836,1918,0,0,3836,1918,609924,304962,2615301.0,2615301.0,1363.5563086548489,False,True,3836,1918,0,0,3836,1918,0.00078125,1187.7047570783552,-0.017970877225913083,-0.017970877225913083,-0.017970877225913083,False,-0.6060013069520479,0.00078125,False
trial,159,159,159,941.0835110192565,941.0835110192565,941.0835110192565,941.0835110192565,3836,1918,0,0,3836,1918,613760,306880,2615301.0,2615301.0,1363.5563086548489,False,True,3836,1918,0,0,3836,1918,0.000390625,1187.7047570783552,0.7669978765738411,0.7669978765738411,0.7669978765738411,False,-0.43483507342107364,0.000390625,True
trial,160,160,159,941.5616264781082,941.5616264781082,941.0835110192565,941.0835110192565,3836,1918,0,0,3836,1918,617596,308798,2615301.0,2615301.0,1363.5563086548489,False,True,3836,1918,0,0,3836,1918,0.00078125,793.4734674367439,-2.2256750093982145,-2.2256750093982145,-2.2256750093982145,False,-0.21481818182473553,0.00078125,False
trial,161,161,161,939.2688342160766,939.2688342160766,939.2688342160766,939.2688342160766,3836,1918,0,0,3836,1918,621432,310716,2648071.0,2648071.0,1380.6418143899896,False,True,3836,1918,0,0,3836,1918,0.000390625,22292.335340075017,0.7423526998011223,0.7423526998011223,0.7423526998011223,False,-0.5122516241183456,0.000390625,True
trial,162,162,161,939.8636859024905,939.8636859024905,939.2688342160766,939.2688342160766,3836,1918,0,0,3836,1918,625268,312634,2648071.0,2648071.0,1380.6418143899896,False,True,3836,1918,0,0,3836,1918,0.00078125,1569.2611106805723,-1.8305967458854049,-1.8305967458854049,-1.8305967458854049,False,-0.32494960331975886,0.00078125,False
trial,163,163,163,939.1585719776017,939.1585719776017,939.1585719776017,939.1585719776017,3836,1918,0,0,3836,1918,629104,314552,2648071.0,2648071.0,1380.6418143899896,False,True,3836,1918,0,0,3836,1918,0.000390625,1569.2611106805723,0.5121324089258368,0.5121324089258368,0.5121324089258368,False,-0.2153002554674405,0.000390625,True
trial,164,164,163,939.7534729303643,939.7534729303643,939.1585719776017,939.1585719776017,3836,1918,0,0,3836,1918,632940,316470,2648071.0,2648071.0,1380.6418143899896,False,True,3836,1918,0,0,3836,1918,0.00078125,985.6339763414436,-4.825618679897775,-4.825618679897775,-4.825618679897775,False,-0.12327972685467195,0.00078125,False
trial,165,165,163,939.1862995843263,939.1862995843263,939.1585719776017,939.1585719776017,3836,1918,0,0,3836,1918,636776,318388,2648071.0,2648071.0,1380.6418143899896,False,True,3836,1918,0,0,3836,1918,0.000390625,985.6339763414436,-0.2976853636439018,-0.2976853636439018,-0.2976853636439018,False,-0.09314400407603926,0.000390625,False
trial,166,166,166,936.504609059828,936.504609059828,936.504609059828,936.504609059828,3836,1918,0,0,3836,1918,640612,320306,2779146.0,2779146.0,1448.9812304483837,False,True,3836,1918,0,0,3836,1918,0.0001953125,23431.288084361026,0.9639474584139063,0.9639474584139063,0.9639474584139063,False,-1.7053579844976845,0.0001953125,True
trial,167,167,167,936.3880280784721,936.3880280784721,936.3880280784721,936.3880280784721,3836,1918,0,0,3836,1918,644448,322224,2779146.0,2779146.0,1448.9812304483837,False,True,3836,1918,0,0,3836,1918,0.000390625,899.3302244846622,0.29396030184132904,0.29396030184132904,0.29396030184132904,False,-0.39658750050831854,0.000390625,True
trial,168,168,167,936.7454926366009,936.7454926366009,936.3880280784721,936.3880280784721,3836,1918,0,0,3836,1918,648284,324142,2779146.0,2779146.0,1448.9812304483837,False,True,3836,1918,0,0,3836,1918,0.00078125,1555.412264028722,-0.7775853096105048,-0.7775853096105048,-0.7775853096105048,False,-0.4597110486924233,0.00078125,False
trial,169,169,169,936.2030538793838,936.2030538793838,936.2030538793838,936.2030538793838,3836,1918,0,0,3836,1918,652120,326060,2779146.0,2779146.0,1448.9812304483837,False,True,3836,1918,0,0,3836,1918,0.000390625,1555.412264028722,0.5069646643875023,0.5069646643875023,0.5069646643875023,False,-0.3648660588835461,0.000390625,True
trial,170,170,169,936.900156611739,936.900156611739,936.2030538793838,936.2030538793838,3836,1918,0,0,3836,1918,655956,327978,2779146.0,2779146.0,1448.9812304483837,False,True,3836,1918,0,0,3836,1918,0.00078125,1329.154710170871,-2.9228204127850024,-2.9228204127850024,-2.9228204127850024,False,-0.23850344321736852,0.00078125,False
trial,171,171,171,937.5861674959482,937.5861674959482,937.5861674959482,937.5861674959482,3836,1918,0,0,3836,1918,659792,329896,2811916.0,2811916.0,1466.0667361835244,False,True,3836,1918,0,0,3836,1918,0.000390625,6852.625140030647,0.50796735822596,0.50796735822596,0.50796735822596,False,-0.4885752692405486,0.000390625,True
trial,172,172,171,938.0857791018788,938.0857791018788,937.5861674959482,937.5861674959482,3836,1918,0,0,3836,1918,663628,331814,2811916.0,2811916.0,1466.0667361835244,False,True,3836,1918,0,0,3836,1918,0.00078125,1269.9523044147893,-1.1061381006167046,-1.1061381006167046,-1.1061381006167046,False,-0.45167199796482876,0.00078125,False
trial,173,173,173,937.4706517421638,937.4706517421638,937.4706517421638,937.4706517421638,3836,1918,0,0,3836,1918,667464,333732,2811916.0,2811916.0,1466.0667361835244,False,True,3836,1918,0,0,3836,1918,0.000390625,1269.9523044147893,0.3497197697160325,0.3497197697160325,0.3497197697160325,False,-0.33030947572163427,0.000390625,True
trial,174,174,173,938.393228038544,938.393228038544,937.4706517421638,937.4706517421638,3836,1918,0,0,3836,1918,671300,335650,2811916.0,2811916.0,1466.0667361835244,False,True,3836,1918,0,0,3836,1918,0.00078125,1295.2298011679136,-3.66989280697981,-3.66989280697981,-3.66989280697981,False,-0.25139052961587843,0.00078125,False
trial,175,175,173,937.8221993797387,937.8221993797387,937.4706517421638,937.4706517421638,3836,1918,0,0,3836,1918,675136,337568,2811916.0,2811916.0,1466.0667361835244,False,True,3836,1918,0,0,3836,1918,0.000390625,1295.2298011679136,-1.7118443644622738,-1.7118443644622738,-1.7118443644622738,False,-0.2053619154129681,0.000390625,False
trial,176,176,176,935.8782853421459,935.8782853421459,935.8782853421459,935.8782853421459,3836,1918,0,0,3836,1918,678972,339486,2942991.0,2942991.0,1534.4061522419186,False,True,3836,1918,0,0,3836,1918,0.0001953125,11523.212306342184,0.961691391078129,0.961691391078129,0.961691391078129,False,-2.325654201060663,0.0001953125,True
trial,177,177,176,935.9732620505918,935.9732620505918,935.8782853421459,935.8782853421459,3836,1918,0,0,3836,1918,682808,341404,2942991.0,2942991.0,1534.4061522419186,False,True,3836,1918,0,0,3836,1918,0.000390625,1070.3267963832718,-0.14729253804717424,-0.14729253804717424,-0.14729253804717424,False,-0.644816836650959,0.000390625,False
trial,178,178,178,935.629790325356,935.629790325356,935.629790325356,935.629790325356,3836,1918,0,0,3836,1918,686644,343322,2942991.0,2942991.0,1534.4061522419186,False,True,3836,1918,0,0,3836,1918,0.0001953125,1070.3267963832718,0.6111116477670159,0.6111116477670159,0.6111116477670159,False,-0.4066278522065195,0.0001953125,True
trial,179,179,179,935.5866758741269,935.5866758741269,935.5866758741269,935.5866758741269,3836,1918,0,0,3836,1918,690480,345240,2942991.0,2942991.0,1534.4061522419186,False,True,3836,1918,0,0,3836,1918,0.000390625,1004.3836951513788,0.08181749103800172,0.08181749103800172,0.08181749103800172,False,-0.5269588529562533,0.000390625,True
trial,180,180,179,938.1414798316996,938.1414798316996,935.5866758741269,935.5866758741269,3836,1918,0,0,3836,1918,694316,347158,2942991.0,2942991.0,1534.4061522419186,False,True,3836,1918,0,0,3836,1918,0.00078125,2453.291741166919,-2.0869433109441555,-2.0869433109441555,-2.0869433109441555,False,-1.2241846456370316,0.00078125,False
trial,181,181,181,937.3143983618147,937.3143983618147,937.3143983618147,937.3143983618147,3836,1918,0,0,3836,1918,698152,349076,2975761.0,2975761.0,1551.4916579770595,False,True,3836,1918,0,0,3836,1918,0.000390625,24328.35714028336,0.44880156230856977,0.44880156230856977,0.44880156230856977,False,-1.0300099009824226,0.000390625,True
trial,182,182,181,938.4019745342302,938.4019745342302,937.3143983618147,937.3143983618147,3836,1918,0,0,3836,1918,701988,350994,2975761.0,2975761.0,1551.4916579770595,False,True,3836,1918,0,0,3836,1918,0.00078125,2655.6445800009496,-2.1480741539348833,-2.1480741539348833,-2.1480741539348833,False,-0.5063028994708099,0.00078125,False
trial,183,183,181,937.4194628127398,937.4194628127398,937.3143983618147,937.3143983618147,3836,1918,0,0,3836,1918,705824,352912,2975761.0,2975761.0,1551.4916579770595,False,True,3836,1918,0,0,3836,1918,0.000390625,2655.6445800009496,-0.24037207850651185,-0.24037207850651185,-0.24037207850651185,False,-0.4370909116310268,0.000390625,False
trial,184,184,184,937.1277758386426,937.1277758386426,937.1277758386426,937.1277758386426,3836,1918,0,0,3836,1918,709660,354830,2975761.0,2975761.0,1551.4916579770595,False,True,3836,1918,0,0,3836,1918,0.0001953125,2655.6445800009496,0.57377347833742,0.57377347833742,0.57377347833742,False,-0.32525470454449473,0.0001953125,True
trial,185,185,184,937.5670800800689,937.5670800800689,937.1277758386426,937.1277758386426,3836,1918,0,0,3836,1918,713496,356748,2975761.0,2975761.0,1551.4916579770595,False,True,3836,1918,0,0,3836,1918,0.000390625,750.4505385754887,-2.47578892688859,-2.47578892688859,-2.47578892688859,False,-0.17744010269015936,0.000390625,False
trial,186,186,186,937.8817023537683,937.8817023537683,937.8817023537683,937.8817023537683,3836,1918,0,0,3836,1918,717332,358666,3106836.0,3106836.0,1619.8310740354536,False,True,3836,1918,0,0,3836,1918,0.0001953125,42688.17335448836,0.9581603502576922,0.9581603502576922,0.9581603502576922,False,-1.7156941645408157,0.0001953125,True
trial,187,187,187,937.7802469161117,937.7802469161117,937.7802469161117,937.7802469161117,3836,1918,0,0,3836,1918,721168,360584,3106836.0,3106836.0,1619.8310740354536,False,True,3836,1918,0,0,3836,1918,0.000390625,1210.0478885523455,0.4353257141716169,0.4353257141716169,0.4353257141716169,False,-0.23305638595170525,0.000390625,True
trial,188,188,187,938.533725889155,938.533725889155,937.7802469161117,937.7802469161117,3836,1918,0,0,3836,1918,725004,362502,3106836.0,3106836.0,1619.8310740354536,False,True,3836,1918,0,0,3836,1918,0.00078125,1108.646634033973,-1.2748589503077923,-1.2748589503077923,-1.2748589503077923,False,-0.5910292843466557,0.00078125,False
trial,189,189,189,937.6256275531429,937.6256275531429,937.6256275531429,937.6256275531429,3836,1918,0,0,3836,1918,728840,364420,3106836.0,3106836.0,1619.8310740354536,False,True,3836,1918,0,0,3836,1918,0.000390625,1108.646634033973,0.44654409491298236,0.44654409491298236,0.44654409491298236,False,-0.34625777102464717,0.000390625,True
trial,190,190,189,939.2375235642056,939.2375235642056,937.6256275531429,937.6256275531429,3836,1918,0,0,3836,1918,732676,366338,3106836.0,3106836.0,1619.8310740354536,False,True,3836,1918,0,0,3836,1918,0.00078125,1362.1952504370852,-5.44687704878401,-5.44687704878401,-5.44687704878401,False,-0.2959303095381237,0.00078125,False
trial,191,191,191,937.7984759640419,937.7984759640419,937.7984759640419,937.7984759640419,3836,1918,0,0,3836,1918,736512,368256,3139606.0,3139606.0,1636.9165797705944,False,True,3836,1918,0,0,3836,1918,0.000390625,6469.679681717446,0.26964074006518773,0.26964074006518773,0.26964074006518773,False,-0.4112417959502917,0.000390625,True
trial,192,192,191,938.5647673662069,938.5647673662069,937.7984759640419,937.7984759640419,3836,1918,0,0,3836,1918,740348,370174,3139606.0,3139606.0,1636.9165797705944,False,True,3836,1918,0,0,3836,1918,0.00078125,1742.1319560305376,-1.1952380153232685,-1.1952380153232685,-1.1952380153232685,False,-0.641120339497974,0.00078125,False
trial,193,193,191,937.8178636490447,937.8178636490447,937.7984759640419,937.7984759640419,3836,1918,0,0,3836,1918,744184,372092,3139606.0,3139606.0,1636.9165797705944,False,True,3836,1918,0,0,3836,1918,0.000390625,1742.1319560305376,-0.04180463632430581,-0.04180463632430581,-0.04180463632430581,False,-0.4637687756068236,0.000390625,False
trial,194,194,194,937.6301217400126,937.6301217400126,937.6301217400126,937.6301217400126,3836,1918,0,0,3836,1918,748020,374010,3139606.0,3139606.0,1636.9165797705944,False,True,3836,1918,0,0,3836,1918,0.0001953125,1742.1319560305376,0.5394384503632497,0.5394384503632497,0.5394384503632497,False,-0.3120916277213919,0.0001953125,True
trial,195,195,194,938.2487661423581,938.2487661423581,937.6301217400126,937.6301217400126,3836,1918,0,0,3836,1918,751856,375928,3139606.0,3139606.0,1636.9165797705944,False,True,3836,1918,0,0,3836,1918,0.000390625,837.4818637495255,-3.087325226405949,-3.087325226405949,-3.087325226405949,False,-0.2003819996203522,0.000390625,False
trial,196,196,196,936.3963989182178,936.3963989182178,936.3963989182178,936.3963989182178,3836,1918,0,0,3836,1918,755692,377846,3270681.0,3270681.0,1705.2559958289885,False,True,3836,1918,0,0,3836,1918,0.0001953125,31676.014258434865,0.9264474585276185,0.9264474585276185,0.9264474585276185,False,-1.177624748479004,0.0001953125,True
trial,197,197,196,936.4571241153885,936.4571241153885,936.3963989182178,936.3963989182178,3836,1918,0,0,3836,1918,759528,379764,3270681.0,3270681.0,1705.2559958289885,False,True,3836,1918,0,0,3836,1918,0.000390625,2599.3165432894816,-0.2145424266680296,-0.2145424266680296,-0.2145424266680296,False,-0.2830451678666379,0.000390625,False
trial,198,198,198,936.2637826255092,936.2637826255092,936.2637826255092,936.2637826255092,3836,1918,0,0,3836,1918,763364,381682,3270681.0,3270681.0,1705.2559958289885,False,True,3836,1918,0,0,3836,1918,0.0001953125,2599.3165432894816,0.6826642136952492,0.6826642136952492,0.6826642136952492,False,-0.194262845551441,0.0001953125,True
trial,199,199,198,936.9311104942556,936.9311104942556,936.2637826255092,936.2637826255092,3836,1918,0,0,3836,1918,767200,383600,3270681.0,3270681.0,1705.2559958289885,False,True,3836,1918,0,0,3836,1918,0.000390625,604.5022684429565,-2.2167975133120157,-2.2167975133120157,-2.2167975133120157,False,-0.30103239684230765,0.000390625,False
trial,200,200,198,936.3005728991614,936.3005728991614,936.2637826255092,936.2637826255092,3836,1918,0,0,3836,1918,771036,385518,3270681.0,3270681.0,1705.2559958289885,False,True,3836,1918,0,0,3836,1918,0.0001953125,604.5022684429565,-0.21285213670188224,-0.21285213670188224,-0.21285213670188224,False,-0.17284427688739037,0.0001953125,False
trial,201,201,201,936.2730797209363,936.2730797209363,936.2730797209363,936.2730797209363,3836,1918,0,0,3836,1918,774872,387436,3284000.0,3284000.0,1712.2002085505735,False,True,3836,1918,0,0,3836,1918,9.765625e-05,7180.144940788751,0.7581835783540337,0.7581835783540337,0.7581835783540337,False,-0.21419859883040004,9.765625e-05,True
trial,202,202,202,936.257138591508,936.257138591508,936.257138591508,936.257138591508,3836,1918,0,0,3836,1918,778708,389354,3284000.0,3284000.0,1712.2002085505735,False,True,3836,1918,0,0,3836,1918,0.0001953125,715.0189596589848,0.11573652988444422,0.11573652988444422,0.11573652988444422,False,-0.13773636935695716,0.0001953125,True
trial,203,203,202,936.8527517904872,936.8527517904872,936.257138591508,936.257138591508,3836,1918,0,0,3836,1918,782544,391272,3284000.0,3284000.0,1712.2002085505735,False,True,3836,1918,0,0,3836,1918,0.000390625,1013.5282415928274,-1.3442176639887595,-1.3442176639887595,-1.3442176639887595,False,-0.4430928226399121,0.000390625,False
trial,204,204,204,936.2219409246514,936.2219409246514,936.2219409246514,936.2219409246514,3836,1918,0,0,3836,1918,786380,393190,3284000.0,3284000.0,1712.2002085505735,False,True,3836,1918,0,0,3836,1918,0.0001953125,1013.5282415928274,0.13463705736079146,0.13463705736079146,0.13463705736079146,False,-0.26142629337360557,0.0001953125,True
trial,205,205,204,936.6005083007567,936.6005083007567,936.2219409246514,936.2219409246514,3836,1918,0,0,3836,1918,790216,395108,3284000.0,3284000.0,1712.2002085505735,False,True,3836,1918,0,0,3836,1918,0.000390625,1189.3495911345572,-1.4329000451682858,-1.4329000451682858,-1.4329000451682858,False,-0.26419663910387525,0.000390625,False
trial,206,206,204,936.2235674293956,936.2235674293956,936.2219409246514,936.2219409246514,3836,1918,0,0,3836,1918,794052,397026,3284000.0,3284000.0,1712.2002085505735,False,True,3836,1918,0,0,3836,1918,0.0001953125,1189.3495911345572,-0.008205764913886773,-0.008205764913886773,-0.008205764913886773,False,-0.19821488444571753,0.0001953125,False
trial,207,207,207,936.148954297472,936.148954297472,936.148954297472,936.148954297472,3836,1918,0,0,3836,1918,797888,398944,3284000.0,3284000.0,1712.2002085505735,False,True,3836,1918,0,0,3836,1918,9.765625e-05,1189.3495911345572,0.5876926695030626,0.5876926695030626,0.5876926695030626,False,-0.12419182842829156,9.765625e-05,True
trial,208,208,207,936.1864537349145,936.1864537349145,936.148954297472,936.148954297472,3836,1918,0,0,3836,1918,801724,400862,3284000.0,3284000.0,1712.2002085505735,False,True,3836,1918,0,0,3836,1918,0.0001953125,467.8114458446741,-1.056512464672097,-1.056512464672097,-1.056512464672097,False,-0.0354936062720023,0.0001953125,False
trial,209,209,209,936.1475695057118,936.1475695057118,936.1475695057118,936.1475695057118,3836,1918,0,0,3836,1918,805560,402780,3284000.0,3284000.0,1712.2002085505735,False,True,3836,1918,0,0,3836,1918,9.765625e-05,467.8114458446741,0.07052818401493596,0.07052818401493596,0.07052818401493596,False,-0.019634586931866097,9.765625e-05,True
trial,210,210,209,936.2251214517745,936.2251214517745,936.1475695057118,936.1475695057118,3836,1918,0,0,3836,1918,809396,404698,3284000.0,3284000.0,1712.2002085505735,False,True,3836,1918,0,0,3836,1918,0.0001953125,221.05274883130957,-1.1174299416175397,-1.1174299416175397,-1.1174299416175397,False,-0.06940206555631213,0.0001953125,False
trial,211,211,209,936.1599327876154,936.1599327876154,936.1475695057118,936.1475695057118,3836,1918,0,0,3836,1918,813232,406616,3284000.0,3284000.0,1712.2002085505735,False,True,3836,1918,0,0,3836,1918,9.765625e-05,221.05274883130957,-0.3288993616888552,-0.3288993616888552,-0.3288993616888552,False,-0.037589862869096574,9.765625e-05,False
trial,212,212,212,936.140200289454,936.140200289454,936.140200289454,936.140200289454,3836,1918,0,0,3836,1918,817068,408534,3284000.0,3284000.0,1712.2002085505735,False,True,3836,1918,0,0,3836,1918,4.8828125e-05,221.05274883130957,0.36962999058836943,0.36962999058836943,0.36962999058836943,False,-0.019936737941710435,4.8828125e-05,True
trial,213,213,212,936.1548426814489,936.1548426814489,936.140200289454,936.140200289454,3836,1918,0,0,3836,1918,820904,410452,3284000.0,3284000.0,1712.2002085505735,False,True,3836,1918,0,0,3836,1918,9.765625e-05,199.39633186929998,-0.5482981124780704,-0.5482981124780704,-0.5482981124780704,False,-0.02670516578791124,9.765625e-05,False
trial,214,214,214,936.1364698099883,936.1364698099883,936.1364698099883,936.1364698099883,3836,1918,0,0,3836,1918,824740,412370,3284000.0,3284000.0,1712.2002085505735,False,True,3836,1918,0,0,3836,1918,4.8828125e-05,199.39633186929998,0.22403706493718917,0.22403706493718917,0.22403706493718917,False,-0.016651170942522903,4.8828125e-05,True
trial,215,215,214,936.1652862587661,936.1652862587661,936.1364698099883,936.1364698099883,3836,1918,0,0,3836,1918,828576,414288,3284000.0,3284000.0,1712.2002085505735,False,True,3836,1918,0,0,3836,1918,9.765625e-05,198.2921130533396,-1.130049074101715,-1.130049074101715,-1.130049074101715,False,-0.0255001746722206,9.765625e-05,False
trial,216,216,216,936.1346726228832,936.1346726228832,936.1346726228832,936.1346726228832,3836,1918,0,0,3836,1918,832412,416206,3284000.0,3284000.0,1712.2002085505735,False,True,3836,1918,0,0,3836,1918,4.8828125e-05,198.2921130533396,0.11598846971250977,0.11598846971250977,0.11598846971250977,False,-0.0154945324270629,4.8828125e-05,True
trial,217,217,216,936.1503671094742,936.1503671094742,936.1346726228832,936.1346726228832,3836,1918,0,0,3836,1918,836248,418124,3284000.0,3284000.0,1712.2002085505735,False,True,3836,1918,0,0,3836,1918,9.765625e-05,190.09067405596429,-0.605578902706365,-0.605578902706365,-0.605578902706365,False,-0.025916501583770145,9.765625e-05,False
trial,218,218,218,936.1314616294783,936.1314616294783,936.1314616294783,936.1314616294783,3836,1918,0,0,3836,1918,840084,420042,3284000.0,3284000.0,1712.2002085505735,False,True,3836,1918,0,0,3836,1918,4.8828125e-05,190.09067405596429,0.1964944788921081,0.1964944788921081,0.1964944788921081,False,-0.016341392506202326,4.8828125e-05,True
trial,219,219,218,936.1610414541843,936.1610414541843,936.1314616294783,936.1314616294783,3836,1918,0,0,3836,1918,843920,421960,3284000.0,3284000.0,1712.2002085505735,False,True,3836,1918,0,0,3836,1918,9.765625e-05,201.9641764391292,-1.193275001301234,-1.193275001301234,-1.193275001301234,False,-0.024788774317564245,9.765625e-05,False
trial,220,220,220,936.129995499827,936.129995499827,936.129995499827,936.129995499827,3836,1918,0,0,3836,1918,847756,423878,3284000.0,3284000.0,1712.2002085505735,False,True,3836,1918,0,0,3836,1918,4.8828125e-05,201.9641764391292,0.09665845912946569,0.09665845912946569,0.09665845912946569,False,-0.01516814632110821,4.8828125e-05,True
trial,221,221,220,936.1467324782127,936.1467324782127,936.129995499827,936.129995499827,3836,1918,0,0,3836,1918,851592,425796,3284000.0,3284000.0,1712.2002085505735,False,True,3836,1918,0,0,3836,1918,9.765625e-05,188.46396774528733,-0.6651269276364972,-0.6651269276364972,-0.6651269276364972,False,-0.025163585610854584,9.765625e-05,False
trial,222,222,222,936.1271835383848,936.1271835383848,936.1271835383848,936.1271835383848,3836,1918,0,0,3836,1918,855428,427714,3284000.0,3284000.0,1712.2002085505735,False,True,3836,1918,0,0,3836,1918,4.8828125e-05,188.46396774528733,0.17625220816061404,0.17625220816061404,0.17625220816061404,False,-0.01595419127855509,4.8828125e-05,True
trial,223,223,222,936.1574168941956,936.1574168941956,936.1271835383848,936.1271835383848,3836,1918,0,0,3836,1918,859264,429632,3284000.0,3284000.0,1712.2002085505735,False,True,3836,1918,0,0,3836,1918,9.765625e-05,202.3882471453274,-1.2532622784104492,-1.2532622784104492,-1.2532622784104492,False,-0.024123726000294513,9.765625e-05,False
trial,224,224,224,936.1260690597256,936.1260690597256,936.1260690597256,936.1260690597256,3836,1918,0,0,3836,1918,863100,431550,3284000.0,3284000.0,1712.2002085505735,False,True,3836,1918,0,0,3836,1918,4.8828125e-05,202.3882471453274,0.07516515167758846,0.07516515167758846,0.07516515167758846,False,-0.014827065924292589,4.8828125e-05,True
trial,225,225,224,936.1437376809808,936.1437376809808,936.1260690597256,936.1260690597256,3836,1918,0,0,3836,1918,866936,433468,3284000.0,3284000.0,1712.2002085505735,False,True,3836,1918,0,0,3836,1918,9.765625e-05,187.45084373036786,-0.7220085208602197,-0.7220085208602197,-0.7220085208602197,False,-0.024471485785459202,9.765625e-05,False
trial,226,226,226,936.1236017935244,936.1236017935244,936.1236017935244,936.1236017935244,3836,1918,0,0,3836,1918,870772,435386,3284000.0,3284000.0,1712.2002085505735,False,True,3836,1918,0,0,3836,1918,4.8828125e-05,187.45084373036786,0.1583158894054423,0.1583158894054423,0.1583158894054423,False,-0.015584450875681981,4.8828125e-05,True
trial,227,227,226,936.1544049103934,936.1544049103934,936.1236017935244,936.1236017935244,3836,1918,0,0,3836,1918,874608,437304,3284000.0,3284000.0,1712.2002085505735,False,True,3836,1918,0,0,3836,1918,9.765625e-05,202.66996852552745,-1.318307628672337,-1.318307628672337,-1.318307628672337,False,-0.02336565168788366,9.765625e-05,False
trial,228,228,228,936.1228831658452,936.1228831658452,936.1228831658452,936.1228831658452,3836,1918,0,0,3836,1918,878444,439222,3284000.0,3284000.0,1712.2002085505735,False,True,3836,1918,0,0,3836,1918,4.8828125e-05,202.66996852552745,0.04977835537447181,0.04977835537447181,0.04977835537447181,False,-0.014436549253754203,4.8828125e-05,True
trial,229,229,229,936.1175851293817,936.1175851293817,936.1175851293817,936.1175851293817,3836,1918,0,0,3836,1918,882280,441140,3284000.0,3284000.0,1712.2002085505735,False,True,3836,1918,0,0,3836,1918,2.44140625e-05,187.8952966905215,0.6138488607681015,0.6138488607681015,0.6138488607681015,False,-0.008630848409282863,2.44140625e-05,True
trial,230,230,229,936.1207761463031,936.1207761463031,936.1175851293817,936.1175851293817,3836,1918,0,0,3836,1918,886116,443058,3284000.0,3284000.0,1712.2002085505735,False,True,3836,1918,0,0,3836,1918,4.8828125e-05,71.10423776723334,-0.9574389485416938,-0.9574389485416938,-0.9574389485416938,False,-0.0033328672561857924,4.8828125e-05,False
trial,231,231,231,936.117526279488,936.117526279488,936.117526279488,936.117526279488,3836,1918,0,0,3836,1918,889952,444976,3284000.0,3284000.0,1712.2002085505735,False,True,3836,1918,0,0,3836,1918,2.44140625e-05,71.10423776723334,0.031028855592436736,0.031028855592436736,0.031028855592436736,False,-0.0018966182494419394,2.44140625e-05,True
trial,232,232,232,936.1161928648442,936.1161928648442,936.1161928648442,936.1161928648442,3836,1918,0,0,3836,1918,893788,446894,3284000.0,3284000.0,1712.2002085505735,False,True,3836,1918,0,0,3836,1918,1.220703125e-05,79.14452491483509,0.6232162933318388,0.6232162933318388,0.6232162933318388,False,-0.0021395696134111778,1.220703125e-05,True
trial,233,233,232,936.1163610032226,936.1163610032226,936.1161928648442,936.1161928648442,3836,1918,0,0,3836,1918,897624,448812,3284000.0,3284000.0,1712.2002085505735,False,True,3836,1918,0,0,3836,1918,2.44140625e-05,14.527438922409377,-0.19678030749656789,-0.19678030749656789,-0.19678030749656789,False,-0.0008544471778602146,2.44140625e-05,False
trial,234,234,234,936.1160679075779,936.1160679075779,936.1160679075779,936.1160679075779,3836,1918,0,0,3836,1918,901460,450730,3284000.0,3284000.0,1712.2002085505735,False,True,3836,1918,0,0,3836,1918,1.220703125e-05,14.527438922409377,0.27543839434117573,0.27543839434117573,0.27543839434117573,False,-0.00045366684110587194,1.220703125e-05,True
trial,235,235,234,936.1168813934565,936.1168813934565,936.1160679075779,936.1160679075779,3836,1918,0,0,3836,1918,905296,452648,3284000.0,3284000.0,1712.2002085505735,False,True,3836,1918,0,0,3836,1918,2.44140625e-05,36.49977716811225,-0.39393901831435063,-0.39393901831435063,-0.39393901831435063,False,-0.0020650045840775464,2.44140625e-05,False
trial,236,236,236,936.1157112003957,936.1157112003957,936.1157112003957,936.1157112003957,3836,1918,0,0,3836,1918,909132,454566,3284000.0,3284000.0,1712.2002085505735,False,True,3836,1918,0,0,3836,1918,1.220703125e-05,36.49977716811225,0.3177130144846251,0.3177130144846251,0.3177130144846251,False,-0.0011227339325149996,1.220703125e-05,True
trial,237,237,236,936.1169172932973,936.1169172932973,936.1157112003957,936.1157112003957,3836,1918,0,0,3836,1918,912968,456484,3284000.0,3284000.0,1712.2002085505735,False,True,3836,1918,0,0,3836,1918,2.44140625e-05,41.536458648685226,-0.6408147928775446,-0.6408147928775446,-0.6408147928775446,False,-0.0018821240005956468,2.44140625e-05,False
trial,238,238,238,936.1154716891522,936.1154716891522,936.1154716891522,936.1154716891522,3836,1918,0,0,3836,1918,916804,458402,3284000.0,3284000.0,1712.2002085505735,False,True,3836,1918,0,0,3836,1918,1.220703125e-05,41.536458648685226,0.2313955136290947,0.2313955136290947,0.2313955136290947,False,-0.0010350729786363798,1.220703125e-05,True
trial,239,239,238,936.116333693859,936.116333693859,936.1154716891522,936.1154716891522,3836,1918,0,0,3836,1918,920640,460320,3284000.0,3284000.0,1712.2002085505735,False,True,3836,1918,0,0,3836,1918,2.44140625e-05,38.157469410799294,-0.41430875561091635,-0.41430875561091635,-0.41430875561091635,False,-0.0020805853006294808,2.44140625e-05,False
trial,240,240,240,936.1151252301576,936.1151252301576,936.1151252301576,936.1151252301576,3836,1918,0,0,3836,1918,924476,462238,3284000.0,3284000.0,1712.2002085505735,False,True,3836,1918,0,0,3836,1918,1.220703125e-05,38.157469410799294,0.3052495302019158,0.3052495302019158,0.3052495302019158,False,-0.0011350025481913458,1.220703125e-05,True
trial,241,241,240,936.1163639061496,936.1163639061496,936.1151252301576,936.1151252301576,3836,1918,0,0,3836,1918,928312,464156,3284000.0,3284000.0,1712.2002085505735,False,True,3836,1918,0,0,3836,1918,2.44140625e-05,42.46899624382063,-0.6730412865074406,-0.6730412865074406,-0.6730412865074406,False,-0.001840416058912045,2.44140625e-05,False
trial,242,242,242,936.1149088398876,936.1149088398876,936.1149088398876,936.1149088398876,3836,1918,0,0,3836,1918,932148,466074,3284000.0,3284000.0,1712.2002085505735,False,True,3836,1918,0,0,3836,1918,1.220703125e-05,42.46899624382063,0.21390666689407134,0.21390666689407134,0.21390666689407134,False,-0.0010116106858174957,1.220703125e-05,True
trial,243,243,242,936.1157698812574,936.1157698812574,936.1149088398876,936.1149088398876,3836,1918,0,0,3836,1918,935984,467992,3284000.0,3284000.0,1712.2002085505735,False,True,3836,1918,0,0,3836,1918,2.44140625e-05,38.13982858496179,-0.4215797654980281,-0.4215797654980281,-0.4215797654980281,False,-0.002042416264484355,2.44140625e-05,False
trial,244,244,244,936.1145810479857,936.1145810479857,936.1145810479857,936.1145810479857,3836,1918,0,0,3836,1918,939820,469910,3284000.0,3284000.0,1712.2002085505735,False,True,3836,1918,0,0,3836,1918,1.220703125e-05,38.13982858496179,0.29334839845635124,0.29334839845635124,0.29334839845635124,False,-0.0011174150042082254,1.220703125e-05,True
trial,245,245,244,936.1158527163966,936.1158527163966,936.1145810479857,936.1145810479857,3836,1918,0,0,3836,1918,943656,471828,3284000.0,3284000.0,1712.2002085505735,False,True,3836,1918,0,0,3836,1918,2.44140625e-05,42.6206770856922,-0.7040303874684248,-0.7040303874684248,-0.7040303874684248,False,-0.0018062692087895608,2.44140625e-05,False
trial,246,246,246,936.1143848500204,936.1143848500204,936.1143848500204,936.1143848500204,3836,1918,0,0,3836,1918,947492,473746,3284000.0,3284000.0,1712.2002085505735,False,True,3836,1918,0,0,3836,1918,1.220703125e-05,42.6206770856922,0.19772975361464287,0.19772975361464287,0.19772975361464287,False,-0.0009922531215014558,1.220703125e-05,True
trial,247,247,246,936.1152304564861,936.1152304564861,936.1143848500204,936.1143848500204,3836,1918,0,0,3836,1918,951328,475664,3284000.0,3284000.0,1712.2002085505735,False,True,3836,1918,0,0,3836,1918,2.44140625e-05,38.125609586676205,-0.42152256359812873,-0.42152256359812873,-0.42152256359812873,False,-0.0020060763970202837,2.44140625e-05,False
trial,248,248,248,936.114076401322,936.114076401322,936.114076401322,936.114076401322,3836,1918,0,0,3836,1918,955164,477582,3284000.0,3284000.0,1712.2002085505735,False,True,3836,1918,0,0,3836,1918,1.220703125e-05,38.125609586676205,0.2808510669192713,0.2808510669192713,0.2808510669192713,False,-0.0010982642929469656,1.220703125e-05,True
trial,249,249,248,936.1153818609407,936.1153818609407,936.114076401322,936.114076401322,3836,1918,0,0,3836,1918,959000,479500,3284000.0,3284000.0,1712.2002085505735,False,True,3836,1918,0,0,3836,1918,2.44140625e-05,42.909663804527014,-0.7394959975334192,-0.7394959975334192,-0.7394959975334192,False,-0.001765336963384051,2.44140625e-05,False
trial,250,250,250,936.1139013912934,936.1139013912934,936.1139013912934,936.1139013912934,3836,1918,0,0,3836,1918,962836,481418,3284000.0,3284000.0,1712.2002085505735,False,True,3836,1918,0,0,3836,1918,1.220703125e-05,42.909663804527014,0.1801671712994874,0.1801671712994874,0.1801671712994874,False,-0.000971375791127503,1.220703125e-05,True
trial,251,251,250,936.1147294624473,936.1147294624473,936.1139013912934,936.1139013912934,3836,1918,0,0,3836,1918,966672,483336,3284000.0,3284000.0,1712.2002085505735,False,True,3836,1918,0,0,3836,1918,2.44140625e-05,38.125733047837656,-0.4204715271256155,-0.4204715271256155,-0.4204715271256155,False,-0.0019693869867476767,2.44140625e-05,False
trial,252,252,252,936.1136123606477,936.1136123606477,936.1136123606477,936.1136123606477,3836,1918,0,0,3836,1918,970508,485254,3284000.0,3284000.0,1712.2002085505735,False,True,3836,1918,0,0,3836,1918,1.220703125e-05,38.125733047837656,0.26788944817046034,0.26788944817046034,0.26788944817046034,False,-0.001078917619530838,1.220703125e-05,True
trial,253,253,252,936.1149502547582,936.1149502547582,936.1136123606477,936.1136123606477,3836,1918,0,0,3836,1918,974344,487172,3284000.0,3284000.0,1712.2002085505735,False,True,3836,1918,0,0,3836,1918,2.44140625e-05,44.2078869689195,-0.7754379982446092,-0.7754379982446092,-0.7754379982446092,False,-0.001725339889905906,2.44140625e-05,False
trial,254,254,254,936.1134581787276,936.1134581787276,936.1134581787276,936.1134581787276,3836,1918,0,0,3836,1918,978180,489090,3284000.0,3284000.0,1712.2002085505735,False,True,3836,1918,0,0,3836,1918,1.220703125e-05,44.2078869689195,0.1622586187804947,0.1622586187804947,0.1622586187804947,False,-0.0009502232997596275,1.220703125e-05,True
trial,255,255,254,936.1142778253236,936.1142778253236,936.1134581787276,936.1134581787276,3836,1918,0,0,3836,1918,982016,491008,3284000.0,3284000.0,1712.2002085505735,False,True,3836,1918,0,0,3836,1918,2.44140625e-05,38.30214182278317,-0.4235700567960076,-0.4235700567960076,-0.4235700567960076,False,-0.001935090979348718,2.44140625e-05,False
trial,256,256,256,936.1131883972809,936.1131883972809,936.1131883972809,936.1131883972809,3836,1918,0,0,3836,1918,985852,492926,3284000.0,3284000.0,1712.2002085505735,False,True,3836,1918,0,0,3836,1918,1.220703125e-05,38.30214182278317,0.2546360876922174,0.2546360876922174,0.2546360876922174,False,-0.0010594784469214237,1.220703125e-05,True
trial,257,257,256,936.1145668607671,936.1145668607671,936.1131883972809,936.1131883972809,3836,1918,0,0,3836,1918,989688,494844,3284000.0,3284000.0,1712.2002085505735,False,True,3836,1918,0,0,3836,1918,2.44140625e-05,43.725790043009816,-0.8195182009145286,-0.8195182009145286,-0.8195182009145286,False,-0.0016820413320138953,2.44140625e-05,False
trial,258,258,258,936.1130554717801,936.1130554717801,936.1130554717801,936.1130554717801,3836,1918,0,0,3836,1918,993524,496762,3284000.0,3284000.0,1712.2002085505735,False,True,3836,1918,0,0,3836,1918,1.220703125e-05,43.725790043009816,0.1431007886695716,0.1431007886695716,0.1431007886695716,False,-0.0009288942571802883,1.220703125e-05,True
trial,259,259,258,936.11385259742,936.11385259742,936.1130554717801,936.1130554717801,3836,1918,0,0,3836,1918,997360,498680,3284000.0,3284000.0,1712.2002085505735,False,True,3836,1918,0,0,3836,1918,2.44140625e-05,38.60430761389818,-0.4182172144252575,-0.4182172144252575,-0.4182172144252575,False,-0.0019060086778145548,2.44140625e-05,False
trial,260,260,260,936.1128048699351,936.1128048699351,936.1128048699351,936.1128048699351,3836,1918,0,0,3836,1918,1001196,500598,3284000.0,3284000.0,1712.2002085505735,False,True,3836,1918,0,0,3836,1918,1.220703125e-05,38.60430761389818,0.24073888201997481,0.24073888201997481,0.24073888201997481,False,-0.0010409695470853088,1.220703125e-05,True
trial,261,261,260,936.114215389995,936.114215389995,936.1128048699351,936.1128048699351,3836,1918,0,0,3836,1918,1005032,502516,3284000.0,3284000.0,1712.2002085505735,False,True,3836,1918,0,0,3836,1918,2.44140625e-05,43.994760069499065,-0.8564223753858198,-0.8564223753858198,-0.8564223753858198,False,-0.0016469911348513666,2.44140625e-05,False
trial,262,262,262,936.1126922071678,936.1126922071678,936.1126922071678,936.1126922071678,3836,1918,0,0,3836,1918,1008868,504434,3284000.0,3284000.0,1712.2002085505735,False,True,3836,1918,0,0,3836,1918,1.220703125e-05,43.994760069499065,0.12393077542732538,0.12393077542732538,0.12393077542732538,False,-0.0009090782081873139,1.220703125e-05,True
trial,263,263,262,936.1134689498987,936.1134689498987,936.1126922071678,936.1126922071678,3836,1918,0,0,3836,1918,1012704,506352,3284000.0,3284000.0,1712.2002085505735,False,True,3836,1918,0,0,3836,1918,2.44140625e-05,38.90818550785926,-0.4140517760610757,-0.4140517760610757,-0.4140517760610757,False,-0.0018759555586328738,2.44140625e-05,False
trial,264,264,264,936.1124447591665,936.1124447591665,936.1124447591665,936.1124447591665,3836,1918,0,0,3836,1918,1016540,508270,3284000.0,3284000.0,1712.2002085505735,False,True,3836,1918,0,0,3836,1918,1.220703125e-05,38.90818550785926,0.24192414050297453,0.24192414050297453,0.24192414050297453,False,-0.0010228330286992853,1.220703125e-05,True
trial,265,265,264,936.1139203783351,936.1139203783351,936.1124447591665,936.1124447591665,3836,1918,0,0,3836,1918,1020376,510188,3284000.0,3284000.0,1712.2002085505735,False,True,3836,1918,0,0,3836,1918,2.44140625e-05,43.39869483931057,-0.9380018564160825,-0.9380018564160825,-0.9380018564160825,False,-0.0015731516505851474,2.44140625e-05,False
trial,266,266,266,936.1123696110571,936.1123696110571,936.1123696110571,936.1123696110571,3836,1918,0,0,3836,1918,1024212,512106,3284000.0,3284000.0,1712.2002085505735,False,True,3836,1918,0,0,3836,1918,1.220703125e-05,43.39869483931057,0.08643926539201621,0.08643926539201621,0.08643926539201621,False,-0.00086937468726412,1.220703125e-05,True
trial,267,267,266,936.1131448764154,936.1131448764154,936.1123696110571,936.1123696110571,3836,1918,0,0,3836,1918,1028048,514024,3284000.0,3284000.0,1712.2002085505735,False,True,3836,1918,0,0,3836,1918,2.44140625e-05,39.60319406565522,-0.4142623885628572,-0.4142623885628572,-0.4142623885628572,False,-0.001871435543382118,2.44140625e-05,False
trial,268,268,268,936.1121124415353,936.1121124415353,936.1121124415353,936.1121124415353,3836,1918,0,0,3836,1918,1031884,515942,3284000.0,3284000.0,1712.2002085505735,False,True,3836,1918,0,0,3836,1918,1.220703125e-05,39.60319406565522,0.25226761860443103,0.25226761860443103,0.25226761860443103,False,-0.0010194313614655618,1.220703125e-05,True
trial,269,269,268,936.1136756280181,936.1136756280181,936.1121124415353,936.1121124415353,3836,1918,0,0,3836,1918,1035720,517860,3284000.0,3284000.0,1712.2002085505735,False,True,3836,1918,0,0,3836,1918,2.44140625e-05,41.63013434950583,-1.0593784132923598,-1.0593784132923598,-1.0593784132923598,False,-0.0014755695068095539,2.44140625e-05,False
trial,270,270,270,936.1120828779568,936.1120828779568,936.1120828779568,936.1120828779568,3836,1918,0,0,3836,1918,1039556,519778,3284000.0,3284000.0,1712.2002085505735,False,True,3836,1918,0,0,3836,1918,1.220703125e-05,41.63013434950583,0.03611403159153847,0.03611403159153847,0.03611403159153847,False,-0.0008186175049974467,1.220703125e-05,True
trial,271,271,271,936.1117420484527,936.1117420484527,936.1117420484527,936.1117420484527,3836,1918,0,0,3836,1918,1043392,521696,3284000.0,3284000.0,1712.2002085505735,False,True,3836,1918,0,0,3836,1918,6.103515625e-06,40.6180529737392,0.630521804922073,0.630521804922073,0.630521804922073,False,-0.0005405514947536486,6.103515625e-06,True
trial,272,272,272,936.1116896795534,936.1116896795534,936.1116896795534,936.1116896795534,3836,1918,0,0,3836,1918,1047228,523614,3284000.0,3284000.0,1712.2002085505735,False,True,3836,1918,0,0,3836,1918,1.220703125e-05,19.957982256687295,0.1610121887085695,0.1610121887085695,0.1610121887085695,False,-0.0003252480433476059,1.220703125e-05,True
trial,273,273,272,936.112025665695,936.112025665695,936.1116896795534,936.1116896795534,3836,1918,0,0,3836,1918,1051064,525532,3284000.0,3284000.0,1712.2002085505735,False,True,3836,1918,0,0,3836,1918,2.44140625e-05,21.662260303523276,-0.2927774776232609,-0.2927774776232609,-0.2927774776232609,False,-0.0011475819259157529,2.44140625e-05,False
trial,274,274,274,936.1116040743887,936.1116040743887,936.1116040743887,936.1116040743887,3836,1918,0,0,3836,1918,1054900,527450,3284000.0,3284000.0,1712.2002085505735,False,True,3836,1918,0,0,3836,1918,1.220703125e-05,21.662260303523276,0.14345159135753516,0.14345159135753516,0.14345159135753516,False,-0.0005967529805924738,1.220703125e-05,True
trial,275,275,274,936.1130994492819,936.1130994492819,936.1116040743887,936.1116040743887,3836,1918,0,0,3836,1918,1058736,529368,3284000.0,3284000.0,1712.2002085505735,False,True,3836,1918,0,0,3836,1918,2.44140625e-05,39.376827101108425,-0.9998092102732409,-0.9998092102732409,-0.9998092102732409,False,-0.0014956602498488701,2.44140625e-05,False
trial,276,276,276,936.1115479433367,936.1115479433367,936.1115479433367,936.1115479433367,3836,1918,0,0,3836,1918,1062572,531286,3284000.0,3284000.0,1712.2002085505735,False,True,3836,1918,0,0,3836,1918,1.220703125e-05,39.376827101108425,0.06694007598475046,0.06694007598475046,0.06694007598475046,False,-0.0008385268627247597,1.220703125e-05,True
trial,277,277,276,936.1128937568852,936.1128937568852,936.1115479433367,936.1115479433367,3836,1918,0,0,3836,1918,1066408,533204,3284000.0,3284000.0,1712.2002085505735,False,True,3836,1918,0,0,3836,1918,2.44140625e-05,38.11204470592732,-0.766368370952964,-0.766368370952964,-0.766368370952964,False,-0.0017560922390481982,2.44140625e-05,False
trial,278,278,278,936.1113796089212,936.1113796089212,936.1113796089212,936.1113796089212,3836,1918,0,0,3836,1918,1070244,535122,3284000.0,3284000.0,1712.2002085505735,False,True,3836,1918,0,0,3836,1918,1.220703125e-05,38.11204470592732,0.1740348417710531,0.1740348417710531,0.1740348417710531,False,-0.0009672454885185347,1.220703125e-05,True
trial,279,279,278,936.1129019691055,936.1129019691055,936.1113796089212,936.1113796089212,3836,1918,0,0,3836,1918,1074080,537040,3284000.0,3284000.0,1712.2002085505735,False,True,3836,1918,0,0,3836,1918,2.44140625e-05,39.80758556247289,-1.025588484622412,-1.025588484622412,-1.025588484622412,False,-0.0014843772205711146,2.44140625e-05,False
trial,280,280,280,936.111334202861,936.111334202861,936.111334202861,936.111334202861,3836,1918,0,0,3836,1918,1077916,538958,3284000.0,3284000.0,1712.2002085505735,False,True,3836,1918,0,0,3836,1918,1.220703125e-05,39.80758556247289,0.054323767469523464,0.054323767469523464,0.054323767469523464,False,-0.0008358415161903237,1.220703125e-05,True
trial,281,281,280,936.1127076379044,936.1127076379044,936.111334202861,936.111334202861,3836,1918,0,0,3836,1918,1081752,540876,3284000.0,3284000.0,1712.2002085505735,False,True,3836,1918,0,0,3836,1918,2.44140625e-05,38.79537475954335,-0.7973615427241566,-0.7973615427241566,-0.7973615427241566,False,-0.0017224746488617559,2.44140625e-05,False
trial,282,282,282,936.1111831859171,936.1111831859171,936.1111831859171,936.1111831859171,3836,1918,0,0,3836,1918,1085588,542794,3284000.0,3284000.0,1712.2002085505735,False,True,3836,1918,0,0,3836,1918,1.220703125e-05,38.79537475954335,0.15914034044450148,0.15914034044450148,0.15914034044450148,False,-0.0009489545110811712,1.220703125e-05,True
trial,283,283,282,936.1127410338203,936.1127410338203,936.1111831859171,936.1111831859171,3836,1918,0,0,3836,1918,1089424,544712,3284000.0,3284000.0,1712.2002085505735,False,True,3836,1918,0,0,3836,1918,2.44140625e-05,40.17021078500428,-1.0668979973636041,-1.0668979973636041,-1.0668979973636041,False,-0.00146016573941436,2.44140625e-05,False
trial,284,284,284,936.1111462349296,936.1111462349296,936.1111462349296,936.1111462349296,3836,1918,0,0,3836,1918,1093260,546630,3284000.0,3284000.0,1712.2002085505735,False,True,3836,1918,0,0,3836,1918,1.220703125e-05,40.17021078500428,0.04491284374695611,0.04491284374695611,0.04491284374695611,False,-0.0008227265161089561,1.220703125e-05,True
trial,285,285,285,936.1108595555604,936.1108595555604,936.1108595555604,936.1108595555604,3836,1918,0,0,3836,1918,1097096,548548,3284000.0,3284000.0,1712.2002085505735,False,True,3836,1918,0,0,3836,1918,6.103515625e-06,38.8364219819792,0.5886778516616357,0.5886778516616357,0.5886778516616357,False,-0.00048698854286307117,6.103515625e-06,True
trial,286,286,285,936.1110366798241,936.1110366798241,936.1108595555604,936.1108595555604,3836,1918,0,0,3836,1918,1100932,550466,3284000.0,3284000.0,1712.2002085505735,False,True,3836,1918,0,0,3836,1918,1.220703125e-05,12.320222808612012,-0.8148670229554071,-0.8148670229554071,-0.8148670229554071,False,-0.00021736585075946474,1.220703125e-05,False
trial,287,287,285,936.110862695432,936.110862695432,936.1108595555604,936.1108595555604,3836,1918,0,0,3836,1918,1104768,552384,3284000.0,3284000.0,1712.2002085505735,False,True,3836,1918,0,0,3836,1918,6.103515625e-06,12.320222808612012,-0.025825392840996345,-0.025825392840996345,-0.025825392840996345,False,-0.00012158078898123748,6.103515625e-06,False
trial,288,288,288,936.1108105241874,936.1108105241874,936.1108105241874,936.1108105241874,3836,1918,0,0,3836,1918,1108604,554302,3284000.0,3284000.0,1712.2002085505735,False,True,3836,1918,0,0,3836,1918,3.0517578125e-06,12.320222808612012,0.7266388427606917,0.7266388427606917,0.7266388427606917,False,-6.747695020462756e-05,3.0517578125e-06,True
trial,289,289,288,936.110831280341,936.110831280341,936.1108105241874,936.1108105241874,3836,1918,0,0,3836,1918,1112440,556220,3284000.0,3284000.0,1712.2002085505735,False,True,3836,1918,0,0,3836,1918,6.103515625e-06,6.346960805534774,-0.2722081031601624,-0.2722081031601624,-0.2722081031601624,False,-7.625104975281592e-05,6.103515625e-06,False
trial,290,290,288,936.1108136534955,936.1108136534955,936.1108105241874,936.1108105241874,3836,1918,0,0,3836,1918,1116276,558138,3284000.0,3284000.0,1712.2002085505735,False,True,3836,1918,0,0,3836,1918,3.0517578125e-06,6.346960805534774,-0.06910242075123704,-0.06910242075123704,-0.06910242075123704,False,-4.52850717782604e-05,3.0517578125e-06,False
trial,291,291,291,936.1107980260583,936.1107980260583,936.1107980260583,936.1107980260583,3836,1918,0,0,3836,1918,1120112,560056,3284000.0,3284000.0,1712.2002085505735,False,True,3836,1918,0,0,3836,1918,1.52587890625e-06,6.346960805534774,0.48681154491261863,0.48681154491261863,0.48681154491261863,False,-2.5673444296065223e-05,1.52587890625e-06,True
trial,292,292,291,936.1108061616103,936.1108061616103,936.1107980260583,936.1107980260583,3836,1918,0,0,3836,1918,1123948,561974,3284000.0,3284000.0,1712.2002085505735,False,True,3836,1918,0,0,3836,1918,3.0517578125e-06,6.216627562182472,-0.20762900678326976,-0.20762900678326976,-0.20762900678326976,False,-3.918311851359501e-05,3.0517578125e-06,False
trial,293,293,293,936.1107876673311,936.1107876673311,936.1107876673311,936.1107876673311,3836,1918,0,0,3836,1918,1127784,563892,3284000.0,3284000.0,1712.2002085505735,False,True,3836,1918,0,0,3836,1918,1.52587890625e-06,6.216627562182472,0.48763469406915644,0.48763469406915644,0.48763469406915644,False,-2.1242801878359504e-05,1.52587890625e-06,True
trial,294,294,293,936.110793726481,936.110793726481,936.1107876673311,936.1107876673311,3836,1918,0,0,3836,1918,1131620,565810,3284000.0,3284000.0,1712.2002085505735,False,True,3836,1918,0,0,3836,1918,3.0517578125e-06,5.949835580147583,-0.14723741142366434,-0.14723741142366434,-0.14723741142366434,False,-4.115224400978649e-05,3.0517578125e-06,False
trial,295,295,295,936.1107777495122,936.1107777495122,936.1107777495122,936.1107777495122,3836,1918,0,0,3836,1918,1135456,567728,3284000.0,3284000.0,1712.2002085505735,False,True,3836,1918,0,0,3836,1918,1.52587890625e-06,5.949835580147583,0.44869571901696215,0.44869571901696215,0.44869571901696215,False,-2.2103662956097874e-05,1.52587890625e-06,True
trial,296,296,295,936.1107789002577,936.1107789002577,936.1107777495122,936.1107777495122,3836,1918,0,0,3836,1918,1139292,569646,3284000.0,3284000.0,1712.2002085505735,False,True,3836,1918,0,0,3836,1918,3.0517578125e-06,6.0595317593212865,-0.026642726908161152,-0.026642726908161152,-0.026642726908161152,False,-4.319173352747744e-05,3.0517578125e-06,False
trial,297,297,297,936.1107669586033,936.1107669586033,936.1107669586033,936.1107669586033,3836,1918,0,0,3836,1918,1143128,571564,3284000.0,3284000.0,1712.2002085505735,False,True,3836,1918,0,0,3836,1918,1.52587890625e-06,6.0595317593212865,0.46764604050076874,0.46764604050076874,0.46764604050076874,False,-2.3074949665001815e-05,1.52587890625e-06,True
trial,298,298,297,936.1107734408035,936.1107734408035,936.1107669586033,936.1107669586033,3836,1918,0,0,3836,1918,1146964,573482,3284000.0,3284000.0,1712.2002085505735,False,True,3836,1918,0,0,3836,1918,3.0517578125e-06,6.133177680168008,-0.15841033898068585,-0.15841033898068585,-0.15841033898068585,False,-4.0920310174499415e-05,3.0517578125e-06,False
trial,299,299,299,936.1107573166091,936.1107573166091,936.1107573166091,936.1107573166091,3836,1918,0,0,3836,1918,1150800,575400,3284000.0,3284000.0,1712.2002085505735,False,True,3836,1918,0,0,3836,1918,1.52587890625e-06,6.133177680168008,0.4392585586938268,0.4392585586938268,0.4392585586938268,False,-2.1950612048909867e-05,1.52587890625e-06,True
trial,300,300,299,936.110757915324,936.110757915324,936.1107573166091,936.1107573166091,3836,1918,0,0,3836,1918,1154636,577318,3284000.0,3284000.0,1712.2002085505735,False,True,3836,1918,0,0,3836,1918,3.0517578125e-06,6.031823622136167,-0.013951875025607031,-0.013951875025607031,-0.013951875025607031,False,-4.2912863261033876e-05,3.0517578125e-06,False
trial,301,301,301,936.1107467120627,936.1107467120627,936.1107467120627,936.1107467120627,3836,1918,0,0,3836,1918,1158472,579236,3284000.0,3284000.0,1712.2002085505735,False,True,3836,1918,0,0,3836,1918,1.52587890625e-06,6.031823622136167,0.4632846435808455,0.4632846435808455,0.4632846435808455,False,-2.288991572079103e-05,1.52587890625e-06,True
trial,302,302,301,936.1107535426115,936.1107535426115,936.1107467120627,936.1107467120627,3836,1918,0,0,3836,1918,1162308,581154,3284000.0,3284000.0,1712.2002085505735,False,True,3836,1918,0,0,3836,1918,3.0517578125e-06,6.048068796014583,-0.16854355230176782,-0.16854355230176782,-0.16854355230176782,False,-4.052690683164321e-05,3.0517578125e-06,False
trial,303,303,303,936.1107372730077,936.1107372730077,936.1107372730077,936.1107372730077,3836,1918,0,0,3836,1918,1166144,583072,3284000.0,3284000.0,1712.2002085505735,False,True,3836,1918,0,0,3836,1918,1.52587890625e-06,6.048068796014583,0.43408792658572876,0.43408792658572876,0.43408792658572876,False,-2.1744569342225096e-05,1.52587890625e-06,True
trial,304,304,303,936.1107374298439,936.1107374298439,936.1107372730077,936.1107372730077,3836,1918,0,0,3836,1918,1169980,584990,3284000.0,3284000.0,1712.2002085505735,False,True,3836,1918,0,0,3836,1918,3.0517578125e-06,6.0497232247596795,-0.0036787188521527872,-0.0036787188521527872,-0.0036787188521527872,False,-4.263338094992606e-05,3.0517578125e-06,False
trial,305,305,305,936.1107268341984,936.1107268341984,936.1107268341984,936.1107268341984,3836,1918,0,0,3836,1918,1173816,586908,3284000.0,3284000.0,1712.2002085505735,False,True,3836,1918,0,0,3836,1918,1.52587890625e-06,6.0497232247596795,0.45929282301641206,0.45929282301641206,0.45929282301641206,False,-2.2728004235383342e-05,1.52587890625e-06,True
trial,306,306,305,936.1107331705089,936.1107331705089,936.1107268341984,936.1107268341984,3836,1918,0,0,3836,1918,1177652,588826,3284000.0,3284000.0,1712.2002085505735,False,True,3836,1918,0,0,3836,1918,3.0517578125e-06,6.094133494531934,-0.1579836745784228,-0.1579836745784228,-0.1579836745784228,False,-4.0107374711159075e-05,3.0517578125e-06,False
trial,307,307,307,936.1107176249423,936.1107176249423,936.1107176249423,936.1107176249423,3836,1918,0,0,3836,1918,1181488,590744,3284000.0,3284000.0,1712.2002085505735,False,True,3836,1918,0,0,3836,1918,1.52587890625e-06,6.094133494531934,0.4279170479620782,0.4279170479620782,0.4279170479620782,False,-2.152112476251871e-05,1.52587890625e-06,True
trial,308,308,308,936.1107173140452,936.1107173140452,936.1107173140452,936.1107173140452,3836,1918,0,0,3836,1918,1185324,592662,3284000.0,3284000.0,1712.2002085505735,False,True,3836,1918,0,0,3836,1918,3.0517578125e-06,6.066248701760319,0.0073549769001093794,0.0073549769001093794,0.0073549769001093794,False,-4.227029016081447e-05,3.0517578125e-06,True
trial,309,309,309,936.1106858382999,936.1106858382999,936.1106858382999,936.1106858382999,3836,1918,0,0,3836,1918,1189160,594580,3284000.0,3284000.0,1712.2002085505735,False,True,3836,1918,0,0,3836,1918,1.52587890625e-06,12.311995218060279,0.7173011346055659,0.7173011346055659,0.7173011346055659,False,-4.388079681839774e-05,1.52587890625e-06,True
trial,310,310,309,936.1106917375114,936.1106917375114,936.1106858382999,936.1106858382999,3836,1918,0,0,3836,1918,1192996,596498,3284000.0,3284000.0,1712.2002085505735,False,True,3836,1918,0,0,3836,1918,3.0517578125e-06,4.2681736298662445,-0.1922310562708429,-0.1922310562708429,-0.1922310562708429,False,-3.068812918029168e-05,3.0517578125e-06,False
trial,311,311,311,936.1106802710808,936.1106802710808,936.1106802710808,936.1106802710808,3836,1918,0,0,3836,1918,1196832,598416,3284000.0,3284000.0,1712.2002085505735,False,True,3836,1918,0,0,3836,1918,1.52587890625e-06,4.2681736298662445,0.3412658413168201,0.3412658413168201,0.3412658413168201,False,-1.6313437845349134e-05,1.52587890625e-06,True
trial,312,312,311,936.1106810376483,936.1106810376483,936.1106802710808,936.1106802710808,3836,1918,0,0,3836,1918,1200668,600334,3284000.0,3284000.0,1712.2002085505735,False,True,3836,1918,0,0,3836,1918,3.0517578125e-06,6.613232583071059,-0.01649009031700797,-0.01649009031700797,-0.01649009031700797,False,-4.648655531691254e-05,3.0517578125e-06,False
trial,313,313,313,936.1106677755756,936.1106677755756,936.1106677755756,936.1106677755756,3836,1918,0,0,3836,1918,1204504,602252,3284000.0,3284000.0,1712.2002085505735,False,True,3836,1918,0,0,3836,1918,1.52587890625e-06,6.613232583071059,0.5043322733190722,0.5043322733190722,0.5043322733190722,False,-2.4776334670288916e-05,1.52587890625e-06,True
trial,314,314,313,936.1106769359428,936.1106769359428,936.1106677755756,936.1106677755756,3836,1918,0,0,3836,1918,1208340,604170,3284000.0,3284000.0,1712.2002085505735,False,True,3836,1918,0,0,3836,1918,3.0517578125e-06,5.089960260948204,-0.2697600194001602,-0.2697600194001602,-0.2697600194001602,False,-3.395746789821014e-05,3.0517578125e-06,False
trial,315,315,315,936.1106616710076,936.1106616710076,936.1106616710076,936.1106616710076,3836,1918,0,0,3836,1918,1212176,606088,3284000.0,3284000.0,1712.2002085505735,False,True,3836,1918,0,0,3836,1918,1.52587890625e-06,5.089960260948204,0.33148995666724057,0.33148995666724057,0.33148995666724057,False,-1.841554435824844e-05,1.52587890625e-06,True
trial,316,316,315,936.1106628748837,936.1106628748837,936.1106616710076,936.1106616710076,3836,1918,0,0,3836,1918,1216012,608006,3284000.0,3284000.0,1712.2002085505735,False,True,3836,1918,0,0,3836,1918,3.0517578125e-06,6.7964474831706285,-0.026103996653516735,-0.026103996653516735,-0.026103996653516735,False,-4.611845831385826e-05,3.0517578125e-06,False
trial,317,317,317,936.1106493578932,936.1106493578932,936.1106493578932,936.1106493578932,3836,1918,0,0,3836,1918,1219848,609924,3284000.0,3284000.0,1712.2002085505735,False,True,3836,1918,0,0,3836,1918,1.52587890625e-06,6.7964474831706285,0.5004369105281342,0.5004369105281342,0.5004369105281342,False,-2.4604728748268755e-05,1.52587890625e-06,True
trial,318,318,317,936.1106577779319,936.1106577779319,936.1106493578932,936.1106493578932,3836,1918,0,0,3836,1918,1223684,611842,3284000.0,3284000.0,1712.2002085505735,False,True,3836,1918,0,0,3836,1918,3.0517578125e-06,5.163588663005315,-0.25066771075302896,-0.25066771075302896,-0.25066771075302896,False,-3.3590440164141696e-05,3.0517578125e-06,False
trial,319,319,319,936.1106434669687,936.1106434669687,936.1106434669687,936.1106434669687,3836,1918,0,0,3836,1918,1227520,613760,3284000.0,3284000.0,1712.2002085505735,False,True,3836,1918,0,0,3836,1918,1.52587890625e-06,5.163588663005315,0.3235840638040778,0.3235840638040778,0.3235840638040778,False,-1.8205236819722726e-05,1.52587890625e-06,True
trial,320,320,319,936.11064505545,936.11064505545,936.1106434669687,936.1106434669687,3836,1918,0,0,3836,1918,1231356,615678,3284000.0,3284000.0,1712.2002085505735,False,True,3836,1918,0,0,3836,1918,3.0517578125e-06,6.800764944179952,-0.03474342953152865,-0.03474342953152865,-0.03474342953152865,False,-4.572033916643545e-05,3.0517578125e-06,False
trial,321,321,321,936.1106313281788,936.1106313281788,936.1106313281788,936.1106313281788,3836,1918,0,0,3836,1918,1235192,617596,3284000.0,3284000.0,1712.2002085505735,False,True,3836,1918,0,0,3836,1918,1.52587890625e-06,6.800764944179952,0.49688772529403896,0.49688772529403896,0.49688772529403896,False,-2.4429643290527522e-05,1.52587890625e-06,True
trial,322,322,321,936.1106388077174,936.1106388077174,936.1106313281788,936.1106313281788,3836,1918,0,0,3836,1918,1239028,619514,3284000.0,3284000.0,1712.2002085505735,False,True,3836,1918,0,0,3836,1918,3.0517578125e-06,5.204322548515916,-0.22501394971144617,-0.22501394971144617,-0.22501394971144617,False,-3.32403327738542e-05,3.0517578125e-06,False
trial,323,323,323,936.1106256362864,936.1106256362864,936.1106256362864,936.1106256362864,3836,1918,0,0,3836,1918,1242864,621432,3284000.0,3284000.0,1712.2002085505735,False,True,3836,1918,0,0,3836,1918,1.52587890625e-06,5.204322548515916,0.3161841294477124,0.3161841294477124,0.3161841294477124,False,-1.8001828261748208e-05,1.52587890625e-06,True
trial,324,324,323,936.1106267194621,936.1106267194621,936.1106256362864,936.1106256362864,3836,1918,0,0,3836,1918,1246700,623350,3284000.0,3284000.0,1712.2002085505735,False,True,3836,1918,0,0,3836,1918,3.0517578125e-06,6.816167049470552,-0.02387872855488241,-0.02387872855488241,-0.02387872855488241,False,-4.5361530572552014e-05,3.0517578125e-06,False
trial,325,325,325,936.1106136847826,936.1106136847826,936.1106136847826,936.1106136847826,3836,1918,0,0,3836,1918,1250536,625268,3284000.0,3284000.0,1712.2002085505735,False,True,3836,1918,0,0,3836,1918,1.52587890625e-06,6.816167049470552,0.49297183587675925,0.49297183587675925,0.49297183587675925,False,-2.4243786175476283e-05,1.52587890625e-06,True
trial,326,326,325,936.1106203351949,936.1106203351949,936.1106136847826,936.1106136847826,3836,1918,0,0,3836,1918,1254372,627186,3284000.0,3284000.0,1712.2002085505735,False,True,3836,1918,0,0,3836,1918,3.0517578125e-06,5.3166171789826615,-0.20156651691074956,-0.20156651691074956,-0.20156651691074956,False,-3.299363592791753e-05,3.0517578125e-06,False
trial,327,327,327,936.1106082008721,936.1106082008721,936.1106082008721,936.1106082008721,3836,1918,0,0,3836,1918,1258208,629104,3284000.0,3284000.0,1712.2002085505735,False,True,3836,1918,0,0,3836,1918,1.52587890625e-06,5.3166171789826615,0.3080991509529199,0.3080991509529199,0.3080991509529199,False,-1.7799174377103977e-05,1.52587890625e-06,True
trial,328,328,327,936.1106086945106,936.1106086945106,936.1106082008721,936.1106082008721,3836,1918,0,0,3836,1918,1262044,631022,3284000.0,3284000.0,1712.2002085505735,False,True,3836,1918,0,0,3836,1918,3.0517578125e-06,6.840336962046768,-0.010961341523755625,-0.010961341523755625,-0.010961341523755625,False,-4.503449510562454e-05,3.0517578125e-06,False
trial,329,329,329,936.1105964210716,936.1105964210716,936.1105964210716,936.1105964210716,3836,1918,0,0,3836,1918,1265880,632940,3284000.0,3284000.0,1712.2002085505735,False,True,3836,1918,0,0,3836,1918,1.52587890625e-06,6.840336962046768,0.48937015288464103,0.48937015288464103,0.48937015288464103,False,-2.4071350556867633e-05,1.52587890625e-06,True
trial,330,330,329,936.1106023805698,936.1106023805698,936.1105964210716,936.1105964210716,3836,1918,0,0,3836,1918,1269716,634858,3284000.0,3284000.0,1712.2002085505735,False,True,3836,1918,0,0,3836,1918,3.0517578125e-06,5.363787688092641,-0.1823241447764241,-0.1823241447764241,-0.1823241447764241,False,-3.2686281130856975e-05,3.0517578125e-06,False
trial,331,331,331,936.1105910939777,936.1105910939777,936.1105910939777,936.1105910939777,3836,1918,0,0,3836,1918,1273552,636776,3284000.0,3284000.0,1712.2002085505735,False,True,3836,1918,0,0,3836,1918,1.52587890625e-06,5.363787688092641,0.30284478982688723,0.30284478982688723,0.30284478982688723,False,-1.7590178283068266e-05,1.52587890625e-06,True
trial,332,332,332,936.1105909196905,936.1105909196905,936.1105909196905,936.1105909196905,3836,1918,0,0,3836,1918,1277388,638694,3284000.0,3284000.0,1712.2002085505735,False,True,3836,1918,0,0,3836,1918,3.0517578125e-06,6.850704683353127,0.003909311995621816,0.003909311995621816,0.003909311995621816,False,-4.458259297385348e-05,3.0517578125e-06,True
trial,333,333,333,936.1105616567245,936.1105616567245,936.1105616567245,936.1105616567245,3836,1918,0,0,3836,1918,1281224,640612,3284000.0,3284000.0,1712.2002085505735,False,True,3836,1918,0,0,3836,1918,1.52587890625e-06,12.108420928025307,0.7019782913494396,0.7019782913494396,0.7019782913494396,False,-4.168642585656718e-05,1.52587890625e-06,True
trial,334,334,333,936.11056576242,936.11056576242,936.1105616567245,936.1105616567245,3836,1918,0,0,3836,1918,1285060,642530,3284000.0,3284000.0,1712.2002085505735,False,True,3836,1918,0,0,3836,1918,3.0517578125e-06,4.21880228603688,-0.15201738191011124,-0.15201738191011124,-0.15201738191011124,False,-2.700806645159289e-05,3.0517578125e-06,False
trial,335,335,335,936.1105535557217,936.1105535557217,936.1105535557217,936.1105535557217,3836,1918,0,0,3836,1918,1288896,644448,3284000.0,3284000.0,1712.2002085505735,False,True,3836,1918,0,0,3836,1918,1.52587890625e-06,4.21880228603688,0.5654113558940613,0.5654113558940613,0.5654113558940613,False,-1.4327626590076493e-05,1.52587890625e-06,True
trial,336,336,335,936.1105643805471,936.1105643805471,936.1105535557217,936.1105535557217,3836,1918,0,0,3836,1918,1292732,646366,3284000.0,3284000.0,1712.2002085505735,False,True,3836,1918,0,0,3836,1918,3.0517578125e-06,4.8615804849323085,-0.3253659759488251,-0.3253659759488251,-0.3253659759488251,False,-3.3269690690255873e-05,3.0517578125e-06,False
trial,337,337,337,936.1105475665365,936.1105475665365,936.1105475665365,936.1105475665365,3836,1918,0,0,3836,1918,1296568,648284,3284000.0,3284000.0,1712.2002085505735,False,True,3836,1918,0,0,3836,1918,1.52587890625e-06,4.8615804849323085,0.3324889397071814,0.3324889397071814,0.3324889397071814,False,-1.801318620892253e-05,1.52587890625e-06,True
trial,338,338,337,936.1105536354512,936.1105536354512,936.1105475665365,936.1105475665365,3836,1918,0,0,3836,1918,1300404,650202,3284000.0,3284000.0,1712.2002085505735,False,True,3836,1918,0,0,3836,1918,3.0517578125e-06,5.7696852508175445,-0.14578634183754735,-0.14578634183754735,-0.14578634183754735,False,-4.16288288439548e-05,3.0517578125e-06,False
trial,339,339,339,936.1105375882382,936.1105375882382,936.1105375882382,936.1105375882382,3836,1918,0,0,3836,1918,1304240,652120,3284000.0,3284000.0,1712.2002085505735,False,True,3836,1918,0,0,3836,1918,1.52587890625e-06,5.7696852508175445,0.44728760501802534,0.44728760501802534,0.44728760501802534,False,-2.230846145154778e-05,1.52587890625e-06,True
trial,340,340,339,936.110547758023,936.110547758023,936.1105375882382,936.1105375882382,3836,1918,0,0,3836,1918,1308076,654038,3284000.0,3284000.0,1712.2002085505735,False,True,3836,1918,0,0,3836,1918,3.0517578125e-06,5.150996870478539,-0.30235720806632266,-0.30235720806632266,-0.30235720806632266,False,-3.363500030900255e-05,3.0517578125e-06,False
trial,341,341,341,936.1105316242939,936.1105316242939,936.1105316242939,936.1105316242939,3836,1918,0,0,3836,1918,1311912,655956,3284000.0,3284000.0,1712.2002085505735,False,True,3836,1918,0,0,3836,1918,1.52587890625e-06,5.150996870478539,0.3266658254242146,0.3266658254242146,0.3266658254242146,False,-1.8257019417963265e-05,1.52587890625e-06,True
trial,342,342,341,936.1105380594389,936.1105380594389,936.1105316242939,936.1105316242939,3836,1918,0,0,3836,1918,1315748,657874,3284000.0,3284000.0,1712.2002085505735,False,True,3836,1918,0,0,3836,1918,3.0517578125e-06,6.005483636484051,-0.1564695195439272,-0.1564695195439272,-0.1564695195439272,False,-4.112714741623532e-05,3.0517578125e-06,False
trial,343,343,343,936.1105217984883,936.1105217984883,936.1105217984883,936.1105217984883,3836,1918,0,0,3836,1918,1319584,659792,3284000.0,3284000.0,1712.2002085505735,False,True,3836,1918,0,0,3836,1918,1.52587890625e-06,6.005483636484051,0.4437039547627889,0.4437039547627889,0.4437039547627889,False,-2.214495833521084e-05,1.52587890625e-06,True
trial,344,344,343,936.1105312322613,936.1105312322613,936.1105217984883,936.1105217984883,3836,1918,0,0,3836,1918,1323420,661710,3284000.0,3284000.0,1712.2002085505735,False,True,3836,1918,0,0,3836,1918,3.0517578125e-06,5.1857284697892565,-0.282505783799659,-0.282505783799659,-0.282505783799659,False,-3.3393203102661924e-05,3.0517578125e-06,False
trial,345,345,345,936.1105160054673,936.1105160054673,936.1105160054673,936.1105160054673,3836,1918,0,0,3836,1918,1327256,663628,3284000.0,3284000.0,1712.2002085505735,False,True,3836,1918,0,0,3836,1918,1.52587890625e-06,5.1857284697892565,0.3202551174460916,0.3202551174460916,0.3202551174460916,False,-1.8088769641439352e-05,1.52587890625e-06,True
trial,346,346,345,936.1105227159637,936.1105227159637,936.1105160054673,936.1105160054673,3836,1918,0,0,3836,1918,1331092,665546,3284000.0,3284000.0,1712.2002085505735,False,True,3836,1918,0,0,3836,1918,3.0517578125e-06,6.054721106390578,-0.16422908025826283,-0.16422908025826283,-0.16422908025826283,False,-4.086058595417957e-05,3.0517578125e-06,False
trial,347,347,347,936.1105063983578,936.1105063983578,936.1105063983578,936.1105063983578,3836,1918,0,0,3836,1918,1334928,667464,3284000.0,3284000.0,1712.2002085505735,False,True,3836,1918,0,0,3836,1918,1.52587890625e-06,6.054721106390578,0.43809678124068957,0.43809678124068957,0.43809678124068957,False,-2.1929194483867544e-05,1.52587890625e-06,True
trial,348,348,347,936.1105151299057,936.1105151299057,936.1105063983578,936.1105063983578,3836,1918,0,0,3836,1918,1338764,669382,3284000.0,3284000.0,1712.2002085505735,False,True,3836,1918,0,0,3836,1918,3.0517578125e-06,5.198203633527199,-0.2633460759531361,-0.2633460759531361,-0.2633460759531361,False,-3.3156172609918315e-05,3.0517578125e-06,False
trial,349,349,349,936.1105006370611,936.1105006370611,936.1105006370611,936.1105006370611,3836,1918,0,0,3836,1918,1342600,671300,3284000.0,3284000.0,1712.2002085505735,False,True,3836,1918,0,0,3836,1918,1.52587890625e-06,5.198203633527199,0.32136849920690896,0.32136849920690896,0.32136849920690896,False,-1.7927384402763336e-05,1.52587890625e-06,True
trial,350,350,349,936.1105078905039,936.1105078905039,936.1105006370611,936.1105006370611,3836,1918,0,0,3836,1918,1346436,673218,3284000.0,3284000.0,1712.2002085505735,False,True,3836,1918,0,0,3836,1918,3.0517578125e-06,6.027619862624075,-0.18057271189858823,-0.18057271189858823,-0.18057271189858823,False,-4.016909673403002e-05,3.0517578125e-06,False
trial,351,351,351,936.1104914132557,936.1104914132557,936.1104914132557,936.1104914132557,3836,1918,0,0,3836,1918,1350272,675136,3284000.0,3284000.0,1712.2002085505735,False,True,3836,1918,0,0,3836,1918,1.52587890625e-06,6.027619862624075,0.42793518767633304,0.42793518767633304,0.42793518767633304,False,-2.155421134615383e-05,1.52587890625e-06,True
trial,352,352,351,936.1104995327446,936.1104995327446,936.1104914132557,936.1104914132557,3836,1918,0,0,3836,1918,1354108,677054,3284000.0,3284000.0,1712.2002085505735,False,True,3836,1918,0,0,3836,1918,3.0517578125e-06,5.251147036120043,-0.24429218468360292,-0.24429218468360292,-0.24429218468360292,False,-3.323679367593991e-05,3.0517578125e-06,False
trial,353,353,353,936.1104854685544,936.1104854685544,936.1104854685544,936.1104854685544,3836,1918,0,0,3836,1918,1357944,678972,3284000.0,3284000.0,1712.2002085505735,False,True,3836,1918,0,0,3836,1918,1.52587890625e-06,5.251147036120043,0.3313514040963719,0.3313514040963719,0.3313514040963719,False,-1.79407757310296e-05,1.52587890625e-06,True
trial,354,354,353,936.1104936933124,936.1104936933124,936.1104854685544,936.1104854685544,3836,1918,0,0,3836,1918,1361780,680890,3284000.0,3284000.0,1712.2002085505735,False,True,3836,1918,0,0,3836,1918,3.0517578125e-06,5.918031133425922,-0.21066464022236833,-0.21066464022236833,-0.21066464022236833,False,-3.904194809248093e-05,3.0517578125e-06,False
trial,355,355,355,936.1104768416428,936.1104768416428,936.1104768416428,936.1104768416428,3836,1918,0,0,3836,1918,1365616,682808,3284000.0,3284000.0,1712.2002085505735,False,True,3836,1918,0,0,3836,1918,1.52587890625e-06,5.918031133425922,0.41151705879640005,0.41151705879640005,0.41151705879640005,False,-2.096367920547762e-05,1.52587890625e-06,True
trial,356,356,355,936.1104847257494,936.1104847257494,936.1104768416428,936.1104768416428,3836,1918,0,0,3836,1918,1369452,684726,3284000.0,3284000.0,1712.2002085505735,False,True,3836,1918,0,0,3836,1918,3.0517578125e-06,5.367919077215918,-0.23418678220775896,-0.23418678220775896,-0.23418678220775896,False,-3.366589061910675e-05,3.0517578125e-06,False
trial,357,357,357,936.1104707062777,936.1104707062777,936.1104707062777,936.1104707062777,3836,1918,0,0,3836,1918,1373288,686644,3284000.0,3284000.0,1712.2002085505735,False,True,3836,1918,0,0,3836,1918,1.52587890625e-06,5.367919077215918,0.3374404014931436,0.3374404014931436,0.3374404014931436,False,-1.8182070245260316e-05,1.52587890625e-06,True
trial,358,358,357,936.1104797247532,936.1104797247532,936.1104707062777,936.1104707062777,3836,1918,0,0,3836,1918,1377124,688562,3284000.0,3284000.0,1712.2002085505735,False,True,3836,1918,0,0,3836,1918,3.0517578125e-06,5.859186112891001,-0.2369150364485201,-0.2369150364485201,-0.2369150364485201,False,-3.806628565177056e-05,3.0517578125e-06,False
trial,359,359,359,936.1104625080709,936.1104625080709,936.1104625080709,936.1104625080709,3836,1918,0,0,3836,1918,1380960,690480,3284000.0,3284000.0,1712.2002085505735,False,True,3836,1918,0,0,3836,1918,1.52587890625e-06,5.859186112891001,0.4015814513544058,0.4015814513544058,0.4015814513544058,False,-2.0414804554917593e-05,1.52587890625e-06,True
trial,360,360,359,936.1104697575576,936.1104697575576,936.1104625080709,936.1104625080709,3836,1918,0,0,3836,1918,1384796,692398,3284000.0,3284000.0,1712.2002085505735,False,True,3836,1918,0,0,3836,1918,3.0517578125e-06,5.455335971819305,-0.2149207929278945,-0.2149207929278945,-0.2149207929278945,False,-3.3730969248906853e-05,3.0517578125e-06,False
trial,361,361,361,936.1104561862126,936.1104561862126,936.1104561862126,936.1104561862126,3836,1918,0,0,3836,1918,1388632,694316,3284000.0,3284000.0,1712.2002085505735,False,True,3836,1918,0,0,3836,1918,1.52587890625e-06,5.455335971819305,0.3480456973209748,0.3480456973209748,0.3480456973209748,False,-1.8163874413731444e-05,1.52587890625e-06,True
trial,362,362,361,936.1104648314404,936.1104648314404,936.1104561862126,936.1104561862126,3836,1918,0,0,3836,1918,1392468,696234,3284000.0,3284000.0,1712.2002085505735,False,True,3836,1918,0,0,3836,1918,3.0517578125e-06,5.746554894351972,-0.2344029662988346,-0.2344029662988346,-0.2344029662988346,False,-3.688190446054331e-05,3.0517578125e-06,False
trial,363,363,363,936.1104485929928,936.1104485929928,936.1104485929928,936.1104485929928,3836,1918,0,0,3836,1918,1396304,698152,3284000.0,3284000.0,1712.2002085505735,False,True,3836,1918,0,0,3836,1918,1.52587890625e-06,5.746554894351972,0.3831261941377934,0.3831261941377934,0.3831261941377934,False,-1.9819108786429132e-05,1.52587890625e-06,True
trial,364,364,363,936.110455542552,936.110455542552,936.1104485929928,936.1104485929928,3836,1918,0,0,3836,1918,1400140,700070,3284000.0,3284000.0,1712.2002085505735,False,True,3836,1918,0,0,3836,1918,3.0517578125e-06,5.6053683806396615,-0.20321946352175368,-0.20321946352175368,-0.20321946352175368,False,-3.4197310918738744e-05,3.0517578125e-06,False
trial,365,365,365,936.1104421154835,936.1104421154835,936.1104421154835,936.1104421154835,3836,1918,0,0,3836,1918,1403976,701988,3284000.0,3284000.0,1712.2002085505735,False,True,3836,1918,0,0,3836,1918,1.52587890625e-06,5.6053683806396615,0.35170557313045453,0.35170557313045453,0.35170557313045453,False,-1.841742033164596e-05,1.52587890625e-06,True
trial,366,366,365,936.1104502506247,936.1104502506247,936.1104421154835,936.1104421154835,3836,1918,0,0,3836,1918,1407812,703906,3284000.0,3284000.0,1712.2002085505735,False,True,3836,1918,0,0,3836,1918,3.0517578125e-06,5.695682263261162,-0.22630619298508328,-0.22630619298508328,-0.22630619298508328,False,-3.594749715771327e-05,3.0517578125e-06,False
trial,367,367,367,936.1104350324362,936.1104350324362,936.1104350324362,936.1104350324362,3836,1918,0,0,3836,1918,1411648,705824,3284000.0,3284000.0,1712.2002085505735,False,True,3836,1918,0,0,3836,1918,1.52587890625e-06,5.695682263261162,0.36566472073169776,0.36566472073169776,0.36566472073169776,False,-1.937033272888456e-05,1.52587890625e-06,True
trial,368,368,367,936.1104417744009,936.1104417744009,936.1104350324362,936.1104350324362,3836,1918,0,0,3836,1918,1415484,707742,3284000.0,3284000.0,1712.2002085505735,False,True,3836,1918,0,0,3836,1918,3.0517578125e-06,5.747234891582853,-0.19477309811190047,-0.19477309811190047,-0.19477309811190047,False,-3.4614455511216946e-05,3.0517578125e-06,False
trial,369,369,369,936.1104283974873,936.1104283974873,936.1104283974873,936.1104283974873,3836,1918,0,0,3836,1918,1419320,709660,3284000.0,3284000.0,1712.2002085505735,False,True,3836,1918,0,0,3836,1918,1.52587890625e-06,5.747234891582853,0.3559363263686501,0.3559363263686501,0.3559363263686501,False,-1.864083075085329e-05,1.52587890625e-06,True
trial,370,370,369,936.1104359778103,936.1104359778103,936.1104283974873,936.1104283974873,3836,1918,0,0,3836,1918,1423156,711578,3284000.0,3284000.0,1712.2002085505735,False,True,3836,1918,0,0,3836,1918,3.0517578125e-06,5.654477710657169,-0.215998216292706,-0.215998216292706,-0.215998216292706,False,-3.509437763929116e-05,3.0517578125e-06,False
trial,371,371,371,936.1104217683935,936.1104217683935,936.1104217683935,936.1104217683935,3836,1918,0,0,3836,1918,1426992,713496,3284000.0,3284000.0,1712.2002085505735,False,True,3836,1918,0,0,3836,1918,1.52587890625e-06,5.654477710657169,0.3511597330743274,0.3511597330743274,0.3511597330743274,False,-1.8877716343080407e-05,1.52587890625e-06,True
trial,372,372,371,936.1104281258579,936.1104281258579,936.1104217683935,936.1104217683935,3836,1918,0,0,3836,1918,1430828,715414,3284000.0,3284000.0,1712.2002085505735,False,True,3836,1918,0,0,3836,1918,3.0517578125e-06,5.860351522189652,-0.18270845085438242,-0.18270845085438242,-0.18270845085438242,False,-3.479567771552077e-05,3.0517578125e-06,False
trial,373,373,373,936.1104149343842,936.1104149343842,936.1104149343842,936.1104149343842,3836,1918,0,0,3836,1918,1434664,717332,3284000.0,3284000.0,1712.2002085505735,False,True,3836,1918,0,0,3836,1918,1.52587890625e-06,5.860351522189652,0.3651345670751825,0.3651345670751825,0.3651345670751825,False,-1.8716412991526463e-05,1.52587890625e-06,True
trial,374,374,373,936.1104220219304,936.1104220219304,936.1104149343842,936.1104149343842,3836,1918,0,0,3836,1918,1438500,719250,3284000.0,3284000.0,1712.2002085505735,False,True,3836,1918,0,0,3836,1918,3.0517578125e-06,5.564161936818332,-0.2082801936481183,-0.2082801936481183,-0.2082801936481183,False,-3.4028901706280064e-05,3.0517578125e-06,False
trial,375,375,375,936.1104088597413,936.1104088597413,936.1104088597413,936.1104088597413,3836,1918,0,0,3836,1918,1442336,721168,3284000.0,3284000.0,1712.2002085505735,False,True,3836,1918,0,0,3836,1918,1.52587890625e-06,5.564161936818332,0.33193739094956254,0.33193739094956254,0.33193739094956254,False,-1.830056830828685e-05,1.52587890625e-06,True
trial,376,376,375,936.1104149677744,936.1104149677744,936.1104088597413,936.1104088597413,3836,1918,0,0,3836,1918,1446172,723086,3284000.0,3284000.0,1712.2002085505735,False,True,3836,1918,0,0,3836,1918,3.0517578125e-06,6.005265081237567,-0.17378363553095855,-0.17378363553095855,-0.17378363553095855,False,-3.5147343750010716e-05,3.0517578125e-06,False
trial,377,377,377,936.1104018607641,936.1104018607641,936.1104018607641,936.1104018607641,3836,1918,0,0,3836,1918,1450008,725004,3284000.0,3284000.0,1712.2002085505735,False,True,3836,1918,0,0,3836,1918,1.52587890625e-06,6.005265081237567,0.37013722238707697,0.37013722238707697,0.37013722238707697,False,-1.8909141579196336e-05,1.52587890625e-06,True
trial,378,378,377,936.1104085911014,936.1104085911014,936.1104018607641,936.1104018607641,3836,1918,0,0,3836,1918,1453844,726922,3284000.0,3284000.0,1712.2002085505735,False,True,3836,1918,0,0,3836,1918,3.0517578125e-06,5.5294197308302975,-0.20330308973206437,-0.20330308973206437,-0.20330308973206437,False,-3.310494352659101e-05,3.0517578125e-06,False
trial,379,379,379,936.1103962856246,936.1103962856246,936.1103962856246,936.1103962856246,3836,1918,0,0,3836,1918,1457680,728840,3284000.0,3284000.0,1712.2002085505735,False,True,3836,1918,0,0,3836,1918,1.52587890625e-06,5.5294197308302975,0.31316185791650875,0.31316185791650875,0.31316185791650875,False,-1.7802741293118544e-05,1.52587890625e-06,True
trial,380,380,379,936.1104020324148,936.1104020324148,936.1103962856246,936.1103962856246,3836,1918,0,0,3836,1918,1461516,730758,3284000.0,3284000.0,1712.2002085505735,False,True,3836,1918,0,0,3836,1918,3.0517578125e-06,6.153858706582736,-0.16185272974311676,-0.16185272974311676,-0.16185272974311676,False,-3.550629136035638e-05,3.0517578125e-06,False
trial,381,381,381,936.1103891508087,936.1103891508087,936.1103891508087,936.1103891508087,3836,1918,0,0,3836,1918,1465352,732676,3284000.0,3284000.0,1712.2002085505735,False,True,3836,1918,0,0,3836,1918,1.52587890625e-06,6.153858706582736,0.3738691174651604,0.3738691174651604,0.3738691174651604,False,-1.9083726166722663e-05,1.52587890625e-06,True
trial,382,382,381,936.1103955160299,936.1103955160299,936.1103891508087,936.1103891508087,3836,1918,0,0,3836,1918,1469188,734594,3284000.0,3284000.0,1712.2002085505735,False,True,3836,1918,0,0,3836,1918,3.0517578125e-06,5.504020177966667,-0.1969745783466148,-0.1969745783466148,-0.1969745783466148,False,-3.231493768484208e-05,3.0517578125e-06,False
trial,383,383,383,936.110383993481,936.110383993481,936.110383993481,936.110383993481,3836,1918,0,0,3836,1918,1473024,736512,3284000.0,3284000.0,1712.2002085505735,False,True,3836,1918,0,0,3836,1918,1.52587890625e-06,5.504020177966667,0.2973897961731063,0.2973897961731063,0.2973897961731063,False,-1.734197926147131e-05,1.52587890625e-06,True
trial,384,384,383,936.110389513282,936.110389513282,936.110383993481,936.110383993481,3836,1918,0,0,3836,1918,1476860,738430,3284000.0,3284000.0,1712.2002085505735,False,True,3836,1918,0,0,3836,1918,3.0517578125e-06,6.36339231207193,-0.1544452563963335,-0.1544452563963335,-0.1544452563963335,False,-3.573953076943517e-05,3.0517578125e-06,False
trial,385,385,385,936.1103767627018,936.1103767627018,936.1103767627018,936.1103767627018,3836,1918,0,0,3836,1918,1480696,740348,3284000.0,3284000.0,1712.2002085505735,False,True,3836,1918,0,0,3836,1918,1.52587890625e-06,6.36339231207193,0.37703668546110986,0.37703668546110986,0.37703668546110986,False,-1.9177919654787947e-05,1.52587890625e-06,True
trial,386,386,385,936.1103832222082,936.1103832222082,936.1103767627018,936.1103767627018,3836,1918,0,0,3836,1918,1484532,742266,3284000.0,3284000.0,1712.2002085505735,False,True,3836,1918,0,0,3836,1918,3.0517578125e-06,5.466404701584943,-0.20395983770012102,-0.20395983770012102,-0.20395983770012102,False,-3.167048205808585e-05,3.0517578125e-06,False
trial,387,387,387,936.1103715550489,936.1103715550489,936.1103715550489,936.1103715550489,3836,1918,0,0,3836,1918,1488368,744184,3284000.0,3284000.0,1712.2002085505735,False,True,3836,1918,0,0,3836,1918,1.52587890625e-06,5.466404701584943,0.30661648190736174,0.30661648190736174,0.30661648190736174,False,-1.6984256128151063e-05,1.52587890625e-06,True
trial,388,388,387,936.1103774844918,936.1103774844918,936.1103715550489,936.1103715550489,3836,1918,0,0,3836,1918,1492204,746102,3284000.0,3284000.0,1712.2002085505735,False,True,3836,1918,0,0,3836,1918,3.0517578125e-06,6.249763267351673,-0.16872341271212296,-0.16872341271212296,-0.16872341271212296,False,-3.5142976119939316e-05,3.0517578125e-06,False
trial,389,389,389,936.1103645821329,936.1103645821329,936.1103645821329,936.1103645821329,3836,1918,0,0,3836,1918,1496040,748020,3284000.0,3284000.0,1712.2002085505735,False,True,3836,1918,0,0,3836,1918,1.52587890625e-06,6.249763267351673,0.36962771510297365,0.36962771510297365,0.36962771510297365,False,-1.886470018616758e-05,1.52587890625e-06,True
trial,390,390,389,936.1103721060883,936.1103721060883,936.1103645821329,936.1103645821329,3836,1918,0,0,3836,1918,1499876,749938,3284000.0,3284000.0,1712.2002085505735,False,True,3836,1918,0,0,3836,1918,3.0517578125e-06,5.467248448551893,-0.23763406454617156,-0.23763406454617156,-0.23763406454617156,False,-3.1661939800594247e-05,3.0517578125e-06,False
trial,391,391,391,936.1103598265444,936.1103598265444,936.1103598265444,936.1103598265444,3836,1918,0,0,3836,1918,1503712,751856,3284000.0,3284000.0,1712.2002085505735,False,True,3836,1918,0,0,3836,1918,1.52587890625e-06,5.467248448551893,0.279190131766415,0.279190131766415,0.279190131766415,False,-1.703351221700689e-05,1.52587890625e-06,True
trial,392,392,391,936.1103656328614,936.1103656328614,936.1103598265444,936.1103598265444,3836,1918,0,0,3836,1918,1507548,753774,3284000.0,3284000.0,1712.2002085505735,False,True,3836,1918,0,0,3836,1918,3.0517578125e-06,6.275167306728879,-0.16245364873092963,-0.16245364873092963,-0.16245364873092963,False,-3.574137674385792e-05,3.0517578125e-06,False
trial,393,393,393,936.110352752894,936.110352752894,936.110352752894,936.110352752894,3836,1918,0,0,3836,1918,1511384,755692,3284000.0,3284000.0,1712.2002085505735,False,True,3836,1918,0,0,3836,1918,1.52587890625e-06,6.275167306728879,0.36820889015853026,0.36820889015853026,0.36820889015853026,False,-1.9210971265477592e-05,1.52587890625e-06,True
trial,394,394,393,936.1103598850003,936.1103598850003,936.110352752894,936.110352752894,3836,1918,0,0,3836,1918,1515220,757610,3284000.0,3284000.0,1712.2002085505735,False,True,3836,1918,0,0,3836,1918,3.0517578125e-06,5.504840345086765,-0.22797661361819785,-0.22797661361819785,-0.22797661361819785,False,-3.128437714861584e-05,3.0517578125e-06,False
trial,395,395,395,936.1103478844709,936.1103478844709,936.1103478844709,936.1103478844709,3836,1918,0,0,3836,1918,1519056,759528,3284000.0,3284000.0,1712.2002085505735,False,True,3836,1918,0,0,3836,1918,1.52587890625e-06,5.504840345086765,0.2894511848381907,0.2894511848381907,0.2894511848381907,False,-1.6819496007700786e-05,1.52587890625e-06,True
trial,396,396,395,936.1103537369659,936.1103537369659,936.1103478844709,936.1103478844709,3836,1918,0,0,3836,1918,1522892,761446,3284000.0,3284000.0,1712.2002085505735,False,True,3836,1918,0,0,3836,1918,3.0517578125e-06,6.180059101051267,-0.16648576941413748,-0.16648576941413748,-0.16648576941413748,False,-3.5153124326970194e-05,3.0517578125e-06,False
trial,397,397,397,936.1103408352265,936.1103408352265,936.1103408352265,936.1103408352265,3836,1918,0,0,3836,1918,1526728,763364,3284000.0,3284000.0,1712.2002085505735,False,True,3836,1918,0,0,3836,1918,1.52587890625e-06,6.180059101051267,0.37361002815105,0.37361002815105,0.37361002815105,False,-1.8867920901784138e-05,1.52587890625e-06,True
trial,398,398,397,936.11034845021,936.11034845021,936.1103408352265,936.1103408352265,3836,1918,0,0,3836,1918,1530564,765282,3284000.0,3284000.0,1712.2002085505735,False,True,3836,1918,0,0,3836,1918,3.0517578125e-06,5.391003665955315,-0.24735636022939445,-0.24735636022939445,-0.24735636022939445,False,-3.0785477198315786e-05,3.0517578125e-06,False
trial,399,399,399,936.1103362775956,936.1103362775956,936.1103362775956,936.1103362775956,3836,1918,0,0,3836,1918,1534400,767200,3284000.0,3284000.0,1712.2002085505735,False,True,3836,1918,0,0,3836,1918,1.52587890625e-06,5.391003665955315,0.2753403981578391,0.2753403981578391,0.2753403981578391,False,-1.6552713985574368e-05,1.52587890625e-06,True
trial,400,400,399,936.110342393971,936.110342393971,936.1103362775956,936.1103362775956,3836,1918,0,0,3836,1918,1538236,769118,3284000.0,3284000.0,1712.2002085505735,False,True,3836,1918,0,0,3836,1918,3.0517578125e-06,6.255801864069023,-0.17332558988207586,-0.17332558988207586,-0.17332558988207586,False,-3.528835763235942e-05,3.0517578125e-06,False
trial,401,401,401,936.1103293745489,936.1103293745489,936.1103293745489,936.1103293745489,3836,1918,0,0,3836,1918,1542072,771036,3284000.0,3284000.0,1712.2002085505735,False,True,3836,1918,0,0,3836,1918,1.52587890625e-06,6.255801864069023,0.3638050589749767,0.3638050589749767,0.3638050589749767,False,-1.8974575916285248e-05,1.52587890625e-06,True
trial,402,402,401,936.1103376515805,936.1103376515805,936.1103293745489,936.1103293745489,3836,1918,0,0,3836,1918,1545908,772954,3284000.0,3284000.0,1712.2002085505735,False,True,3836,1918,0,0,3836,1918,3.0517578125e-06,5.471236794336002,-0.26875743954903375,-0.26875743954903375,-0.26875743954903375,False,-3.079740462293142e-05,3.0517578125e-06,False
trial,403,403,403,936.110324994358,936.110324994358,936.110324994358,936.110324994358,3836,1918,0,0,3836,1918,1549744,774872,3284000.0,3284000.0,1712.2002085505735,False,True,3836,1918,0,0,3836,1918,1.52587890625e-06,5.471236794336002,0.2637241755640709,0.2637241755640709,0.2637241755640709,False,-1.6608984827120713e-05,1.52587890625e-06,True
trial,404,404,403,936.110331071545,936.110331071545,936.110324994358,936.110324994358,3836,1918,0,0,3836,1918,1553580,776790,3284000.0,3284000.0,1712.2002085505735,False,True,3836,1918,0,0,3836,1918,3.0517578125e-06,6.266498760151851,-0.17137447551197352,-0.17137447551197352,-0.17137447551197352,False,-3.5461447587490486e-05,3.0517578125e-06,False
trial,405,405,405,936.1103178768285,936.1103178768285,936.1103178768285,936.1103178768285,3836,1918,0,0,3836,1918,1557416,778708,3284000.0,3284000.0,1712.2002085505735,False,True,3836,1918,0,0,3836,1918,1.52587890625e-06,6.266498760151851,0.37363294790044005,0.37363294790044005,0.37363294790044005,False,-1.9049523305815934e-05,1.52587890625e-06,True
trial,406,406,405,936.1103261172022,936.1103261172022,936.1103178768285,936.1103178768285,3836,1918,0,0,3836,1918,1561252,780626,3284000.0,3284000.0,1712.2002085505735,False,True,3836,1918,0,0,3836,1918,3.0517578125e-06,5.371576623507553,-0.2738342768938288,-0.2738342768938288,-0.2738342768938288,False,-3.009255758121765e-05,3.0517578125e-06,False
trial,407,407,407,936.1103135140931,936.1103135140931,936.1103135140931,936.1103135140931,3836,1918,0,0,3836,1918,1565088,782544,3284000.0,3284000.0,1712.2002085505735,False,True,3836,1918,0,0,3836,1918,1.52587890625e-06,5.371576623507553,0.26915195980356144,0.26915195980356144,0.26915195980356144,False,-1.6209190364465138e-05,1.52587890625e-06,True
trial,408,408,407,936.1103199503438,936.1103199503438,936.1103135140931,936.1103135140931,3836,1918,0,0,3836,1918,1568924,784462,3284000.0,3284000.0,1712.2002085505735,False,True,3836,1918,0,0,3836,1918,3.0517578125e-06,6.166760396997228,-0.18324286489559397,-0.18324286489559397,-0.18324286489559397,False,-3.512415397235044e-05,3.0517578125e-06,False
trial,409,409,409,936.1103067274736,936.1103067274736,936.1103067274736,936.1103067274736,3836,1918,0,0,3836,1918,1572760,786380,3284000.0,3284000.0,1712.2002085505735,False,True,3836,1918,0,0,3836,1918,1.52587890625e-06,6.166760396997228,0.35954711242907184,0.35954711242907184,0.35954711242907184,False,-1.8875466747991397e-05,1.52587890625e-06,True
trial,410,410,409,936.1103158013877,936.1103158013877,936.1103067274736,936.1103067274736,3836,1918,0,0,3836,1918,1576596,788298,3284000.0,3284000.0,1712.2002085505735,False,True,3836,1918,0,0,3836,1918,3.0517578125e-06,5.468117145510984,-0.29759369195116586,-0.29759369195116586,-0.29759369195116586,False,-3.0490949245093266e-05,3.0517578125e-06,False
trial,411,411,411,936.1103025659795,936.1103025659795,936.1103025659795,936.1103025659795,3836,1918,0,0,3836,1918,1580432,790216,3284000.0,3284000.0,1712.2002085505735,False,True,3836,1918,0,0,3836,1918,1.52587890625e-06,5.468117145510984,0.25275382652428796,0.25275382652428796,0.25275382652428796,False,-1.64646135442815e-05,1.52587890625e-06,True
trial,412,412,411,936.1103088139282,936.1103088139282,936.1103025659795,936.1103025659795,3836,1918,0,0,3836,1918,1584268,792134,3284000.0,3284000.0,1712.2002085505735,False,True,3836,1918,0,0,3836,1918,3.0517578125e-06,6.26057987009049,-0.1763015261331493,-0.1763015261331493,-0.1763015261331493,False,-3.5438993871595126e-05,3.0517578125e-06,False
trial,413,413,413,936.1102955720362,936.1102955720362,936.1102955720362,936.1102955720362,3836,1918,0,0,3836,1918,1588104,794052,3284000.0,3284000.0,1712.2002085505735,False,True,3836,1918,0,0,3836,1918,1.52587890625e-06,6.26057987009049,0.36714517611125336,0.36714517611125336,0.36714517611125336,False,-1.9049530733662032e-05,1.52587890625e-06,True
trial,414,414,413,936.1103044420934,936.1103044420934,936.1102955720362,936.1102955720362,3836,1918,0,0,3836,1918,1591940,795970,3284000.0,3284000.0,1712.2002085505735,False,True,3836,1918,0,0,3836,1918,3.0517578125e-06,5.414367939268428,-0.2966016857567991,-0.2966016857567991,-0.2966016857567991,False,-2.9905619550624083e-05,3.0517578125e-06,False
trial,415,415,415,936.1102915060235,936.1102915060235,936.1102915060235,936.1102915060235,3836,1918,0,0,3836,1918,1595776,797888,3284000.0,3284000.0,1712.2002085505735,False,True,3836,1918,0,0,3836,1918,1.52587890625e-06,5.414367939268428,0.2522823205839309,0.2522823205839309,0.2522823205839309,False,-1.6116914960827273e-05,1.52587890625e-06,True
trial,416,416,415,936.1102977440842,936.1102977440842,936.1102915060235,936.1102915060235,3836,1918,0,0,3836,1918,1599612,799806,3284000.0,3284000.0,1712.2002085505735,False,True,3836,1918,0,0,3836,1918,3.0517578125e-06,6.232680826574013,-0.1768499036726542,-0.1768499036726542,-0.1768499036726542,False,-3.527319239785622e-05,3.0517578125e-06,False
trial,417,417,417,936.1102845953374,936.1102845953374,936.1102845953374,936.1102845953374,3836,1918,0,0,3836,1918,1603448,801724,3284000.0,3284000.0,1712.2002085505735,False,True,3836,1918,0,0,3836,1918,1.52587890625e-06,6.232680826574013,0.36466945555516866,0.36466945555516866,0.36466945555516866,False,-1.895054828258911e-05,1.52587890625e-06,True
trial,418,418,417,936.1102937778127,936.1102937778127,936.1102845953374,936.1102845953374,3836,1918,0,0,3836,1918,1607284,803642,3284000.0,3284000.0,1712.2002085505735,False,True,3836,1918,0,0,3836,1918,3.0517578125e-06,5.413397545273308,-0.30897949456506313,-0.30897949456506313,-0.30897949456506313,False,-2.9718720728781e-05,3.0517578125e-06,False
trial,419,419,419,936.1102807115716,936.1102807115716,936.1102807115716,936.1102807115716,3836,1918,0,0,3836,1918,1611120,805560,3284000.0,3284000.0,1712.2002085505735,False,True,3836,1918,0,0,3836,1918,1.52587890625e-06,5.413397545273308,0.2419310580502376,0.2419310580502376,0.2419310580502376,False,-1.6053192188330168e-05,1.52587890625e-06,True
trial,420,420,419,936.1102869469155,936.1102869469155,936.1102807115716,936.1102807115716,3836,1918,0,0,3836,1918,1614956,807478,3284000.0,3284000.0,1712.2002085505735,False,True,3836,1918,0,0,3836,1918,3.0517578125e-06,6.266558476811247,-0.17633469293309703,-0.17633469293309703,-0.17633469293309703,False,-3.536084589884183e-05,3.0517578125e-06,False
trial,421,421,421,936.11027372524,936.11027372524,936.11027372524,936.11027372524,3836,1918,0,0,3836,1918,1618792,809396,3284000.0,3284000.0,1712.2002085505735,False,True,3836,1918,0,0,3836,1918,1.52587890625e-06,6.266558476811247,0.36766633946269134,0.36766633946269134,0.36766633946269134,False,-1.9001825544897447e-05,1.52587890625e-06,True
trial,422,422,421,936.1102829137051,936.1102829137051,936.11027372524,936.11027372524,3836,1918,0,0,3836,1918,1622628,811314,3284000.0,3284000.0,1712.2002085505735,False,True,3836,1918,0,0,3836,1918,3.0517578125e-06,5.399030462990851,-0.31281593072058284,-0.31281593072058284,-0.31281593072058284,False,-2.9373392547982114e-05,3.0517578125e-06,False
trial,423,423,423,936.110269830468,936.110269830468,936.110269830468,936.110269830468,3836,1918,0,0,3836,1918,1626464,813232,3284000.0,3284000.0,1712.2002085505735,False,True,3836,1918,0,0,3836,1918,1.52587890625e-06,5.399030462990851,0.24581134987266046,0.24581134987266046,0.24581134987266046,False,-1.5844556850897376e-05,1.52587890625e-06,True
trial,424,424,423,936.1102762254682,936.1102762254682,936.110269830468,936.110269830468,3836,1918,0,0,3836,1918,1630300,815150,3284000.0,3284000.0,1712.2002085505735,False,True,3836,1918,0,0,3836,1918,3.0517578125e-06,6.20614696689248,-0.18226196205571876,-0.18226196205571876,-0.18226196205571876,False,-3.5086860996882225e-05,3.0517578125e-06,False
trial,425,425,425,936.1102630043326,936.1102630043326,936.1102630043326,936.1102630043326,3836,1918,0,0,3836,1918,1634136,817068,3284000.0,3284000.0,1712.2002085505735,False,True,3836,1918,0,0,3836,1918,1.52587890625e-06,6.20614696689248,0.3619362013327444,0.3619362013327444,0.3619362013327444,False,-1.88600515210833e-05,1.52587890625e-06,True
trial,426,426,425,936.1102729718064,936.1102729718064,936.1102630043326,936.1102630043326,3836,1918,0,0,3836,1918,1637972,818986,3284000.0,3284000.0,1712.2002085505735,False,True,3836,1918,0,0,3836,1918,3.0517578125e-06,5.4188958369549285,-0.3402028642396661,-0.3402028642396661,-0.3402028642396661,False,-2.929861786440174e-05,3.0517578125e-06,False
trial,427,427,427,936.1102594078659,936.1102594078659,936.1102594078659,936.1102594078659,3836,1918,0,0,3836,1918,1641808,820904,3284000.0,3284000.0,1712.2002085505735,False,True,3836,1918,0,0,3836,1918,1.52587890625e-06,5.4188958369549285,0.22627000029314592,0.22627000029314592,0.22627000029314592,False,-1.589458052662421e-05,1.52587890625e-06,True
trial,428,428,427,936.1102656649964,936.1102656649964,936.1102594078659,936.1102594078659,3836,1918,0,0,3836,1918,1645644,822822,3284000.0,3284000.0,1712.2002085505735,False,True,3836,1918,0,0,3836,1918,3.0517578125e-06,6.304549212563863,-0.1764668318245371,-0.1764668318245371,-0.1764668318245371,False,-3.545782764530407e-05,3.0517578125e-06,False
trial,429,429,429,936.1102524671371,936.1102524671371,936.1102524671371,936.1102524671371,3836,1918,0,0,3836,1918,1649480,824740,3284000.0,3284000.0,1712.2002085505735,False,True,3836,1918,0,0,3836,1918,1.52587890625e-06,6.304549212563863,0.3644275766906259,0.3644275766906259,0.3644275766906259,False,-1.9045564125731762e-05,1.52587890625e-06,True
trial,430,430,429,936.1102619298854,936.1102619298854,936.1102524671371,936.1102524671371,3836,1918,0,0,3836,1918,1653316,826658,3284000.0,3284000.0,1712.2002085505735,False,True,3836,1918,0,0,3836,1918,3.0517578125e-06,5.424767987684885,-0.3269854620607241,-0.3269854620607241,-0.3269854620607241,False,-2.8939354695178056e-05,3.0517578125e-06,False
trial,431,431,431,936.1102487388368,936.1102487388368,936.1102487388368,936.1102487388368,3836,1918,0,0,3836,1918,1657152,828576,3284000.0,3284000.0,1712.2002085505735,False,True,3836,1918,0,0,3836,1918,1.52587890625e-06,5.424767987684885,0.23839021943923247,0.23839021943923247,0.23839021943923247,False,-1.563948504241301e-05,1.52587890625e-06,True
trial,432,432,431,936.1102551044919,936.1102551044919,936.1102487388368,936.1102487388368,3836,1918,0,0,3836,1918,1660988,830494,3284000.0,3284000.0,1712.2002085505735,False,True,3836,1918,0,0,3836,1918,3.0517578125e-06,6.199971354392623,-0.18229206967578393,-0.18229206967578393,-0.18229206967578393,False,-3.4920087665159004e-05,3.0517578125e-06,False
trial,433,433,433,936.1102419180481,936.1102419180481,936.1102419180481,936.1102419180481,3836,1918,0,0,3836,1918,1664824,832412,3284000.0,3284000.0,1712.2002085505735,False,True,3836,1918,0,0,3836,1918,1.52587890625e-06,6.199971354392623,0.3636480709769789,0.3636480709769789,0.3636480709769789,False,-1.875656508826768e-05,1.52587890625e-06,True
trial,434,434,433,936.1102521651474,936.1102521651474,936.1102419180481,936.1102419180481,3836,1918,0,0,3836,1918,1668660,834330,3284000.0,3284000.0,1712.2002085505735,False,True,3836,1918,0,0,3836,1918,3.0517578125e-06,5.379694284172865,-0.3554774243372366,-0.3554774243372366,-0.3554774243372366,False,-2.8826300981391653e-05,3.0517578125e-06,False
trial,435,435,435,936.1102386035378,936.1102386035378,936.1102386035378,936.1102386035378,3836,1918,0,0,3836,1918,1672496,836248,3284000.0,3284000.0,1712.2002085505735,False,True,3836,1918,0,0,3836,1918,1.52587890625e-06,5.379694284172865,0.21254511064852524,0.21254511064852524,0.21254511064852524,False,-1.559438511085667e-05,1.52587890625e-06,True
trial,436,436,435,936.1102449101929,936.1102449101929,936.1102386035378,936.1102386035378,3836,1918,0,0,3836,1918,1676332,838166,3284000.0,3284000.0,1712.2002085505735,False,True,3836,1918,0,0,3836,1918,3.0517578125e-06,6.326580666614707,-0.17805837592319185,-0.17805837592319185,-0.17805837592319185,False,-3.5419030846246565e-05,3.0517578125e-06,False
trial,437,437,437,936.1102316862402,936.1102316862402,936.1102316862402,936.1102316862402,3836,1918,0,0,3836,1918,1680168,840084,3284000.0,3284000.0,1712.2002085505735,False,True,3836,1918,0,0,3836,1918,1.52587890625e-06,6.326580666614707,0.36271536918782854,0.36271536918782854,0.36271536918782854,False,-1.907086980686874e-05,1.52587890625e-06,True
trial,438,438,437,936.1102416433359,936.1102416433359,936.1102316862402,936.1102316862402,3836,1918,0,0,3836,1918,1684004,842002,3284000.0,3284000.0,1712.2002085505735,False,True,3836,1918,0,0,3836,1918,3.0517578125e-06,5.422889942792178,-0.34934597400426576,-0.34934597400426576,-0.34934597400426576,False,-2.8502105190836072e-05,3.0517578125e-06,False
trial,439,439,439,936.1102282094661,936.1102282094661,936.1102282094661,936.1102282094661,3836,1918,0,0,3836,1918,1687840,843920,3284000.0,3284000.0,1712.2002085505735,False,True,3836,1918,0,0,3836,1918,1.52587890625e-06,5.422889942792178,0.22544089666764072,0.22544089666764072,0.22544089666764072,False,-1.5422109384378632e-05,1.52587890625e-06,True
trial,440,440,439,936.1102345668232,936.1102345668232,936.1102282094661,936.1102282094661,3836,1918,0,0,3836,1918,1691676,845838,3284000.0,3284000.0,1712.2002085505735,False,True,3836,1918,0,0,3836,1918,3.0517578125e-06,6.2098664403241415,-0.18221484971770865,-0.18221484971770865,-0.18221484971770865,False,-3.488934724580431e-05,3.0517578125e-06,False
trial,441,441,441,936.1102213978161,936.1102213978161,936.1102213978161,936.1102213978161,3836,1918,0,0,3836,1918,1695512,847756,3284000.0,3284000.0,1712.2002085505735,False,True,3836,1918,0,0,3836,1918,1.52587890625e-06,6.2098664403241415,0.36345089189828483,0.36345089189828483,0.36345089189828483,False,-1.874159658950223e-05,1.52587890625e-06,True
trial,442,442,441,936.1102320907371,936.1102320907371,936.1102213978161,936.1102213978161,3836,1918,0,0,3836,1918,1699348,849674,3284000.0,3284000.0,1712.2002085505735,False,True,3836,1918,0,0,3836,1918,3.0517578125e-06,5.367300626847086,-0.37772246286084915,-0.37772246286084915,-0.37772246286084915,False,-2.830893599047408e-05,3.0517578125e-06,False
trial,443,443,443,936.1102182748201,936.1102182748201,936.1102182748201,936.1102182748201,3836,1918,0,0,3836,1918,1703184,851592,3284000.0,3284000.0,1712.2002085505735,False,True,3836,1918,0,0,3836,1918,1.52587890625e-06,5.367300626847086,0.20366587845606568,0.20366587845606568,0.20366587845606568,False,-1.533391841010337e-05,1.52587890625e-06,True
trial,444,444,443,936.1102247231657,936.1102247231657,936.1102182748201,936.1102182748201,3836,1918,0,0,3836,1918,1707020,853510,3284000.0,3284000.0,1712.2002085505735,False,True,3836,1918,0,0,3836,1918,3.0517578125e-06,6.304186625472795,-0.18299438211424957,-0.18299438211424957,-0.18299438211424957,False,-3.5237943129204354e-05,3.0517578125e-06,False
trial,445,445,445,936.1102114193793,936.1102114193793,936.1102114193793,936.1102114193793,3836,1918,0,0,3836,1918,1710856,855428,3284000.0,3284000.0,1712.2002085505735,False,True,3836,1918,0,0,3836,1918,1.52587890625e-06,6.304186625472795,0.3611687159391486,0.3611687159391486,0.3611687159391486,False,-1.8981269692405442e-05,1.52587890625e-06,True
trial,446,446,445,936.1102221276681,936.1102221276681,936.1102114193793,936.1102114193793,3836,1918,0,0,3836,1918,1714692,857346,3284000.0,3284000.0,1712.2002085505735,False,True,3836,1918,0,0,3836,1918,3.0517578125e-06,5.416599397591078,-0.38164579751515637,-0.38164579751515637,-0.38164579751515637,False,-2.8058185954065427e-05,3.0517578125e-06,False
trial,447,447,447,936.1102079282018,936.1102079282018,936.1102079282018,936.1102079282018,3836,1918,0,0,3836,1918,1718528,859264,3284000.0,3284000.0,1712.2002085505735,False,True,3836,1918,0,0,3836,1918,1.52587890625e-06,5.416599397591078,0.2295844255269015,0.2295844255269015,0.2295844255269015,False,-1.5206508397248148e-05,1.52587890625e-06,True
trial,448,448,447,936.110214750998,936.110214750998,936.1102079282018,936.1102079282018,3836,1918,0,0,3836,1918,1722364,861182,3284000.0,3284000.0,1712.2002085505735,False,True,3836,1918,0,0,3836,1918,3.0517578125e-06,6.090514696668731,-0.19963363607596743,-0.19963363607596743,-0.19963363607596743,False,-3.417658631477749e-05,3.0517578125e-06,False
trial,449,449,449,936.1102013017284,936.1102013017284,936.1102013017284,936.1102013017284,3836,1918,0,0,3836,1918,1726200,863100,3284000.0,3284000.0,1712.2002085505735,False,True,3836,1918,0,0,3836,1918,1.52587890625e-06,6.090514696668731,0.35999610769056484,0.35999610769056484,0.35999610769056484,False,-1.8407069750493337e-05,1.52587890625e-06,True
trial,450,450,449,936.1102133256975,936.1102133256975,936.1102013017284,936.1102013017284,3836,1918,0,0,3836,1918,1730036,865018,3284000.0,3284000.0,1712.2002085505735,False,True,3836,1918,0,0,3836,1918,3.0517578125e-06,5.323595676448805,-0.42975826165945624,-0.42975826165945624,-0.42975826165945624,False,-2.7978447901629487e-05,3.0517578125e-06,False
trial,451,451,451,936.1101983592346,936.1101983592346,936.1101983592346,936.1101983592346,3836,1918,0,0,3836,1918,1733872,866936,3284000.0,3284000.0,1712.2002085505735,False,True,3836,1918,0,0,3836,1918,1.52587890625e-06,5.323595676448805,0.1933502473120529,0.1933502473120529,0.1933502473120529,False,-1.5218464006162027e-05,1.52587890625e-06,True
trial,452,452,451,936.1102052078627,936.1102052078627,936.1101983592346,936.1101983592346,3836,1918,0,0,3836,1918,1737708,868854,3284000.0,3284000.0,1712.2002085505735,False,True,3836,1918,0,0,3836,1918,3.0517578125e-06,6.255235450907395,-0.19535848674672135,-0.19535848674672135,-0.19535848674672135,False,-3.5056721783627466e-05,3.0517578125e-06,False
trial,453,453,453,936.1101917332649,936.1101917332649,936.1101917332649,936.1101917332649,3836,1918,0,0,3836,1918,1741544,870772,3284000.0,3284000.0,1712.2002085505735,False,True,3836,1918,0,0,3836,1918,1.52587890625e-06,6.255235450907395,0.3503868019241378,0.3503868019241378,0.3503868019241378,False,-1.8910443205629024e-05,1.52587890625e-06,True
trial,454,454,453,936.1102033420661,936.1102033420661,936.1101917332649,936.1101917332649,3836,1918,0,0,3836,1918,1745380,872690,3284000.0,3284000.0,1712.2002085505735,False,True,3836,1918,0,0,3836,1918,3.0517578125e-06,5.47225847448254,-0.4144382522474361,-0.4144382522474361,-0.4144382522474361,False,-2.801093099976486e-05,3.0517578125e-06,False
trial,455,455,455,936.1101887995806,936.1101887995806,936.1101887995806,936.1101887995806,3836,1918,0,0,3836,1918,1749216,874608,3284000.0,3284000.0,1712.2002085505735,False,True,3836,1918,0,0,3836,1918,1.52587890625e-06,5.47225847448254,0.19245161381576228,0.19245161381576228,0.19245161381576228,False,-1.5243750061463587e-05,1.52587890625e-06,True
trial,456,456,455,936.1101952738014,936.1101952738014,936.1101887995806,936.1101887995806,3836,1918,0,0,3836,1918,1753052,876526,3284000.0,3284000.0,1712.2002085505735,False,True,3836,1918,0,0,3836,1918,3.0517578125e-06,6.303507489030177,-0.1846704853343091,-0.1846704853343091,-0.1846704853343091,False,-3.5058232809307926e-05,3.0517578125e-06,False
trial,457,457,457,936.1101819655792,936.1101819655792,936.1101819655792,936.1101819655792,3836,1918,0,0,3836,1918,1756888,878444,3284000.0,3284000.0,1712.2002085505735,False,True,3836,1918,0,0,3836,1918,1.52587890625e-06,6.303507489030177,0.3626025548929831,0.3626025548929831,0.3626025548929831,False,-1.884708561637039e-05,1.52587890625e-06,True
trial,458,458,457,936.1101935004245,936.1101935004245,936.1101819655792,936.1101819655792,3836,1918,0,0,3836,1918,1760724,880362,3284000.0,3284000.0,1712.2002085505735,False,True,3836,1918,0,0,3836,1918,3.0517578125e-06,5.368421919973596,-0.4228160143218676,-0.4228160143218676,-0.4228160143218676,False,-2.7281004015732542e-05,3.0517578125e-06,False
trial,459,459,459,936.1101791215294,936.1101791215294,936.1101791215294,936.1101791215294,3836,1918,0,0,3836,1918,1764560,882280,3284000.0,3284000.0,1712.2002085505735,False,True,3836,1918,0,0,3836,1918,1.52587890625e-06,5.368421919973596,0.19196781985768313,0.19196781985768313,0.19196781985768313,False,-1.4815242126670225e-05,1.52587890625e-06,True
trial,460,460,459,936.1101857234703,936.1101857234703,936.1101791215294,936.1101791215294,3836,1918,0,0,3836,1918,1768396,884198,3284000.0,3284000.0,1712.2002085505735,False,True,3836,1918,0,0,3836,1918,3.0517578125e-06,6.235870960604332,-0.1897845263249499,-0.1897845263249499,-0.1897845263249499,False,-3.478650760211968e-05,3.0517578125e-06,False
trial,461,461,461,936.1101723760229,936.1101723760229,936.1101723760229,936.1101723760229,3836,1918,0,0,3836,1918,1772232,886116,3284000.0,3284000.0,1712.2002085505735,False,True,3836,1918,0,0,3836,1918,1.52587890625e-06,6.235870960604332,0.3603994332925259,0.3603994332925259,0.3603994332925259,False,-1.8716751237628936e-05,1.52587890625e-06,True
trial,462,462,461,936.1101844934292,936.1101844934292,936.1101723760229,936.1101723760229,3836,1918,0,0,3836,1918,1776068,888034,3284000.0,3284000.0,1712.2002085505735,False,True,3836,1918,0,0,3836,1918,3.0517578125e-06,5.360774801257926,-0.4463658884972096,-0.4463658884972096,-0.4463658884972096,False,-2.7146801787408575e-05,3.0517578125e-06,False
trial,463,463,463,936.1101698437792,936.1101698437792,936.1101698437792,936.1101698437792,3836,1918,0,0,3836,1918,1779904,889952,3284000.0,3284000.0,1712.2002085505735,False,True,3836,1918,0,0,3836,1918,1.52587890625e-06,5.360774801257926,0.17151441793154362,0.17151441793154362,0.17151441793154362,False,-1.4764028089365331e-05,1.52587890625e-06,True
trial,464,464,463,936.1101764846217,936.1101764846217,936.1101698437792,936.1101698437792,3836,1918,0,0,3836,1918,1783740,891870,3284000.0,3284000.0,1712.2002085505735,False,True,3836,1918,0,0,3836,1918,3.0517578125e-06,6.337319344969933,-0.1887335427118588,-0.1887335427118588,-0.1887335427118588,False,-3.5186339226469375e-05,3.0517578125e-06,False
trial,465,465,465,936.1101630541775,936.1101630541775,936.1101630541775,936.1101630541775,3836,1918,0,0,3836,1918,1787576,893788,3284000.0,3284000.0,1712.2002085505735,False,True,3836,1918,0,0,3836,1918,1.52587890625e-06,6.337319344969933,0.3586756289558052,0.3586756289558052,0.3586756289558052,False,-1.892964321049016e-05,1.52587890625e-06,True
trial,466,466,465,936.1101749096323,936.1101749096323,936.1101630541775,936.1101630541775,3836,1918,0,0,3836,1918,1791412,895706,3284000.0,3284000.0,1712.2002085505735,False,True,3836,1918,0,0,3836,1918,3.0517578125e-06,5.412507496057297,-0.44025305427925443,-0.44025305427925443,-0.44025305427925443,False,-2.692872805156745e-05,3.0517578125e-06,False
trial,467,467,467,936.1101604872918,936.1101604872918,936.1101604872918,936.1101604872918,3836,1918,0,0,3836,1918,1795248,897624,3284000.0,3284000.0,1712.2002085505735,False,True,3836,1918,0,0,3836,1918,1.52587890625e-06,5.412507496057297,0.17525308667874215,0.17525308667874215,0.17525308667874215,False,-1.4646736428295703e-05,1.52587890625e-06,True
trial,468,468,467,936.1101670728367,936.1101670728367,936.1101604872918,936.1101604872918,3836,1918,0,0,3836,1918,1799084,899542,3284000.0,3284000.0,1712.2002085505735,False,True,3836,1918,0,0,3836,1918,3.0517578125e-06,6.301870644450967,-0.18868594695911217,-0.18868594695911217,-0.18868594695911217,False,-3.490214856042466e-05,3.0517578125e-06,False
trial,469,469,469,936.1101537433834,936.1101537433834,936.1101537433834,936.1101537433834,3836,1918,0,0,3836,1918,1802920,901460,3284000.0,3284000.0,1712.2002085505735,False,True,3836,1918,0,0,3836,1918,1.52587890625e-06,6.301870644450967,0.35956472217815616,0.35956472217815616,0.35956472217815616,False,-1.8755756373153057e-05,1.52587890625e-06,True
trial,470,470,469,936.1101661339252,936.1101661339252,936.1101537433834,936.1101537433834,3836,1918,0,0,3836,1918,1806756,903378,3284000.0,3284000.0,1712.2002085505735,False,True,3836,1918,0,0,3836,1918,3.0517578125e-06,5.376229356971913,-0.46475023544012073,-0.46475023544012073,-0.46475023544012073,False,-2.666064656805927e-05,3.0517578125e-06,False
trial,471,471,471,936.1101513515812,936.1101513515812,936.1101513515812,936.1101513515812,3836,1918,0,0,3836,1918,1810592,905296,3284000.0,3284000.0,1712.2002085505735,False,True,3836,1918,0,0,3836,1918,1.52587890625e-06,5.376229356971913,0.16487078089355556,0.16487078089355556,0.16487078089355556,False,-1.45071323599358e-05,1.52587890625e-06,True
trial,472,472,471,936.1101583521379,936.1101583521379,936.1101513515812,936.1101513515812,3836,1918,0,0,3836,1918,1814428,907214,3284000.0,3284000.0,1712.2002085505735,False,True,3836,1918,0,0,3836,1918,3.0517578125e-06,6.314226305262583,-0.2000657676527606,-0.2000657676527606,-0.2000657676527606,False,-3.4991277063057444e-05,3.0517578125e-06,False
trial,473,473,473,936.1101447824476,936.1101447824476,936.1101447824476,936.1101447824476,3836,1918,0,0,3836,1918,1818264,909132,3284000.0,3284000.0,1712.2002085505735,False,True,3836,1918,0,0,3836,1918,1.52587890625e-06,6.314226305262583,0.3491317477642339,0.3491317477642339,0.3491317477642339,False,-1.8815629391920233e-05,1.52587890625e-06,True
trial,474,474,473,936.1101578709679,936.1101578709679,936.1101447824476,936.1101447824476,3836,1918,0,0,3836,1918,1822100,911050,3284000.0,3284000.0,1712.2002085505735,False,True,3836,1918,0,0,3836,1918,3.0517578125e-06,5.456900216481882,-0.485610220740011,-0.485610220740011,-0.485610220740011,False,-2.6952728199889483e-05,3.0517578125e-06,False
trial,475,475,475,936.1101423750413,936.1101423750413,936.1101423750413,936.1101423750413,3836,1918,0,0,3836,1918,1825936,912968,3284000.0,3284000.0,1712.2002085505735,False,True,3836,1918,0,0,3836,1918,1.52587890625e-06,5.456900216481882,0.1633938945345895,0.1633938945345895,0.1633938945345895,False,-1.473375938848579e-05,1.52587890625e-06,True
trial,476,476,475,936.1101495873163,936.1101495873163,936.1101423750413,936.1101423750413,3836,1918,0,0,3836,1918,1829772,914886,3284000.0,3284000.0,1712.2002085505735,False,True,3836,1918,0,0,3836,1918,3.0517578125e-06,6.327250830429264,-0.20543044453310177,-0.20543044453310177,-0.20543044453310177,False,-3.51081118425795e-05,3.0517578125e-06,False
trial,477,477,477,936.1101357795392,936.1101357795392,936.1101357795392,936.1101357795392,3836,1918,0,0,3836,1918,1833608,916804,3284000.0,3284000.0,1712.2002085505735,False,True,3836,1918,0,0,3836,1918,1.52587890625e-06,6.327250830429264,0.34856605049242106,0.34856605049242106,0.34856605049242106,False,-1.892181436117732e-05,1.52587890625e-06,True
trial,478,478,477,936.1101491272916,936.1101491272916,936.1101357795392,936.1101357795392,3836,1918,0,0,3836,1918,1837444,918722,3284000.0,3284000.0,1712.2002085505735,False,True,3836,1918,0,0,3836,1918,3.0517578125e-06,5.460448440966034,-0.4942547781796804,-0.4942547781796804,-0.4942547781796804,False,-2.700581363690812e-05,3.0517578125e-06,False
trial,479,479,479,936.1101333466852,936.1101333466852,936.1101333466852,936.1101333466852,3836,1918,0,0,3836,1918,1841280,920640,3284000.0,3284000.0,1712.2002085505735,False,True,3836,1918,0,0,3836,1918,1.52587890625e-06,5.460448440966034,0.16483019213038919,0.16483019213038919,0.16483019213038919,False,-1.475975947083383e-05,1.52587890625e-06,True
trial,480,480,479,936.110140600863,936.110140600863,936.1101333466852,936.1101333466852,3836,1918,0,0,3836,1918,1845116,922558,3284000.0,3284000.0,1712.2002085505735,False,True,3836,1918,0,0,3836,1918,3.0517578125e-06,6.299199669308103,-0.207084031386946,-0.207084031386946,-0.207084031386946,False,-3.5030116915767725e-05,3.0517578125e-06,False
trial,481,481,481,936.1101268029659,936.1101268029659,936.1101268029659,936.1101268029659,3836,1918,0,0,3836,1918,1848952,924476,3284000.0,3284000.0,1712.2002085505735,False,True,3836,1918,0,0,3836,1918,1.52587890625e-06,6.299199669308103,0.34678186722220794,0.34678186722220794,0.34678186722220794,False,-1.8869842848117703e-05,1.52587890625e-06,True
trial,482,482,481,936.1101403636022,936.1101403636022,936.1101268029659,936.1101268029659,3836,1918,0,0,3836,1918,1852788,926394,3284000.0,3284000.0,1712.2002085505735,False,True,3836,1918,0,0,3836,1918,3.0517578125e-06,5.46892582597863,-0.5010365588571797,-0.5010365588571797,-0.5010365588571797,False,-2.7065163481318664e-05,3.0517578125e-06,False
trial,483,483,483,936.1101243488589,936.1101243488589,936.1101243488589,936.1101243488589,3836,1918,0,0,3836,1918,1856624,928312,3284000.0,3284000.0,1712.2002085505735,False,True,3836,1918,0,0,3836,1918,1.52587890625e-06,5.46892582597863,0.16602924282185327,0.16602924282185327,0.16602924282185327,False,-1.478117291972042e-05,1.52587890625e-06,True
trial,484,484,483,936.1101316701623,936.1101316701623,936.1101243488589,936.1101243488589,3836,1918,0,0,3836,1918,1860460,930230,3284000.0,3284000.0,1712.2002085505735,False,True,3836,1918,0,0,3836,1918,3.0517578125e-06,6.274110484240785,-0.2096713798629118,-0.2096713798629118,-0.2096713798629118,False,-3.491799135001134e-05,3.0517578125e-06,False
trial,485,485,485,936.1101178376142,936.1101178376142,936.1101178376142,936.1101178376142,3836,1918,0,0,3836,1918,1864296,932148,3284000.0,3284000.0,1712.2002085505735,False,True,3836,1918,0,0,3836,1918,1.52587890625e-06,6.274110484240785,0.3456252691284608,0.3456252691284608,0.3456252691284608,False,-1.8839029647003694e-05,1.52587890625e-06,True
trial,486,486,485,936.1101315040761,936.1101315040761,936.1101178376142,936.1101178376142,3836,1918,0,0,3836,1918,1868132,934066,3284000.0,3284000.0,1712.2002085505735,False,True,3836,1918,0,0,3836,1918,3.0517578125e-06,5.474879122707895,-0.504499600249958,-0.504499600249958,-0.504499600249958,False,-2.7089143133900932e-05,3.0517578125e-06,False
trial,487,487,487,936.1101153423147,936.1101153423147,936.1101153423147,936.1101153423147,3836,1918,0,0,3836,1918,1871968,935984,3284000.0,3284000.0,1712.2002085505735,False,True,3836,1918,0,0,3836,1918,1.52587890625e-06,5.474879122707895,0.16830895979045407,0.16830895979045407,0.16830895979045407,False,-1.4825708373729803e-05,1.52587890625e-06,True
trial,488,488,487,936.1101227221745,936.1101227221745,936.1101153423147,936.1101153423147,3836,1918,0,0,3836,1918,1875804,937902,3284000.0,3284000.0,1712.2002085505735,False,True,3836,1918,0,0,3836,1918,3.0517578125e-06,6.2505904474400245,-0.21171181382510232,-0.21171181382510232,-0.21171181382510232,False,-3.4858044750522445e-05,3.0517578125e-06,False
trial,489,489,489,936.1101088699713,936.1101088699713,936.1101088699713,936.1101088699713,3836,1918,0,0,3836,1918,1879640,939820,3284000.0,3284000.0,1712.2002085505735,False,True,3836,1918,0,0,3836,1918,1.52587890625e-06,6.2505904474400245,0.3442790836753926,0.3442790836753926,0.3442790836753926,False,-1.879969953630887e-05,1.52587890625e-06,True
trial,490,490,489,936.1101227845771,936.1101227845771,936.1101088699713,936.1101088699713,3836,1918,0,0,3836,1918,1883476,941738,3284000.0,3284000.0,1712.2002085505735,False,True,3836,1918,0,0,3836,1918,3.0517578125e-06,5.488777391780006,-0.5128610654192749,-0.5128610654192749,-0.5128610654192749,False,-2.7131335833469607e-05,3.0517578125e-06,False
trial,491,491,491,936.1101063347435,936.1101063347435,936.1101063347435,936.1101063347435,3836,1918,0,0,3836,1918,1887312,943656,3284000.0,3284000.0,1712.2002085505735,False,True,3836,1918,0,0,3836,1918,1.52587890625e-06,5.488777391780006,0.17058718900621167,0.17058718900621167,0.17058718900621167,False,-1.4861771652638542e-05,1.52587890625e-06,True
trial,492,492,491,936.110113759376,936.110113759376,936.1101063347435,936.1101063347435,3836,1918,0,0,3836,1918,1891148,945574,3284000.0,3284000.0,1712.2002085505735,False,True,3836,1918,0,0,3836,1918,3.0517578125e-06,6.227081980289603,-0.21348059063708708,-0.21348059063708708,-0.21348059063708708,False,-3.4778957953748144e-05,3.0517578125e-06,False
trial,493,493,493,936.110099870426,936.110099870426,936.110099870426,936.110099870426,3836,1918,0,0,3836,1918,1894984,947492,3284000.0,3284000.0,1712.2002085505735,False,True,3836,1918,0,0,3836,1918,1.52587890625e-06,6.227081980289603,0.345308573736071,0.345308573736071,0.345308573736071,False,-1.8720408311315735e-05,1.52587890625e-06,True
trial,494,494,493,936.1101139349532,936.1101139349532,936.110099870426,936.110099870426,3836,1918,0,0,3836,1918,1898820,949410,3284000.0,3284000.0,1712.2002085505735,False,True,3836,1918,0,0,3836,1918,3.0517578125e-06,5.484427773387329,-0.5202867993734376,-0.5202867993734376,-0.5202867993734376,False,-2.703225848981664e-05,3.0517578125e-06,False
trial,495,495,495,936.1100973770226,936.1100973770226,936.1100973770226,936.1100973770226,3836,1918,0,0,3836,1918,1902656,951328,3284000.0,3284000.0,1712.2002085505735,False,True,3836,1918,0,0,3836,1918,1.52587890625e-06,5.484427773387329,0.16833022071294362,0.16833022071294362,0.16833022071294362,False,-1.4812571154556804e-05,1.52587890625e-06,True
trial,496,496,495,936.1101049675975,936.1101049675975,936.1100973770226,936.1100973770226,3836,1918,0,0,3836,1918,1906492,953246,3284000.0,3284000.0,1712.2002085505735,False,True,3836,1918,0,0,3836,1918,3.0517578125e-06,6.229503228348041,-0.21813916121799723,-0.21813916121799723,-0.21813916121799723,False,-3.479693819107108e-05,3.0517578125e-06,False
trial,497,497,497,936.1100909147631,936.1100909147631,936.1100909147631,936.1100909147631,3836,1918,0,0,3836,1918,1910328,955164,3284000.0,3284000.0,1712.2002085505735,False,True,3836,1918,0,0,3836,1918,1.52587890625e-06,6.229503228348041,0.34396077890881543,0.34396077890881543,0.34396077890881543,False,-1.878778026698807e-05,1.52587890625e-06,True
trial,498,498,497,936.1101053373621,936.1101053373621,936.1100909147631,936.1100909147631,3836,1918,0,0,3836,1918,1914164,957082,3284000.0,3284000.0,1712.2002085505735,False,True,3836,1918,0,0,3836,1918,3.0517578125e-06,5.480995661242156,-0.5324446898228299,-0.5324446898228299,-0.5324446898228299,False,-2.7087506629195376e-05,3.0517578125e-06,False
trial,499,499,499,936.1100883951026,936.1100883951026,936.1100883951026,936.1100883951026,3836,1918,0,0,3836,1918,1918000,959000,3284000.0,3284000.0,1712.2002085505735,False,True,3836,1918,0,0,3836,1918,1.52587890625e-06,5.480995661242156,0.16972421612683175,0.16972421612683175,0.16972421612683175,False,-1.4845615677670993e-05,1.52587890625e-06,True
trial,500,500,499,936.1100959055552,936.1100959055552,936.1100883951026,936.1100883951026,3836,1918,0,0,3836,1918,1921836,960918,3284000.0,3284000.0,1712.2002085505735,False,True,3836,1918,0,0,3836,1918,3.0517578125e-06,6.254877183530054,-0.21603569202964673,-0.21603569202964673,-0.21603569202964673,False,-3.476486946476824e-05,3.0517578125e-06,False
trial,501,501,501,936.1100819614544,936.1100819614544,936.1100819614544,936.1100819614544,3836,1918,0,0,3836,1918,1925672,962836,3284000.0,3284000.0,1712.2002085505735,False,True,3836,1918,0,0,3836,1918,1.52587890625e-06,6.254877183530054,0.3429418008823518,0.3429418008823518,0.3429418008823518,False,-1.876017498879428e-05,1.52587890625e-06,True
trial,502,502,501,936.1100965689456,936.1100965689456,936.1100819614544,936.1100819614544,3836,1918,0,0,3836,1918,1929508,964754,3284000.0,3284000.0,1712.2002085505735,False,True,3836,1918,0,0,3836,1918,3.0517578125e-06,5.499027833075562,-0.5384545658589147,-0.5384545658589147,-0.5384545658589147,False,-2.7128549145781303e-05,3.0517578125e-06,False
trial,503,503,503,936.1100794140384,936.1100794140384,936.1100794140384,936.1100794140384,3836,1918,0,0,3836,1918,1933344,966672,3284000.0,3284000.0,1712.2002085505735,False,True,3836,1918,0,0,3836,1918,1.52587890625e-06,5.499027833075562,0.17126385621629078,0.17126385621629078,0.17126385621629078,False,-1.4874218324017604e-05,1.52587890625e-06,True
trial,504,504,503,936.1100870014934,936.1100870014934,936.1100794140384,936.1100794140384,3836,1918,0,0,3836,1918,1937180,968590,3284000.0,3284000.0,1712.2002085505735,False,True,3836,1918,0,0,3836,1918,3.0517578125e-06,6.178055060303574,-0.21860756668570863,-0.21860756668570863,-0.21860756668570863,False,-3.470810785326385e-05,3.0517578125e-06,False
trial,505,505,505,936.1100730198492,936.1100730198492,936.1100730198492,936.1100730198492,3836,1918,0,0,3836,1918,1941016,970508,3284000.0,3284000.0,1712.2002085505735,False,True,3836,1918,0,0,3836,1918,1.52587890625e-06,6.178055060303574,0.34158556220984615,0.34158556220984615,0.34158556220984615,False,-1.8719143625650132e-05,1.52587890625e-06,True
trial,506,506,505,936.1100877463132,936.1100877463132,936.1100730198492,936.1100730198492,3836,1918,0,0,3836,1918,1944852,972426,3284000.0,3284000.0,1712.2002085505735,False,True,3836,1918,0,0,3836,1918,3.0517578125e-06,5.522869068158479,-0.5428050800779831,-0.5428050800779831,-0.5428050800779831,False,-2.7130298728019487e-05,3.0517578125e-06,False
trial,507,507,507,936.1100704338896,936.1100704338896,936.1100704338896,936.1100704338896,3836,1918,0,0,3836,1918,1948688,974344,3284000.0,3284000.0,1712.2002085505735,False,True,3836,1918,0,0,3836,1918,1.52587890625e-06,5.522869068158479,0.17343199457081157,0.17343199457081157,0.17343199457081157,False,-1.4910510511206193e-05,1.52587890625e-06,True
trial,508,508,507,936.1100781590517,936.1100781590517,936.1100704338896,936.1100704338896,3836,1918,0,0,3836,1918,1952524,976262,3284000.0,3284000.0,1712.2002085505735,False,True,3836,1918,0,0,3836,1918,3.0517578125e-06,6.156130008784703,-0.2235360127716626,-0.2235360127716626,-0.2235360127716626,False,-3.455891493198023e-05,3.0517578125e-06,False
trial,509,509,509,936.1100640855518,936.1100640855518,936.1100640855518,936.1100640855518,3836,1918,0,0,3836,1918,1956360,978180,3284000.0,3284000.0,1712.2002085505735,False,True,3836,1918,0,0,3836,1918,1.52587890625e-06,6.156130008784703,0.3405692136667956,0.3405692136667956,0.3405692136667956,False,-1.864037489332079e-05,1.52587890625e-06,True
trial,510,510,509,936.1100790539556,936.1100790539556,936.1100640855518,936.1100640855518,3836,1918,0,0,3836,1918,1960196,980098,3284000.0,3284000.0,1712.2002085505735,False,True,3836,1918,0,0,3836,1918,3.0517578125e-06,5.515673635358171,-0.5503886497517828,-0.5503886497517828,-0.5503886497517828,False,-2.7196061877146387e-05,3.0517578125e-06,False
trial,511,511,511,936.1100614892239,936.1100614892239,936.1100614892239,936.1100614892239,3836,1918,0,0,3836,1918,1964032,982016,3284000.0,3284000.0,1712.2002085505735,False,True,3836,1918,0,0,3836,1918,1.52587890625e-06,5.515673635358171,0.1740950062362561,0.1740950062362561,0.1740950062362561,False,-1.4913282048947668e-05,1.52587890625e-06,True
trial,512,512,511,936.1100694446188,936.1100694446188,936.1100614892239,936.1100614892239,3836,1918,0,0,3836,1918,1967868,983934,3284000.0,3284000.0,1712.2002085505735,False,True,3836,1918,0,0,3836,1918,3.0517578125e-06,6.147662281844134,-0.23043869708561857,-0.23043869708561857,-0.23043869708561857,False,-3.4522825591511096e-05,3.0517578125e-06,False
trial,513,513,513,936.1100551630623,936.1100551630623,936.1100551630623,936.1100551630623,3836,1918,0,0,3836,1918,1971704,985852,3284000.0,3284000.0,1712.2002085505735,False,True,3836,1918,0,0,3836,1918,1.52587890625e-06,6.147662281844134,0.3393409802421051,0.3393409802421051,0.3393409802421051,False,-1.8642492297999992e-05,1.52587890625e-06,True
trial,514,514,513,936.1100703306233,936.1100703306233,936.1100551630623,936.1100551630623,3836,1918,0,0,3836,1918,1975540,987770,3284000.0,3284000.0,1712.2002085505735,False,True,3836,1918,0,0,3836,1918,3.0517578125e-06,5.5267772491117455,-0.5569120276855393,-0.5569120276855393,-0.5569120276855393,False,-2.723511130223724e-05,3.0517578125e-06,False
trial,515,515,515,936.1100525497336,936.1100525497336,936.1100525497336,936.1100525497336,3836,1918,0,0,3836,1918,1979376,989688,3284000.0,3284000.0,1712.2002085505735,False,True,3836,1918,0,0,3836,1918,1.52587890625e-06,5.5267772491117455,0.17497196791658812,0.17497196791658812,0.17497196791658812,False,-1.4935699084514473e-05,1.52587890625e-06,True
trial,516,516,515,936.1100603295989,936.1100603295989,936.1100525497336,936.1100525497336,3836,1918,0,0,3836,1918,1983212,991606,3284000.0,3284000.0,1712.2002085505735,False,True,3836,1918,0,0,3836,1918,3.0517578125e-06,6.127169519254668,-0.22536295162073347,-0.22536295162073347,-0.22536295162073347,False,-3.452149192136727e-05,3.0517578125e-06,False
trial,517,517,517,936.1100462621466,936.1100462621466,936.1100462621466,936.1100462621466,3836,1918,0,0,3836,1918,1987048,993524,3284000.0,3284000.0,1712.2002085505735,False,True,3836,1918,0,0,3836,1918,1.52587890625e-06,6.127169519254668,0.3380168219137762,0.3380168219137762,0.3380168219137762,False,-1.860140258345818e-05,1.52587890625e-06,True
trial,518,518,517,936.1100616554116,936.1100616554116,936.1100462621466,936.1100462621466,3836,1918,0,0,3836,1918,1990884,995442,3284000.0,3284000.0,1712.2002085505735,False,True,3836,1918,0,0,3836,1918,3.0517578125e-06,5.534773853337545,-0.5650283970838488,-0.5650283970838488,-0.5650283970838488,False,-2.724334758372079e-05,3.0517578125e-06,False
trial,519,519,519,936.1100436161895,936.1100436161895,936.1100436161895,936.1100436161895,3836,1918,0,0,3836,1918,1994720,997360,3284000.0,3284000.0,1712.2002085505735,False,True,3836,1918,0,0,3836,1918,1.52587890625e-06,5.534773853337545,0.17679366561669904,0.17679366561669904,0.17679366561669904,False,-1.4966357054051455e-05,1.52587890625e-06,True
trial,520,520,519,936.110051528267,936.110051528267,936.1100436161895,936.1100436161895,3836,1918,0,0,3836,1918,1998556,999278,3284000.0,3284000.0,1712.2002085505735,False,True,3836,1918,0,0,3836,1918,3.0517578125e-06,6.103847054222797,-0.2296599382123013,-0.2296599382123013,-0.2296599382123013,False,-3.445127433610896e-05,3.0517578125e-06,False
trial,521,521,521,936.1100373370773,936.1100373370773,936.1100373370773,936.1100373370773,3836,1918,0,0,3836,1918,2002392,1001196,3284000.0,3284000.0,1712.2002085505735,False,True,3836,1918,0,0,3836,1918,1.52587890625e-06,6.103847054222797,0.3380166782528933,0.3380166782528933,0.3380166782528933,False,-1.857633839707593e-05,1.52587890625e-06,True
trial,522,522,521,936.1100527789871,936.1100527789871,936.1100373370773,936.1100373370773,3836,1918,0,0,3836,1918,2006228,1003114,3284000.0,3284000.0,1712.2002085505735,False,True,3836,1918,0,0,3836,1918,3.0517578125e-06,5.526726843982848,-0.5665300045880889,-0.5665300045880889,-0.5665300045880889,False,-2.7257002577519334e-05,3.0517578125e-06,False
trial,523,523,523,936.1100346505693,936.1100346505693,936.1100346505693,936.1100346505693,3836,1918,0,0,3836,1918,2010064,1005032,3284000.0,3284000.0,1712.2002085505735,False,True,3836,1918,0,0,3836,1918,1.52587890625e-06,5.526726843982848,0.17956856199662527,0.17956856199662527,0.17956856199662527,False,-1.496090373004531e-05,1.52587890625e-06,True
trial,524,524,523,936.1100427057968,936.1100427057968,936.1100346505693,936.1100346505693,3836,1918,0,0,3836,1918,2013900,1006950,3284000.0,3284000.0,1712.2002085505735,False,True,3836,1918,0,0,3836,1918,3.0517578125e-06,6.06552328199301,-0.23424221165206877,-0.23424221165206877,-0.23424221165206877,False,-3.438845371694232e-05,3.0517578125e-06,False
trial,525,525,525,936.1100283841744,936.1100283841744,936.1100283841744,936.1100283841744,3836,1918,0,0,3836,1918,2017736,1008868,3284000.0,3284000.0,1712.2002085505735,False,True,3836,1918,0,0,3836,1918,1.52587890625e-06,6.06552328199301,0.3381957845679193,0.3381957845679193,0.3381957845679193,False,-1.8528897307357174e-05,1.52587890625e-06,True
trial,526,526,525,936.1100440833048,936.1100440833048,936.1100283841744,936.1100283841744,3836,1918,0,0,3836,1918,2021572,1010786,3284000.0,3284000.0,1712.2002085505735,False,True,3836,1918,0,0,3836,1918,3.0517578125e-06,5.4932060018810125,-0.5760274248321381,-0.5760274248321381,-0.5760274248321381,False,-2.7254137208193975e-05,3.0517578125e-06,False
trial,527,527,527,936.1100257361308,936.1100257361308,936.1100257361308,936.1100257361308,3836,1918,0,0,3836,1918,2025408,1012704,3284000.0,3284000.0,1712.2002085505735,False,True,3836,1918,0,0,3836,1918,1.52587890625e-06,5.4932060018810125,0.17707809285303863,0.17707809285303863,0.17707809285303863,False,-1.495410062522233e-05,1.52587890625e-06,True
trial,528,528,527,936.1100339293246,936.1100339293246,936.1100257361308,936.1100257361308,3836,1918,0,0,3836,1918,2029244,1014622,3284000.0,3284000.0,1712.2002085505735,False,True,3836,1918,0,0,3836,1918,3.0517578125e-06,6.072672619124518,-0.23815672459948115,-0.23815672459948115,-0.23815672459948115,False,-3.440252982547467e-05,3.0517578125e-06,False
trial,529,529,529,936.1100195263134,936.1100195263134,936.1100195263134,936.1100195263134,3836,1918,0,0,3836,1918,2033080,1016540,3284000.0,3284000.0,1712.2002085505735,False,True,3836,1918,0,0,3836,1918,1.52587890625e-06,6.072672619124518,0.3350086534215659,0.3350086534215659,0.3350086534215659,False,-1.853628937516305e-05,1.52587890625e-06,True
trial,530,530,529,936.11003518606,936.11003518606,936.1100195263134,936.1100195263134,3836,1918,0,0,3836,1918,2036916,1018458,3284000.0,3284000.0,1712.2002085505735,False,True,3836,1918,0,0,3836,1918,3.0517578125e-06,5.511215294859622,-0.5724379264265885,-0.5724379264265885,-0.5724379264265885,False,-2.7356235322739607e-05,3.0517578125e-06,False
trial,531,531,531,936.1100168186573,936.1100168186573,936.1100168186573,936.1100168186573,3836,1918,0,0,3836,1918,2040752,1020376,3284000.0,3284000.0,1712.2002085505735,False,True,3836,1918,0,0,3836,1918,1.52587890625e-06,5.511215294859622,0.1803100500108853,0.1803100500108853,0.1803100500108853,False,-1.5016667723460423e-05,1.52587890625e-06,True
trial,532,532,531,936.1100250100694,936.1100250100694,936.1100168186573,936.1100168186573,3836,1918,0,0,3836,1918,2044588,1022294,3284000.0,3284000.0,1712.2002085505735,False,True,3836,1918,0,0,3836,1918,3.0517578125e-06,6.046998387063845,-0.23921557345163816,-0.23921557345163816,-0.23921557345163816,False,-3.4242804525041844e-05,3.0517578125e-06,False
trial,533,533,533,936.1100106783265,936.1100106783265,936.1100106783265,936.1100106783265,3836,1918,0,0,3836,1918,2048424,1024212,3284000.0,3284000.0,1712.2002085505735,False,True,3836,1918,0,0,3836,1918,1.52587890625e-06,6.046998387063845,0.3325114390264275,0.3325114390264275,0.3325114390264275,False,-1.846652502813294e-05,1.52587890625e-06,True
trial,534,534,533,936.1100269208035,936.1100269208035,936.1100106783265,936.1100106783265,3836,1918,0,0,3836,1918,2052260,1026130,3284000.0,3284000.0,1712.2002085505735,False,True,3836,1918,0,0,3836,1918,3.0517578125e-06,5.538618340643462,-0.5911985806256314,-0.5911985806256314,-0.5911985806256314,False,-2.7473809270544582e-05,3.0517578125e-06,False
trial,535,535,535,936.1100077960583,936.1100077960583,936.1100077960583,936.1100077960583,3836,1918,0,0,3836,1918,2056096,1028048,3284000.0,3284000.0,1712.2002085505735,False,True,3836,1918,0,0,3836,1918,1.52587890625e-06,5.538618340643462,0.1910845991371741,0.1910845991371741,0.1910845991371741,False,-1.5083728306899711e-05,1.52587890625e-06,True
trial,536,536,535,936.11001637848,936.11001637848,936.1100077960583,936.1100077960583,3836,1918,0,0,3836,1918,2059932,1029966,3284000.0,3284000.0,1712.2002085505735,False,True,3836,1918,0,0,3836,1918,3.0517578125e-06,6.015090435720933,-0.2525000098570276,-0.2525000098570276,-0.2525000098570276,False,-3.398978775104025e-05,3.0517578125e-06,False
trial,537,537,537,936.1100017492279,936.1100017492279,936.1100017492279,936.1100017492279,3836,1918,0,0,3836,1918,2063768,1031884,3284000.0,3284000.0,1712.2002085505735,False,True,3836,1918,0,0,3836,1918,1.52587890625e-06,6.015090435720933,0.33014037434176885,0.33014037434176885,0.33014037434176885,False,-1.8315937417639552e-05,1.52587890625e-06,True
trial,538,538,537,936.110017647716,936.110017647716,936.1100017492279,936.1100017492279,3836,1918,0,0,3836,1918,2067604,1033802,3284000.0,3284000.0,1712.2002085505735,False,True,3836,1918,0,0,3836,1918,3.0517578125e-06,5.500952526901628,-0.5765770756677974,-0.5765770756677974,-0.5765770756677974,False,-2.757391638280756e-05,3.0517578125e-06,False
trial,539,539,539,936.1099989217846,936.1099989217846,936.1099989217846,936.1099989217846,3836,1918,0,0,3836,1918,2071440,1035720,3284000.0,3284000.0,1712.2002085505735,False,True,3836,1918,0,0,3836,1918,1.52587890625e-06,5.500952526901628,0.1865925167696914,0.1865925167696914,0.1865925167696914,False,-1.5153036771837913e-05,1.52587890625e-06,True
trial,540,540,539,936.1100075443985,936.1100075443985,936.1099989217846,936.1099989217846,3836,1918,0,0,3836,1918,2075276,1037638,3284000.0,3284000.0,1712.2002085505735,False,True,3836,1918,0,0,3836,1918,3.0517578125e-06,6.000787168873164,-0.2537042187895496,-0.2537042187895496,-0.2537042187895496,False,-3.3986876315271544e-05,3.0517578125e-06,False
trial,541,541,541,936.1099928850347,936.1099928850347,936.1099928850347,936.1099928850347,3836,1918,0,0,3836,1918,2079112,1039556,3284000.0,3284000.0,1712.2002085505735,False,True,3836,1918,0,0,3836,1918,1.52587890625e-06,6.000787168873164,0.3287743315271591,0.3287743315271591,0.3287743315271591,False,-1.83613784848265e-05,1.52587890625e-06,True
trial,542,542,541,936.1100089193774,936.1100089193774,936.1099928850347,936.1099928850347,3836,1918,0,0,3836,1918,2082948,1041474,3284000.0,3284000.0,1712.2002085505735,False,True,3836,1918,0,0,3836,1918,3.0517578125e-06,5.522186772999682,-0.5795752435076228,-0.5795752435076228,-0.5795752435076228,False,-2.7665679109886988e-05,3.0517578125e-06,False
trial,543,543,543,936.1099900216536,936.1099900216536,936.1099900216536,936.1099900216536,3836,1918,0,0,3836,1918,2086784,1043392,3284000.0,3284000.0,1712.2002085505735,False,True,3836,1918,0,0,3836,1918,1.52587890625e-06,5.522186772999682,0.18852394434461947,0.18852394434461947,0.18852394434461947,False,-1.5188421033524242e-05,1.52587890625e-06,True
trial,544,544,543,936.1099986937454,936.1099986937454,936.1099900216536,936.1099900216536,3836,1918,0,0,3836,1918,2090620,1045310,3284000.0,3284000.0,1712.2002085505735,False,True,3836,1918,0,0,3836,1918,3.0517578125e-06,5.980924228440139,-0.25568871873694304,-0.25568871873694304,-0.25568871873694304,False,-3.391659915040487e-05,3.0517578125e-06,False
trial,545,545,545,936.1099840304968,936.1099840304968,936.1099840304968,936.1099840304968,3836,1918,0,0,3836,1918,2094456,1047228,3284000.0,3284000.0,1712.2002085505735,False,True,3836,1918,0,0,3836,1918,1.52587890625e-06,5.980924228440139,0.32709814709342283,0.32709814709342283,0.32709814709342283,False,-1.8316083131061394e-05,1.52587890625e-06,True
trial,546,546,545,936.1100003971667,936.1100003971667,936.1099840304968,936.1099840304968,3836,1918,0,0,3836,1918,2098292,1049146,3284000.0,3284000.0,1712.2002085505735,False,True,3836,1918,0,0,3836,1918,3.0517578125e-06,5.531814006380748,-0.5900453171255754,-0.5900453171255754,-0.5900453171255754,False,-2.7737987974593496e-05,3.0517578125e-06,False
trial,547,547,547,936.1099811422276,936.1099811422276,936.1099811422276,936.1099811422276,3836,1918,0,0,3836,1918,2102128,1051064,3284000.0,3284000.0,1712.2002085505735,False,True,3836,1918,0,0,3836,1918,1.52587890625e-06,5.531814006380748,0.18984722342100552,0.18984722342100552,0.18984722342100552,False,-1.5213649610993161e-05,1.52587890625e-06,True
trial,548,548,547,936.1099898963535,936.1099898963535,936.1099811422276,936.1099811422276,3836,1918,0,0,3836,1918,2105964,1052982,3284000.0,3284000.0,1712.2002085505735,False,True,3836,1918,0,0,3836,1918,3.0517578125e-06,5.95462649627139,-0.25807153430148966,-0.25807153430148966,-0.25807153430148966,False,-3.3921315030161025e-05,3.0517578125e-06,False
trial,549,549,549,936.1099751947261,936.1099751947261,936.1099751947261,936.1099751947261,3836,1918,0,0,3836,1918,2109800,1054900,3284000.0,3284000.0,1712.2002085505735,False,True,3836,1918,0,0,3836,1918,1.52587890625e-06,5.95462649627139,0.32548366470134255,0.32548366470134255,0.32548366470134255,False,-1.827281122909453e-05,1.52587890625e-06,True
trial,550,550,549,936.1099918312182,936.1099918312182,936.1099751947261,936.1099751947261,3836,1918,0,0,3836,1918,2113636,1056818,3284000.0,3284000.0,1712.2002085505735,False,True,3836,1918,0,0,3836,1918,3.0517578125e-06,5.5426274330411935,-0.5986978384070907,-0.5986978384070907,-0.5986978384070907,False,-2.7787793815585534e-05,3.0517578125e-06,False
trial,551,551,551,936.1099722648316,936.1099722648316,936.1099722648316,936.1099722648316,3836,1918,0,0,3836,1918,2117472,1058736,3284000.0,3284000.0,1712.2002085505735,False,True,3836,1918,0,0,3836,1918,1.52587890625e-06,5.5426274330411935,0.19205257925269104,0.19205257925269104,0.19205257925269104,False,-1.5255689076976826e-05,1.52587890625e-06,True
trial,552,552,551,936.1099810814951,936.1099810814951,936.1099722648316,936.1099722648316,3836,1918,0,0,3836,1918,2121308,1060654,3284000.0,3284000.0,1712.2002085505735,False,True,3836,1918,0,0,3836,1918,3.0517578125e-06,5.93336859769246,-0.2609815359444816,-0.2609815359444816,-0.2609815359444816,False,-3.3782709703782155e-05,3.0517578125e-06,False
trial,553,553,553,936.1099663564237,936.1099663564237,936.1099663564237,936.1099663564237,3836,1918,0,0,3836,1918,2125144,1062572,3284000.0,3284000.0,1712.2002085505735,False,True,3836,1918,0,0,3836,1918,1.52587890625e-06,5.93336859769246,0.3240955714267784,0.3240955714267784,0.3240955714267784,False,-1.82304495265287e-05,1.52587890625e-06,True
trial,554,554,553,936.1099828729843,936.1099828729843,936.1099663564237,936.1099663564237,3836,1918,0,0,3836,1918,2128980,1064490,3284000.0,3284000.0,1712.2002085505735,False,True,3836,1918,0,0,3836,1918,3.0517578125e-06,5.566921055986878,-0.5951286909556366,-0.5951286909556366,-0.5951286909556366,False,-2.7752922878961332e-05,3.0517578125e-06,False
trial,555,555,555,936.1099633984971,936.1099633984971,936.1099633984971,936.1099633984971,3836,1918,0,0,3836,1918,2132816,1066408,3284000.0,3284000.0,1712.2002085505735,False,True,3836,1918,0,0,3836,1918,1.52587890625e-06,5.566921055986878,0.19356647853161846,0.19356647853161846,0.19356647853161846,False,-1.5281192087528055e-05,1.52587890625e-06,True
trial,556,556,555,936.1099722571944,936.1099722571944,936.1099633984971,936.1099633984971,3836,1918,0,0,3836,1918,2136652,1068326,3284000.0,3284000.0,1712.2002085505735,False,True,3836,1918,0,0,3836,1918,3.0517578125e-06,5.915375802349357,-0.26260914549366277,-0.26260914549366277,-0.26260914549366277,False,-3.373339197984905e-05,3.0517578125e-06,False
trial,557,557,557,936.109957500873,936.109957500873,936.109957500873,936.109957500873,3836,1918,0,0,3836,1918,2140488,1070244,3284000.0,3284000.0,1712.2002085505735,False,True,3836,1918,0,0,3836,1918,1.52587890625e-06,5.915375802349357,0.32357583978773813,0.32357583978773813,0.32357583978773813,False,-1.8226404652288156e-05,1.52587890625e-06,True
trial,558,558,557,936.109974376697,936.109974376697,936.109957500873,936.109957500873,3836,1918,0,0,3836,1918,2144324,1072162,3284000.0,3284000.0,1712.2002085505735,False,True,3836,1918,0,0,3836,1918,3.0517578125e-06,5.556155041577874,-0.6052216395694197,-0.6052216395694197,-0.6052216395694197,False,-2.788370892133827e-05,3.0517578125e-06,False
trial,559,559,559,936.1099544573885,936.1099544573885,936.1099544573885,936.1099544573885,3836,1918,0,0,3836,1918,2148160,1074080,3284000.0,3284000.0,1712.2002085505735,False,True,3836,1918,0,0,3836,1918,1.52587890625e-06,5.556155041577874,0.19866181728967067,0.19866181728967067,0.19866181728967067,False,-1.5319926363145308e-05,1.52587890625e-06,True
trial,560,560,559,936.1099635419715,936.1099635419715,936.1099544573885,936.1099544573885,3836,1918,0,0,3836,1918,2151996,1075998,3284000.0,3284000.0,1712.2002085505735,False,True,3836,1918,0,0,3836,1918,3.0517578125e-06,5.879396192858557,-0.2711509749214861,-0.2711509749214861,-0.2711509749214861,False,-3.350378137925773e-05,3.0517578125e-06,False
trial,561,561,561,936.1099486712484,936.1099486712484,936.1099486712484,936.1099486712484,3836,1918,0,0,3836,1918,2155832,1077916,3284000.0,3284000.0,1712.2002085505735,False,True,3836,1918,0,0,3836,1918,1.52587890625e-06,5.879396192858557,0.3194956903957997,0.3194956903957997,0.3194956903957997,False,-1.8110229101849014e-05,1.52587890625e-06,True
trial,562,562,561,936.1099655605663,936.1099655605663,936.1099486712484,936.1099486712484,3836,1918,0,0,3836,1918,2159668,1079834,3284000.0,3284000.0,1712.2002085505735,False,True,3836,1918,0,0,3836,1918,3.0517578125e-06,5.5719640000439705,-0.602611022581856,-0.602611022581856,-0.602611022581856,False,-2.8026898330065516e-05,3.0517578125e-06,False
trial,563,563,563,936.1099455943418,936.1099455943418,936.1099455943418,936.1099455943418,3836,1918,0,0,3836,1918,2163504,1081752,3284000.0,3284000.0,1712.2002085505735,False,True,3836,1918,0,0,3836,1918,1.52587890625e-06,5.5719640000439705,0.1997602369560186,0.1997602369560186,0.1997602369560186,False,-1.5402998534244916e-05,1.52587890625e-06,True
trial,564,564,563,936.1099546348061,936.1099546348061,936.1099455943418,936.1099455943418,3836,1918,0,0,3836,1918,2167340,1083670,3284000.0,3284000.0,1712.2002085505735,False,True,3836,1918,0,0,3836,1918,3.0517578125e-06,5.858437290474985,-0.2697700713107534,-0.2697700713107534,-0.2697700713107534,False,-3.3511739319814596e-05,3.0517578125e-06,False
trial,565,565,565,936.1099398214307,936.1099398214307,936.1099398214307,936.1099398214307,3836,1918,0,0,3836,1918,2171176,1085588,3284000.0,3284000.0,1712.2002085505735,False,True,3836,1918,0,0,3836,1918,1.52587890625e-06,5.858437290474985,0.3188986163865779,0.3188986163865779,0.3188986163865779,False,-1.8102653314552583e-05,1.52587890625e-06,True
trial,566,566,565,936.1099569112931,936.1099569112931,936.1099398214307,936.1099398214307,3836,1918,0,0,3836,1918,2175012,1087506,3284000.0,3284000.0,1712.2002085505735,False,True,3836,1918,0,0,3836,1918,3.0517578125e-06,5.571622214072072,-0.608457756346313,-0.608457756346313,-0.608457756346313,False,-2.8087179905508518e-05,3.0517578125e-06,False
trial,567,567,567,936.1099367434174,936.1099367434174,936.1099367434174,936.1099367434174,3836,1918,0,0,3836,1918,2178848,1089424,3284000.0,3284000.0,1712.2002085505735,False,True,3836,1918,0,0,3836,1918,1.52587890625e-06,5.571622214072072,0.19982993769175933,0.19982993769175933,0.19982993769175933,False,-1.5403163811521752e-05,1.52587890625e-06,True
trial,568,568,567,936.1099457694352,936.1099457694352,936.1099367434174,936.1099367434174,3836,1918,0,0,3836,1918,2182684,1091342,3284000.0,3284000.0,1712.2002085505735,False,True,3836,1918,0,0,3836,1918,3.0517578125e-06,6.591781110612678,-0.2705037115129249,-0.2705037115129249,-0.2705037115129249,False,-3.336744523038714e-05,3.0517578125e-06,False
trial,569,569,569,936.1099309662911,936.1099309662911,936.1099309662911,936.1099309662911,3836,1918,0,0,3836,1918,2186520,1093260,3284000.0,3284000.0,1712.2002085505735,False,True,3836,1918,0,0,3836,1918,1.52587890625e-06,6.591781110612678,0.3199991904779256,0.3199991904779256,0.3199991904779256,False,-1.8053565239307828e-05,1.52587890625e-06,True
trial,570,570,569,936.109948313179,936.109948313179,936.1099309662911,936.1099309662911,3836,1918,0,0,3836,1918,2190356,1095178,3284000.0,3284000.0,1712.2002085505735,False,True,3836,1918,0,0,3836,1918,3.0517578125e-06,5.572951621722696,-0.6188635813720235,-0.6188635813720235,-0.6188635813720235,False,-2.803022887808938e-05,3.0517578125e-06,False
trial,571,571,571,936.1099278111303,936.1099278111303,936.1099278111303,936.1099278111303,3836,1918,0,0,3836,1918,2194192,1097096,3284000.0,3284000.0,1712.2002085505735,False,True,3836,1918,0,0,3836,1918,1.52587890625e-06,5.572951621722696,0.20489966716395072,0.20489966716395072,0.20489966716395072,False,-1.539856484591126e-05,1.52587890625e-06,True
trial,572,572,571,936.1099371714336,936.1099371714336,936.1099278111303,936.1099278111303,3836,1918,0,0,3836,1918,2198028,1099014,3284000.0,3284000.0,1712.2002085505735,False,True,3836,1918,0,0,3836,1918,3.0517578125e-06,5.817791032768255,-0.2811205860612767,-0.2811205860612767,-0.2811205860612767,False,-3.329639913400485e-05,3.0517578125e-06,False
trial,573,573,573,936.1099221517551,936.1099221517551,936.1099221517551,936.1099221517551,3836,1918,0,0,3836,1918,2201864,1100932,3284000.0,3284000.0,1712.2002085505735,False,True,3836,1918,0,0,3836,1918,1.52587890625e-06,5.817791032768255,0.3146567321434989,0.3146567321434989,0.3146567321434989,False,-1.7985870490622914e-05,1.52587890625e-06,True
trial,574,574,573,936.1099394741273,936.1099394741273,936.1099221517551,936.1099221517551,3836,1918,0,0,3836,1918,2205700,1102850,3284000.0,3284000.0,1712.2002085505735,False,True,3836,1918,0,0,3836,1918,3.0517578125e-06,5.5539736996939375,-0.6138323731338414,-0.6138323731338414,-0.6138323731338414,False,-2.8220036823204392e-05,3.0517578125e-06,False
trial,575,575,575,936.1099189819655,936.1099189819655,936.1099189819655,936.1099189819655,3836,1918,0,0,3836,1918,2209536,1104768,3284000.0,3284000.0,1712.2002085505735,False,True,3836,1918,0,0,3836,1918,1.52587890625e-06,5.5539736996939375,0.20448637153653534,0.20448637153653534,0.20448637153653534,False,-1.5501226587582406e-05,1.52587890625e-06,True
trial,576,576,575,936.1099284769812,936.1099284769812,936.1099189819655,936.1099189819655,3836,1918,0,0,3836,1918,2213372,1106686,3284000.0,3284000.0,1712.2002085505735,False,True,3836,1918,0,0,3836,1918,3.0517578125e-06,5.792650610133183,-0.2857182397061426,-0.2857182397061426,-0.2857182397061426,False,-3.3232094914897607e-05,3.0517578125e-06,False
trial,577,577,577,936.109913349702,936.109913349702,936.109913349702,936.109913349702,3836,1918,0,0,3836,1918,2217208,1108604,3284000.0,3284000.0,1712.2002085505735,False,True,3836,1918,0,0,3836,1918,1.52587890625e-06,5.792650610133183,0.313528046691716,0.313528046691716,0.313528046691716,False,-1.79641457814277e-05,1.52587890625e-06,True
trial,578,578,577,936.1099307413165,936.1099307413165,936.109913349702,936.109913349702,3836,1918,0,0,3836,1918,2221044,1110522,3284000.0,3284000.0,1712.2002085505735,False,True,3836,1918,0,0,3836,1918,3.0517578125e-06,5.561911432986398,-0.613853997400179,-0.613853997400179,-0.613853997400179,False,-2.8331842065908288e-05,3.0517578125e-06,False
trial,579,579,579,936.1099101489303,936.1099101489303,936.1099101489303,936.1099101489303,3836,1918,0,0,3836,1918,2224880,1112440,3284000.0,3284000.0,1712.2002085505735,False,True,3836,1918,0,0,3836,1918,1.52587890625e-06,5.561911432986398,0.20604017649373066,0.20604017649373066,0.20604017649373066,False,-1.553469660350694e-05,1.52587890625e-06,True
trial,580,580,579,936.1099196587592,936.1099196587592,936.1099101489303,936.1099101489303,3836,1918,0,0,3836,1918,2228716,1114358,3284000.0,3284000.0,1712.2002085505735,False,True,3836,1918,0,0,3836,1918,3.0517578125e-06,5.769823771680459,-0.2865896495223536,-0.2865896495223536,-0.2865896495223536,False,-3.318273651635033e-05,3.0517578125e-06,False
trial,581,581,581,936.1099045363126,936.1099045363126,936.1099045363126,936.1099045363126,3836,1918,0,0,3836,1918,2232552,1116276,3284000.0,3284000.0,1712.2002085505735,False,True,3836,1918,0,0,3836,1918,1.52587890625e-06,5.769823771680459,0.31285276090868547,0.31285276090868547,0.31285276090868547,False,-1.7940125423074434e-05,1.52587890625e-06,True
trial,582,582,581,936.1099214437181,936.1099214437181,936.1099045363126,936.1099045363126,3836,1918,0,0,3836,1918,2236388,1118194,3284000.0,3284000.0,1712.2002085505735,False,True,3836,1918,0,0,3836,1918,3.0517578125e-06,5.587007417037838,-0.5977502827822796,-0.5977502827822796,-0.5977502827822796,False,-2.8285064915987795e-05,3.0517578125e-06,False
trial,583,583,583,936.1099013153118,936.1099013153118,936.1099013153118,936.1099013153118,3836,1918,0,0,3836,1918,2240224,1120112,3284000.0,3284000.0,1712.2002085505735,False,True,3836,1918,0,0,3836,1918,1.52587890625e-06,5.587007417037838,0.20712691921901505,0.20712691921901505,0.20712691921901505,False,-1.555085518073548e-05,1.52587890625e-06,True
trial,584,584,583,936.1099108379533,936.1099108379533,936.1099013153118,936.1099013153118,3836,1918,0,0,3836,1918,2244060,1122030,3284000.0,3284000.0,1712.2002085505735,False,True,3836,1918,0,0,3836,1918,3.0517578125e-06,5.747742627339158,-0.28786798639320177,-0.28786798639320177,-0.28786798639320177,False,-3.307989043180522e-05,3.0517578125e-06,False
trial,585,585,585,936.1098957696316,936.1098957696316,936.1098957696316,936.1098957696316,3836,1918,0,0,3836,1918,2247896,1123948,3284000.0,3284000.0,1712.2002085505735,False,True,3836,1918,0,0,3836,1918,1.52587890625e-06,5.747742627339158,0.3101780289745456,0.3101780289745456,0.3101780289745456,False,-1.787902330959993e-05,1.52587890625e-06,True
trial,586,586,585,936.1099135986176,936.1099135986176,936.1098957696316,936.1098957696316,3836,1918,0,0,3836,1918,2251732,1125866,3284000.0,3284000.0,1712.2002085505735,False,True,3836,1918,0,0,3836,1918,3.0517578125e-06,5.5930284203939795,-0.6274062073796012,-0.6274062073796012,-0.6274062073796012,False,-2.8416974124214114e-05,3.0517578125e-06,False
trial,587,587,587,936.1098925015066,936.1098925015066,936.1098925015066,936.1098925015066,3836,1918,0,0,3836,1918,2255568,1127784,3284000.0,3284000.0,1712.2002085505735,False,True,3836,1918,0,0,3836,1918,1.52587890625e-06,5.5930284203939795,0.2094735499340193,0.2094735499340193,0.2094735499340193,False,-1.5601612026626714e-05,1.52587890625e-06,True
trial,588,588,587,936.1099021416967,936.1099021416967,936.1098925015066,936.1098925015066,3836,1918,0,0,3836,1918,2259404,1129702,3284000.0,3284000.0,1712.2002085505735,False,True,3836,1918,0,0,3836,1918,3.0517578125e-06,5.720097871529892,-0.29155042470345166,-0.29155042470345166,-0.29155042470345166,False,-3.306525834914883e-05,3.0517578125e-06,False
trial,589,589,589,936.109886973474,936.109886973474,936.109886973474,936.109886973474,3836,1918,0,0,3836,1918,2263240,1131620,3284000.0,3284000.0,1712.2002085505735,False,True,3836,1918,0,0,3836,1918,1.52587890625e-06,5.720097871529892,0.30945969258626144,0.30945969258626144,0.30945969258626144,False,-1.786349800887625e-05,1.52587890625e-06,True
trial,590,590,589,936.1099051553215,936.1099051553215,936.109886973474,936.109886973474,3836,1918,0,0,3836,1918,2267076,1133538,3284000.0,3284000.0,1712.2002085505735,False,True,3836,1918,0,0,3836,1918,3.0517578125e-06,5.590674413084334,-0.6378904395516636,-0.6378904395516636,-0.6378904395516636,False,-2.8503088275217412e-05,3.0517578125e-06,False
trial,591,591,591,936.1098836868683,936.1098836868683,936.1098836868683,936.1098836868683,3836,1918,0,0,3836,1918,2270912,1135456,3284000.0,3284000.0,1712.2002085505735,False,True,3836,1918,0,0,3836,1918,1.52587890625e-06,5.590674413084334,0.2103883133165159,0.2103883133165159,0.2103883133165159,False,-1.5621616977582825e-05,1.52587890625e-06,True
trial,592,592,591,936.1098933091347,936.1098933091347,936.1098836868683,936.1098836868683,3836,1918,0,0,3836,1918,2274748,1137374,3284000.0,3284000.0,1712.2002085505735,False,True,3836,1918,0,0,3836,1918,3.0517578125e-06,5.695792938538892,-0.29224164828247556,-0.29224164828247556,-0.29224164828247556,False,-3.2925718897446917e-05,3.0517578125e-06,False
trial,593,593,593,936.1098781986655,936.1098781986655,936.1098781986655,936.1098781986655,3836,1918,0,0,3836,1918,2278584,1139292,3284000.0,3284000.0,1712.2002085505735,False,True,3836,1918,0,0,3836,1918,1.52587890625e-06,5.695792938538892,0.30797478232520836,0.30797478232520836,0.30797478232520836,False,-1.7820299545494632e-05,1.52587890625e-06,True
trial,594,594,593,936.1098963894455,936.1098963894455,936.1098781986655,936.1098781986655,3836,1918,0,0,3836,1918,2282420,1141210,3284000.0,3284000.0,1712.2002085505735,False,True,3836,1918,0,0,3836,1918,3.0517578125e-06,5.61284027158078,-0.6372928456458936,-0.6372928456458936,-0.6372928456458936,False,-2.8543832119358957e-05,3.0517578125e-06,False
trial,595,595,595,936.1098746698481,936.1098746698481,936.1098746698481,936.1098746698481,3836,1918,0,0,3836,1918,2286256,1143128,3284000.0,3284000.0,1712.2002085505735,False,True,3836,1918,0,0,3836,1918,1.52587890625e-06,5.61284027158078,0.22557292668431644,0.22557292668431644,0.22557292668431644,False,-1.564379839151058e-05,1.52587890625e-06,True
trial,596,596,595,936.1098849382682,936.1098849382682,936.1098746698481,936.1098746698481,3836,1918,0,0,3836,1918,2290092,1145046,3284000.0,3284000.0,1712.2002085505735,False,True,3836,1918,0,0,3836,1918,3.0517578125e-06,5.647031509137541,-0.31588587220736714,-0.31588587220736714,-0.31588587220736714,False,-3.250674079696537e-05,3.0517578125e-06,False
trial,597,597,597,936.1098694270617,936.1098694270617,936.1098694270617,936.1098694270617,3836,1918,0,0,3836,1918,2293928,1146964,3284000.0,3284000.0,1712.2002085505735,False,True,3836,1918,0,0,3836,1918,1.52587890625e-06,5.647031509137541,0.2983807660906951,0.2983807660906951,0.2983807660906951,False,-1.7570792124011962e-05,1.52587890625e-06,True
trial,598,598,597,936.1098877935924,936.1098877935924,936.1098694270617,936.1098694270617,3836,1918,0,0,3836,1918,2297764,1148882,3284000.0,3284000.0,1712.2002085505735,False,True,3836,1918,0,0,3836,1918,3.0517578125e-06,5.575235426781715,-0.6335594209573555,-0.6335594209573555,-0.6335594209573555,False,-2.898943673728714e-05,3.0517578125e-06,False
trial,599,599,599,936.1098658965714,936.1098658965714,936.1098658965714,936.1098658965714,3836,1918,0,0,3836,1918,2301600,1150800,3284000.0,3284000.0,1712.2002085505735,False,True,3836,1918,0,0,3836,1918,1.52587890625e-06,5.575235426781715,0.2224638660186543,0.2224638660186543,0.2224638660186543,False,-1.5869949365860045e-05,1.52587890625e-06,True
