phase,nf,x_index,incumbent_index,active_objective,full_objective,incumbent_active_objective,incumbent_full_objective,active_residuals,active_circuits,new_residuals_revealed,new_circuits_revealed,union_residuals_revealed,union_circuits_revealed,cumulative_eval_residuals,cumulative_eval_circuits,cumulative_shots_revealed,cumulative_eval_shots,shots_per_circuit,fpr_enabled,fpr_use_union_mask,fpr_selected_residuals,fpr_selected_circuits,fpr_new_residuals,fpr_new_circuits,fpr_union_residuals,fpr_union_circuits,delta,ng,rho,rho_active,rho_full,rho_uses_full_objective,mdec,step_norm,accepted
initial,0,0,0,17417.19435633334,378242.3711831136,17417.19435633334,378242.3711831136,334,167,334,167,334,167,334,167,167000.0,167000.0,1000.0,True,True,334,167,334,167,334,167,0.1,,,,,False,,,True
trial,1,1,1,13229.479968592274,207044.20684584245,13229.479968592274,207044.20684584245,334,167,0,0,334,167,668,334,167000.0,334000.0,1000.0,True,True,334,167,334,167,334,167,0.1,33612.72071074861,14.538056991707558,14.538056991707558,594.3310454258364,False,-288.05186209750866,0.1,True
trial,2,2,1,53513.53334600598,254535.15002688224,41380.785341989875,207044.20684584245,716,358,382,191,716,358,1384,692,358000.0,692000.0,1000.0,True,True,682,341,382,191,716,358,0.2,241625.3537051816,-0.42057457572552187,-0.42057457572552187,-1.6462456215656325,False,-28848.03006241218,0.2,False
trial,3,3,3,22756.708130769,127443.83844284441,22756.708130769,127443.83844284441,716,358,0,0,716,358,2100,1050,358000.0,1050000.0,1000.0,True,True,682,341,382,191,716,358,0.1,241625.3537051816,0.6880006024790484,0.6880006024790484,2.940553821685257,False,-27069.855962499732,0.1,True
trial,4,4,3,48206.86715687474,185265.19386825844,30233.602339029534,127443.83844284441,846,423,130,65,846,423,2946,1473,423000.0,1473000.0,1000.0,True,True,478,239,130,65,846,423,0.2,391310.76513836125,-0.9854693447360184,-0.9854693447360184,-3.1703295878807736,False,-18238.278962051096,0.2,False
trial,5,5,3,32567.217387662564,129926.81329599624,30233.602339029534,127443.83844284441,846,423,0,0,846,423,3792,1896,423000.0,1896000.0,1000.0,True,True,478,239,130,65,846,423,0.1,391310.76513836125,-0.13397731982540612,-0.13397731982540612,-0.14255235293157195,False,-17417.985758142524,0.1,False
trial,6,6,6,18106.549955164075,79482.52227984546,18106.549955164075,79482.52227984546,846,423,0,0,846,423,4638,2319,423000.0,2319000.0,1000.0,True,True,478,239,130,65,846,423,0.05,391310.76513836125,0.8498916874172077,0.8498916874172077,3.3612392058892584,False,-14268.938693493008,0.05,True
trial,7,7,6,37871.03895084343,126356.5826339917,25424.3348172861,79482.52227984546,1058,529,212,106,1058,529,5696,2848,529000.0,2848000.0,1000.0,True,True,680,340,212,106,1058,529,0.1,205099.7398830333,-0.8137569142628643,-0.8137569142628643,-3.0645936710202437,False,-15295.358989154747,0.1,False
trial,8,8,8,20614.081171476377,75327.27449742022,20614.081171476377,75327.27449742022,1058,529,0,0,1058,529,6754,3377,529000.0,3377000.0,1000.0,True,True,680,340,212,106,1058,529,0.05,205099.7398830333,0.345455790321044,0.345455790321044,0.2984155332240995,False,-13924.368271087274,0.05,True
trial,9,9,8,46676.852172825325,146930.88856362586,22683.746998119368,75327.27449742022,1112,556,54,27,1112,556,7866,3933,556000.0,3933000.0,1000.0,True,True,646,323,54,27,1112,556,0.1,192768.3180108018,-1.3884529821177853,-1.3884529821177853,-4.143617541652886,False,-17280.459247607832,0.1,False
trial,10,10,10,14093.077794941251,54236.92676544738,14093.077794941251,54236.92676544738,1112,556,0,0,1112,556,8978,4489,556000.0,4489000.0,1000.0,True,True,646,323,54,27,1112,556,0.05,192768.3180108018,0.5350410995835843,0.5350410995835843,1.3135417712208395,False,-16056.09215789988,0.05,True
trial,11,11,10,29913.30985357646,80744.41235933994,21386.126158858977,54236.92676544738,1256,628,144,72,1256,628,10234,5117,628000.0,5117000.0,1000.0,True,True,690,345,144,72,1256,628,0.1,318534.210024167,-0.4892494306200381,-0.4892494306200381,-1.520874030427519,False,-17429.113170169185,0.1,False
trial,12,12,10,29387.442818028303,77633.23071893977,21386.126158858977,54236.92676544738,1256,628,0,0,1256,628,11490,5745,628000.0,5745000.0,1000.0,True,True,690,345,144,72,1256,628,0.05,318534.210024167,-0.47429152848856676,-0.47429152848856676,-1.3868553434100717,False,-16870.039160655608,0.05,False
trial,13,13,13,11827.031431932792,35661.71410320251,11827.031431932792,35661.71410320251,1256,628,0,0,1256,628,12746,6373,628000.0,6373000.0,1000.0,True,True,690,345,144,72,1256,628,0.025,318534.210024167,0.6273030824782768,0.6273030824782768,1.2189740235436108,False,-15238.399099142338,0.025,True
trial,14,14,14,14434.721864170302,32174.02341423154,14434.721864170302,32174.02341423154,1366,683,110,55,1366,683,14112,7056,683000.0,7056000.0,1000.0,True,True,676,338,110,55,1366,683,0.05,315091.67648497777,0.12061170508564156,0.12061170508564156,0.423766625290791,False,-8230.215597034568,0.05,True
trial,15,15,14,22418.92495284171,40285.41658837485,17425.716064706558,32174.02341423154,1410,705,44,22,1410,705,15522,7761,705000.0,7761000.0,1000.0,True,True,688,344,44,22,1410,705,0.1,238485.9259452299,-0.4069875497883612,-0.4069875497883612,-0.6611451888502025,False,-12268.701808523836,0.1,False
trial,16,16,14,19826.94894511466,40278.304802061946,17425.716064706558,32174.02341423154,1410,705,0,0,1410,705,16932,8466,705000.0,8466000.0,1000.0,True,True,688,344,44,22,1410,705,0.05,238485.9259452299,-0.22248608749864576,-0.22248608749864576,-0.7509017024871153,False,-10792.732738503106,0.05,False
trial,17,17,17,10770.721107108697,20414.4077037196,10770.721107108697,20414.4077037196,1410,705,0,0,1410,705,18342,9171,705000.0,9171000.0,1000.0,True,True,688,344,44,22,1410,705,0.025,238485.9259452299,0.7566342482569544,0.7566342482569544,1.3369999601210112,False,-8795.524353977977,0.025,True
trial,18,18,17,13453.33194074766,25088.858491425526,10850.560529670376,20414.4077037196,1458,729,48,24,1458,729,19800,9900,729000.0,9900000.0,1000.0,True,True,688,344,48,24,1458,729,0.05,295504.49588470976,-0.37558068933623984,-0.37558068933623984,-0.6745246400214097,False,-6929.99263534325,0.05,False
trial,19,19,19,10667.722641872417,20232.07951678613,10667.722641872417,20232.07951678613,1458,729,0,0,1458,729,21258,10629,729000.0,10629000.0,1000.0,True,True,688,344,48,24,1458,729,0.025,295504.49588470976,0.02901747761997173,0.02901747761997173,0.02893658501283057,False,-6300.957312434296,0.025,True
trial,20,20,20,5741.2778108886,11298.019669016565,5741.2778108886,11298.019669016565,1480,740,22,11,1480,740,22738,11369,740000.0,11369000.0,1000.0,True,True,676,338,22,11,1480,740,0.0125,269409.38333677064,0.9972524078609304,0.9972524078609304,1.8025572812086903,False,-4956.325072665043,0.0125,True
trial,21,21,21,5451.102211734597,10423.61338290437,5451.102211734597,10423.61338290437,1510,755,30,15,1510,755,24248,12124,755000.0,12124000.0,1000.0,True,True,692,346,30,15,1510,755,0.025,149652.120216374,0.10562201113999109,0.10562201113999109,0.3044974693695069,False,-2871.637284614359,0.025,True
trial,22,22,21,6775.354647556693,12989.29222356763,5503.919685284295,10423.61338290437,1542,771,32,16,1542,771,25790,12895,771000.0,12895000.0,1000.0,True,True,694,347,32,16,1542,771,0.05,328446.3177290049,-0.28960089785014287,-0.28960089785014287,-0.5843970929690429,False,-4390.300484946409,0.05,False
trial,23,23,23,5139.561585615304,10594.088875846071,5139.561585615304,10594.088875846071,1542,771,0,0,1542,771,27332,13666,771000.0,13666000.0,1000.0,True,True,694,347,32,16,1542,771,0.025,328446.3177290049,0.08411041748069872,0.08411041748069872,-0.03935349562581631,False,-4331.902166014131,0.025,True
trial,24,24,23,8565.447974488881,13984.929203295502,5147.003832159192,10594.088875846071,1572,786,30,15,1572,786,28904,14452,786000.0,14452000.0,1000.0,True,True,688,344,30,15,1572,786,0.05,595595.8926068747,-0.8267358376251153,-0.8267358376251153,-0.8200599751372388,False,-4134.86870503827,0.05,False
trial,25,25,25,3973.0526567553334,7199.717666036774,3973.0526567553334,7199.717666036774,1572,786,0,0,1572,786,30476,15238,786000.0,15238000.0,1000.0,True,True,688,344,30,15,1572,786,0.025,595595.8926068747,0.2846142858040465,0.2846142858040465,0.8229358749109313,False,-4124.70924320401,0.025,True
trial,26,26,26,3579.5176361488857,7700.062127637589,3579.5176361488857,7700.062127637589,1572,786,0,0,1572,786,32048,16024,786000.0,16024000.0,1000.0,True,True,694,347,0,0,1572,786,0.05,269082.4255888286,0.11558334787061178,0.11558334787061178,-0.14695385399556332,False,-3404.7726411851745,0.04982391958032167,True
trial,27,27,26,4229.867261493393,6459.217466972139,3588.784911034205,7700.062127637589,1594,797,22,11,1594,797,33642,16821,797000.0,16821000.0,1000.0,True,True,688,344,22,11,1594,797,0.1,337349.84806181694,-0.2033623207744952,-0.2033623207744952,0.39361721584258635,False,-3152.4146066865196,0.07534709406366533,False
trial,28,28,28,2263.1360858913695,3772.6635311876844,2263.1360858913695,3772.6635311876844,1594,797,0,0,1594,797,35236,17618,797000.0,17618000.0,1000.0,True,True,688,344,22,11,1594,797,0.05,337349.84806181694,0.4205393442941569,0.4205393442941569,1.2458998184190115,False,-3152.2587437516354,0.049761885965409654,True
trial,29,29,28,4127.92532906623,6374.719272559171,2269.2446723607623,3772.6635311876844,1618,809,24,12,1618,809,36854,18427,809000.0,18427000.0,1000.0,True,True,690,345,24,12,1618,809,0.1,78754.04830314798,-1.0523674096623579,-1.0523674096623579,-1.4732593522535917,False,-1766.1898683291683,0.08856653001104255,False
trial,30,30,30,1755.5047557273422,3099.2613413745803,1755.5047557273422,3099.2613413745803,1618,809,0,0,1618,809,38472,19236,809000.0,19236000.0,1000.0,True,True,690,345,24,12,1618,809,0.05,78754.04830314798,0.29091701057308494,0.29091701057308494,0.3813294346633086,False,-1765.932887944196,0.04920663724291136,True
trial,31,31,30,5558.054243907217,8140.960780269954,1756.1061783551543,3099.2613413745803,1628,814,10,5,1628,814,40100,20050,814000.0,20050000.0,1000.0,True,True,694,347,10,5,1628,814,0.1,72200.00030072492,-2.919334801663501,-2.919334801663501,-3.871280821758784,False,-1302.3336903275463,0.09198479238985241,False
trial,32,32,30,3177.8620946279584,4876.135676029644,1756.1061783551543,3099.2613413745803,1628,814,0,0,1628,814,41728,20864,814000.0,20864000.0,1000.0,True,True,694,347,10,5,1628,814,0.05,72200.00030072492,-1.0918066642506907,-1.0918066642506907,-1.3645121626771313,False,-1302.2048342675746,0.05,False
trial,33,33,33,1169.61140645033,2066.8255271658354,1169.61140645033,2066.8255271658354,1628,814,0,0,1628,814,43356,21678,814000.0,21678000.0,1000.0,True,True,694,347,10,5,1628,814,0.025,72200.00030072492,0.45059455686151584,0.45059455686151584,0.7932039303273473,False,-1301.6019900237623,0.025,True
trial,34,34,33,2203.766612739198,3484.071716347461,1171.6782339773508,2066.8255271658354,1638,819,10,5,1638,819,44994,22497,819000.0,22497000.0,1000.0,True,True,692,346,10,5,1638,819,0.05,56574.67227549046,-1.4154314830000678,-1.4154314830000678,-1.9436464130485358,False,-729.168731342821,0.043055582884660534,False
trial,35,35,35,972.5764633134006,1789.2850631423494,972.5764633134006,1789.2850631423494,1638,819,0,0,1638,819,46632,23316,819000.0,23316000.0,1000.0,True,True,692,346,10,5,1638,819,0.025,56574.67227549046,0.27310434278139145,0.27310434278139145,0.38069729751580067,False,-729.0318734452452,0.025,True
trial,36,36,35,2995.6345845608553,4498.099926834677,972.5764633134006,1789.2850631423494,1638,819,0,0,1638,819,48270,24135,819000.0,24135000.0,1000.0,True,True,692,346,0,0,1638,819,0.05,44914.29242785392,-3.759450538231128,-3.759450538231128,-5.033792845752337,False,-538.1260108822527,0.049548982361552175,False
trial,37,37,37,725.8725211203393,1424.7031251310968,725.8725211203393,1424.7031251310968,1638,819,0,0,1638,819,49908,24954,819000.0,24954000.0,1000.0,True,True,692,346,0,0,1638,819,0.025,44914.29242785392,0.45890899662063234,0.45890899662063234,0.6781810208278675,False,-537.5879401139846,0.024701955277154443,True
trial,38,38,38,424.92501144337916,1051.4218446351133,424.92501144337916,1051.4218446351133,1638,819,0,0,1638,819,51546,25773,819000.0,25773000.0,1000.0,True,True,692,346,0,0,1638,819,0.05,34552.86962460571,1.0026251306224438,1.0026251306224438,1.2436095351575895,False,-300.1595516463144,0.010566550581815907,True
trial,39,39,38,833.1103297248968,1591.3586818363492,424.92501144337916,1051.4218446351133,1638,819,0,0,1638,819,53184,26592,819000.0,26592000.0,1000.0,True,True,690,345,0,0,1638,819,0.025,7652.366660840208,-48.7147522113694,-48.7147522113694,-64.43859701957263,False,-8.379090516778867,0.024398491813854836,False
trial,40,40,38,513.3762641452835,1172.2912930790862,424.92501144337916,1051.4218446351133,1638,819,0,0,1638,819,54822,27411,819000.0,27411000.0,1000.0,True,True,690,345,0,0,1638,819,0.0125,7652.366660840208,-10.704055662311601,-10.704055662311601,-14.627190282736764,False,-8.263340129418083,0.0125,False
trial,41,41,38,433.7562385779851,1066.9254964192091,424.92501144337916,1051.4218446351133,1638,819,0,0,1638,819,56460,28230,819000.0,28230000.0,1000.0,True,True,690,345,0,0,1638,819,0.00625,7652.366660840208,-1.087169681128475,-1.087169681128475,-1.90857962427376,False,-8.123135962952126,0.00625,False
trial,42,42,42,419.22037586087066,1046.4120801794784,419.22037586087066,1046.4120801794784,1638,819,0,0,1638,819,58098,29049,819000.0,29049000.0,1000.0,True,True,690,345,0,0,1638,819,0.003125,7652.366660840208,0.7265365320973524,0.7265365320973524,0.6380384586496332,False,-7.851822077054355,0.003125,True
trial,43,43,42,431.49201213881395,1063.2083067124622,419.22037586087066,1046.4120801794784,1638,819,0,0,1638,819,59736,29868,819000.0,29868000.0,1000.0,True,True,690,345,0,0,1638,819,0.00625,2309.2621848048675,-4.984410154865884,-4.984410154865884,-6.82217759704199,False,-2.462003706890666,0.00625,False
trial,44,44,42,419.59797199511604,1047.3333222564452,419.22037586087066,1046.4120801794784,1638,819,0,0,1638,819,61374,30687,819000.0,30687000.0,1000.0,True,True,690,345,0,0,1638,819,0.003125,2309.2621848048675,-0.16803840068186576,-0.16803840068186576,-0.4099725373611504,False,-2.247082409218198,0.003125,False
trial,45,45,45,417.76009871327886,1044.464191581244,417.76009871327886,1044.464191581244,1638,819,0,0,1638,819,63012,31506,819000.0,31506000.0,1000.0,True,True,690,345,0,0,1638,819,0.0015625,2309.2621848048675,0.7367655695511842,0.7367655695511842,0.9827841618059691,False,-1.982010571532752,0.0015625,True
trial,46,46,45,418.9865153498653,1046.237756437611,417.76009871327886,1044.464191581244,1638,819,0,0,1638,819,64650,32325,819000.0,32325000.0,1000.0,True,True,690,345,0,0,1638,819,0.003125,755.1761885911701,-1.5231989875478062,-1.5231989875478062,-2.2027524032029118,False,-0.8051585161311141,0.003125,False
trial,47,47,47,417.5248120769363,1044.117570290675,417.5248120769363,1044.117570290675,1638,819,0,0,1638,819,66288,33144,819000.0,33144000.0,1000.0,True,True,690,345,0,0,1638,819,0.0015625,755.1761885911701,0.4014561587608752,0.4014561587608752,0.5914201249149744,False,-0.5860830160602855,0.0015625,True
trial,48,48,47,419.66082729196546,1047.2357281067505,417.5248120769363,1044.117570290675,1638,819,0,0,1638,819,67926,33963,819000.0,33963000.0,1000.0,True,True,690,345,0,0,1638,819,0.003125,573.2964412420135,-3.6953614872785603,-3.6953614872785603,-5.394493552155881,False,-0.5780260530349928,0.003125,False
trial,49,49,47,417.6756541058756,1044.3195619599985,417.5248120769363,1044.117570290675,1638,819,0,0,1638,819,69564,34782,819000.0,34782000.0,1000.0,True,True,690,345,0,0,1638,819,0.0015625,573.2964412420135,-0.43708459189590654,-0.43708459189590654,-0.5852973933952121,False,-0.345109463330622,0.0015625,False
trial,50,50,50,417.43647396768654,1043.8519896346647,417.43647396768654,1043.8519896346647,1638,819,0,0,1638,819,71202,35601,819000.0,35601000.0,1000.0,True,True,690,345,0,0,1638,819,0.00078125,573.2964412420135,0.4154902226862191,0.4154902226862191,1.249134341271513,False,-0.21261176419183564,0.00078125,True
trial,51,51,50,417.66744031297674,1044.1117583455366,417.43647396768654,1043.8519896346647,1638,819,0,0,1638,819,72840,36420,819000.0,36420000.0,1000.0,True,True,690,345,0,0,1638,819,0.0015625,212.41689812047937,-1.163142808497979,-1.163142808497979,-1.3081910593674069,False,-0.19857092663321058,0.0015625,False
trial,52,52,52,417.40692622322695,1043.7232101756085,417.40692622322695,1043.7232101756085,1638,819,0,0,1638,819,74478,37239,819000.0,37239000.0,1000.0,True,True,690,345,0,0,1638,819,0.00078125,212.41689812047937,0.2290705562053866,0.2290705562053866,0.9983700229361311,False,-0.1289897093238774,0.00078125,True
trial,53,53,52,417.73738869001534,1044.4045253216145,417.40692622322695,1043.7232101756085,1638,819,0,0,1638,819,76116,38058,819000.0,38058000.0,1000.0,True,True,690,345,0,0,1638,819,0.0015625,203.4582839564684,-2.228232236978163,-2.228232236978163,-4.593950976115478,False,-0.14830701275399802,0.0015625,False
trial,54,54,52,417.4329315197567,1043.8152769892108,417.40692622322695,1043.7232101756085,1638,819,0,0,1638,819,77754,38877,819000.0,38877000.0,1000.0,True,True,690,345,0,0,1638,819,0.00078125,203.4582839564684,-0.2937021861546114,-0.2937021861546114,-1.039796812019477,False,-0.08854308124245558,0.00078125,False
trial,55,55,55,417.38748316322466,1043.699067779182,417.38748316322466,1043.699067779182,1638,819,0,0,1638,819,79392,39696,819000.0,39696000.0,1000.0,True,True,690,345,0,0,1638,819,0.000390625,203.4582839564684,0.3403615292172759,0.3403615292172759,0.4226260149228648,False,-0.057124728658380544,0.000390625,True
trial,56,56,55,417.423016374971,1043.7747196159203,417.38748316322466,1043.699067779182,1638,819,0,0,1638,819,81030,40515,819000.0,40515000.0,1000.0,True,True,690,345,0,0,1638,819,0.00078125,72.4961934550576,-0.8071770864902881,-0.8071770864902881,-1.718517020130706,False,-0.04402158131226117,0.00078125,False
trial,57,57,57,417.3860076226085,1043.6928651938838,417.3860076226085,1043.6928651938838,1638,819,0,0,1638,819,82668,41334,819000.0,41334000.0,1000.0,True,True,690,345,0,0,1638,819,0.000390625,72.4961934550576,0.04781484349859188,0.04781484349859188,0.20099456570144802,False,-0.030859467651031598,0.000390625,True
trial,58,58,58,417.3750937874079,1043.6738538370205,417.3750937874079,1043.6738538370205,1638,819,0,0,1638,819,84306,42153,819000.0,42153000.0,1000.0,True,True,690,345,0,0,1638,819,0.0001953125,77.7009274601761,0.5625841594131151,0.5625841594131151,0.9799935608024005,False,-0.019399471204419146,0.0001953125,True
trial,59,59,58,417.3855289347981,1043.6551203562924,417.3750937874079,1043.6738538370205,1638,819,0,0,1638,819,85944,42972,819000.0,42972000.0,1000.0,True,True,690,345,0,0,1638,819,0.000390625,17.45725236213055,-1.0760651674774653,-1.0760651674774653,1.931783550653074,False,-0.009697505044886878,0.000390625,False
trial,60,60,60,417.37496182167354,1043.6544323724797,417.37496182167354,1043.6544323724797,1638,819,0,0,1638,819,87582,43791,819000.0,43791000.0,1000.0,True,True,690,345,0,0,1638,819,0.0001953125,17.45725236213055,0.024684435749089174,0.024684435749089174,3.632821019839654,False,-0.00534611103456255,0.0001953125,True
trial,61,61,61,417.373455720782,1043.657572663556,417.373455720782,1043.657572663556,1638,819,0,0,1638,819,89220,44610,819000.0,44610000.0,1000.0,True,True,690,345,0,0,1638,819,9.765625e-05,21.88655680351162,0.49760311461900236,0.49760311461900236,-1.037525858417636,False,-0.003026711142501712,9.765625e-05,True
trial,62,62,61,417.37700473991436,1043.663041231383,417.373455720782,1043.657572663556,1638,819,0,0,1638,819,90858,45429,819000.0,45429000.0,1000.0,True,True,690,345,0,0,1638,819,0.0001953125,9.090273048035325,-1.7085312628415437,-1.7085312628415437,-2.6326200977762544,False,-0.0020772339433088663,0.0001953125,False
trial,63,63,61,417.3740450890699,1043.656723849664,417.373455720782,1043.657572663556,1638,819,0,0,1638,819,92496,46248,819000.0,46248000.0,1000.0,True,True,690,345,0,0,1638,819,9.765625e-05,9.090273048035325,-0.47356690078136354,-0.47356690078136354,0.6820356174121697,False,-0.0012445301539461085,9.765625e-05,False
trial,64,64,64,417.3732631966752,1043.6562220104306,417.3732631966752,1043.6562220104306,1638,819,0,0,1638,819,94134,47067,819000.0,47067000.0,1000.0,True,True,690,345,0,0,1638,819,4.8828125e-05,9.090273048035325,0.2506501365025671,0.2506501365025671,1.7584363639917517,False,-0.0007680989503435114,4.8828125e-05,True
trial,65,65,64,417.37405757755835,1043.6599975091544,417.3732631966752,1043.6562220104306,1638,819,0,0,1638,819,95772,47886,819000.0,47886000.0,1000.0,True,True,690,345,0,0,1638,819,9.765625e-05,6.849508584997729,-1.0639792919387043,-1.0639792919387043,-5.056834251986391,False,-0.0007466131052926662,9.765625e-05,False
trial,66,66,64,417.37331044462655,1043.6593875850915,417.3732631966752,1043.6562220104306,1638,819,0,0,1638,819,97410,48705,819000.0,48705000.0,1000.0,True,True,690,345,0,0,1638,819,4.8828125e-05,6.849508584997729,-0.10461360706287305,-0.10461360706287305,-7.009027362822093,False,-0.0004516425028797493,4.8828125e-05,False
trial,67,67,67,417.3731489236929,1043.657249343691,417.3731489236929,1043.657249343691,1638,819,0,0,1638,819,99048,49524,819000.0,49524000.0,1000.0,True,True,690,345,0,0,1638,819,2.44140625e-05,6.849508584997729,0.43013659984195546,0.43013659984195546,-3.867000112867426,False,-0.00026566672627255773,2.44140625e-05,True
trial,68,68,67,417.3732785693277,1043.6556443195793,417.3731489236929,1043.657249343691,1638,819,0,0,1638,819,100686,50343,819000.0,50343000.0,1000.0,True,True,690,345,0,0,1638,819,4.8828125e-05,3.4538912624175415,-0.6231127245952194,-0.6231127245952194,7.714189135457642,False,-0.00020806128597377184,4.8828125e-05,False
trial,69,69,69,417.3731319099347,1043.6569361676964,417.3731319099347,1043.6569361676964,1638,819,0,0,1638,819,102324,51162,819000.0,51162000.0,1000.0,True,True,690,345,0,0,1638,819,2.44140625e-05,3.4538912624175415,0.14021405080607502,0.14021405080607502,2.580950922432038,False,-0.00012134132114320735,2.44140625e-05,True
trial,70,70,69,417.3733067710583,1043.659734964337,417.3731319099347,1043.6569361676964,1638,819,0,0,1638,819,103962,51981,819000.0,51981000.0,1000.0,True,True,690,345,0,0,1638,819,4.8828125e-05,3.2190324147177605,-0.7880858801324083,-0.7880858801324083,-12.613965121129866,False,-0.00022188079750036933,4.8828125e-05,False
trial,71,71,69,417.373132862833,1043.6588515194603,417.3731319099347,1043.6569361676964,1638,819,0,0,1638,819,105600,52800,819000.0,52800000.0,1000.0,True,True,690,345,0,0,1638,819,2.44140625e-05,3.2190324147177605,-0.007248517441407156,-0.007248517441407156,-14.569719362915485,False,-0.00013146112950056943,2.44140625e-05,False
trial,72,72,72,417.3730924847745,1043.6585375700183,417.3730924847745,1043.6585375700183,1638,819,0,0,1638,819,107238,53619,819000.0,53619000.0,1000.0,True,True,690,345,0,0,1638,819,1.220703125e-05,3.2190324147177605,0.5333533870449685,0.5333533870449685,-21.66416945330662,False,-7.391939605247099e-05,1.220703125e-05,True
trial,73,73,72,417.37311570522667,1043.6608549435887,417.3730924847745,1043.6585375700183,1638,819,0,0,1638,819,108876,54438,819000.0,54438000.0,1000.0,True,True,690,345,0,0,1638,819,2.44140625e-05,1.4046442446454432,-0.42176649361880963,-0.42176649361880963,-42.09179550349404,False,-5.5055232085718e-05,2.44140625e-05,False
trial,74,74,74,417.37308501307064,1043.659844154774,417.37308501307064,1043.659844154774,1638,819,0,0,1638,819,110514,55257,819000.0,55257000.0,1000.0,True,True,690,345,0,0,1638,819,1.220703125e-05,1.4046442446454432,0.2607269175399089,0.2607269175399089,-45.59359192957131,False,-2.8657201600991208e-05,1.220703125e-05,True
trial,75,75,74,417.3731112867139,1043.6598411453047,417.37308501307064,1043.659844154774,1638,819,0,0,1638,819,112152,56076,819000.0,56076000.0,1000.0,True,True,690,345,0,0,1638,819,2.44140625e-05,1.1751492573710602,-0.5350718043402037,-0.5350718043402037,0.061288880228989956,False,-4.9103023239386585e-05,2.44140625e-05,False
trial,76,76,76,417.3730848313401,1043.6588541108813,417.3730848313401,1043.6588541108813,1638,819,0,0,1638,819,113790,56895,819000.0,56895000.0,1000.0,True,True,690,345,0,0,1638,819,1.220703125e-05,1.1751492573710602,0.006776675185661059,0.006776675185661059,36.9184335540549,False,-2.6817061217428473e-05,1.220703125e-05,True
trial,77,77,77,417.3730720161964,1043.6589523441837,417.3730720161964,1043.6589523441837,1638,819,0,0,1638,819,115428,57714,819000.0,57714000.0,1000.0,True,True,690,345,0,0,1638,819,6.103515625e-06,1.7202114030898752,0.5816001975654188,0.5816001975654188,-4.4582026718503,False,-2.2034283691101876e-05,6.103515625e-06,True
trial,78,78,77,417.3730720754663,1043.6599625615927,417.3730720161964,1043.6589523441837,1638,819,0,0,1638,819,117066,58533,819000.0,58533000.0,1000.0,True,True,690,345,0,0,1638,819,1.220703125e-05,0.8376484314190135,-0.003080619998169719,-0.003080619998169719,-52.50714594011521,False,-1.923961759657215e-05,1.220703125e-05,False
trial,79,79,79,417.37306733793514,1043.659484412732,417.37306733793514,1043.659484412732,1638,819,0,0,1638,819,118704,59352,819000.0,59352000.0,1000.0,True,True,690,345,0,0,1638,819,6.103515625e-06,0.8376484314190135,0.4602445947547639,0.4602445947547639,-52.34459152023366,False,-1.0164728250412019e-05,6.103515625e-06,True
trial,80,80,79,417.37307628759385,1043.6615167474947,417.37306733793514,1043.659484412732,1638,819,0,0,1638,819,120342,60171,819000.0,60171000.0,1000.0,True,True,690,345,0,0,1638,819,1.220703125e-05,0.5913220352057611,-0.7486641187163094,-0.7486641187163094,-170.0105181690951,False,-1.1954170746041715e-05,1.220703125e-05,False
trial,81,81,81,417.3730668658055,1043.6610060351254,417.3730668658055,1043.6610060351254,1638,819,0,0,1638,819,121980,60990,819000.0,60990000.0,1000.0,True,True,690,345,0,0,1638,819,6.103515625e-06,0.5913220352057611,0.07434064180347645,0.07434064180347645,-239.59180286792719,False,-6.350895044393735e-06,6.103515625e-06,True
trial,82,82,81,417.3730688804459,1043.6604612841563,417.3730668658055,1043.6610060351254,1638,819,0,0,1638,819,123618,61809,819000.0,61809000.0,1000.0,True,True,690,345,0,0,1638,819,1.220703125e-05,0.7984944448580039,-0.10087318911851213,-0.10087318911851213,27.275720598963108,False,-1.9972010165869487e-05,1.220703125e-05,False
trial,83,83,83,417.3730629360807,1043.6610167019421,417.3730629360807,1043.6610167019421,1638,819,0,0,1638,819,125256,62628,819000.0,62628000.0,1000.0,True,True,690,345,0,0,1638,819,6.103515625e-06,0.7984944448580039,0.3699566902633166,0.3699566902633166,-1.004207773545804,False,-1.0622121225668026e-05,6.103515625e-06,True
trial,84,84,83,417.37307222346243,1043.6620652684644,417.3730629360807,1043.6610167019421,1638,819,0,0,1638,819,126894,63447,819000.0,63447000.0,1000.0,True,True,690,345,0,0,1638,819,1.220703125e-05,0.7520798538600814,-0.6846228659883117,-0.6846228659883117,-77.29547892802069,False,-1.3565690216660134e-05,1.220703125e-05,False
trial,85,85,85,417.37306266735436,1043.6618534656427,417.37306266735436,1043.6618534656427,1638,819,0,0,1638,819,128532,64266,819000.0,64266000.0,1000.0,True,True,690,345,0,0,1638,819,6.103515625e-06,0.7520798538600814,0.03467653134444121,0.03467653134444121,-107.97624553436358,False,-7.749516539025062e-06,6.103515625e-06,True
trial,86,86,86,417.3730580284865,1043.6617296726108,417.3730580284865,1043.6617296726108,1638,819,0,0,1638,819,130170,65085,819000.0,65085000.0,1000.0,True,True,690,345,0,0,1638,819,3.0517578125e-06,0.9888665984907173,0.6754943873955994,0.6754943873955994,18.02627304824899,False,-6.8673669569976935e-06,3.0517578125e-06,True
trial,87,87,87,417.3730576611184,1043.6603465281785,417.3730576611184,1043.6603465281785,1638,819,0,0,1638,819,131808,65904,819000.0,65904000.0,1000.0,True,True,690,345,0,0,1638,819,6.103515625e-06,0.3793886779413715,0.07643488105850096,0.07643488105850096,287.7780611616822,False,-4.8062886613221574e-06,6.103515625e-06,True
trial,88,88,88,417.3730574957069,1043.6619534403228,417.3730574957069,1043.6619534403228,1638,819,0,0,1638,819,133446,66723,819000.0,66723000.0,1000.0,True,True,690,345,0,0,1638,819,1.220703125e-05,0.6300979017812356,0.00908776747435074,0.00908776747435074,-88.28432924310489,False,-1.8201555792538126e-05,1.220703125e-05,True
trial,89,89,89,417.3730482113174,1043.660509208577,417.3730482113174,1043.660509208577,1638,819,0,0,1638,819,135084,67542,819000.0,67542000.0,1000.0,True,True,690,345,0,0,1638,819,6.103515625e-06,0.9876158983381325,0.6575966106060441,0.6575966106060441,102.29233677248588,False,-1.4118669994295608e-05,6.103515625e-06,True
trial,90,90,89,417.37305622240626,1043.6590646170896,417.3730482113174,1043.660509208577,1638,819,0,0,1638,819,136722,68361,819000.0,68361000.0,1000.0,True,True,690,345,0,0,1638,819,1.220703125e-05,0.37167921306240853,-0.8639318488444573,-0.8639318488444573,155.78763550896664,False,-9.272825039361167e-06,1.220703125e-05,False
trial,91,91,91,417.3730477749268,1043.66056114427,417.3730477749268,1043.66056114427,1638,819,0,0,1638,819,138360,69180,819000.0,69180000.0,1000.0,True,True,690,345,0,0,1638,819,6.103515625e-06,0.37167921306240853,0.08998661097197992,0.08998661097197992,-10.709482269373662,False,-4.84950549709127e-06,6.103515625e-06,True
trial,92,92,92,417.37304774713687,1043.662341392433,417.37304774713687,1043.662341392433,1638,819,0,0,1638,819,139998,69999,819000.0,69999000.0,1000.0,True,True,690,345,0,0,1638,819,1.220703125e-05,0.6201512985591865,0.0015336802582995932,0.0015336802582995932,-98.24887407193603,False,-1.8119781827273427e-05,1.220703125e-05,True
trial,93,93,93,417.37303834274405,1043.6614769128973,417.37303834274405,1043.6614769128973,1638,819,0,0,1638,819,141636,70818,819000.0,70818000.0,1000.0,True,True,690,345,0,0,1638,819,6.103515625e-06,1.0334009888608988,0.6583725438461728,0.6583725438461728,60.51954680718132,False,-1.4284302862934683e-05,6.103515625e-06,True
trial,94,94,93,417.3730464474797,1043.6607211957762,417.37303834274405,1043.6614769128973,1638,819,0,0,1638,819,143274,71637,819000.0,71637000.0,1000.0,True,True,690,345,0,0,1638,819,1.220703125e-05,0.39212941568538684,-0.8414670735496803,-0.8414670735496803,78.46166779287023,False,-9.631672922533698e-06,1.220703125e-05,False
trial,95,95,95,417.3730380121723,1043.6603119178951,417.3730380121723,1043.6603119178951,1638,819,0,0,1638,819,144912,72456,819000.0,72456000.0,1000.0,True,True,690,345,0,0,1638,819,6.103515625e-06,0.39212941568538684,0.06793933936556297,0.06793933936556297,239.43058383045135,False,-4.8656900200035165e-06,6.103515625e-06,True
trial,96,96,95,417.37303803519734,1043.6609646255467,417.3730380121723,1043.6603119178951,1638,819,0,0,1638,819,146550,73275,819000.0,73275000.0,1000.0,True,True,690,345,0,0,1638,819,1.220703125e-05,0.6309939016192115,-0.0012779111512169782,-0.0012779111512169782,-36.225863174514515,False,-1.8017725305276956e-05,1.220703125e-05,False
trial,97,97,97,417.37303344528925,1043.6614777519721,417.37303344528925,1043.6614777519721,1638,819,0,0,1638,819,148188,74094,819000.0,74094000.0,1000.0,True,True,690,345,0,0,1638,819,6.103515625e-06,0.6309939016192115,0.4957580382159322,0.4957580382159322,-126.55713107735033,False,-9.211919289760518e-06,6.103515625e-06,True
trial,98,98,97,417.3730412680482,1043.6608573825072,417.37303344528925,1043.6614777519721,1638,819,0,0,1638,819,149826,74913,819000.0,74913000.0,1000.0,True,True,690,345,0,0,1638,819,1.220703125e-05,0.36860752912570466,-0.7848257279669463,-0.7848257279669463,62.23915621833544,False,-9.967510851082256e-06,1.220703125e-05,False
trial,99,99,99,417.37303298227863,1043.6612538364113,417.37303298227863,1043.6612538364113,1638,819,0,0,1638,819,151464,75732,819000.0,75732000.0,1000.0,True,True,690,345,0,0,1638,819,6.103515625e-06,0.36860752912570466,0.09104600585384909,0.09104600585384909,44.03056106809363,False,-5.085457813339832e-06,6.103515625e-06,True
trial,100,100,99,417.3730332293645,1043.6626165945136,417.37303298227863,1043.6612538364113,1638,819,0,0,1638,819,153102,76551,819000.0,76551000.0,1000.0,True,True,690,345,0,0,1638,819,1.220703125e-05,0.6128087682702235,-0.013557589806130112,-0.013557589806130112,-74.7744645588448,False,-1.8224912879978207e-05,1.220703125e-05,False
trial,101,101,101,417.37302855538337,1043.6620436341877,417.37302855538337,1043.6620436341877,1638,819,0,0,1638,819,154740,77370,819000.0,77370000.0,1000.0,True,True,690,345,0,0,1638,819,6.103515625e-06,0.6128087682702235,0.47991176401688174,0.47991176401688174,-85.62055840353935,False,-9.224394130712977e-06,6.103515625e-06,True
trial,102,102,101,417.37303680890807,1043.6606369912251,417.37302855538337,1043.6620436341877,1638,819,0,0,1638,819,156378,78189,819000.0,78189000.0,1000.0,True,True,690,345,0,0,1638,819,1.220703125e-05,0.41370592896805386,-0.7871132154028638,-0.7871132154028638,134.14720447255021,False,-1.0485816444133018e-05,1.220703125e-05,False
trial,103,103,103,417.3730282078625,1043.6610698067836,417.3730282078625,1043.6610698067836,1638,819,0,0,1638,819,158016,79008,819000.0,79008000.0,1000.0,True,True,690,345,0,0,1638,819,6.103515625e-06,0.41370592896805386,0.06421791030581796,0.06421791030581796,179.95223952208332,False,-5.411588134061912e-06,6.103515625e-06,True
trial,104,104,103,417.37302910770256,1043.6625213423106,417.3730282078625,1043.6610698067836,1638,819,0,0,1638,819,159654,79827,819000.0,79827000.0,1000.0,True,True,690,345,0,0,1638,819,1.220703125e-05,0.6795656274992086,-0.04767236124757078,-0.04767236124757078,-76.90047150434205,False,-1.8875508804358798e-05,1.220703125e-05,False
trial,105,105,105,417.37302396669435,1043.6616908776014,417.37302396669435,1043.6616908776014,1638,819,0,0,1638,819,161292,80646,819000.0,80646000.0,1000.0,True,True,690,345,0,0,1638,819,6.103515625e-06,0.6795656274992086,0.4353771820820504,0.4353771820820504,-63.756034525338805,False,-9.74136522666217e-06,6.103515625e-06,True
trial,106,106,105,417.3730332299527,1043.660435921781,417.37302396669435,1043.6616908776014,1638,819,0,0,1638,819,162930,81465,819000.0,81465000.0,1000.0,True,True,690,345,0,0,1638,819,1.220703125e-05,0.5830687420522952,-0.8018229711167302,-0.8018229711167302,108.6283430833693,False,-1.1552747511974812e-05,1.220703125e-05,False
trial,107,107,107,417.373023867572,1043.6612587555164,417.373023867572,1043.6612587555164,1638,819,0,0,1638,819,164568,82284,819000.0,82284000.0,1000.0,True,True,690,345,0,0,1638,819,6.103515625e-06,0.5830687420522952,0.01569993075299343,0.01569993075299343,68.44355606105316,False,-6.313553967668409e-06,6.103515625e-06,True
trial,108,108,108,417.3730198118954,1043.6617901269924,417.3730198118954,1043.6617901269924,1638,819,0,0,1638,819,166206,83103,819000.0,83103000.0,1000.0,True,True,690,345,0,0,1638,819,3.0517578125e-06,0.8500313603844585,0.6561017360595063,0.6561017360595063,-85.96192045037543,False,-6.1814751600276e-06,3.0517578125e-06,True
trial,109,109,108,417.37302022458334,1043.6617459487593,417.3730198118954,1043.6617901269924,1638,819,0,0,1638,819,167844,83922,819000.0,83922000.0,1000.0,True,True,690,345,0,0,1638,819,6.103515625e-06,0.41227253411983394,-0.08281594612022797,-0.08281594612022797,8.865444874531683,False,-4.98319415845485e-06,6.103515625e-06,False
trial,110,110,110,417.3730189689386,1043.6611562556122,417.3730189689386,1043.6611562556122,1638,819,0,0,1638,819,169482,84741,819000.0,84741000.0,1000.0,True,True,690,345,0,0,1638,819,3.0517578125e-06,0.41227253411983394,0.31924214193130696,0.31924214193130696,240.05791886996968,False,-2.64049352399424e-06,3.0517578125e-06,True
trial,111,111,110,417.37301929642865,1043.6615418158644,417.3730189689386,1043.6611562556122,1638,819,0,0,1638,819,171120,85560,819000.0,85560000.0,1000.0,True,True,690,345,0,0,1638,819,6.103515625e-06,0.5095741790195064,-0.05142901102334637,-0.05142901102334637,-60.54834970574722,False,-6.367807777945929e-06,6.103515625e-06,False
trial,112,112,112,417.37301755099514,1043.6615483079759,417.37301755099514,1043.6615483079759,1638,819,0,0,1638,819,172758,86379,819000.0,86379000.0,1000.0,True,True,690,345,0,0,1638,819,3.0517578125e-06,0.5095741790195064,0.39789363605250994,0.39789363605250994,-110.01506464522213,False,-3.563624353508241e-06,3.0517578125e-06,True
trial,113,113,112,417.3730185151478,1043.661693209891,417.37301755099514,1043.6615483079759,1638,819,0,0,1638,819,174396,87198,819000.0,87198000.0,1000.0,True,True,690,345,0,0,1638,819,6.103515625e-06,0.49079748876386753,-0.17242486633257623,-0.17242486633257623,-25.91362792276331,False,-5.59172631080438e-06,6.103515625e-06,False
trial,114,114,114,417.37301650179927,1043.6618161192557,417.37301650179927,1043.6618161192557,1638,819,0,0,1638,819,176034,88017,819000.0,88017000.0,1000.0,True,True,690,345,0,0,1638,819,3.0517578125e-06,0.49079748876386753,0.33123593538649,0.33123593538649,-84.54924580610361,False,-3.1675182587558326e-06,3.0517578125e-06,True
trial,115,115,114,417.3730168378355,1043.6617904640038,417.37301650179927,1043.6618161192557,1638,819,0,0,1638,819,177672,88836,819000.0,88836000.0,1000.0,True,True,690,345,0,0,1638,819,6.103515625e-06,0.5280581534775062,-0.0524758209762394,-0.0524758209762394,4.006354839207737,False,-6.403639443978081e-06,6.103515625e-06,False
trial,116,116,116,417.3730150730418,1043.6618289999385,417.3730150730418,1043.6618289999385,1638,819,0,0,1638,819,179310,89655,819000.0,89655000.0,1000.0,True,True,690,345,0,0,1638,819,3.0517578125e-06,0.5280581534775062,0.398774329579081,0.398774329579081,-3.5950718000641677,False,-3.582872194260062e-06,3.0517578125e-06,True
trial,117,117,116,417.37301601949434,1043.6618664905752,417.3730150730418,1043.6618289999385,1638,819,0,0,1638,819,180948,90474,819000.0,90474000.0,1000.0,True,True,690,345,0,0,1638,819,6.103515625e-06,0.4890747335850577,-0.16929042238127404,-0.16929042238127404,-6.7058891171938475,False,-5.5907033443312635e-06,6.103515625e-06,False
trial,118,118,118,417.3730140472386,1043.6610940074497,417.3730140472386,1043.6610940074497,1638,819,0,0,1638,819,182586,91293,819000.0,91293000.0,1000.0,True,True,690,345,0,0,1638,819,3.0517578125e-06,0.4890747335850577,0.32612437418230666,0.32612437418230666,233.66954009555548,False,-3.1454355945881853e-06,3.0517578125e-06,True
trial,119,119,118,417.3730144159839,1043.66120372054,417.3730140472386,1043.6610940074497,1638,819,0,0,1638,819,184224,92112,819000.0,92112000.0,1000.0,True,True,690,345,0,0,1638,819,6.103515625e-06,0.6135319973653334,-0.057735419133274755,-0.057735419133274755,-17.178066202160725,False,-6.386812636831122e-06,6.103515625e-06,False
trial,120,120,120,417.3730126069652,1043.6618048817945,417.3730126069652,1043.6618048817945,1638,819,0,0,1638,819,185862,92931,819000.0,92931000.0,1000.0,True,True,690,345,0,0,1638,819,3.0517578125e-06,0.6135319973653334,0.4002658019705248,0.4002658019705248,-197.55880051455463,False,-3.5982924726856314e-06,3.0517578125e-06,True
trial,121,121,120,417.37301355513114,1043.6614443725712,417.3730126069652,1043.6618048817945,1638,819,0,0,1638,819,187500,93750,819000.0,93750000.0,1000.0,True,True,690,345,0,0,1638,819,6.103515625e-06,0.4880223989972144,-0.17058909929365343,-0.17058909929365343,64.86094858974894,False,-5.558186107265751e-06,6.103515625e-06,False
trial,122,122,122,417.3730115700205,1043.6618514847466,417.3730115700205,1043.6618514847466,1638,819,0,0,1638,819,189138,94569,819000.0,94569000.0,1000.0,True,True,690,345,0,0,1638,819,3.0517578125e-06,0.4880223989972144,0.32856876578039845,0.32856876578039845,-14.766722399653133,False,-3.1559442145387877e-06,3.0517578125e-06,True
trial,123,123,122,417.3730119314231,1043.6622289126522,417.3730115700205,1043.6618514847466,1638,819,0,0,1638,819,190776,95388,819000.0,95388000.0,1000.0,True,True,690,345,0,0,1638,819,6.103515625e-06,0.5243139454093948,-0.056260240827979424,-0.056260240827979424,-58.75492902167214,False,-6.423765831899555e-06,6.103515625e-06,False
trial,124,124,124,417.3730101279286,1043.6618388190018,417.3730101279286,1043.6618388190018,1638,819,0,0,1638,819,192414,96207,819000.0,96207000.0,1000.0,True,True,690,345,0,0,1638,819,3.0517578125e-06,0.5243139454093948,0.4009739013461746,0.4009739013461746,3.521712541539391,False,-3.5964732250037028e-06,3.0517578125e-06,True
trial,125,125,124,417.37301106613745,1043.6620343237564,417.3730101279286,1043.6618388190018,1638,819,0,0,1638,819,194052,97026,819000.0,97026000.0,1000.0,True,True,690,345,0,0,1638,819,6.103515625e-06,0.4872379772190849,-0.1685986324171556,-0.1685986324171556,-35.132725019581265,False,-5.564747810480488e-06,6.103515625e-06,False
trial,126,126,126,417.37300909647035,1043.6620664975371,417.37300909647035,1043.6620664975371,1638,819,0,0,1638,819,195690,97845,819000.0,97845000.0,1000.0,True,True,690,345,0,0,1638,819,3.0517578125e-06,0.4872379772190849,0.3276734162817731,0.3276734162817731,-72.32886572065085,False,-3.147823943736712e-06,3.0517578125e-06,True
trial,127,127,126,417.37300946504394,1043.6621688290375,417.37300909647035,1043.6620664975371,1638,819,0,0,1638,819,197328,98664,819000.0,98664000.0,1000.0,True,True,690,345,0,0,1638,819,6.103515625e-06,0.5247999154267148,-0.05736643521813416,-0.05736643521813416,-15.927330916523053,False,-6.42489949293994e-06,6.103515625e-06,False
trial,128,128,128,417.3730076523503,1043.661825763269,417.3730076523503,1043.661825763269,1638,819,0,0,1638,819,198966,99483,819000.0,99483000.0,1000.0,True,True,690,345,0,0,1638,819,3.0517578125e-06,0.5247999154267148,0.40137917710114246,0.40137917710114246,66.90975648331728,False,-3.5978948477883966e-06,3.0517578125e-06,True
trial,129,129,128,417.3730085772363,1043.6618185876316,417.3730076523503,1043.661825763269,1638,819,0,0,1638,819,200604,100302,819000.0,100302000.0,1000.0,True,True,690,345,0,0,1638,819,6.103515625e-06,0.48739361701388756,-0.16624172067227772,-0.16624172067227772,1.2897700651013955,False,-5.56350126807756e-06,6.103515625e-06,False
trial,130,130,130,417.37300664624104,1043.6613420633946,417.37300664624104,1043.6613420633946,1638,819,0,0,1638,819,202242,101121,819000.0,101121000.0,1000.0,True,True,690,345,0,0,1638,819,3.0517578125e-06,0.48739361701388756,0.32153703370672426,0.32153703370672426,154.58303733639733,False,-3.129061782771144e-06,3.0517578125e-06,True
trial,131,131,130,417.37300703759774,1043.6621474801045,417.37300664624104,1043.6613420633946,1638,819,0,0,1638,819,203880,101940,819000.0,101940000.0,1000.0,True,True,690,345,0,0,1638,819,6.103515625e-06,0.5374443366470525,-0.06089522591240367,-0.06089522591240367,-125.3230917500531,False,-6.42672231160166e-06,6.103515625e-06,False
trial,132,132,132,417.37300518620214,1043.6618374702814,417.37300518620214,1043.6618374702814,1638,819,0,0,1638,819,205518,102759,819000.0,102759000.0,1000.0,True,True,690,345,0,0,1638,819,3.0517578125e-06,0.5374443366470525,0.4035968205288969,0.4035968205288969,-136.94473761617,False,-3.617567899346033e-06,3.0517578125e-06,True
trial,133,133,132,417.3730060954201,1043.6621645128114,417.37300518620214,1043.6618374702814,1638,819,0,0,1638,819,207156,103578,819000.0,103578000.0,1000.0,True,True,690,345,0,0,1638,819,6.103515625e-06,0.49188537535592186,-0.16376863649805704,-0.16376863649805704,-58.907005711991765,False,-5.551844403496031e-06,6.103515625e-06,False
trial,134,134,134,417.373004170555,1043.6620379249894,417.373004170555,1043.6620379249894,1638,819,0,0,1638,819,208794,104397,819000.0,104397000.0,1000.0,True,True,690,345,0,0,1638,819,3.0517578125e-06,0.49188537535592186,0.3241963030991798,0.3241963030991798,-63.985486997008,False,-3.1328152269030924e-06,3.0517578125e-06,True
trial,135,135,134,417.3730045629794,1043.6619646395611,417.373004170555,1043.6620379249894,1638,819,0,0,1638,819,210432,105216,819000.0,105216000.0,1000.0,True,True,690,345,0,0,1638,819,6.103515625e-06,0.5266938153456795,-0.0609142560041002,-0.0609142560041002,11.37576402425596,False,-6.4422423045159795e-06,6.103515625e-06,False
trial,136,136,136,417.37300271083586,1043.6619293988826,417.37300271083586,1043.6619293988826,1638,819,0,0,1638,819,212070,106035,819000.0,106035000.0,1000.0,True,True,690,345,0,0,1638,819,3.0517578125e-06,0.5266938153456795,0.40416753981703263,0.40416753981703263,30.048745552604473,False,-3.611668464650043e-06,3.0517578125e-06,True
trial,137,137,136,417.37300361820746,1043.6621652775466,417.37300271083586,1043.6619293988826,1638,819,0,0,1638,819,213708,106854,819000.0,106854000.0,1000.0,True,True,690,345,0,0,1638,819,6.103515625e-06,0.48391046884257316,-0.16381114535676344,-0.16381114535676344,-42.58404616415618,False,-5.539132261741514e-06,6.103515625e-06,False
trial,138,138,138,417.37300170798324,1043.6618877499752,417.37300170798324,1043.6618877499752,1638,819,0,0,1638,819,215346,107673,819000.0,107673000.0,1000.0,True,True,690,345,0,0,1638,819,3.0517578125e-06,0.48391046884257316,0.3211443571746191,0.3211443571746191,13.337265351276878,False,-3.122747154676183e-06,3.0517578125e-06,True
trial,139,139,138,417.3730021300556,1043.661914394473,417.37300170798324,1043.6618877499752,1638,819,0,0,1638,819,216984,108492,819000.0,108492000.0,1000.0,True,True,690,345,0,0,1638,819,6.103515625e-06,0.5308928333767343,-0.06559177462074894,-0.06559177462074894,-4.1406638513599905,False,-6.434837171636807e-06,6.103515625e-06,False
trial,140,140,140,417.37300023608225,1043.6621972961589,417.37300023608225,1043.6621972961589,1638,819,0,0,1638,819,218622,109311,819000.0,109311000.0,1000.0,True,True,690,345,0,0,1638,819,3.0517578125e-06,0.5308928333767343,0.405671887299965,0.405671887299965,-85.31428788031863,False,-3.6283041367936066e-06,3.0517578125e-06,True
trial,141,141,140,417.3730011317903,1043.6618458811236,417.37300023608225,1043.6621972961589,1638,819,0,0,1638,819,220260,110130,819000.0,110130000.0,1000.0,True,True,690,345,0,0,1638,819,6.103515625e-06,0.48384916458172905,-0.16196869182531282,-0.16196869182531282,63.545518339856024,False,-5.530130912329201e-06,6.103515625e-06,False
trial,142,142,142,417.3729992617182,1043.6613477479232,417.3729992617182,1043.6613477479232,1638,819,0,0,1638,819,221898,110949,819000.0,110949000.0,1000.0,True,True,690,345,0,0,1638,819,3.0517578125e-06,0.48384916458172905,0.3148468353909036,0.3148468353909036,274.5150213027876,False,-3.0947240397275406e-06,3.0517578125e-06,True
trial,143,143,142,417.3729996815718,1043.6619721193897,417.3729992617182,1043.6613477479232,1638,819,0,0,1638,819,223536,111768,819000.0,111768000.0,1000.0,True,True,690,345,0,0,1638,819,6.103515625e-06,0.5499230631586682,-0.06488352487056824,-0.06488352487056824,-96.48939443851668,False,-6.470881801695619e-06,6.103515625e-06,False
trial,144,144,144,417.3729977816846,1043.6620131731465,417.3729977816846,1043.6620131731465,1638,819,0,0,1638,819,225174,112587,819000.0,112587000.0,1000.0,True,True,690,345,0,0,1638,819,3.0517578125e-06,0.5499230631586682,0.40676969659387235,0.40676969659387235,-182.8842404790072,False,-3.6385049997602112e-06,3.0517578125e-06,True
trial,145,145,144,417.3729986726872,1043.6620911965385,417.3729977816846,1043.6620131731465,1638,819,0,0,1638,819,226812,113406,819000.0,113406000.0,1000.0,True,True,690,345,0,0,1638,819,6.103515625e-06,0.48078359888501715,-0.16145167259111734,-0.16145167259111734,-14.138014352351476,False,-5.518695204452205e-06,6.103515625e-06,False
trial,146,146,146,417.37299679015837,1043.662088939501,417.37299679015837,1043.662088939501,1638,819,0,0,1638,819,228450,114225,819000.0,114225000.0,1000.0,True,True,690,345,0,0,1638,819,3.0517578125e-06,0.48078359888501715,0.31868553338702943,0.31868553338702943,-24.351994159246647,False,-3.1112997970154475e-06,3.0517578125e-06,True
trial,147,147,146,417.37299722985165,1043.6618880838146,417.37299679015837,1043.662088939501,1638,819,0,0,1638,819,230088,115044,819000.0,115044000.0,1000.0,True,True,690,345,0,0,1638,819,6.103515625e-06,0.533703337743684,-0.0680482085611744,-0.0680482085611744,31.085009109040726,False,-6.461496785776553e-06,6.103515625e-06,False
trial,148,148,148,417.3729953067912,1043.662020286098,417.3729953067912,1043.662020286098,1638,819,0,0,1638,819,231726,115863,819000.0,115863000.0,1000.0,True,True,690,345,0,0,1638,819,3.0517578125e-06,0.533703337743684,0.4075891562702249,0.4075891562702249,18.864097477456102,False,-3.6393685511186483e-06,3.0517578125e-06,True
trial,149,149,148,417.37299621177226,1043.6612951436905,417.3729953067912,1043.662020286098,1638,819,0,0,1638,819,233364,116682,819000.0,116682000.0,1000.0,True,True,690,345,0,0,1638,819,6.103515625e-06,0.48000435785390067,-0.1650269492639664,-0.1650269492639664,132.23264649043017,False,-5.4838379678869105e-06,6.103515625e-06,False
trial,150,150,150,417.3729943191439,1043.6620604239909,417.3729943191439,1043.6620604239909,1638,819,0,0,1638,819,235002,117501,819000.0,117501000.0,1000.0,True,True,690,345,0,0,1638,819,3.0517578125e-06,0.48000435785390067,0.3181821817349328,0.3181821817349328,-12.930893832756178,False,-3.104030816225776e-06,3.0517578125e-06,True
trial,151,151,150,417.3729948192854,1043.6611862124719,417.3729943191439,1043.6620604239909,1638,819,0,0,1638,819,236640,118320,819000.0,118320000.0,1000.0,True,True,690,345,0,0,1638,819,6.103515625e-06,0.5325028192134019,-0.07805265843212625,-0.07805265843212625,136.43046126515517,False,-6.407744361994839e-06,6.103515625e-06,False
trial,152,152,152,417.37299283383584,1043.6622325788085,417.37299283383584,1043.6622325788085,1638,819,0,0,1638,819,238278,119139,819000.0,119139000.0,1000.0,True,True,690,345,0,0,1638,819,3.0517578125e-06,0.5325028192134019,0.4082603195748435,0.4082603195748435,-47.31946322119701,False,-3.638139697707144e-06,3.0517578125e-06,True
trial,153,153,152,417.3729937012929,1043.6620576005967,417.37299283383584,1043.6622325788085,1638,819,0,0,1638,819,239916,119958,819000.0,119958000.0,1000.0,True,True,690,345,0,0,1638,819,6.103515625e-06,0.4783925852299194,-0.15761460427279056,-0.15761460427279056,31.79306833339506,False,-5.503659161861506e-06,6.103515625e-06,False
trial,154,154,154,417.372991860301,1043.6619098509009,417.372991860301,1043.6619098509009,1638,819,0,0,1638,819,241554,120777,819000.0,120777000.0,1000.0,True,True,690,345,0,0,1638,819,3.0517578125e-06,0.4783925852299194,0.3146412305426331,0.3146412305426331,104.30392622400643,False,-3.094110828523842e-06,3.0517578125e-06,True
trial,155,155,154,417.37299230991357,1043.6619147127626,417.372991860301,1043.6619098509009,1638,819,0,0,1638,819,243192,121596,819000.0,121596000.0,1000.0,True,True,690,345,0,0,1638,819,6.103515625e-06,0.5462599242272681,-0.0692149060703212,-0.0692149060703212,-0.7484517209776292,False,-6.495892239124484e-06,6.103515625e-06,False
trial,156,156,156,417.3729903657537,1043.661859232625,417.3729903657537,1043.661859232625,1638,819,0,0,1638,819,244830,122415,819000.0,122415000.0,1000.0,True,True,690,345,0,0,1638,819,3.0517578125e-06,0.5462599242272681,0.40940314353740953,0.40940314353740953,13.865925435191388,False,-3.6505515769740925e-06,3.0517578125e-06,True
trial,157,157,156,417.37299112049163,1043.6619601819166,417.3729903657537,1043.661859232625,1638,819,0,0,1638,819,246468,123234,819000.0,123234000.0,1000.0,True,True,690,345,0,0,1638,819,6.103515625e-06,0.47632378600151426,-0.13749833470969358,-0.13749833470969358,-18.39096595665074,False,-5.489069573705761e-06,6.103515625e-06,False
trial,158,158,158,417.3729893939392,1043.6619755820482,417.3729893939392,1043.6619755820482,1638,819,0,0,1638,819,248106,124053,819000.0,124053000.0,1000.0,True,True,690,345,0,0,1638,819,3.0517578125e-06,0.47632378600151426,0.31429295631452836,0.31429295631452836,-37.6283777376411,False,-3.092065888747064e-06,3.0517578125e-06,True
trial,159,159,158,417.3729898580585,1043.6620704814504,417.3729893939392,1043.6619755820482,1638,819,0,0,1638,819,249744,124872,819000.0,124872000.0,1000.0,True,True,690,345,0,0,1638,819,6.103515625e-06,0.5384387210370581,-0.07132741872271176,-0.07132741872271176,-14.584460205185982,False,-6.506884788423155e-06,6.103515625e-06,False
trial,160,160,160,417.3729878918351,1043.662180107424,417.3729878918351,1043.662180107424,1638,819,0,0,1638,819,251382,125691,819000.0,125691000.0,1000.0,True,True,690,345,0,0,1638,819,3.0517578125e-06,0.5384387210370581,0.41059834671594186,0.41059834671594186,-55.906766854599006,False,-3.6583295265949406e-06,3.0517578125e-06,True
trial,161,161,160,417.37298873128884,1043.6619759671466,417.3729878918351,1043.662180107424,1638,819,0,0,1638,819,253020,126510,819000.0,126510000.0,1000.0,True,True,690,345,0,0,1638,819,6.103515625e-06,0.47629804200606174,-0.1530627656342111,-0.1530627656342111,37.22215380882174,False,-5.484375742874363e-06,6.103515625e-06,False
trial,162,162,162,417.37298692614934,1043.6621394981803,417.37298692614934,1043.6621394981803,1638,819,0,0,1638,819,254658,127329,819000.0,127329000.0,1000.0,True,True,690,345,0,0,1638,819,3.0517578125e-06,0.47629804200606174,0.3132368324922582,0.3132368324922582,13.172308308875651,False,-3.082925395061122e-06,3.0517578125e-06,True
trial,163,163,162,417.37298740824417,1043.6621789951566,417.37298692614934,1043.6621394981803,1638,819,0,0,1638,819,256296,128148,819000.0,128148000.0,1000.0,True,True,690,345,0,0,1638,819,6.103515625e-06,0.5386237065024367,-0.07421804949517835,-0.07421804949517835,-6.080522631746022,False,-6.49565485304968e-06,6.103515625e-06,False
trial,164,164,164,417.3729854196963,1043.6619356380106,417.3729854196963,1043.6619356380106,1638,819,0,0,1638,819,257934,128967,819000.0,128967000.0,1000.0,True,True,690,345,0,0,1638,819,3.0517578125e-06,0.5386237065024367,0.4117824021355379,0.4117824021355379,55.72429316112975,False,-3.6583715667294385e-06,3.0517578125e-06,True
trial,165,165,164,417.3729862767432,1043.6617159945738,417.3729854196963,1043.6619356380106,1638,819,0,0,1638,819,259572,129786,819000.0,129786000.0,1000.0,True,True,690,345,0,0,1638,819,6.103515625e-06,0.4740330780065566,-0.15704356746327042,-0.15704356746327042,40.247027395272184,False,-5.457382843816486e-06,6.103515625e-06,False
trial,166,166,166,417.3729844674183,1043.661940214486,417.3729844674183,1043.661940214486,1638,819,0,0,1638,819,261210,130605,819000.0,130605000.0,1000.0,True,True,690,345,0,0,1638,819,3.0517578125e-06,0.4740330780065566,0.3102444343440507,0.3102444343440507,-1.4909784993971023,False,-3.0694443130905892e-06,3.0517578125e-06,True
trial,167,167,166,417.37298500595034,1043.6612529837312,417.3729844674183,1043.661940214486,1638,819,0,0,1638,819,262848,131424,819000.0,131424000.0,1000.0,True,True,690,345,0,0,1638,819,6.103515625e-06,0.5409526823514688,-0.08342151852425121,-0.08342151852425121,106.45574992172725,False,-6.45555317984664e-06,6.103515625e-06,False
trial,168,168,168,417.3729829549063,1043.661848277277,417.3729829549063,1043.661848277277,1638,819,0,0,1638,819,264486,132243,819000.0,132243000.0,1000.0,True,True,690,345,0,0,1638,819,3.0517578125e-06,0.5409526823514688,0.4126472947359024,0.4126472947359024,25.082539085513123,False,-3.665386859343384e-06,3.0517578125e-06,True
trial,169,169,168,417.3729837840734,1043.6619336479753,417.3729829549063,1043.661848277277,1638,819,0,0,1638,819,266124,133062,819000.0,133062000.0,1000.0,True,True,690,345,0,0,1638,819,6.103515625e-06,0.47308998531342805,-0.15166013784037616,-0.15166013784037616,-15.614864333524407,False,-5.467271217988147e-06,6.103515625e-06,False
trial,170,170,170,417.3729820231953,1043.661454083969,417.3729820231953,1043.661454083969,1638,819,0,0,1638,819,267762,133881,819000.0,133881000.0,1000.0,True,True,690,345,0,0,1638,819,3.0517578125e-06,0.47308998531342805,0.3060026938077749,0.3060026938077749,129.46526189454866,False,-3.0447805244657632e-06,3.0517578125e-06,True
trial,171,171,170,417.3729824733827,1043.6618492251698,417.3729820231953,1043.661454083969,1638,819,0,0,1638,819,269400,134700,819000.0,134700000.0,1000.0,True,True,690,345,0,0,1638,819,6.103515625e-06,0.5398160856041472,-0.0692457335417999,-0.0692457335417999,-60.77877916233399,False,-6.501302039021872e-06,6.103515625e-06,False
trial,172,172,172,417.37298050252014,1043.661869452124,417.37298050252014,1043.661869452124,1638,819,0,0,1638,819,271038,135519,819000.0,135519000.0,1000.0,True,True,690,345,0,0,1638,819,3.0517578125e-06,0.5398160856041472,0.4139924843254627,0.4139924843254627,-113.08088738219723,False,-3.6731950432434616e-06,3.0517578125e-06,True
trial,173,173,172,417.3729813218746,1043.6619929602944,417.37298050252014,1043.661869452124,1638,819,0,0,1638,819,272676,136338,819000.0,136338000.0,1000.0,True,True,690,345,0,0,1638,819,6.103515625e-06,0.47223411498430934,-0.15006930978552477,-0.15006930978552477,-22.62120598181697,False,-5.459840227675721e-06,6.103515625e-06,False
trial,174,174,174,417.37297956078174,1043.6621191043214,417.37297956078174,1043.6621191043214,1638,819,0,0,1638,819,274314,137157,819000.0,137157000.0,1000.0,True,True,690,345,0,0,1638,819,3.0517578125e-06,0.47223411498430934,0.30769125479117815,0.30769125479117815,-81.56808571846645,False,-3.0606602478722026e-06,3.0517578125e-06,True
trial,175,175,174,417.37298009956817,1043.661231057614,417.37297956078174,1043.6621191043214,1638,819,0,0,1638,819,275952,137976,819000.0,137976000.0,1000.0,True,True,690,345,0,0,1638,819,6.103515625e-06,0.5433994132039994,-0.08288782736048038,-0.08288782736048038,136.61862838476392,False,-6.500187550254843e-06,6.103515625e-06,False
trial,176,176,176,417.3729780323489,1043.6621076914448,417.3729780323489,1043.6621076914448,1638,819,0,0,1638,819,277590,138795,819000.0,138795000.0,1000.0,True,True,690,345,0,0,1638,819,3.0517578125e-06,0.5433994132039994,0.41490447155072296,0.41490447155072296,3.0981102856053666,False,-3.683818690217492e-06,3.0517578125e-06,True
trial,177,177,176,417.3729788380284,1043.6620042362624,417.3729780323489,1043.6621076914448,1638,819,0,0,1638,819,279228,139614,819000.0,139614000.0,1000.0,True,True,690,345,0,0,1638,819,6.103515625e-06,0.47089710937137075,-0.1478467055934567,-0.1478467055934567,18.984605569626467,False,-5.449424904737362e-06,6.103515625e-06,False
trial,178,178,178,417.3729770960055,1043.6620482432909,417.3729770960055,1043.6620482432909,1638,819,0,0,1638,819,280866,140433,819000.0,140433000.0,1000.0,True,True,690,345,0,0,1638,819,3.0517578125e-06,0.47089710937137075,0.3067548066369304,0.3067548066369304,19.475768495451646,False,-3.052416337134814e-06,3.0517578125e-06,True
trial,179,179,178,417.3729776168723,1043.6624441525128,417.3729770960055,1043.6620482432909,1638,819,0,0,1638,819,282504,141252,819000.0,141252000.0,1000.0,True,True,690,345,0,0,1638,819,6.103515625e-06,0.5438163354137613,-0.07953992352562471,-0.07953992352562471,-60.45805082037295,False,-6.548494642269424e-06,6.103515625e-06,False
trial,180,180,180,417.3729755638963,1043.6620657291714,417.3729755638963,1043.6620657291714,1638,819,0,0,1638,819,284142,142071,819000.0,142071000.0,1000.0,True,True,690,345,0,0,1638,819,3.0517578125e-06,0.5438163354137613,0.4157335626030034,0.4157335626030034,-4.744744986035339,False,-3.6853151462568947e-06,3.0517578125e-06,True
trial,181,181,180,417.37297636415667,1043.6623916114127,417.3729755638963,1043.6620657291714,1638,819,0,0,1638,819,285780,142890,819000.0,142890000.0,1000.0,True,True,690,345,0,0,1638,819,6.103515625e-06,0.46963806850852907,-0.14696564745800675,-0.14696564745800675,-59.84739146818499,False,-5.445220471919623e-06,6.103515625e-06,False
trial,182,182,182,417.37297463952075,1043.662062289,417.37297463952075,1043.662062289,1638,819,0,0,1638,819,287418,143709,819000.0,143709000.0,1000.0,True,True,690,345,0,0,1638,819,3.0517578125e-06,0.46963806850852907,0.3037583046422804,0.3037583046422804,1.1304719406348291,False,-3.0431285523364685e-06,3.0517578125e-06,True
trial,183,183,182,417.37297516625944,1043.6620917692167,417.37297463952075,1043.662062289,1638,819,0,0,1638,819,289056,144528,819000.0,144528000.0,1000.0,True,True,690,345,0,0,1638,819,6.103515625e-06,0.5468011149633046,-0.08027978208136126,-0.08027978208136126,-4.493053997324583,False,-6.5612869712147445e-06,6.103515625e-06,False
trial,184,184,184,417.3729730954341,1043.6621634579276,417.3729730954341,1043.6621634579276,1638,819,0,0,1638,819,290694,145347,819000.0,145347000.0,1000.0,True,True,690,345,0,0,1638,819,3.0517578125e-06,0.5468011149633046,0.41739582104552475,0.41739582104552475,-27.347873900835726,False,-3.6993342865498815e-06,3.0517578125e-06,True
trial,185,185,184,417.3729738029573,1043.6613588615528,417.3729730954341,1043.6621634579276,1638,819,0,0,1638,819,292332,146166,819000.0,146166000.0,1000.0,True,True,690,345,0,0,1638,819,6.103515625e-06,0.4743895768245859,-0.13150838510429202,-0.13150838510429202,149.5515170570979,False,-5.380061604354099e-06,6.103515625e-06,False
trial,186,186,186,417.37297218010565,1043.6618423097561,417.37297218010565,1043.6618423097561,1638,819,0,0,1638,819,293970,146985,819000.0,146985000.0,1000.0,True,True,690,345,0,0,1638,819,3.0517578125e-06,0.4743895768245859,0.3016499793843784,0.3016499793843784,105.83560645224841,False,-3.034405737510147e-06,3.0517578125e-06,True
trial,187,187,186,417.37297273941545,1043.6619639577991,417.37297218010565,1043.6618423097561,1638,819,0,0,1638,819,295608,147804,819000.0,147804000.0,1000.0,True,True,690,345,0,0,1638,819,6.103515625e-06,0.5492160243534173,-0.085256007570708,-0.085256007570708,-18.54290150871312,False,-6.560356421047646e-06,6.103515625e-06,False
trial,188,188,188,417.37297062940013,1043.6622572846777,417.37297062940013,1043.6622572846777,1638,819,0,0,1638,819,297246,148623,819000.0,148623000.0,1000.0,True,True,690,345,0,0,1638,819,3.0517578125e-06,0.5492160243534173,0.4184289761993169,0.4184289761993169,-111.97324662315985,False,-3.7060184828352538e-06,3.0517578125e-06,True
trial,189,189,188,417.3729714079001,1043.662156039673,417.37297062940013,1043.6622572846777,1638,819,0,0,1638,819,298884,149442,819000.0,149442000.0,1000.0,True,True,690,345,0,0,1638,819,6.103515625e-06,0.4663856438517456,-0.14354014349925542,-0.14354014349925542,18.667595889627787,False,-5.423569557090043e-06,6.103515625e-06,False
trial,190,190,190,417.37296971454174,1043.662167476715,417.37296971454174,1043.662167476715,1638,819,0,0,1638,819,300522,150261,819000.0,150261000.0,1000.0,True,True,690,345,0,0,1638,819,3.0517578125e-06,0.4663856438517456,0.3017981324390582,0.3017981324390582,29.62630688830337,False,-3.031358685156714e-06,3.0517578125e-06,True
trial,191,191,190,417.37297027105814,1043.6621493331177,417.37296971454174,1043.662167476715,1638,819,0,0,1638,819,302160,151080,819000.0,151080000.0,1000.0,True,True,690,345,0,0,1638,819,6.103515625e-06,0.5494670150139216,-0.08472756155758025,-0.08472756155758025,2.7622955370946767,False,-6.568304187906063e-06,6.103515625e-06,False
trial,192,192,192,417.3729681667319,1043.6622145153367,417.3729681667319,1043.6622145153367,1638,819,0,0,1638,819,303798,151899,819000.0,151899000.0,1000.0,True,True,690,345,0,0,1638,819,3.0517578125e-06,0.5494670150139216,0.41830342825695027,0.41830342825695027,-12.71242497818609,False,-3.7002083999119007e-06,3.0517578125e-06,True
trial,193,193,192,417.372968940924,1043.662468409731,417.3729681667319,1043.6622145153367,1638,819,0,0,1638,819,305436,152718,819000.0,152718000.0,1000.0,True,True,690,345,0,0,1638,819,6.103515625e-06,0.47968846464969034,-0.14282085695362745,-0.14282085695362745,-46.837746760140604,False,-5.420721786449742e-06,6.103515625e-06,False
trial,194,194,194,417.3729672611007,1043.6621106776295,417.3729672611007,1043.6621106776295,1638,819,0,0,1638,819,307074,153537,819000.0,153537000.0,1000.0,True,True,690,345,0,0,1638,819,3.0517578125e-06,0.47968846464969034,0.2994050066075382,0.2994050066075382,34.32912923932887,False,-3.0247696207261602e-06,3.0517578125e-06,True
trial,195,195,194,417.3729678327746,1043.6623161092089,417.3729672611007,1043.6621106776295,1638,819,0,0,1638,819,308712,154356,819000.0,154356000.0,1000.0,True,True,690,345,0,0,1638,819,6.103515625e-06,0.551776367813035,-0.0867822819344083,-0.0867822819344083,-31.185300420646538,False,-6.587449106388976e-06,6.103515625e-06,False
trial,196,196,196,417.3729656974558,1043.6621917468945,417.3729656974558,1043.6621917468945,1638,819,0,0,1638,819,310350,155175,819000.0,155175000.0,1000.0,True,True,690,345,0,0,1638,819,3.0517578125e-06,0.551776367813035,0.4205198986093873,0.4205198986093873,-21.802417591624447,False,-3.7183612614799554e-06,3.0517578125e-06,True
trial,197,197,196,417.3729663099179,1043.662184689002,417.3729656974558,1043.6621917468945,1638,819,0,0,1638,819,311988,155994,819000.0,155994000.0,1000.0,True,True,690,345,0,0,1638,819,6.103515625e-06,0.4648249419818383,-0.11338843353103358,-0.11338843353103358,1.3066659595219614,False,-5.401451180545995e-06,6.103515625e-06,False
trial,198,198,198,417.3729648028585,1043.6621919162808,417.3729648028585,1043.6621919162808,1638,819,0,0,1638,819,313626,156813,819000.0,156813000.0,1000.0,True,True,690,345,0,0,1638,819,3.0517578125e-06,0.4648249419818383,0.29680975420788824,0.29680975420788824,-0.05619904985740717,False,-3.014042764976455e-06,3.0517578125e-06,True
trial,199,199,198,417.3729653797135,1043.6623367555744,417.3729648028585,1043.6621919162808,1638,819,0,0,1638,819,315264,157632,819000.0,157632000.0,1000.0,True,True,690,345,0,0,1638,819,6.103515625e-06,0.5541586504066525,-0.08731670890090217,-0.08731670890090217,-21.92386481508069,False,-6.606467192124784e-06,6.103515625e-06,False
trial,200,200,200,417.3729632329726,1043.6622911368852,417.3729632329726,1043.6622911368852,1638,819,0,0,1638,819,316902,158451,819000.0,158451000.0,1000.0,True,True,690,345,0,0,1638,819,3.0517578125e-06,0.5541586504066525,0.42123288651565177,0.42123288651565177,-26.622942037861343,False,-3.726883537378501e-06,3.0517578125e-06,True
trial,201,201,200,417.3729639862663,1043.6623418587246,417.3729632329726,1043.6622911368852,1638,819,0,0,1638,819,318540,159270,819000.0,159270000.0,1000.0,True,True,690,345,0,0,1638,819,6.103515625e-06,0.4637543722138903,-0.13942278802363323,-0.13942278802363323,-9.387812780452137,False,-5.402945353664167e-06,6.103515625e-06,False
trial,202,202,202,417.3729623423471,1043.6621186362581,417.3729623423471,1043.6621186362581,1638,819,0,0,1638,819,320178,160089,819000.0,160089000.0,1000.0,True,True,690,345,0,0,1638,819,3.0517578125e-06,0.4637543722138903,0.29621678466361623,0.29621678466361623,57.37268856868116,False,-3.0066680046286957e-06,3.0517578125e-06,True
trial,203,203,202,417.3729629408772,1043.6623805284626,417.3729623423471,1043.6621186362581,1638,819,0,0,1638,819,321816,160908,819000.0,160908000.0,1000.0,True,True,690,345,0,0,1638,819,6.103515625e-06,0.5530269125221785,-0.09064153397167748,-0.09064153397167748,-39.66101430402548,False,-6.603265424007637e-06,6.103515625e-06,False
trial,204,204,204,417.3729607705768,1043.6621115735677,417.3729607705768,1043.6621115735677,1638,819,0,0,1638,819,323454,161727,819000.0,161727000.0,1000.0,True,True,690,345,0,0,1638,819,3.0517578125e-06,0.5530269125221785,0.42206201971709834,0.42206201971709834,1.896519768144092,False,-3.724026792428227e-06,3.0517578125e-06,True
trial,205,205,204,417.3729614236051,1043.6623154792212,417.3729607705768,1043.6621115735677,1638,819,0,0,1638,819,325092,162546,819000.0,162546000.0,1000.0,True,True,690,345,0,0,1638,819,6.103515625e-06,0.4630994066373978,-0.12113294417304302,-0.12113294417304302,-37.82331161823766,False,-5.391004774116318e-06,6.103515625e-06,False
trial,206,206,206,417.37295988825736,1043.662207256045,417.37295988825736,1043.662207256045,1638,819,0,0,1638,819,326730,163365,819000.0,163365000.0,1000.0,True,True,690,345,0,0,1638,819,3.0517578125e-06,0.4630994066373978,0.294198624929746,0.294198624929746,-31.904151117169622,False,-2.999060430829682e-06,3.0517578125e-06,True
trial,207,207,206,417.37296048291574,1043.6620914128723,417.37295988825736,1043.662207256045,1638,819,0,0,1638,819,328368,164184,819000.0,164184000.0,1000.0,True,True,690,345,0,0,1638,819,6.103515625e-06,0.5539752879878583,-0.08994361147422052,-0.08994361147422052,17.52157795351379,False,-6.611457762947223e-06,6.103515625e-06,False
trial,208,208,208,417.372958313969,1043.6620387908197,417.372958313969,1043.6620387908197,1638,819,0,0,1638,819,330006,165003,819000.0,165003000.0,1000.0,True,True,690,345,0,0,1638,819,3.0517578125e-06,0.5539752879878583,0.4224598035397624,0.4224598035397624,45.207591587365236,False,-3.72648086969246e-06,3.0517578125e-06,True
trial,209,209,208,417.37295904870257,1043.6621377955973,417.372958313969,1043.6620387908197,1638,819,0,0,1638,819,331644,165822,819000.0,165822000.0,1000.0,True,True,690,345,0,0,1638,819,6.103515625e-06,0.4631351902424644,-0.13645014742131306,-0.13645014742131306,-18.38655085414757,False,-5.384630236096991e-06,6.103515625e-06,False
trial,210,210,210,417.3729574397357,1043.66204614208,417.3729574397357,1043.66204614208,1638,819,0,0,1638,819,333282,166641,819000.0,166641000.0,1000.0,True,True,690,345,0,0,1638,819,3.0517578125e-06,0.4631351902424644,0.2923070749469655,0.2923070749469655,-2.4579543407537003,False,-2.990804281022943e-06,3.0517578125e-06,True
trial,211,211,210,417.37295805457643,1043.6620869252356,417.3729574397357,1043.66204614208,1638,819,0,0,1638,819,334920,167460,819000.0,167460000.0,1000.0,True,True,690,345,0,0,1638,819,6.103515625e-06,0.5567411300207649,-0.09280889223512455,-0.09280889223512455,-6.156130332020948,False,-6.6248037899325305e-06,6.103515625e-06,False
trial,212,212,212,417.3729558545432,1043.6622115882672,417.3729558545432,1043.6622115882672,1638,819,0,0,1638,819,336558,168279,819000.0,168279000.0,1000.0,True,True,690,345,0,0,1638,819,3.0517578125e-06,0.5567411300207649,0.4240213468286507,0.4240213468286507,-44.25501225710163,False,-3.738473421949616e-06,3.0517578125e-06,True
trial,213,213,212,417.3729565877106,1043.6624976987982,417.3729558545432,1043.6622115882672,1638,819,0,0,1638,819,338196,169098,819000.0,169098000.0,1000.0,True,True,690,345,0,0,1638,819,6.103515625e-06,0.45957853121044484,-0.13661399552284587,-0.13661399552284587,-53.3121136162237,False,-5.366707708085555e-06,6.103515625e-06,False
trial,214,214,214,417.3729549903305,1043.662222571449,417.3729549903305,1043.662222571449,1638,819,0,0,1638,819,339834,169917,819000.0,169917000.0,1000.0,True,True,690,345,0,0,1638,819,3.0517578125e-06,0.45957853121044484,0.28957721467787145,0.28957721467787145,-3.680204374782704,False,-2.9843945658348105e-06,3.0517578125e-06,True
trial,215,215,214,417.372955617566,1043.6624538632718,417.3729549903305,1043.662222571449,1638,819,0,0,1638,819,341472,170736,819000.0,170736000.0,1000.0,True,True,690,345,0,0,1638,819,6.103515625e-06,0.5609717036233781,-0.09433888871672874,-0.09433888871672874,-34.78727643935986,False,-6.648747657268998e-06,6.103515625e-06,False
trial,216,216,216,417.3729533961464,1043.6623118249454,417.3729533961464,1043.6623118249454,1638,819,0,0,1638,819,343110,171555,819000.0,171555000.0,1000.0,True,True,690,345,0,0,1638,819,3.0517578125e-06,0.5609717036233781,0.4249312659663231,0.4249312659663231,-23.790602475171763,False,-3.7516282486654547e-06,3.0517578125e-06,True
trial,217,217,216,417.3729540924553,1043.6624912676607,417.3729533961464,1043.6623118249454,1638,819,0,0,1638,819,344748,172374,819000.0,172374000.0,1000.0,True,True,690,345,0,0,1638,819,6.103515625e-06,0.4589423734852773,-0.1298480254141073,-0.1298480254141073,-33.46256483584654,False,-5.36249137469e-06,6.103515625e-06,False
trial,218,218,218,417.37295253551895,1043.6623567293698,417.37295253551895,1043.6623567293698,1638,819,0,0,1638,819,346386,173193,819000.0,173193000.0,1000.0,True,True,690,345,0,0,1638,819,3.0517578125e-06,0.4589423734852773,0.28891472197725876,0.28891472197725876,-15.074524373215445,False,-2.978828603367513e-06,3.0517578125e-06,True
trial,219,219,218,417.37295319874636,1043.6612605734533,417.37295253551895,1043.6623567293698,1638,819,0,0,1638,819,348024,174012,819000.0,174012000.0,1000.0,True,True,690,345,0,0,1638,819,6.103515625e-06,0.5598331435006161,-0.10040331601076866,-0.10040331601076866,165.9426119761026,False,-6.6056325340649805e-06,6.103515625e-06,False
trial,220,220,220,417.3729509397565,1043.6623789826283,417.3729509397565,1043.6623789826283,1638,819,0,0,1638,819,349662,174831,819000.0,174831000.0,1000.0,True,True,690,345,0,0,1638,819,3.0517578125e-06,0.5598331435006161,0.4254623228856889,0.4254623228856889,-5.933165697398241,False,-3.75065515716009e-06,3.0517578125e-06,True
trial,221,221,220,417.3729515696176,1043.6616874565973,417.3729509397565,1043.6623789826283,1638,819,0,0,1638,819,351300,175650,819000.0,175650000.0,1000.0,True,True,690,345,0,0,1638,819,6.103515625e-06,0.4598451192558189,-0.11866858711497529,-0.11866858711497529,130.28652584716977,False,-5.307732526511439e-06,6.103515625e-06,False
trial,222,222,222,417.37295008662295,1043.662270987235,417.37295008662295,1043.662270987235,1638,819,0,0,1638,819,352938,176469,819000.0,176469000.0,1000.0,True,True,690,345,0,0,1638,819,3.0517578125e-06,0.4598451192558189,0.2870224662393309,0.2870224662393309,36.33323811862791,False,-2.9723580654009087e-06,3.0517578125e-06,True
trial,223,223,222,417.3729507426432,1043.6625904479256,417.37295008662295,1043.662270987235,1638,819,0,0,1638,819,354576,177288,819000.0,177288000.0,1000.0,True,True,690,345,0,0,1638,819,6.103515625e-06,0.5628788737885576,-0.09860839819857137,-0.09860839819857137,-48.019108825824766,False,-6.652782579130095e-06,6.103515625e-06,False
trial,224,224,224,417.37294848013846,1043.6621743100936,417.37294848013846,1043.6621743100936,1638,819,0,0,1638,819,356214,178107,819000.0,178107000.0,1000.0,True,True,690,345,0,0,1638,819,3.0517578125e-06,0.5628788737885576,0.42700375913852245,0.42700375913852245,25.696795115265488,False,-3.762225634239835e-06,3.0517578125e-06,True
trial,225,225,224,417.37294903958696,1043.66185069069,417.37294848013846,1043.6621743100936,1638,819,0,0,1638,819,357852,178926,819000.0,178926000.0,1000.0,True,True,690,345,0,0,1638,819,6.103515625e-06,0.47368426051294266,-0.10473957704106378,-0.10473957704106378,60.58781064157462,False,-5.341328564102051e-06,6.103515625e-06,False
trial,226,226,226,417.37294764057333,1043.6623574267355,417.37294764057333,1043.6623574267355,1638,819,0,0,1638,819,359490,179745,819000.0,179745000.0,1000.0,True,True,690,345,0,0,1638,819,3.0517578125e-06,0.47368426051294266,0.28349611533041374,0.28349611533041374,-61.833030750195555,False,-2.961469616978659e-06,3.0517578125e-06,True
trial,227,227,226,417.3729483016317,1043.6624142813096,417.37294764057333,1043.6623574267355,1638,819,0,0,1638,819,361128,180564,819000.0,180564000.0,1000.0,True,True,690,345,0,0,1638,819,6.103515625e-06,0.5859519618363631,-0.09904750170668446,-0.09904750170668446,-8.518617558113126,False,-6.674155008467387e-06,6.103515625e-06,False
trial,228,228,228,417.37294602718873,1043.662489293977,417.37294602718873,1043.662489293977,1638,819,0,0,1638,819,362766,181383,819000.0,181383000.0,1000.0,True,True,690,345,0,0,1638,819,3.0517578125e-06,0.5859519618363631,0.4279599257359666,0.4279599257359666,-34.97857542951582,False,-3.76994316629494e-06,3.0517578125e-06,True
trial,229,229,228,417.37294657487485,1043.6624113119608,417.37294602718873,1043.662489293977,1638,819,0,0,1638,819,364404,182202,819000.0,182202000.0,1000.0,True,True,690,345,0,0,1638,819,6.103515625e-06,0.45583417065830883,-0.10252717125185037,-0.10252717125185037,14.598280526287326,False,-5.341863104804282e-06,6.103515625e-06,False
trial,230,230,230,417.37294519999375,1043.661901577316,417.37294519999375,1043.661901577316,1638,819,0,0,1638,819,366042,183021,819000.0,183021000.0,1000.0,True,True,690,345,0,0,1638,819,3.0517578125e-06,0.45583417065830883,0.28133257591168714,0.28133257591168714,199.88496778191384,False,-2.9402744359633307e-06,3.0517578125e-06,True
trial,231,231,230,417.37294583263053,1043.6621505965068,417.37294519999375,1043.661901577316,1638,819,0,0,1638,819,367680,183840,819000.0,183840000.0,1000.0,True,True,690,345,0,0,1638,819,6.103515625e-06,0.5662321418756142,-0.09509740457965736,-0.09509740457965736,-37.43234559514302,False,-6.652513668954678e-06,6.103515625e-06,False
trial,232,232,232,417.3729435876429,1043.662229099371,417.3729435876429,1043.662229099371,1638,819,0,0,1638,819,369318,184659,819000.0,184659000.0,1000.0,True,True,690,345,0,0,1638,819,3.0517578125e-06,0.5662321418756142,0.4279358879542474,0.4279358879542474,-86.92800453747302,False,-3.767739253580383e-06,3.0517578125e-06,True
trial,233,233,232,417.3729442795642,1043.662465789042,417.3729435876429,1043.662229099371,1638,819,0,0,1638,819,370956,185478,819000.0,185478000.0,1000.0,True,True,690,345,0,0,1638,819,6.103515625e-06,0.4555556924946434,-0.1293463647592365,-0.1293463647592365,-44.24628801702681,False,-5.349367860291883e-06,6.103515625e-06,False
trial,234,234,234,417.3729427492977,1043.6621533251378,417.3729427492977,1043.6621533251378,1638,819,0,0,1638,819,372594,186297,819000.0,186297000.0,1000.0,True,True,690,345,0,0,1638,819,3.0517578125e-06,0.4555556924946434,0.2835467102873517,0.2835467102873517,25.628505005703857,False,-2.9566388360518495e-06,3.0517578125e-06,True
trial,235,235,234,417.37294343673426,1043.6622261800944,417.3729427492977,1043.6621533251378,1638,819,0,0,1638,819,374232,187116,819000.0,187116000.0,1000.0,True,True,690,345,0,0,1638,819,6.103515625e-06,0.5665459656287049,-0.10316328927943716,-0.10316328927943716,-10.933309804898078,False,-6.663577450038035e-06,6.103515625e-06,False
trial,236,236,236,417.3729411448535,1043.6619367474104,417.3729411448535,1043.6619367474104,1638,819,0,0,1638,819,375870,187935,819000.0,187935000.0,1000.0,True,True,690,345,0,0,1638,819,3.0517578125e-06,0.5665459656287049,0.42690803027776264,0.42690803027776264,57.62666630940606,False,-3.7582900623130416e-06,3.0517578125e-06,True
trial,237,237,236,417.3729418321414,1043.6627595294503,417.3729411448535,1043.6619367474104,1638,819,0,0,1638,819,377508,188754,819000.0,188754000.0,1000.0,True,True,690,345,0,0,1638,819,6.103515625e-06,0.453994813263053,-0.12862812099912124,-0.12862812099912124,-153.98627606952087,False,-5.343216687263763e-06,6.103515625e-06,False
trial,238,238,238,417.3729403085108,1043.6622176108426,417.3729403085108,1043.6622176108426,1638,819,0,0,1638,819,379146,189573,819000.0,189573000.0,1000.0,True,True,690,345,0,0,1638,819,3.0517578125e-06,0.453994813263053,0.2833043971900347,0.2833043971900347,-95.140242601915,False,-2.9520991801135995e-06,3.0517578125e-06,True
trial,239,239,238,417.37294100863494,1043.6626019542584,417.3729403085108,1043.6622176108426,1638,819,0,0,1638,819,380784,190392,819000.0,190392000.0,1000.0,True,True,690,345,0,0,1638,819,6.103515625e-06,0.5641572587011552,-0.10508763983024944,-0.10508763983024944,-57.68940185755829,False,-6.662288105639306e-06,6.103515625e-06,False
trial,240,240,240,417.37293869274663,1043.6623910058702,417.37293869274663,1043.6623910058702,1638,819,0,0,1638,819,382422,191211,819000.0,191211000.0,1000.0,True,True,690,345,0,0,1638,819,3.0517578125e-06,0.5641572587011552,0.42888283561973783,0.42888283561973783,-46.025374355651856,False,-3.767378972725642e-06,3.0517578125e-06,True
trial,241,241,240,417.37293934873173,1043.662887123675,417.37293869274663,1043.6623910058702,1638,819,0,0,1638,819,384060,192030,819000.0,192030000.0,1000.0,True,True,690,345,0,0,1638,819,6.103515625e-06,0.4537372415091993,-0.12286126488965429,-0.12286126488965429,-92.91927611125523,False,-5.339234502002601e-06,6.103515625e-06,False
trial,242,242,242,417.37293785565225,1043.6622652413266,417.37293785565225,1043.6622652413266,1638,819,0,0,1638,819,385698,192849,819000.0,192849000.0,1000.0,True,True,690,345,0,0,1638,819,3.0517578125e-06,0.4537372415091993,0.28401209058574733,0.28401209058574733,42.669801588551564,False,-2.947389930871846e-06,3.0517578125e-06,True
trial,243,243,242,417.3729385489446,1043.6622809877877,417.37293785565225,1043.6622652413266,1638,819,0,0,1638,819,387336,193668,819000.0,193668000.0,1000.0,True,True,690,345,0,0,1638,819,6.103515625e-06,0.5686236687435936,-0.1040482875052626,-0.1040482875052626,-2.3632055151623494,False,-6.663178860262428e-06,6.103515625e-06,False
trial,244,244,244,417.3729362412589,1043.6625135512309,417.3729362412589,1043.6625135512309,1638,819,0,0,1638,819,388974,194487,819000.0,194487000.0,1000.0,True,True,690,345,0,0,1638,819,3.0517578125e-06,0.5686236687435936,0.4281530025847312,0.4281530025847312,-65.85423043093903,False,-3.7705991340514157e-06,3.0517578125e-06,True
trial,245,245,244,417.37293672219107,1043.6623197914319,417.3729362412589,1043.6625135512309,1638,819,0,0,1638,819,390612,195306,819000.0,195306000.0,1000.0,True,True,690,345,0,0,1638,819,6.103515625e-06,0.45714998469636203,-0.09000369472301477,-0.09000369472301477,36.26103496195069,False,-5.3434712827947816e-06,6.103515625e-06,False
trial,246,246,246,417.3729354110765,1043.6623599789978,417.3729354110765,1043.6623599789978,1638,819,0,0,1638,819,392250,196125,819000.0,196125000.0,1000.0,True,True,690,345,0,0,1638,819,3.0517578125e-06,0.45714998469636203,0.28141140857879937,0.28141140857879937,52.057209501629735,False,-2.950066562786893e-06,3.0517578125e-06,True
trial,247,247,246,417.3729361115031,1043.6622850627941,417.3729354110765,1043.6623599789978,1638,819,0,0,1638,819,393888,196944,819000.0,196944000.0,1000.0,True,True,690,345,0,0,1638,819,6.103515625e-06,0.5721689511664033,-0.10520177137454166,-0.10520177137454166,11.252167412557665,False,-6.657935389974208e-06,6.103515625e-06,False
trial,248,248,248,417.37293379224457,1043.6625774215217,417.37293379224457,1043.6625774215217,1638,819,0,0,1638,819,395526,197763,819000.0,197763000.0,1000.0,True,True,690,345,0,0,1638,819,3.0517578125e-06,0.5721689511664033,0.42888688386100915,0.42888688386100915,-57.608355213080436,False,-3.7744963067554843e-06,3.0517578125e-06,True
trial,249,249,248,417.37293428071325,1043.6629224338385,417.37293379224457,1043.6625774215217,1638,819,0,0,1638,819,397164,198582,819000.0,198582000.0,1000.0,True,True,690,345,0,0,1638,819,6.103515625e-06,0.4532825554780339,-0.09145916375935206,-0.09145916375935206,-64.5988962757412,False,-5.340839188398452e-06,6.103515625e-06,False
trial,250,250,250,417.3729329635072,1043.6625139397918,417.3729329635072,1043.6625139397918,1638,819,0,0,1638,819,398802,199401,819000.0,199401000.0,1000.0,True,True,690,345,0,0,1638,819,3.0517578125e-06,0.4532825554780339,0.28120627547402965,0.28120627547402965,21.540552513678165,False,-2.9470799287363437e-06,3.0517578125e-06,True
trial,251,251,250,417.3729336445415,1043.6627660469194,417.3729329635072,1043.6625139397918,1638,819,0,0,1638,819,400440,200220,819000.0,200220000.0,1000.0,True,True,690,345,0,0,1638,819,6.103515625e-06,0.5675033373583444,-0.10200790867583702,-0.10200790867583702,-37.76156513975565,False,-6.676289149423905e-06,6.103515625e-06,False
trial,252,252,252,417.3729313530188,1043.6623029988239,417.3729313530188,1043.6623029988239,1638,819,0,0,1638,819,402078,201039,819000.0,201039000.0,1000.0,True,True,690,345,0,0,1638,819,3.0517578125e-06,0.5675033373583444,0.4277586801431969,0.4277586801431969,56.02761981569464,False,-3.7649460857296722e-06,3.0517578125e-06,True
trial,253,253,252,417.372932014923,1043.6622332558582,417.3729313530188,1043.6623029988239,1638,819,0,0,1638,819,403716,201858,819000.0,201858000.0,1000.0,True,True,690,345,0,0,1638,819,6.103515625e-06,0.45307488131003604,-0.12400091921782116,-0.12400091921782116,13.065625619264337,False,-5.337897146216901e-06,6.103515625e-06,False
trial,254,254,254,417.37293052835275,1043.6623209506301,417.37293052835275,1043.6623209506301,1638,819,0,0,1638,819,405354,202677,819000.0,202677000.0,1000.0,True,True,690,345,0,0,1638,819,3.0517578125e-06,0.45307488131003604,0.2804081229174279,0.2804081229174279,-6.104085594757594,False,-2.9409493045891137e-06,3.0517578125e-06,True
trial,255,255,254,417.372931251207,1043.6627086980418,417.37293052835275,1043.6623209506301,1638,819,0,0,1638,819,406992,203496,819000.0,203496000.0,1000.0,True,True,690,345,0,0,1638,819,6.103515625e-06,0.569093973337334,-0.10830950748898732,-0.10830950748898732,-58.09847928380711,False,-6.673968345308794e-06,6.103515625e-06,False
trial,256,256,256,417.37292890797045,1043.6624082898193,417.37292890797045,1043.6624082898193,1638,819,0,0,1638,819,408630,204315,819000.0,204315000.0,1000.0,True,True,690,345,0,0,1638,819,3.0517578125e-06,0.569093973337334,0.42876482681403566,0.42876482681403566,-23.11057837796184,False,-3.77918664316663e-06,3.0517578125e-06,True
trial,257,257,256,417.37292949023305,1043.662347843354,417.37292890797045,1043.6624082898193,1638,819,0,0,1638,819,410268,205134,819000.0,205134000.0,1000.0,True,True,690,345,0,0,1638,819,6.103515625e-06,0.45259737965082814,-0.10902068116689978,-0.10902068116689978,11.317771082156149,False,-5.340845375106405e-06,6.103515625e-06,False
trial,258,258,258,417.3729280823132,1043.6623489494655,417.3729280823132,1043.6623489494655,1638,819,0,0,1638,819,411906,205953,819000.0,205953000.0,1000.0,True,True,690,345,0,0,1638,819,3.0517578125e-06,0.45259737965082814,0.2804557939652911,0.2804557939652911,20.15648258774404,False,-2.943983581569389e-06,3.0517578125e-06,True
trial,259,259,258,417.3729288599115,1043.6615857077297,417.3729280823132,1043.6623489494655,1638,819,0,0,1638,819,413544,206772,819000.0,206772000.0,1000.0,True,True,690,345,0,0,1638,819,6.103515625e-06,0.5690288134457463,-0.11762944780219317,-0.11762944780219317,115.45769025149114,False,-6.610575129966985e-06,6.103515625e-06,False
trial,260,260,260,417.37292645662416,1043.6626739534963,417.37292645662416,1043.6626739534963,1638,819,0,0,1638,819,415182,207591,819000.0,207591000.0,1000.0,True,True,690,345,0,0,1638,819,3.0517578125e-06,0.5690288134457463,0.43002552912842035,0.43002552912842035,-85.96971936472376,False,-3.780447735056118e-06,3.0517578125e-06,True
trial,261,261,260,417.37292700772423,1043.6622838559251,417.37292645662416,1043.6626739534963,1638,819,0,0,1638,819,416820,208410,819000.0,208410000.0,1000.0,True,True,690,345,0,0,1638,819,6.103515625e-06,0.46370431369487763,-0.1036041365304079,-0.1036041365304079,73.3364484277806,False,-5.319286378896877e-06,6.103515625e-06,False
trial,262,262,262,417.3729256390314,1043.662133779052,417.3729256390314,1043.662133779052,1638,819,0,0,1638,819,418458,209229,819000.0,209229000.0,1000.0,True,True,690,345,0,0,1638,819,3.0517578125e-06,0.46370431369487763,0.27965745153057925,0.27965745153057925,184.7665674802081,False,-2.923550789705325e-06,3.0517578125e-06,True
trial,263,263,262,417.3729263658992,1043.6627443413045,417.3729256390314,1043.662133779052,1638,819,0,0,1638,819,420096,210048,819000.0,210048000.0,1000.0,True,True,690,345,0,0,1638,819,6.103515625e-06,0.5671497491159876,-0.10923284478994598,-0.10923284478994598,-91.75457971130628,False,-6.654297304022183e-06,6.103515625e-06,False
trial,264,264,264,417.37292402382604,1043.6623943549039,417.37292402382604,1043.6623943549039,1638,819,0,0,1638,819,421734,210867,819000.0,210867000.0,1000.0,True,True,690,345,0,0,1638,819,3.0517578125e-06,0.5671497491159876,0.4284188540141521,0.4284188540141521,-69.11542726765607,False,-3.770154683651183e-06,3.0517578125e-06,True
trial,265,265,264,417.37292462668324,1043.6625758176488,417.37292402382604,1043.6623943549039,1638,819,0,0,1638,819,423372,211686,819000.0,211686000.0,1000.0,True,True,690,345,0,0,1638,819,6.103515625e-06,0.47899751033801047,-0.11282947366299557,-0.11282947366299557,-33.96218214474559,False,-5.343082611807401e-06,6.103515625e-06,False
trial,266,266,266,417.3729231955847,1043.6626318328358,417.3729231955847,1043.6626318328358,1638,819,0,0,1638,819,425010,212505,819000.0,212505000.0,1000.0,True,True,690,345,0,0,1638,819,3.0517578125e-06,0.47899751033801047,0.2812130467756114,0.2812130467756114,-80.63095667573945,False,-2.945245123253887e-06,3.0517578125e-06,True
trial,267,267,266,417.3729239292444,1043.6629697414705,417.3729231955847,1043.6626318328358,1638,819,0,0,1638,819,426648,213324,819000.0,213324000.0,1000.0,True,True,690,345,0,0,1638,819,6.103515625e-06,0.5669146636149343,-0.1101010092528082,-0.1101010092528082,-50.71027007818461,False,-6.66351479095877e-06,6.103515625e-06,False
trial,268,268,268,417.37292159607387,1043.6620859637942,417.37292159607387,1043.6620859637942,1638,819,0,0,1638,819,428286,214143,819000.0,214143000.0,1000.0,True,True,690,345,0,0,1638,819,3.0517578125e-06,0.5669146636149343,0.42577194023117704,0.42577194023117704,145.3042501742573,False,-3.756731416745241e-06,3.0517578125e-06,True
trial,269,269,268,417.3729220351239,1043.6627366076357,417.37292159607387,1043.6620859637942,1638,819,0,0,1638,819,429924,214962,819000.0,214962000.0,1000.0,True,True,690,345,0,0,1638,819,6.103515625e-06,0.4811701543396586,-0.08212996605476446,-0.08212996605476446,-121.71131227127303,False,-5.345795960457263e-06,6.103515625e-06,False
trial,270,270,270,417.37292076964627,1043.6624151545968,417.37292076964627,1043.6624151545968,1638,819,0,0,1638,819,431562,215781,819000.0,215781000.0,1000.0,True,True,690,345,0,0,1638,819,3.0517578125e-06,0.4811701543396586,0.2801768132923365,0.2801768132923365,-111.60279572761482,False,-2.9496644818353732e-06,3.0517578125e-06,True
trial,271,271,270,417.3729215145412,1043.662636796434,417.37292076964627,1043.6624151545968,1638,819,0,0,1638,819,433200,216600,819000.0,216600000.0,1000.0,True,True,690,345,0,0,1638,819,6.103515625e-06,0.5697035885300554,-0.1114478836789818,-0.1114478836789818,-33.16107153197078,False,-6.683795999445557e-06,6.103515625e-06,False
trial,272,272,272,417.37291914299277,1043.6626511088857,417.37291914299277,1043.6626511088857,1638,819,0,0,1638,819,434838,217419,819000.0,217419000.0,1000.0,True,True,690,345,0,0,1638,819,3.0517578125e-06,0.5697035885300554,0.4302176980686437,0.4302176980686437,-62.405245504877705,False,-3.7810008914094344e-06,3.0517578125e-06,True
trial,273,273,272,417.37291961663493,1043.6626615637256,417.37291914299277,1043.6626511088857,1638,819,0,0,1638,819,436476,218238,819000.0,218238000.0,1000.0,True,True,690,345,0,0,1638,819,6.103515625e-06,0.4509291484792542,-0.08895501421455489,-0.08895501421455489,-1.963529658429847,False,-5.32451334352907e-06,6.103515625e-06,False
trial,274,274,274,417.3729183151777,1043.6621299715991,417.3729183151777,1043.6621299715991,1638,819,0,0,1638,819,438114,219057,819000.0,219057000.0,1000.0,True,True,690,345,0,0,1638,819,3.0517578125e-06,0.4509291484792542,0.2838592943842078,0.2838592943842078,178.69892078300904,False,-2.916286703273275e-06,3.0517578125e-06,True
trial,275,275,274,417.37291902970924,1043.6628368595614,417.3729183151777,1043.6621299715991,1638,819,0,0,1638,819,439752,219876,819000.0,219876000.0,1000.0,True,True,690,345,0,0,1638,819,6.103515625e-06,0.5596355181438144,-0.10807214822711456,-0.10807214822711456,-106.91606326371429,False,-6.611616071948589e-06,6.103515625e-06,False
trial,276,276,276,417.3729167290567,1043.662548446901,417.3729167290567,1043.662548446901,1638,819,0,0,1638,819,441390,220695,819000.0,220695000.0,1000.0,True,True,690,345,0,0,1638,819,3.0517578125e-06,0.5596355181438144,0.42405926002800587,0.42405926002800587,-111.88196322989516,False,-3.740328554348025e-06,3.0517578125e-06,True
trial,277,277,276,417.37291739181177,1043.6627540825382,417.3729167290567,1043.662548446901,1638,819,0,0,1638,819,443028,221514,819000.0,221514000.0,1000.0,True,True,690,345,0,0,1638,819,6.103515625e-06,0.456920001430496,-0.12323145600932667,-0.12323145600932667,-38.23551294579395,False,-5.378132040473882e-06,6.103515625e-06,False
trial,278,278,278,417.37291587183506,1043.6626505830664,417.37291587183506,1043.6626505830664,1638,819,0,0,1638,819,444666,222333,819000.0,222333000.0,1000.0,True,True,690,345,0,0,1638,819,3.0517578125e-06,0.456920001430496,0.2883486772193317,0.2883486772193317,-34.356140800095325,False,-2.9728649098908203e-06,3.0517578125e-06,True
trial,279,279,278,417.37291660817357,1043.6627741257105,417.37291587183506,1043.6626505830664,1638,819,0,0,1638,819,446304,223152,819000.0,223152000.0,1000.0,True,True,690,345,0,0,1638,819,6.103515625e-06,0.5623257694809892,-0.11144690076893286,-0.11144690076893286,-18.698526123147246,False,-6.607079259561369e-06,6.103515625e-06,False
trial,280,280,280,417.3729142811223,1043.6626865543085,417.3729142811223,1043.6626865543085,1638,819,0,0,1638,819,447942,223971,819000.0,223971000.0,1000.0,True,True,690,345,0,0,1638,819,3.0517578125e-06,0.5623257694809892,0.42493228148835915,0.42493228148835915,-9.6091150304421,False,-3.743450050023082e-06,3.0517578125e-06,True
trial,281,281,280,417.3729147747222,1043.6625599530305,417.3729142811223,1043.6626865543085,1638,819,0,0,1638,819,449580,224790,819000.0,224790000.0,1000.0,True,True,690,345,0,0,1638,819,6.103515625e-06,0.46105908480257374,-0.09198315023556433,-0.09198315023556433,23.592356358411276,False,-5.3661989533643956e-06,6.103515625e-06,False
trial,282,282,282,417.37291344672735,1043.6620073188694,417.37291344672735,1043.6620073188694,1638,819,0,0,1638,819,451218,225609,819000.0,225609000.0,1000.0,True,True,690,345,0,0,1638,819,3.0517578125e-06,0.46105908480257374,0.2828029813349947,0.2828029813349947,230.21449224598874,False,-2.950446048981462e-06,3.0517578125e-06,True
trial,283,283,282,417.37291418503935,1043.6630400930142,417.37291344672735,1043.6620073188694,1638,819,0,0,1638,819,452856,226428,819000.0,226428000.0,1000.0,True,True,690,345,0,0,1638,819,6.103515625e-06,0.5625863224769811,-0.11144659090999283,-0.11144659090999283,-155.89501209132504,False,-6.624805571891381e-06,6.103515625e-06,False
trial,284,284,284,417.37291184851813,1043.6624804996943,417.37291184851813,1043.6624804996943,1638,819,0,0,1638,819,454494,227247,819000.0,227247000.0,1000.0,True,True,690,345,0,0,1638,819,3.0517578125e-06,0.5625863224769811,0.4260216194105529,0.4260216194105529,-126.13195963981293,False,-3.7514744576607657e-06,3.0517578125e-06,True
trial,285,285,284,417.3729123053654,1043.6627997036203,417.37291184851813,1043.6624804996943,1638,819,0,0,1638,819,456132,228066,819000.0,228066000.0,1000.0,True,True,690,345,0,0,1638,819,6.103515625e-06,0.45502130771824056,-0.08521081557384115,-0.08521081557384115,-59.53768189314125,False,-5.3613764566087255e-06,6.103515625e-06,False
trial,286,286,286,417.3729110121361,1043.6628066358053,417.3729110121361,1043.6628066358053,1638,819,0,0,1638,819,457770,228885,819000.0,228885000.0,1000.0,True,True,690,345,0,0,1638,819,3.0517578125e-06,0.45502130771824056,0.28299023321712813,0.28299023321712813,-110.34830080598857,False,-2.9555154777069816e-06,3.0517578125e-06,True
trial,287,287,286,417.3729117653745,1043.6630617322467,417.3729110121361,1043.6628066358053,1638,819,0,0,1638,819,459408,229704,819000.0,229704000.0,1000.0,True,True,690,345,0,0,1638,819,6.103515625e-06,0.5677180545959538,-0.1133321055721411,-0.1133321055721411,-38.381761969459,False,-6.646293142600891e-06,6.103515625e-06,False
trial,288,288,288,417.3729094045541,1043.6627394906318,417.3729094045541,1043.6627394906318,1638,819,0,0,1638,819,461046,230523,819000.0,230523000.0,1000.0,True,True,690,345,0,0,1638,819,3.0517578125e-06,0.5677180545959538,0.42718406382811347,0.42718406382811347,17.842540970057545,False,-3.7632069110282414e-06,3.0517578125e-06,True
trial,289,289,288,417.372909906568,1043.6625709281154,417.3729094045541,1043.6627394906318,1638,819,0,0,1638,819,462684,231342,819000.0,231342000.0,1000.0,True,True,690,345,0,0,1638,819,6.103515625e-06,0.4535369041201695,-0.09379510303838369,-0.09379510303838369,31.493826082859396,False,-5.352240020665068e-06,6.103515625e-06,False
trial,290,290,290,417.3729085703576,1043.6626992861616,417.3729085703576,1043.6626992861616,1638,819,0,0,1638,819,464322,232161,819000.0,232161000.0,1000.0,True,True,690,345,0,0,1638,819,3.0517578125e-06,0.4535369041201695,0.2827365158033503,0.2827365158033503,13.626611776384399,False,-2.950437781885142e-06,3.0517578125e-06,True
trial,291,291,290,417.3729093298814,1043.6626318606254,417.3729085703576,1043.6626992861616,1638,819,0,0,1638,819,465960,232980,819000.0,232980000.0,1000.0,True,True,690,345,0,0,1638,819,6.103515625e-06,0.5679547878990081,-0.11438122275695048,-0.11438122275695048,10.154013957478279,False,-6.640283973110468e-06,6.103515625e-06,False
trial,292,292,292,417.37290696266734,1043.6625626179857,417.37290696266734,1043.6625626179857,1638,819,0,0,1638,819,467598,233799,819000.0,233799000.0,1000.0,True,True,690,345,0,0,1638,819,3.0517578125e-06,0.5679547878990081,0.4272222447454984,0.4272222447454984,36.31774518289358,False,-3.7631239265322384e-06,3.0517578125e-06,True
trial,293,293,292,417.37290738809605,1043.6622894523305,417.37290696266734,1043.6625626179857,1638,819,0,0,1638,819,469236,234618,819000.0,234618000.0,1000.0,True,True,690,345,0,0,1638,819,6.103515625e-06,0.454046322705396,-0.07949096911669253,-0.07949096911669253,51.04075535510129,False,-5.351912473545608e-06,6.103515625e-06,False
trial,294,294,294,417.3729061338904,1043.66238737938,417.3729061338904,1043.66238737938,1638,819,0,0,1638,819,470874,235437,819000.0,235437000.0,1000.0,True,True,690,345,0,0,1638,819,3.0517578125e-06,0.454046322705396,0.28155359102172717,0.28155359102172717,59.532374408121115,False,-2.943585021580447e-06,3.0517578125e-06,True
trial,295,295,294,417.37290682277455,1043.662154728039,417.3729061338904,1043.66238737938,1638,819,0,0,1638,819,472512,236256,819000.0,236256000.0,1000.0,True,True,690,345,0,0,1638,819,6.103515625e-06,0.5900369598293002,-0.10387870559259142,-0.10387870559259142,35.0821258206026,False,-6.631620395047051e-06,6.103515625e-06,False
trial,296,296,296,417.37290452264284,1043.6624901452942,417.37290452264284,1043.6624901452942,1638,819,0,0,1638,819,474150,237075,819000.0,237075000.0,1000.0,True,True,690,345,0,0,1638,819,3.0517578125e-06,0.5900369598293002,0.4278558048729128,0.4278558048729128,-27.28878772939124,False,-3.7658658613336293e-06,3.0517578125e-06,True
trial,297,297,296,417.37290500389906,1043.6625418738706,417.37290452264284,1043.6624901452942,1638,819,0,0,1638,819,475788,237894,819000.0,237894000.0,1000.0,True,True,690,345,0,0,1638,819,6.103515625e-06,0.4612578618612031,-0.09006145957518658,-0.09006145957518658,-9.68039658714426,False,-5.343642271609121e-06,6.103515625e-06,False
trial,298,298,298,417.37290369303776,1043.662443724384,417.37290369303776,1043.662443724384,1638,819,0,0,1638,819,477426,238713,819000.0,238713000.0,1000.0,True,True,690,345,0,0,1638,819,3.0517578125e-06,0.4612578618612031,0.28175265840372454,0.28175265840372454,15.765591460635678,False,-2.9444445698339487e-06,3.0517578125e-06,True
trial,299,299,298,417.37290443496954,1043.6626590144804,417.37290369303776,1043.662443724384,1638,819,0,0,1638,819,479064,239532,819000.0,239532000.0,1000.0,True,True,690,345,0,0,1638,819,6.103515625e-06,0.57745928488762,-0.11155696330461716,-0.11155696330461716,-32.37104791792552,False,-6.650699009401673e-06,6.103515625e-06,False
trial,300,300,300,417.37290209021745,1043.662260578773,417.37290209021745,1043.662260578773,1638,819,0,0,1638,819,480702,240351,819000.0,240351000.0,1000.0,True,True,690,345,0,0,1638,819,3.0517578125e-06,0.57745928488762,0.42676221800007924,0.42676221800007924,48.7638114998981,False,-3.75576899106902e-06,3.0517578125e-06,True
trial,301,301,300,417.3729025387304,1043.6618345167426,417.37290209021745,1043.662260578773,1638,819,0,0,1638,819,482340,241170,819000.0,241170000.0,1000.0,True,True,690,345,0,0,1638,819,6.103515625e-06,0.453676811257801,-0.0844325091176764,-0.0844325091176764,80.206128818715,False,-5.312088198290541e-06,6.103515625e-06,False
trial,302,302,302,417.3729012596736,1043.6619664767877,417.3729012596736,1043.6619664767877,1638,819,0,0,1638,819,483978,241989,819000.0,241989000.0,1000.0,True,True,690,345,0,0,1638,819,3.0517578125e-06,0.453676811257801,0.2830586199192745,0.2830586199192745,100.23324070969524,False,-2.934176158890605e-06,3.0517578125e-06,True
trial,303,303,302,417.3729020361179,1043.6618499760418,417.3729012596736,1043.6619664767877,1638,819,0,0,1638,819,485616,242808,819000.0,242808000.0,1000.0,True,True,690,345,0,0,1638,819,6.103515625e-06,0.5677479819052459,-0.11780734998688544,-0.11780734998688544,17.67627596910866,False,-6.590796958195477e-06,6.103515625e-06,False
trial,304,304,304,417.3728996674531,1043.6623067889677,417.3728996674531,1043.6623067889677,1638,819,0,0,1638,819,487254,243627,819000.0,243627000.0,1000.0,True,True,690,345,0,0,1638,819,3.0517578125e-06,0.5677479819052459,0.4246678528176256,0.4246678528176256,-90.76609936539806,False,-3.749331329583044e-06,3.0517578125e-06,True
trial,305,305,304,417.37290005661157,1043.6622948004112,417.3728996674531,1043.6623067889677,1638,819,0,0,1638,819,488892,244446,819000.0,244446000.0,1000.0,True,True,690,345,0,0,1638,819,6.103515625e-06,0.46608462999344424,-0.0727126487164383,-0.0727126487164383,2.240012203895961,False,-5.352004984231928e-06,6.103515625e-06,False
trial,306,306,306,417.3728988329037,1043.6622724382187,417.3728988329037,1043.6622724382187,1638,819,0,0,1638,819,490530,245265,819000.0,245265000.0,1000.0,True,True,690,345,0,0,1638,819,3.0517578125e-06,0.46608462999344424,0.28255885395171304,0.28255885395171304,11.63035744277636,False,-2.9535419883713664e-06,3.0517578125e-06,True
trial,307,307,306,417.3728996233766,1043.6616492166504,417.3728988329037,1043.6622724382187,1638,819,0,0,1638,819,492168,246084,819000.0,246084000.0,1000.0,True,True,690,345,0,0,1638,819,6.103515625e-06,0.57367358103675,-0.12005749528927663,-0.12005749528927663,94.65525869132196,False,-6.584119856543207e-06,6.103515625e-06,False
trial,308,308,308,417.37289722790194,1043.6626134280705,417.37289722790194,1043.6626134280705,1638,819,0,0,1638,819,493806,246903,819000.0,246903000.0,1000.0,True,True,690,345,0,0,1638,819,3.0517578125e-06,0.57367358103675,0.4267243258141865,0.4267243258141865,-90.65950651665325,False,-3.761214514556692e-06,3.0517578125e-06,True
trial,309,309,308,417.3728976676927,1043.6627946976878,417.37289722790194,1043.6626134280705,1638,819,0,0,1638,819,495444,247722,819000.0,247722000.0,1000.0,True,True,690,345,0,0,1638,819,6.103515625e-06,0.453823024507645,-0.08221407322787568,-0.08221407322787568,-33.886372106864776,False,-5.349336799555515e-06,6.103515625e-06,False
trial,310,310,310,417.372896394818,1043.662364377718,417.372896394818,1043.662364377718,1638,819,0,0,1638,819,497082,248541,819000.0,248541000.0,1000.0,True,True,690,345,0,0,1638,819,3.0517578125e-06,0.453823024507645,0.28249321195702615,0.28249321195702615,84.45131280018036,False,-2.9490406278419115e-06,3.0517578125e-06,True
trial,311,311,310,417.3728971635583,1043.6625229615013,417.372896394818,1043.662364377718,1638,819,0,0,1638,819,498720,249360,819000.0,249360000.0,1000.0,True,True,690,345,0,0,1638,819,6.103515625e-06,0.5855254954861179,-0.11569686294355254,-0.11569686294355254,-23.867156958709703,False,-6.644435430919944e-06,6.103515625e-06,False
trial,312,312,312,417.3728947934892,1043.6622596680165,417.3728947934892,1043.6622596680165,1638,819,0,0,1638,819,500358,250179,819000.0,250179000.0,1000.0,True,True,690,345,0,0,1638,819,3.0517578125e-06,0.5855254954861179,0.4266946763830258,0.4266946763830258,27.90124828015331,False,-3.7528679852091734e-06,3.0517578125e-06,True
trial,313,313,312,417.3728953606949,1043.662843669595,417.3728947934892,1043.6622596680165,1638,819,0,0,1638,819,501996,250998,819000.0,250998000.0,1000.0,True,True,690,345,0,0,1638,819,6.103515625e-06,0.4556699435731144,-0.10600742109549705,-0.10600742109549705,-109.14647454568659,False,-5.350622463767812e-06,6.103515625e-06,False
trial,314,314,314,417.3728939701715,1043.6623453392215,417.3728939701715,1043.6623453392215,1638,819,0,0,1638,819,503634,251817,819000.0,251817000.0,1000.0,True,True,690,345,0,0,1638,819,3.0517578125e-06,0.4556699435731144,0.2801320293539978,0.2801320293539978,-29.149438606431133,False,-2.9390344733337845e-06,3.0517578125e-06,True
trial,315,315,314,417.37289476184867,1043.662465772244,417.3728939701715,1043.6623453392215,1638,819,0,0,1638,819,505272,252636,819000.0,252636000.0,1000.0,True,True,690,345,0,0,1638,819,6.103515625e-06,0.6211848124544286,-0.11918652698678923,-0.11918652698678923,-18.131119993584154,False,-6.642337741557696e-06,6.103515625e-06,False
trial,316,316,316,417.3728923610835,1043.6625350487002,417.3728923610835,1043.6625350487002,1638,819,0,0,1638,819,506910,253455,819000.0,253455000.0,1000.0,True,True,690,345,0,0,1638,819,3.0517578125e-06,0.6211848124544286,0.42721728705804213,0.42721728705804213,-50.368387108050335,False,-3.766439419853748e-06,3.0517578125e-06,True
trial,317,317,316,417.3728927768041,1043.6624587442002,417.3728923610835,1043.6625350487002,1638,819,0,0,1638,819,508548,254274,819000.0,254274000.0,1000.0,True,True,690,345,0,0,1638,819,6.103515625e-06,0.45405371308817677,-0.07757185289430178,-0.07757185289430178,14.238122313779982,False,-5.3591687384694555e-06,6.103515625e-06,False
trial,318,318,318,417.37289151500397,1043.6623819000713,417.37289151500397,1043.6623819000713,1638,819,0,0,1638,819,510186,255093,819000.0,255093000.0,1000.0,True,True,690,345,0,0,1638,819,3.0517578125e-06,0.45405371308817677,0.28808224829856993,0.28808224829856993,52.145692283678144,False,-2.9369373037310624e-06,3.0517578125e-06,True
trial,319,319,318,417.37289224613835,1043.6625889918257,417.37289151500397,1043.6623819000713,1638,819,0,0,1638,819,511824,255912,819000.0,255912000.0,1000.0,True,True,690,345,0,0,1638,819,6.103515625e-06,0.5660604517646097,-0.11122286375099207,-0.11122286375099207,-31.50356306717702,False,-6.573597849144971e-06,6.103515625e-06,False
trial,320,320,320,417.3728899485552,1043.6622016284634,417.3728899485552,1043.6622016284634,1638,819,0,0,1638,819,513462,256731,819000.0,256731000.0,1000.0,True,True,690,345,0,0,1638,819,3.0517578125e-06,0.5660604517646097,0.42109774601962735,0.42109774601962735,48.46118795639664,False,-3.7199172257652988e-06,3.0517578125e-06,True
trial,321,321,320,417.3728904541663,1043.6622086072937,417.3728899485552,1043.6622016284634,1638,819,0,0,1638,819,515100,257550,819000.0,257550000.0,1000.0,True,True,690,345,0,0,1638,819,6.103515625e-06,0.4577931728026847,-0.09389382791771739,-0.09389382791771739,-1.2959943431786205,False,-5.384923382822097e-06,6.103515625e-06,False
trial,322,322,322,417.37288909479014,1043.6624743058728,417.37288909479014,1043.6624743058728,1638,819,0,0,1638,819,516738,258369,819000.0,258369000.0,1000.0,True,True,690,345,0,0,1638,819,3.0517578125e-06,0.4577931728026847,0.2870977326711394,0.2870977326711394,-91.69391964295694,False,-2.9737785280221544e-06,3.0517578125e-06,True
trial,323,323,322,417.372889871869,1043.6625502077188,417.37288909479014,1043.6624743058728,1638,819,0,0,1638,819,518376,259188,819000.0,259188000.0,1000.0,True,True,690,345,0,0,1638,819,6.103515625e-06,0.5677704379506158,-0.11776203713674083,-0.11776203713674083,-11.502508158410176,False,-6.598721336053852e-06,6.103515625e-06,False
trial,324,324,324,417.3728875158779,1043.6625738915923,417.3728875158779,1043.6625738915923,1638,819,0,0,1638,819,520014,260007,819000.0,260007000.0,1000.0,True,True,690,345,0,0,1638,819,3.0517578125e-06,0.5677704379506158,0.4224984175064682,0.4224984175064682,-26.647971697579564,False,-3.737084404924667e-06,3.0517578125e-06,True
trial,325,325,324,417.3728878876325,1043.662848624821,417.3728875158779,1043.6625738915923,1638,819,0,0,1638,819,521652,260826,819000.0,260826000.0,1000.0,True,True,690,345,0,0,1638,819,6.103515625e-06,0.45653633869495025,-0.06899769052804583,-0.06899769052804583,-50.99051509133714,False,-5.387928092412351e-06,6.103515625e-06,False
trial,326,326,326,417.37288665575204,1043.6626230161419,417.37288665575204,1043.6626230161419,1638,819,0,0,1638,819,523290,261645,819000.0,261645000.0,1000.0,True,True,690,345,0,0,1638,819,3.0517578125e-06,0.45653633869495025,0.2895699172192137,0.2895699172192137,-16.5382679044967,False,-2.9703563812557934e-06,3.0517578125e-06,True
trial,327,327,326,417.3728874657723,1043.6628740609103,417.37288665575204,1043.6626230161419,1638,819,0,0,1638,819,524928,262464,819000.0,262464000.0,1000.0,True,True,690,345,0,0,1638,819,6.103515625e-06,0.5591619887393862,-0.1229923836521858,-0.1229923836521858,-38.11829931391826,False,-6.58593832793343e-06,6.103515625e-06,False
trial,328,328,328,417.3728850819439,1043.6624986343359,417.3728850819439,1043.6624986343359,1638,819,0,0,1638,819,526566,263283,819000.0,263283000.0,1000.0,True,True,690,345,0,0,1638,819,3.0517578125e-06,0.5591619887393862,0.42238679964424725,0.42238679964424725,33.382234389232224,False,-3.725988038044641e-06,3.0517578125e-06,True
trial,329,329,328,417.3728854693927,1043.6625307627512,417.3728850819439,1043.6624986343359,1638,819,0,0,1638,819,528204,264102,819000.0,264102000.0,1000.0,True,True,690,345,0,0,1638,819,6.103515625e-06,0.4538002171615608,-0.07205530884578114,-0.07205530884578114,-5.975041546030271,False,-5.37710325426092e-06,6.103515625e-06,False
trial,330,330,330,417.37288424692883,1043.66195567799,417.37288424692883,1043.66195567799,1638,819,0,0,1638,819,529842,264921,819000.0,264921000.0,1000.0,True,True,690,345,0,0,1638,819,3.0517578125e-06,0.4538002171615608,0.2827960195035845,0.2827960195035845,183.88398453910807,False,-2.9527114463709127e-06,3.0517578125e-06,True
trial,331,331,330,417.37288505205663,1043.6628449445748,417.37288424692883,1043.66195567799,1638,819,0,0,1638,819,531480,265740,819000.0,265740000.0,1000.0,True,True,690,345,0,0,1638,819,6.103515625e-06,0.5694178771488986,-0.12203363179049129,-0.12203363179049129,-134.78659082684746,False,-6.5975894145570056e-06,6.103515625e-06,False
trial,332,332,332,417.3728826598044,1043.662427612682,417.3728826598044,1043.662427612682,1638,819,0,0,1638,819,533118,266559,819000.0,266559000.0,1000.0,True,True,690,345,0,0,1638,819,3.0517578125e-06,0.5694178771488986,0.4238362484287683,0.4238362484287683,-126.02857557639202,False,-3.744664175788006e-06,3.0517578125e-06,True
trial,333,333,332,417.3728830252271,1043.6627861966508,417.3728826598044,1043.662427612682,1638,819,0,0,1638,819,534756,267378,819000.0,267378000.0,1000.0,True,True,690,345,0,0,1638,819,6.103515625e-06,0.459057031943517,-0.0678220881076737,-0.0678220881076737,-66.5528277074295,False,-5.3879599285375434e-06,6.103515625e-06,False
trial,334,334,334,417.3728818179004,1043.6625373908216,417.3728818179004,1043.6625373908216,1638,819,0,0,1638,819,536394,268197,819000.0,268197000.0,1000.0,True,True,690,345,0,0,1638,819,3.0517578125e-06,0.459057031943517,0.2841440588258486,0.2841440588258486,-37.05031184427463,False,-2.9629477908983716e-06,3.0517578125e-06,True
trial,335,335,334,417.3728826221415,1043.6624352312706,417.3728818179004,1043.6625373908216,1638,819,0,0,1638,819,538032,269016,819000.0,269016000.0,1000.0,True,True,690,345,0,0,1638,819,6.103515625e-06,0.5777564519667698,-0.12152446901753432,-0.12152446901753432,15.436770445307063,False,-6.617935493419369e-06,6.103515625e-06,False
trial,336,336,336,417.3728802237405,1043.6624213023524,417.3728802237405,1043.6624213023524,1638,819,0,0,1638,819,539670,269835,819000.0,269835000.0,1000.0,True,True,690,345,0,0,1638,819,3.0517578125e-06,0.5777564519667698,0.42500158192904214,0.42500158192904214,30.94907998829956,False,-3.750950569662011e-06,3.0517578125e-06,True
trial,337,337,336,417.37288059897173,1043.6628208715936,417.3728802237405,1043.6624213023524,1638,819,0,0,1638,819,541308,270654,819000.0,270654000.0,1000.0,True,True,690,345,0,0,1638,819,6.103515625e-06,0.45440718181146617,-0.06978998364659349,-0.06978998364659349,-74.31665309181206,False,-5.376577449739979e-06,6.103515625e-06,False
trial,338,338,338,417.3728793821592,1043.6623172556965,417.3728793821592,1043.6623172556965,1638,819,0,0,1638,819,542946,271473,819000.0,271473000.0,1000.0,True,True,690,345,0,0,1638,819,3.0517578125e-06,0.45440718181146617,0.2849701891554218,0.2849701891554218,35.231530000618804,False,-2.9532255881111045e-06,3.0517578125e-06,True
trial,339,339,338,417.37288022041395,1043.6624773123608,417.3728793821592,1043.6623172556965,1638,819,0,0,1638,819,544584,272292,819000.0,272292000.0,1000.0,True,True,690,345,0,0,1638,819,6.103515625e-06,0.5747456127289224,-0.12699713741739257,-0.12699713741739257,-24.248880068874247,False,-6.600579649228368e-06,6.103515625e-06,False
trial,340,340,340,417.37287779403675,1043.662385819875,417.37287779403675,1043.662385819875,1638,819,0,0,1638,819,546222,273111,819000.0,273111000.0,1000.0,True,True,690,345,0,0,1638,819,3.0517578125e-06,0.5747456127289224,0.4241534526062325,0.4241534526062325,-18.312021606127114,False,-3.7442167755128548e-06,3.0517578125e-06,True
trial,341,341,340,417.37287816807685,1043.6626620240268,417.37287779403675,1043.662385819875,1638,819,0,0,1638,819,547860,273930,819000.0,273930000.0,1000.0,True,True,690,345,0,0,1638,819,6.103515625e-06,0.4589893776104646,-0.06948171194666354,-0.06948171194666354,-51.30770040589676,False,-5.38328846498333e-06,6.103515625e-06,False
trial,342,342,342,417.3728769614644,1043.6618857582764,417.3728769614644,1043.6618857582764,1638,819,0,0,1638,819,549498,274749,819000.0,274749000.0,1000.0,True,True,690,345,0,0,1638,819,3.0517578125e-06,0.4589893776104646,0.2820573552231493,0.2820573552231493,169.4099603860275,False,-2.9517839296280392e-06,3.0517578125e-06,True
trial,343,343,342,417.3728777943983,1043.6624607355343,417.3728769614644,1043.6618857582764,1638,819,0,0,1638,819,551136,275568,819000.0,275568000.0,1000.0,True,True,690,345,0,0,1638,819,6.103515625e-06,0.572162703634058,-0.12595974640242982,-0.12595974640242982,-86.9504653852604,False,-6.6126990273851994e-06,6.103515625e-06,False
trial,344,344,344,417.37287536564054,1043.6622227629252,417.37287536564054,1043.6622227629252,1638,819,0,0,1638,819,552774,276387,819000.0,276387000.0,1000.0,True,True,690,345,0,0,1638,819,3.0517578125e-06,0.572162703634058,0.42529901606069687,0.42529901606069687,-89.81426482459932,False,-3.7522396858146997e-06,3.0517578125e-06,True
trial,345,345,344,417.3728759410245,1043.662449962309,417.37287536564054,1043.6622227629252,1638,819,0,0,1638,819,554412,277206,819000.0,277206000.0,1000.0,True,True,690,345,0,0,1638,819,6.103515625e-06,0.4521735052916585,-0.1070508883526396,-0.1070508883526396,-42.270721403389516,False,-5.374864118730621e-06,6.103515625e-06,False
trial,346,346,346,417.3728745274275,1043.6622490035268,417.3728745274275,1043.6622490035268,1638,819,0,0,1638,819,556050,278025,819000.0,278025000.0,1000.0,True,True,690,345,0,0,1638,819,3.0517578125e-06,0.4521735052916585,0.2840298710135956,0.2840298710135956,-8.891670950656785,False,-2.9511440171071034e-06,3.0517578125e-06,True
trial,347,347,346,417.3728753944196,1043.6618032037604,417.3728745274275,1043.6622490035268,1638,819,0,0,1638,819,557688,278844,819000.0,278844000.0,1000.0,True,True,690,345,0,0,1638,819,6.103515625e-06,0.5715608666071639,-0.13218651743416043,-0.13218651743416043,67.96914985358174,False,-6.558854528852302e-06,6.103515625e-06,False
trial,348,348,348,417.37287294433384,1043.6621354921504,417.37287294433384,1043.6621354921504,1638,819,0,0,1638,819,559326,279663,819000.0,279663000.0,1000.0,True,True,690,345,0,0,1638,819,3.0517578125e-06,0.5715608666071639,0.42345835605284177,0.42345835605284177,30.362916860486138,False,-3.7384872123355293e-06,3.0517578125e-06,True
trial,349,349,348,417.37287334878806,1043.6602299702495,417.37287294433384,1043.6621354921504,1638,819,0,0,1638,819,560964,280482,819000.0,280482000.0,1000.0,True,True,690,345,0,0,1638,819,6.103515625e-06,0.4524542249732715,-0.07614077910573899,-0.07614077910573899,358.7251970934358,False,-5.311926556372436e-06,6.103515625e-06,False
trial,350,350,350,417.3728720886648,1043.6622155662935,417.3728720886648,1043.6622155662935,1638,819,0,0,1638,819,562602,281301,819000.0,281301000.0,1000.0,True,True,690,345,0,0,1638,819,3.0517578125e-06,0.4524542249732715,0.28982537496443705,0.28982537496443705,-27.122073369818793,False,-2.9523606871241565e-06,3.0517578125e-06,True
trial,351,351,350,417.3728729327586,1043.662517711749,417.3728720886648,1043.6622155662935,1638,819,0,0,1638,819,564240,282120,819000.0,282120000.0,1000.0,True,True,690,345,0,0,1638,819,6.103515625e-06,0.5678746681877616,-0.1286972809833835,-0.1286972809833835,-46.067509338115215,False,-6.5587538755282905e-06,6.103515625e-06,False
trial,352,352,352,417.37287052645485,1043.662524735501,417.37287052645485,1043.662524735501,1638,819,0,0,1638,819,565878,282939,819000.0,282939000.0,1000.0,True,True,690,345,0,0,1638,819,3.0517578125e-06,0.5678746681877616,0.4200312990628698,0.4200312990628698,-83.12630719165261,False,-3.7192703231648277e-06,3.0517578125e-06,True
trial,353,353,352,417.37287099390556,1043.6626349393314,417.37287052645485,1043.662524735501,1638,819,0,0,1638,819,567516,283758,819000.0,283758000.0,1000.0,True,True,690,345,0,0,1638,819,6.103515625e-06,0.47055306039678696,-0.08640973432704695,-0.08640973432704695,-20.371524400733257,False,-5.409699749385314e-06,6.103515625e-06,False
trial,354,354,354,417.3728696844826,1043.6621073891592,417.3728696844826,1043.6621073891592,1638,819,0,0,1638,819,569154,284577,819000.0,284577000.0,1000.0,True,True,690,345,0,0,1638,819,3.0517578125e-06,0.47055306039678696,0.2844383771763476,0.2844383771763476,140.98958711274622,False,-2.960121738339013e-06,3.0517578125e-06,True
trial,355,355,354,417.37287049373424,1043.6619362116119,417.3728696844826,1043.6621073891592,1638,819,0,0,1638,819,570792,285396,819000.0,285396000.0,1000.0,True,True,690,345,0,0,1638,819,6.103515625e-06,0.5679616499029396,-0.1236673218540887,-0.1236673218540887,26.158821811232624,False,-6.543778944156314e-06,6.103515625e-06,False
trial,356,356,356,417.37286811101313,1043.6624859306166,417.37286811101313,1043.6624859306166,1638,819,0,0,1638,819,572430,286215,819000.0,286215000.0,1000.0,True,True,690,345,0,0,1638,819,3.0517578125e-06,0.5679616499029396,0.42180600081834124,0.42180600081834124,-101.47706029324412,False,-3.7303155639326607e-06,3.0517578125e-06,True
trial,357,357,356,417.37286846241886,1043.662746219673,417.37286811101313,1043.6624859306166,1638,819,0,0,1638,819,574068,287034,819000.0,287034000.0,1000.0,True,True,690,345,0,0,1638,819,6.103515625e-06,0.4537311131644453,-0.06503467555211628,-0.06503467555211628,-48.17170815706276,False,-5.403359487798441e-06,6.103515625e-06,False
trial,358,358,358,417.37286725437895,1043.6621098320193,417.37286725437895,1043.6621098320193,1638,819,0,0,1638,819,575706,287853,819000.0,287853000.0,1000.0,True,True,690,345,0,0,1638,819,3.0517578125e-06,0.4537311131644453,0.2899961777908138,0.2899961777908138,127.3205731114507,False,-2.9539499248255086e-06,3.0517578125e-06,True
trial,359,359,358,417.3728680872382,1043.6626745873248,417.37286725437895,1043.6621098320193,1638,819,0,0,1638,819,577344,288672,819000.0,288672000.0,1000.0,True,True,690,345,0,0,1638,819,6.103515625e-06,0.5613027451820629,-0.12773172657247722,-0.12773172657247722,-86.61387821130823,False,-6.520378918102941e-06,6.103515625e-06,False
trial,360,360,360,417.3728657102306,1043.6624110310381,417.3728657102306,1043.6624110310381,1638,819,0,0,1638,819,578982,289491,819000.0,289491000.0,1000.0,True,True,690,345,0,0,1638,819,3.0517578125e-06,0.5613027451820629,0.4174552142447401,0.4174552142447401,-81.4281226226013,False,-3.6989557065647996e-06,3.0517578125e-06,True
trial,361,361,360,417.3728662977073,1043.6627379644451,417.3728657102306,1043.6624110310381,1638,819,0,0,1638,819,580620,290310,819000.0,290310000.0,1000.0,True,True,690,345,0,0,1638,819,6.103515625e-06,0.45994362033987807,-0.10811159374987533,-0.10811159374987533,-60.16458705366945,False,-5.433984059491394e-06,6.103515625e-06,False
trial,362,362,362,417.3728648454402,1043.6618769296228,417.3728648454402,1043.6618769296228,1638,819,0,0,1638,819,582258,291129,819000.0,291129000.0,1000.0,True,True,690,345,0,0,1638,819,3.0517578125e-06,0.45994362033987807,0.2898088196331494,0.2898088196331494,178.98822271517753,False,-2.9840031213618846e-06,3.0517578125e-06,True
trial,363,363,362,417.3728656875925,1043.6627873833306,417.3728648454402,1043.6618769296228,1638,819,0,0,1638,819,583896,291948,819000.0,291948000.0,1000.0,True,True,690,345,0,0,1638,819,6.103515625e-06,0.5646794394998861,-0.12879564316127137,-0.12879564316127137,-139.24140607491333,False,-6.538670740546935e-06,6.103515625e-06,False
trial,364,364,364,417.37286329403906,1043.6623836520644,417.37286329403906,1043.6623836520644,1638,819,0,0,1638,819,585534,292767,819000.0,292767000.0,1000.0,True,True,690,345,0,0,1638,819,3.0517578125e-06,0.5646794394998861,0.4184939281764927,0.4184939281764927,-136.68951462045985,False,-3.7071054273715137e-06,3.0517578125e-06,True
trial,365,365,364,417.37286389138114,1043.6619292266785,417.37286329403906,1043.6623836520644,1638,819,0,0,1638,819,587172,293586,819000.0,293586000.0,1000.0,True,True,690,345,0,0,1638,819,6.103515625e-06,0.48201938137747546,-0.11051516488873778,-0.11051516488873778,84.07393041657983,False,-5.405068891689033e-06,6.103515625e-06,False
trial,366,366,366,417.37286243949836,1043.6621127203393,417.37286243949836,1043.6621127203393,1638,819,0,0,1638,819,588810,294405,819000.0,294405000.0,1000.0,True,True,690,345,0,0,1638,819,3.0517578125e-06,0.48201938137747546,0.28739304811043237,0.28739304811043237,91.11782992390867,False,-2.973421615206477e-06,3.0517578125e-06,True
trial,367,367,366,417.3728632607273,1043.6626866300107,417.37286243949836,1043.6621127203393,1638,819,0,0,1638,819,590448,295224,819000.0,295224000.0,1000.0,True,True,690,345,0,0,1638,819,6.103515625e-06,0.5652717182907342,-0.1256133087834426,-0.1256133087834426,-87.78391839475097,False,-6.5377540886427165e-06,6.103515625e-06,False
trial,368,368,368,417.3728609060598,1043.6619601217142,417.3728609060598,1043.6619601217142,1638,819,0,0,1638,819,592086,296043,819000.0,296043000.0,1000.0,True,True,690,345,0,0,1638,819,3.0517578125e-06,0.5652717182907342,0.4155549870987618,0.4155549870987618,41.35354515551167,False,-3.690097779760794e-06,3.0517578125e-06,True
trial,369,369,368,417.3728614797167,1043.6626265916725,417.3728609060598,1043.6619601217142,1638,819,0,0,1638,819,593724,296862,819000.0,296862000.0,1000.0,True,True,690,345,0,0,1638,819,6.103515625e-06,0.45805996062709947,-0.10564048409110414,-0.10564048409110414,-122.73227321468804,False,-5.430274701803268e-06,6.103515625e-06,False
trial,370,370,370,417.3728600306671,1043.6622307588657,417.3728600306671,1043.6622307588657,1638,819,0,0,1638,819,595362,297681,819000.0,297681000.0,1000.0,True,True,690,345,0,0,1638,819,3.0517578125e-06,0.45805996062709947,0.29208289252334274,0.29208289252334274,-90.30059096866182,False,-2.9970695497431148e-06,3.0517578125e-06,True
trial,371,371,370,417.37286085801674,1043.6626684856399,417.3728600306671,1043.6622307588657,1638,819,0,0,1638,819,597000,298500,819000.0,298500000.0,1000.0,True,True,690,345,0,0,1638,819,6.103515625e-06,0.5674864457413333,-0.12633646673224425,-0.12633646673224425,-66.8409709450647,False,-6.548779408664645e-06,6.103515625e-06,False
trial,372,372,372,417.3728584686975,1043.662516492424,417.3728584686975,1043.662516492424,1638,819,0,0,1638,819,598638,299319,819000.0,299319000.0,1000.0,True,True,690,345,0,0,1638,819,3.0517578125e-06,0.5674864457413333,0.4201135093289072,0.4201135093289072,-76.852025170147,False,-3.7179704454757048e-06,3.0517578125e-06,True
trial,373,373,372,417.37285902982615,1043.6627734385002,417.3728584686975,1043.662516492424,1638,819,0,0,1638,819,600276,300138,819000.0,300138000.0,1000.0,True,True,690,345,0,0,1638,819,6.103515625e-06,0.45517901718024273,-0.10363808122395635,-0.10363808122395635,-47.45684835772573,False,-5.414309738169699e-06,6.103515625e-06,False
trial,374,374,374,417.3728576101721,1043.6622019742701,417.3728576101721,1043.6622019742701,1638,819,0,0,1638,819,601914,300957,819000.0,300957000.0,1000.0,True,True,690,345,0,0,1638,819,3.0517578125e-06,0.45517901718024273,0.29003200954111996,0.29003200954111996,106.25234334367934,False,-2.9601055741698707e-06,3.0517578125e-06,True
trial,375,375,374,417.3728584247781,1043.662799139735,417.3728576101721,1043.6622019742701,1638,819,0,0,1638,819,603552,301776,819000.0,301776000.0,1000.0,True,True,690,345,0,0,1638,819,6.103515625e-06,0.5650906022415236,-0.12499118494948866,-0.12499118494948866,-91.6276342721049,False,-6.517307464504632e-06,6.103515625e-06,False
trial,376,376,376,417.37285606756666,1043.6626972724737,417.37285606756666,1043.6626972724737,1638,819,0,0,1638,819,605190,302595,819000.0,302595000.0,1000.0,True,True,690,345,0,0,1638,819,3.0517578125e-06,0.5650906022415236,0.4173720315526208,0.4173720315526208,-134.0093916835079,False,-3.695996208249012e-06,3.0517578125e-06,True
trial,377,377,376,417.372856432801,1043.6624480707937,417.37285606756666,1043.6626972724737,1638,819,0,0,1638,819,606828,303414,819000.0,303414000.0,1000.0,True,True,690,345,0,0,1638,819,6.103515625e-06,0.46312023844791605,-0.06724818588429358,-0.06724818588429358,45.88386210440053,False,-5.431140024092273e-06,6.103515625e-06,False
trial,378,378,378,417.3728551892252,1043.6625017561541,417.3728551892252,1043.6625017561541,1638,819,0,0,1638,819,608466,304233,819000.0,304233000.0,1000.0,True,True,690,345,0,0,1638,819,3.0517578125e-06,0.46312023844791605,0.2934688430356622,0.2934688430356622,65.32533427351595,False,-2.9929631698103345e-06,3.0517578125e-06,True
trial,379,379,378,417.37285607629326,1043.6620695340155,417.3728551892252,1043.6625017561541,1638,819,0,0,1638,819,610104,305052,819000.0,305052000.0,1000.0,True,True,690,345,0,0,1638,819,6.103515625e-06,0.5701548647297073,-0.13777727766585363,-0.13777727766585363,67.13170456346931,False,-6.43842043756644e-06,6.103515625e-06,False
trial,380,380,380,417.3728536371448,1043.6625897538026,417.3728536371448,1043.6625897538026,1638,819,0,0,1638,819,611742,305871,819000.0,305871000.0,1000.0,True,True,690,345,0,0,1638,819,3.0517578125e-06,0.5701548647297073,0.4190423509346551,0.4190423509346551,-23.758266880152885,False,-3.703874905966093e-06,3.0517578125e-06,True
trial,381,381,380,417.37285395119056,1043.662899124945,417.3728536371448,1043.6625897538026,1638,819,0,0,1638,819,613380,306690,819000.0,306690000.0,1000.0,True,True,690,345,0,0,1638,819,6.103515625e-06,0.45390338889349974,-0.05797652380090997,-0.05797652380090997,-57.113528820395956,False,-5.416775126368609e-06,6.103515625e-06,False
trial,382,382,382,417.372852767068,1043.6625278859403,417.372852767068,1043.6625278859403,1638,819,0,0,1638,819,615018,307509,819000.0,307509000.0,1000.0,True,True,690,345,0,0,1638,819,3.0517578125e-06,0.45390338889349974,0.29150273952405814,0.29150273952405814,20.727655833212847,False,-2.984797837822481e-06,3.0517578125e-06,True
trial,383,383,382,417.372853650736,1043.6628994339583,417.372852767068,1043.6625278859403,1638,819,0,0,1638,819,616656,308328,819000.0,308328000.0,1000.0,True,True,690,345,0,0,1638,819,6.103515625e-06,0.5684607528195432,-0.1354199436800184,-0.1354199436800184,-56.93882141139454,False,-6.5253900366769e-06,6.103515625e-06,False
trial,384,384,384,417.37285122526384,1043.6622804626375,417.37285122526384,1043.6622804626375,1638,819,0,0,1638,819,618294,309147,819000.0,309147000.0,1000.0,True,True,690,345,0,0,1638,819,3.0517578125e-06,0.5684607528195432,0.41695316945582495,0.41695316945582495,66.91117561504095,False,-3.6977874115398985e-06,3.0517578125e-06,True
trial,385,385,384,417.3728517811287,1043.662887090321,417.37285122526384,1043.6622804626375,1638,819,0,0,1638,819,619932,309966,819000.0,309966000.0,1000.0,True,True,690,345,0,0,1638,819,6.103515625e-06,0.463490091070915,-0.10240229313786102,-0.10240229313786102,-111.7539001833694,False,-5.428246195565142e-06,6.103515625e-06,False
trial,386,386,386,417.37285033407454,1043.6627686045836,417.37285033407454,1043.6627686045836,1638,819,0,0,1638,819,621570,310785,819000.0,310785000.0,1000.0,True,True,690,345,0,0,1638,819,3.0517578125e-06,0.463490091070915,0.29877096746416415,0.29877096746416415,-163.64945268714698,False,-2.9828510764428193e-06,3.0517578125e-06,True
trial,387,387,386,417.37285124623634,1043.6630177958637,417.37285033407454,1043.6627686045836,1638,819,0,0,1638,819,623208,311604,819000.0,311604000.0,1000.0,True,True,690,345,0,0,1638,819,6.103515625e-06,0.5686784412617453,-0.14047519344220624,-0.14047519344220624,-38.376079186017556,False,-6.4934012378573825e-06,6.103515625e-06,False
trial,388,388,388,417.37284879930996,1043.6627793282505,417.37284879930996,1043.6627793282505,1638,819,0,0,1638,819,624846,312423,819000.0,312423000.0,1000.0,True,True,690,345,0,0,1638,819,3.0517578125e-06,0.5686784412617453,0.4158701651257093,0.4158701651257093,-2.9057571474692674,False,-3.690489742328408e-06,3.0517578125e-06,True
trial,389,389,388,417.37284931091807,1043.6626629081527,417.37284879930996,1043.6627793282505,1638,819,0,0,1638,819,626484,313242,819000.0,313242000.0,1000.0,True,True,690,345,0,0,1638,819,6.103515625e-06,0.45543530640857083,-0.09372656618937793,-0.09372656618937793,21.3281530416955,False,-5.45851755580485e-06,6.103515625e-06,False
trial,390,390,390,417.3728479228931,1043.6625547396825,417.3728479228931,1043.6625547396825,1638,819,0,0,1638,819,628122,314061,819000.0,314061000.0,1000.0,True,True,690,345,0,0,1638,819,3.0517578125e-06,0.45543530640857083,0.2927811182353521,0.2927811182353521,75.02741304686761,False,-2.993420123341796e-06,3.0517578125e-06,True
trial,391,391,390,417.37284885682266,1043.6622738613173,417.3728479228931,1043.6625547396825,1638,819,0,0,1638,819,629760,314880,819000.0,314880000.0,1000.0,True,True,690,345,0,0,1638,819,6.103515625e-06,0.5816201121676734,-0.14426082116496003,-0.14426082116496003,43.38629409239685,False,-6.47389621653933e-06,6.103515625e-06,False
trial,392,392,392,417.3728463858382,1043.6627345602917,417.3728463858382,1043.6627345602917,1638,819,0,0,1638,819,631398,315699,819000.0,315699000.0,1000.0,True,True,690,345,0,0,1638,819,3.0517578125e-06,0.5816201121676734,0.4165111236871842,0.4165111236871842,-48.727788523713066,False,-3.6903092602169236e-06,3.0517578125e-06,True
trial,393,393,392,417.37284690525445,1043.662527776194,417.3728463858382,1043.6627345602917,1638,819,0,0,1638,819,633036,316518,819000.0,316518000.0,1000.0,True,True,690,345,0,0,1638,819,6.103515625e-06,0.45529688725047085,-0.09547192143089517,-0.09547192143089517,38.008198197602816,False,-5.440513031546649e-06,6.103515625e-06,False
trial,394,394,394,417.37284551653033,1043.6623363927097,417.37284551653033,1043.6623363927097,1638,819,0,0,1638,819,634674,317337,819000.0,317337000.0,1000.0,True,True,690,345,0,0,1638,819,3.0517578125e-06,0.45529688725047085,0.2911231316648135,0.2911231316648135,133.34262317611436,False,-2.986048815825843e-06,3.0517578125e-06,True
trial,395,395,394,417.37284642434463,1043.662607098065,417.37284551653033,1043.6623363927097,1638,819,0,0,1638,819,636312,318156,819000.0,318156000.0,1000.0,True,True,690,345,0,0,1638,819,6.103515625e-06,0.5681682903885521,-0.1395983918850352,-0.1395983918850352,-41.62749191508397,False,-6.503042652326439e-06,6.103515625e-06,False
trial,396,396,396,417.37284397122926,1043.6625324052518,417.37284397122926,1043.6625324052518,1638,819,0,0,1638,819,637950,318975,819000.0,318975000.0,1000.0,True,True,690,345,0,0,1638,819,3.0517578125e-06,0.5681682903885521,0.4178891570596228,0.4178891570596228,-53.0068330001621,False,-3.6978731047487145e-06,3.0517578125e-06,True
trial,397,397,396,417.3728443235732,1043.6624293343684,417.37284397122926,1043.6625324052518,1638,819,0,0,1638,819,639588,319794,819000.0,319794000.0,1000.0,True,True,690,345,0,0,1638,819,6.103515625e-06,0.45303584220686927,-0.06478786699120226,-0.06478786699120226,18.952341957855744,False,-5.43842463368279e-06,6.103515625e-06,False
trial,398,398,398,417.3728430888968,1043.66264962444,417.3728430888968,1043.66264962444,1638,819,0,0,1638,819,641226,320613,819000.0,320613000.0,1000.0,True,True,690,345,0,0,1638,819,3.0517578125e-06,0.45303584220686927,0.2951936865866304,0.2951936865866304,-39.216922671262246,False,-2.988995063467542e-06,3.0517578125e-06,True
trial,399,399,398,417.3728440017177,1043.6629356377648,417.3728430888968,1043.66264962444,1638,819,0,0,1638,819,642864,321432,819000.0,321432000.0,1000.0,True,True,690,345,0,0,1638,819,6.103515625e-06,0.5690545401879167,-0.140572989413258,-0.140572989413258,-44.04560447301715,False,-6.49357247247583e-06,6.103515625e-06,False
trial,400,400,400,417.37284155674035,1043.662681640287,417.37284155674035,1043.662681640287,1638,819,0,0,1638,819,644502,322251,819000.0,322251000.0,1000.0,True,True,690,345,0,0,1638,819,3.0517578125e-06,0.5690545401879167,0.41543432828370414,0.41543432828370414,-8.680890277775283,False,-3.6880833567103206e-06,3.0517578125e-06,True
trial,401,401,400,417.3728420551955,1043.662567466659,417.37284155674035,1043.662681640287,1638,819,0,0,1638,819,646140,323070,819000.0,323070000.0,1000.0,True,True,690,345,0,0,1638,819,6.103515625e-06,0.4556551172352622,-0.09129931028620283,-0.09129931028620283,20.912559869555242,False,-5.459572077606021e-06,6.103515625e-06,False
trial,402,402,402,417.37284068547524,1043.6621929510081,417.37284068547524,1043.6621929510081,1638,819,0,0,1638,819,647778,323889,819000.0,323889000.0,1000.0,True,True,690,345,0,0,1638,819,3.0517578125e-06,0.4556551172352622,0.2920859420113655,0.2920859420113655,163.8298904529639,False,-2.9829067060390756e-06,3.0517578125e-06,True
trial,403,403,402,417.3728415972362,1043.662697816305,417.37284068547524,1043.6621929510081,1638,819,0,0,1638,819,649416,324708,819000.0,324708000.0,1000.0,True,True,690,345,0,0,1638,819,6.103515625e-06,0.5678308922006995,-0.14065628371912609,-0.14065628371912609,-77.88497365921312,False,-6.482191275696928e-06,6.103515625e-06,False
trial,404,404,404,417.3728391569198,1043.6624635569804,417.3728391569198,1043.6624635569804,1638,819,0,0,1638,819,651054,325527,819000.0,325527000.0,1000.0,True,True,690,345,0,0,1638,819,3.0517578125e-06,0.5678308922006995,0.41453387177033896,0.41453387177033896,-73.38650409156918,False,-3.68740786290849e-06,3.0517578125e-06,True
trial,405,405,404,417.3728396447534,1043.6628941467186,417.3728391569198,1043.6624635569804,1638,819,0,0,1638,819,652692,326346,819000.0,326346000.0,1000.0,True,True,690,345,0,0,1638,819,6.103515625e-06,0.4580166140671246,-0.08912699841483684,-0.08912699841483684,-78.66856333397037,False,-5.473466401258017e-06,6.103515625e-06,False
trial,406,406,406,417.3728382690154,1043.662650835151,417.3728382690154,1043.662650835151,1638,819,0,0,1638,819,654330,327165,819000.0,327165000.0,1000.0,True,True,690,345,0,0,1638,819,3.0517578125e-06,0.4580166140671246,0.29513581915778997,0.29513581915778997,-62.250505458388915,False,-3.0084602408191345e-06,3.0517578125e-06,True
trial,407,407,406,417.37283901874,1043.6626489552546,417.3728382690154,1043.662650835151,1638,819,0,0,1638,819,655968,327984,819000.0,327984000.0,1000.0,True,True,690,345,0,0,1638,819,6.103515625e-06,0.5695527318032121,-0.11570849953968833,-0.11570849953968833,0.2901331916546569,False,-6.479425652794013e-06,6.103515625e-06,False
trial,408,408,408,417.3728367366509,1043.6630574319647,417.3728367366509,1043.6630574319647,1638,819,0,0,1638,819,657606,328803,819000.0,328803000.0,1000.0,True,True,690,345,0,0,1638,819,3.0517578125e-06,0.5695527318032121,0.4154607507073278,0.4154607507073278,-110.23814490143548,False,-3.6883495643172534e-06,3.0517578125e-06,True
trial,409,409,408,417.37283712410067,1043.6633053949788,417.3728367366509,1043.6630574319647,1638,819,0,0,1638,819,659244,329622,819000.0,329622000.0,1000.0,True,True,690,345,0,0,1638,819,6.103515625e-06,0.4555455233648824,-0.07086276367595586,-0.07086276367595586,-45.35128668061952,False,-5.467607034744979e-06,6.103515625e-06,False
trial,410,410,410,417.372835855316,1043.662380696378,417.372835855316,1043.662380696378,1638,819,0,0,1638,819,660882,330441,819000.0,330441000.0,1000.0,True,True,690,345,0,0,1638,819,3.0517578125e-06,0.4555455233648824,0.2959507828840286,0.2959507828840286,227.24666933491088,False,-2.9779780213049652e-06,3.0517578125e-06,True
trial,411,411,410,417.37283677876576,1043.6627556637175,417.372835855316,1043.662380696378,1638,819,0,0,1638,819,662520,331260,819000.0,331260000.0,1000.0,True,True,690,345,0,0,1638,819,6.103515625e-06,0.5606382287219999,-0.14321461180773226,-0.14321461180773226,-58.15238058457485,False,-6.448013575200005e-06,6.103515625e-06,False
trial,412,412,412,417.3728343205587,1043.66237403237,417.3728343205587,1043.66237403237,1638,819,0,0,1638,819,664158,332079,819000.0,332079000.0,1000.0,True,True,690,345,0,0,1638,819,3.0517578125e-06,0.5606382287219999,0.4202387152745762,0.4202387152745762,1.8247016273869647,False,-3.6521083060527994e-06,3.0517578125e-06,True
trial,413,413,412,417.3728348823471,1043.662798906912,417.3728343205587,1043.66237403237,1638,819,0,0,1638,819,665796,332898,819000.0,332898000.0,1000.0,True,True,690,345,0,0,1638,819,6.103515625e-06,0.46161460266841486,-0.1034246848616736,-0.1034246848616736,-78.21898037377262,False,-5.4318598880601595e-06,6.103515625e-06,False
trial,414,414,414,417.372833446599,1043.6628149615299,417.372833446599,1043.6628149615299,1638,819,0,0,1638,819,667434,333717,819000.0,333717000.0,1000.0,True,True,690,345,0,0,1638,819,3.0517578125e-06,0.46161460266841486,0.29190513567721815,0.29190513567721815,-147.2716455794877,False,-2.993985421207267e-06,3.0517578125e-06,True
trial,415,415,414,417.3728343274221,1043.6632927066767,417.372833446599,1043.6628149615299,1638,819,0,0,1638,819,669072,334536,819000.0,334536000.0,1000.0,True,True,690,345,0,0,1638,819,6.103515625e-06,0.5673334543340038,-0.1347821586414696,-0.1347821586414696,-73.10380657554809,False,-6.535161015014353e-06,6.103515625e-06,False
trial,416,416,416,417.3728318978308,1043.6626283451733,417.3728318978308,1043.6626283451733,1638,819,0,0,1638,819,670710,335355,819000.0,335355000.0,1000.0,True,True,690,345,0,0,1638,819,3.0517578125e-06,0.5673334543340038,0.4181625062293064,0.4181625062293064,50.385825505145284,False,-3.7037471295850562e-06,3.0517578125e-06,True
trial,417,417,416,417.37283245901676,1043.6626504044439,417.3728318978308,1043.6626283451733,1638,819,0,0,1638,819,672348,336174,819000.0,336174000.0,1000.0,True,True,690,345,0,0,1638,819,6.103515625e-06,0.45520293832529335,-0.10364758068325763,-0.10364758068325763,-4.074210951143794,False,-5.4143663256092775e-06,6.103515625e-06,False
trial,418,418,418,417.3728310433053,1043.6625347882546,417.3728310433053,1043.6625347882546,1638,819,0,0,1638,819,673986,336993,819000.0,336993000.0,1000.0,True,True,690,345,0,0,1638,819,3.0517578125e-06,0.45520293832529335,0.2875884353700257,0.2875884353700257,31.48634991620337,False,-2.9713485042467183e-06,3.0517578125e-06,True
trial,419,419,418,417.372831942248,1043.6630691985856,417.3728310433053,1043.6625347882546,1638,819,0,0,1638,819,675624,337812,819000.0,337812000.0,1000.0,True,True,690,345,0,0,1638,819,6.103515625e-06,0.5669817596414716,-0.13747948564977744,-0.13747948564977744,-81.72985716373054,False,-6.538740548459385e-06,6.103515625e-06,False
trial,420,420,420,417.3728294855855,1043.6628283249438,417.3728294855855,1043.6628283249438,1638,819,0,0,1638,819,677262,338631,819000.0,338631000.0,1000.0,True,True,690,345,0,0,1638,819,3.0517578125e-06,0.5669817596414716,0.4197635206527805,0.4197635206527805,-79.10022841628326,False,-3.710946164362341e-06,3.0517578125e-06,True
trial,421,421,420,417.3728300490345,1043.6620949445723,417.3728294855855,1043.6628283249438,1638,819,0,0,1638,819,678900,339450,819000.0,339450000.0,1000.0,True,True,690,345,0,0,1638,819,6.103515625e-06,0.4501663863935707,-0.1048844319919855,-0.1048844319919855,136.51666940286745,False,-5.3720939330351905e-06,6.103515625e-06,False
trial,422,422,422,417.37282862700044,1043.6628693339726,417.37282862700044,1043.6628693339726,1638,819,0,0,1638,819,680538,340269,819000.0,340269000.0,1000.0,True,True,690,345,0,0,1638,819,3.0517578125e-06,0.4501663863935707,0.2890071531461425,0.2890071531461425,-13.803993690493506,False,-2.970809007228969e-06,3.0517578125e-06,True
trial,423,423,422,417.3728295482796,1043.662589807804,417.37282862700044,1043.6628693339726,1638,819,0,0,1638,819,682176,341088,819000.0,341088000.0,1000.0,True,True,690,345,0,0,1638,819,6.103515625e-06,0.5686331138138413,-0.14165464772708672,-0.14165464772708672,42.97956972072579,False,-6.503698629681276e-06,6.103515625e-06,False
trial,424,424,424,417.372827071498,1043.662820676256,417.372827071498,1043.662820676256,1638,819,0,0,1638,819,683814,341907,819000.0,341907000.0,1000.0,True,True,690,345,0,0,1638,819,3.0517578125e-06,0.5686331138138413,0.41911796095632775,0.41911796095632775,13.110441169146902,False,-3.711371420184521e-06,3.0517578125e-06,True
trial,425,425,424,417.3728276642021,1043.662425710936,417.372827071498,1043.662820676256,1638,819,0,0,1638,819,685452,342726,819000.0,342726000.0,1000.0,True,True,690,345,0,0,1638,819,6.103515625e-06,0.45377709607364053,-0.11031513164655624,-0.11031513164655624,73.51164701575846,False,-5.372826428054156e-06,6.103515625e-06,False
trial,426,426,426,417.3728261874641,1043.6621154969848,417.3728261874641,1043.6621154969848,1638,819,0,0,1638,819,687090,343545,819000.0,343545000.0,1000.0,True,True,690,345,0,0,1638,819,3.0517578125e-06,0.45377709607364053,0.30065191381028344,0.30065191381028344,239.82507371560462,False,-2.940390094258324e-06,3.0517578125e-06,True
trial,427,427,426,417.3728270349424,1043.662611906764,417.3728261874641,1043.6621154969848,1638,819,0,0,1638,819,688728,344364,819000.0,344364000.0,1000.0,True,True,690,345,0,0,1638,819,6.103515625e-06,0.5479829305073218,-0.13373247706658303,-0.13373247706658303,-78.33369780823685,False,-6.337116630242082e-06,6.103515625e-06,False
trial,428,428,428,417.37282473082394,1043.6623760103942,417.37282473082394,1043.6623760103942,1638,819,0,0,1638,819,690366,345183,819000.0,345183000.0,1000.0,True,True,690,345,0,0,1638,819,3.0517578125e-06,0.5479829305073218,0.40323711258219996,0.40323711258219996,-72.11710661251998,False,-3.6123663519920094e-06,3.0517578125e-06,True
trial,429,429,428,417.37282534441823,1043.6628132944807,417.37282473082394,1043.6623760103942,1638,819,0,0,1638,819,692004,346002,819000.0,346002000.0,1000.0,True,True,690,345,0,0,1638,819,6.103515625e-06,0.46942833977249254,-0.11109806031983306,-0.11109806031983306,-79.17513931498955,False,-5.522997373733572e-06,6.103515625e-06,False
trial,430,430,430,417.37282380870147,1043.6621372646405,417.37282380870147,1043.6621372646405,1638,819,0,0,1638,819,693642,346821,819000.0,346821000.0,1000.0,True,True,690,345,0,0,1638,819,3.0517578125e-06,0.46942833977249254,0.30324492834239986,0.30324492834239986,78.51282398524366,False,-3.0408504185490284e-06,3.0517578125e-06,True
trial,431,431,430,417.3728246781393,1043.6621666655992,417.37282380870147,1043.6621372646405,1638,819,0,0,1638,819,695280,347640,819000.0,347640000.0,1000.0,True,True,690,345,0,0,1638,819,6.103515625e-06,0.5497670171615124,-0.1375763004780153,-0.1375763004780153,-4.652287961024874,False,-6.319677325250356e-06,6.103515625e-06,False
trial,432,432,432,417.3728223412562,1043.6623299909916,417.3728223412562,1043.6623299909916,1638,819,0,0,1638,819,696918,348459,819000.0,348459000.0,1000.0,True,True,690,345,0,0,1638,819,3.0517578125e-06,0.5497670171615124,0.40554494858514195,0.40554494858514195,-53.262087756076816,False,-3.6184528096333257e-06,3.0517578125e-06,True
trial,433,433,432,417.3728229601189,1043.6628446728819,417.3728223412562,1043.6623299909916,1638,819,0,0,1638,819,698556,349278,819000.0,349278000.0,1000.0,True,True,690,345,0,0,1638,819,6.103515625e-06,0.46521973350190593,-0.11267364430547908,-0.11267364430547908,-93.70589458797009,False,-5.492524163732177e-06,6.103515625e-06,False
trial,434,434,434,417.3728214089439,1043.662496793431,417.3728214089439,1043.662496793431,1638,819,0,0,1638,819,700194,350097,819000.0,350097000.0,1000.0,True,True,690,345,0,0,1638,819,3.0517578125e-06,0.46521973350190593,0.30599085279473803,0.30599085279473803,-54.745624337104005,False,-3.0468634068943495e-06,3.0517578125e-06,True
trial,435,435,434,417.37282224575824,1043.663032160923,417.3728214089439,1043.662496793431,1638,819,0,0,1638,819,701832,350916,819000.0,350916000.0,1000.0,True,True,690,345,0,0,1638,819,6.103515625e-06,0.5527458162225445,-0.13086897744218878,-0.13086897744218878,-83.72585261911989,False,-6.394291311144749e-06,6.103515625e-06,False
trial,436,436,436,417.372819931786,1043.662975153913,417.372819931786,1043.662975153913,1638,819,0,0,1638,819,703470,351735,819000.0,351735000.0,1000.0,True,True,690,345,0,0,1638,819,3.0517578125e-06,0.5527458162225445,0.4068940546460267,0.4068940546460267,-131.76793121385933,False,-3.6303255095054626e-06,3.0517578125e-06,True
trial,437,437,436,417.3728205144677,1043.6633987705702,417.372819931786,1043.662975153913,1638,819,0,0,1638,819,705108,352554,819000.0,352554000.0,1000.0,True,True,690,345,0,0,1638,819,6.103515625e-06,0.46468365876595,-0.1057256914348167,-0.1057256914348167,-76.86385794614354,False,-5.511259367716592e-06,6.103515625e-06,False
trial,438,438,438,417.3728190101682,1043.662625490723,417.3728190101682,1043.662625490723,1638,819,0,0,1638,819,706746,353373,819000.0,353373000.0,1000.0,True,True,690,345,0,0,1638,819,3.0517578125e-06,0.46468365876595,0.3032746998242791,0.3032746998242791,115.06287930427698,False,-3.038887885914013e-06,3.0517578125e-06,True
trial,439,439,438,417.3728198611965,1043.663239441569,417.3728190101682,1043.662625490723,1638,819,0,0,1638,819,708384,354192,819000.0,354192000.0,1000.0,True,True,690,345,0,0,1638,819,6.103515625e-06,0.5539580131196152,-0.13289175824494318,-0.13289175824494318,-95.871087235427,False,-6.403920761197317e-06,6.103515625e-06,False
trial,440,440,440,417.372817526161,1043.6630753067338,417.372817526161,1043.6630753067338,1638,819,0,0,1638,819,710022,355011,819000.0,355011000.0,1000.0,True,True,690,345,0,0,1638,819,3.0517578125e-06,0.5539580131196152,0.4079248295799589,0.4079248295799589,-123.64570591185269,False,-3.6379428423891207e-06,3.0517578125e-06,True
trial,441,441,440,417.3728180615942,1043.6629369618718,417.372817526161,1043.6630753067338,1638,819,0,0,1638,819,711660,355830,819000.0,355830000.0,1000.0,True,True,690,345,0,0,1638,819,6.103515625e-06,0.4647921257265931,-0.09755282683675603,-0.09755282683675603,25.205630904268652,False,-5.488649048516627e-06,6.103515625e-06,False
trial,442,442,442,417.37281661520177,1043.6628956424474,417.37281661520177,1043.6628956424474,1638,819,0,0,1638,819,713298,356649,819000.0,356649000.0,1000.0,True,True,690,345,0,0,1638,819,3.0517578125e-06,0.4647921257265931,0.30082348236583156,0.30082348236583156,59.33002857542238,False,-3.0282184371120344e-06,3.0517578125e-06,True
trial,443,443,442,417.37281745395694,1043.6631717929458,417.37281661520177,1043.6628956424474,1638,819,0,0,1638,819,714936,357468,819000.0,357468000.0,1000.0,True,True,690,345,0,0,1638,819,6.103515625e-06,0.5567076055416218,-0.13069000454936092,-0.13069000454936092,-43.028181730869505,False,-6.417898393219179e-06,6.103515625e-06,False
trial,444,444,444,417.3728151276275,1043.6630423477068,417.3728151276275,1043.6630423477068,1638,819,0,0,1638,819,716574,358287,819000.0,358287000.0,1000.0,True,True,690,345,0,0,1638,819,3.0517578125e-06,0.5567076055416218,0.4083453948435472,0.4083453948435472,-40.27121131008318,False,-3.6429313787009003e-06,3.0517578125e-06,True
trial,445,445,444,417.3728157163057,1043.6629316885233,417.3728151276275,1043.6630423477068,1638,819,0,0,1638,819,718212,359106,819000.0,359106000.0,1000.0,True,True,690,345,0,0,1638,819,6.103515625e-06,0.46258836550265414,-0.10745018672152423,-0.10745018672152423,20.198387519291895,False,-5.4786147366421455e-06,6.103515625e-06,False
trial,446,446,446,417.37281420760314,1043.663247409148,417.37281420760314,1043.663247409148,1638,819,0,0,1638,819,719850,359925,819000.0,359925000.0,1000.0,True,True,690,345,0,0,1638,819,3.0517578125e-06,0.46258836550265414,0.3028339151232511,0.3028339151232511,-67.49773228959995,False,-3.03804934235408e-06,3.0517578125e-06,True
trial,447,447,446,417.37281508758963,1043.6631544903112,417.37281420760314,1043.663247409148,1638,819,0,0,1638,819,721488,360744,819000.0,360744000.0,1000.0,True,True,690,345,0,0,1638,819,6.103515625e-06,0.5631949604678794,-0.13673663435805053,-0.13673663435805053,14.438186491135832,False,-6.435630739090285e-06,6.103515625e-06,False
trial,448,448,448,417.3728127127297,1043.6632851701363,417.3728127127297,1043.6632851701363,1638,819,0,0,1638,819,723126,361563,819000.0,361563000.0,1000.0,True,True,690,345,0,0,1638,819,3.0517578125e-06,0.5631949604678794,0.4095930759088962,0.4095930759088962,-10.346453922399737,False,-3.6496551009289077e-06,3.0517578125e-06,True
trial,449,449,448,417.37281327653363,1043.6631917936747,417.3728127127297,1043.6632851701363,1638,819,0,0,1638,819,724764,362382,819000.0,362382000.0,1000.0,True,True,690,345,0,0,1638,819,6.103515625e-06,0.46291385631505283,-0.10289422418136558,-0.10289422418136558,17.04120475030885,False,-5.4794518892291776e-06,6.103515625e-06,False
trial,450,450,450,417.37281181860027,1043.6628159690595,417.37281181860027,1043.6628159690595,1638,819,0,0,1638,819,726402,363201,819000.0,363201000.0,1000.0,True,True,690,345,0,0,1638,819,3.0517578125e-06,0.46291385631505283,0.29675809493158517,0.29675809493158517,155.72602300358434,False,-3.0129908141855922e-06,3.0517578125e-06,True
trial,451,451,450,417.3728126775185,1043.663287449937,417.37281181860027,1043.6628159690595,1638,819,0,0,1638,819,728040,364020,819000.0,364020000.0,1000.0,True,True,690,345,0,0,1638,819,6.103515625e-06,0.5656722939594193,-0.1333542652837274,-0.1333542652837274,-73.20136545309798,False,-6.440875446845683e-06,6.103515625e-06,False
trial,452,452,452,417.3728103147803,1043.6631500982205,417.3728103147803,1043.6631500982205,1638,819,0,0,1638,819,729678,364839,819000.0,364839000.0,1000.0,True,True,690,345,0,0,1638,819,3.0517578125e-06,0.5656722939594193,0.41091174481076775,0.41091174481076775,-91.2992231023033,False,-3.6597152713161905e-06,3.0517578125e-06,True
trial,453,453,452,417.37281084161873,1043.6632410491698,417.3728103147803,1043.6631500982205,1638,819,0,0,1638,819,731316,365658,819000.0,365658000.0,1000.0,True,True,690,345,0,0,1638,819,6.103515625e-06,0.46035526914566394,-0.09649904190564097,-0.09649904190564097,-16.659147578622903,False,-5.4595199912725585e-06,6.103515625e-06,False
trial,454,454,454,417.37280940962455,1043.663258595454,417.37280940962455,1043.663258595454,1638,819,0,0,1638,819,732954,366477,819000.0,366477000.0,1000.0,True,True,690,345,0,0,1638,819,3.0517578125e-06,0.46035526914566394,0.2993908684917504,0.2993908684917504,-35.8867318351838,False,-3.0233244403357156e-06,3.0517578125e-06,True
trial,455,455,454,417.37281031844856,1043.6632359636596,417.37280940962455,1043.663258595454,1638,819,0,0,1638,819,734592,367296,819000.0,367296000.0,1000.0,True,True,690,345,0,0,1638,819,6.103515625e-06,0.5644134290824163,-0.14088794878033808,-0.14088794878033808,3.508431836504412,False,-6.450686621115903e-06,6.103515625e-06,False
trial,456,456,456,417.37280790832824,1043.6630663709584,417.37280790832824,1043.6630663709584,1638,819,0,0,1638,819,736230,368115,819000.0,368115000.0,1000.0,True,True,690,345,0,0,1638,819,3.0517578125e-06,0.5644134290824163,0.41062909797107516,0.41062909797107516,52.57654379729923,False,-3.6560884696138524e-06,3.0517578125e-06,True
trial,457,457,456,417.37280845708506,1043.662446772628,417.37280790832824,1043.6630663709584,1638,819,0,0,1638,819,737868,368934,819000.0,368934000.0,1000.0,True,True,690,345,0,0,1638,819,6.103515625e-06,0.461567109373144,-0.10169386062609216,-0.10169386062609216,114.8219838243908,False,-5.396164651527394e-06,6.103515625e-06,False
trial,458,458,458,417.3728070330229,1043.6626639019885,417.3728070330229,1043.6626639019885,1638,819,0,0,1638,819,739506,369753,819000.0,369753000.0,1000.0,True,True,690,345,0,0,1638,819,3.0517578125e-06,0.461567109373144,0.29259957890882293,0.29259957890882293,134.5384846878249,False,-2.99147839265055e-06,3.0517578125e-06,True
trial,459,459,458,417.3728079480744,1043.6633043526067,417.3728070330229,1043.6626639019885,1638,819,0,0,1638,819,741144,370572,819000.0,370572000.0,1000.0,True,True,690,345,0,0,1638,819,6.103515625e-06,0.5621696350248703,-0.14190395484077173,-0.14190395484077173,-99.3195212446511,False,-6.448386079541269e-06,6.103515625e-06,False
trial,460,460,460,417.3728055200105,1043.662923450087,417.3728055200105,1043.662923450087,1638,819,0,0,1638,819,742782,371391,819000.0,371391000.0,1000.0,True,True,690,345,0,0,1638,819,3.0517578125e-06,0.5621696350248703,0.41278004569574783,0.41278004569574783,-70.80991170744308,False,-3.6654204506858256e-06,3.0517578125e-06,True
trial,461,461,460,417.37280592479465,1043.6634917023675,417.3728055200105,1043.662923450087,1638,819,0,0,1638,819,744420,372210,819000.0,372210000.0,1000.0,True,True,690,345,0,0,1638,819,6.103515625e-06,0.45839623785549155,-0.07423201915784318,-0.07423201915784318,-104.20989710208029,False,-5.452958849159393e-06,6.103515625e-06,False
trial,462,462,462,417.37280463292865,1043.6629191351951,417.37280463292865,1043.6629191351951,1638,819,0,0,1638,819,746058,373029,819000.0,373029000.0,1000.0,True,True,690,345,0,0,1638,819,3.0517578125e-06,0.45839623785549155,0.29563833576670495,0.29563833576670495,1.4380267589217914,False,-3.0005643584967893e-06,3.0517578125e-06,True
trial,463,463,462,417.37280559815883,1043.663091762387,417.37280463292865,1043.6629191351951,1638,819,0,0,1638,819,747696,373848,819000.0,373848000.0,1000.0,True,True,690,345,0,0,1638,819,6.103515625e-06,0.5635441981828175,-0.15056977270263172,-0.15056977270263172,-26.928744493954152,False,-6.410517650597805e-06,6.103515625e-06,False
trial,464,464,464,417.3728031163501,1043.6633521322192,417.3728031163501,1043.6633521322192,1638,819,0,0,1638,819,749334,374667,819000.0,374667000.0,1000.0,True,True,690,345,0,0,1638,819,3.0517578125e-06,0.5635441981828175,0.4134485056028347,0.4134485056028347,-118.04332360278603,False,-3.668119558547214e-06,3.0517578125e-06,True
trial,465,465,464,417.37280364857645,1043.66337640465,417.3728031163501,1043.6633521322192,1638,819,0,0,1638,819,750972,375486,819000.0,375486000.0,1000.0,True,True,690,345,0,0,1638,819,6.103515625e-06,0.45910911312797714,-0.09751540628103013,-0.09751540628103013,-4.447235563386835,False,-5.457869399071068e-06,6.103515625e-06,False
trial,466,466,466,417.37280221288165,1043.6630896707115,417.37280221288165,1043.6630896707115,1638,819,0,0,1638,819,752610,376305,819000.0,376305000.0,1000.0,True,True,690,345,0,0,1638,819,3.0517578125e-06,0.45910911312797714,0.30354769546997057,0.30354769546997057,88.18192387839663,False,-2.9763640449438963e-06,3.0517578125e-06,True
trial,467,467,466,417.3728030679756,1043.6632856270899,417.37280221288165,1043.6630896707115,1638,819,0,0,1638,819,754248,377124,819000.0,377124000.0,1000.0,True,True,690,345,0,0,1638,819,6.103515625e-06,0.5516860311879478,-0.1345598511710121,-0.1345598511710121,-30.83621495230541,False,-6.35474809808364e-06,6.103515625e-06,False
trial,468,468,468,417.372800794074,1043.662988603956,417.372800794074,1043.662988603956,1638,819,0,0,1638,819,755886,377943,819000.0,377943000.0,1000.0,True,True,690,345,0,0,1638,819,3.0517578125e-06,0.5516860311879478,0.3969683808891557,0.3969683808891557,28.277481144412498,False,-3.5741074361178893e-06,3.0517578125e-06,True
trial,469,469,468,417.37280136680744,1043.663581984625,417.372800794074,1043.662988603956,1638,819,0,0,1638,819,757524,378762,819000.0,378762000.0,1000.0,True,True,690,345,0,0,1638,819,6.103515625e-06,0.5010852930654782,-0.10338803347860652,-0.10338803347860652,-107.1152085573882,False,-5.5396491028653914e-06,6.103515625e-06,False
trial,470,470,470,417.37279984593914,1043.6632838597911,417.37279984593914,1043.6632838597911,1638,819,0,0,1638,819,759162,379581,819000.0,379581000.0,1000.0,True,True,690,345,0,0,1638,819,3.0517578125e-06,0.5010852930654782,0.30935436771395597,0.30935436771395597,-96.33511567284924,False,-3.064882760186327e-06,3.0517578125e-06,True
trial,471,471,470,417.37280072423613,1043.6634475283615,417.37279984593914,1043.6632838597911,1638,819,0,0,1638,819,760800,380400,819000.0,380400000.0,1000.0,True,True,690,345,0,0,1638,819,6.103515625e-06,0.5540598598086625,-0.13816370284409732,-0.13816370284409732,-25.746479899168317,False,-6.356929997237409e-06,6.103515625e-06,False
trial,472,472,472,417.3727983855377,1043.6636176150305,417.3727983855377,1043.6636176150305,1638,819,0,0,1638,819,762438,381219,819000.0,381219000.0,1000.0,True,True,690,345,0,0,1638,819,3.0517578125e-06,0.5540598598086625,0.4042496931610083,0.4042496931610083,-92.38586632537121,False,-3.6126222833452875e-06,3.0517578125e-06,True
trial,473,473,472,417.3727989492739,1043.6637497327479,417.3727983855377,1043.6636176150305,1638,819,0,0,1638,819,764076,382038,819000.0,382038000.0,1000.0,True,True,690,345,0,0,1638,819,6.103515625e-06,0.4676008941012473,-0.10200632817941127,-0.10200632817941127,-23.906294092649222,False,-5.526482560322717e-06,6.103515625e-06,False
trial,474,474,474,417.3727974560767,1043.6634012972145,417.3727974560767,1043.6634012972145,1638,819,0,0,1638,819,765714,382857,819000.0,382857000.0,1000.0,True,True,690,345,0,0,1638,819,3.0517578125e-06,0.4676008941012473,0.3053189132018389,0.3053189132018389,71.0583013342851,False,-3.0442300470156653e-06,3.0517578125e-06,True
trial,475,475,474,417.3727983362328,1043.663462183396,417.3727974560767,1043.6634012972145,1638,819,0,0,1638,819,767352,383676,819000.0,383676000.0,1000.0,True,True,690,345,0,0,1638,819,6.103515625e-06,0.5560346821349176,-0.13821589894808553,-0.13821589894808553,-9.561301943253275,False,-6.367980201227717e-06,6.103515625e-06,False
trial,476,476,476,417.3727959850157,1043.6636735939637,417.3727959850157,1043.6636735939637,1638,819,0,0,1638,819,768990,384495,819000.0,384495000.0,1000.0,True,True,690,345,0,0,1638,819,3.0517578125e-06,0.5560346821349176,0.40562392823682075,0.40562392823682075,-75.08191738231113,False,-3.6266621676434706e-06,3.0517578125e-06,True
trial,477,477,476,417.37279653522717,1043.6637719683772,417.3727959850157,1043.6636735939637,1638,819,0,0,1638,819,770628,385314,819000.0,385314000.0,1000.0,True,True,690,345,0,0,1638,819,6.103515625e-06,0.4668264851138655,-0.09966307581770799,-0.09966307581770799,-17.819143574906477,False,-5.5207150146851005e-06,6.103515625e-06,False
trial,478,478,478,417.3727950615919,1043.6634757182198,417.3727950615919,1043.6634757182198,1638,819,0,0,1638,819,772266,386133,819000.0,386133000.0,1000.0,True,True,690,345,0,0,1638,819,3.0517578125e-06,0.4668264851138655,0.30365784933085804,0.30365784933085804,65.06927825069832,False,-3.0410010560870316e-06,3.0517578125e-06,True
trial,479,479,478,417.37279602668843,1043.6635928856062,417.3727950615919,1043.6634757182198,1638,819,0,0,1638,819,773904,386952,819000.0,386952000.0,1000.0,True,True,690,345,0,0,1638,819,6.103515625e-06,0.5571515571181442,-0.15254715753597076,-0.15254715753597076,-18.519962395188067,False,-6.3265455893624755e-06,6.103515625e-06,False
trial,480,480,480,417.3727935972862,1043.6631945465901,417.3727935972862,1043.6631945465901,1638,819,0,0,1638,819,775542,387771,819000.0,387771000.0,1000.0,True,True,690,345,0,0,1638,819,3.0517578125e-06,0.5571515571181442,0.4048451316299998,0.4048451316299998,77.73716018542304,False,-3.6169526777668223e-06,3.0517578125e-06,True
trial,481,481,480,417.37279422676284,1043.663258521403,417.3727935972862,1043.6631945465901,1638,819,0,0,1638,819,777180,388590,819000.0,388590000.0,1000.0,True,True,690,345,0,0,1638,819,6.103515625e-06,0.4873356518734263,-0.1158836354604392,-0.1158836354604392,-11.777456884065057,False,-5.431971721624398e-06,6.103515625e-06,False
trial,482,482,482,417.37279270028915,1043.6630798522538,417.37279270028915,1043.6630798522538,1638,819,0,0,1638,819,778818,389409,819000.0,389409000.0,1000.0,True,True,690,345,0,0,1638,819,3.0517578125e-06,0.4873356518734263,0.29741947928551193,0.29741947928551193,38.02947821647871,False,-3.015932423167507e-06,3.0517578125e-06,True
trial,483,483,482,417.37279360836663,1043.6638430320263,417.37279270028915,1043.6630798522538,1638,819,0,0,1638,819,780456,390228,819000.0,390228000.0,1000.0,True,True,690,345,0,0,1638,819,6.103515625e-06,0.5606691863232927,-0.14164438608834312,-0.14164438608834312,-119.04284881145048,False,-6.41096697674644e-06,6.103515625e-06,False
trial,484,484,484,417.3727912321438,1043.6632894918648,417.3727912321438,1043.6632894918648,1638,819,0,0,1638,819,782094,391047,819000.0,391047000.0,1000.0,True,True,690,345,0,0,1638,819,3.0517578125e-06,0.5606691863232927,0.4049611083039963,0.4049611083039963,-57.82526211725731,False,-3.6253983705642458e-06,3.0517578125e-06,True
trial,485,485,484,417.3727917909573,1043.6635396094093,417.3727912321438,1043.6632894918648,1638,819,0,0,1638,819,783732,391866,819000.0,391866000.0,1000.0,True,True,690,345,0,0,1638,819,6.103515625e-06,0.4661978341831046,-0.10183327800509082,-0.10183327800509082,-45.57923097690143,False,-5.48753322839486e-06,6.103515625e-06,False
trial,486,486,486,417.37279031671443,1043.6633646057207,417.37279031671443,1043.6633646057207,1638,819,0,0,1638,819,785370,392685,819000.0,392685000.0,1000.0,True,True,690,345,0,0,1638,819,3.0517578125e-06,0.4661978341831046,0.3018475039416506,0.3018475039416506,-24.767535723957483,False,-3.032754520483401e-06,3.0517578125e-06,True
trial,487,487,486,417.3727912422066,1043.6637652407617,417.37279031671443,1043.6633646057207,1638,819,0,0,1638,819,787008,393504,819000.0,393504000.0,1000.0,True,True,690,345,0,0,1638,819,6.103515625e-06,0.5597592052818529,-0.14446660554120871,-0.14446660554120871,-62.537953161633624,False,-6.406270443441209e-06,6.103515625e-06,False
trial,488,488,488,417.37278883157046,1043.663830717492,417.37278883157046,1043.663830717492,1638,819,0,0,1638,819,788646,394323,819000.0,394323000.0,1000.0,True,True,690,345,0,0,1638,819,3.0517578125e-06,0.5597592052818529,0.4081986322602683,0.4081986322602683,-128.11295839644936,False,-3.6382874691913737e-06,3.0517578125e-06,True
trial,489,489,488,417.37278935387735,1043.6640338858429,417.37278883157046,1043.663830717492,1638,819,0,0,1638,819,790284,395142,819000.0,395142000.0,1000.0,True,True,690,345,0,0,1638,819,6.103515625e-06,0.462440685059341,-0.09519044876244477,-0.09519044876244477,-37.02743890713881,False,-5.486967420170163e-06,6.103515625e-06,False
trial,490,490,490,417.3727879467287,1043.6634295796007,417.3727879467287,1043.6634295796007,1638,819,0,0,1638,819,791922,395961,819000.0,395961000.0,1000.0,True,True,690,345,0,0,1638,819,3.0517578125e-06,0.462440685059341,0.29504534286649736,0.29504534286649736,133.757097544916,False,-2.999002659251563e-06,3.0517578125e-06,True
trial,491,491,490,417.3727889710341,1043.663647153795,417.3727879467287,1043.6634295796007,1638,819,0,0,1638,819,793560,396780,819000.0,396780000.0,1000.0,True,True,690,345,0,0,1638,819,6.103515625e-06,0.5625487016585616,-0.16266952928504272,-0.16266952928504272,-34.55287074172166,False,-6.296848556892118e-06,6.103515625e-06,False
trial,492,492,492,417.37278645656284,1043.66385064755,417.37278645656284,1043.66385064755,1638,819,0,0,1638,819,795198,397599,819000.0,397599000.0,1000.0,True,True,690,345,0,0,1638,819,3.0517578125e-06,0.5625487016585616,0.4086689620166384,0.4086689620166384,-115.47533510715918,False,-3.6463886320674355e-06,3.0517578125e-06,True
trial,493,493,492,417.3727869879907,1043.6641344083478,417.37278645656284,1043.66385064755,1638,819,0,0,1638,819,796836,398418,819000.0,398418000.0,1000.0,True,True,690,345,0,0,1638,819,6.103515625e-06,0.4615739152720527,-0.09677966284530234,-0.09677966284530234,-51.67639066905254,False,-5.491111011865594e-06,6.103515625e-06,False
trial,494,494,494,417.3727855401935,1043.6638317962052,417.3727855401935,1043.6638317962052,1638,819,0,0,1638,819,798474,399237,819000.0,399237000.0,1000.0,True,True,690,345,0,0,1638,819,3.0517578125e-06,0.4615739152720527,0.3030581642422953,0.3030581642422953,6.2344446210847275,False,-3.0237408292268152e-06,3.0517578125e-06,True
trial,495,495,494,417.37278648587795,1043.6638770797185,417.3727855401935,1043.6638317962052,1638,819,0,0,1638,819,800112,400056,819000.0,400056000.0,1000.0,True,True,690,345,0,0,1638,819,6.103515625e-06,0.5619486677495782,-0.14815394845464608,-0.14815394845464608,-7.094259844143198,False,-6.383120208126571e-06,6.103515625e-06,False
trial,496,496,496,417.3727840628555,1043.6641539213708,417.3727840628555,1043.6641539213708,1638,819,0,0,1638,819,801750,400875,819000.0,400875000.0,1000.0,True,True,690,345,0,0,1638,819,3.0517578125e-06,0.5619486677495782,0.4063806787847166,0.4063806787847166,-88.60900024760753,False,-3.6353549274535803e-06,3.0517578125e-06,True
trial,497,497,496,417.3727845907438,1043.6643114441013,417.3727840628555,1043.6641539213708,1638,819,0,0,1638,819,803388,401694,819000.0,401694000.0,1000.0,True,True,690,345,0,0,1638,819,6.103515625e-06,0.46386893518691297,-0.0958318778573765,-0.0958318778573765,-28.596389353848195,False,-5.5084832033770085e-06,6.103515625e-06,False
trial,498,498,498,417.3727831435043,1043.6639762093114,417.3727831435043,1043.6639762093114,1638,819,0,0,1638,819,805026,402513,819000.0,402513000.0,1000.0,True,True,690,345,0,0,1638,819,3.0517578125e-06,0.46386893518691297,0.3024813047161159,0.3024813047161159,58.47012193843102,False,-3.03936529543855e-06,3.0517578125e-06,True
trial,499,499,498,417.3727840891873,1043.6640373629882,417.3727831435043,1043.6639762093114,1638,819,0,0,1638,819,806664,403332,819000.0,403332000.0,1000.0,True,True,690,345,0,0,1638,819,6.103515625e-06,0.5646672257968961,-0.1475011474514741,-0.1475011474514741,-9.538331186711805,False,-6.411360187396646e-06,6.103515625e-06,False
trial,500,500,500,417.37278166139174,1043.6637662763278,417.37278166139174,1043.6637662763278,1638,819,0,0,1638,819,808302,404151,819000.0,404151000.0,1000.0,True,True,690,345,0,0,1638,819,3.0517578125e-06,0.5646672257968961,0.40726312710840296,0.40726312710840296,57.686551842843976,False,-3.6392014581144827e-06,3.0517578125e-06,True
trial,501,501,500,417.3727821885787,1043.6639207178287,417.37278166139174,1043.6637662763278,1638,819,0,0,1638,819,809940,404970,819000.0,404970000.0,1000.0,True,True,690,345,0,0,1638,819,6.103515625e-06,0.46185603868594416,-0.0958600268857191,-0.0958600268857191,-28.082573500378686,False,-5.499549421700292e-06,6.103515625e-06,False
trial,502,502,502,417.372780748825,1043.6636576245169,417.372780748825,1043.6636576245169,1638,819,0,0,1638,819,811578,405789,819000.0,405789000.0,1000.0,True,True,690,345,0,0,1638,819,3.0517578125e-06,0.46185603868594416,0.3023175580702457,0.3023175580702457,35.9944631460245,False,-3.0185701198664757e-06,3.0517578125e-06,True
trial,503,503,502,417.3727817060206,1043.6634147220116,417.372780748825,1043.6636576245169,1638,819,0,0,1638,819,813216,406608,819000.0,406608000.0,1000.0,True,True,690,345,0,0,1638,819,6.103515625e-06,0.6052148691255571,-0.150937398061735,-0.150937398061735,38.30259175790547,False,-6.341672825729493e-06,6.103515625e-06,False
trial,504,504,504,417.3727792781368,1043.6636422753252,417.3727792781368,1043.6636422753252,1638,819,0,0,1638,819,814854,407427,819000.0,407427000.0,1000.0,True,True,690,345,0,0,1638,819,3.0517578125e-06,0.6052148691255571,0.4054534259373681,0.4054534259373681,4.231612426487998,False,-3.6272678478087427e-06,3.0517578125e-06,True
trial,505,505,504,417.37277974666085,1043.6638357559514,417.3727792781368,1043.6636422753252,1638,819,0,0,1638,819,816492,408246,819000.0,408246000.0,1000.0,True,True,690,345,0,0,1638,819,6.103515625e-06,0.46408711199341085,-0.08489699452251404,-0.08489699452251404,-35.05887086945546,False,-5.5187352414950124e-06,6.103515625e-06,False
trial,506,506,506,417.37277835405155,1043.6634555798237,417.37277835405155,1043.6634555798237,1638,819,0,0,1638,819,818130,409065,819000.0,409065000.0,1000.0,True,True,690,345,0,0,1638,819,3.0517578125e-06,0.46408711199341085,0.3038235121664695,0.3038235121664695,61.382303971108456,False,-3.041519940101937e-06,3.0517578125e-06,True
trial,507,507,506,417.3727793086489,1043.6636887389516,417.37277835405155,1043.6634555798237,1638,819,0,0,1638,819,819768,409884,819000.0,409884000.0,1000.0,True,True,690,345,0,0,1638,819,6.103515625e-06,0.5696532024321119,-0.14955382165100004,-0.14955382165100004,-36.52832160237464,False,-6.38296854806805e-06,6.103515625e-06,False
trial,508,508,508,417.37277687865014,1043.6638001333881,417.37277687865014,1043.6638001333881,1638,819,0,0,1638,819,821406,410703,819000.0,410703000.0,1000.0,True,True,690,345,0,0,1638,819,3.0517578125e-06,0.5696532024321119,0.40663085713137126,0.40663085713137126,-94.9613513997299,False,-3.62835574017473e-06,3.0517578125e-06,True
trial,509,509,508,417.37277740037587,1043.6638975661804,417.37277687865014,1043.6638001333881,1638,819,0,0,1638,819,823044,411522,819000.0,411522000.0,1000.0,True,True,690,345,0,0,1638,819,6.103515625e-06,0.46245714412296324,-0.09477652996035764,-0.09477652996035764,-17.6996102152989,False,-5.504798753179737e-06,6.103515625e-06,False
trial,510,510,510,417.3727759648233,1043.6637921056183,417.3727759648233,1043.6637921056183,1638,819,0,0,1638,819,824682,412341,819000.0,412341000.0,1000.0,True,True,690,345,0,0,1638,819,3.0517578125e-06,0.46245714412296324,0.30124381073014767,0.30124381073014767,2.646361247229885,False,-3.033512456890769e-06,3.0517578125e-06,True
trial,511,511,510,417.3727768986879,1043.6632219533785,417.3727759648233,1043.6637921056183,1638,819,0,0,1638,819,826320,413160,819000.0,413160000.0,1000.0,True,True,690,345,0,0,1638,819,6.103515625e-06,0.5760004996317587,-0.14629550798586413,-0.14629550798586413,89.31777738433465,False,-6.383412759311578e-06,6.103515625e-06,False
trial,512,512,512,417.37277448436294,1043.663557152404,417.37277448436294,1043.663557152404,1638,819,0,0,1638,819,827958,413979,819000.0,413979000.0,1000.0,True,True,690,345,0,0,1638,819,3.0517578125e-06,0.5760004996317587,0.4068900271846822,0.4068900271846822,64.57458950440012,False,-3.6384778595829126e-06,3.0517578125e-06,True
trial,513,513,512,417.3727748893152,1043.663325476688,417.37277448436294,1043.663557152404,1638,819,0,0,1638,819,829596,414798,819000.0,414798000.0,1000.0,True,True,690,345,0,0,1638,819,6.103515625e-06,0.4698597562781633,-0.07440211745098833,-0.07440211745098833,42.56591289179756,False,-5.442752202011982e-06,6.103515625e-06,False
trial,514,514,514,417.3727735726261,1043.6636238257452,417.3727735726261,1043.6636238257452,1638,819,0,0,1638,819,831234,415617,819000.0,415617000.0,1000.0,True,True,690,345,0,0,1638,819,3.0517578125e-06,0.4698597562781633,0.30097567939993647,0.30097567939993647,-22.009699928684885,False,-3.0292707882717594e-06,3.0517578125e-06,True
trial,515,515,514,417.37277450714384,1043.6638071527336,417.3727735726261,1043.6636238257452,1638,819,0,0,1638,819,832872,416436,819000.0,416436000.0,1000.0,True,True,690,345,0,0,1638,819,6.103515625e-06,0.6313694631936234,-0.14609380430662755,-0.14609380430662755,-28.65963473865454,False,-6.396696613007908e-06,6.103515625e-06,False
trial,516,516,516,417.37277208470414,1043.663650556338,417.37277208470414,1043.663650556338,1638,819,0,0,1638,819,834510,417255,819000.0,417255000.0,1000.0,True,True,690,345,0,0,1638,819,3.0517578125e-06,0.6313694631936234,0.40883748104983036,0.40883748104983036,-7.344785917165511,False,-3.6393971501731906e-06,3.0517578125e-06,True
trial,517,517,516,417.37277238911224,1043.6636557071974,417.37277208470414,1043.663650556338,1638,819,0,0,1638,819,836148,418074,819000.0,418074000.0,1000.0,True,True,690,345,0,0,1638,819,6.103515625e-06,0.4667432893070506,-0.055658721436459654,-0.055658721436459654,-0.9417957077421015,False,-5.469189665173835e-06,6.103515625e-06,False
trial,518,518,518,417.37277118634813,1043.6633154929054,417.37277118634813,1043.6633154929054,1638,819,0,0,1638,819,837786,418893,819000.0,418893000.0,1000.0,True,True,690,345,0,0,1638,819,3.0517578125e-06,0.4667432893070506,0.2980851348565236,0.2980851348565236,111.17800492192198,False,-3.0137564790202653e-06,3.0517578125e-06,True
trial,519,519,518,417.37277216344876,1043.6637620409276,417.37277118634813,1043.6633154929054,1638,819,0,0,1638,819,839424,419712,819000.0,419712000.0,1000.0,True,True,690,345,0,0,1638,819,6.103515625e-06,0.5903225140958464,-0.1525005948557804,-0.1525005948557804,-69.694806439981,False,-6.4071922284054616e-06,6.103515625e-06,False
trial,520,520,520,417.37276969551044,1043.6635731922431,417.37276969551044,1043.6635731922431,1638,819,0,0,1638,819,841062,420531,819000.0,420531000.0,1000.0,True,True,690,345,0,0,1638,819,3.0517578125e-06,0.5903225140958464,0.4091028414177464,0.4091028414177464,-70.71563323216331,False,-3.644163615626049e-06,3.0517578125e-06,True
trial,521,521,520,417.37276999739635,1043.663797956558,417.37276969551044,1043.6635731922431,1638,819,0,0,1638,819,842700,421350,819000.0,421350000.0,1000.0,True,True,690,345,0,0,1638,819,6.103515625e-06,0.4610983324600304,-0.05500809266480324,-0.05500809266480324,-40.95539430267283,False,-5.488027126451566e-06,6.103515625e-06,False
trial,522,522,522,417.3727687954895,1043.6638113235763,417.3727687954895,1043.6638113235763,1638,819,0,0,1638,819,844338,422169,819000.0,422169000.0,1000.0,True,True,690,345,0,0,1638,819,3.0517578125e-06,0.4610983324600304,0.2984507103272756,0.2984507103272756,-78.96534576978901,False,-3.0156435185728455e-06,3.0517578125e-06,True
trial,523,523,522,417.3727697844102,1043.6637178922917,417.3727687954895,1043.6638113235763,1638,819,0,0,1638,819,845976,422988,819000.0,422988000.0,1000.0,True,True,690,345,0,0,1638,819,6.103515625e-06,0.5758826743414848,-0.1543166452373557,-0.1543166452373557,14.579533362710754,False,-6.408386483696782e-06,6.103515625e-06,False
trial,524,524,524,417.3727673305169,1043.663440264118,417.3727673305169,1043.663440264118,1638,819,0,0,1638,819,847614,423807,819000.0,423807000.0,1000.0,True,True,690,345,0,0,1638,819,3.0517578125e-06,0.5758826743414848,0.40414263254506877,0.40414263254506877,102.36433731817422,False,-3.624889957029453e-06,3.0517578125e-06,True
trial,525,525,524,417.37276768049185,1043.664015506749,417.3727673305169,1043.663440264118,1638,819,0,0,1638,819,849252,424626,819000.0,424626000.0,1000.0,True,True,690,345,0,0,1638,819,6.103515625e-06,0.46062388364150636,-0.06361196178287876,-0.06361196178287876,-104.55695419884103,False,-5.501715647110755e-06,6.103515625e-06,False
trial,526,526,526,417.3727664320359,1043.6636144922531,417.3727664320359,1043.6636144922531,1638,819,0,0,1638,819,850890,425445,819000.0,425445000.0,1000.0,True,True,690,345,0,0,1638,819,3.0517578125e-06,0.46062388364150636,0.297617859229443,0.297617859229443,-57.71229921181772,False,-3.0189082317767935e-06,3.0517578125e-06,True
trial,527,527,526,417.3727673652585,1043.6641867676794,417.3727664320359,1043.6636144922531,1638,819,0,0,1638,819,852528,426264,819000.0,426264000.0,1000.0,True,True,690,345,0,0,1638,819,6.103515625e-06,0.5819624544708446,-0.14522035453150256,-0.14522035453150256,-89.05275475914915,False,-6.426251808168239e-06,6.103515625e-06,False
trial,528,528,528,417.37276493510035,1043.6639329898414,417.37276493510035,1043.6639329898414,1638,819,0,0,1638,819,854166,427083,819000.0,427083000.0,1000.0,True,True,690,345,0,0,1638,819,3.0517578125e-06,0.5819624544708446,0.40947818556529525,0.40947818556529525,-87.1231984820637,False,-3.6557150546017968e-06,3.0517578125e-06,True
trial,529,529,528,417.37276528351686,1043.66387955553,417.37276493510035,1043.6639329898414,1638,819,0,0,1638,819,855804,427902,819000.0,427902000.0,1000.0,True,True,690,345,0,0,1638,819,6.103515625e-06,0.46085881269882006,-0.0638127633030277,-0.0638127633030277,9.786537108238436,False,-5.45998148768863e-06,6.103515625e-06,False
trial,530,530,530,417.37276403524794,1043.6638279948163,417.37276403524794,1043.6638279948163,1638,819,0,0,1638,819,857442,428721,819000.0,428721000.0,1000.0,True,True,690,345,0,0,1638,819,3.0517578125e-06,0.46085881269882006,0.29882754635146885,0.29882754635146885,34.86727980201273,False,-3.011276639191148e-06,3.0517578125e-06,True
trial,531,531,530,417.3727649284481,1043.6638211569752,417.37276403524794,1043.6638279948163,1638,819,0,0,1638,819,859080,429540,819000.0,429540000.0,1000.0,True,True,690,345,0,0,1638,819,6.103515625e-06,0.5678966655685307,-0.13953260607799967,-0.13953260607799967,1.068183648952703,False,-6.401372144896661e-06,6.103515625e-06,False
trial,532,532,532,417.37276254723594,1043.6638308063248,417.37276254723594,1043.6638308063248,1638,819,0,0,1638,819,860718,430359,819000.0,430359000.0,1000.0,True,True,690,345,0,0,1638,819,3.0517578125e-06,0.5678966655685307,0.40838371643941646,0.40838371643941646,-0.7716162729495458,False,-3.6436614475370735e-06,3.0517578125e-06,True
trial,533,533,532,417.372762892819,1043.6639207159428,417.37276254723594,1043.6638308063248,1638,819,0,0,1638,819,862356,431178,819000.0,431178000.0,1000.0,True,True,690,345,0,0,1638,819,6.103515625e-06,0.46759540818453077,-0.06316457381353768,-0.06316457381353768,-16.433392960237132,False,-5.471153660854511e-06,6.103515625e-06,False
trial,534,534,534,417.37276165517164,1043.6636878549352,417.37276165517164,1043.6636878549352,1638,819,0,0,1638,819,863994,431997,819000.0,431997000.0,1000.0,True,True,690,345,0,0,1638,819,3.0517578125e-06,0.46759540818453077,0.29631221124001544,0.29631221124001544,47.48339629945856,False,-3.010555281956602e-06,3.0517578125e-06,True
trial,535,535,534,417.3727626612498,1043.664087153445,417.37276165517164,1043.6636878549352,1638,819,0,0,1638,819,865632,432816,819000.0,432816000.0,1000.0,True,True,690,345,0,0,1638,819,6.103515625e-06,0.5689696744959235,-0.15684994366185986,-0.15684994366185986,-62.251574327621015,False,-6.414271673161157e-06,6.103515625e-06,False
trial,536,536,536,417.3727601622787,1043.6641220509675,417.3727601622787,1043.6641220509675,1638,819,0,0,1638,819,867270,433635,819000.0,433635000.0,1000.0,True,True,690,345,0,0,1638,819,3.0517578125e-06,0.5689696744959235,0.40891901176185175,0.40891901176185175,-118.93084226874524,False,-3.650827859443117e-06,3.0517578125e-06,True
trial,537,537,536,417.3727604649803,1043.663942760394,417.3727601622787,1043.6641220509675,1638,819,0,0,1638,819,868908,434454,819000.0,434454000.0,1000.0,True,True,690,345,0,0,1638,819,6.103515625e-06,0.46330310779448336,-0.055138435176032737,-0.055138435176032737,32.65857618116115,False,-5.4898466010078565e-06,6.103515625e-06,False
trial,538,538,538,417.372759281083,1043.6639107502954,417.372759281083,1043.6639107502954,1638,819,0,0,1638,819,870546,435273,819000.0,435273000.0,1000.0,True,True,690,345,0,0,1638,819,3.0517578125e-06,0.46330310779448336,0.29365378699719,0.29365378699719,70.41482539990861,False,-3.0007980700493296e-06,3.0517578125e-06,True
trial,539,539,538,417.3727601916648,1043.6637997758035,417.372759281083,1043.6639107502954,1638,819,0,0,1638,819,872184,436092,819000.0,436092000.0,1000.0,True,True,690,345,0,0,1638,819,6.103515625e-06,0.5712112944875761,-0.14327240523406237,-0.14327240523406237,17.460905552570473,False,-6.355597742828537e-06,6.103515625e-06,False
trial,540,540,540,417.372757766226,1043.6640758756348,417.372757766226,1043.6640758756348,1638,819,0,0,1638,819,873822,436911,819000.0,436911000.0,1000.0,True,True,690,345,0,0,1638,819,3.0517578125e-06,0.5712112944875761,0.4143923576230833,0.4143923576230833,-45.1703884661046,False,-3.6556103465791167e-06,3.0517578125e-06,True
trial,541,541,540,417.3727581490556,1043.6641707933077,417.372757766226,1043.6640758756348,1638,819,0,0,1638,819,875460,437730,819000.0,437730000.0,1000.0,True,True,690,345,0,0,1638,819,6.103515625e-06,0.4561381101489386,-0.07026677915131124,-0.07026677915131124,-17.42174507456891,False,-5.4482299254127064e-06,6.103515625e-06,False
trial,542,542,542,417.37275686667283,1043.6639842787704,417.37275686667283,1043.6639842787704,1638,819,0,0,1638,819,877098,438549,819000.0,438549000.0,1000.0,True,True,690,345,0,0,1638,819,3.0517578125e-06,0.4561381101489386,0.3014535994284091,0.3014535994284091,30.695466276824078,False,-2.9840518986131262e-06,3.0517578125e-06,True
trial,543,543,542,417.37275781876383,1043.6641492375086,417.37275686667283,1043.6639842787704,1638,819,0,0,1638,819,878736,439368,819000.0,439368000.0,1000.0,True,True,690,345,0,0,1638,819,6.103515625e-06,0.5607157515888027,-0.14945485241218878,-0.14945485241218878,-25.894461638590975,False,-6.370425479337955e-06,6.103515625e-06,False
trial,544,544,544,417.37275539862065,1043.6641503206135,417.37275539862065,1043.6641503206135,1638,819,0,0,1638,819,880374,440187,819000.0,440187000.0,1000.0,True,True,690,345,0,0,1638,819,3.0517578125e-06,0.5607157515888027,0.4053624020694918,0.4053624020694918,-45.847907516613496,False,-3.6215795257006008e-06,3.0517578125e-06,True
trial,545,545,544,417.3727558195457,1043.6643943913657,417.37275539862065,1043.6641503206135,1638,819,0,0,1638,819,882012,441006,819000.0,441006000.0,1000.0,True,True,690,345,0,0,1638,819,6.103515625e-06,0.4631385095976015,-0.07647027129550132,-0.07647027129550132,-44.340806289787345,False,-5.504427469471984e-06,6.103515625e-06,False
trial,546,546,546,417.3727544825656,1043.6641145750086,417.3727544825656,1043.6641145750086,1638,819,0,0,1638,819,883650,441825,819000.0,441825000.0,1000.0,True,True,690,345,0,0,1638,819,3.0517578125e-06,0.4631385095976015,0.30291691256559267,0.30291691256559267,11.820193764645529,False,-3.024113278550313e-06,3.0517578125e-06,True
trial,547,547,546,417.3727554801533,1043.6641498192407,417.3727544825656,1043.6641145750086,1638,819,0,0,1638,819,885288,442644,819000.0,442644000.0,1000.0,True,True,690,345,0,0,1638,819,6.103515625e-06,0.5634687896952006,-0.15678404448811295,-0.15678404448811295,-5.539095342716554,False,-6.3628137654100564e-06,6.103515625e-06,False
trial,548,548,548,417.37275301689715,1043.6644165969628,417.37275301689715,1043.6644165969628,1638,819,0,0,1638,819,886926,443463,819000.0,443463000.0,1000.0,True,True,690,345,0,0,1638,819,3.0517578125e-06,0.5634687896952006,0.40453214639410623,0.40453214639410623,-83.35963678635626,False,-3.6231198437957122e-06,3.0517578125e-06,True
trial,549,549,548,417.37275353419193,1043.6640857396392,417.37275301689715,1043.6644165969628,1638,819,0,0,1638,819,888564,444282,819000.0,444282000.0,1000.0,True,True,690,345,0,0,1638,819,6.103515625e-06,0.4644692558193222,-0.0939918378082858,-0.0939918378082858,60.1163768478483,False,-5.50361384050602e-06,6.103515625e-06,False
trial,550,550,550,417.3727520999752,1043.6643306425808,417.3727520999752,1043.6643306425808,1638,819,0,0,1638,819,890202,445101,819000.0,445101000.0,1000.0,True,True,690,345,0,0,1638,819,3.0517578125e-06,0.4644692558193222,0.3018219956628287,0.3018219956628287,28.293490376663573,False,-3.03795611235846e-06,3.0517578125e-06,True
trial,551,551,550,417.3727530675215,1043.6645919351722,417.3727520999752,1043.6643306425808,1638,819,0,0,1638,819,891840,445920,819000.0,445920000.0,1000.0,True,True,690,345,0,0,1638,819,6.103515625e-06,0.5665600165816217,-0.1516191321928316,-0.1516191321928316,-40.94579745791663,False,-6.381426364260429e-06,6.103515625e-06,False
trial,552,552,552,417.3727506250894,1043.6645471723095,417.3727506250894,1043.6645471723095,1638,819,0,0,1638,819,893478,446739,819000.0,446739000.0,1000.0,True,True,690,345,0,0,1638,819,3.0517578125e-06,0.5665600165816217,0.4059486569099327,0.4059486569099327,-59.59780335115842,False,-3.6331830462972217e-06,3.0517578125e-06,True
trial,553,553,552,417.3727509227414,1043.6643139662592,417.3727506250894,1043.6645471723095,1638,819,0,0,1638,819,895116,447558,819000.0,447558000.0,1000.0,True,True,690,345,0,0,1638,819,6.103515625e-06,0.4604915380267051,-0.054105243136826846,-0.054105243136826846,42.390680803302615,False,-5.501351851532033e-06,6.103515625e-06,False
trial,554,554,554,417.37274972309547,1043.6640447526313,417.37274972309547,1043.6640447526313,1638,819,0,0,1638,819,896754,448377,819000.0,448377000.0,1000.0,True,True,690,345,0,0,1638,819,3.0517578125e-06,0.4604915380267051,0.2988238291788863,0.2988238291788863,166.44787439653882,False,-3.0184805907737215e-06,3.0517578125e-06,True
trial,555,555,554,417.3727507375719,1043.664189998118,417.37274972309547,1043.6640447526313,1638,819,0,0,1638,819,898392,449196,819000.0,449196000.0,1000.0,True,True,690,345,0,0,1638,819,6.103515625e-06,0.563131799636626,-0.15907922577069544,-0.15907922577069544,-22.775827026041856,False,-6.377177282127827e-06,6.103515625e-06,False
trial,556,556,556,417.37274824500366,1043.664531134882,417.37274824500366,1043.664531134882,1638,819,0,0,1638,819,900030,450015,819000.0,450015000.0,1000.0,True,True,690,345,0,0,1638,819,3.0517578125e-06,0.563131799636626,0.4072462099200606,0.4072462099200606,-134.0088130572799,False,-3.6294795816751785e-06,3.0517578125e-06,True
trial,557,557,556,417.37274859801363,1043.6643391732869,417.37274824500366,1043.664531134882,1638,819,0,0,1638,819,901668,450834,819000.0,450834000.0,1000.0,True,True,690,345,0,0,1638,819,6.103515625e-06,0.4588092991895893,-0.06473139083751055,-0.06473139083751055,35.19997234007551,False,-5.453458694154125e-06,6.103515625e-06,False
trial,558,558,558,417.372747330315,1043.6641727061017,417.372747330315,1043.6641727061017,1638,819,0,0,1638,819,903306,451653,819000.0,451653000.0,1000.0,True,True,690,345,0,0,1638,819,3.0517578125e-06,0.4588092991895893,0.3040333553207567,0.3040333553207567,119.13813961395991,False,-3.0085141629262873e-06,3.0517578125e-06,True
trial,559,559,558,417.372748313726,1043.6642459616126,417.372747330315,1043.6641727061017,1638,819,0,0,1638,819,904944,452472,819000.0,452472000.0,1000.0,True,True,690,345,0,0,1638,819,6.103515625e-06,0.5594379445391237,-0.15529614001103242,-0.15529614001103242,-11.568203172673245,False,-6.332488267739935e-06,6.103515625e-06,False
trial,560,560,560,417.3727458831944,1043.6644883343831,417.3727458831944,1043.6644883343831,1638,819,0,0,1638,819,906582,453291,819000.0,453291000.0,1000.0,True,True,690,345,0,0,1638,819,3.0517578125e-06,0.5594379445391237,0.40193745546326404,0.40193745546326404,-87.66569105392549,False,-3.6003626692163206e-06,3.0517578125e-06,True
trial,561,561,560,417.37274638431256,1043.664690954382,417.3727458831944,1043.6644883343831,1638,819,0,0,1638,819,908220,454110,819000.0,454110000.0,1000.0,True,True,690,345,0,0,1638,819,6.103515625e-06,0.4637128845651282,-0.09048618507978229,-0.09048618507978229,-36.5868012254156,False,-5.538062690875883e-06,6.103515625e-06,False
trial,562,562,562,417.3727449583621,1043.6641371935007,417.3727449583621,1043.6641371935007,1638,819,0,0,1638,819,909858,454929,819000.0,454929000.0,1000.0,True,True,690,345,0,0,1638,819,3.0517578125e-06,0.4637128845651282,0.3040675916576382,0.3040675916576382,115.44856476548505,False,-3.0415352773869263e-06,3.0517578125e-06,True
trial,563,563,562,417.3727459547926,1043.6643368152127,417.3727449583621,1043.6641371935007,1638,819,0,0,1638,819,911496,455748,819000.0,455748000.0,1000.0,True,True,690,345,0,0,1638,819,6.103515625e-06,0.5606124354983222,-0.1596465014483519,-0.1596465014483519,-31.98307102652115,False,-6.241480433006788e-06,6.103515625e-06,False
trial,564,564,564,417.37274350297844,1043.6644822390147,417.37274350297844,1043.6644822390147,1638,819,0,0,1638,819,913134,456567,819000.0,456567000.0,1000.0,True,True,690,345,0,0,1638,819,3.0517578125e-06,0.5606124354983222,0.40318691651152433,0.40318691651152433,-95.58842886587664,False,-3.6096996057927276e-06,3.0517578125e-06,True
trial,565,565,564,417.3727438078145,1043.6644886216604,417.37274350297844,1043.6644822390147,1638,819,0,0,1638,819,914772,457386,819000.0,457386000.0,1000.0,True,True,690,345,0,0,1638,819,6.103515625e-06,0.4631173396678452,-0.05524307391291475,-0.05524307391291475,-1.1566773023092642,False,-5.518086821856103e-06,6.103515625e-06,False
trial,566,566,566,417.3727425786559,1043.664301768468,417.3727425786559,1043.664301768468,1638,819,0,0,1638,819,916410,458205,819000.0,458205000.0,1000.0,True,True,690,345,0,0,1638,819,3.0517578125e-06,0.4631173396678452,0.30389530714375523,0.30389530714375523,59.33443157226392,False,-3.0415821278845945e-06,3.0517578125e-06,True
trial,567,567,566,417.37274357970773,1043.6639948277825,417.3727425786559,1043.664301768468,1638,819,0,0,1638,819,918048,459024,819000.0,459024000.0,1000.0,True,True,690,345,0,0,1638,819,6.103515625e-06,0.5622388881697176,-0.15905431751411736,-0.15905431751411736,48.7689447039303,False,-6.2937733709051415e-06,6.103515625e-06,False
trial,568,568,568,417.37274111964797,1043.6644092466577,417.37274111964797,1043.6644092466577,1638,819,0,0,1638,819,919686,459843,819000.0,459843000.0,1000.0,True,True,690,345,0,0,1638,819,3.0517578125e-06,0.5622388881697176,0.403720928226384,0.403720928226384,-29.74020463029461,False,-3.6139021564853118e-06,3.0517578125e-06,True
trial,569,569,568,417.3727415357434,1043.664099362278,417.37274111964797,1043.6644092466577,1638,819,0,0,1638,819,921324,460662,819000.0,460662000.0,1000.0,True,True,690,345,0,0,1638,819,6.103515625e-06,0.4621987541641219,-0.07650865057651549,-0.07650865057651549,56.9793242574425,False,-5.4385407995231885e-06,6.103515625e-06,False
trial,570,570,570,417.37274021025644,1043.6641207503837,417.37274021025644,1043.6641207503837,1638,819,0,0,1638,819,922962,461481,819000.0,461481000.0,1000.0,True,True,690,345,0,0,1638,819,3.0517578125e-06,0.4621987541641219,0.30073387499264403,0.30073387499264403,95.40511366531058,False,-3.02390786867605e-06,3.0517578125e-06,True
trial,571,571,571,420.3185749781435,1042.7886831112155,420.3185749781435,1042.7886831112155,1648,824,10,5,1648,824,924610,462305,824000.0,462305000.0,1000.0,True,True,690,345,10,5,1648,824,6.103515625e-06,590.6584389206166,0.99648931756658,0.99648931756658,91.75432029206141,False,-0.00954110538208611,6.103515625e-06,True
trial,572,572,572,420.30857761228924,1042.4499296073946,420.30857761228924,1042.4499296073946,1648,824,0,0,1648,824,926258,463129,824000.0,463129000.0,1000.0,True,True,690,345,0,0,1648,824,1.220703125e-05,274.82867587320897,0.9972100944079698,0.9972100944079698,33.78974206318841,False,-0.01002533559408262,1.220703125e-05,True
trial,573,573,573,420.2928995188836,1042.344001039617,420.2928995188836,1042.344001039617,1648,824,0,0,1648,824,927906,463953,824000.0,463953000.0,1000.0,True,True,690,345,0,0,1648,824,2.44140625e-05,235.24866731916373,0.9940650189551904,0.9940650189551904,6.716370480204157,False,-0.01577169813513064,2.44140625e-05,True
trial,574,574,574,420.269212547015,1042.2137837639227,420.269212547015,1042.2137837639227,1648,824,0,0,1648,824,929554,464777,824000.0,464777000.0,1000.0,True,True,690,345,0,0,1648,824,4.8828125e-05,195.67765122068582,0.9857187415794141,0.9857187415794141,5.418911705618529,False,-0.02403015268902334,4.8828125e-05,True
trial,575,575,575,420.2426764860841,1041.8854532161497,420.2426764860841,1041.8854532161497,1648,824,0,0,1648,824,931202,465601,824000.0,465601000.0,1000.0,True,True,690,345,0,0,1648,824,9.765625e-05,136.03778641502595,0.952811663968539,0.952811663968539,11.789133902359465,False,-0.02785026877227251,9.765625e-05,True
trial,576,576,576,420.21465632917705,1041.8698118422503,420.21465632917705,1041.8698118422503,1648,824,0,0,1648,824,932850,466425,824000.0,466425000.0,1000.0,True,True,690,345,0,0,1648,824,0.0001953125,91.70508904007502,0.8363632612136972,0.8363632612136972,0.46687356276142167,False,-0.03350237654678154,0.0001953125,True
trial,577,577,577,420.18489622182676,1042.3325938942264,420.18489622182676,1042.3325938942264,1648,824,0,0,1648,824,934498,467249,824000.0,467249000.0,1000.0,True,True,690,345,0,0,1648,824,0.000390625,73.44695408487715,0.586333506343535,0.586333506343535,-9.117729987133341,False,-0.050756279537687056,0.000390625,True
trial,578,578,577,420.2089476723342,1044.1148402438398,420.18489622182676,1042.3325938942264,1648,824,0,0,1648,824,936146,468073,824000.0,468073000.0,1000.0,True,True,690,345,0,0,1648,824,0.00078125,75.79349024215233,-0.3378026807297672,-0.3378026807297672,-25.031654304339565,False,-0.07119970290195371,0.00078125,False
trial,579,579,579,420.1673179172201,1043.167751396662,420.1673179172201,1043.167751396662,1648,824,0,0,1648,824,937794,468897,824000.0,468897000.0,1000.0,True,True,690,345,0,0,1648,824,0.000390625,75.79349024215233,0.4096414893334669,0.4096414893334669,-19.4623526432607,False,-0.042911436132298364,0.000390625,True
trial,580,580,579,420.2206404632121,1044.1145442372158,420.1673179172201,1043.167751396662,1648,824,0,0,1648,824,939442,469721,824000.0,469721000.0,1000.0,True,True,690,345,0,0,1648,824,0.00078125,61.33136249369522,-1.4290083018496091,-1.4290083018496091,-25.37341014223994,False,-0.03731437103827322,0.00078125,False
trial,581,581,579,420.17287855618565,1044.0048228072865,420.1673179172201,1043.167751396662,1648,824,0,0,1648,824,941090,470545,824000.0,470545000.0,1000.0,True,True,690,345,0,0,1648,824,0.000390625,61.33136249369522,-0.2365570106497681,-0.2365570106497681,-35.610136141556765,False,-0.023506549014499473,0.000390625,False
trial,582,582,582,420.1610978295972,1043.750237326141,420.1610978295972,1043.750237326141,1648,824,0,0,1648,824,942738,471369,824000.0,471369000.0,1000.0,True,True,690,345,0,0,1648,824,0.0001953125,61.33136249369522,0.400273361235592,0.400273361235592,-37.483973699650505,False,-0.015539599247034096,0.0001953125,True
trial,583,583,582,420.17640913732953,1044.0326492742943,420.1610978295972,1043.750237326141,1648,824,0,0,1648,824,944386,472193,824000.0,472193000.0,1000.0,True,True,690,345,0,0,1648,824,0.000390625,32.02740976696844,-1.5777745566027046,-1.5777745566027046,-29.101523793221435,False,-0.009704369783521398,0.000390625,False
trial,584,584,582,420.1634829302718,1043.9630964030491,420.1610978295972,1043.750237326141,1648,824,0,0,1648,824,946034,473017,824000.0,473017000.0,1000.0,True,True,690,345,0,0,1648,824,0.0001953125,32.02740976696844,-0.40201453723340996,-0.40201453723340996,-35.87791668961654,False,-0.005932871709070564,0.0001953125,False
trial,585,585,585,420.15988188930385,1043.912204978807,420.15988188930385,1043.912204978807,1648,824,0,0,1648,824,947682,473841,824000.0,473841000.0,1000.0,True,True,690,345,0,0,1648,824,9.765625e-05,32.02740976696844,0.33391490483737196,0.33391490483737196,-44.47867516300092,False,-0.00364146755883741,9.765625e-05,True
trial,586,586,585,420.1630762520292,1043.9934173311049,420.15988188930385,1043.912204978807,1648,824,0,0,1648,824,949330,474665,824000.0,474665000.0,1000.0,True,True,690,345,0,0,1648,824,0.0001953125,11.416897456932604,-1.2693792234856898,-1.2693792234856898,-32.27225007311069,False,-0.0025164762950784063,0.0001953125,False
trial,587,587,585,420.16023247941285,1043.957457956145,420.15988188930385,1043.912204978807,1648,824,0,0,1648,824,950978,475489,824000.0,475489000.0,1000.0,True,True,690,345,0,0,1648,824,9.765625e-05,11.416897456932604,-0.2296740262316733,-0.2296740262316733,-29.645541152244444,False,-0.0015264682505034825,9.765625e-05,False
trial,588,588,588,420.1595007567887,1043.9413762465028,420.1595007567887,1043.9413762465028,1648,824,0,0,1648,824,952626,476313,824000.0,476313000.0,1000.0,True,True,690,345,0,0,1648,824,4.8828125e-05,11.416897456932604,0.4095974686087863,0.4095974686087863,-31.34992930156144,False,-0.0009305050552170922,4.8828125e-05,True
trial,589,589,588,420.16035278614606,1043.9933765620588,420.1595007567887,1043.9413762465028,1648,824,0,0,1648,824,954274,477137,824000.0,477137000.0,1000.0,True,True,690,345,0,0,1648,824,9.765625e-05,5.870517143799178,-1.5378023814223494,-1.5378023814223494,-93.85381900956385,False,-0.0005540564689287317,9.765625e-05,False
trial,590,590,588,420.1596014914437,1043.9647127880412,420.1595007567887,1043.9413762465028,1648,824,0,0,1648,824,955922,477961,824000.0,477961000.0,1000.0,True,True,690,345,0,0,1648,824,4.8828125e-05,5.870517143799178,-0.3039850557144879,-0.3039850557144879,-70.42223829763923,False,-0.00033138028700144674,4.8828125e-05,False
trial,591,591,591,420.15942335873353,1043.9539242721269,420.15942335873353,1043.9539242721269,1648,824,0,0,1648,824,957570,478785,824000.0,478785000.0,1000.0,True,True,690,345,0,0,1648,824,2.44140625e-05,5.870517143799178,0.39828918073020864,0.39828918073020864,-64.57194350292443,False,-0.00019432628078570565,2.44140625e-05,True
trial,592,592,591,420.1595853884796,1043.9762222804566,420.15942335873353,1043.9539242721269,1648,824,0,0,1648,824,959218,479609,824000.0,479609000.0,1000.0,True,True,690,345,0,0,1648,824,4.8828125e-05,2.610971081758693,-0.9289852613345134,-0.9289852613345134,-127.8439397386768,False,-0.00017441584149610663,4.8828125e-05,False
trial,593,593,593,420.1594217645014,1043.964953948805,420.1594217645014,1043.964953948805,1648,824,0,0,1648,824,960866,480433,824000.0,480433000.0,1000.0,True,True,690,345,0,0,1648,824,2.44140625e-05,2.610971081758693,0.016276067191282915,0.016276067191282915,-112.60578481589422,False,-9.794946766008582e-05,2.44140625e-05,True
trial,594,594,594,420.15938546795985,1043.9700779920101,420.15938546795985,1043.9700779920101,1648,824,0,0,1648,824,962514,481257,824000.0,481257000.0,1000.0,True,True,690,345,0,0,1648,824,1.220703125e-05,2.7396870956098827,0.49742539174839295,0.49742539174839295,-70.22237074562366,False,-7.296881536050731e-05,1.220703125e-05,True
trial,595,595,594,420.1594354530573,1043.9848813933086,420.15938546795985,1043.9700779920101,1648,824,0,0,1648,824,964162,482081,824000.0,482081000.0,1000.0,True,True,690,345,0,0,1648,824,2.44140625e-05,1.6880158216814216,-1.0542699369317963,-1.0542699369317963,-312.2286790602877,False,-4.7412048575986996e-05,2.44140625e-05,False
trial,596,596,594,420.15938868477394,1043.9775797210182,420.15938546795985,1043.9700779920101,1648,824,0,0,1648,824,965810,482905,824000.0,482905000.0,1000.0,True,True,690,345,0,0,1648,824,1.220703125e-05,1.6880158216814216,-0.10774415232966351,-0.10774415232966351,-251.26333369867993,False,-2.9856043448914195e-05,1.220703125e-05,False
trial,597,597,597,420.15937605793465,1043.9735949684832,420.15937605793465,1043.9735949684832,1648,824,0,0,1648,824,967458,483729,824000.0,483729000.0,1000.0,True,True,690,345,0,0,1648,824,6.103515625e-06,1.6880158216814216,0.5217911059021888,0.5217911059021888,-195.0182921215046,False,-1.8034085084050195e-05,6.103515625e-06,True
trial,598,598,597,420.15938269477334,1043.9779749566046,420.15937605793465,1043.9735949684832,1648,824,0,0,1648,824,969106,484553,824000.0,484553000.0,1000.0,True,True,690,345,0,0,1648,824,1.220703125e-05,0.5819142952620461,-0.46284246216240554,-0.46284246216240554,-305.453331128864,False,-1.4339303831498e-05,1.220703125e-05,False
trial,599,599,599,420.1593742985534,1043.975783782412,420.1593742985534,1043.975783782412,1648,824,0,0,1648,824,970754,485377,824000.0,485377000.0,1000.0,True,True,690,345,0,0,1648,824,6.103515625e-06,0.5819142952620461,0.23514350936417114,0.23514350936417114,-292.53772773982416,False,-7.482159466088898e-06,6.103515625e-06,True
