phase,nf,x_index,incumbent_index,active_objective,full_objective,incumbent_active_objective,incumbent_full_objective,active_residuals,active_circuits,new_residuals_revealed,new_circuits_revealed,union_residuals_revealed,union_circuits_revealed,cumulative_eval_residuals,cumulative_eval_circuits,cumulative_shots_revealed,cumulative_eval_shots,shots_per_circuit,fpr_enabled,fpr_use_union_mask,fpr_selected_residuals,fpr_selected_circuits,fpr_new_residuals,fpr_new_circuits,fpr_union_residuals,fpr_union_circuits,delta,ng,rho,rho_active,rho_full,rho_uses_full_objective,mdec,step_norm,accepted
initial,0,0,0,32373.998209423502,32373.998209423502,32373.998209423502,32373.998209423502,3836,1918,3836,1918,3836,1918,3836,1918,239750.0,239750.0,125.0,False,True,3836,1918,3836,1918,3836,1918,0.1,,,,,False,,,True
trial,1,1,1,12760.266429122632,12760.266429122632,12760.266429122632,12760.266429122632,3836,1918,0,0,3836,1918,7672,3836,239750.0,239750.0,125.0,False,True,3836,1918,0,0,3836,1918,0.1,143522.74281754837,26.94016795205815,26.94016795205815,26.94016795205815,False,-728.0478657447434,0.1,True
trial,2,2,1,22617.631705068925,22617.631705068925,12760.266429122632,12760.266429122632,3836,1918,0,0,3836,1918,11508,5754,239750.0,239750.0,125.0,False,True,3836,1918,0,0,3836,1918,0.2,92216.60036296194,-0.9613302261959292,-0.9613302261959292,-0.9613302261959292,False,-10253.880516118566,0.2,False
trial,3,3,1,17979.848838872625,17979.848838872625,12760.266429122632,12760.266429122632,3836,1918,0,0,3836,1918,15344,7672,239750.0,239750.0,125.0,False,True,3836,1918,0,0,3836,1918,0.1,92216.60036296194,-0.5092927419346084,-0.5092927419346084,-0.5092927419346084,False,-10248.687994104914,0.1,False
trial,4,4,4,5725.078120137767,5725.078120137767,5725.078120137767,5725.078120137767,3836,1918,0,0,3836,1918,19180,9590,239750.0,239750.0,125.0,False,True,3836,1918,0,0,3836,1918,0.05,92216.60036296194,0.6959436340146286,0.6959436340146286,0.6959436340146286,False,-10108.847850797336,0.05,True
trial,5,5,4,20541.192197640645,20541.192197640645,5725.078120137767,5725.078120137767,3836,1918,0,0,3836,1918,23016,11508,239750.0,239750.0,125.0,False,True,3836,1918,0,0,3836,1918,0.1,179273.4703193273,-3.754180732104767,-3.754180732104767,-3.754180732104767,False,-3946.563880315981,0.1,False
trial,6,6,4,10098.023623157223,10098.023623157223,6092.988282670272,6092.988282670272,3836,1918,0,0,3836,1918,26852,13426,249750.0,249750.0,130.21376433785193,False,True,3836,1918,0,0,3836,1918,0.05,189356.43407141312,-0.947139259173816,-0.947139259173816,-0.947139259173816,False,-4228.560163349706,0.05,False
trial,7,7,7,4025.6619737913243,4025.6619737913243,4025.6619737913243,4025.6619737913243,3836,1918,0,0,3836,1918,30688,15344,249750.0,249750.0,130.21376433785193,False,True,3836,1918,0,0,3836,1918,0.025,189356.43407141312,0.5301059761175846,0.5301059761175846,0.5301059761175846,False,-3899.8358856840873,0.025,True
trial,8,8,7,6697.372251637915,6697.372251637915,4025.6619737913243,4025.6619737913243,3836,1918,0,0,3836,1918,34524,17262,249750.0,249750.0,130.21376433785193,False,True,3836,1918,0,0,3836,1918,0.05,85915.89532814763,-0.8905049288297264,-0.8905049288297264,-0.8905049288297264,False,-3000.219528664112,0.05,False
trial,9,9,9,2028.4322581703786,2028.4322581703786,2028.4322581703786,2028.4322581703786,3836,1918,0,0,3836,1918,38360,19180,249750.0,249750.0,130.21376433785193,False,True,3836,1918,0,0,3836,1918,0.025,85915.89532814763,0.667425314358301,0.667425314358301,0.667425314358301,False,-2992.4392627228876,0.025,True
trial,10,10,9,7231.492830292043,7231.492830292043,2028.4322581703786,2028.4322581703786,3836,1918,0,0,3836,1918,42196,21098,249750.0,249750.0,130.21376433785193,False,True,3836,1918,0,0,3836,1918,0.05,76002.15530083726,-4.903961950956747,-4.903961950956747,-4.903961950956747,False,-1060.9912197843553,0.05,False
trial,11,11,9,2884.777363857785,2884.777363857785,2181.2195687081767,2181.2195687081767,3836,1918,0,0,3836,1918,46032,23016,259750.0,259750.0,135.42752867570385,False,True,3836,1918,0,0,3836,1918,0.025,81265.615479419,-0.5804657122147001,-0.5804657122147001,-0.5804657122147001,False,-1212.0574572187297,0.025,False
trial,12,12,12,1248.8537918610914,1248.8537918610914,1248.8537918610914,1248.8537918610914,3836,1918,0,0,3836,1918,49868,24934,259750.0,259750.0,135.42752867570385,False,True,3836,1918,0,0,3836,1918,0.0125,81265.615479419,0.7735781410624492,0.7735781410624492,0.7735781410624492,False,-1205.2638606961589,0.0125,True
trial,13,13,12,2617.064026997498,2617.064026997498,1248.8537918610914,1248.8537918610914,3836,1918,0,0,3836,1918,53704,26852,259750.0,259750.0,135.42752867570385,False,True,3836,1918,0,0,3836,1918,0.025,31141.590592863922,-4.2048802747641005,-4.2048802747641005,-4.2048802747641005,False,-325.3862525760415,0.025,False
trial,14,14,14,1183.4352739318049,1183.4352739318049,1183.4352739318049,1183.4352739318049,3836,1918,0,0,3836,1918,57540,28770,259750.0,259750.0,135.42752867570385,False,True,3836,1918,0,0,3836,1918,0.0125,31141.590592863922,0.2017647020159693,0.2017647020159693,0.2017647020159693,False,-324.23172772861307,0.0125,True
trial,15,15,14,2546.6952824053924,2546.6952824053924,1183.4352739318049,1183.4352739318049,3836,1918,0,0,3836,1918,61376,30688,259750.0,259750.0,135.42752867570385,False,True,3836,1918,0,0,3836,1918,0.025,29383.25774152165,-5.287480391284312,-5.287480391284312,-5.287480391284312,False,-257.82790811304665,0.025,False
trial,16,16,14,1260.8254888145204,1260.8254888145204,1240.6878109616266,1240.6878109616266,3836,1918,0,0,3836,1918,65212,32606,269750.0,269750.0,140.64129301355578,False,True,3836,1918,0,0,3836,1918,0.0125,35685.78475870378,-0.06453499039615443,-0.06453499039615443,-0.06453499039615443,False,-312.0427806570777,0.0125,False
trial,17,17,17,1013.1981510198787,1013.1981510198787,1013.1981510198787,1013.1981510198787,3836,1918,0,0,3836,1918,69048,34524,269750.0,269750.0,140.64129301355578,False,True,3836,1918,0,0,3836,1918,0.00625,35685.78475870378,0.7632955899171243,0.7632955899171243,0.7632955899171243,False,-298.0361251221796,0.00625,True
trial,18,18,17,1081.1008447084564,1081.1008447084564,1013.1981510198787,1013.1981510198787,3836,1918,0,0,3836,1918,72884,36442,269750.0,269750.0,140.64129301355578,False,True,3836,1918,0,0,3836,1918,0.0125,22291.15997448746,-0.7647408176500743,-0.7647408176500743,-0.7647408176500743,False,-88.79177378975511,0.0125,False
trial,19,19,19,978.5039204926104,978.5039204926104,978.5039204926104,978.5039204926104,3836,1918,0,0,3836,1918,76720,38360,269750.0,269750.0,140.64129301355578,False,True,3836,1918,0,0,3836,1918,0.00625,22291.15997448746,0.39243130090177564,0.39243130090177564,0.39243130090177564,False,-88.40841810412087,0.00625,True
trial,20,20,19,1100.3811099982875,1100.3811099982875,978.5039204926104,978.5039204926104,3836,1918,0,0,3836,1918,80556,40278,269750.0,269750.0,140.64129301355578,False,True,3836,1918,0,0,3836,1918,0.0125,21262.020155921175,-2.252039380649562,-2.252039380649562,-2.252039380649562,False,-54.11858715833098,0.012345497248477923,False
trial,21,21,19,1016.2479165790215,1016.2479165790215,989.3529419393728,989.3529419393728,3836,1918,0,0,3836,1918,84392,42196,279750.0,279750.0,145.8550573514077,False,True,3836,1918,0,0,3836,1918,0.00625,25357.532126698476,-0.444936586551714,-0.444936586551714,-0.444936586551714,False,-60.44675904961291,0.00625,False
trial,22,22,22,949.8663104923378,949.8663104923378,949.8663104923378,949.8663104923378,3836,1918,0,0,3836,1918,88228,44114,279750.0,279750.0,145.8550573514077,False,True,3836,1918,0,0,3836,1918,0.003125,25357.532126698476,0.7120309123577426,0.7120309123577426,0.7120309123577426,False,-55.456344326797925,0.003125,True
trial,23,23,22,1040.1098208170574,1040.1098208170574,949.8663104923378,949.8663104923378,3836,1918,0,0,3836,1918,92064,46032,279750.0,279750.0,145.8550573514077,False,True,3836,1918,0,0,3836,1918,0.00625,8817.912538521354,-4.362038401982066,-4.362038401982066,-4.362038401982066,False,-20.68838052496601,0.00625,False
trial,24,24,24,947.9996752651108,947.9996752651108,947.9996752651108,947.9996752651108,3836,1918,0,0,3836,1918,95900,47950,279750.0,279750.0,145.8550573514077,False,True,3836,1918,0,0,3836,1918,0.003125,8817.912538521354,0.09318663569671692,0.09318663569671692,0.09318663569671692,False,-20.031147312819634,0.003125,True
trial,25,25,24,1012.8328779566355,1012.8328779566355,947.9996752651108,947.9996752651108,3836,1918,0,0,3836,1918,99736,49868,279750.0,279750.0,145.8550573514077,False,True,3836,1918,0,0,3836,1918,0.00625,15546.688788947395,-3.3520307306426678,-3.3520307306426678,-3.3520307306426678,False,-19.34147026125101,0.00625,False
trial,26,26,26,954.0157928448293,954.0157928448293,954.0157928448293,954.0157928448293,3836,1918,0,0,3836,1918,103572,51786,289750.0,289750.0,151.06882168925964,False,True,3836,1918,0,0,3836,1918,0.003125,23013.54070461711,0.03510954446343773,0.03510954446343773,0.03510954446343773,False,-18.662457824745104,0.003125,True
trial,27,27,27,940.0604555167677,940.0604555167677,940.0604555167677,940.0604555167677,3836,1918,0,0,3836,1918,107408,53704,289750.0,289750.0,151.06882168925964,False,True,3836,1918,0,0,3836,1918,0.0015625,13997.0203888735,0.8693772394114397,0.8693772394114397,0.8693772394114397,False,-16.052107986527567,0.0015625,True
trial,28,28,27,956.9950813925298,956.9950813925298,940.0604555167677,940.0604555167677,3836,1918,0,0,3836,1918,111244,55622,289750.0,289750.0,151.06882168925964,False,True,3836,1918,0,0,3836,1918,0.003125,2964.6585529604176,-4.924670541225769,-4.924670541225769,-4.924670541225769,False,-3.4387327505459893,0.003125,False
trial,29,29,27,940.7107268607169,940.7107268607169,940.0604555167677,940.0604555167677,3836,1918,0,0,3836,1918,115080,57540,289750.0,289750.0,151.06882168925964,False,True,3836,1918,0,0,3836,1918,0.0015625,2964.6585529604176,-0.2359036970153451,-0.2359036970153451,-0.2359036970153451,False,-2.7565118825033585,0.0015625,False
trial,30,30,30,938.6762099418074,938.6762099418074,938.6762099418074,938.6762099418074,3836,1918,0,0,3836,1918,118916,59458,289750.0,289750.0,151.06882168925964,False,True,3836,1918,0,0,3836,1918,0.00078125,2964.6585529604176,0.7054905137068288,0.7054905137068288,0.7054905137068288,False,-1.9621037392651102,0.00078125,True
trial,31,31,30,935.8254495846264,935.8254495846264,933.0410066466287,933.0410066466287,3836,1918,0,0,3836,1918,122752,61376,299750.0,299750.0,156.28258602711156,False,True,3836,1918,0,0,3836,1918,0.0015625,7168.631606739252,-1.439555192583488,-1.439555192583488,-1.439555192583488,False,-1.9342384038785123,0.0015625,False
trial,32,32,32,932.2894236060852,932.2894236060852,932.2894236060852,932.2894236060852,3836,1918,0,0,3836,1918,126588,63294,299750.0,299750.0,156.28258602711156,False,True,3836,1918,0,0,3836,1918,0.00078125,7168.631606739252,0.47434301500553927,0.47434301500553927,0.47434301500553927,False,-1.5844716097163865,0.00078125,True
trial,33,33,32,936.5754279778075,936.5754279778075,932.2894236060852,932.2894236060852,3836,1918,0,0,3836,1918,130424,65212,299750.0,299750.0,156.28258602711156,False,True,3836,1918,0,0,3836,1918,0.0015625,2398.2824906402316,-2.617506065103936,-2.617506065103936,-2.617506065103936,False,-1.637438181657916,0.0015625,False
trial,34,34,34,932.0323685323353,932.0323685323353,932.0323685323353,932.0323685323353,3836,1918,0,0,3836,1918,134260,67130,299750.0,299750.0,156.28258602711156,False,True,3836,1918,0,0,3836,1918,0.00078125,2398.2824906402316,0.22253150278298262,0.22253150278298262,0.22253150278298262,False,-1.155140151102609,0.00078125,True
trial,35,35,34,936.1541873684548,936.1541873684548,932.0323685323353,932.0323685323353,3836,1918,0,0,3836,1918,138096,69048,299750.0,299750.0,156.28258602711156,False,True,3836,1918,0,0,3836,1918,0.0015625,3407.822434913905,-3.1580265650334827,-3.1580265650334827,-3.1580265650334827,False,-1.3051881455834975,0.0015625,False
trial,36,36,36,936.8076045862431,936.8076045862431,936.8076045862431,936.8076045862431,3836,1918,0,0,3836,1918,141932,70966,309750.0,309750.0,161.4963503649635,False,True,3836,1918,0,0,3836,1918,0.00078125,7918.747315243105,0.9129191731084912,0.9129191731084912,0.9129191731084912,False,-2.514316470600992,0.00078125,True
trial,37,37,36,940.0115707529393,940.0115707529393,936.8076045862431,936.8076045862431,3836,1918,0,0,3836,1918,145768,72884,309750.0,309750.0,161.4963503649635,False,True,3836,1918,0,0,3836,1918,0.0015625,3412.398446737896,-1.3879841318740582,-1.3879841318740582,-1.3879841318740582,False,-2.3083593631363817,0.0015625,False
trial,38,38,38,936.2586737263484,936.2586737263484,936.2586737263484,936.2586737263484,3836,1918,0,0,3836,1918,149604,74802,309750.0,309750.0,161.4963503649635,False,True,3836,1918,0,0,3836,1918,0.00078125,3412.398446737896,0.40813432518579,0.40813432518579,0.40813432518579,False,-1.3449759699696184,0.00078125,True
trial,39,39,38,936.685189942426,936.685189942426,936.2586737263484,936.2586737263484,3836,1918,0,0,3836,1918,153440,76720,309750.0,309750.0,161.4963503649635,False,True,3836,1918,0,0,3836,1918,0.0015625,3619.4547980848324,-0.1567749414402469,-0.1567749414402469,-0.1567749414402469,False,-2.7205637084551446,0.0015625,False
trial,40,40,40,935.0559132974333,935.0559132974333,935.0559132974333,935.0559132974333,3836,1918,0,0,3836,1918,157276,78638,309750.0,309750.0,161.4963503649635,False,True,3836,1918,0,0,3836,1918,0.00078125,3619.4547980848324,0.6567606312711658,0.6567606312711658,0.6567606312711658,False,-1.8313528120392135,0.00078125,True
trial,41,41,40,939.1012670026294,939.1012670026294,936.8694083671312,936.8694083671312,3836,1918,0,0,3836,1918,161112,80556,319750.0,319750.0,166.71011470281545,False,True,3836,1918,0,0,3836,1918,0.0015625,6022.235349270163,-0.7117348221268109,-0.7117348221268109,-0.7117348221268109,False,-3.1358008152936803,0.0015625,False
trial,42,42,42,935.3239780808236,935.3239780808236,935.3239780808236,935.3239780808236,3836,1918,0,0,3836,1918,164948,82474,319750.0,319750.0,166.71011470281545,False,True,3836,1918,0,0,3836,1918,0.00078125,6022.235349270163,0.7009718497526589,0.7009718497526589,0.7009718497526589,False,-2.204696646310248,0.00078125,True
trial,43,43,42,938.9330248253765,938.9330248253765,935.3239780808236,935.3239780808236,3836,1918,0,0,3836,1918,168784,84392,319750.0,319750.0,166.71011470281545,False,True,3836,1918,0,0,3836,1918,0.0015625,2705.940569258558,-1.9502984641598067,-1.9502984641598067,-1.9502984641598067,False,-1.8505099659746984,0.0015625,False
trial,44,44,44,935.113863482826,935.113863482826,935.113863482826,935.113863482826,3836,1918,0,0,3836,1918,172620,86310,319750.0,319750.0,166.71011470281545,False,True,3836,1918,0,0,3836,1918,0.00078125,2705.940569258558,0.17321767488769613,0.17321767488769613,0.17321767488769613,False,-1.2130089965348887,0.00078125,True
trial,45,45,44,937.7708985273699,937.7708985273699,935.113863482826,935.113863482826,3836,1918,0,0,3836,1918,176456,88228,319750.0,319750.0,166.71011470281545,False,True,3836,1918,0,0,3836,1918,0.0015625,3979.467281489654,-1.3783694855476611,-1.3783694855476611,-1.3783694855476611,False,-1.927665312097521,0.0015625,False
trial,46,46,46,937.2077316262606,937.2077316262606,937.2077316262606,937.2077316262606,3836,1918,0,0,3836,1918,180292,90146,329750.0,329750.0,171.92387904066737,False,True,3836,1918,0,0,3836,1918,0.00078125,9931.09088958883,0.639250222123417,0.639250222123417,0.639250222123417,False,-2.3244371024358603,0.00078125,True
trial,47,47,46,941.8282028765152,941.8282028765152,937.2077316262606,937.2077316262606,3836,1918,0,0,3836,1918,184128,92064,329750.0,329750.0,171.92387904066737,False,True,3836,1918,0,0,3836,1918,0.0015625,2319.2624916837995,-2.995850510772044,-2.995850510772044,-2.995850510772044,False,-1.5422903224446487,0.0015625,False
trial,48,48,46,937.3343392358925,937.3343392358925,937.2077316262606,937.2077316262606,3836,1918,0,0,3836,1918,187964,93982,329750.0,329750.0,171.92387904066737,False,True,3836,1918,0,0,3836,1918,0.00078125,2319.2624916837995,-0.12362731103376258,-0.12362731103376258,-0.12362731103376258,False,-1.024107121421224,0.00078125,False
trial,49,49,49,936.7813426573515,936.7813426573515,936.7813426573515,936.7813426573515,3836,1918,0,0,3836,1918,191800,95900,329750.0,329750.0,171.92387904066737,False,True,3836,1918,0,0,3836,1918,0.000390625,2319.2624916837995,0.6720069643045552,0.6720069643045552,0.6720069643045552,False,-0.6345008185300329,0.000390625,True
trial,50,50,49,937.1899423019622,937.1899423019622,936.7813426573515,936.7813426573515,3836,1918,0,0,3836,1918,195636,97818,329750.0,329750.0,171.92387904066737,False,True,3836,1918,0,0,3836,1918,0.00078125,1371.3384281519232,-0.7265573923185412,-0.7265573923185412,-0.7265573923185412,False,-0.5623776578844262,0.00078125,False
trial,51,51,51,935.1391990525987,935.1391990525987,935.1391990525987,935.1391990525987,3836,1918,0,0,3836,1918,199472,99736,339750.0,339750.0,177.1376433785193,False,True,3836,1918,0,0,3836,1918,0.000390625,7942.782986358553,0.9559171249205038,0.9559171249205038,0.9559171249205038,False,-1.3543377220557793,0.000390625,True
trial,52,52,52,934.9417319294366,934.9417319294366,934.9417319294366,934.9417319294366,3836,1918,0,0,3836,1918,203308,101654,339750.0,339750.0,177.1376433785193,False,True,3836,1918,0,0,3836,1918,0.00078125,913.5975786737645,0.33269589104247144,0.33269589104247144,0.33269589104247144,False,-0.5935364051034204,0.00078125,True
trial,53,53,52,936.9379242293336,936.9379242293336,934.9417319294366,934.9417319294366,3836,1918,0,0,3836,1918,207144,103572,339750.0,339750.0,177.1376433785193,False,True,3836,1918,0,0,3836,1918,0.0015625,2873.3383049582612,-2.1826177524651853,-2.1826177524651853,-2.1826177524651853,False,-0.9145863024537102,0.0015625,False
trial,54,54,54,934.7115165740728,934.7115165740728,934.7115165740728,934.7115165740728,3836,1918,0,0,3836,1918,210980,105490,339750.0,339750.0,177.1376433785193,False,True,3836,1918,0,0,3836,1918,0.00078125,2873.3383049582612,0.33198647941699483,0.33198647941699483,0.33198647941699483,False,-0.6934479854966469,0.00078125,True
trial,55,55,54,936.1863257803809,936.1863257803809,934.7115165740728,934.7115165740728,3836,1918,0,0,3836,1918,214816,107408,339750.0,339750.0,177.1376433785193,False,True,3836,1918,0,0,3836,1918,0.0015625,3027.844022622594,-1.884039114294801,-1.884039114294801,-1.884039114294801,False,-0.7827911825812314,0.0015625,False
trial,56,56,56,934.9426291693547,934.9426291693547,934.9426291693547,934.9426291693547,3836,1918,0,0,3836,1918,218652,109326,349750.0,349750.0,182.35140771637123,False,True,3836,1918,0,0,3836,1918,0.00078125,7493.6650778548865,0.7615307581963325,0.7615307581963325,0.7615307581963325,False,-1.4612414939235234,0.00078125,True
trial,57,57,56,939.779983413244,939.779983413244,934.9426291693547,934.9426291693547,3836,1918,0,0,3836,1918,222488,111244,349750.0,349750.0,182.35140771637123,False,True,3836,1918,0,0,3836,1918,0.0015625,2619.346290268811,-5.681847102750697,-5.681847102750697,-5.681847102750697,False,-0.8513700133795306,0.0015625,False
trial,58,58,56,935.0885361415185,935.0885361415185,934.9426291693547,934.9426291693547,3836,1918,0,0,3836,1918,226324,113162,349750.0,349750.0,182.35140771637123,False,True,3836,1918,0,0,3836,1918,0.00078125,2619.346290268811,-0.2643181382368441,-0.2643181382368441,-0.2643181382368441,False,-0.5520127114129505,0.00078125,False
trial,59,59,59,934.670125138459,934.670125138459,934.670125138459,934.670125138459,3836,1918,0,0,3836,1918,230160,115080,349750.0,349750.0,182.35140771637123,False,True,3836,1918,0,0,3836,1918,0.000390625,2619.346290268811,0.7345949649167535,0.7345949649167535,0.7345949649167535,False,-0.37095820678088864,0.000390625,True
trial,60,60,59,935.0780841039237,935.0780841039237,934.670125138459,934.670125138459,3836,1918,0,0,3836,1918,233996,116998,349750.0,349750.0,182.35140771637123,False,True,3836,1918,0,0,3836,1918,0.00078125,788.4667149977628,-1.4871271869354517,-1.4871271869354517,-1.4871271869354517,False,-0.2743268827634536,0.00078125,False
trial,61,61,61,937.0774217864238,937.0774217864238,937.0774217864238,937.0774217864238,3836,1918,0,0,3836,1918,237832,118916,359750.0,359750.0,187.56517205422315,False,True,3836,1918,0,0,3836,1918,0.000390625,4283.889920652725,0.7973367020628814,0.7973367020628814,0.7973367020628814,False,-0.7751402099424521,0.000390625,True
trial,62,62,61,937.7548030362514,937.7548030362514,937.0774217864238,937.0774217864238,3836,1918,0,0,3836,1918,241668,120834,359750.0,359750.0,187.56517205422315,False,True,3836,1918,0,0,3836,1918,0.00078125,1155.2736034500087,-1.6890913644137289,-1.6890913644137289,-1.6890913644137289,False,-0.40103292462376905,0.00078125,False
trial,63,63,63,937.0128505292013,937.0128505292013,937.0128505292013,937.0128505292013,3836,1918,0,0,3836,1918,245504,122752,359750.0,359750.0,187.56517205422315,False,True,3836,1918,0,0,3836,1918,0.000390625,1155.2736034500087,0.2734233874739881,0.2734233874739881,0.2734233874739881,False,-0.23615850062803972,0.000390625,True
trial,64,64,63,937.745712927848,937.745712927848,937.0128505292013,937.0128505292013,3836,1918,0,0,3836,1918,249340,124670,359750.0,359750.0,187.56517205422315,False,True,3836,1918,0,0,3836,1918,0.00078125,636.0133658339176,-1.7446054367398676,-1.7446054367398676,-1.7446054367398676,False,-0.4200734350663331,0.00078125,False
trial,65,65,65,936.9676075531781,936.9676075531781,936.9676075531781,936.9676075531781,3836,1918,0,0,3836,1918,253176,126588,359750.0,359750.0,187.56517205422315,False,True,3836,1918,0,0,3836,1918,0.000390625,636.0133658339176,0.16989726188672602,0.16989726188672602,0.16989726188672602,False,-0.26629608694516194,0.000390625,True
trial,66,66,66,935.4363337105075,935.4363337105075,935.4363337105075,935.4363337105075,3836,1918,0,0,3836,1918,257012,128506,369750.0,369750.0,192.77893639207508,False,True,3836,1918,0,0,3836,1918,0.00078125,11692.268303800924,0.5366104674379489,0.5366104674379489,0.5366104674379489,False,-1.4116645634752478,0.00078125,True
trial,67,67,66,937.7468501344125,937.7468501344125,935.4363337105075,935.4363337105075,3836,1918,0,0,3836,1918,260848,130424,369750.0,369750.0,192.77893639207508,False,True,3836,1918,0,0,3836,1918,0.0015625,3761.2098577422266,-1.7071338468415616,-1.7071338468415616,-1.7071338468415616,False,-1.3534477265387301,0.0015625,False
trial,68,68,68,935.3482328131203,935.3482328131203,935.3482328131203,935.3482328131203,3836,1918,0,0,3836,1918,264684,132342,369750.0,369750.0,192.77893639207508,False,True,3836,1918,0,0,3836,1918,0.00078125,3761.2098577422266,0.08639566407443823,0.08639566407443823,0.08639566407443823,False,-1.0197374871881744,0.00078125,True
trial,69,69,68,939.2514086500001,939.2514086500001,935.3482328131203,935.3482328131203,3836,1918,0,0,3836,1918,268520,134260,369750.0,369750.0,192.77893639207508,False,True,3836,1918,0,0,3836,1918,0.0015625,4563.462364667365,-3.1160803786809086,-3.1160803786809086,-3.1160803786809086,False,-1.2525915132305299,0.0015625,False
trial,70,70,70,935.1533493464478,935.1533493464478,935.1533493464478,935.1533493464478,3836,1918,0,0,3836,1918,272356,136178,369750.0,369750.0,192.77893639207508,False,True,3836,1918,0,0,3836,1918,0.00078125,4563.462364667365,0.1921640477063906,0.1921640477063906,0.1921640477063906,False,-1.01415154915027,0.00078125,True
trial,71,71,70,937.0743063810321,937.0743063810321,934.5288197369305,934.5288197369305,3836,1918,0,0,3836,1918,276192,138096,379750.0,379750.0,197.992700729927,False,True,3836,1918,0,0,3836,1918,0.0015625,9390.412311958433,-1.1826233456779205,-1.1826233456779205,-1.1826233456779205,False,-2.1524068955720375,0.0015625,False
trial,72,72,72,933.593202001065,933.593202001065,933.593202001065,933.593202001065,3836,1918,0,0,3836,1918,280028,140014,379750.0,379750.0,197.992700729927,False,True,3836,1918,0,0,3836,1918,0.00078125,9390.412311958433,0.5173842533989721,0.5173842533989721,0.5173842533989721,False,-1.8083614445527958,0.00078125,True
trial,73,73,72,938.4895186595517,938.4895186595517,933.593202001065,933.593202001065,3836,1918,0,0,3836,1918,283864,141932,379750.0,379750.0,197.992700729927,False,True,3836,1918,0,0,3836,1918,0.0015625,4283.128033373353,-4.1392375753023325,-4.1392375753023325,-4.1392375753023325,False,-1.182903027287337,0.0015625,False
trial,74,74,74,933.5409346471224,933.5409346471224,933.5409346471224,933.5409346471224,3836,1918,0,0,3836,1918,287700,143850,379750.0,379750.0,197.992700729927,False,True,3836,1918,0,0,3836,1918,0.00078125,4283.128033373353,0.05532180407683125,0.05532180407683125,0.05532180407683125,False,-0.9447875898991984,0.00078125,True
trial,75,75,74,937.1285318297257,937.1285318297257,933.5409346471224,933.5409346471224,3836,1918,0,0,3836,1918,291536,145768,379750.0,379750.0,197.992700729927,False,True,3836,1918,0,0,3836,1918,0.0015625,4384.176712706916,-2.6681597961312526,-2.6681597961312526,-2.6681597961312526,False,-1.344596072471074,0.0015625,False
trial,76,76,76,932.5060298723712,932.5060298723712,932.5060298723712,932.5060298723712,3836,1918,0,0,3836,1918,295372,147686,389750.0,389750.0,203.20646506777894,False,True,3836,1918,0,0,3836,1918,0.00078125,8167.951051725974,0.4458181686100072,0.4458181686100072,0.4458181686100072,False,-1.4101509133796981,0.00078125,True
trial,77,77,76,936.8456585668443,936.8456585668443,932.5060298723712,932.5060298723712,3836,1918,0,0,3836,1918,299208,149604,389750.0,389750.0,203.20646506777894,False,True,3836,1918,0,0,3836,1918,0.0015625,4010.0466649271534,-3.657002171546368,-3.657002171546368,-3.657002171546368,False,-1.1866628705440843,0.0015625,False
trial,78,78,78,932.452522681436,932.452522681436,932.452522681436,932.452522681436,3836,1918,0,0,3836,1918,303044,151522,389750.0,389750.0,203.20646506777894,False,True,3836,1918,0,0,3836,1918,0.00078125,4010.0466649271534,0.05754282312699017,0.05754282312699017,0.05754282312699017,False,-0.9298673236297206,0.00078125,True
trial,79,79,78,934.3946335845047,934.3946335845047,932.452522681436,932.452522681436,3836,1918,0,0,3836,1918,306880,153440,389750.0,389750.0,203.20646506777894,False,True,3836,1918,0,0,3836,1918,0.0015625,4493.4938070333965,-1.6015012582371642,-1.6015012582371642,-1.6015012582371642,False,-1.2126814718875063,0.0015625,False
trial,80,80,80,932.2524481671903,932.2524481671903,932.2524481671903,932.2524481671903,3836,1918,0,0,3836,1918,310716,155358,389750.0,389750.0,203.20646506777894,False,True,3836,1918,0,0,3836,1918,0.00078125,4493.4938070333965,0.20765601233211675,0.20765601233211675,0.20765601233211675,False,-0.9634901103931419,0.00078125,True
trial,81,81,80,936.7956090463028,936.7956090463028,934.4336396602849,934.4336396602849,3836,1918,0,0,3836,1918,314552,157276,399750.0,399750.0,208.42022940563086,False,True,3836,1918,0,0,3836,1918,0.0015625,7809.7250007689645,-1.3341702743483619,-1.3341702743483619,-1.3341702743483619,False,-1.7703657707195897,0.0015625,False
trial,82,82,82,933.6919567892908,933.6919567892908,933.6919567892908,933.6919567892908,3836,1918,0,0,3836,1918,318388,159194,399750.0,399750.0,208.42022940563086,False,True,3836,1918,0,0,3836,1918,0.00078125,7809.7250007689645,0.46905569151834503,0.46905569151834503,0.46905569151834503,False,-1.5812256079727383,0.00078125,True
trial,83,83,82,937.2589358154091,937.2589358154091,933.6919567892908,933.6919567892908,3836,1918,0,0,3836,1918,322224,161112,399750.0,399750.0,208.42022940563086,False,True,3836,1918,0,0,3836,1918,0.0015625,4063.952491761391,-2.6381725473110786,-2.6381725473110786,-2.6381725473110786,False,-1.3520643408081687,0.0015625,False
trial,84,84,84,933.6385725132886,933.6385725132886,933.6385725132886,933.6385725132886,3836,1918,0,0,3836,1918,326060,163030,399750.0,399750.0,208.42022940563086,False,True,3836,1918,0,0,3836,1918,0.00078125,4063.952491761391,0.05032614593817705,0.05032614593817705,0.05032614593817705,False,-1.0607662281096202,0.00078125,True
trial,85,85,84,938.0691477367943,938.0691477367943,933.6385725132886,933.6385725132886,3836,1918,0,0,3836,1918,329896,164948,399750.0,399750.0,208.42022940563086,False,True,3836,1918,0,0,3836,1918,0.0015625,4674.29354117439,-3.8007480654250956,-3.8007480654250956,-3.8007480654250956,False,-1.1657113671411277,0.0015625,False
trial,86,86,86,932.9919429965864,932.9919429965864,932.9919429965864,932.9919429965864,3836,1918,0,0,3836,1918,333732,166866,409750.0,409750.0,213.6339937434828,False,True,3836,1918,0,0,3836,1918,0.00078125,9064.547916145682,0.5211136007491274,0.5211136007491274,0.5211136007491274,False,-1.457926287424164,0.00078125,True
trial,87,87,86,937.0328508819268,937.0328508819268,932.9919429965864,932.9919429965864,3836,1918,0,0,3836,1918,337568,168784,409750.0,409750.0,213.6339937434828,False,True,3836,1918,0,0,3836,1918,0.0015625,3667.409211951538,-3.268394979579986,-3.268394979579986,-3.268394979579986,False,-1.2363584911208285,0.0015625,False
trial,88,88,86,933.0244997982583,933.0244997982583,932.9919429965864,932.9919429965864,3836,1918,0,0,3836,1918,341404,170702,409750.0,409750.0,213.6339937434828,False,True,3836,1918,0,0,3836,1918,0.00078125,3667.409211951538,-0.035671169881507245,-0.035671169881507245,-0.035671169881507245,False,-0.9126922884777301,0.00078125,False
trial,89,89,89,932.581186045975,932.581186045975,932.581186045975,932.581186045975,3836,1918,0,0,3836,1918,345240,172620,409750.0,409750.0,213.6339937434828,False,True,3836,1918,0,0,3836,1918,0.000390625,3667.409211951538,0.6501546621081219,0.6501546621081219,0.6501546621081219,False,-0.6317834425421098,0.000390625,True
trial,90,90,89,933.2030329698235,933.2030329698235,932.581186045975,932.581186045975,3836,1918,0,0,3836,1918,349076,174538,409750.0,409750.0,213.6339937434828,False,True,3836,1918,0,0,3836,1918,0.00078125,1415.1447790729394,-1.6929317624466975,-1.6929317624466975,-1.6929317624466975,False,-0.36731954449827303,0.00078125,False
trial,91,91,91,935.8781488595719,935.8781488595719,935.8781488595719,935.8781488595719,3836,1918,0,0,3836,1918,352912,176456,425025.0,425025.0,221.59801876955163,False,True,3836,1918,0,0,3836,1918,0.000390625,7592.555299358069,0.9059926755015778,0.9059926755015778,0.9059926755015778,False,-1.0168856652473386,0.000390625,True
trial,92,92,91,936.2337586894083,936.2337586894083,935.8781488595719,935.8781488595719,3836,1918,0,0,3836,1918,356748,178374,425025.0,425025.0,221.59801876955163,False,True,3836,1918,0,0,3836,1918,0.00078125,983.9731331889958,-1.414752969531514,-1.414752969531514,-1.414752969531514,False,-0.25135824945764984,0.00078125,False
trial,93,93,93,935.8635853668551,935.8635853668551,935.8635853668551,935.8635853668551,3836,1918,0,0,3836,1918,360584,180292,425025.0,425025.0,221.59801876955163,False,True,3836,1918,0,0,3836,1918,0.000390625,983.9731331889958,0.09308891038099557,0.09308891038099557,0.09308891038099557,False,-0.15644712841915492,0.000390625,True
trial,94,94,93,936.1911794098444,936.1911794098444,935.8635853668551,935.8635853668551,3836,1918,0,0,3836,1918,364420,182210,425025.0,425025.0,221.59801876955163,False,True,3836,1918,0,0,3836,1918,0.00078125,1505.5517155749912,-1.2227116665188376,-1.2227116665188376,-1.2227116665188376,False,-0.26792419828787395,0.00078125,False
trial,95,95,95,935.7833354810225,935.7833354810225,935.7833354810225,935.7833354810225,3836,1918,0,0,3836,1918,368256,184128,425025.0,425025.0,221.59801876955163,False,True,3836,1918,0,0,3836,1918,0.000390625,1505.5517155749912,0.41138891263279226,0.41138891263279226,0.41138891263279226,False,-0.1950706092660733,0.000390625,True
trial,96,96,96,935.8244018104658,935.8244018104658,935.8244018104658,935.8244018104658,3836,1918,0,0,3836,1918,372092,186046,435025.0,435025.0,226.81178310740356,False,True,3836,1918,0,0,3836,1918,0.00078125,6493.5230097983,0.09046974855853249,0.09046974855853249,0.09046974855853249,False,-1.1930348671905238,0.00078125,True
trial,97,97,96,937.8281753018,937.8281753018,935.8244018104658,935.8244018104658,3836,1918,0,0,3836,1918,375928,187964,435025.0,435025.0,226.81178310740356,False,True,3836,1918,0,0,3836,1918,0.0015625,5032.6970275562535,-1.396597173678862,-1.396597173678862,-1.396597173678862,False,-1.434754078769846,0.0015625,False
trial,98,98,98,935.0066481262064,935.0066481262064,935.0066481262064,935.0066481262064,3836,1918,0,0,3836,1918,379764,189882,435025.0,435025.0,226.81178310740356,False,True,3836,1918,0,0,3836,1918,0.00078125,5032.6970275562535,0.6654011346313966,0.6654011346313966,0.6654011346313966,False,-1.2289634653424524,0.00078125,True
trial,99,99,98,938.2937715756652,938.2937715756652,935.0066481262064,935.0066481262064,3836,1918,0,0,3836,1918,383600,191800,435025.0,435025.0,226.81178310740356,False,True,3836,1918,0,0,3836,1918,0.0015625,3734.854453222955,-5.367419336056592,-5.367419336056592,-5.367419336056592,False,-0.6124215835675411,0.0015625,False
trial,100,100,98,935.1285761158326,935.1285761158326,935.0066481262064,935.0066481262064,3836,1918,0,0,3836,1918,387436,193718,435025.0,435025.0,226.81178310740356,False,True,3836,1918,0,0,3836,1918,0.00078125,3734.854453222955,-0.26618429602475646,-0.26618429602475646,-0.26618429602475646,False,-0.45805853856560785,0.00078125,False
trial,101,101,101,937.0634293796544,937.0634293796544,937.0634293796544,937.0634293796544,3836,1918,0,0,3836,1918,391272,195636,455550.0,455550.0,237.51303441084463,False,True,3836,1918,0,0,3836,1918,0.000390625,14827.605021214324,0.945522790208292,0.945522790208292,0.945522790208292,False,-1.831534546444594,0.000390625,True
trial,102,102,101,937.1439186333904,937.1439186333904,937.0634293796544,937.0634293796544,3836,1918,0,0,3836,1918,395108,197554,455550.0,455550.0,237.51303441084463,False,True,3836,1918,0,0,3836,1918,0.00078125,1112.2637022561344,-0.1975118957702985,-0.1975118957702985,-0.1975118957702985,False,-0.4075159798456479,0.00078125,False
trial,103,103,103,936.8568701322528,936.8568701322528,936.8568701322528,936.8568701322528,3836,1918,0,0,3836,1918,398944,199472,455550.0,455550.0,237.51303441084463,False,True,3836,1918,0,0,3836,1918,0.000390625,1112.2637022561344,0.7337071830397469,0.7337071830397469,0.7337071830397469,False,-0.28152817932878077,0.000390625,True
trial,104,104,103,937.024820982097,937.024820982097,936.8568701322528,936.8568701322528,3836,1918,0,0,3836,1918,402780,201390,455550.0,455550.0,237.51303441084463,False,True,3836,1918,0,0,3836,1918,0.00078125,899.8425869359146,-0.6691110782881241,-0.6691110782881241,-0.6691110782881241,False,-0.25100593204038874,0.00078125,False
trial,105,105,105,936.7771397941344,936.7771397941344,936.7771397941344,936.7771397941344,3836,1918,0,0,3836,1918,406616,203308,455550.0,455550.0,237.51303441084463,False,True,3836,1918,0,0,3836,1918,0.000390625,899.8425869359146,0.508915277897166,0.508915277897166,0.508915277897166,False,-0.15666721275844467,0.000390625,True
trial,106,106,105,939.8209199149178,939.8209199149178,939.6800159495783,939.6800159495783,3836,1918,0,0,3836,1918,410452,205226,465550.0,465550.0,242.72679874869655,False,True,3836,1918,0,0,3836,1918,0.00078125,5731.239364832775,-0.18339572180195485,-0.18339572180195485,-0.18339572180195485,False,-0.7683056286974617,0.00078125,False
trial,107,107,107,939.2002862850825,939.2002862850825,939.2002862850825,939.2002862850825,3836,1918,0,0,3836,1918,414288,207144,465550.0,465550.0,242.72679874869655,False,True,3836,1918,0,0,3836,1918,0.000390625,5731.239364832775,0.8000070154900574,0.8000070154900574,0.8000070154900574,False,-0.599656822011703,0.000390625,True
trial,108,108,107,939.4599311486182,939.4599311486182,939.2002862850825,939.2002862850825,3836,1918,0,0,3836,1918,418124,209062,465550.0,465550.0,242.72679874869655,False,True,3836,1918,0,0,3836,1918,0.00078125,1228.380585693088,-0.7888532745744188,-0.7888532745744188,-0.7888532745744188,False,-0.32914215089723925,0.00078125,False
trial,109,109,109,939.0752488859239,939.0752488859239,939.0752488859239,939.0752488859239,3836,1918,0,0,3836,1918,421960,210980,465550.0,465550.0,242.72679874869655,False,True,3836,1918,0,0,3836,1918,0.000390625,1228.380585693088,0.6076529850219321,0.6076529850219321,0.6076529850219321,False,-0.20577106052410365,0.000390625,True
trial,110,110,109,939.6391073318764,939.6391073318764,939.0752488859239,939.0752488859239,3836,1918,0,0,3836,1918,425796,212898,465550.0,465550.0,242.72679874869655,False,True,3836,1918,0,0,3836,1918,0.00078125,974.6692653732849,-2.0639729163573755,-2.0639729163573755,-2.0639729163573755,False,-0.2731908163541461,0.00078125,False
trial,111,111,111,941.0317868117182,941.0317868117182,941.0317868117182,941.0317868117182,3836,1918,0,0,3836,1918,429632,214816,493135.0,493135.0,257.10896767466113,False,True,3836,1918,0,0,3836,1918,0.000390625,8310.277979927458,0.962753920960301,0.962753920960301,0.962753920960301,False,-2.1649996910168037,0.000390625,True
trial,112,112,111,941.5255803595899,941.5255803595899,941.0317868117182,941.0317868117182,3836,1918,0,0,3836,1918,433468,216734,493135.0,493135.0,257.10896767466113,False,True,3836,1918,0,0,3836,1918,0.00078125,1373.1911199297792,-0.7014859493422038,-0.7014859493422038,-0.7014859493422038,False,-0.7039250726756137,0.00078125,False
trial,113,113,113,940.7109982941504,940.7109982941504,940.7109982941504,940.7109982941504,3836,1918,0,0,3836,1918,437304,218652,493135.0,493135.0,257.10896767466113,False,True,3836,1918,0,0,3836,1918,0.000390625,1373.1911199297792,0.6606519139622383,0.6606519139622383,0.6606519139622383,False,-0.48556359375988145,0.000390625,True
trial,114,114,113,941.1124368019648,941.1124368019648,940.7109982941504,940.7109982941504,3836,1918,0,0,3836,1918,441140,220570,493135.0,493135.0,257.10896767466113,False,True,3836,1918,0,0,3836,1918,0.00078125,1649.9788393647068,-0.914511229311156,-0.914511229311156,-0.914511229311156,False,-0.43896509408287654,0.00078125,False
trial,115,115,115,940.5662451876002,940.5662451876002,940.5662451876002,940.5662451876002,3836,1918,0,0,3836,1918,444976,222488,493135.0,493135.0,257.10896767466113,False,True,3836,1918,0,0,3836,1918,0.000390625,1649.9788393647068,0.4837331576852753,0.4837331576852753,0.4837331576852753,False,-0.2992416464541019,0.000390625,True
trial,116,116,116,941.390307245517,941.390307245517,941.390307245517,941.390307245517,3836,1918,0,0,3836,1918,448812,224406,503135.0,503135.0,262.32273201251303,False,True,3836,1918,0,0,3836,1918,0.00078125,19186.043263576616,0.4191033556880475,0.4191033556880475,0.4191033556880475,False,-1.5519622520916474,0.00078125,True
trial,117,117,116,946.1471839325543,946.1471839325543,941.390307245517,941.390307245517,3836,1918,0,0,3836,1918,452648,226324,503135.0,503135.0,262.32273201251303,False,True,3836,1918,0,0,3836,1918,0.0015625,4782.803969932029,-3.536606130743223,-3.536606130743223,-3.536606130743223,False,-1.3450399934803228,0.0015625,False
trial,118,118,116,941.5292474021189,941.5292474021189,941.390307245517,941.390307245517,3836,1918,0,0,3836,1918,456484,228242,503135.0,503135.0,262.32273201251303,False,True,3836,1918,0,0,3836,1918,0.00078125,4782.803969932029,-0.13432437566203087,-0.13432437566203087,-0.13432437566203087,False,-1.034362943562412,0.00078125,False
trial,119,119,119,940.816156436777,940.816156436777,940.816156436777,940.816156436777,3836,1918,0,0,3836,1918,460320,230160,503135.0,503135.0,262.32273201251303,False,True,3836,1918,0,0,3836,1918,0.000390625,4782.803969932029,0.7375320057913382,0.7375320057913382,0.7375320057913382,False,-0.7784757871273167,0.000390625,True
trial,120,120,119,941.6527821458054,941.6527821458054,940.816156436777,940.816156436777,3836,1918,0,0,3836,1918,464156,232078,503135.0,503135.0,262.32273201251303,False,True,3836,1918,0,0,3836,1918,0.00078125,1363.9680810246743,-2.0956980428691296,-2.0956980428691296,-2.0956980428691296,False,-0.3992109988722733,0.00078125,False
trial,121,121,121,947.5122269780397,947.5122269780397,947.5122269780397,947.5122269780397,3836,1918,0,0,3836,1918,467992,233996,535905.0,535905.0,279.4082377476538,False,True,3836,1918,0,0,3836,1918,0.000390625,5946.574507374935,0.7308717008420957,0.7308717008420957,0.7308717008420957,False,-1.17035351845714,0.000390625,True
trial,122,122,121,948.3796120137324,948.3796120137324,947.5122269780397,947.5122269780397,3836,1918,0,0,3836,1918,471828,235914,535905.0,535905.0,279.4082377476538,False,True,3836,1918,0,0,3836,1918,0.00078125,1594.642960207442,-1.0089601005032331,-1.0089601005032331,-1.0089601005032331,False,-0.8596821968084339,0.00078125,False
trial,123,123,123,947.3170457575701,947.3170457575701,947.3170457575701,947.3170457575701,3836,1918,0,0,3836,1918,475664,237832,535905.0,535905.0,279.4082377476538,False,True,3836,1918,0,0,3836,1918,0.000390625,1594.642960207442,0.3749664118183383,0.3749664118183383,0.3749664118183383,False,-0.520529877657937,0.000390625,True
trial,124,124,123,948.243421189422,948.243421189422,947.3170457575701,947.3170457575701,3836,1918,0,0,3836,1918,479500,239750,535905.0,535905.0,279.4082377476538,False,True,3836,1918,0,0,3836,1918,0.00078125,1726.2968731431358,-1.5858276427658482,-1.5858276427658482,-1.5858276427658482,False,-0.5841589633512487,0.00078125,False
trial,125,125,125,947.2658069315771,947.2658069315771,947.2658069315771,947.2658069315771,3836,1918,0,0,3836,1918,483336,241668,535905.0,535905.0,279.4082377476538,False,True,3836,1918,0,0,3836,1918,0.000390625,1726.2968731431358,0.1347219515085979,0.1347219515085979,0.1347219515085979,False,-0.380330194294373,0.000390625,True
trial,126,126,125,946.8856438572153,946.8856438572153,946.187048484946,946.187048484946,3836,1918,0,0,3836,1918,487172,243586,545905.0,545905.0,284.62200208550576,False,True,3836,1918,0,0,3836,1918,0.00078125,5919.908111702009,-0.7265275541643234,-0.7265275541643234,-0.7265275541643234,False,-0.961553857476021,0.00078125,False
trial,127,127,127,945.8237832243195,945.8237832243195,945.8237832243195,945.8237832243195,3836,1918,0,0,3836,1918,491008,245504,545905.0,545905.0,284.62200208550576,False,True,3836,1918,0,0,3836,1918,0.000390625,5919.908111702009,0.5658280078015065,0.5658280078015065,0.5658280078015065,False,-0.6420065030677959,0.000390625,True
trial,128,128,127,946.9402734003942,946.9402734003942,945.8237832243195,945.8237832243195,3836,1918,0,0,3836,1918,494844,247422,545905.0,545905.0,284.62200208550576,False,True,3836,1918,0,0,3836,1918,0.00078125,1710.3410322556572,-2.4612178950981742,-2.4612178950981742,-2.4612178950981742,False,-0.4536332107361481,0.00078125,False
trial,129,129,127,945.8482547966821,945.8482547966821,945.8237832243195,945.8237832243195,3836,1918,0,0,3836,1918,498680,249340,545905.0,545905.0,284.62200208550576,False,True,3836,1918,0,0,3836,1918,0.000390625,1710.3410322556572,-0.08010668673146427,-0.08010668673146427,-0.08010668673146427,False,-0.30548726156432043,0.000390625,False
trial,130,130,130,945.7067716638749,945.7067716638749,945.7067716638749,945.7067716638749,3836,1918,0,0,3836,1918,502516,251258,545905.0,545905.0,284.62200208550576,False,True,3836,1918,0,0,3836,1918,0.0001953125,1710.3410322556572,0.5991714220935322,0.5991714220935322,0.5991714220935322,False,-0.19528895426257598,0.0001953125,True
trial,131,131,131,948.0256918122602,948.0256918122602,948.0256918122602,948.0256918122602,3836,1918,0,0,3836,1918,506352,253176,578675.0,578675.0,301.7075078206465,False,True,3836,1918,0,0,3836,1918,0.000390625,14386.449982124996,0.7554894849290011,0.7554894849290011,0.7554894849290011,False,-1.574070135139378,0.000390625,True
trial,132,132,131,949.3226566449853,949.3226566449853,948.0256918122602,948.0256918122602,3836,1918,0,0,3836,1918,510188,255094,578675.0,578675.0,301.7075078206465,False,True,3836,1918,0,0,3836,1918,0.00078125,1617.9949045922974,-1.6736746631464874,-1.6736746631464874,-1.6736746631464874,False,-0.774920515488222,0.00078125,False
trial,133,133,133,947.9075323432589,947.9075323432589,947.9075323432589,947.9075323432589,3836,1918,0,0,3836,1918,514024,257012,578675.0,578675.0,301.7075078206465,False,True,3836,1918,0,0,3836,1918,0.000390625,1617.9949045922974,0.2383517857699797,0.2383517857699797,0.2383517857699797,False,-0.495735614564741,0.000390625,True
trial,134,134,133,949.8197226997339,949.8197226997339,947.9075323432589,947.9075323432589,3836,1918,0,0,3836,1918,517860,258930,578675.0,578675.0,301.7075078206465,False,True,3836,1918,0,0,3836,1918,0.00078125,1656.5008479102535,-2.641232359744226,-2.641232359744226,-2.641232359744226,False,-0.7239765745790554,0.00078125,False
trial,135,135,133,947.9281338485644,947.9281338485644,947.9075323432589,947.9075323432589,3836,1918,0,0,3836,1918,521696,260848,578675.0,578675.0,301.7075078206465,False,True,3836,1918,0,0,3836,1918,0.000390625,1656.5008479102535,-0.04822495022593417,-0.04822495022593417,-0.04822495022593417,False,-0.4271959889829523,0.000390625,False
trial,136,136,136,949.243275076842,949.243275076842,949.243275076842,949.243275076842,3836,1918,0,0,3836,1918,525532,262766,636430.0,636430.0,331.8196037539103,False,True,3836,1918,0,0,3836,1918,0.0001953125,20280.081331411442,0.9533438206121011,0.9533438206121011,0.9533438206121011,False,-2.217772751964027,0.0001953125,True
trial,137,137,137,948.9622078615199,948.9622078615199,948.9622078615199,948.9622078615199,3836,1918,0,0,3836,1918,529368,264684,636430.0,636430.0,331.8196037539103,False,True,3836,1918,0,0,3836,1918,0.000390625,1921.2679360640313,0.36329408286381293,0.36329408286381293,0.36329408286381293,False,-0.7736630696169225,0.000390625,True
trial,138,138,137,949.986403289361,949.986403289361,948.9622078615199,948.9622078615199,3836,1918,0,0,3836,1918,533204,266602,636430.0,636430.0,331.8196037539103,False,True,3836,1918,0,0,3836,1918,0.00078125,2458.618247316993,-0.7817879851652748,-0.7817879851652748,-0.7817879851652748,False,-1.3100680072801696,0.00078125,False
trial,139,139,139,948.5334063034991,948.5334063034991,948.5334063034991,948.5334063034991,3836,1918,0,0,3836,1918,537040,268520,636430.0,636430.0,331.8196037539103,False,True,3836,1918,0,0,3836,1918,0.000390625,2458.618247316993,0.4982926288798132,0.4982926288798132,0.4982926288798132,False,-0.8605416439428455,0.000390625,True
trial,140,140,139,950.4749005059793,950.4749005059793,948.5334063034991,948.5334063034991,3836,1918,0,0,3836,1918,540876,270438,636430.0,636430.0,331.8196037539103,False,True,3836,1918,0,0,3836,1918,0.00078125,2432.787346840437,-2.4847589694622756,-2.4847589694622756,-2.4847589694622756,False,-0.7813611808393747,0.00078125,False
trial,141,141,141,949.5066825457153,949.5066825457153,949.5066825457153,949.5066825457153,3836,1918,0,0,3836,1918,544712,272356,669200.0,669200.0,348.9051094890511,False,True,3836,1918,0,0,3836,1918,0.000390625,12189.24497094191,0.6811761626072189,0.6811761626072189,0.6811761626072189,False,-1.468022401623565,0.000390625,True
trial,142,142,141,950.5675224069555,950.5675224069555,949.5066825457153,949.5066825457153,3836,1918,0,0,3836,1918,548548,274274,669200.0,669200.0,348.9051094890511,False,True,3836,1918,0,0,3836,1918,0.00078125,2815.9503868290067,-0.8846781883566853,-0.8846781883566853,-0.8846781883566853,False,-1.1991251453940974,0.00078125,False
trial,143,143,143,949.1204106562229,949.1204106562229,949.1204106562229,949.1204106562229,3836,1918,0,0,3836,1918,552384,276192,669200.0,669200.0,348.9051094890511,False,True,3836,1918,0,0,3836,1918,0.000390625,2815.9503868290067,0.5163292965489173,0.5163292965489173,0.5163292965489173,False,-0.7481115096008922,0.000390625,True
trial,144,144,143,950.9039762755942,950.9039762755942,949.1204106562229,949.1204106562229,3836,1918,0,0,3836,1918,556220,278110,669200.0,669200.0,348.9051094890511,False,True,3836,1918,0,0,3836,1918,0.00078125,2494.1034532869903,-2.7273381614043943,-2.7273381614043943,-2.7273381614043943,False,-0.6539583703301708,0.00078125,False
trial,145,145,143,949.1577461008076,949.1577461008076,949.1204106562229,949.1204106562229,3836,1918,0,0,3836,1918,560056,280028,669200.0,669200.0,348.9051094890511,False,True,3836,1918,0,0,3836,1918,0.000390625,2494.1034532869903,-0.0941961381911167,-0.0941961381911167,-0.0941961381911167,False,-0.39635854825482253,0.000390625,False
trial,146,146,146,950.280788201256,950.280788201256,950.280788201256,950.280788201256,3836,1918,0,0,3836,1918,563892,281946,746820.0,746820.0,389.37434827945776,False,True,3836,1918,0,0,3836,1918,0.0001953125,9673.846244077196,0.9672638855313204,0.9672638855313204,0.9672638855313204,False,-1.7427682855352589,0.0001953125,True
trial,147,147,147,949.8946248985721,949.8946248985721,949.8946248985721,949.8946248985721,3836,1918,0,0,3836,1918,567728,283864,746820.0,746820.0,389.37434827945776,False,True,3836,1918,0,0,3836,1918,0.000390625,1391.8243334428173,0.4567831255772319,0.4567831255772319,0.4567831255772319,False,-0.845397478717796,0.000390625,True
trial,148,148,147,950.7219459122937,950.7219459122937,949.8946248985721,949.8946248985721,3836,1918,0,0,3836,1918,571564,285782,746820.0,746820.0,389.37434827945776,False,True,3836,1918,0,0,3836,1918,0.00078125,3420.9885008980496,-0.5540612021206095,-0.5540612021206095,-0.5540612021206095,False,-1.4931942726815164,0.00078125,False
trial,149,149,149,949.3113098612373,949.3113098612373,949.3113098612373,949.3113098612373,3836,1918,0,0,3836,1918,575400,287700,746820.0,746820.0,389.37434827945776,False,True,3836,1918,0,0,3836,1918,0.000390625,3420.9885008980496,0.6177832941796656,0.6177832941796656,0.6177832941796656,False,-0.9442065572676367,0.000390625,True
trial,150,150,149,950.7126294550851,950.7126294550851,949.3113098612373,949.3113098612373,3836,1918,0,0,3836,1918,579236,289618,746820.0,746820.0,389.37434827945776,False,True,3836,1918,0,0,3836,1918,0.00078125,2995.830827775896,-2.448209286238613,-2.448209286238613,-2.448209286238613,False,-0.5723855398003026,0.00078125,False
trial,151,151,151,948.9815422222543,948.9815422222543,948.9815422222543,948.9815422222543,3836,1918,0,0,3836,1918,583072,291536,779590.0,779590.0,406.45985401459853,False,True,3836,1918,0,0,3836,1918,0.000390625,26778.761504205562,0.7362394204535133,0.7362394204535133,0.7362394204535133,False,-1.2056699595794456,0.000390625,True
trial,152,152,151,950.3564377135947,950.3564377135947,948.9815422222543,948.9815422222543,3836,1918,0,0,3836,1918,586908,293454,779590.0,779590.0,406.45985401459853,False,True,3836,1918,0,0,3836,1918,0.00078125,1580.9181016508471,-1.4191619937480795,-1.4191619937480795,-1.4191619937480795,False,-0.9688079989439191,0.00078125,False
trial,153,153,153,948.8004745205158,948.8004745205158,948.8004745205158,948.8004745205158,3836,1918,0,0,3836,1918,590744,295372,779590.0,779590.0,406.45985401459853,False,True,3836,1918,0,0,3836,1918,0.000390625,1580.9181016508471,0.2803820101497611,0.2803820101497611,0.2803820101497611,False,-0.6457892988279458,0.000390625,True
trial,154,154,153,950.8047137025459,950.8047137025459,948.8004745205158,948.8004745205158,3836,1918,0,0,3836,1918,594580,297290,779590.0,779590.0,406.45985401459853,False,True,3836,1918,0,0,3836,1918,0.00078125,3432.7369949575336,-2.2920606473225287,-2.2920606473225287,-2.2920606473225287,False,-0.8744267671849659,0.00078125,False
trial,155,155,155,948.7076664888239,948.7076664888239,948.7076664888239,948.7076664888239,3836,1918,0,0,3836,1918,598416,299208,779590.0,779590.0,406.45985401459853,False,True,3836,1918,0,0,3836,1918,0.000390625,3432.7369949575336,0.1643272988739972,0.1643272988739972,0.1643272988739972,False,-0.5647754957809263,0.000390625,True
trial,156,156,155,949.6328337871248,949.6328337871248,948.0882055885795,948.0882055885795,3836,1918,0,0,3836,1918,602252,301126,789590.0,789590.0,411.6736183524505,False,True,3836,1918,0,0,3836,1918,0.00078125,8452.84300706977,-1.3216464048129846,-1.3216464048129846,-1.3216464048129846,False,-1.1687151668708733,0.00078125,False
trial,157,157,157,947.8061955277174,947.8061955277174,947.8061955277174,947.8061955277174,3836,1918,0,0,3836,1918,606088,303044,789590.0,789590.0,411.6736183524505,False,True,3836,1918,0,0,3836,1918,0.000390625,8452.84300706977,0.3389201242432947,0.3389201242432947,0.3389201242432947,False,-0.8320841422202097,0.000390625,True
trial,158,158,157,950.1778640184018,950.1778640184018,947.8061955277174,947.8061955277174,3836,1918,0,0,3836,1918,609924,304962,789590.0,789590.0,411.6736183524505,False,True,3836,1918,0,0,3836,1918,0.00078125,3478.961735027422,-2.5650902388741232,-2.5650902388741232,-2.5650902388741232,False,-0.9245945638643192,0.00078125,False
trial,159,159,159,947.7567234992821,947.7567234992821,947.7567234992821,947.7567234992821,3836,1918,0,0,3836,1918,613760,306880,789590.0,789590.0,411.6736183524505,False,True,3836,1918,0,0,3836,1918,0.000390625,3478.961735027422,0.0828770883233522,0.0828770883233522,0.0828770883233522,False,-0.5969325109764446,0.000390625,True
trial,160,160,159,949.560884205242,949.560884205242,947.7567234992821,947.7567234992821,3836,1918,0,0,3836,1918,617596,308798,789590.0,789590.0,411.6736183524505,False,True,3836,1918,0,0,3836,1918,0.00078125,3213.871089821671,-1.8983603746577686,-1.8983603746577686,-1.8983603746577686,False,-0.9503784055149062,0.00078125,False
trial,161,161,161,948.1445001938785,948.1445001938785,948.1445001938785,948.1445001938785,3836,1918,0,0,3836,1918,621432,310716,822360.0,822360.0,428.75912408759126,False,True,3836,1918,0,0,3836,1918,0.000390625,18014.837869821924,0.6888520572377357,0.6888520572377357,0.6888520572377357,False,-1.5860685204168736,0.000390625,True
trial,162,162,161,950.6656485529835,950.6656485529835,948.1445001938785,948.1445001938785,3836,1918,0,0,3836,1918,625268,312634,822360.0,822360.0,428.75912408759126,False,True,3836,1918,0,0,3836,1918,0.00078125,2530.853169493908,-2.3975556556848927,-2.3975556556848927,-2.3975556556848927,False,-1.0515494616890728,0.00078125,False
trial,163,163,163,948.0834424034281,948.0834424034281,948.0834424034281,948.0834424034281,3836,1918,0,0,3836,1918,629104,314552,822360.0,822360.0,428.75912408759126,False,True,3836,1918,0,0,3836,1918,0.000390625,2530.853169493908,0.09218999015600425,0.09218999015600425,0.09218999015600425,False,-0.6623039046544515,0.000390625,True
trial,164,164,163,949.4183618095749,949.4183618095749,948.0834424034281,948.0834424034281,3836,1918,0,0,3836,1918,632940,316470,822360.0,822360.0,428.75912408759126,False,True,3836,1918,0,0,3836,1918,0.00078125,2963.675728306768,-1.40671842954029,-1.40671842954029,-1.40671842954029,False,-0.9489599184273545,0.00078125,False
trial,165,165,165,948.0087554915044,948.0087554915044,948.0087554915044,948.0087554915044,3836,1918,0,0,3836,1918,636776,318388,822360.0,822360.0,428.75912408759126,False,True,3836,1918,0,0,3836,1918,0.000390625,2963.675728306768,0.11426636150422344,0.11426636150422344,0.11426636150422344,False,-0.6536211614728187,0.000390625,True
trial,166,166,165,952.1756575951628,952.1756575951628,949.3689764460032,949.3689764460032,3836,1918,0,0,3836,1918,640612,320306,832360.0,832360.0,433.97288842544316,False,True,3836,1918,0,0,3836,1918,0.00078125,4632.231203689814,-2.231323438346462,-2.231323438346462,-2.231323438346462,False,-1.2578549128849985,0.00078125,False
trial,167,167,167,949.1527751175214,949.1527751175214,949.1527751175214,949.1527751175214,3836,1918,0,0,3836,1918,644448,322224,832360.0,832360.0,433.97288842544316,False,True,3836,1918,0,0,3836,1918,0.000390625,4632.231203689814,0.2476631192326015,0.2476631192326015,0.2476631192326015,False,-0.8729653779364814,0.000390625,True
trial,168,168,167,950.1013108056953,950.1013108056953,949.1527751175214,949.1527751175214,3836,1918,0,0,3836,1918,648284,324142,832360.0,832360.0,433.97288842544316,False,True,3836,1918,0,0,3836,1918,0.00078125,3430.1309620276315,-0.97139234279654,-0.97139234279654,-0.97139234279654,False,-0.9764702133055687,0.00078125,False
trial,169,169,169,948.8766155651138,948.8766155651138,948.8766155651138,948.8766155651138,3836,1918,0,0,3836,1918,652120,326060,832360.0,832360.0,433.97288842544316,False,True,3836,1918,0,0,3836,1918,0.000390625,3430.1309620276315,0.4081859381756153,0.4081859381756153,0.4081859381756153,False,-0.6765533218560684,0.000390625,True
trial,170,170,169,952.0730521032815,952.0730521032815,948.8766155651138,948.8766155651138,3836,1918,0,0,3836,1918,655956,327978,832360.0,832360.0,433.97288842544316,False,True,3836,1918,0,0,3836,1918,0.00078125,2903.296004306697,-4.367289851509186,-4.367289851509186,-4.367289851509186,False,-0.7319039145210767,0.00078125,False
trial,171,171,171,945.9763027865506,945.9763027865506,945.9763027865506,945.9763027865506,3836,1918,0,0,3836,1918,659792,329896,865130.0,865130.0,451.05839416058393,False,True,3836,1918,0,0,3836,1918,0.000390625,13307.783418220904,0.5849043717218768,0.5849043717218768,0.5849043717218768,False,-1.2131897031312813,0.000390625,True
trial,172,172,171,946.7349791118058,946.7349791118058,945.9763027865506,945.9763027865506,3836,1918,0,0,3836,1918,663628,331814,865130.0,865130.0,451.05839416058393,False,True,3836,1918,0,0,3836,1918,0.00078125,2409.7816591032165,-1.0594387040606,-1.0594387040606,-1.0594387040606,False,-0.7161115809224212,0.00078125,False
trial,173,173,173,945.6886381053693,945.6886381053693,945.6886381053693,945.6886381053693,3836,1918,0,0,3836,1918,667464,333732,865130.0,865130.0,451.05839416058393,False,True,3836,1918,0,0,3836,1918,0.000390625,2409.7816591032165,0.504758085980628,0.504758085980628,0.504758085980628,False,-0.5699060384985979,0.000390625,True
trial,174,174,173,948.8416008378808,948.8416008378808,945.6886381053693,945.6886381053693,3836,1918,0,0,3836,1918,671300,335650,865130.0,865130.0,451.05839416058393,False,True,3836,1918,0,0,3836,1918,0.00078125,2410.8413094980324,-7.401151107112607,-7.401151107112607,-7.401151107112607,False,-0.4260097769766574,0.00078125,False
trial,175,175,173,945.9071069297707,945.9071069297707,945.6886381053693,945.6886381053693,3836,1918,0,0,3836,1918,675136,337568,865130.0,865130.0,451.05839416058393,False,True,3836,1918,0,0,3836,1918,0.000390625,2410.8413094980324,-0.7625528198611118,-0.7625528198611118,-0.7625528198611118,False,-0.28649664483738824,0.000390625,False
trial,176,176,176,943.7933418192241,943.7933418192241,943.7933418192241,943.7933418192241,3836,1918,0,0,3836,1918,678972,339486,996205.0,996205.0,519.3978102189781,False,True,3836,1918,0,0,3836,1918,0.0001953125,18363.56210881563,0.9526679840301515,0.9526679840301515,0.9526679840301515,False,-2.0251683909110008,0.0001953125,True
trial,177,177,177,943.4677329229014,943.4677329229014,943.4677329229014,943.4677329229014,3836,1918,0,0,3836,1918,682808,341404,996205.0,996205.0,519.3978102189781,False,True,3836,1918,0,0,3836,1918,0.000390625,1502.2894992840124,0.3600735181998547,0.3600735181998547,0.3600735181998547,False,-0.9042844859864985,0.000390625,True
trial,178,178,177,944.3693572199622,944.3693572199622,943.4677329229014,943.4677329229014,3836,1918,0,0,3836,1918,686644,343322,996205.0,996205.0,519.3978102189781,False,True,3836,1918,0,0,3836,1918,0.00078125,3369.3824054620877,-0.8026106367591955,-0.8026106367591955,-0.8026106367591955,False,-1.1233645005023098,0.00078125,False
trial,179,179,179,942.960165912403,942.960165912403,942.960165912403,942.960165912403,3836,1918,0,0,3836,1918,690480,345240,996205.0,996205.0,519.3978102189781,False,True,3836,1918,0,0,3836,1918,0.000390625,3369.3824054620877,0.6379945028007493,0.6379945028007493,0.6379945028007493,False,-0.7955664324225733,0.000390625,True
trial,180,180,179,944.6835836932162,944.6835836932162,942.960165912403,942.960165912403,3836,1918,0,0,3836,1918,694316,347158,996205.0,996205.0,519.3978102189781,False,True,3836,1918,0,0,3836,1918,0.00078125,2544.876237018386,-2.645648076095929,-2.645648076095929,-2.645648076095929,False,-0.6514161110030755,0.00078125,False
trial,181,181,181,939.2384434395957,939.2384434395957,939.2384434395957,939.2384434395957,3836,1918,0,0,3836,1918,698152,349076,1028975.0,1028975.0,536.4833159541189,False,True,3836,1918,0,0,3836,1918,0.000390625,8128.347777006965,0.6309565917177289,0.6309565917177289,0.6309565917177289,False,-1.007549928145322,0.000390625,True
trial,182,182,181,941.0622668207659,941.0622668207659,939.2384434395957,939.2384434395957,3836,1918,0,0,3836,1918,701988,350994,1028975.0,1028975.0,536.4833159541189,False,True,3836,1918,0,0,3836,1918,0.00078125,2501.7459733284877,-1.453157649364778,-1.453157649364778,-1.453157649364778,False,-1.2550760627846897,0.00078125,False
trial,183,183,183,939.110858655192,939.110858655192,939.110858655192,939.110858655192,3836,1918,0,0,3836,1918,705824,352912,1028975.0,1028975.0,536.4833159541189,False,True,3836,1918,0,0,3836,1918,0.000390625,2501.7459733284877,0.1631462794175125,0.1631462794175125,0.1631462794175125,False,-0.7820269322670862,0.000390625,True
trial,184,184,183,941.8073379704404,941.8073379704404,939.110858655192,939.110858655192,3836,1918,0,0,3836,1918,709660,354830,1028975.0,1028975.0,536.4833159541189,False,True,3836,1918,0,0,3836,1918,0.00078125,2921.5153344384644,-2.583820812887186,-2.583820812887186,-2.583820812887186,False,-1.0436015151667015,0.00078125,False
trial,185,185,185,939.0887537758592,939.0887537758592,939.0887537758592,939.0887537758592,3836,1918,0,0,3836,1918,713496,356748,1028975.0,1028975.0,536.4833159541189,False,True,3836,1918,0,0,3836,1918,0.000390625,2921.5153344384644,0.03024556975675018,0.03024556975675018,0.03024556975675018,False,-0.7308468483344597,0.000390625,True
trial,186,186,186,950.0506315658683,950.0506315658683,950.0506315658683,950.0506315658683,3836,1918,0,0,3836,1918,717332,358666,1160050.0,1160050.0,604.822732012513,False,True,3836,1918,0,0,3836,1918,0.0001953125,46118.1651558343,0.9552519793346862,0.9552519793346862,0.9552519793346862,False,-3.108557646828317,0.0001953125,True
trial,187,187,187,949.5195331874411,949.5195331874411,949.5195331874411,949.5195331874411,3836,1918,0,0,3836,1918,721168,360584,1160050.0,1160050.0,604.822732012513,False,True,3836,1918,0,0,3836,1918,0.000390625,2574.015709700382,0.5564640898172492,0.5564640898172492,0.5564640898172492,False,-0.9544162653904222,0.000390625,True
trial,188,188,187,951.4145402290845,951.4145402290845,949.5195331874411,949.5195331874411,3836,1918,0,0,3836,1918,725004,362502,1160050.0,1160050.0,604.822732012513,False,True,3836,1918,0,0,3836,1918,0.00078125,3238.140192940882,-1.884188913738873,-1.884188913738873,-1.884188913738873,False,-1.005741530387796,0.00078125,False
trial,189,189,189,949.4766478113129,949.4766478113129,949.4766478113129,949.4766478113129,3836,1918,0,0,3836,1918,728840,364420,1160050.0,1160050.0,604.822732012513,False,True,3836,1918,0,0,3836,1918,0.000390625,3238.140192940882,0.06118266894322743,0.06118266894322743,0.06118266894322743,False,-0.7009399372229292,0.000390625,True
trial,190,190,189,951.648009593996,951.648009593996,949.4766478113129,949.4766478113129,3836,1918,0,0,3836,1918,732676,366338,1160050.0,1160050.0,604.822732012513,False,True,3836,1918,0,0,3836,1918,0.00078125,4092.6218024450222,-2.0520491773071012,-2.0520491773071012,-2.0520491773071012,False,-1.0581431510976649,0.00078125,False
trial,191,191,191,949.855043774976,949.855043774976,949.855043774976,949.855043774976,3836,1918,0,0,3836,1918,736512,368256,1192820.0,1192820.0,621.9082377476539,False,True,3836,1918,0,0,3836,1918,0.000390625,9592.66242259367,0.5230688408868193,0.5230688408868193,0.5230688408868193,False,-1.3044690515525623,0.000390625,True
trial,192,192,191,951.1462428084203,951.1462428084203,949.855043774976,949.855043774976,3836,1918,0,0,3836,1918,740348,370174,1192820.0,1192820.0,621.9082377476539,False,True,3836,1918,0,0,3836,1918,0.00078125,4231.710576567498,-1.4147184608694205,-1.4147184608694205,-1.4147184608694205,False,-0.9126897465173212,0.00078125,False
trial,193,193,193,949.5041597750987,949.5041597750987,949.5041597750987,949.5041597750987,3836,1918,0,0,3836,1918,744184,372092,1192820.0,1192820.0,621.9082377476539,False,True,3836,1918,0,0,3836,1918,0.000390625,4231.710576567498,0.5334706056825249,0.5334706056825249,0.5334706056825249,False,-0.6577382073907523,0.000390625,True
trial,194,194,193,951.4644646467134,951.4644646467134,949.5041597750987,949.5041597750987,3836,1918,0,0,3836,1918,748020,374010,1192820.0,1192820.0,621.9082377476539,False,True,3836,1918,0,0,3836,1918,0.00078125,2932.878592209072,-3.95986759451901,-3.95986759451901,-3.95986759451901,False,-0.49504303485499845,0.00078125,False
trial,195,195,193,949.6361025809376,949.6361025809376,949.5041597750987,949.5041597750987,3836,1918,0,0,3836,1918,751856,375928,1192820.0,1192820.0,621.9082377476539,False,True,3836,1918,0,0,3836,1918,0.000390625,2932.878592209072,-0.42218825009156663,-0.42218825009156663,-0.42218825009156663,False,-0.3125212646497691,0.000390625,False
trial,196,196,196,946.7486780230921,946.7486780230921,946.7486780230921,946.7486780230921,3836,1918,0,0,3836,1918,755692,377846,1323895.0,1323895.0,690.247653806048,False,True,3836,1918,0,0,3836,1918,0.0001953125,28494.09519006367,0.9954474518896835,0.9954474518896835,0.9954474518896835,False,-2.6110968249430115,0.0001953125,True
trial,197,197,197,945.6579375351392,945.6579375351392,945.6579375351392,945.6579375351392,3836,1918,0,0,3836,1918,759528,379764,1323895.0,1323895.0,690.247653806048,False,True,3836,1918,0,0,3836,1918,0.000390625,2022.0576622684741,0.7671474131558055,0.7671474131558055,0.7671474131558055,False,-1.4218134210554196,0.000390625,True
trial,198,198,197,947.0126268069971,947.0126268069971,945.6579375351392,945.6579375351392,3836,1918,0,0,3836,1918,763364,381682,1323895.0,1323895.0,690.247653806048,False,True,3836,1918,0,0,3836,1918,0.00078125,3162.2516771634932,-1.2545305307935235,-1.2545305307935235,-1.2545305307935235,False,-1.0798376273879824,0.00078125,False
trial,199,199,199,945.262067893083,945.262067893083,945.262067893083,945.262067893083,3836,1918,0,0,3836,1918,767200,383600,1323895.0,1323895.0,690.247653806048,False,True,3836,1918,0,0,3836,1918,0.000390625,3162.2516771634932,0.5577141348038117,0.5577141348038117,0.5577141348038117,False,-0.7098074396043603,0.000390625,True
trial,200,200,199,946.7462851769101,946.7462851769101,945.262067893083,945.262067893083,3836,1918,0,0,3836,1918,771036,385518,1323895.0,1323895.0,690.247653806048,False,True,3836,1918,0,0,3836,1918,0.00078125,2630.807792240004,-2.698339270898466,-2.698339270898466,-2.698339270898466,False,-0.5500484315795073,0.00078125,False
trial,201,201,201,942.140288243462,942.140288243462,942.140288243462,942.140288243462,3836,1918,0,0,3836,1918,774872,387436,1356665.0,1356665.0,707.3331595411887,False,True,3836,1918,0,0,3836,1918,0.000390625,9340.000991157354,0.5294288163015699,0.5294288163015699,0.5294288163015699,False,-0.6891320109197865,0.000390625,True
trial,202,202,201,944.2746251814801,944.2746251814801,942.140288243462,942.140288243462,3836,1918,0,0,3836,1918,778708,389354,1356665.0,1356665.0,707.3331595411887,False,True,3836,1918,0,0,3836,1918,0.00078125,3360.7130674328687,-2.527732090767942,-2.527732090767942,-2.527732090767942,False,-0.8443683354788194,0.00078125,False
trial,203,203,203,942.0531868600156,942.0531868600156,942.0531868600156,942.0531868600156,3836,1918,0,0,3836,1918,782544,391272,1356665.0,1356665.0,707.3331595411887,False,True,3836,1918,0,0,3836,1918,0.000390625,3360.7130674328687,0.17727654950225666,0.17727654950225666,0.17727654950225666,False,-0.49133054366755513,0.000390625,True
trial,204,204,203,943.6134568467378,943.6134568467378,942.0531868600156,942.0531868600156,3836,1918,0,0,3836,1918,786380,393190,1356665.0,1356665.0,707.3331595411887,False,True,3836,1918,0,0,3836,1918,0.00078125,3549.4502395974005,-2.5903997451468412,-2.5903997451468412,-2.5903997451468412,False,-0.6023278799518976,0.00078125,False
trial,205,205,205,941.9968546715645,941.9968546715645,941.9968546715645,941.9968546715645,3836,1918,0,0,3836,1918,790216,395108,1356665.0,1356665.0,707.3331595411887,False,True,3836,1918,0,0,3836,1918,0.000390625,3549.4502395974005,0.135555308775104,0.135555308775104,0.135555308775104,False,-0.41556608118174576,0.000390625,True
trial,206,206,205,943.9052491702646,943.9052491702646,941.4479726950044,941.4479726950044,3836,1918,0,0,3836,1918,794052,397026,1366665.0,1366665.0,712.5469238790407,False,True,3836,1918,0,0,3836,1918,0.00078125,7818.205491562629,-2.347212425767966,-2.347212425767966,-2.347212425767966,False,-1.0468913883907247,0.00078125,False
trial,207,207,207,941.2794337396008,941.2794337396008,941.2794337396008,941.2794337396008,3836,1918,0,0,3836,1918,797888,398944,1366665.0,1366665.0,712.5469238790407,False,True,3836,1918,0,0,3836,1918,0.000390625,7818.205491562629,0.24430966341007399,0.24430966341007399,0.24430966341007399,False,-0.6898579165930346,0.000390625,True
trial,208,208,207,942.295037400816,942.295037400816,941.2794337396008,941.2794337396008,3836,1918,0,0,3836,1918,801724,400862,1366665.0,1366665.0,712.5469238790407,False,True,3836,1918,0,0,3836,1918,0.00078125,4296.652687059063,-1.4749509801640066,-1.4749509801640066,-1.4749509801640066,False,-0.6885677387748029,0.00078125,False
trial,209,209,209,941.0914207768715,941.0914207768715,941.0914207768715,941.0914207768715,3836,1918,0,0,3836,1918,805560,402780,1366665.0,1366665.0,712.5469238790407,False,True,3836,1918,0,0,3836,1918,0.000390625,4296.652687059063,0.3569116616628414,0.3569116616628414,0.3569116616628414,False,-0.5267773035304314,0.000390625,True
trial,210,210,209,943.3522929415211,943.3522929415211,941.0914207768715,941.0914207768715,3836,1918,0,0,3836,1918,809396,404698,1366665.0,1366665.0,712.5469238790407,False,True,3836,1918,0,0,3836,1918,0.00078125,3725.7397630550436,-3.07709297766938,-3.07709297766938,-3.07709297766938,False,-0.7347428826677986,0.00078125,False
trial,211,211,211,945.3544377296122,945.3544377296122,945.3544377296122,945.3544377296122,3836,1918,0,0,3836,1918,813232,406616,1399435.0,1399435.0,729.6324296141814,False,True,3836,1918,0,0,3836,1918,0.000390625,8563.078041474862,0.4224423185114019,0.4224423185114019,0.4224423185114019,False,-0.8741966546116084,0.000390625,True
trial,212,212,211,947.0357635648423,947.0357635648423,945.3544377296122,945.3544377296122,3836,1918,0,0,3836,1918,817068,408534,1399435.0,1399435.0,729.6324296141814,False,True,3836,1918,0,0,3836,1918,0.00078125,3878.0454275568127,-2.3704202376698023,-2.3704202376698023,-2.3704202376698023,False,-0.7092944147671262,0.00078125,False
trial,213,213,213,945.250033355383,945.250033355383,945.250033355383,945.250033355383,3836,1918,0,0,3836,1918,820904,410452,1399435.0,1399435.0,729.6324296141814,False,True,3836,1918,0,0,3836,1918,0.000390625,3878.0454275568127,0.20348607136481256,0.20348607136481256,0.20348607136481256,False,-0.5130787258749041,0.000390625,True
trial,214,214,213,947.3765020534387,947.3765020534387,945.250033355383,945.250033355383,3836,1918,0,0,3836,1918,824740,412370,1399435.0,1399435.0,729.6324296141814,False,True,3836,1918,0,0,3836,1918,0.00078125,4080.2563674307116,-2.6548322860607096,-2.6548322860607096,-2.6548322860607096,False,-0.8009804269824293,0.00078125,False
trial,215,215,215,945.2117156480505,945.2117156480505,945.2117156480505,945.2117156480505,3836,1918,0,0,3836,1918,828576,414288,1399435.0,1399435.0,729.6324296141814,False,True,3836,1918,0,0,3836,1918,0.000390625,4080.2563674307116,0.07777157694455201,0.07777157694455201,0.07777157694455201,False,-0.4926955172824369,0.000390625,True
trial,216,216,215,947.3196680182393,947.3196680182393,945.80346537151,945.80346537151,3836,1918,0,0,3836,1918,832412,416206,1409435.0,1409435.0,734.8461939520333,False,True,3836,1918,0,0,3836,1918,0.00078125,24918.680236668686,-1.711497255891583,-1.711497255891583,-1.711497255891583,False,-0.8858925373733451,0.00078125,False
trial,217,217,217,945.5483647432368,945.5483647432368,945.5483647432368,945.5483647432368,3836,1918,0,0,3836,1918,836248,418124,1409435.0,1409435.0,734.8461939520333,False,True,3836,1918,0,0,3836,1918,0.000390625,24918.680236668686,0.36796548823687675,0.36796548823687675,0.36796548823687675,False,-0.6932732455305854,0.000390625,True
trial,218,218,217,947.2873476001452,947.2873476001452,945.5483647432368,945.5483647432368,3836,1918,0,0,3836,1918,840084,420042,1409435.0,1409435.0,734.8461939520333,False,True,3836,1918,0,0,3836,1918,0.00078125,3146.7728476157104,-2.1713962111569853,-2.1713962111569853,-2.1713962111569853,False,-0.8008593033243722,0.00078125,False
trial,219,219,219,945.416412439609,945.416412439609,945.416412439609,945.416412439609,3836,1918,0,0,3836,1918,843920,421960,1409435.0,1409435.0,734.8461939520333,False,True,3836,1918,0,0,3836,1918,0.000390625,3146.7728476157104,0.2606357868736569,0.2606357868736569,0.2606357868736569,False,-0.506270858697508,0.000390625,True
trial,220,220,219,947.0652763598926,947.0652763598926,945.416412439609,945.416412439609,3836,1918,0,0,3836,1918,847756,423878,1409435.0,1409435.0,734.8461939520333,False,True,3836,1918,0,0,3836,1918,0.00078125,2972.295621173915,-3.1613787757671643,-3.1613787757671643,-3.1613787757671643,False,-0.5215648099248918,0.00078125,False
trial,221,221,221,944.8689070694195,944.8689070694195,944.8689070694195,944.8689070694195,3836,1918,0,0,3836,1918,851592,425796,1442205.0,1442205.0,751.9316996871742,False,True,3836,1918,0,0,3836,1918,0.000390625,11623.902099526273,0.6652405637963571,0.6652405637963571,0.6652405637963571,False,-1.037721124385277,0.000390625,True
trial,222,222,221,946.667868080661,946.667868080661,944.8689070694195,944.8689070694195,3836,1918,0,0,3836,1918,855428,427714,1442205.0,1442205.0,751.9316996871742,False,True,3836,1918,0,0,3836,1918,0.00078125,3296.2490301332205,-2.3428627231864514,-2.3428627231864514,-2.3428627231864514,False,-0.7678473832196351,0.00078125,False
trial,223,223,223,944.7416432945746,944.7416432945746,944.7416432945746,944.7416432945746,3836,1918,0,0,3836,1918,859264,429632,1442205.0,1442205.0,751.9316996871742,False,True,3836,1918,0,0,3836,1918,0.000390625,3296.2490301332205,0.27192118116129055,0.27192118116129055,0.27192118116129055,False,-0.46801714489981106,0.000390625,True
trial,224,224,223,946.4529627995702,946.4529627995702,944.7416432945746,944.7416432945746,3836,1918,0,0,3836,1918,863100,431550,1442205.0,1442205.0,751.9316996871742,False,True,3836,1918,0,0,3836,1918,0.00078125,3071.854272235497,-3.228979284119185,-3.228979284119185,-3.228979284119185,False,-0.5299877622046725,0.00078125,False
trial,225,225,225,944.72927284824,944.72927284824,944.72927284824,944.72927284824,3836,1918,0,0,3836,1918,866936,433468,1442205.0,1442205.0,751.9316996871742,False,True,3836,1918,0,0,3836,1918,0.000390625,3071.854272235497,0.03604480250906549,0.03604480250906549,0.03604480250906549,False,-0.34319639652474954,0.000390625,True
trial,226,226,226,944.0614011186121,944.0614011186121,944.0614011186121,944.0614011186121,3836,1918,0,0,3836,1918,870772,435386,1573280.0,1573280.0,820.2711157455683,False,True,3836,1918,0,0,3836,1918,0.0001953125,13794.607584301599,0.9003771176087446,0.9003771176087446,0.9003771176087446,False,-1.1796722216332733,0.0001953125,True
trial,227,227,226,944.082446526981,944.082446526981,944.0614011186121,944.0614011186121,3836,1918,0,0,3836,1918,874608,437304,1573280.0,1573280.0,820.2711157455683,False,True,3836,1918,0,0,3836,1918,0.000390625,1024.3837207259955,-0.05404131601801849,-0.05404131601801849,-0.05404131601801849,False,-0.38943182586190883,0.000390625,False
trial,228,228,228,943.9042090341998,943.9042090341998,943.9042090341998,943.9042090341998,3836,1918,0,0,3836,1918,878444,439222,1573280.0,1573280.0,820.2711157455683,False,True,3836,1918,0,0,3836,1918,0.0001953125,1024.3837207259955,0.64171008075147,0.64171008075147,0.64171008075147,False,-0.2449581035540127,0.0001953125,True
trial,229,229,228,943.9649317698622,943.9649317698622,943.9042090341998,943.9042090341998,3836,1918,0,0,3836,1918,882280,441140,1573280.0,1573280.0,820.2711157455683,False,True,3836,1918,0,0,3836,1918,0.000390625,1009.202645546476,-0.18856375838829936,-0.18856375838829936,-0.18856375838829936,False,-0.3220276058425984,0.000390625,False
trial,230,230,230,943.7904841788072,943.7904841788072,943.7904841788072,943.7904841788072,3836,1918,0,0,3836,1918,886116,443058,1573280.0,1573280.0,820.2711157455683,False,True,3836,1918,0,0,3836,1918,0.0001953125,1009.202645546476,0.561393938238483,0.561393938238483,0.561393938238483,False,-0.20257585208238654,0.0001953125,True
trial,231,231,231,945.9744365577783,945.9744365577783,945.9744365577783,945.9744365577783,3836,1918,0,0,3836,1918,889952,444976,1606050.0,1606050.0,837.3566214807091,False,True,3836,1918,0,0,3836,1918,0.000390625,21212.180244705116,0.331174805482739,0.331174805482739,0.331174805482739,False,-0.5831270546036682,0.000390625,True
trial,232,232,231,947.5760717811975,947.5760717811975,945.9744365577783,945.9744365577783,3836,1918,0,0,3836,1918,893788,446894,1606050.0,1606050.0,837.3566214807091,False,True,3836,1918,0,0,3836,1918,0.00078125,3116.1217266117646,-1.6922987936823248,-1.6922987936823248,-1.6922987936823248,False,-0.9464257904091113,0.00078125,False
trial,233,233,233,945.7797776888754,945.7797776888754,945.7797776888754,945.7797776888754,3836,1918,0,0,3836,1918,897624,448812,1606050.0,1606050.0,837.3566214807091,False,True,3836,1918,0,0,3836,1918,0.000390625,3116.1217266117646,0.33946504448457254,0.33946504448457254,0.33946504448457254,False,-0.573428316304245,0.000390625,True
trial,234,234,233,948.6466831432683,948.6466831432683,945.7797776888754,945.7797776888754,3836,1918,0,0,3836,1918,901460,450730,1606050.0,1606050.0,837.3566214807091,False,True,3836,1918,0,0,3836,1918,0.00078125,3235.15630463103,-5.02057372471604,-5.02057372471604,-5.02057372471604,False,-0.5710314421396359,0.00078125,False
trial,235,235,233,945.931451709037,945.931451709037,945.7797776888754,945.7797776888754,3836,1918,0,0,3836,1918,905296,452648,1606050.0,1606050.0,837.3566214807091,False,True,3836,1918,0,0,3836,1918,0.000390625,3235.15630463103,-0.41779551876857846,-0.41779551876857846,-0.41779551876857846,False,-0.3630341000513452,0.000390625,False
trial,236,236,236,946.5362786118715,946.5362786118715,946.5362786118715,946.5362786118715,3836,1918,0,0,3836,1918,909132,454566,1737125.0,1737125.0,905.6960375391033,False,True,3836,1918,0,0,3836,1918,0.0001953125,22936.936540236464,0.9423398784158866,0.9423398784158866,0.9423398784158866,False,-2.087037451076448,0.0001953125,True
trial,237,237,237,946.4516887417242,946.4516887417242,946.4516887417242,946.4516887417242,3836,1918,0,0,3836,1918,912968,456484,1737125.0,1737125.0,905.6960375391033,False,True,3836,1918,0,0,3836,1918,0.000390625,2683.35292447157,0.16132123372583543,0.16132123372583543,0.16132123372583543,False,-0.5243567024229643,0.000390625,True
trial,238,238,237,948.5844192096631,948.5844192096631,946.4516887417242,946.4516887417242,3836,1918,0,0,3836,1918,916804,458402,1737125.0,1737125.0,905.6960375391033,False,True,3836,1918,0,0,3836,1918,0.00078125,3826.7443600881465,-2.1973922089078703,-2.1973922089078703,-2.1973922089078703,False,-0.970573418479043,0.00078125,False
trial,239,239,239,946.2978805913519,946.2978805913519,946.2978805913519,946.2978805913519,3836,1918,0,0,3836,1918,920640,460320,1737125.0,1737125.0,905.6960375391033,False,True,3836,1918,0,0,3836,1918,0.000390625,3826.7443600881465,0.2573814456344168,0.2573814456344168,0.2573814456344168,False,-0.5975883381691416,0.000390625,True
trial,240,240,239,949.0347838091382,949.0347838091382,946.2978805913519,946.2978805913519,3836,1918,0,0,3836,1918,924476,462238,1737125.0,1737125.0,905.6960375391033,False,True,3836,1918,0,0,3836,1918,0.00078125,4049.459299767374,-4.129858867481929,-4.129858867481929,-4.129858867481929,False,-0.6627110769659241,0.00078125,False
trial,241,241,241,946.9052278124547,946.9052278124547,946.9052278124547,946.9052278124547,3836,1918,0,0,3836,1918,928312,464156,1769895.0,1769895.0,922.781543274244,False,True,3836,1918,0,0,3836,1918,0.000390625,14342.726828906274,0.32722257163829427,0.32722257163829427,0.32722257163829427,False,-0.7379315535653234,0.000390625,True
trial,242,242,241,950.8261622933439,950.8261622933439,946.9052278124547,946.9052278124547,3836,1918,0,0,3836,1918,932148,466074,1769895.0,1769895.0,922.781543274244,False,True,3836,1918,0,0,3836,1918,0.00078125,4146.829744220142,-3.542494207593978,-3.542494207593978,-3.542494207593978,False,-1.1068287627638327,0.00078125,False
trial,243,243,241,947.0192967435307,947.0192967435307,946.9052278124547,946.9052278124547,3836,1918,0,0,3836,1918,935984,467992,1769895.0,1769895.0,922.781543274244,False,True,3836,1918,0,0,3836,1918,0.000390625,4146.829744220142,-0.17498135047665836,-0.17498135047665836,-0.17498135047665836,False,-0.6518919345710075,0.000390625,False
trial,244,244,244,946.6691986139313,946.6691986139313,946.6691986139313,946.6691986139313,3836,1918,0,0,3836,1918,939820,469910,1769895.0,1769895.0,922.781543274244,False,True,3836,1918,0,0,3836,1918,0.0001953125,4146.829744220142,0.5970763234434631,0.5970763234434631,0.5970763234434631,False,-0.3953082533270918,0.0001953125,True
trial,245,245,244,946.827243083609,946.827243083609,946.6691986139313,946.6691986139313,3836,1918,0,0,3836,1918,943656,471828,1769895.0,1769895.0,922.781543274244,False,True,3836,1918,0,0,3836,1918,0.000390625,1438.3946803232311,-0.4892199996601807,-0.4892199996601807,-0.4892199996601807,False,-0.3230539834584188,0.000390625,False
trial,246,246,246,947.0575696088863,947.0575696088863,947.0575696088863,947.0575696088863,3836,1918,0,0,3836,1918,947492,473746,1900970.0,1900970.0,991.1209593326381,False,True,3836,1918,0,0,3836,1918,0.0001953125,24712.136595190135,0.8831419639385105,0.8831419639385105,0.8831419639385105,False,-0.9877777773351559,0.0001953125,True
trial,247,247,246,947.1524340435533,947.1524340435533,947.0575696088863,947.0575696088863,3836,1918,0,0,3836,1918,951328,475664,1900970.0,1900970.0,991.1209593326381,False,True,3836,1918,0,0,3836,1918,0.000390625,1603.2036819840368,-0.2906468720546731,-0.2906468720546731,-0.2906468720546731,False,-0.32639069533541454,0.000390625,False
trial,248,248,248,946.9505685681806,946.9505685681806,946.9505685681806,946.9505685681806,3836,1918,0,0,3836,1918,955164,477582,1900970.0,1900970.0,991.1209593326381,False,True,3836,1918,0,0,3836,1918,0.0001953125,1603.2036819840368,0.5652879250890647,0.5652879250890647,0.5652879250890647,False,-0.18928591246451199,0.0001953125,True
trial,249,249,248,947.084606078536,947.084606078536,946.9505685681806,946.9505685681806,3836,1918,0,0,3836,1918,959000,479500,1900970.0,1900970.0,991.1209593326381,False,True,3836,1918,0,0,3836,1918,0.000390625,1011.5173014092852,-0.5249805687858924,-0.5249805687858924,-0.5249805687858924,False,-0.2553189933588484,0.000390625,False
trial,250,250,250,946.8904732241966,946.8904732241966,946.8904732241966,946.8904732241966,3836,1918,0,0,3836,1918,962836,481418,1900970.0,1900970.0,991.1209593326381,False,True,3836,1918,0,0,3836,1918,0.0001953125,1011.5173014092852,0.4110285130260902,0.4110285130260902,0.4110285130260902,False,-0.14620723886423484,0.0001953125,True
trial,251,251,250,946.3714545652247,946.3714545652247,946.2228042740408,946.2228042740408,3836,1918,0,0,3836,1918,966672,483336,1933740.0,1933740.0,1008.2064650677789,False,True,3836,1918,0,0,3836,1918,0.000390625,15267.641326604704,-0.2216145644517859,-0.2216145644517859,-0.2216145644517859,False,-0.6707604780021242,0.000390625,False
trial,252,252,252,945.8583241635014,945.8583241635014,945.8583241635014,945.8583241635014,3836,1918,0,0,3836,1918,970508,485254,1933740.0,1933740.0,1008.2064650677789,False,True,3836,1918,0,0,3836,1918,0.0001953125,15267.641326604704,0.7042361581637996,0.7042361581637996,0.7042361581637996,False,-0.5175538153134708,0.0001953125,True
trial,253,253,252,946.0264306483587,946.0264306483587,945.8583241635014,945.8583241635014,3836,1918,0,0,3836,1918,974344,487172,1933740.0,1933740.0,1008.2064650677789,False,True,3836,1918,0,0,3836,1918,0.000390625,1559.5774991553708,-0.6549439168300977,-0.6549439168300977,-0.6549439168300977,False,-0.25667309908137576,0.000390625,False
trial,254,254,254,945.7980343966763,945.7980343966763,945.7980343966763,945.7980343966763,3836,1918,0,0,3836,1918,978180,489090,1933740.0,1933740.0,1008.2064650677789,False,True,3836,1918,0,0,3836,1918,0.0001953125,1559.5774991553708,0.35567985358562487,0.35567985358562487,0.35567985358562487,False,-0.16950571199728565,0.0001953125,True
trial,255,255,254,946.2860224719586,946.2860224719586,945.7980343966763,945.7980343966763,3836,1918,0,0,3836,1918,982016,491008,1933740.0,1933740.0,1008.2064650677789,False,True,3836,1918,0,0,3836,1918,0.000390625,1456.1433534053715,-1.7975435103824555,-1.7975435103824555,-1.7975435103824555,False,-0.2714749726300348,0.000390625,False
trial,256,256,256,948.0116706368257,948.0116706368257,948.0116706368257,948.0116706368257,3836,1918,0,0,3836,1918,985852,492926,2064815.0,2064815.0,1076.545881126173,False,True,3836,1918,0,0,3836,1918,0.0001953125,27566.768766960147,0.8621010167710454,0.8621010167710454,0.8621010167710454,False,-0.8205816784717835,0.0001953125,True
trial,257,257,256,948.3044084975961,948.3044084975961,948.0116706368257,948.0116706368257,3836,1918,0,0,3836,1918,989688,494844,2064815.0,2064815.0,1076.545881126173,False,True,3836,1918,0,0,3836,1918,0.000390625,1185.2526984393933,-1.3069636287036872,-1.3069636287036872,-1.3069636287036872,False,-0.2239831731666445,0.000390625,False
trial,258,258,258,947.9830681530432,947.9830681530432,947.9830681530432,947.9830681530432,3836,1918,0,0,3836,1918,993524,496762,2064815.0,2064815.0,1076.545881126173,False,True,3836,1918,0,0,3836,1918,0.0001953125,1185.2526984393933,0.19807954323243135,0.19807954323243135,0.19807954323243135,False,-0.14439897889369463,0.0001953125,True
trial,259,259,258,948.4986695134062,948.4986695134062,947.9830681530432,947.9830681530432,3836,1918,0,0,3836,1918,997360,498680,2064815.0,2064815.0,1076.545881126173,False,True,3836,1918,0,0,3836,1918,0.000390625,1491.2877200892806,-1.4889909173031164,-1.4889909173031164,-1.4889909173031164,False,-0.34627569206189146,0.000390625,False
trial,260,260,260,947.9529492896229,947.9529492896229,947.9529492896229,947.9529492896229,3836,1918,0,0,3836,1918,1001196,500598,2064815.0,2064815.0,1076.545881126173,False,True,3836,1918,0,0,3836,1918,0.0001953125,1491.2877200892806,0.15690600005291663,0.15690600005291663,0.15690600005291663,False,-0.19195482269720002,0.0001953125,True
trial,261,261,261,947.3579684046138,947.3579684046138,947.3579684046138,947.3579684046138,3836,1918,0,0,3836,1918,1005032,502516,2097585.0,2097585.0,1093.6313868613138,False,True,3836,1918,0,0,3836,1918,0.000390625,36240.515493423656,0.4882482417973385,0.4882482417973385,0.4882482417973385,False,-0.9028124156093231,0.000390625,True
trial,262,262,261,951.5454377370281,951.5454377370281,947.3579684046138,947.3579684046138,3836,1918,0,0,3836,1918,1008868,504434,2097585.0,2097585.0,1093.6313868613138,False,True,3836,1918,0,0,3836,1918,0.00078125,3666.990515278366,-3.8567129881605724,-3.8567129881605724,-3.8567129881605724,False,-1.085761202679369,0.00078125,False
trial,263,263,261,947.4288427814375,947.4288427814375,947.3579684046138,947.3579684046138,3836,1918,0,0,3836,1918,1012704,506352,2097585.0,2097585.0,1093.6313868613138,False,True,3836,1918,0,0,3836,1918,0.000390625,3666.990515278366,-0.10014505485837619,-0.10014505485837619,-0.10014505485837619,False,-0.7077171900700494,0.000390625,False
trial,264,264,264,947.0596228180237,947.0596228180237,947.0596228180237,947.0596228180237,3836,1918,0,0,3836,1918,1016540,508270,2097585.0,2097585.0,1093.6313868613138,False,True,3836,1918,0,0,3836,1918,0.0001953125,3666.990515278366,0.6450858516928499,0.6450858516928499,0.6450858516928499,False,-0.46248973808228955,0.0001953125,True
trial,265,265,264,947.3521598155453,947.3521598155453,947.0596228180237,947.0596228180237,3836,1918,0,0,3836,1918,1020376,510188,2097585.0,2097585.0,1093.6313868613138,False,True,3836,1918,0,0,3836,1918,0.000390625,1445.4018464829755,-1.2115974500140796,-1.2115974500140796,-1.2115974500140796,False,-0.2414473532592465,0.000390625,False
trial,266,266,266,947.4510078402024,947.4510078402024,947.4510078402024,947.4510078402024,3836,1918,0,0,3836,1918,1024212,512106,2228660.0,2228660.0,1161.970802919708,False,True,3836,1918,0,0,3836,1918,0.0001953125,18223.173853812194,0.8064322056834312,0.8064322056834312,0.8064322056834312,False,-0.7516670111791443,0.0001953125,True
trial,267,267,266,947.7672358924035,947.7672358924035,947.4510078402024,947.4510078402024,3836,1918,0,0,3836,1918,1028048,514024,2228660.0,2228660.0,1161.970802919708,False,True,3836,1918,0,0,3836,1918,0.000390625,1783.9982580701303,-1.261825682888352,-1.261825682888352,-1.261825682888352,False,-0.2506115198711917,0.000390625,False
trial,268,268,268,947.4332148685164,947.4332148685164,947.4332148685164,947.4332148685164,3836,1918,0,0,3836,1918,1031884,515942,2228660.0,2228660.0,1161.970802919708,False,True,3836,1918,0,0,3836,1918,0.0001953125,1783.9982580701303,0.10952669430384791,0.10952669430384791,0.10952669430384791,False,-0.16245328866197867,0.0001953125,True
trial,269,269,268,947.5902229238792,947.5902229238792,947.4332148685164,947.4332148685164,3836,1918,0,0,3836,1918,1035720,517860,2228660.0,2228660.0,1161.970802919708,False,True,3836,1918,0,0,3836,1918,0.000390625,1293.7971112831426,-0.5279843940726971,-0.5279843940726971,-0.5279843940726971,False,-0.29737253056226176,0.000390625,False
trial,270,270,270,947.3484143226469,947.3484143226469,947.3484143226469,947.3484143226469,3836,1918,0,0,3836,1918,1039556,519778,2228660.0,2228660.0,1161.970802919708,False,True,3836,1918,0,0,3836,1918,0.0001953125,1293.7971112831426,0.3938627985375739,0.3938627985375739,0.3938627985375739,False,-0.21530478680482545,0.0001953125,True
trial,271,271,270,947.3405047184049,947.3405047184049,947.1847432689581,947.1847432689581,3836,1918,0,0,3836,1918,1043392,521696,2261430.0,2261430.0,1179.0563086548489,False,True,3836,1918,0,0,3836,1918,0.000390625,28229.101149405444,-0.24313074983176552,-0.24313074983176552,-0.24313074983176552,False,-0.6406489082708751,0.000390625,False
trial,272,272,272,946.7859976426726,946.7859976426726,946.7859976426726,946.7859976426726,3836,1918,0,0,3836,1918,1047228,523614,2261430.0,2261430.0,1179.0563086548489,False,True,3836,1918,0,0,3836,1918,0.0001953125,28229.101149405444,0.7719630181196206,0.7719630181196206,0.7719630181196206,False,-0.5165346226776493,0.0001953125,True
trial,273,273,272,946.9083175533553,946.9083175533553,946.7859976426726,946.7859976426726,3836,1918,0,0,3836,1918,1051064,525532,2261430.0,2261430.0,1179.0563086548489,False,True,3836,1918,0,0,3836,1918,0.000390625,1539.81520615522,-0.516086502222747,-0.516086502222747,-0.516086502222747,False,-0.23701435739157606,0.000390625,False
trial,274,274,274,946.72531829399,946.72531829399,946.72531829399,946.72531829399,3836,1918,0,0,3836,1918,1054900,527450,2261430.0,2261430.0,1179.0563086548489,False,True,3836,1918,0,0,3836,1918,0.0001953125,1539.81520615522,0.4032470191218589,0.4032470191218589,0.4032470191218589,False,-0.15047686853265163,0.0001953125,True
trial,275,275,274,947.099740433018,947.099740433018,946.72531829399,946.72531829399,3836,1918,0,0,3836,1918,1058736,529368,2261430.0,2261430.0,1179.0563086548489,False,True,3836,1918,0,0,3836,1918,0.000390625,1281.0811950823315,-1.650703066809919,-1.650703066809919,-1.650703066809919,False,-0.2268258577550612,0.000390625,False
trial,276,276,276,944.597664484593,944.597664484593,944.597664484593,944.597664484593,3836,1918,0,0,3836,1918,1062572,531286,2392505.0,2392505.0,1247.395724713243,False,True,3836,1918,0,0,3836,1918,0.0001953125,20736.560677525333,0.8959944647527975,0.8959944647527975,0.8959944647527975,False,-0.9429849994008201,0.0001953125,True
trial,277,277,276,944.6914188603469,944.6914188603469,944.597664484593,944.597664484593,3836,1918,0,0,3836,1918,1066408,533204,2392505.0,2392505.0,1247.395724713243,False,True,3836,1918,0,0,3836,1918,0.000390625,1066.4142022108126,-0.3761421018371782,-0.3761421018371782,-0.3761421018371782,False,-0.24925254390811144,0.000390625,False
trial,278,278,278,944.5037662387958,944.5037662387958,944.5037662387958,944.5037662387958,3836,1918,0,0,3836,1918,1070244,535122,2392505.0,2392505.0,1247.395724713243,False,True,3836,1918,0,0,3836,1918,0.0001953125,1066.4142022108126,0.5772330055710537,0.5772330055710537,0.5772330055710537,False,-0.1626695717170058,0.0001953125,True
trial,279,279,278,944.7138903738887,944.7138903738887,944.5037662387958,944.5037662387958,3836,1918,0,0,3836,1918,1074080,537040,2392505.0,2392505.0,1247.395724713243,False,True,3836,1918,0,0,3836,1918,0.000390625,1221.6412726672386,-1.0484349583630292,-1.0484349583630292,-1.0484349583630292,False,-0.20041694853532904,0.000390625,False
trial,280,280,280,944.4712010938476,944.4712010938476,944.4712010938476,944.4712010938476,3836,1918,0,0,3836,1918,1077916,538958,2392505.0,2392505.0,1247.395724713243,False,True,3836,1918,0,0,3836,1918,0.0001953125,1221.6412726672386,0.28176016728012837,0.28176016728012837,0.28176016728012837,False,-0.11557753270290083,0.0001953125,True
trial,281,281,281,944.7664116971291,944.7664116971291,944.7664116971291,944.7664116971291,3836,1918,0,0,3836,1918,1081752,540876,2425275.0,2425275.0,1264.4812304483837,False,True,3836,1918,0,0,3836,1918,0.000390625,15169.221266046237,0.3558782504499239,0.3558782504499239,0.3558782504499239,False,-0.5433051253689256,0.000390625,True
trial,282,282,281,947.6587286028737,947.6587286028737,944.7664116971291,944.7664116971291,3836,1918,0,0,3836,1918,1085588,542794,2425275.0,2425275.0,1264.4812304483837,False,True,3836,1918,0,0,3836,1918,0.00078125,3657.092313800388,-3.727976523235399,-3.727976523235399,-3.727976523235399,False,-0.7758409656599473,0.00078125,False
trial,283,283,283,944.6130317070492,944.6130317070492,944.6130317070492,944.6130317070492,3836,1918,0,0,3836,1918,1089424,544712,2425275.0,2425275.0,1264.4812304483837,False,True,3836,1918,0,0,3836,1918,0.000390625,3657.092313800388,0.28676881054791103,0.28676881054791103,0.28676881054791103,False,-0.5348558993805169,0.000390625,True
trial,284,284,283,947.1259207036892,947.1259207036892,944.6130317070492,944.6130317070492,3836,1918,0,0,3836,1918,1093260,546630,2425275.0,2425275.0,1264.4812304483837,False,True,3836,1918,0,0,3836,1918,0.00078125,3857.6786457961543,-4.433277420805802,-4.433277420805802,-4.433277420805802,False,-0.5668242156122976,0.00078125,False
trial,285,285,285,944.5733967435359,944.5733967435359,944.5733967435359,944.5733967435359,3836,1918,0,0,3836,1918,1097096,548548,2425275.0,2425275.0,1264.4812304483837,False,True,3836,1918,0,0,3836,1918,0.000390625,3857.6786457961543,0.09200727280171218,0.09200727280171218,0.09200727280171218,False,-0.43078076663287845,0.000390625,True
trial,286,286,285,949.031439775386,949.031439775386,945.1068251241393,945.1068251241393,3836,1918,0,0,3836,1918,1100932,550466,2435275.0,2435275.0,1269.6949947862356,False,True,3836,1918,0,0,3836,1918,0.00078125,8764.983440880445,-4.616989253225769,-4.616989253225769,-4.616989253225769,False,-0.8500376405478409,0.00078125,False
trial,287,287,287,944.9478824100636,944.9478824100636,944.9478824100636,944.9478824100636,3836,1918,0,0,3836,1918,1104768,552384,2435275.0,2435275.0,1269.6949947862356,False,True,3836,1918,0,0,3836,1918,0.000390625,8764.983440880445,0.2586389420771589,0.2586389420771589,0.2586389420771589,False,-0.6145351229757028,0.000390625,True
trial,288,288,287,947.3772815039524,947.3772815039524,944.9478824100636,944.9478824100636,3836,1918,0,0,3836,1918,1108604,554302,2435275.0,2435275.0,1269.6949947862356,False,True,3836,1918,0,0,3836,1918,0.00078125,4054.8288969888386,-3.839240632599574,-3.839240632599574,-3.839240632599574,False,-0.632781147725005,0.00078125,False
trial,289,289,289,944.8614689199899,944.8614689199899,944.8614689199899,944.8614689199899,3836,1918,0,0,3836,1918,1112440,556220,2435275.0,2435275.0,1269.6949947862356,False,True,3836,1918,0,0,3836,1918,0.000390625,4054.8288969888386,0.17244962076745174,0.17244962076745174,0.17244962076745174,False,-0.5010941148443491,0.000390625,True
trial,290,290,289,949.8711491631121,949.8711491631121,944.8614689199899,944.8614689199899,3836,1918,0,0,3836,1918,1116276,558138,2435275.0,2435275.0,1269.6949947862356,False,True,3836,1918,0,0,3836,1918,0.00078125,4291.234849116055,-6.103742460115145,-6.103742460115145,-6.103742460115145,False,-0.8207555079294344,0.00078125,False
trial,291,291,291,944.5195578654968,944.5195578654968,944.5195578654968,944.5195578654968,3836,1918,0,0,3836,1918,1120112,560056,2468045.0,2468045.0,1286.7805005213763,False,True,3836,1918,0,0,3836,1918,0.000390625,12719.976878634041,0.2732100128897999,0.2732100128897999,0.2732100128897999,False,-0.8135644673965715,0.000390625,True
trial,292,292,291,947.9187299183163,947.9187299183163,944.5195578654968,944.5195578654968,3836,1918,0,0,3836,1918,1123948,561974,2468045.0,2468045.0,1286.7805005213763,False,True,3836,1918,0,0,3836,1918,0.00078125,4171.924827516291,-4.370609161196896,-4.370609161196896,-4.370609161196896,False,-0.7777341618642075,0.00078125,False
trial,293,293,293,944.4447777180976,944.4447777180976,944.4447777180976,944.4447777180976,3836,1918,0,0,3836,1918,1127784,563892,2468045.0,2468045.0,1286.7805005213763,False,True,3836,1918,0,0,3836,1918,0.000390625,4171.924827516291,0.11445545198007107,0.11445545198007107,0.11445545198007107,False,-0.653355922374451,0.000390625,True
trial,294,294,293,949.2211955779501,949.2211955779501,944.4447777180976,944.4447777180976,3836,1918,0,0,3836,1918,1131620,565810,2468045.0,2468045.0,1286.7805005213763,False,True,3836,1918,0,0,3836,1918,0.00078125,4547.456349484165,-4.4449955833179295,-4.4449955833179295,-4.4449955833179295,False,-1.0745607662195145,0.00078125,False
trial,295,295,293,944.5418979109147,944.5418979109147,944.4447777180976,944.4447777180976,3836,1918,0,0,3836,1918,1135456,567728,2468045.0,2468045.0,1286.7805005213763,False,True,3836,1918,0,0,3836,1918,0.000390625,4547.456349484165,-0.12537760627213776,-0.12537760627213776,-0.12537760627213776,False,-0.7746215269599062,0.000390625,False
trial,296,296,296,942.4425627508829,942.4425627508829,942.4425627508829,942.4425627508829,3836,1918,0,0,3836,1918,1139292,569646,2599120.0,2599120.0,1355.1199165797707,False,True,3836,1918,0,0,3836,1918,0.0001953125,22244.948372897717,0.9119558050534001,0.9119558050534001,0.9119558050534001,False,-1.5437709271139415,0.0001953125,True
trial,297,297,296,942.6255839236546,942.6255839236546,942.4425627508829,942.4425627508829,3836,1918,0,0,3836,1918,1143128,571564,2599120.0,2599120.0,1355.1199165797707,False,True,3836,1918,0,0,3836,1918,0.000390625,1727.3760875835276,-0.8105132089592346,-0.8105132089592346,-0.8105132089592346,False,-0.2258089945341839,0.000390625,False
trial,298,298,298,942.3777025226266,942.3777025226266,942.3777025226266,942.3777025226266,3836,1918,0,0,3836,1918,1146964,573482,2599120.0,2599120.0,1355.1199165797707,False,True,3836,1918,0,0,3836,1918,0.0001953125,1727.3760875835276,0.484452927384628,0.484452927384628,0.484452927384628,False,-0.13388344788511933,0.0001953125,True
trial,299,299,298,942.6061798368341,942.6061798368341,942.3777025226266,942.3777025226266,3836,1918,0,0,3836,1918,1150800,575400,2599120.0,2599120.0,1355.1199165797707,False,True,3836,1918,0,0,3836,1918,0.000390625,1007.5493161800099,-1.190027685878547,-1.190027685878547,-1.190027685878547,False,-0.19199327622272194,0.000390625,False
trial,300,300,300,942.3379201865769,942.3379201865769,942.3379201865769,942.3379201865769,3836,1918,0,0,3836,1918,1154636,577318,2599120.0,2599120.0,1355.1199165797707,False,True,3836,1918,0,0,3836,1918,0.0001953125,1007.5493161800099,0.3738606529660871,0.3738606529660871,0.3738606529660871,False,-0.106409529149675,0.0001953125,True
trial,301,301,301,943.5127689652516,943.5127689652516,943.5127689652516,943.5127689652516,3836,1918,0,0,3836,1918,1158472,579236,2631890.0,2631890.0,1372.2054223149114,False,True,3836,1918,0,0,3836,1918,0.000390625,8069.636958495316,0.006064976892362973,0.006064976892362973,0.006064976892362973,False,-0.3998820047012396,0.000390625,True
trial,302,302,302,943.197896455694,943.197896455694,943.197896455694,943.197896455694,3836,1918,0,0,3836,1918,1162308,581154,2631890.0,2631890.0,1372.2054223149114,False,True,3836,1918,0,0,3836,1918,0.0001953125,3568.197162673931,0.8337071150861974,0.8337071150861974,0.8337071150861974,False,-0.37767760867071704,0.0001953125,True
trial,303,303,302,943.4739908795043,943.4739908795043,943.197896455694,943.197896455694,3836,1918,0,0,3836,1918,1166144,583072,2631890.0,2631890.0,1372.2054223149114,False,True,3836,1918,0,0,3836,1918,0.000390625,998.0730348199397,-1.5569369316507038,-1.5569369316507038,-1.5569369316507038,False,-0.17733179693896886,0.000390625,False
trial,304,304,304,943.1755612101803,943.1755612101803,943.1755612101803,943.1755612101803,3836,1918,0,0,3836,1918,1169980,584990,2631890.0,2631890.0,1372.2054223149114,False,True,3836,1918,0,0,3836,1918,0.0001953125,998.0730348199397,0.23046597284294454,0.23046597284294454,0.23046597284294454,False,-0.09691341953110641,0.0001953125,True
trial,305,305,304,943.3669960772925,943.3669960772925,943.1755612101803,943.1755612101803,3836,1918,0,0,3836,1918,1173816,586908,2631890.0,2631890.0,1372.2054223149114,False,True,3836,1918,0,0,3836,1918,0.000390625,1026.4471644116236,-0.9408482050803089,-0.9408482050803089,-0.9408482050803089,False,-0.2034705131800369,0.000390625,False
trial,306,306,306,944.5113377119724,944.5113377119724,944.5113377119724,944.5113377119724,3836,1918,0,0,3836,1918,1177652,588826,2762965.0,2762965.0,1440.5448383733055,False,True,3836,1918,0,0,3836,1918,0.0001953125,20551.67936295738,0.9111934578619745,0.9111934578619745,0.9111934578619745,False,-0.8397152263470334,0.0001953125,True
trial,307,307,306,944.5969181386354,944.5969181386354,944.5113377119724,944.5113377119724,3836,1918,0,0,3836,1918,1181488,590744,2762965.0,2762965.0,1440.5448383733055,False,True,3836,1918,0,0,3836,1918,0.000390625,1537.195763001812,-0.35191776248937656,-0.35191776248937656,-0.35191776248937656,False,-0.2431830267890604,0.000390625,False
trial,308,308,308,944.3941059161274,944.3941059161274,944.3941059161274,944.3941059161274,3836,1918,0,0,3836,1918,1185324,592662,2762965.0,2762965.0,1440.5448383733055,False,True,3836,1918,0,0,3836,1918,0.0001953125,1537.195763001812,0.7378083527740559,0.7378083527740559,0.7378083527740559,False,-0.15889193366300552,0.0001953125,True
trial,309,309,308,944.5618237815479,944.5618237815479,944.3941059161274,944.3941059161274,3836,1918,0,0,3836,1918,1189160,594580,2762965.0,2762965.0,1440.5448383733055,False,True,3836,1918,0,0,3836,1918,0.000390625,971.9998597684577,-0.928307141302522,-0.928307141302522,-0.928307141302522,False,-0.18067066163596035,0.000390625,False
trial,310,310,310,944.3418698673577,944.3418698673577,944.3418698673577,944.3418698673577,3836,1918,0,0,3836,1918,1192996,596498,2762965.0,2762965.0,1440.5448383733055,False,True,3836,1918,0,0,3836,1918,0.0001953125,971.9998597684577,0.5198254092116164,0.5198254092116164,0.5198254092116164,False,-0.10048767883227767,0.0001953125,True
trial,311,311,311,944.2013377213857,944.2013377213857,944.2013377213857,944.2013377213857,3836,1918,0,0,3836,1918,1196832,598416,2795735.0,2795735.0,1457.6303441084463,False,True,3836,1918,0,0,3836,1918,0.000390625,3770.3145427069107,0.13577898175106345,0.13577898175106345,0.13577898175106345,False,-0.4074708434615428,0.000390625,True
trial,312,312,311,948.1962554785695,948.1962554785695,944.2013377213857,944.2013377213857,3836,1918,0,0,3836,1918,1200668,600334,2795735.0,2795735.0,1457.6303441084463,False,True,3836,1918,0,0,3836,1918,0.00078125,4068.065504670351,-5.7787501203616225,-5.7787501203616225,-5.7787501203616225,False,-0.691311732464005,0.00078125,False
trial,313,313,313,944.0486489797609,944.0486489797609,944.0486489797609,944.0486489797609,3836,1918,0,0,3836,1918,1204504,602252,2795735.0,2795735.0,1457.6303441084463,False,True,3836,1918,0,0,3836,1918,0.000390625,4068.065504670351,0.3149105732183146,0.3149105732183146,0.3149105732183146,False,-0.4848638140802911,0.000390625,True
trial,314,314,313,945.891509058413,945.891509058413,944.0486489797609,944.0486489797609,3836,1918,0,0,3836,1918,1208340,604170,2795735.0,2795735.0,1457.6303441084463,False,True,3836,1918,0,0,3836,1918,0.00078125,3986.153110201956,-3.9253291544389115,-3.9253291544389115,-3.9253291544389115,False,-0.46947912038616924,0.00078125,False
trial,315,315,315,944.0191027880684,944.0191027880684,944.0191027880684,944.0191027880684,3836,1918,0,0,3836,1918,1212176,606088,2795735.0,2795735.0,1457.6303441084463,False,True,3836,1918,0,0,3836,1918,0.000390625,3986.153110201956,0.08078349374208377,0.08078349374208377,0.08078349374208377,False,-0.365745405698926,0.000390625,True
trial,316,316,315,949.101146907651,949.101146907651,943.4442534653024,943.4442534653024,3836,1918,0,0,3836,1918,1216012,608006,2805735.0,2805735.0,1462.8441084462982,False,True,3836,1918,0,0,3836,1918,0.00078125,8151.014461367295,-6.9800114821539,-6.9800114821539,-6.9800114821539,False,-0.8104418533997915,0.00078125,False
trial,317,317,315,943.6830688899713,943.6830688899713,943.4442534653024,943.4442534653024,3836,1918,0,0,3836,1918,1219848,609924,2805735.0,2805735.0,1462.8441084462982,False,True,3836,1918,0,0,3836,1918,0.000390625,8151.014461367295,-0.40394264153730713,-0.40394264153730713,-0.40394264153730713,False,-0.5912112268218453,0.000390625,False
trial,318,318,318,943.166767929621,943.166767929621,943.166767929621,943.166767929621,3836,1918,0,0,3836,1918,1223684,611842,2805735.0,2805735.0,1462.8441084462982,False,True,3836,1918,0,0,3836,1918,0.0001953125,8151.014461367295,0.6516589121327652,0.6516589121327652,0.6516589121327652,False,-0.4258140731525638,0.0001953125,True
trial,319,319,318,943.3213788953021,943.3213788953021,943.166767929621,943.166767929621,3836,1918,0,0,3836,1918,1227520,613760,2805735.0,2805735.0,1462.8441084462982,False,True,3836,1918,0,0,3836,1918,0.000390625,2014.96844683061,-0.6415551058116108,-0.6415551058116108,-0.6415551058116108,False,-0.24099405379305477,0.000390625,False
trial,320,320,320,943.1060020089166,943.1060020089166,943.1060020089166,943.1060020089166,3836,1918,0,0,3836,1918,1231356,615678,2805735.0,2805735.0,1462.8441084462982,False,True,3836,1918,0,0,3836,1918,0.0001953125,2014.96844683061,0.3422161687619832,0.3422161687619832,0.3422161687619832,False,-0.177565896211823,0.0001953125,True
trial,321,321,320,944.9308804319367,944.9308804319367,944.6497666483974,944.6497666483974,3836,1918,0,0,3836,1918,1235192,617596,2838505.0,2838505.0,1479.929614181439,False,True,3836,1918,0,0,3836,1918,0.000390625,12527.388369764845,-0.5819793727633931,-0.5819793727633931,-0.5819793727633931,False,-0.48303049333937215,0.000390625,False
trial,322,322,322,944.4245414765627,944.4245414765627,944.4245414765627,944.4245414765627,3836,1918,0,0,3836,1918,1239028,619514,2838505.0,2838505.0,1479.929614181439,False,True,3836,1918,0,0,3836,1918,0.0001953125,12527.388369764845,0.6256922543439114,0.6256922543439114,0.6256922543439114,False,-0.35996157898884196,0.0001953125,True
trial,323,323,322,944.7523047040779,944.7523047040779,944.4245414765627,944.4245414765627,3836,1918,0,0,3836,1918,1242864,621432,2838505.0,2838505.0,1479.929614181439,False,True,3836,1918,0,0,3836,1918,0.000390625,1560.6765211953907,-1.2654032630346197,-1.2654032630346197,-1.2654032630346197,False,-0.259018794316364,0.000390625,False
trial,324,324,324,944.3845845513076,944.3845845513076,944.3845845513076,944.3845845513076,3836,1918,0,0,3836,1918,1246700,623350,2838505.0,2838505.0,1479.929614181439,False,True,3836,1918,0,0,3836,1918,0.0001953125,1560.6765211953907,0.21862922787212558,0.21862922787212558,0.21862922787212558,False,-0.1827611323699116,0.0001953125,True
trial,325,325,324,944.9797396615529,944.9797396615529,944.3845845513076,944.3845845513076,3836,1918,0,0,3836,1918,1250536,625268,2838505.0,2838505.0,1479.929614181439,False,True,3836,1918,0,0,3836,1918,0.000390625,1735.2803690398093,-1.8066344980867661,-1.8066344980867661,-1.8066344980867661,False,-0.3294275133545599,0.000390625,False
trial,326,326,326,943.9027776742648,943.9027776742648,943.9027776742648,943.9027776742648,3836,1918,0,0,3836,1918,1254372,627186,2969580.0,2969580.0,1548.2690302398332,False,True,3836,1918,0,0,3836,1918,0.0001953125,20684.821651403807,0.8707322236042548,0.8707322236042548,0.8707322236042548,False,-0.6606896486897718,0.0001953125,True
trial,327,327,326,944.0469772079941,944.0469772079941,943.9027776742648,943.9027776742648,3836,1918,0,0,3836,1918,1258208,629104,2969580.0,2969580.0,1548.2690302398332,False,True,3836,1918,0,0,3836,1918,0.000390625,1382.676976767419,-0.8571202576579363,-0.8571202576579363,-0.8571202576579363,False,-0.16823722510459477,0.000390625,False
trial,328,328,328,943.8234594553667,943.8234594553667,943.8234594553667,943.8234594553667,3836,1918,0,0,3836,1918,1262044,631022,2969580.0,2969580.0,1548.2690302398332,False,True,3836,1918,0,0,3836,1918,0.0001953125,1382.676976767419,0.6528798013584037,0.6528798013584037,0.6528798013584037,False,-0.12148977305335479,0.0001953125,True
trial,329,329,328,943.9913924120274,943.9913924120274,943.8234594553667,943.8234594553667,3836,1918,0,0,3836,1918,1265880,632940,2969580.0,2969580.0,1548.2690302398332,False,True,3836,1918,0,0,3836,1918,0.000390625,989.9297302235858,-1.3286164398326523,-1.3286164398326523,-1.3286164398326523,False,-0.12639686791912558,0.000390625,False
trial,330,330,330,943.7942835277536,943.7942835277536,943.7942835277536,943.7942835277536,3836,1918,0,0,3836,1918,1269716,634858,2969580.0,2969580.0,1548.2690302398332,False,True,3836,1918,0,0,3836,1918,0.0001953125,989.9297302235858,0.3801770888661437,0.3801770888661437,0.3801770888661437,False,-0.07674299285133565,0.0001953125,True
trial,331,331,330,943.3091942663527,943.3091942663527,942.9597279907169,942.9597279907169,3836,1918,0,0,3836,1918,1273552,636776,3002350.0,3002350.0,1565.354535974974,False,True,3836,1918,0,0,3836,1918,0.000390625,10806.83731507314,-1.4480643685376369,-1.4480643685376369,-1.4480643685376369,False,-0.24133338491624387,0.000390625,False
trial,332,332,332,942.8633985323356,942.8633985323356,942.8633985323356,942.8633985323356,3836,1918,0,0,3836,1918,1277388,638694,3002350.0,3002350.0,1565.354535974974,False,True,3836,1918,0,0,3836,1918,0.0001953125,10806.83731507314,0.543775759929518,0.543775759929518,0.543775759929518,False,-0.17714923223831325,0.0001953125,True
trial,333,333,332,943.0609680547211,943.0609680547211,942.8633985323356,942.8633985323356,3836,1918,0,0,3836,1918,1281224,640612,3002350.0,3002350.0,1565.354535974974,False,True,3836,1918,0,0,3836,1918,0.000390625,1223.9437558212205,-1.0272837907916308,-1.0272837907916308,-1.0272837907916308,False,-0.19232224255504368,0.000390625,False
trial,334,334,334,942.785544029218,942.785544029218,942.785544029218,942.785544029218,3836,1918,0,0,3836,1918,1285060,642530,3002350.0,3002350.0,1565.354535974974,False,True,3836,1918,0,0,3836,1918,0.0001953125,1223.9437558212205,0.5435195028739728,0.5435195028739728,0.5435195028739728,False,-0.14324141582023497,0.0001953125,True
trial,335,335,334,943.2974957289225,943.2974957289225,942.785544029218,942.785544029218,3836,1918,0,0,3836,1918,1288896,644448,3002350.0,3002350.0,1565.354535974974,False,True,3836,1918,0,0,3836,1918,0.000390625,1385.9435931221508,-4.014132266085561,-4.014132266085561,-4.014132266085561,False,-0.12753732706563392,0.000390625,False
trial,336,336,336,942.2736151720836,942.2736151720836,942.2736151720836,942.2736151720836,3836,1918,0,0,3836,1918,1292732,646366,3133425.0,3133425.0,1633.693952033368,False,True,3836,1918,0,0,3836,1918,0.0001953125,15930.842397515084,0.8957832010666349,0.8957832010666349,0.8957832010666349,False,-0.6779134915960583,0.0001953125,True
trial,337,337,336,942.3522919595479,942.3522919595479,942.2736151720836,942.2736151720836,3836,1918,0,0,3836,1918,1296568,648284,3133425.0,3133425.0,1633.693952033368,False,True,3836,1918,0,0,3836,1918,0.000390625,1298.53572709106,-0.2808306478821845,-0.2808306478821845,-0.2808306478821845,False,-0.28015741179806464,0.000390625,False
trial,338,338,338,942.1652168599554,942.1652168599554,942.1652168599554,942.1652168599554,3836,1918,0,0,3836,1918,1300404,650202,3133425.0,3133425.0,1633.693952033368,False,True,3836,1918,0,0,3836,1918,0.0001953125,1298.53572709106,0.5972329539285631,0.5972329539285631,0.5972329539285631,False,-0.1815008890838391,0.0001953125,True
trial,339,339,338,942.6306576724571,942.6306576724571,942.1652168599554,942.1652168599554,3836,1918,0,0,3836,1918,1304240,652120,3133425.0,3133425.0,1633.693952033368,False,True,3836,1918,0,0,3836,1918,0.000390625,1492.2657725552733,-1.7207590174136091,-1.7207590174136091,-1.7207590174136091,False,-0.2704857611040034,0.000390625,False
trial,340,340,340,942.115131884723,942.115131884723,942.115131884723,942.115131884723,3836,1918,0,0,3836,1918,1308076,654038,3133425.0,3133425.0,1633.693952033368,False,True,3836,1918,0,0,3836,1918,0.0001953125,1492.2657725552733,0.29860673857991077,0.29860673857991077,0.29860673857991077,False,-0.16772888472165828,0.0001953125,True
trial,341,341,340,942.747663222431,942.747663222431,942.6567757173294,942.6567757173294,3836,1918,0,0,3836,1918,1311912,655956,3166195.0,3166195.0,1650.7794577685088,False,True,3836,1918,0,0,3836,1918,0.000390625,10195.226419016824,-0.21740980932723553,-0.21740980932723553,-0.21740980932723553,False,-0.4180469380974036,0.000390625,False
trial,342,342,342,942.4246673921259,942.4246673921259,942.4246673921259,942.4246673921259,3836,1918,0,0,3836,1918,1315748,657874,3166195.0,3166195.0,1650.7794577685088,False,True,3836,1918,0,0,3836,1918,0.0001953125,10195.226419016824,0.6951110196225501,0.6951110196225501,0.6951110196225501,False,-0.3339154734297677,0.0001953125,True
trial,343,343,342,942.9555332554428,942.9555332554428,942.4246673921259,942.4246673921259,3836,1918,0,0,3836,1918,1319584,659792,3166195.0,3166195.0,1650.7794577685088,False,True,3836,1918,0,0,3836,1918,0.000390625,1563.64146086142,-2.3383705474913743,-2.3383705474913743,-2.3383705474913743,False,-0.22702384097609934,0.000390625,False
trial,344,344,344,942.4006812930816,942.4006812930816,942.4006812930816,942.4006812930816,3836,1918,0,0,3836,1918,1323420,661710,3166195.0,3166195.0,1650.7794577685088,False,True,3836,1918,0,0,3836,1918,0.0001953125,1563.64146086142,0.17213543704841888,0.17213543704841888,0.17213543704841888,False,-0.1393443410353874,0.0001953125,True
trial,345,345,344,942.5555819683782,942.5555819683782,942.4006812930816,942.4006812930816,3836,1918,0,0,3836,1918,1327256,663628,3166195.0,3166195.0,1650.7794577685088,False,True,3836,1918,0,0,3836,1918,0.000390625,1623.0664761584978,-0.664000883212629,-0.664000883212629,-0.664000883212629,False,-0.2332838392430688,0.000390625,False
trial,346,346,346,939.247982627448,939.247982627448,939.247982627448,939.247982627448,3836,1918,0,0,3836,1918,1331092,665546,3297270.0,3297270.0,1719.118873826903,False,True,3836,1918,0,0,3836,1918,0.0001953125,23394.861338861847,0.9384297106370746,0.9384297106370746,0.9384297106370746,False,-0.7377426722484404,0.0001953125,True
trial,347,347,347,939.1335554157711,939.1335554157711,939.1335554157711,939.1335554157711,3836,1918,0,0,3836,1918,1334928,667464,3297270.0,3297270.0,1719.118873826903,False,True,3836,1918,0,0,3836,1918,0.000390625,1571.2097257118621,0.3091941751850619,0.3091941751850619,0.3091941751850619,False,-0.3700820418380247,0.000390625,True
trial,348,348,347,942.0328329874658,942.0328329874658,939.1335554157711,939.1335554157711,3836,1918,0,0,3836,1918,1338764,669382,3297270.0,3297270.0,1719.118873826903,False,True,3836,1918,0,0,3836,1918,0.00078125,4004.489552550655,-4.0985728361686045,-4.0985728361686045,-4.0985728361686045,False,-0.7073871046305451,0.00078125,False
trial,349,349,349,938.9619317374916,938.9619317374916,938.9619317374916,938.9619317374916,3836,1918,0,0,3836,1918,1342600,671300,3297270.0,3297270.0,1719.118873826903,False,True,3836,1918,0,0,3836,1918,0.000390625,4004.489552550655,0.3539849847833142,0.3539849847833142,0.3539849847833142,False,-0.48483321512792044,0.000390625,True
trial,350,350,349,940.6038114405151,940.6038114405151,938.9619317374916,938.9619317374916,3836,1918,0,0,3836,1918,1346436,673218,3297270.0,3297270.0,1719.118873826903,False,True,3836,1918,0,0,3836,1918,0.00078125,4777.2046566863155,-3.243495974657149,-3.243495974657149,-3.243495974657149,False,-0.5062067953381872,0.00078125,False
trial,351,351,351,937.5855308204261,937.5855308204261,937.5855308204261,937.5855308204261,3836,1918,0,0,3836,1918,1350272,675136,3330040.0,3330040.0,1736.2043795620439,False,True,3836,1918,0,0,3836,1918,0.000390625,41910.5396338606,0.6279471495902459,0.6279471495902459,0.6279471495902459,False,-0.8062495367494077,0.000390625,True
trial,352,352,351,940.5607506225663,940.5607506225663,937.5855308204261,937.5855308204261,3836,1918,0,0,3836,1918,1354108,677054,3330040.0,3330040.0,1736.2043795620439,False,True,3836,1918,0,0,3836,1918,0.00078125,4078.706595511212,-4.578504155486923,-4.578504155486923,-4.578504155486923,False,-0.6498235452237416,0.00078125,False
trial,353,353,353,937.4283077879705,937.4283077879705,937.4283077879705,937.4283077879705,3836,1918,0,0,3836,1918,1357944,678972,3330040.0,3330040.0,1736.2043795620439,False,True,3836,1918,0,0,3836,1918,0.000390625,4078.706595511212,0.34306161731864515,0.34306161731864515,0.34306161731864515,False,-0.45829385894125607,0.000390625,True
trial,354,354,353,939.4020127004691,939.4020127004691,937.4283077879705,937.4283077879705,3836,1918,0,0,3836,1918,1361780,680890,3330040.0,3330040.0,1736.2043795620439,False,True,3836,1918,0,0,3836,1918,0.00078125,4120.19531655002,-4.390624359859817,-4.390624359859817,-4.390624359859817,False,-0.44952716304829804,0.00078125,False
trial,355,355,355,937.3784862581444,937.3784862581444,937.3784862581444,937.3784862581444,3836,1918,0,0,3836,1918,1365616,682808,3330040.0,3330040.0,1736.2043795620439,False,True,3836,1918,0,0,3836,1918,0.000390625,4120.19531655002,0.1411796282009208,0.1411796282009208,0.1411796282009208,False,-0.35289460994461863,0.000390625,True
trial,356,356,355,940.0256201006989,940.0256201006989,937.2843039823184,937.2843039823184,3836,1918,0,0,3836,1918,1369452,684726,3340040.0,3340040.0,1741.4181438998958,False,True,3836,1918,0,0,3836,1918,0.00078125,8180.0373597153475,-4.307321285649088,-4.307321285649088,-4.307321285649088,False,-0.6364317719957117,0.00078125,False
trial,357,357,357,937.1046374016688,937.1046374016688,937.1046374016688,937.1046374016688,3836,1918,0,0,3836,1918,1373288,686644,3340040.0,3340040.0,1741.4181438998958,False,True,3836,1918,0,0,3836,1918,0.000390625,8180.0373597153475,0.37043523580911036,0.37043523580911036,0.37043523580911036,False,-0.4850148238657126,0.000390625,True
trial,358,358,357,938.859180804145,938.859180804145,937.1046374016688,937.1046374016688,3836,1918,0,0,3836,1918,1377124,688562,3340040.0,3340040.0,1741.4181438998958,False,True,3836,1918,0,0,3836,1918,0.00078125,4388.878271981016,-4.279937814208042,-4.279937814208042,-4.279937814208042,False,-0.4099460035731528,0.00078125,False
trial,359,359,359,936.9812839526096,936.9812839526096,936.9812839526096,936.9812839526096,3836,1918,0,0,3836,1918,1380960,690480,3340040.0,3340040.0,1741.4181438998958,False,True,3836,1918,0,0,3836,1918,0.000390625,4388.878271981016,0.36615662657748604,0.36615662657748604,0.36615662657748604,False,-0.3368871136164052,0.000390625,True
trial,360,360,359,940.0942197738068,940.0942197738068,936.9812839526096,936.9812839526096,3836,1918,0,0,3836,1918,1384796,692398,3340040.0,3340040.0,1741.4181438998958,False,True,3836,1918,0,0,3836,1918,0.00078125,3395.0506135954174,-6.829245857921885,-6.829245857921885,-6.829245857921885,False,-0.4558242426703983,0.00078125,False
trial,361,361,361,937.3244159049609,937.3244159049609,937.3244159049609,937.3244159049609,3836,1918,0,0,3836,1918,1388632,694316,3372810.0,3372810.0,1758.5036496350365,False,True,3836,1918,0,0,3836,1918,0.000390625,6334.863434340376,0.27344433717802297,0.27344433717802297,0.27344433717802297,False,-0.4418318689754452,0.000390625,True
trial,362,362,361,941.6367490111461,941.6367490111461,937.3244159049609,937.3244159049609,3836,1918,0,0,3836,1918,1392468,696234,3372810.0,3372810.0,1758.5036496350365,False,True,3836,1918,0,0,3836,1918,0.00078125,3637.6811755647977,-10.657442290436949,-10.657442290436949,-10.657442290436949,False,-0.40463114776184966,0.00078125,False
trial,363,363,361,937.5426324187375,937.5426324187375,937.3244159049609,937.3244159049609,3836,1918,0,0,3836,1918,1396304,698152,3372810.0,3372810.0,1758.5036496350365,False,True,3836,1918,0,0,3836,1918,0.000390625,3637.6811755647977,-0.6632965145388378,-0.6632965145388378,-0.6632965145388378,False,-0.32898787946794406,0.000390625,False
trial,364,364,364,937.1115010172209,937.1115010172209,937.1115010172209,937.1115010172209,3836,1918,0,0,3836,1918,1400140,700070,3372810.0,3372810.0,1758.5036496350365,False,True,3836,1918,0,0,3836,1918,0.0001953125,3637.6811755647977,0.766256837311475,0.766256837311475,0.766256837311475,False,-0.2778636057422231,0.0001953125,True
trial,365,365,364,937.289599330514,937.289599330514,937.1115010172209,937.1115010172209,3836,1918,0,0,3836,1918,1403976,701988,3372810.0,3372810.0,1758.5036496350365,False,True,3836,1918,0,0,3836,1918,0.000390625,1351.4133729997907,-1.4357858702651467,-1.4357858702651467,-1.4357858702651467,False,-0.12404239168348918,0.000390625,False
trial,366,366,366,936.2601877345884,936.2601877345884,936.2601877345884,936.2601877345884,3836,1918,0,0,3836,1918,1407812,703906,3503885.0,3503885.0,1826.8430656934306,False,True,3836,1918,0,0,3836,1918,0.0001953125,8981.941892541585,0.851438684307379,0.851438684307379,0.851438684307379,False,-0.5302908135681452,0.0001953125,True
trial,367,367,366,936.7460530129051,936.7460530129051,936.2601877345884,936.2601877345884,3836,1918,0,0,3836,1918,1411648,705824,3503885.0,3503885.0,1826.8430656934306,False,True,3836,1918,0,0,3836,1918,0.000390625,1728.9910934954405,-2.3355961974638904,-2.3355961974638904,-2.3355961974638904,False,-0.20802623280698718,0.000390625,False
trial,368,368,368,936.229963337627,936.229963337627,936.229963337627,936.229963337627,3836,1918,0,0,3836,1918,1415484,707742,3503885.0,3503885.0,1826.8430656934306,False,True,3836,1918,0,0,3836,1918,0.0001953125,1728.9910934954405,0.21387245596205806,0.21387245596205806,0.21387245596205806,False,-0.1413197264012903,0.0001953125,True
trial,369,369,368,936.5648859350432,936.5648859350432,936.229963337627,936.229963337627,3836,1918,0,0,3836,1918,1419320,709660,3503885.0,3503885.0,1826.8430656934306,False,True,3836,1918,0,0,3836,1918,0.000390625,1677.4575432128315,-1.9100420131074662,-1.9100420131074662,-1.9100420131074662,False,-0.17534828821449003,0.000390625,False
trial,370,370,370,936.2061851878673,936.2061851878673,936.2061851878673,936.2061851878673,3836,1918,0,0,3836,1918,1423156,711578,3503885.0,3503885.0,1826.8430656934306,False,True,3836,1918,0,0,3836,1918,0.0001953125,1677.4575432128315,0.18258544115087505,0.18258544115087505,0.18258544115087505,False,-0.13023026156904532,0.0001953125,True
trial,371,371,370,936.6245442654673,936.6245442654673,936.1538938685821,936.1538938685821,3836,1918,0,0,3836,1918,1426992,713496,3536655.0,3536655.0,1843.9285714285713,False,True,3836,1918,0,0,3836,1918,0.000390625,7998.889200747455,-2.2932784303796168,-2.2932784303796168,-2.2932784303796168,False,-0.20523037702284289,0.000390625,False
trial,372,372,372,936.0817967563933,936.0817967563933,936.0817967563933,936.0817967563933,3836,1918,0,0,3836,1918,1430828,715414,3536655.0,3536655.0,1843.9285714285713,False,True,3836,1918,0,0,3836,1918,0.0001953125,7998.889200747455,0.47615800962247357,0.47615800962247357,0.47615800962247357,False,-0.1514142589894645,0.0001953125,True
trial,373,373,372,936.3821623205276,936.3821623205276,936.0817967563933,936.0817967563933,3836,1918,0,0,3836,1918,1434664,717332,3536655.0,3536655.0,1843.9285714285713,False,True,3836,1918,0,0,3836,1918,0.000390625,1558.88860783202,-3.1797774237547416,-3.1797774237547416,-3.1797774237547416,False,-0.09446119149424737,0.000390625,False
trial,374,374,374,936.0806647287118,936.0806647287118,936.0806647287118,936.0806647287118,3836,1918,0,0,3836,1918,1438500,719250,3536655.0,3536655.0,1843.9285714285713,False,True,3836,1918,0,0,3836,1918,0.0001953125,1558.88860783202,0.016233416528150555,0.016233416528150555,0.016233416528150555,False,-0.06973440738833464,0.0001953125,True
trial,375,375,375,936.0423606248121,936.0423606248121,936.0423606248121,936.0423606248121,3836,1918,0,0,3836,1918,1442336,721168,3536655.0,3536655.0,1843.9285714285713,False,True,3836,1918,0,0,3836,1918,9.765625e-05,1559.7742746616082,0.6693662274569898,0.6693662274569898,0.6693662274569898,False,-0.05722443458973583,9.765625e-05,True
trial,376,376,376,939.0347997680067,939.0347997680067,939.0347997680067,939.0347997680067,3836,1918,0,0,3836,1918,1446172,723086,3667730.0,3667730.0,1912.2679874869657,False,True,3836,1918,0,0,3836,1918,0.0001953125,24126.1865264106,0.9535199543599983,0.9535199543599983,0.9535199543599983,False,-0.654728029701545,0.0001953125,True
trial,377,377,376,939.7118456429002,939.7118456429002,939.0347997680067,939.0347997680067,3836,1918,0,0,3836,1918,1450008,725004,3667730.0,3667730.0,1912.2679874869657,False,True,3836,1918,0,0,3836,1918,0.000390625,1552.3403419768092,-5.643009591657093,-5.643009591657093,-5.643009591657093,False,-0.11997957187500508,0.000390625,False
trial,378,378,376,939.0529683243157,939.0529683243157,939.0347997680067,939.0347997680067,3836,1918,0,0,3836,1918,1453844,726922,3667730.0,3667730.0,1912.2679874869657,False,True,3836,1918,0,0,3836,1918,0.0001953125,1552.3403419768092,-0.2217992125839687,-0.2217992125839687,-0.2217992125839687,False,-0.08191443106273597,0.0001953125,False
trial,379,379,379,938.9983206432375,938.9983206432375,938.9983206432375,938.9983206432375,3836,1918,0,0,3836,1918,1457680,728840,3667730.0,3667730.0,1912.2679874869657,False,True,3836,1918,0,0,3836,1918,9.765625e-05,1552.3403419768092,0.687175737430021,0.687175737430021,0.687175737430021,False,-0.0530855831807434,9.765625e-05,True
trial,380,380,379,939.0325488681542,939.0325488681542,938.9983206432375,938.9983206432375,3836,1918,0,0,3836,1918,1461516,730758,3667730.0,3667730.0,1912.2679874869657,False,True,3836,1918,0,0,3836,1918,0.0001953125,512.1478010264884,-0.8265506909255729,-0.8265506909255729,-0.8265506909255729,False,-0.04141092045828585,0.0001953125,False
trial,381,381,381,938.0535806469143,938.0535806469143,938.0535806469143,938.0535806469143,3836,1918,0,0,3836,1918,1465352,732676,4192020.0,4192020.0,2185.6204379562046,False,True,3836,1918,0,0,3836,1918,9.765625e-05,41173.00747417711,0.9910721523928904,0.9910721523928904,0.9910721523928904,False,-1.3842519410710392,9.765625e-05,True
trial,382,382,382,937.7962877736097,937.7962877736097,937.7962877736097,937.7962877736097,3836,1918,0,0,3836,1918,1469188,734594,4192020.0,4192020.0,2185.6204379562046,False,True,3836,1918,0,0,3836,1918,0.0001953125,1333.4825402604413,0.8102196353702552,0.8102196353702552,0.8102196353702552,False,-0.31755941484554623,0.0001953125,True
trial,383,383,382,938.5015252177691,938.5015252177691,937.7962877736097,937.7962877736097,3836,1918,0,0,3836,1918,1473024,736512,4192020.0,4192020.0,2185.6204379562046,False,True,3836,1918,0,0,3836,1918,0.000390625,2020.0166408756274,-3.2395888512035156,-3.2395888512035156,-3.2395888512035156,False,-0.21769350264845125,0.000390625,False
trial,384,384,384,937.7584745007259,937.7584745007259,937.7584745007259,937.7584745007259,3836,1918,0,0,3836,1918,1476860,738430,4192020.0,4192020.0,2185.6204379562046,False,True,3836,1918,0,0,3836,1918,0.0001953125,2020.0166408756274,0.26746338947179465,0.26746338947179465,0.26746338947179465,False,-0.14137737863291017,0.0001953125,True
trial,385,385,384,938.3132750665865,938.3132750665865,937.7584745007259,937.7584745007259,3836,1918,0,0,3836,1918,1480696,740348,4192020.0,4192020.0,2185.6204379562046,False,True,3836,1918,0,0,3836,1918,0.000390625,2504.4256204843678,-2.3221202858382193,-2.3221202858382193,-2.3221202858382193,False,-0.23891982221768454,0.000390625,False
trial,386,386,386,936.654955318656,936.654955318656,936.654955318656,936.654955318656,3836,1918,0,0,3836,1918,1484532,742266,4323095.0,4323095.0,2253.9598540145985,False,True,3836,1918,0,0,3836,1918,0.0001953125,37599.87363267332,0.8835832080910876,0.8835832080910876,0.8835832080910876,False,-0.7550915527951161,0.0001953125,True
trial,387,387,386,937.2280243228963,937.2280243228963,936.654955318656,936.654955318656,3836,1918,0,0,3836,1918,1488368,744184,4323095.0,4323095.0,2253.9598540145985,False,True,3836,1918,0,0,3836,1918,0.000390625,2791.03145034343,-2.617201813691154,-2.617201813691154,-2.617201813691154,False,-0.2189624817018217,0.000390625,False
trial,388,388,388,936.5975424679955,936.5975424679955,936.5975424679955,936.5975424679955,3836,1918,0,0,3836,1918,1492204,746102,4323095.0,4323095.0,2253.9598540145985,False,True,3836,1918,0,0,3836,1918,0.0001953125,2791.03145034343,0.38708946596004573,0.38708946596004573,0.38708946596004573,False,-0.14831933108310946,0.0001953125,True
trial,389,389,388,937.2782342814396,937.2782342814396,936.5975424679955,936.5975424679955,3836,1918,0,0,3836,1918,1496040,748020,4323095.0,4323095.0,2253.9598540145985,False,True,3836,1918,0,0,3836,1918,0.000390625,2512.5494977125663,-5.14392297179744,-5.14392297179744,-5.14392297179744,False,-0.1323293169777528,0.000390625,False
trial,390,390,390,936.581374565189,936.581374565189,936.581374565189,936.581374565189,3836,1918,0,0,3836,1918,1499876,749938,4323095.0,4323095.0,2253.9598540145985,False,True,3836,1918,0,0,3836,1918,0.0001953125,2512.5494977125663,0.15370483062638823,0.15370483062638823,0.15370483062638823,False,-0.10518799403123774,0.0001953125,True
trial,391,391,390,937.3697155480479,937.3697155480479,936.8539832238439,936.8539832238439,3836,1918,0,0,3836,1918,1503712,751856,4355865.0,4355865.0,2271.0453597497394,False,True,3836,1918,0,0,3836,1918,0.000390625,16796.74926299127,-2.0031910961890667,-2.0031910961890667,-2.0031910961890667,False,-0.2574553796615583,0.000390625,False
trial,392,392,392,936.7482901527137,936.7482901527137,936.7482901527137,936.7482901527137,3836,1918,0,0,3836,1918,1507548,753774,4355865.0,4355865.0,2271.0453597497394,False,True,3836,1918,0,0,3836,1918,0.0001953125,16796.74926299127,0.5626134062058076,0.5626134062058076,0.5626134062058076,False,-0.1878609182866272,0.0001953125,True
trial,393,393,392,937.2722217511218,937.2722217511218,936.7482901527137,936.7482901527137,3836,1918,0,0,3836,1918,1511384,755692,4355865.0,4355865.0,2271.0453597497394,False,True,3836,1918,0,0,3836,1918,0.000390625,2526.3482404706488,-5.848787573718004,-5.848787573718004,-5.848787573718004,False,-0.08957952255993268,0.000390625,False
trial,394,394,392,936.7510394610904,936.7510394610904,936.7482901527137,936.7482901527137,3836,1918,0,0,3836,1918,1515220,757610,4355865.0,4355865.0,2271.0453597497394,False,True,3836,1918,0,0,3836,1918,0.0001953125,2526.3482404706488,-0.037599095689114376,-0.037599095689114376,-0.037599095689114376,False,-0.07312166227110889,0.0001953125,False
trial,395,395,395,936.7023554666087,936.7023554666087,936.7023554666087,936.7023554666087,3836,1918,0,0,3836,1918,1519056,759528,4355865.0,4355865.0,2271.0453597497394,False,True,3836,1918,0,0,3836,1918,9.765625e-05,2526.3482404706488,0.7409898004659617,0.7409898004659617,0.7409898004659617,False,-0.06199098297462505,9.765625e-05,True
trial,396,396,396,934.9084041286224,934.9084041286224,934.9084041286224,934.9084041286224,3836,1918,0,0,3836,1918,1522892,761446,4486940.0,4486940.0,2339.3847758081333,False,True,3836,1918,0,0,3836,1918,0.0001953125,38283.35943526504,0.8297102048596487,0.8297102048596487,0.8297102048596487,False,-0.5484633158727448,0.0001953125,True
trial,397,397,396,935.2609660831386,935.2609660831386,934.9084041286224,934.9084041286224,3836,1918,0,0,3836,1918,1526728,763364,4486940.0,4486940.0,2339.3847758081333,False,True,3836,1918,0,0,3836,1918,0.000390625,3278.8991643268114,-2.756733176827815,-2.756733176827815,-2.756733176827815,False,-0.12789121467384776,0.000390625,False
trial,398,398,398,934.8542105070726,934.8542105070726,934.8542105070726,934.8542105070726,3836,1918,0,0,3836,1918,1530564,765282,4486940.0,4486940.0,2339.3847758081333,False,True,3836,1918,0,0,3836,1918,0.0001953125,3278.8991643268114,0.5131388593860892,0.5131388593860892,0.5131388593860892,False,-0.10561200064753136,0.0001953125,True
trial,399,399,398,935.0185062993291,935.0185062993291,934.8542105070726,934.8542105070726,3836,1918,0,0,3836,1918,1534400,767200,4486940.0,4486940.0,2339.3847758081333,False,True,3836,1918,0,0,3836,1918,0.000390625,2044.3188899737922,-2.63603358474228,-2.63603358474228,-2.63603358474228,False,-0.06232689644301925,0.000390625,False
trial,400,400,398,934.8570275110103,934.8570275110103,934.8542105070726,934.8542105070726,3836,1918,0,0,3836,1918,1538236,769118,4486940.0,4486940.0,2339.3847758081333,False,True,3836,1918,0,0,3836,1918,0.0001953125,2044.3188899737922,-0.06143158156290102,-0.06143158156290102,-0.06143158156290102,False,-0.04585595659494708,0.0001953125,False
trial,401,401,401,939.0480431911351,939.0480431911351,939.0480431911351,939.0480431911351,3836,1918,0,0,3836,1918,1542072,771036,4795000.0,4795000.0,2500.0,False,True,3836,1918,0,0,3836,1918,9.765625e-05,34400.855851510045,0.9922071985671448,0.9922071985671448,0.9922071985671448,False,-0.9051669655350265,9.765625e-05,True
trial,402,402,402,938.9500087136423,938.9500087136423,938.9500087136423,938.9500087136423,3836,1918,0,0,3836,1918,1545908,772954,4795000.0,4795000.0,2500.0,False,True,3836,1918,0,0,3836,1918,0.0001953125,1178.1309178827353,0.655575273031749,0.655575273031749,0.655575273031749,False,-0.14953962043047747,0.0001953125,True
trial,403,403,402,939.1510865524065,939.1510865524065,938.9500087136423,938.9500087136423,3836,1918,0,0,3836,1918,1549744,774872,4795000.0,4795000.0,2500.0,False,True,3836,1918,0,0,3836,1918,0.000390625,2651.3608867397934,-1.8504336020345922,-1.8504336020345922,-1.8504336020345922,False,-0.10866525475059464,0.000390625,False
trial,404,404,404,938.899924550197,938.899924550197,938.899924550197,938.899924550197,3836,1918,0,0,3836,1918,1553580,776790,4795000.0,4795000.0,2500.0,False,True,3836,1918,0,0,3836,1918,0.0001953125,2651.3608867397934,0.5945080378891408,0.5945080378891408,0.5945080378891408,False,-0.0842447204298388,0.0001953125,True
trial,405,405,404,939.3254726477869,939.3254726477869,938.899924550197,938.899924550197,3836,1918,0,0,3836,1918,1557416,778708,4795000.0,4795000.0,2500.0,False,True,3836,1918,0,0,3836,1918,0.000390625,1718.705615377421,-4.8639631674414225,-4.8639631674414225,-4.8639631674414225,False,-0.08748999179072803,0.000390625,False
trial,406,406,406,938.8960710424749,938.8960710424749,938.8960710424749,938.8960710424749,3836,1918,0,0,3836,1918,1561252,780626,4795000.0,4795000.0,2500.0,False,True,3836,1918,0,0,3836,1918,0.0001953125,1718.705615377421,0.06550224747380085,0.06550224747380085,0.06550224747380085,False,-0.0588301603500067,0.0001953125,True
trial,407,407,406,939.2646781471739,939.2646781471739,938.8960710424749,938.8960710424749,3836,1918,0,0,3836,1918,1565088,782544,4795000.0,4795000.0,2500.0,False,True,3836,1918,0,0,3836,1918,0.000390625,2293.2018200443813,-4.532782480529901,-4.532782480529901,-4.532782480529901,False,-0.0813202721026863,0.000390625,False
trial,408,408,408,938.8870753618987,938.8870753618987,938.8870753618987,938.8870753618987,3836,1918,0,0,3836,1918,1568924,784462,4795000.0,4795000.0,2500.0,False,True,3836,1918,0,0,3836,1918,0.0001953125,2293.2018200443813,0.15119372033873402,0.15119372033873402,0.15119372033873402,False,-0.059497712973853464,0.0001953125,True
trial,409,409,408,939.3434337716883,939.3434337716883,938.8870753618987,938.8870753618987,3836,1918,0,0,3836,1918,1572760,786380,4795000.0,4795000.0,2500.0,False,True,3836,1918,0,0,3836,1918,0.000390625,2147.047955595206,-5.671771944732485,-5.671771944732485,-5.671771944732485,False,-0.08046134686593034,0.000390625,False
trial,410,410,410,938.8852110891626,938.8852110891626,938.8852110891626,938.8852110891626,3836,1918,0,0,3836,1918,1576596,788298,4795000.0,4795000.0,2500.0,False,True,3836,1918,0,0,3836,1918,0.0001953125,2147.047955595206,0.03286728863765153,0.03286728863765153,0.03286728863765153,False,-0.05672122080739557,0.0001953125,True
trial,411,411,411,938.8509598414505,938.8509598414505,938.8509598414505,938.8509598414505,3836,1918,0,0,3836,1918,1580432,790216,4795000.0,4795000.0,2500.0,False,True,3836,1918,0,0,3836,1918,9.765625e-05,2282.291614954497,0.7887401535365858,0.7887401535365858,0.7887401535365858,False,-0.043425261866644416,9.765625e-05,True
trial,412,412,411,938.8669870042404,938.8669870042404,938.8509598414505,938.8509598414505,3836,1918,0,0,3836,1918,1584268,792134,4795000.0,4795000.0,2500.0,False,True,3836,1918,0,0,3836,1918,0.0001953125,580.8626319696149,-1.218990071602053,-1.218990071602053,-1.218990071602053,False,-0.013147902647667038,0.0001953125,False
trial,413,413,413,938.8478808277314,938.8478808277314,938.8478808277314,938.8478808277314,3836,1918,0,0,3836,1918,1588104,794052,4795000.0,4795000.0,2500.0,False,True,3836,1918,0,0,3836,1918,9.765625e-05,580.8626319696149,0.4008216478001899,0.4008216478001899,0.4008216478001899,False,-0.007681755054934088,9.765625e-05,True
trial,414,414,413,938.8724074873115,938.8724074873115,938.8478808277314,938.8478808277314,3836,1918,0,0,3836,1918,1591940,795970,4795000.0,4795000.0,2500.0,False,True,3836,1918,0,0,3836,1918,0.0001953125,409.82671649626224,-2.4334745870779986,-2.4334745870779986,-2.4334745870779986,False,-0.010078864069666422,0.0001953125,False
trial,415,415,415,938.8466153121163,938.8466153121163,938.8466153121163,938.8466153121163,3836,1918,0,0,3836,1918,1595776,797888,4795000.0,4795000.0,2500.0,False,True,3836,1918,0,0,3836,1918,9.765625e-05,409.82671649626224,0.21315372003855967,0.21315372003855967,0.21315372003855967,False,-0.005937103114207482,9.765625e-05,True
trial,416,416,415,938.8752547404646,938.8752547404646,938.8466153121163,938.8466153121163,3836,1918,0,0,3836,1918,1599612,799806,4795000.0,4795000.0,2500.0,False,True,3836,1918,0,0,3836,1918,0.0001953125,441.022621916756,-3.2211183714908103,-3.2211183714908103,-3.2211183714908103,False,-0.008891144331025402,0.0001953125,False
trial,417,417,415,938.8488015652633,938.8488015652633,938.8466153121163,938.8466153121163,3836,1918,0,0,3836,1918,1603448,801724,4795000.0,4795000.0,2500.0,False,True,3836,1918,0,0,3836,1918,9.765625e-05,441.022621916756,-0.40838770093030957,-0.40838770093030957,-0.40838770093030957,False,-0.005353376563514377,9.765625e-05,False
trial,418,418,418,938.8449604505572,938.8449604505572,938.8449604505572,938.8449604505572,3836,1918,0,0,3836,1918,1607284,803642,4795000.0,4795000.0,2500.0,False,True,3836,1918,0,0,3836,1918,4.8828125e-05,441.022621916756,0.4727156353086016,0.4727156353086016,0.4727156353086016,False,-0.0035007548630193305,4.8828125e-05,True
trial,419,419,418,938.8476712976657,938.8476712976657,938.8449604505572,938.8449604505572,3836,1918,0,0,3836,1918,1611120,805560,4795000.0,4795000.0,2500.0,False,True,3836,1918,0,0,3836,1918,9.765625e-05,131.89985781306092,-0.9555617989336262,-0.9555617989336262,-0.9555617989336262,False,-0.002836914484741299,9.765625e-05,False
trial,420,420,418,938.8450243155096,938.8450243155096,938.8449604505572,938.8449604505572,3836,1918,0,0,3836,1918,1614956,807478,4795000.0,4795000.0,2500.0,False,True,3836,1918,0,0,3836,1918,4.8828125e-05,131.89985781306092,-0.0410382911642509,-0.0410382911642509,-0.0410382911642509,False,-0.001556228355735927,4.8828125e-05,False
trial,421,421,421,938.8445087999313,938.8445087999313,938.8445087999313,938.8445087999313,3836,1918,0,0,3836,1918,1618792,809396,4795000.0,4795000.0,2500.0,False,True,3836,1918,0,0,3836,1918,2.44140625e-05,131.89985781306092,0.517352312215748,0.517352312215748,0.517352312215748,False,-0.0008730039766726361,2.44140625e-05,True
trial,422,422,422,938.8442964452513,938.8442964452513,938.8442964452513,938.8442964452513,3836,1918,0,0,3836,1918,1622628,811314,4795000.0,4795000.0,2500.0,False,True,3836,1918,0,0,3836,1918,4.8828125e-05,36.25797074296826,0.238932492723496,0.238932492723496,0.238932492723496,False,-0.000888764343357363,4.8828125e-05,True
trial,423,423,422,938.8464520333428,938.8464520333428,938.8442964452513,938.8442964452513,3836,1918,0,0,3836,1918,1626464,813232,4795000.0,4795000.0,2500.0,False,True,3836,1918,0,0,3836,1918,9.765625e-05,140.67533661786362,-0.8538719539186674,-0.8538719539186674,-0.8538719539186674,False,-0.0025244863489919675,9.765625e-05,False
trial,424,424,424,938.8440422489438,938.8440422489438,938.8440422489438,938.8440422489438,3836,1918,0,0,3836,1918,1630300,815150,4795000.0,4795000.0,2500.0,False,True,3836,1918,0,0,3836,1918,4.8828125e-05,140.67533661786362,0.181064235508061,0.181064235508061,0.181064235508061,False,-0.001403901255397267,4.8828125e-05,True
trial,425,425,424,938.8477308815418,938.8477308815418,938.8440422489438,938.8440422489438,3836,1918,0,0,3836,1918,1634136,817068,4795000.0,4795000.0,2500.0,False,True,3836,1918,0,0,3836,1918,9.765625e-05,116.46485839955763,-1.2255446075681748,-1.2255446075681748,-1.2255446075681748,False,-0.0030097905659647404,9.765625e-05,False
trial,426,426,426,938.8439534332315,938.8439534332315,938.8439534332315,938.8439534332315,3836,1918,0,0,3836,1918,1637972,818986,4795000.0,4795000.0,2500.0,False,True,3836,1918,0,0,3836,1918,4.8828125e-05,116.46485839955763,0.05549443272078144,0.05549443272078144,0.05549443272078144,False,-0.001600443646687138,4.8828125e-05,True
trial,427,427,426,938.8452579609896,938.8452579609896,938.8439534332315,938.8439534332315,3836,1918,0,0,3836,1918,1641808,820904,4795000.0,4795000.0,2500.0,False,True,3836,1918,0,0,3836,1918,9.765625e-05,143.1215381030421,-0.4871341083028782,-0.4871341083028782,-0.4871341083028782,False,-0.0026779643137917796,9.765625e-05,False
trial,428,428,428,938.8432078996968,938.8432078996968,938.8432078996968,938.8432078996968,3836,1918,0,0,3836,1918,1645644,822822,4795000.0,4795000.0,2500.0,False,True,3836,1918,0,0,3836,1918,4.8828125e-05,143.1215381030421,0.4670335978696154,0.4670335978696154,0.4670335978696154,False,-0.0015963167062405465,4.8828125e-05,True
trial,429,429,428,938.8466082333084,938.8466082333084,938.8432078996968,938.8432078996968,3836,1918,0,0,3836,1918,1649480,824740,4795000.0,4795000.0,2500.0,False,True,3836,1918,0,0,3836,1918,9.765625e-05,130.50601699777033,-2.2871993338312775,-2.2871993338312775,-2.2871993338312775,False,-0.001486680046327368,9.765625e-05,False
trial,430,430,428,938.8433808108718,938.8433808108718,938.8432078996968,938.8432078996968,3836,1918,0,0,3836,1918,1653316,826658,4795000.0,4795000.0,2500.0,False,True,3836,1918,0,0,3836,1918,4.8828125e-05,130.50601699777033,-0.19874024463199264,-0.19874024463199264,-0.19874024463199264,False,-0.0008700360379142293,4.8828125e-05,False
trial,431,431,431,938.8429506006195,938.8429506006195,938.8429506006195,938.8429506006195,3836,1918,0,0,3836,1918,1657152,828576,4795000.0,4795000.0,2500.0,False,True,3836,1918,0,0,3836,1918,2.44140625e-05,130.50601699777033,0.47089554014930285,0.47089554014930285,0.47089554014930285,False,-0.0005464037252931193,2.44140625e-05,True
trial,432,432,431,938.8432651980551,938.8432651980551,938.8429506006195,938.8429506006195,3836,1918,0,0,3836,1918,1660988,830494,4795000.0,4795000.0,2500.0,False,True,3836,1918,0,0,3836,1918,4.8828125e-05,32.55056077208225,-0.6092097275418673,-0.6092097275418673,-0.6092097275418673,False,-0.0005164025152054679,4.8828125e-05,False
trial,433,433,433,938.8428702534507,938.8428702534507,938.8428702534507,938.8428702534507,3836,1918,0,0,3836,1918,1664824,832412,4795000.0,4795000.0,2500.0,False,True,3836,1918,0,0,3836,1918,2.44140625e-05,32.55056077208225,0.2915160209367553,0.2915160209367553,0.2915160209367553,False,-0.00027561836416562944,2.44140625e-05,True
trial,434,434,434,938.8427808317954,938.8427808317954,938.8427808317954,938.8427808317954,3836,1918,0,0,3836,1918,1668660,834330,4795000.0,4795000.0,2500.0,False,True,3836,1918,0,0,3836,1918,4.8828125e-05,26.81662609853529,0.14361895891312837,0.14361895891312837,0.14361895891312837,False,-0.0006226312734186779,4.8828125e-05,True
trial,435,435,434,938.847508940828,938.847508940828,938.8427808317954,938.8427808317954,3836,1918,0,0,3836,1918,1672496,836248,4795000.0,4795000.0,2500.0,False,True,3836,1918,0,0,3836,1918,9.765625e-05,108.07345013097765,-2.6293446268393184,-2.6293446268393184,-2.6293446268393184,False,-0.001798208186309872,9.765625e-05,False
trial,436,436,434,938.8432346018868,938.8432346018868,938.8427808317954,938.8427808317954,3836,1918,0,0,3836,1918,1676332,838166,4795000.0,4795000.0,2500.0,False,True,3836,1918,0,0,3836,1918,4.8828125e-05,108.07345013097765,-0.4836799299156541,-0.4836799299156541,-0.4836799299156541,False,-0.0009381619194306754,4.8828125e-05,False
trial,437,437,437,938.8426174469753,938.8426174469753,938.8426174469753,938.8426174469753,3836,1918,0,0,3836,1918,1680168,840084,4795000.0,4795000.0,2500.0,False,True,3836,1918,0,0,3836,1918,2.44140625e-05,108.07345013097765,0.32018240978418167,0.32018240978418167,0.32018240978418167,False,-0.0005102866837946342,2.44140625e-05,True
trial,438,438,437,938.8433482816473,938.8433482816473,938.8426174469753,938.8426174469753,3836,1918,0,0,3836,1918,1684004,842002,4795000.0,4795000.0,2500.0,False,True,3836,1918,0,0,3836,1918,4.8828125e-05,34.813318307661255,-1.0504376469048864,-1.0504376469048864,-1.0504376469048864,False,-0.0006957430307071602,4.8828125e-05,False
trial,439,439,439,938.842605189331,938.842605189331,938.842605189331,938.842605189331,3836,1918,0,0,3836,1918,1687840,843920,4795000.0,4795000.0,2500.0,False,True,3836,1918,0,0,3836,1918,2.44140625e-05,34.813318307661255,0.03471138429975849,0.03471138429975849,0.03471138429975849,False,-0.0003531303775661779,2.44140625e-05,True
trial,440,440,440,938.8425137908349,938.8425137908349,938.8425137908349,938.8425137908349,3836,1918,0,0,3836,1918,1691676,845838,4795000.0,4795000.0,2500.0,False,True,3836,1918,0,0,3836,1918,1.220703125e-05,33.36335638251111,0.5131270870304273,0.5131270870304273,0.5131270870304273,False,-0.00017812058344712637,1.220703125e-05,True
trial,441,441,440,938.8425603374045,938.8425603374045,938.8425137908349,938.8425137908349,3836,1918,0,0,3836,1918,1695512,847756,4795000.0,4795000.0,2500.0,False,True,3836,1918,0,0,3836,1918,2.44140625e-05,8.987144662209854,-0.291391726689466,-0.291391726689466,-0.291391726689466,False,-0.00015973881661392975,2.44140625e-05,False
trial,442,442,442,938.8424846836784,938.8424846836784,938.8424846836784,938.8424846836784,3836,1918,0,0,3836,1918,1699348,849674,4795000.0,4795000.0,2500.0,False,True,3836,1918,0,0,3836,1918,1.220703125e-05,8.987144662209854,0.36026259666827726,0.36026259666827726,0.36026259666827726,False,-8.079427825159265e-05,1.220703125e-05,True
trial,443,443,443,938.842394788545,938.842394788545,938.842394788545,938.842394788545,3836,1918,0,0,3836,1918,1703184,851592,4795000.0,4795000.0,2500.0,False,True,3836,1918,0,0,3836,1918,2.44140625e-05,8.705931394461054,0.4374209879552594,0.4374209879552594,0.4374209879552594,False,-0.00020551170592490275,2.44140625e-05,True
trial,444,444,443,938.842791085844,938.842791085844,938.842394788545,938.842394788545,3836,1918,0,0,3836,1918,1707020,853510,4795000.0,4795000.0,2500.0,False,True,3836,1918,0,0,3836,1918,4.8828125e-05,27.424639063654364,-0.9627206321101892,-0.9627206321101892,-0.9627206321101892,False,-0.00041164309337949213,4.8828125e-05,False
trial,445,445,445,938.8423833488766,938.8423833488766,938.8423833488766,938.8423833488766,3836,1918,0,0,3836,1918,1710856,855428,4795000.0,4795000.0,2500.0,False,True,3836,1918,0,0,3836,1918,2.44140625e-05,27.424639063654364,0.05375680156384835,0.05375680156384835,0.05375680156384835,False,-0.0002128041107899416,2.44140625e-05,True
trial,446,446,445,938.8427308978407,938.8427308978407,938.8423833488766,938.8423833488766,3836,1918,0,0,3836,1918,1714692,857346,4795000.0,4795000.0,2500.0,False,True,3836,1918,0,0,3836,1918,4.8828125e-05,24.810064952118292,-0.6117275264151003,-0.6117275264151003,-0.6117275264151003,False,-0.0005681434120469192,4.8828125e-05,False
trial,447,447,447,938.8423205129917,938.8423205129917,938.8423205129917,938.8423205129917,3836,1918,0,0,3836,1918,1718528,859264,4795000.0,4795000.0,2500.0,False,True,3836,1918,0,0,3836,1918,2.44140625e-05,24.810064952118292,0.21785549015139627,0.21785549015139627,0.21785549015139627,False,-0.00028842920088423474,2.44140625e-05,True
trial,448,448,447,938.8430364215901,938.8430364215901,938.8423205129917,938.8423205129917,3836,1918,0,0,3836,1918,1722364,861182,4795000.0,4795000.0,2500.0,False,True,3836,1918,0,0,3836,1918,4.8828125e-05,26.889316001555997,-1.2622223661297922,-1.2622223661297922,-1.2622223661297922,False,-0.0005671810432290474,4.8828125e-05,False
trial,449,449,447,938.8423470853012,938.8423470853012,938.8423205129917,938.8423205129917,3836,1918,0,0,3836,1918,1726200,863100,4795000.0,4795000.0,2500.0,False,True,3836,1918,0,0,3836,1918,2.44140625e-05,26.889316001555997,-0.09033282642488882,-0.09033282642488882,-0.09033282642488882,False,-0.0002941600582151977,2.44140625e-05,False
trial,450,450,450,938.842252764427,938.842252764427,938.842252764427,938.842252764427,3836,1918,0,0,3836,1918,1730036,865018,4795000.0,4795000.0,2500.0,False,True,3836,1918,0,0,3836,1918,1.220703125e-05,26.889316001555997,0.4381792373340579,0.4381792373340579,0.4381792373340579,False,-0.00015461381759419157,1.220703125e-05,True
trial,451,451,450,938.8423141857639,938.8423141857639,938.842252764427,938.842252764427,3836,1918,0,0,3836,1918,1733872,866936,4795000.0,4795000.0,2500.0,False,True,3836,1918,0,0,3836,1918,2.44140625e-05,9.659207788168487,-0.43626112398652894,-0.43626112398652894,-0.43626112398652894,False,-0.00014079030546600626,2.44140625e-05,False
trial,452,452,452,938.8422308884976,938.8422308884976,938.8422308884976,938.8422308884976,3836,1918,0,0,3836,1918,1737708,868854,4795000.0,4795000.0,2500.0,False,True,3836,1918,0,0,3836,1918,1.220703125e-05,9.659207788168487,0.2859910191814813,0.2859910191814813,0.2859910191814813,False,-7.649166560661045e-05,1.220703125e-05,True
trial,453,453,453,938.8422272527009,938.8422272527009,938.8422272527009,938.8422272527009,3836,1918,0,0,3836,1918,1741544,870772,4795000.0,4795000.0,2500.0,False,True,3836,1918,0,0,3836,1918,2.44140625e-05,9.415642831217092,0.02346294120796635,0.02346294120796635,0.02346294120796635,False,-0.00015495911913609645,2.44140625e-05,True
trial,454,454,454,938.8421612408708,938.8421612408708,938.8421612408708,938.8421612408708,3836,1918,0,0,3836,1918,1745380,872690,4795000.0,4795000.0,2500.0,False,True,3836,1918,0,0,3836,1918,1.220703125e-05,26.566368577036766,0.560709684185587,0.560709684185587,0.560709684185587,False,-0.00011772907076070823,1.220703125e-05,True
trial,455,455,454,938.8422867737189,938.8422867737189,938.8421612408708,938.8421612408708,3836,1918,0,0,3836,1918,1749216,874608,4795000.0,4795000.0,2500.0,False,True,3836,1918,0,0,3836,1918,2.44140625e-05,9.98557665974888,-0.684710711453611,-0.684710711453611,-0.684710711453611,False,-0.00018333705895635312,2.44140625e-05,False
trial,456,456,456,938.8421452689098,938.8421452689098,938.8421452689098,938.8421452689098,3836,1918,0,0,3836,1918,1753052,876526,4795000.0,4795000.0,2500.0,False,True,3836,1918,0,0,3836,1918,1.220703125e-05,9.98557665974888,0.1693462148479516,0.1693462148479516,0.1693462148479516,False,-9.431542977265007e-05,1.220703125e-05,True
trial,457,457,456,938.842302893639,938.842302893639,938.8421452689098,938.8421452689098,3836,1918,0,0,3836,1918,1756888,878444,4795000.0,4795000.0,2500.0,False,True,3836,1918,0,0,3836,1918,2.44140625e-05,6.0055228950471395,-1.107503243659349,-1.107503243659349,-1.107503243659349,False,-0.0001423243951139227,2.44140625e-05,False
trial,458,458,456,938.8421506080455,938.8421506080455,938.8421452689098,938.8421452689098,3836,1918,0,0,3836,1918,1760724,880362,4795000.0,4795000.0,2500.0,False,True,3836,1918,0,0,3836,1918,1.220703125e-05,6.0055228950471395,-0.07370149670967441,-0.07370149670967441,-0.07370149670967441,False,-7.244270343278872e-05,1.220703125e-05,False
trial,459,459,459,938.8421280293697,938.8421280293697,938.8421280293697,938.8421280293697,3836,1918,0,0,3836,1918,1764560,882280,4795000.0,4795000.0,2500.0,False,True,3836,1918,0,0,3836,1918,6.103515625e-06,6.0055228950471395,0.46238910844193337,0.46238910844193337,0.46238910844193337,False,-3.728362053103971e-05,6.103515625e-06,True
trial,460,460,460,938.8420987561318,938.8420987561318,938.8420987561318,938.8420987561318,3836,1918,0,0,3836,1918,1768396,884198,4795000.0,4795000.0,2500.0,False,True,3836,1918,0,0,3836,1918,1.220703125e-05,3.0299704662926246,0.5167478634763115,0.5167478634763115,0.5167478634763115,False,-5.664897721139531e-05,1.220703125e-05,True
trial,461,461,460,938.8421731885892,938.8421731885892,938.8420987561318,938.8420987561318,3836,1918,0,0,3836,1918,1772232,886116,4795000.0,4795000.0,2500.0,False,True,3836,1918,0,0,3836,1918,2.44140625e-05,13.834979824245389,-0.629481841499547,-0.629481841499547,-0.629481841499547,False,-0.00011824401035028709,2.44140625e-05,False
trial,462,462,462,938.8420869573478,938.8420869573478,938.8420869573478,938.8420869573478,3836,1918,0,0,3836,1918,1776068,888034,4795000.0,4795000.0,2500.0,False,True,3836,1918,0,0,3836,1918,1.220703125e-05,13.834979824245389,0.19677603200641064,0.19677603200641064,0.19677603200641064,False,-5.996047345654023e-05,1.220703125e-05,True
trial,463,463,462,938.8421473937863,938.8421473937863,938.8420869573478,938.8420869573478,3836,1918,0,0,3836,1918,1779904,889952,4795000.0,4795000.0,2500.0,False,True,3836,1918,0,0,3836,1918,2.44140625e-05,5.611247596465737,-0.3993071075578625,-0.3993071075578625,-0.3993071075578625,False,-0.00015135327510758739,2.44140625e-05,False
trial,464,464,464,938.8420642686851,938.8420642686851,938.8420642686851,938.8420642686851,3836,1918,0,0,3836,1918,1783740,891870,4795000.0,4795000.0,2500.0,False,True,3836,1918,0,0,3836,1918,1.220703125e-05,5.611247596465737,0.29797363132813165,0.29797363132813165,0.29797363132813165,False,-7.614318932848586e-05,1.220703125e-05,True
trial,465,465,465,938.8420283975324,938.8420283975324,938.8420283975324,938.8420283975324,3836,1918,0,0,3836,1918,1787576,893788,4795000.0,4795000.0,2500.0,False,True,3836,1918,0,0,3836,1918,2.44140625e-05,7.0690931639734,0.2385460473909314,0.2385460473909314,0.2385460473909314,False,-0.00015037412313697782,2.44140625e-05,True
trial,466,466,465,938.8429062638166,938.8429062638166,938.8420283975324,938.8420283975324,3836,1918,0,0,3836,1918,1791412,895706,4795000.0,4795000.0,2500.0,False,True,3836,1918,0,0,3836,1918,4.8828125e-05,25.421152275650908,-2.1685869514715987,-2.1685869514715987,-2.1685869514715987,False,-0.0004048102768568033,4.8828125e-05,False
trial,467,467,465,938.8421273511145,938.8421273511145,938.8420283975324,938.8420283975324,3836,1918,0,0,3836,1918,1795248,897624,4795000.0,4795000.0,2500.0,False,True,3836,1918,0,0,3836,1918,2.44140625e-05,25.421152275650908,-0.4813966914884653,-0.4813966914884653,-0.4813966914884653,False,-0.00020555517693810184,2.44140625e-05,False
trial,468,468,468,938.8419997898291,938.8419997898291,938.8419997898291,938.8419997898291,3836,1918,0,0,3836,1918,1799084,899542,4795000.0,4795000.0,2500.0,False,True,3836,1918,0,0,3836,1918,1.220703125e-05,25.421152275650908,0.2700215882245498,0.2700215882245498,0.2700215882245498,False,-0.00010594598587007487,1.220703125e-05,True
trial,469,469,468,938.8421583580973,938.8421583580973,938.8419997898291,938.8419997898291,3836,1918,0,0,3836,1918,1802920,901460,4795000.0,4795000.0,2500.0,False,True,3836,1918,0,0,3836,1918,2.44140625e-05,9.577738806165984,-1.0159303500462629,-1.0159303500462629,-1.0159303500462629,False,-0.00015608183007274063,2.44140625e-05,False
trial,470,470,468,938.842000099492,938.842000099492,938.8419997898291,938.8419997898291,3836,1918,0,0,3836,1918,1806756,903378,4795000.0,4795000.0,2500.0,False,True,3836,1918,0,0,3836,1918,1.220703125e-05,9.577738806165984,-0.003947096242429694,-0.003947096242429694,-0.003947096242429694,False,-7.845335356698204e-05,1.220703125e-05,False
trial,471,471,471,938.8419802181264,938.8419802181264,938.8419802181264,938.8419802181264,3836,1918,0,0,3836,1918,1810592,905296,4795000.0,4795000.0,2500.0,False,True,3836,1918,0,0,3836,1918,6.103515625e-06,9.577738806165984,0.49338266379524576,0.49338266379524576,0.49338266379524576,False,-3.966840360111328e-05,6.103515625e-06,True
trial,472,472,471,938.8419886371661,938.8419886371661,938.8419802181264,938.8419802181264,3836,1918,0,0,3836,1918,1814428,907214,4795000.0,4795000.0,2500.0,False,True,3836,1918,0,0,3836,1918,1.220703125e-05,3.049788666883496,-0.20339648422991544,-0.20339648422991544,-0.20339648422991544,False,-4.139225754603201e-05,1.220703125e-05,False
trial,473,473,473,938.8419727177741,938.8419727177741,938.8419727177741,938.8419727177741,3836,1918,0,0,3836,1918,1818264,909132,4795000.0,4795000.0,2500.0,False,True,3836,1918,0,0,3836,1918,6.103515625e-06,3.049788666883496,0.35120950025851977,0.35120950025851977,0.35120950025851977,False,-2.135577866742485e-05,6.103515625e-06,True
trial,474,474,474,938.8419543111297,938.8419543111297,938.8419543111297,938.8419543111297,3836,1918,0,0,3836,1918,1822100,911050,4795000.0,4795000.0,2500.0,False,True,3836,1918,0,0,3836,1918,1.220703125e-05,2.896233366388267,0.3803445417237415,0.3803445417237415,0.3803445417237415,False,-4.8394658891692927e-05,1.220703125e-05,True
trial,475,475,474,938.842073280465,938.842073280465,938.8419543111297,938.8419543111297,3836,1918,0,0,3836,1918,1825936,912968,4795000.0,4795000.0,2500.0,False,True,3836,1918,0,0,3836,1918,2.44140625e-05,8.368948789260637,-1.015158932758476,-1.015158932758476,-1.015158932758476,False,-0.00011719281725335577,2.44140625e-05,False
trial,476,476,476,938.8419488737384,938.8419488737384,938.8419488737384,938.8419488737384,3836,1918,0,0,3836,1918,1829772,914886,4795000.0,4795000.0,2500.0,False,True,3836,1918,0,0,3836,1918,1.220703125e-05,8.368948789260637,0.08954262693086636,0.08954262693086636,0.08954262693086636,False,-6.072405426948198e-05,1.220703125e-05,True
trial,477,477,476,938.8421262478097,938.8421262478097,938.8419488737384,938.8419488737384,3836,1918,0,0,3836,1918,1833608,916804,4795000.0,4795000.0,2500.0,False,True,3836,1918,0,0,3836,1918,2.44140625e-05,8.363360548178504,-1.2360879530890232,-1.2360879530890232,-1.2360879530890232,False,-0.00014349631906862984,2.44140625e-05,False
trial,478,478,476,938.8419565821434,938.8419565821434,938.8419488737384,938.8419488737384,3836,1918,0,0,3836,1918,1837444,918722,4795000.0,4795000.0,2500.0,False,True,3836,1918,0,0,3836,1918,1.220703125e-05,8.363360548178504,-0.10435216690633577,-0.10435216690633577,-0.10435216690633577,False,-7.386914228044748e-05,1.220703125e-05,False
trial,479,479,479,938.8419320995035,938.8419320995035,938.8419320995035,938.8419320995035,3836,1918,0,0,3836,1918,1841280,920640,4795000.0,4795000.0,2500.0,False,True,3836,1918,0,0,3836,1918,6.103515625e-06,8.363360548178504,0.4394467799909827,0.4394467799909827,0.4394467799909827,False,-3.817125440547549e-05,6.103515625e-06,True
trial,480,480,479,938.8419428631851,938.8419428631851,938.8419320995035,938.8419320995035,3836,1918,0,0,3836,1918,1845116,922558,4795000.0,4795000.0,2500.0,False,True,3836,1918,0,0,3836,1918,1.220703125e-05,2.72764835774331,-0.2577778440566965,-0.2577778440566965,-0.2577778440566965,False,-4.1755650371999924e-05,1.220703125e-05,False
trial,481,481,481,938.8419247669744,938.8419247669744,938.8419247669744,938.8419247669744,3836,1918,0,0,3836,1918,1848952,924476,4795000.0,4795000.0,2500.0,False,True,3836,1918,0,0,3836,1918,6.103515625e-06,2.72764835774331,0.34093165121797175,0.34093165121797175,0.34093165121797175,False,-2.1507328720971155e-05,6.103515625e-06,True
trial,482,482,482,938.8419130261695,938.8419130261695,938.8419130261695,938.8419130261695,3836,1918,0,0,3836,1918,1852788,926394,4795000.0,4795000.0,2500.0,False,True,3836,1918,0,0,3836,1918,1.220703125e-05,2.63203567453181,0.28254389657043927,0.28254389657043927,0.28254389657043927,False,-4.155391440461366e-05,1.220703125e-05,True
trial,483,483,482,938.8420908189846,938.8420908189846,938.8419130261695,938.8419130261695,3836,1918,0,0,3836,1918,1856624,928312,4795000.0,4795000.0,2500.0,False,True,3836,1918,0,0,3836,1918,2.44140625e-05,7.745457663728542,-1.3656246053044128,-1.3656246053044128,-1.3656246053044128,False,-0.00013019157268792886,2.44140625e-05,False
trial,484,484,482,938.8419273745924,938.8419273745924,938.8419130261695,938.8419130261695,3836,1918,0,0,3836,1918,1860460,930230,4795000.0,4795000.0,2500.0,False,True,3836,1918,0,0,3836,1918,1.220703125e-05,7.745457663728542,-0.21154821071363777,-0.21154821071363777,-0.21154821071363777,False,-6.782578207126431e-05,1.220703125e-05,False
trial,485,485,485,938.8418991042671,938.8418991042671,938.8418991042671,938.8418991042671,3836,1918,0,0,3836,1918,1864296,932148,4795000.0,4795000.0,2500.0,False,True,3836,1918,0,0,3836,1918,6.103515625e-06,7.745457663728542,0.3967915947973312,0.3967915947973312,0.3967915947973312,False,-3.508618285508516e-05,6.103515625e-06,True
trial,486,486,486,938.8418850989717,938.8418850989717,938.8418850989717,938.8418850989717,3836,1918,0,0,3836,1918,1868132,934066,4795000.0,4795000.0,2500.0,False,True,3836,1918,0,0,3836,1918,1.220703125e-05,2.743413927331195,0.34060457979590886,0.34060457979590886,0.34060457979590886,False,-4.1118928560090535e-05,1.220703125e-05,True
trial,487,487,486,938.8420765137414,938.8420765137414,938.8418850989717,938.8418850989717,3836,1918,0,0,3836,1918,1871968,935984,4795000.0,4795000.0,2500.0,False,True,3836,1918,0,0,3836,1918,2.44140625e-05,7.659267764775889,-1.8321650113014407,-1.8321650113014407,-1.8321650113014407,False,-0.00010447463438460346,2.44140625e-05,False
trial,488,488,486,938.841906908438,938.841906908438,938.8418850989717,938.8418850989717,3836,1918,0,0,3836,1918,1875804,937902,4795000.0,4795000.0,2500.0,False,True,3836,1918,0,0,3836,1918,1.220703125e-05,7.659267764775889,-0.40923032524478453,-0.40923032524478453,-0.40923032524478453,False,-5.3293866353517686e-05,1.220703125e-05,False
trial,489,489,489,938.8418774143256,938.8418774143256,938.8418774143256,938.8418774143256,3836,1918,0,0,3836,1918,1879640,939820,4795000.0,4795000.0,2500.0,False,True,3836,1918,0,0,3836,1918,6.103515625e-06,7.659267764775889,0.280799694155225,0.280799694155225,0.280799694155225,False,-2.736700312344709e-05,6.103515625e-06,True
trial,490,490,489,938.8419055448016,938.8419055448016,938.8418774143256,938.8418774143256,3836,1918,0,0,3836,1918,1883476,941738,4795000.0,4795000.0,2500.0,False,True,3836,1918,0,0,3836,1918,1.220703125e-05,2.929281149720693,-0.5636162592353073,-0.5636162592353073,-0.5636162592353073,False,-4.9910689371150294e-05,1.220703125e-05,False
trial,491,491,491,938.8418723450775,938.8418723450775,938.8418723450775,938.8418723450775,3836,1918,0,0,3836,1918,1887312,943656,4795000.0,4795000.0,2500.0,False,True,3836,1918,0,0,3836,1918,6.103515625e-06,2.929281149720693,0.19776298706279954,0.19776298706279954,0.19776298706279954,False,-2.563294675839217e-05,6.103515625e-06,True
trial,492,492,491,938.8419133720813,938.8419133720813,938.8418723450775,938.8418723450775,3836,1918,0,0,3836,1918,1891148,945574,4795000.0,4795000.0,2500.0,False,True,3836,1918,0,0,3836,1918,1.220703125e-05,2.880423027853028,-1.0740778907662707,-1.0740778907662707,-1.0740778907662707,False,-3.819741954477116e-05,1.220703125e-05,False
trial,493,493,491,938.8418729173677,938.8418729173677,938.8418723450775,938.8418723450775,3836,1918,0,0,3836,1918,1894984,947492,4795000.0,4795000.0,2500.0,False,True,3836,1918,0,0,3836,1918,6.103515625e-06,2.880423027853028,-0.028761709955151815,-0.028761709955151815,-0.028761709955151815,False,-1.989764237461177e-05,6.103515625e-06,False
trial,494,494,494,938.8418674267696,938.8418674267696,938.8418674267696,938.8418674267696,3836,1918,0,0,3836,1918,1898820,949410,4795000.0,4795000.0,2500.0,False,True,3836,1918,0,0,3836,1918,3.0517578125e-06,2.880423027853028,0.47620763103585484,0.47620763103585484,0.47620763103585484,False,-1.0328074566989546e-05,3.0517578125e-06,True
trial,495,495,495,938.8418618051738,938.8418618051738,938.8418618051738,938.8418618051738,3836,1918,0,0,3836,1918,1902656,951328,4795000.0,4795000.0,2500.0,False,True,3836,1918,0,0,3836,1918,6.103515625e-06,1.167892607350531,0.4626550452222123,0.4626550452222123,0.4626550452222123,False,-1.2150728260660399e-05,6.103515625e-06,True
trial,496,496,495,938.8418975537396,938.8418975537396,938.8418618051738,938.8418618051738,3836,1918,0,0,3836,1918,1906492,953246,4795000.0,4795000.0,2500.0,False,True,3836,1918,0,0,3836,1918,1.220703125e-05,2.3473616822184935,-0.951610669752175,-0.951610669752175,-0.951610669752175,False,-3.756637763216092e-05,1.220703125e-05,False
trial,497,497,497,938.841861588765,938.841861588765,938.841861588765,938.841861588765,3836,1918,0,0,3836,1918,1910328,955164,4795000.0,4795000.0,2500.0,False,True,3836,1918,0,0,3836,1918,6.103515625e-06,2.3473616822184935,0.011266369082807346,0.011266369082807346,0.011266369082807346,False,-1.920838965314041e-05,6.103515625e-06,True
trial,498,498,498,938.8418544876187,938.8418544876187,938.8418544876187,938.8418544876187,3836,1918,0,0,3836,1918,1914164,957082,4795000.0,4795000.0,2500.0,False,True,3836,1918,0,0,3836,1918,3.0517578125e-06,2.765897077358053,0.5712197872584005,0.5712197872584005,0.5712197872584005,False,-1.2431548283931276e-05,3.0517578125e-06,True
trial,499,499,499,938.8418463436444,938.8418463436444,938.8418463436444,938.8418463436444,3836,1918,0,0,3836,1918,1918000,959000,4795000.0,4795000.0,2500.0,False,True,3836,1918,0,0,3836,1918,6.103515625e-06,1.3210917637742017,0.5500399356758429,0.5500399356758429,0.5500399356758429,False,-1.4806150814560728e-05,6.103515625e-06,True
trial,500,500,499,938.8418688716332,938.8418688716332,938.8418463436444,938.8418463436444,3836,1918,0,0,3836,1918,1921836,960918,4795000.0,4795000.0,2500.0,False,True,3836,1918,0,0,3836,1918,1.220703125e-05,2.0865408430237578,-0.7935834547717928,-0.7935834547717928,-0.7935834547717928,False,-2.8387674484049078e-05,1.220703125e-05,False
trial,501,501,501,938.8418456193613,938.8418456193613,938.8418456193613,938.8418456193613,3836,1918,0,0,3836,1918,1925672,962836,4795000.0,4795000.0,2500.0,False,True,3836,1918,0,0,3836,1918,6.103515625e-06,2.0865408430237578,0.05058546129531365,0.05058546129531365,0.05058546129531365,False,-1.4318010270036016e-05,6.103515625e-06,True
trial,502,502,501,938.841880167892,938.841880167892,938.8418456193613,938.8418456193613,3836,1918,0,0,3836,1918,1929508,964754,4795000.0,4795000.0,2500.0,False,True,3836,1918,0,0,3836,1918,1.220703125e-05,2.2087433065921664,-0.8359254980050996,-0.8359254980050996,-0.8359254980050996,False,-4.13296768709189e-05,1.220703125e-05,False
trial,503,503,503,938.8418437259058,938.8418437259058,938.8418437259058,938.8418437259058,3836,1918,0,0,3836,1918,1933344,966672,4795000.0,4795000.0,2500.0,False,True,3836,1918,0,0,3836,1918,6.103515625e-06,2.2087433065921664,0.09076018143609296,0.09076018143609296,0.09076018143609296,False,-2.086218195206157e-05,6.103515625e-06,True
trial,504,504,503,938.841876970255,938.841876970255,938.8418437259058,938.8418437259058,3836,1918,0,0,3836,1918,1937180,968590,4795000.0,4795000.0,2500.0,False,True,3836,1918,0,0,3836,1918,1.220703125e-05,2.278289435791541,-0.7780999477138977,-0.7780999477138977,-0.7780999477138977,False,-4.272503718156235e-05,1.220703125e-05,False
trial,505,505,505,938.8418411358379,938.8418411358379,938.8418411358379,938.8418411358379,3836,1918,0,0,3836,1918,1941016,970508,4795000.0,4795000.0,2500.0,False,True,3836,1918,0,0,3836,1918,6.103515625e-06,2.278289435791541,0.11998315344205102,0.11998315344205102,0.11998315344205102,False,-2.158693048703763e-05,6.103515625e-06,True
trial,506,506,505,938.8418735434052,938.8418735434052,938.8418411358379,938.8418411358379,3836,1918,0,0,3836,1918,1944852,972426,4795000.0,4795000.0,2500.0,False,True,3836,1918,0,0,3836,1918,1.220703125e-05,2.3772505446971355,-0.785787792133454,-0.785787792133454,-0.785787792133454,False,-4.124213645281813e-05,1.220703125e-05,False
trial,507,507,507,938.8418393028438,938.8418393028438,938.8418393028438,938.8418393028438,3836,1918,0,0,3836,1918,1948688,974344,4795000.0,4795000.0,2500.0,False,True,3836,1918,0,0,3836,1918,6.103515625e-06,2.3772505446971355,0.08775940421060753,0.08775940421060753,0.08775940421060753,False,-2.088658243324624e-05,6.103515625e-06,True
trial,508,508,507,938.8418726305582,938.8418726305582,938.8418393028438,938.8418393028438,3836,1918,0,0,3836,1918,1952524,976262,4795000.0,4795000.0,2500.0,False,True,3836,1918,0,0,3836,1918,1.220703125e-05,2.328832304233283,-0.7715266217702474,-0.7715266217702474,-0.7715266217702474,False,-4.319710227812703e-05,1.220703125e-05,False
trial,509,509,509,938.8418368852571,938.8418368852571,938.8418368852571,938.8418368852571,3836,1918,0,0,3836,1918,1956360,978180,4795000.0,4795000.0,2500.0,False,True,3836,1918,0,0,3836,1918,6.103515625e-06,2.328832304233283,0.1109206919566816,0.1109206919566816,0.1109206919566816,False,-2.179563356410283e-05,6.103515625e-06,True
trial,510,510,509,938.8418701740793,938.8418701740793,938.8418368852571,938.8418368852571,3836,1918,0,0,3836,1918,1960196,980098,4795000.0,4795000.0,2500.0,False,True,3836,1918,0,0,3836,1918,1.220703125e-05,2.4841270649280434,-0.7933318202459435,-0.7933318202459435,-0.7933318202459435,False,-4.196078032908033e-05,1.220703125e-05,False
trial,511,511,511,938.8418353775842,938.8418353775842,938.8418353775842,938.8418353775842,3836,1918,0,0,3836,1918,1964032,982016,4795000.0,4795000.0,2500.0,False,True,3836,1918,0,0,3836,1918,6.103515625e-06,2.4841270649280434,0.0701805371220971,0.0701805371220971,0.0701805371220971,False,-2.1482777893220845e-05,6.103515625e-06,True
trial,512,512,511,938.8418696709963,938.8418696709963,938.8418353775842,938.8418353775842,3836,1918,0,0,3836,1918,1967868,983934,4795000.0,4795000.0,2500.0,False,True,3836,1918,0,0,3836,1918,1.220703125e-05,2.8642592317182984,-0.7663706094859452,-0.7663706094859452,-0.7663706094859452,False,-4.474781742554935e-05,1.220703125e-05,False
trial,513,513,513,938.8418328218906,938.8418328218906,938.8418328218906,938.8418328218906,3836,1918,0,0,3836,1918,1971704,985852,4795000.0,4795000.0,2500.0,False,True,3836,1918,0,0,3836,1918,6.103515625e-06,2.8642592317182984,0.11176756871885069,0.11176756871885069,0.11176756871885069,False,-2.2866145844664302e-05,6.103515625e-06,True
trial,514,514,513,938.8418667511035,938.8418667511035,938.8418328218906,938.8418328218906,3836,1918,0,0,3836,1918,1975540,987770,4795000.0,4795000.0,2500.0,False,True,3836,1918,0,0,3836,1918,1.220703125e-05,2.975096263394103,-0.7953951559046556,-0.7953951559046556,-0.7953951559046556,False,-4.2657052350364076e-05,1.220703125e-05,False
trial,515,515,515,938.8418311573353,938.8418311573353,938.8418311573353,938.8418311573353,3836,1918,0,0,3836,1918,1979376,989688,4795000.0,4795000.0,2500.0,False,True,3836,1918,0,0,3836,1918,6.103515625e-06,2.975096263394103,0.07565324966374551,0.07565324966374551,0.07565324966374551,False,-2.2002430716378024e-05,6.103515625e-06,True
trial,516,516,515,938.8418656210235,938.8418656210235,938.8418311573353,938.8418311573353,3836,1918,0,0,3836,1918,1983212,991606,4795000.0,4795000.0,2500.0,False,True,3836,1918,0,0,3836,1918,1.220703125e-05,2.878136747827246,-0.7674898086589255,-0.7674898086589255,-0.7674898086589255,False,-4.490442464676417e-05,1.220703125e-05,False
trial,517,517,517,938.8418285757157,938.8418285757157,938.8418285757157,938.8418285757157,3836,1918,0,0,3836,1918,1987048,993524,4795000.0,4795000.0,2500.0,False,True,3836,1918,0,0,3836,1918,6.103515625e-06,2.878136747827246,0.1113257476905681,0.1113257476905681,0.1113257476905681,False,-2.3189779871707453e-05,6.103515625e-06,True
trial,518,518,517,938.8418629870212,938.8418629870212,938.8418285757157,938.8418285757157,3836,1918,0,0,3836,1918,1990884,995442,4795000.0,4795000.0,2500.0,False,True,3836,1918,0,0,3836,1918,1.220703125e-05,2.772635801243677,-0.797305058969753,-0.797305058969753,-0.797305058969753,False,-4.315952230687358e-05,1.220703125e-05,False
trial,519,519,519,938.8418268785372,938.8418268785372,938.8418268785372,938.8418268785372,3836,1918,0,0,3836,1918,1994720,997360,4795000.0,4795000.0,2500.0,False,True,3836,1918,0,0,3836,1918,6.103515625e-06,2.772635801243677,0.07590416020369994,0.07590416020369994,0.07590416020369994,False,-2.2359492547523435e-05,6.103515625e-06,True
trial,520,520,519,938.8418613749905,938.8418613749905,938.8418268785372,938.8418268785372,3836,1918,0,0,3836,1918,1998556,999278,4795000.0,4795000.0,2500.0,False,True,3836,1918,0,0,3836,1918,1.220703125e-05,2.8969862451060737,-0.7619382830241923,-0.7619382830241923,-0.7619382830241923,False,-4.5274603009240835e-05,1.220703125e-05,False
trial,521,521,521,938.84182420043,938.84182420043,938.84182420043,938.84182420043,3836,1918,0,0,3836,1918,2002392,1001196,4795000.0,4795000.0,2500.0,False,True,3836,1918,0,0,3836,1918,6.103515625e-06,2.8969862451060737,0.11431917097684142,0.11431917097684142,0.11431917097684142,False,-2.3426579906970357e-05,6.103515625e-06,True
trial,522,522,521,938.8418571922807,938.8418571922807,938.84182420043,938.84182420043,3836,1918,0,0,3836,1918,2006228,1003114,4795000.0,4795000.0,2500.0,False,True,3836,1918,0,0,3836,1918,1.220703125e-05,2.731702865969303,-0.7717247154285822,-0.7717247154285822,-0.7717247154285822,False,-4.275080228854152e-05,1.220703125e-05,False
trial,523,523,523,938.8418223878384,938.8418223878384,938.8418223878384,938.8418223878384,3836,1918,0,0,3836,1918,2010064,1005032,4795000.0,4795000.0,2500.0,False,True,3836,1918,0,0,3836,1918,6.103515625e-06,2.731702865969303,0.08110782107858287,0.08110782107858287,0.08110782107858287,False,-2.234792574824653e-05,6.103515625e-06,True
trial,524,524,523,938.8418560398732,938.8418560398732,938.8418223878384,938.8418223878384,3836,1918,0,0,3836,1918,2013900,1006950,4795000.0,4795000.0,2500.0,False,True,3836,1918,0,0,3836,1918,1.220703125e-05,2.890994849112541,-0.7469297864644233,-0.7469297864644233,-0.7469297864644233,False,-4.5053812760477034e-05,1.220703125e-05,False
trial,525,525,525,938.8418198524827,938.8418198524827,938.8418198524827,938.8418198524827,3836,1918,0,0,3836,1918,2017736,1008868,4795000.0,4795000.0,2500.0,False,True,3836,1918,0,0,3836,1918,6.103515625e-06,2.890994849112541,0.10930611398257833,0.10930611398257833,0.10930611398257833,False,-2.3195003968143465e-05,6.103515625e-06,True
trial,526,526,525,938.8418557468921,938.8418557468921,938.8418198524827,938.8418198524827,3836,1918,0,0,3836,1918,2021572,1010786,4795000.0,4795000.0,2500.0,False,True,3836,1918,0,0,3836,1918,1.220703125e-05,4.732068006422663,-0.8278264982468951,-0.8278264982468951,-0.8278264982468951,False,-4.335982173708696e-05,1.220703125e-05,False
trial,527,527,527,938.8418180778284,938.8418180778284,938.8418180778284,938.8418180778284,3836,1918,0,0,3836,1918,2025408,1012704,4795000.0,4795000.0,2500.0,False,True,3836,1918,0,0,3836,1918,6.103515625e-06,4.732068006422663,0.07900261615331175,0.07900261615331175,0.07900261615331175,False,-2.246323415258368e-05,6.103515625e-06,True
trial,528,528,527,938.8418523743962,938.8418523743962,938.8418180778284,938.8418180778284,3836,1918,0,0,3836,1918,2029244,1014622,4795000.0,4795000.0,2500.0,False,True,3836,1918,0,0,3836,1918,1.220703125e-05,3.271739812114433,-0.7606262213538311,-0.7606262213538311,-0.7606262213538311,False,-4.508990995837799e-05,1.220703125e-05,False
trial,529,529,529,938.8418154904118,938.8418154904118,938.8418154904118,938.8418154904118,3836,1918,0,0,3836,1918,2033080,1016540,4795000.0,4795000.0,2500.0,False,True,3836,1918,0,0,3836,1918,6.103515625e-06,3.271739812114433,0.11091272065858339,0.11091272065858339,0.11091272065858339,False,-2.3328402487794755e-05,6.103515625e-06,True
trial,530,530,529,938.8418509068124,938.8418509068124,938.8418154904118,938.8418154904118,3836,1918,0,0,3836,1918,2036916,1018458,4795000.0,4795000.0,2500.0,False,True,3836,1918,0,0,3836,1918,1.220703125e-05,2.8166572648951487,-0.819576638216172,-0.819576638216172,-0.819576638216172,False,-4.3213043084725127e-05,1.220703125e-05,False
trial,531,531,531,938.8418137202409,938.8418137202409,938.8418137202409,938.8418137202409,3836,1918,0,0,3836,1918,2040752,1020376,4795000.0,4795000.0,2500.0,False,True,3836,1918,0,0,3836,1918,6.103515625e-06,2.8166572648951487,0.07881456938053877,0.07881456938053877,0.07881456938053877,False,-2.2459945224584834e-05,6.103515625e-06,True
trial,532,532,531,938.8418478696094,938.8418478696094,938.8418137202409,938.8418137202409,3836,1918,0,0,3836,1918,2044588,1022294,4795000.0,4795000.0,2500.0,False,True,3836,1918,0,0,3836,1918,1.220703125e-05,2.5420251018401108,-0.7536409771056413,-0.7536409771056413,-0.7536409771056413,False,-4.5312515561345734e-05,1.220703125e-05,False
trial,533,533,533,938.8418111904668,938.8418111904668,938.8418111904668,938.8418111904668,3836,1918,0,0,3836,1918,2048424,1024212,4795000.0,4795000.0,2500.0,False,True,3836,1918,0,0,3836,1918,6.103515625e-06,2.5420251018401108,0.10834139269395383,0.10834139269395383,0.10834139269395383,False,-2.3350023495108777e-05,6.103515625e-06,True
trial,534,534,533,938.8418472734372,938.8418472734372,938.8418111904668,938.8418111904668,3836,1918,0,0,3836,1918,2052260,1026130,4795000.0,4795000.0,2500.0,False,True,3836,1918,0,0,3836,1918,1.220703125e-05,2.826313486997208,-0.8329322597547466,-0.8329322597547466,-0.8329322597547466,False,-4.332041406691566e-05,1.220703125e-05,False
trial,535,535,535,938.84180939148,938.84180939148,938.84180939148,938.84180939148,3836,1918,0,0,3836,1918,2056096,1028048,4795000.0,4795000.0,2500.0,False,True,3836,1918,0,0,3836,1918,6.103515625e-06,2.826313486997208,0.07988107715259471,0.07988107715259471,0.07988107715259471,False,-2.2520814073816348e-05,6.103515625e-06,True
trial,536,536,535,938.8418438055276,938.8418438055276,938.84180939148,938.84180939148,3836,1918,0,0,3836,1918,2059932,1029966,4795000.0,4795000.0,2500.0,False,True,3836,1918,0,0,3836,1918,1.220703125e-05,3.1660579677141407,-0.7663839991299926,-0.7663839991299926,-0.7663839991299926,False,-4.490444430413638e-05,1.220703125e-05,False
trial,537,537,537,938.8418068030637,938.8418068030637,938.8418068030637,938.8418068030637,3836,1918,0,0,3836,1918,2063768,1031884,4795000.0,4795000.0,2500.0,False,True,3836,1918,0,0,3836,1918,6.103515625e-06,3.1660579677141407,0.1111435109482648,0.1111435109482648,0.1111435109482648,False,-2.3288955106958303e-05,6.103515625e-06,True
trial,538,538,537,938.841842677406,938.841842677406,938.8418068030637,938.8418068030637,3836,1918,0,0,3836,1918,2067604,1033802,4795000.0,4795000.0,2500.0,False,True,3836,1918,0,0,3836,1918,1.220703125e-05,2.712564265763038,-0.829830177671339,-0.829830177671339,-0.829830177671339,False,-4.323094443587554e-05,1.220703125e-05,False
trial,539,539,539,938.8418051376902,938.8418051376902,938.8418051376902,938.8418051376902,3836,1918,0,0,3836,1918,2071440,1035720,4795000.0,4795000.0,2500.0,False,True,3836,1918,0,0,3836,1918,6.103515625e-06,2.712564265763038,0.07450265523915961,0.07450265523915961,0.07450265523915961,False,-2.2353209685395367e-05,6.103515625e-06,True
trial,540,540,539,938.8418393358202,938.8418393358202,938.8418051376902,938.8418051376902,3836,1918,0,0,3836,1918,2075276,1037638,4795000.0,4795000.0,2500.0,False,True,3836,1918,0,0,3836,1918,1.220703125e-05,3.5592184247918603,-0.7541160683147002,-0.7541160683147002,-0.7541160683147002,False,-4.534862915832093e-05,1.220703125e-05,False
trial,541,541,541,938.8418024782134,938.8418024782134,938.8418024782134,938.8418024782134,3836,1918,0,0,3836,1918,2079112,1039556,4795000.0,4795000.0,2500.0,False,True,3836,1918,0,0,3836,1918,6.103515625e-06,3.5592184247918603,0.11386571992376625,0.11386571992376625,0.11386571992376625,False,-2.3356255760937753e-05,6.103515625e-06,True
trial,542,542,541,938.8418380502004,938.8418380502004,938.8418024782134,938.8418024782134,3836,1918,0,0,3836,1918,2082948,1041474,4795000.0,4795000.0,2500.0,False,True,3836,1918,0,0,3836,1918,1.220703125e-05,2.7076642427590616,-0.8259134932807959,-0.8259134932807959,-0.8259134932807959,False,-4.306987030807621e-05,1.220703125e-05,False
trial,543,543,543,938.8418007768425,938.8418007768425,938.8418007768425,938.8418007768425,3836,1918,0,0,3836,1918,2086784,1043392,4795000.0,4795000.0,2500.0,False,True,3836,1918,0,0,3836,1918,6.103515625e-06,2.7076642427590616,0.07639498622328732,0.07639498622328732,0.07639498622328732,False,-2.227071309700493e-05,6.103515625e-06,True
trial,544,544,543,938.8418338609927,938.8418338609927,938.8418007768425,938.8418007768425,3836,1918,0,0,3836,1918,2090620,1045310,4795000.0,4795000.0,2500.0,False,True,3836,1918,0,0,3836,1918,1.220703125e-05,2.5563977039408505,-0.7391542598965144,-0.7391542598965144,-0.7391542598965144,False,-4.4759466207755665e-05,1.220703125e-05,False
trial,545,545,545,938.8417981811976,938.8417981811976,938.8417981811976,938.8417981811976,3836,1918,0,0,3836,1918,2094456,1047228,4795000.0,4795000.0,2500.0,False,True,3836,1918,0,0,3836,1918,6.103515625e-06,2.5563977039408505,0.11165526078672822,0.11165526078672822,0.11165526078672822,False,-2.3246955696529863e-05,6.103515625e-06,True
trial,546,546,545,938.8418343768066,938.8418343768066,938.8417981811976,938.8417981811976,3836,1918,0,0,3836,1918,2098292,1049146,4795000.0,4795000.0,2500.0,False,True,3836,1918,0,0,3836,1918,1.220703125e-05,3.1742194698062725,-0.8454773357497338,-0.8454773357497338,-0.8454773357497338,False,-4.281085652232371e-05,1.220703125e-05,False
trial,547,547,547,938.8417964522412,938.8417964522412,938.8417964522412,938.8417964522412,3836,1918,0,0,3836,1918,2102128,1051064,4795000.0,4795000.0,2500.0,False,True,3836,1918,0,0,3836,1918,6.103515625e-06,3.1742194698062725,0.07771273853671042,0.07771273853671042,0.07771273853671042,False,-2.2248044647629297e-05,6.103515625e-06,True
trial,548,548,547,938.8418305388608,938.8418305388608,938.8417964522412,938.8417964522412,3836,1918,0,0,3836,1918,2105964,1052982,4795000.0,4795000.0,2500.0,False,True,3836,1918,0,0,3836,1918,1.220703125e-05,2.8204828894694147,-0.7578242124716841,-0.7578242124716841,-0.7578242124716841,False,-4.497958637392383e-05,1.220703125e-05,False
trial,549,549,549,938.8417939793628,938.8417939793628,938.8417939793628,938.8417939793628,3836,1918,0,0,3836,1918,2109800,1054900,4795000.0,4795000.0,2500.0,False,True,3836,1918,0,0,3836,1918,6.103515625e-06,2.8204828894694147,0.10697981110298699,0.10697981110298699,0.10697981110298699,False,-2.3115374056043953e-05,6.103515625e-06,True
trial,550,550,549,938.8418298835876,938.8418298835876,938.8417939793628,938.8417939793628,3836,1918,0,0,3836,1918,2113636,1056818,4795000.0,4795000.0,2500.0,False,True,3836,1918,0,0,3836,1918,1.220703125e-05,2.5581385355052064,-0.8367314994869168,-0.8367314994869168,-0.8367314994869168,False,-4.2910090985874346e-05,1.220703125e-05,False
trial,551,551,551,938.8417922606086,938.8417922606086,938.8417922606086,938.8417922606086,3836,1918,0,0,3836,1918,2117472,1058736,4795000.0,4795000.0,2500.0,False,True,3836,1918,0,0,3836,1918,6.103515625e-06,2.5581385355052064,0.07685401865172965,0.07685401865172965,0.07685401865172965,False,-2.236388220147361e-05,6.103515625e-06,True
trial,552,552,551,938.8418264046352,938.8418264046352,938.8417922606086,938.8417922606086,3836,1918,0,0,3836,1918,2121308,1060654,4795000.0,4795000.0,2500.0,False,True,3836,1918,0,0,3836,1918,1.220703125e-05,2.8044827426837635,-0.7557272741275315,-0.7557272741275315,-0.7557272741275315,False,-4.518035507591644e-05,1.220703125e-05,False
trial,553,553,553,938.8417897535057,938.8417897535057,938.8417897535057,938.8417897535057,3836,1918,0,0,3836,1918,2125144,1062572,4795000.0,4795000.0,2500.0,False,True,3836,1918,0,0,3836,1918,6.103515625e-06,2.8044827426837635,0.1077161259771991,0.1077161259771991,0.1077161259771991,False,-2.327509312414886e-05,6.103515625e-06,True
trial,554,554,553,938.8418258749514,938.8418258749514,938.8417897535057,938.8417897535057,3836,1918,0,0,3836,1918,2128980,1064490,4795000.0,4795000.0,2500.0,False,True,3836,1918,0,0,3836,1918,1.220703125e-05,2.7646488818456136,-0.8355741060662621,-0.8355741060662621,-0.8355741060662621,False,-4.3229493810171636e-05,1.220703125e-05,False
trial,555,555,555,938.8417880594811,938.8417880594811,938.8417880594811,938.8417880594811,3836,1918,0,0,3836,1918,2132816,1066408,4795000.0,4795000.0,2500.0,False,True,3836,1918,0,0,3836,1918,6.103515625e-06,2.7646488818456136,0.07568416820686241,0.07568416820686241,0.07568416820686241,False,-2.2382813265760125e-05,6.103515625e-06,True
trial,556,556,555,938.8418221991204,938.8418221991204,938.8417880594811,938.8417880594811,3836,1918,0,0,3836,1918,2136652,1068326,4795000.0,4795000.0,2500.0,False,True,3836,1918,0,0,3836,1918,1.220703125e-05,2.9573821110514062,-0.754702208388367,-0.754702208388367,-0.754702208388367,False,-4.523590751083858e-05,1.220703125e-05,False
trial,557,557,557,938.8417855581,938.8417855581,938.8417855581,938.8417855581,3836,1918,0,0,3836,1918,2140488,1070244,4795000.0,4795000.0,2500.0,False,True,3836,1918,0,0,3836,1918,6.103515625e-06,2.9573821110514062,0.1071858583208672,0.1071858583208672,0.1071858583208672,False,-2.3336857654748966e-05,6.103515625e-06,True
trial,558,558,557,938.8418214341979,938.8418214341979,938.8417855581,938.8417855581,3836,1918,0,0,3836,1918,2144324,1072162,4795000.0,4795000.0,2500.0,False,True,3836,1918,0,0,3836,1918,1.220703125e-05,2.7557465579395433,-0.8314379172153396,-0.8314379172153396,-0.8314379172153396,False,-4.314946084540753e-05,1.220703125e-05,False
trial,559,559,559,938.8417837661118,938.8417837661118,938.8417837661118,938.8417837661118,3836,1918,0,0,3836,1918,2148160,1074080,4795000.0,4795000.0,2500.0,False,True,3836,1918,0,0,3836,1918,6.103515625e-06,2.7557465579395433,0.07971232488579344,0.07971232488579344,0.07971232488579344,False,-2.2480691834295718e-05,6.103515625e-06,True
trial,560,560,559,938.8418178258612,938.8418178258612,938.8417837661118,938.8417837661118,3836,1918,0,0,3836,1918,2151996,1075998,4795000.0,4795000.0,2500.0,False,True,3836,1918,0,0,3836,1918,1.220703125e-05,2.9172706881992134,-0.7556235767044988,-0.7556235767044988,-0.7556235767044988,False,-4.507502206920235e-05,1.220703125e-05,False
trial,561,561,561,938.8417811899899,938.8417811899899,938.8417811899899,938.8417811899899,3836,1918,0,0,3836,1918,2155832,1077916,4795000.0,4795000.0,2500.0,False,True,3836,1918,0,0,3836,1918,6.103515625e-06,2.9172706881992134,0.11118408277924768,0.11118408277924768,0.11118408277924768,False,-2.3169880530595206e-05,6.103515625e-06,True
trial,562,562,561,938.8418165653288,938.8418165653288,938.8417811899899,938.8417811899899,3836,1918,0,0,3836,1918,2159668,1079834,4795000.0,4795000.0,2500.0,False,True,3836,1918,0,0,3836,1918,1.220703125e-05,2.7755844868687807,-0.8303345859797269,-0.8303345859797269,-0.8303345859797269,False,-4.260371606381739e-05,1.220703125e-05,False
trial,563,563,563,938.8417795267286,938.8417795267286,938.8417795267286,938.8417795267286,3836,1918,0,0,3836,1918,2163504,1081752,4795000.0,4795000.0,2500.0,False,True,3836,1918,0,0,3836,1918,6.103515625e-06,2.7755844868687807,0.07506113818696895,0.07506113818696895,0.07506113818696895,False,-2.2158753878453394e-05,6.103515625e-06,True
trial,564,564,563,938.8418136127328,938.8418136127328,938.8417795267286,938.8417795267286,3836,1918,0,0,3836,1918,2167340,1083670,4795000.0,4795000.0,2500.0,False,True,3836,1918,0,0,3836,1918,1.220703125e-05,2.464243810395751,-0.7586938382101492,-0.7586938382101492,-0.7586938382101492,False,-4.4927219014565014e-05,1.220703125e-05,False
trial,565,565,565,938.8417770343615,938.8417770343615,938.8417770343615,938.8417770343615,3836,1918,0,0,3836,1918,2171176,1085588,4795000.0,4795000.0,2500.0,False,True,3836,1918,0,0,3836,1918,6.103515625e-06,2.464243810395751,0.10777652763777867,0.10777652763777867,0.10777652763777867,False,-2.3125323953870382e-05,6.103515625e-06,True
trial,566,566,565,938.8418133222176,938.8418133222176,938.8417770343615,938.8417770343615,3836,1918,0,0,3836,1918,2175012,1087506,4795000.0,4795000.0,2500.0,False,True,3836,1918,0,0,3836,1918,1.220703125e-05,2.7066288511693917,-0.8445456547337885,-0.8445456547337885,-0.8445456547337885,False,-4.296731137705828e-05,1.220703125e-05,False
trial,567,567,567,938.8417753454951,938.8417753454951,938.8417753454951,938.8417753454951,3836,1918,0,0,3836,1918,2178848,1089424,4795000.0,4795000.0,2500.0,False,True,3836,1918,0,0,3836,1918,6.103515625e-06,2.7066288511693917,0.0759024476329057,0.0759024476329057,0.0759024476329057,False,-2.2250486744716092e-05,6.103515625e-06,True
trial,568,568,567,938.8418079953161,938.8418079953161,938.8417753454951,938.8417753454951,3836,1918,0,0,3836,1918,2182684,1091342,4795000.0,4795000.0,2500.0,False,True,3836,1918,0,0,3836,1918,1.220703125e-05,2.8598102020330716,-0.7329438406171288,-0.7329438406171288,-0.7329438406171288,False,-4.4546142866172604e-05,1.220703125e-05,False
trial,569,569,569,938.8417729051753,938.8417729051753,938.8417729051753,938.8417729051753,3836,1918,0,0,3836,1918,2186520,1093260,4795000.0,4795000.0,2500.0,False,True,3836,1918,0,0,3836,1918,6.103515625e-06,2.8598102020330716,0.10543415281296344,0.10543415281296344,0.10543415281296344,False,-2.3145439489024904e-05,6.103515625e-06,True
trial,570,570,569,938.8418093658922,938.8418093658922,938.8417729051753,938.8417729051753,3836,1918,0,0,3836,1918,2190356,1095178,4795000.0,4795000.0,2500.0,False,True,3836,1918,0,0,3836,1918,1.220703125e-05,2.5478457986052403,-0.8489426189884898,-0.8489426189884898,-0.8489426189884898,False,-4.2948387959702974e-05,1.220703125e-05,False
trial,571,571,571,938.8417711181924,938.8417711181924,938.8417711181924,938.8417711181924,3836,1918,0,0,3836,1918,2194192,1097096,4795000.0,4795000.0,2500.0,False,True,3836,1918,0,0,3836,1918,6.103515625e-06,2.5478457986052403,0.07991182651219868,0.07991182651219868,0.07991182651219868,False,-2.2361933129830646e-05,6.103515625e-06,True
trial,572,572,571,938.8418033551428,938.8418033551428,938.8417711181924,938.8417711181924,3836,1918,0,0,3836,1918,2198028,1099014,4795000.0,4795000.0,2500.0,False,True,3836,1918,0,0,3836,1918,1.220703125e-05,4.751594940569835,-0.7212281368433147,-0.7212281368433147,-0.7212281368433147,False,-4.4697300082147576e-05,1.220703125e-05,False
trial,573,573,573,938.8417686725488,938.8417686725488,938.8417686725488,938.8417686725488,3836,1918,0,0,3836,1918,2201864,1100932,4795000.0,4795000.0,2500.0,False,True,3836,1918,0,0,3836,1918,6.103515625e-06,4.751594940569835,0.10614399779178996,0.10614399779178996,0.10614399779178996,False,-2.304080854428722e-05,6.103515625e-06,True
trial,574,574,573,938.8418048716607,938.8418048716607,938.8417686725488,938.8417686725488,3836,1918,0,0,3836,1918,2205700,1102850,4795000.0,4795000.0,2500.0,False,True,3836,1918,0,0,3836,1918,1.220703125e-05,3.102460376394446,-0.8415591882558222,-0.8415591882558222,-0.8415591882558222,False,-4.301433854881544e-05,1.220703125e-05,False
trial,575,575,575,938.8417670382145,938.8417670382145,938.8417670382145,938.8417670382145,3836,1918,0,0,3836,1918,2209536,1104768,4795000.0,4795000.0,2500.0,False,True,3836,1918,0,0,3836,1918,6.103515625e-06,3.102460376394446,0.0733393606830163,0.0733393606830163,0.0733393606830163,False,-2.228454595136469e-05,6.103515625e-06,True
trial,576,576,575,938.841801165164,938.841801165164,938.8417670382145,938.8417670382145,3836,1918,0,0,3836,1918,2213372,1106686,4795000.0,4795000.0,2500.0,False,True,3836,1918,0,0,3836,1918,1.220703125e-05,2.8968103549279314,-0.7564356348203064,-0.7564356348203064,-0.7564356348203064,False,-4.511547050551402e-05,1.220703125e-05,False
trial,577,577,577,938.8417645406565,938.8417645406565,938.8417645406565,938.8417645406565,3836,1918,0,0,3836,1918,2217208,1108604,4795000.0,4795000.0,2500.0,False,True,3836,1918,0,0,3836,1918,6.103515625e-06,2.8968103549279314,0.10739751226851164,0.10739751226851164,0.10739751226851164,False,-2.3255268123214227e-05,6.103515625e-06,True
trial,578,578,577,938.8418009052532,938.8418009052532,938.8417645406565,938.8417645406565,3836,1918,0,0,3836,1918,2221044,1110522,4795000.0,4795000.0,2500.0,False,True,3836,1918,0,0,3836,1918,1.220703125e-05,3.103581151371579,-0.8453307675893664,-0.8453307675893664,-0.8453307675893664,False,-4.301818656255428e-05,1.220703125e-05,False
trial,579,579,579,938.8417628811522,938.8417628811522,938.8417628811522,938.8417628811522,3836,1918,0,0,3836,1918,2224880,1112440,4795000.0,4795000.0,2500.0,False,True,3836,1918,0,0,3836,1918,6.103515625e-06,3.103581151371579,0.07422683598312935,0.07422683598312935,0.07422683598312935,False,-2.2357200815788765e-05,6.103515625e-06,True
trial,580,580,579,938.8417972714626,938.8417972714626,938.8417628811522,938.8417628811522,3836,1918,0,0,3836,1918,2228716,1114358,4795000.0,4795000.0,2500.0,False,True,3836,1918,0,0,3836,1918,1.220703125e-05,2.9863120610350586,-0.7660507786334856,-0.7660507786334856,-0.7660507786334856,False,-4.4892990543758585e-05,1.220703125e-05,False
trial,581,581,581,938.8417602697086,938.8417602697086,938.8417602697086,938.8417602697086,3836,1918,0,0,3836,1918,2232552,1116276,4795000.0,4795000.0,2500.0,False,True,3836,1918,0,0,3836,1918,6.103515625e-06,2.9863120610350586,0.11229415815296558,0.11229415815296558,0.11229415815296558,False,-2.3255382671055298e-05,6.103515625e-06,True
trial,582,582,581,938.8417966787831,938.8417966787831,938.8417602697086,938.8417602697086,3836,1918,0,0,3836,1918,2236388,1118194,4795000.0,4795000.0,2500.0,False,True,3836,1918,0,0,3836,1918,1.220703125e-05,2.86727644453107,-0.8560422664261248,-0.8560422664261248,-0.8560422664261248,False,-4.2531865435148224e-05,1.220703125e-05,False
trial,583,583,583,938.8417587032495,938.8417587032495,938.8417587032495,938.8417587032495,3836,1918,0,0,3836,1918,2240224,1120112,4795000.0,4795000.0,2500.0,False,True,3836,1918,0,0,3836,1918,6.103515625e-06,2.86727644453107,0.07081220942341467,0.07081220942341467,0.07081220942341467,False,-2.2121313787642134e-05,6.103515625e-06,True
trial,584,584,583,938.8417928479121,938.8417928479121,938.8417587032495,938.8417587032495,3836,1918,0,0,3836,1918,2244060,1122030,4795000.0,4795000.0,2500.0,False,True,3836,1918,0,0,3836,1918,1.220703125e-05,2.882805861320084,-0.7576266224016167,-0.7576266224016167,-0.7576266224016167,False,-4.506792863425342e-05,1.220703125e-05,False
trial,585,585,585,938.8417561564802,938.8417561564802,938.8417561564802,938.8417561564802,3836,1918,0,0,3836,1918,2247896,1123948,4795000.0,4795000.0,2500.0,False,True,3836,1918,0,0,3836,1918,6.103515625e-06,2.882805861320084,0.10957863606817643,0.10957863606817643,0.10957863606817643,False,-2.3241476888403566e-05,6.103515625e-06,True
trial,586,586,585,938.8417906341887,938.8417906341887,938.8417561564802,938.8417561564802,3836,1918,0,0,3836,1918,2251732,1125866,4795000.0,4795000.0,2500.0,False,True,3836,1918,0,0,3836,1918,1.220703125e-05,2.728386263569984,-0.8086684482594195,-0.8086684482594195,-0.8086684482594195,False,-4.2635159756983766e-05,1.220703125e-05,False
trial,587,587,587,938.8417545676825,938.8417545676825,938.8417545676825,938.8417545676825,3836,1918,0,0,3836,1918,2255568,1127784,4795000.0,4795000.0,2500.0,False,True,3836,1918,0,0,3836,1918,6.103515625e-06,2.728386263569984,0.07156447589638999,0.07156447589638999,0.07156447589638999,False,-2.220092635163596e-05,6.103515625e-06,True
trial,588,588,587,938.841788655862,938.841788655862,938.8417545676825,938.8417545676825,3836,1918,0,0,3836,1918,2259404,1129702,4795000.0,4795000.0,2500.0,False,True,3836,1918,0,0,3836,1918,1.220703125e-05,2.8684881489608958,-0.7554343804739286,-0.7554343804739286,-0.7554343804739286,False,-4.5123945109349887e-05,1.220703125e-05,False
trial,589,589,589,938.8417520171859,938.8417520171859,938.8417520171859,938.8417520171859,3836,1918,0,0,3836,1918,2263240,1131620,4795000.0,4795000.0,2500.0,False,True,3836,1918,0,0,3836,1918,6.103515625e-06,2.8684881489608958,0.10974761222926675,0.10974761222926675,0.10974761222926675,False,-2.3239655264433167e-05,6.103515625e-06,True
trial,590,590,589,938.8417885159702,938.8417885159702,938.8417520171859,938.8417520171859,3836,1918,0,0,3836,1918,2267076,1133538,4795000.0,4795000.0,2500.0,False,True,3836,1918,0,0,3836,1918,1.220703125e-05,2.8537264559350795,-0.8556850313986737,-0.8556850313986737,-0.8556850313986737,False,-4.2654461597480964e-05,1.220703125e-05,False
trial,591,591,591,938.8417504912666,938.8417504912666,938.8417504912666,938.8417504912666,3836,1918,0,0,3836,1918,2270912,1135456,4795000.0,4795000.0,2500.0,False,True,3836,1918,0,0,3836,1918,6.103515625e-06,2.8537264559350795,0.06870746142100202,0.06870746142100202,0.06870746142100202,False,-2.220893126096966e-05,6.103515625e-06,True
trial,592,592,591,938.8417839640089,938.8417839640089,938.8417504912666,938.8417504912666,3836,1918,0,0,3836,1918,2274748,1137374,4795000.0,4795000.0,2500.0,False,True,3836,1918,0,0,3836,1918,1.220703125e-05,2.6540533629817515,-0.7428544470025531,-0.7428544470025531,-0.7428544470025531,False,-4.5059624314600136e-05,1.220703125e-05,False
trial,593,593,593,938.8417478638734,938.8417478638734,938.8417478638734,938.8417478638734,3836,1918,0,0,3836,1918,2278584,1139292,4795000.0,4795000.0,2500.0,False,True,3836,1918,0,0,3836,1918,6.103515625e-06,2.6540533629817515,0.11265904227522303,0.11265904227522303,0.11265904227522303,False,-2.33216362195223e-05,6.103515625e-06,True
trial,594,594,593,938.8417824423772,938.8417824423772,938.8417478638734,938.8417478638734,3836,1918,0,0,3836,1918,2282420,1141210,4795000.0,4795000.0,2500.0,False,True,3836,1918,0,0,3836,1918,1.220703125e-05,2.7218943393076747,-0.8152939566835316,-0.8152939566835316,-0.8152939566835316,False,-4.241231462255625e-05,1.220703125e-05,False
trial,595,595,595,938.8417464347066,938.8417464347066,938.8417464347066,938.8417464347066,3836,1918,0,0,3836,1918,2286256,1143128,4795000.0,4795000.0,2500.0,False,True,3836,1918,0,0,3836,1918,6.103515625e-06,2.7218943393076747,0.06459647288288846,0.06459647288288846,0.06459647288288846,False,-2.2124532856210924e-05,6.103515625e-06,True
trial,596,596,595,938.8417806662732,938.8417806662732,938.8417464347066,938.8417464347066,3836,1918,0,0,3836,1918,2290092,1145046,4795000.0,4795000.0,2500.0,False,True,3836,1918,0,0,3836,1918,1.220703125e-05,2.9034465227186987,-0.7538953979640787,-0.7538953979640787,-0.7538953979640787,False,-4.54062548730154e-05,1.220703125e-05,False
trial,597,597,597,938.8417436803895,938.8417436803895,938.8417436803895,938.8417436803895,3836,1918,0,0,3836,1918,2293928,1146964,4795000.0,4795000.0,2500.0,False,True,3836,1918,0,0,3836,1918,6.103515625e-06,2.9034465227186987,0.1176909343722762,0.1176909343722762,0.1176909343722762,False,-2.3402966986862915e-05,6.103515625e-06,True
trial,598,598,597,938.8417788208984,938.8417788208984,938.8417436803895,938.8417436803895,3836,1918,0,0,3836,1918,2297764,1148882,4795000.0,4795000.0,2500.0,False,True,3836,1918,0,0,3836,1918,1.220703125e-05,2.649598430244397,-0.835414083992432,-0.835414083992432,-0.835414083992432,False,-4.20635820706335e-05,1.220703125e-05,False
trial,599,599,599,938.8417422443626,938.8417422443626,938.8417422443626,938.8417422443626,3836,1918,0,0,3836,1918,2301600,1150800,4795000.0,4795000.0,2500.0,False,True,3836,1918,0,0,3836,1918,6.103515625e-06,2.649598430244397,0.0654825133088754,0.0654825133088754,0.0654825133088754,False,-2.1929929156521312e-05,6.103515625e-06,True
