sequence_index,iteration,nf,incumbent_index,incumbent_full_objective,mean_gate_entanglement_infidelity_to_truth,mean_gate_average_infidelity_to_truth,mean_spam_vector_l2_error_to_truth,mean_spam_tracedist_to_truth,mean_gate_eigenvalue_nonunitarity_excess_to_truth,mean_gate_eigenvalue_diamondnorm_to_truth,mean_gate_eigenvalue_nonunitary_diamondnorm_to_truth,mean_gate_diamond_distance_to_truth
0,0,0,0,355971.35737653694,0.0017882621897374607,0.001192174793158307,0.007165902701660543,0.005062523522911718,-0.002719190553661918,0.0067837813321190345,0.0031726617482777386,0.013707118158205382
1,1,1,1,254498.16119433832,0.03488478719160429,0.023256524794402857,0.03894702935664739,0.022873796452828096,0.04827751129836134,0.056077824785578156,0.05568326194863306,0.10370720219746675
2,2,2,1,254498.16119433832,0.03488478719160429,0.023256524794402857,0.03894702935664739,0.022873796452828096,0.04827751129836134,0.056077824785578156,0.05568326194863306,0.10370720219746675
3,3,3,3,134114.52752919472,0.011603197575216967,0.007735465050144645,0.056427506367425606,0.03856609908004434,0.008537835781679583,0.02943213612411817,0.017039696831100362,0.06090582686408702
4,4,4,3,134114.52752919472,0.011603197575216967,0.007735465050144645,0.056427506367425606,0.03856609908004434,0.008537835781679583,0.02943213612411817,0.017039696831100362,0.06090582686408702
5,5,5,3,134114.52752919472,0.011603197575216967,0.007735465050144645,0.056427506367425606,0.03856609908004434,0.008537835781679583,0.02943213612411817,0.017039696831100362,0.06090582686408702
6,6,6,6,108518.89511745702,0.009950478586099737,0.006633652390733158,0.013574792407370992,0.009889848878669226,0.01366317805014973,0.021679815048060023,0.01807295387548067,0.03914323174071768
7,7,7,6,108518.89511745702,0.009950478586099737,0.006633652390733158,0.013574792407370992,0.009889848878669226,0.01366317805014973,0.021679815048060023,0.01807295387548067,0.03914323174071768
8,8,8,8,83064.70216595655,0.004348266738535639,0.002898844492357093,0.01542699202375252,0.011044455954079237,0.005934411058603303,0.01810342217089933,0.008668766217035342,0.03472737038607818
9,9,9,8,83064.70216595655,0.004348266738535639,0.002898844492357093,0.01542699202375252,0.011044455954079237,0.005934411058603303,0.01810342217089933,0.008668766217035342,0.03472737038607818
10,10,10,10,76447.9303242618,0.007630172675836461,0.005086781783890973,0.01088613724864898,0.007206259728651927,0.010990715873361187,0.017203032780917997,0.015198100508482852,0.03547011424782513
11,11,11,10,76889.25267483202,0.007630172675836461,0.005086781783890973,0.01088613724864898,0.007206259728651927,0.010990715873361187,0.017203032780917997,0.015198100508482852,0.03547011424782513
12,12,12,10,76889.25267483202,0.007630172675836461,0.005086781783890973,0.01088613724864898,0.007206259728651927,0.010990715873361187,0.017203032780917997,0.015198100508482852,0.03547011424782513
13,13,13,13,36884.13019746588,0.003547016728020075,0.00236467781868005,0.007196212423569537,0.005965240017097289,0.0049026008142233,0.00839201792747034,0.007297801704279863,0.017114926921090564
14,14,14,13,36884.13019746588,0.003547016728020075,0.00236467781868005,0.007196212423569537,0.005965240017097289,0.0049026008142233,0.00839201792747034,0.007297801704279863,0.017114926921090564
15,15,15,15,22805.7622128204,0.0015862995988616957,0.0010575330659077973,0.004836436453082792,0.0034929592002390097,0.003160042583177078,0.0070813687157699305,0.004143849111484937,0.012232740360506447
16,16,16,15,23138.838792791736,0.0015862995988616957,0.0010575330659077973,0.004836436453082792,0.0034929592002390097,0.003160042583177078,0.0070813687157699305,0.004143849111484937,0.012232740360506447
17,17,17,17,13683.220855051044,0.0014969365831687953,0.0009979577221125302,0.0015837792597575698,0.0010282308613784393,0.003005847005513637,0.004191236975467073,0.004037143554040848,0.00825226830926501
18,18,18,18,10162.27560449859,0.0011950755097455135,0.0007967170064970089,0.0011287537352347658,0.0008972444474772436,0.0016429569007670106,0.003924322464521082,0.00239256397850493,0.0060409007706178535
19,19,19,19,4215.232323728165,0.0005059043013979081,0.00033726953426527206,0.0010191477411719127,0.0007318344912191513,0.0006542338969255448,0.000971597962794704,0.0009617034788620346,0.002628613745112933
20,20,20,19,4215.232323728165,0.0005059043013979081,0.00033726953426527206,0.0010191477411719127,0.0007318344912191513,0.0006542338969255448,0.000971597962794704,0.0009617034788620346,0.002628613745112933
21,21,21,21,3465.792812437165,0.00037625556519241266,0.00025083704346160846,0.0010485044990255273,0.0008710993811672092,0.00040465909226359426,0.0010378553837761604,0.0005419376841241941,0.002362145011029877
22,22,22,21,3465.792812437165,0.00037625556519241266,0.00025083704346160846,0.0010485044990255273,0.0008710993811672092,0.00040465909226359426,0.0010378553837761604,0.0005419376841241941,0.002362145011029877
23,23,23,23,3055.9059512654962,0.0003598521182612835,0.00023990141217418898,0.0010509749557232348,0.0007887094982312696,0.00036267230367537096,0.0006530488468630062,0.000564630257673282,0.0017324332067805
24,24,24,23,3055.9059512654962,0.0003598521182612835,0.00023990141217418898,0.0010509749557232348,0.0007887094982312696,0.00036267230367537096,0.0006530488468630062,0.000564630257673282,0.0017324332067805
25,25,25,23,3055.9059512654962,0.0003598521182612835,0.00023990141217418898,0.0010509749557232348,0.0007887094982312696,0.00036267230367537096,0.0006530488468630062,0.000564630257673282,0.0017324332067805
26,26,26,26,1761.3890618112728,0.00015874398738963125,0.00010582932492642083,0.0008875572840077386,0.0006306556555506151,0.00015976529870346395,0.0003823405997180699,0.00024969036961006164,0.001210526493914991
27,27,27,26,1761.3890618112728,0.00015874398738963125,0.00010582932492642083,0.0008875572840077386,0.0006306556555506151,0.00015976529870346395,0.0003823405997180699,0.00024969036961006164,0.001210526493914991
28,28,28,28,1307.7744803185242,8.30665081200388e-05,5.537767208002586e-05,0.0009119790415188781,0.0006657007937656391,8.063261118906179e-05,0.00023257740840211923,0.00014384543656284499,0.0008134061371582227
29,29,29,28,1307.7744803185242,8.30665081200388e-05,5.537767208002586e-05,0.0009119790415188781,0.0006657007937656391,8.063261118906179e-05,0.00023257740840211923,0.00014384543656284499,0.0008134061371582227
30,30,30,28,1307.7744803185242,8.30665081200388e-05,5.537767208002586e-05,0.0009119790415188781,0.0006657007937656391,8.063261118906179e-05,0.00023257740840211923,0.00014384543656284499,0.0008134061371582227
31,31,31,31,1019.1041106271749,2.4017435292067457e-05,1.601162352804497e-05,0.0008214843937812502,0.0005818524896738599,2.189153645616032e-05,0.00012875220984114006,6.05130983519081e-05,0.0007140458660099172
32,32,32,31,1019.1041106271749,2.4017435292067457e-05,1.601162352804497e-05,0.0008214843937812502,0.0005818524896738599,2.189153645616032e-05,0.00012875220984114006,6.05130983519081e-05,0.0007140458660099172
33,33,33,31,1019.1041106271749,2.4017435292067457e-05,1.601162352804497e-05,0.0008214843937812502,0.0005818524896738599,2.189153645616032e-05,0.00012875220984114006,6.05130983519081e-05,0.0007140458660099172
34,34,34,34,958.7417283454677,9.28298460489696e-06,6.188656403264641e-06,0.0008249588933899704,0.0005862462060811874,5.51940023518771e-06,0.00010690597236328979,4.606619458052269e-05,0.0006735560763476531
35,35,35,34,958.7417283454677,9.28298460489696e-06,6.188656403264641e-06,0.0008249588933899704,0.0005862462060811874,5.51940023518771e-06,0.00010690597236328979,4.606619458052269e-05,0.0006735560763476531
36,36,36,34,961.7410931999129,9.28298460489696e-06,6.188656403264641e-06,0.0008249588933899704,0.0005862462060811874,5.51940023518771e-06,0.00010690597236328979,4.606619458052269e-05,0.0006735560763476531
37,37,37,37,946.2364305556207,4.070930158361907e-06,2.7139534389079393e-06,0.0008453760392559136,0.0005998126999132195,1.0270524682803872e-07,0.00010829135649152204,3.896061678062418e-05,0.0006631200249646238
38,38,38,37,946.2364305556207,4.070930158361907e-06,2.7139534389079393e-06,0.0008453760392559136,0.0005998126999132195,1.0270524682803872e-07,0.00010829135649152204,3.896061678062418e-05,0.0006631200249646238
39,39,39,37,946.2364305556207,4.070930158361907e-06,2.7139534389079393e-06,0.0008453760392559136,0.0005998126999132195,1.0270524682803872e-07,0.00010829135649152204,3.896061678062418e-05,0.0006631200249646238
40,40,40,40,944.235890603476,3.0255347971408497e-06,2.0170231980939004e-06,0.0008561699104619231,0.000607676375905037,-8.244491523229369e-07,0.00010642726293066094,3.715064683743052e-05,0.0006620583673841661
41,41,41,40,946.3590239327146,3.0255347971408497e-06,2.0170231980939004e-06,0.0008561699104619231,0.000607676375905037,-8.244491523229369e-07,0.00010642726293066094,3.715064683743052e-05,0.0006620583673841661
42,42,42,42,946.029862238581,1.0520601538832608e-06,7.013734359221741e-07,0.0008423654510168877,0.0005969249020226091,-1.4889114018160066e-06,0.00010206029331460178,4.0091568861443105e-05,0.0006504232103860152
43,43,43,42,946.029862238581,1.0520601538832608e-06,7.013734359221741e-07,0.0008423654510168877,0.0005969249020226091,-1.4889114018160066e-06,0.00010206029331460178,4.0091568861443105e-05,0.0006504232103860152
44,44,44,44,945.8092664927884,1.476748744094758e-06,9.84499162729839e-07,0.0008418001879975271,0.0005951856713892203,-2.1664198188095507e-06,0.00010299979644121695,4.001840582375238e-05,0.0006521164052236152
45,45,45,44,945.8092664927884,1.476748744094758e-06,9.84499162729839e-07,0.0008418001879975271,0.0005951856713892203,-2.1664198188095507e-06,0.00010299979644121695,4.001840582375238e-05,0.0006521164052236152
46,46,46,46,941.4657061575185,8.751193610878616e-07,5.834129073919066e-07,0.0008521347516867979,0.0005961601113310459,-2.4444704296786024e-06,9.759627900758329e-05,3.995755095952125e-05,0.000650439424689917
47,47,47,46,941.4657061575185,8.751193610878616e-07,5.834129073919066e-07,0.0008521347516867979,0.0005961601113310459,-2.4444704296786024e-06,9.759627900758329e-05,3.995755095952125e-05,0.000650439424689917
48,48,48,46,941.4657061575185,8.751193610878616e-07,5.834129073919066e-07,0.0008521347516867979,0.0005961601113310459,-2.4444704296786024e-06,9.759627900758329e-05,3.995755095952125e-05,0.000650439424689917
49,49,49,49,940.7428388963708,7.124602235120125e-07,4.749734823413431e-07,0.0008519450141916391,0.0005972394171340364,-2.1602644819443406e-06,9.58544308395404e-05,3.882166272230203e-05,0.0006484701324923014
50,50,50,49,940.7428388963708,7.124602235120125e-07,4.749734823413431e-07,0.0008519450141916391,0.0005972394171340364,-2.1602644819443406e-06,9.58544308395404e-05,3.882166272230203e-05,0.0006484701324923014
51,51,51,51,939.8093787068347,1.1801015950552163e-06,7.867343967034789e-07,0.0008541420105925082,0.0005943729919650959,-2.9878331717289597e-06,9.174858858603229e-05,4.158770120741423e-05,0.0006410183657618607
52,52,52,51,939.8093787068347,1.1801015950552163e-06,7.867343967034789e-07,0.0008541420105925082,0.0005943729919650959,-2.9878331717289597e-06,9.174858858603229e-05,4.158770120741423e-05,0.0006410183657618607
53,53,53,51,939.8093787068347,1.1801015950552163e-06,7.867343967034789e-07,0.0008541420105925082,0.0005943729919650959,-2.9878331717289597e-06,9.174858858603229e-05,4.158770120741423e-05,0.0006410183657618607
54,54,54,54,939.7520925143943,1.2522714938068003e-06,8.348476625378671e-07,0.0008569268168074369,0.0005962208996935004,-3.198294861804507e-06,9.180763908470288e-05,4.079662068286888e-05,0.0006414756739949964
55,55,55,54,939.7520925143943,1.2522714938068003e-06,8.348476625378671e-07,0.0008569268168074369,0.0005962208996935004,-3.198294861804507e-06,9.180763908470288e-05,4.079662068286888e-05,0.0006414756739949964
56,56,56,56,939.9963613169347,1.2587580995038206e-06,8.391720663358804e-07,0.0008472040607974502,0.0005914193757301808,-3.3732224223037566e-06,9.777934381343146e-05,4.182807920646153e-05,0.0006475583288629135
57,57,57,56,939.9963613169347,1.2587580995038206e-06,8.391720663358804e-07,0.0008472040607974502,0.0005914193757301808,-3.3732224223037566e-06,9.777934381343146e-05,4.182807920646153e-05,0.0006475583288629135
58,58,58,56,939.9963613169347,1.2587580995038206e-06,8.391720663358804e-07,0.0008472040607974502,0.0005914193757301808,-3.3732224223037566e-06,9.777934381343146e-05,4.182807920646153e-05,0.0006475583288629135
59,59,59,59,939.9924101163363,1.2783325410992141e-06,8.522216940661442e-07,0.0008498187423592861,0.0005929997035346208,-3.2358087180550665e-06,9.723511278181987e-05,4.174002281880085e-05,0.0006472784025813738
60,60,60,59,939.9924101163363,1.2783325410992141e-06,8.522216940661442e-07,0.0008498187423592861,0.0005929997035346208,-3.2358087180550665e-06,9.723511278181987e-05,4.174002281880085e-05,0.0006472784025813738
61,61,61,61,943.450671581296,1.149566149105663e-06,7.663774327371095e-07,0.0008239010182750653,0.0005805262064484261,-9.780319160795914e-08,9.900201392846998e-05,3.379079351886749e-05,0.0006545412303256806
62,62,62,62,943.3896768282477,1.42521714707744e-06,9.501447647182922e-07,0.0008300800383483727,0.0005871607035832712,-1.5145294037649526e-07,9.901768369311105e-05,3.3620804567868756e-05,0.0006569426316723667
63,63,63,62,943.3896768282477,1.42521714707744e-06,9.501447647182922e-07,0.0008300800383483727,0.0005871607035832712,-1.5145294037649526e-07,9.901768369311105e-05,3.3620804567868756e-05,0.0006569426316723667
64,64,64,64,943.3729997686928,1.2258916060603475e-06,8.172610707068992e-07,0.0008366704837345688,0.0005938679144915,-4.036580553978819e-07,9.92553707364438e-05,3.351491586839339e-05,0.0006563482814120691
65,65,65,64,943.3729997686928,1.2258916060603475e-06,8.172610707068992e-07,0.0008366704837345688,0.0005938679144915,-4.036580553978819e-07,9.92553707364438e-05,3.351491586839339e-05,0.0006563482814120691
66,66,66,66,940.70393691621,1.9882696356832152e-06,1.3255130904554768e-06,0.0007884048640226805,0.0005568799745008289,-1.6088082461854225e-06,9.142951784766024e-05,3.6940225260163884e-05,0.000652034408351787
67,67,67,66,940.70393691621,1.9882696356832152e-06,1.3255130904554768e-06,0.0007884048640226805,0.0005568799745008289,-1.6088082461854225e-06,9.142951784766024e-05,3.6940225260163884e-05,0.000652034408351787
68,68,68,68,940.6991322207762,8.727009628284321e-07,5.818006418856223e-07,0.0007905998775293104,0.0005575684203351383,-1.9724245656146944e-06,9.217369222498977e-05,3.738027810919892e-05,0.0006512425403185049
69,69,69,68,940.6991322207762,8.727009628284321e-07,5.818006418856223e-07,0.0007905998775293104,0.0005575684203351383,-1.9724245656146944e-06,9.217369222498977e-05,3.738027810919892e-05,0.0006512425403185049
70,70,70,70,940.6983996766517,8.698500401083109e-07,5.799000267388737e-07,0.0007904031843989561,0.0005573535249852103,-1.8848243414568144e-06,9.206984029576559e-05,3.751704184153798e-05,0.0006517323176150428
71,71,71,71,943.6749793400452,-6.48105527994991e-07,-4.320703519966598e-07,0.0007699446958380716,0.0005375942116651319,-2.306219495477879e-06,8.015263789490609e-05,3.469342839972772e-05,0.0006540418099126232
72,72,72,72,943.6582350988324,-1.6891263558416192e-06,-1.1260842372277447e-06,0.0007650595191349726,0.0005340872809273716,-1.8653002975960176e-06,7.924442384032359e-05,3.415648404468674e-05,0.0006535372921711311
73,73,73,72,943.6582350988324,-1.6891263558416192e-06,-1.1260842372277447e-06,0.0007650595191349726,0.0005340872809273716,-1.8653002975960176e-06,7.924442384032359e-05,3.415648404468674e-05,0.0006535372921711311
74,74,74,72,943.6582350988324,-1.6891263558416192e-06,-1.1260842372277447e-06,0.0007650595191349726,0.0005340872809273716,-1.8653002975960176e-06,7.924442384032359e-05,3.415648404468674e-05,0.0006535372921711311
75,75,75,75,943.6394840945693,-2.1531337085767266e-06,-1.4354224723844844e-06,0.000764766395378856,0.0005336989921818241,-2.124138986786539e-06,7.934647432974913e-05,3.4132513473388026e-05,0.0006517899282895776
76,76,76,76,941.8379678285819,-1.8849758283701057e-06,-1.2566505522467368e-06,0.0007725060481130612,0.0005378902560919727,-2.505366654491359e-06,7.876120168832647e-05,4.160221057137453e-05,0.0006460839426493471
77,77,77,76,941.8379678285819,-1.8849758283701057e-06,-1.2566505522467368e-06,0.0007725060481130612,0.0005378902560919727,-2.505366654491359e-06,7.876120168832647e-05,4.160221057137453e-05,0.0006460839426493471
78,78,78,78,941.8073250636314,-1.6191611435512065e-06,-1.0794407623674705e-06,0.0007686898185343545,0.0005376077542498147,-2.953866509662617e-06,7.960810564239884e-05,4.155788287561052e-05,0.0006456648420196351
79,79,79,78,941.8073250636314,-1.6191611435512065e-06,-1.0794407623674705e-06,0.0007686898185343545,0.0005376077542498147,-2.953866509662617e-06,7.960810564239884e-05,4.155788287561052e-05,0.0006456648420196351
80,80,80,78,941.8073250636314,-1.6191611435512065e-06,-1.0794407623674705e-06,0.0007686898185343545,0.0005376077542498147,-2.953866509662617e-06,7.960810564239884e-05,4.155788287561052e-05,0.0006456648420196351
81,81,81,81,943.5260782110829,-1.715509661548431e-06,-1.1436731076989535e-06,0.0007621140870083523,0.000530053504073779,-5.193517229419575e-06,9.012036370926339e-05,4.21278357911406e-05,0.0006549297276188302
82,82,82,82,943.5225676733032,-2.7751535421616236e-06,-1.850102361441082e-06,0.000761854582780532,0.0005297689363414598,-4.620171801222872e-06,9.023724236000355e-05,4.25398445916339e-05,0.0006552158175026183
83,83,83,83,943.4557904466259,-3.2471307566672714e-06,-2.164753837778181e-06,0.0007626067368587437,0.0005302448443627321,-4.646303836404464e-06,9.043822572298328e-05,4.255632638460599e-05,0.0006539130960836666
84,84,84,83,943.4557904466259,-3.2471307566672714e-06,-2.164753837778181e-06,0.0007626067368587437,0.0005302448443627321,-4.646303836404464e-06,9.043822572298328e-05,4.255632638460599e-05,0.0006539130960836666
85,85,85,85,943.4436673129833,-3.643320513446735e-06,-2.4288803422978217e-06,0.0007627882063596488,0.0005301975694541679,-4.6702282846811105e-06,9.073050786035142e-05,4.268859494766658e-05,0.0006524279432845656
86,86,86,86,941.912350874085,-4.5591016048784905e-06,-3.039401069918994e-06,0.0007966390128238055,0.0005580049768415122,-2.8012057552082026e-06,8.924428192071311e-05,4.040857642143708e-05,0.0006372228844870314
87,87,87,86,941.912350874085,-4.5591016048784905e-06,-3.039401069918994e-06,0.0007966390128238055,0.0005580049768415122,-2.8012057552082026e-06,8.924428192071311e-05,4.040857642143708e-05,0.0006372228844870314
88,88,88,88,941.8340251460791,-4.13983709124377e-06,-2.7598913941625147e-06,0.0007955198837845833,0.0005573874003163547,-2.844331976427361e-06,8.82268528544619e-05,3.790143640178267e-05,0.0006355115500903173
89,89,89,88,941.8340251460791,-4.13983709124377e-06,-2.7598913941625147e-06,0.0007955198837845833,0.0005573874003163547,-2.844331976427361e-06,8.82268528544619e-05,3.790143640178267e-05,0.0006355115500903173
90,90,90,88,941.8340251460791,-4.13983709124377e-06,-2.7598913941625147e-06,0.0007955198837845833,0.0005573874003163547,-2.844331976427361e-06,8.82268528544619e-05,3.790143640178267e-05,0.0006355115500903173
91,91,91,91,942.5339434992002,-4.016495418479593e-06,-2.6776636123197307e-06,0.0007759171546200401,0.000540187428171512,-2.0701899117042677e-06,7.367783225256918e-05,3.241784129643516e-05,0.0006316549516416747
92,92,92,92,942.5254667502145,-4.8330474663182965e-06,-3.222031644212197e-06,0.0007718931027986165,0.0005355412460594786,-5.165213110974731e-07,7.083977476852346e-05,2.9124812618651352e-05,0.0006331655167810056
93,93,93,92,942.5254667502145,-4.8330474663182965e-06,-3.222031644212197e-06,0.0007718931027986165,0.0005355412460594786,-5.165213110974731e-07,7.083977476852346e-05,2.9124812618651352e-05,0.0006331655167810056
94,94,94,94,942.4643524823325,-4.830520079990297e-06,-3.22034671999353e-06,0.0007677230082057283,0.0005325063241116814,-6.619407613497885e-07,7.106263235777787e-05,2.9736812224893938e-05,0.0006322346727320129
95,95,95,94,942.4643524823325,-4.830520079990297e-06,-3.22034671999353e-06,0.0007677230082057283,0.0005325063241116814,-6.619407613497885e-07,7.106263235777787e-05,2.9736812224893938e-05,0.0006322346727320129
96,96,96,96,939.1566169856114,-4.457631074622492e-06,-2.971754049748328e-06,0.0007486494482016729,0.0005286954586814316,-1.3391282652971959e-06,7.256168393431668e-05,3.09962946665257e-05,0.0006217961102433409
97,97,97,96,939.1566169856114,-4.457631074622492e-06,-2.971754049748328e-06,0.0007486494482016729,0.0005286954586814316,-1.3391282652971959e-06,7.256168393431668e-05,3.09962946665257e-05,0.0006217961102433409
98,98,98,98,939.144216523234,-3.6934438362723476e-06,-2.4622958908482326e-06,0.0007473852413398095,0.0005281606847017932,-1.4875902688629705e-06,7.258783267382246e-05,3.124188408601403e-05,0.0006229079904141239
99,99,99,98,939.144216523234,-3.6934438362723476e-06,-2.4622958908482326e-06,0.0007473852413398095,0.0005281606847017932,-1.4875902688629705e-06,7.258783267382246e-05,3.124188408601403e-05,0.0006229079904141239
100,100,100,98,939.144216523234,-3.6934438362723476e-06,-2.4622958908482326e-06,0.0007473852413398095,0.0005281606847017932,-1.4875902688629705e-06,7.258783267382246e-05,3.124188408601403e-05,0.0006229079904141239
101,101,101,101,940.0133447188949,-4.020069607674204e-06,-2.680046405116136e-06,0.000770476968021352,0.0005404081736308803,-2.258432571809743e-06,7.015093922143307e-05,3.152368023199431e-05,0.0006180093165581007
102,102,102,102,939.9368869887314,-4.604596404167438e-06,-3.0697309361116245e-06,0.0007710559556705896,0.0005422147073657996,-2.717796433987507e-06,7.069764010667555e-05,3.1703705185667785e-05,0.000615921792997781
103,103,103,102,939.9368869887314,-4.604596404167438e-06,-3.0697309361116245e-06,0.0007710559556705896,0.0005422147073657996,-2.717796433987507e-06,7.069764010667555e-05,3.1703705185667785e-05,0.000615921792997781
104,104,104,104,939.8837425735085,-4.543870054801724e-06,-3.0292467032011494e-06,0.0007714444883217694,0.0005428274264941998,-2.412113229675883e-06,7.040875503317702e-05,3.168469878881558e-05,0.00061534446928818
105,105,105,104,939.8837425735085,-4.543870054801724e-06,-3.0292467032011494e-06,0.0007714444883217694,0.0005428274264941998,-2.412113229675883e-06,7.040875503317702e-05,3.168469878881558e-05,0.00061534446928818
106,106,106,106,938.7094815316792,-4.7219324491865056e-06,-3.1479549661243373e-06,0.0007908681329628909,0.0005556269528792445,-2.996315247166814e-06,6.919697410791317e-05,3.1851862780526985e-05,0.0006002357191226774
107,107,107,106,938.7094815316792,-4.7219324491865056e-06,-3.1479549661243373e-06,0.0007908681329628909,0.0005556269528792445,-2.996315247166814e-06,6.919697410791317e-05,3.1851862780526985e-05,0.0006002357191226774
108,108,108,108,938.6902553397172,-4.70753799608481e-06,-3.1383586640565406e-06,0.0007971206044150317,0.0005592693351709297,-2.650798625894457e-06,6.901493554782481e-05,3.1854920275180276e-05,0.0005994609286491205
109,109,109,108,938.6902553397172,-4.70753799608481e-06,-3.1383586640565406e-06,0.0007971206044150317,0.0005592693351709297,-2.650798625894457e-06,6.901493554782481e-05,3.1854920275180276e-05,0.0005994609286491205
110,110,110,110,938.6799142879979,-4.853143973720941e-06,-3.2354293158139624e-06,0.0007970996949513267,0.0005589786185297082,-2.900824104944133e-06,6.911951669606954e-05,3.178665763955285e-05,0.0005989083159849215
111,111,111,111,939.7290206647708,-4.5093178885624585e-06,-3.006211925708307e-06,0.0008026492747324349,0.0005733078272232928,-1.331142402971608e-06,6.440097749703708e-05,2.8277657432795866e-05,0.0005975852587955411
112,112,112,111,939.7290206647708,-4.5093178885624585e-06,-3.006211925708307e-06,0.0008026492747324349,0.0005733078272232928,-1.331142402971608e-06,6.440097749703708e-05,2.8277657432795866e-05,0.0005975852587955411
113,113,113,113,939.5272248041575,-4.844224352457127e-06,-3.229482901638085e-06,0.0008026805266146683,0.0005734032392380109,-1.918741194741058e-06,6.498316359780319e-05,2.7972884447613477e-05,0.0005957190000862463
114,114,114,113,939.5272248041575,-4.844224352457127e-06,-3.229482901638085e-06,0.0008026805266146683,0.0005734032392380109,-1.918741194741058e-06,6.498316359780319e-05,2.7972884447613477e-05,0.0005957190000862463
115,115,115,113,939.5272248041575,-4.844224352457127e-06,-3.229482901638085e-06,0.0008026805266146683,0.0005734032392380109,-1.918741194741058e-06,6.498316359780319e-05,2.7972884447613477e-05,0.0005957190000862463
116,116,116,116,940.8623318612762,-5.939929456327819e-06,-3.959952970885213e-06,0.0008484085357464664,0.0006179152013069161,-2.6935571136033065e-06,6.379569287367393e-05,2.5623426609291955e-05,0.0005879449403829027
117,117,117,116,940.8623318612762,-5.939929456327819e-06,-3.959952970885213e-06,0.0008484085357464664,0.0006179152013069161,-2.6935571136033065e-06,6.379569287367393e-05,2.5623426609291955e-05,0.0005879449403829027
118,118,118,118,940.8599219227076,-5.772886721350234e-06,-3.848591147566823e-06,0.0008357241594493223,0.0006090669955224341,-2.4361070054754186e-06,6.365965125376295e-05,2.5802491729585986e-05,0.0005849492047049249
119,119,119,119,940.8140988848816,-5.763157191224222e-06,-3.84210479414948e-06,0.0008350114662797366,0.000608300047427432,-2.599935869179726e-06,6.363672724820378e-05,2.573523778981457e-05,0.0005836778156803973
120,120,120,119,940.8140988848816,-5.763157191224222e-06,-3.84210479414948e-06,0.0008350114662797366,0.000608300047427432,-2.599935869179726e-06,6.363672724820378e-05,2.573523778981457e-05,0.0005836778156803973
121,121,121,121,940.5546834703414,-5.0098265848563805e-06,-3.3398843899042543e-06,0.0008758514065803769,0.0006389170961015971,-2.7203751091359196e-06,6.846046521782762e-05,2.4468237283012395e-05,0.0005942249585333885
122,122,122,122,940.4948753269362,-4.098596365548213e-06,-2.732397577032141e-06,0.0008816972686058175,0.0006421574632789796,-3.329207314432814e-06,6.896881920620562e-05,2.4944611069534217e-05,0.0005995102630614432
123,123,123,122,940.4948753269362,-4.098596365548213e-06,-2.732397577032141e-06,0.0008816972686058175,0.0006421574632789796,-3.329207314432814e-06,6.896881920620562e-05,2.4944611069534217e-05,0.0005995102630614432
124,124,124,124,940.4355945118746,-3.2690187177220054e-06,-2.179345811814672e-06,0.0008762391296935806,0.0006386343984212831,-4.054219202437315e-06,6.951214445131889e-05,2.518198515184117e-05,0.0006025732639713144
125,125,125,124,940.4355945118746,-3.2690187177220054e-06,-2.179345811814672e-06,0.0008762391296935806,0.0006386343984212831,-4.054219202437315e-06,6.951214445131889e-05,2.518198515184117e-05,0.0006025732639713144
126,126,126,126,941.8907185364712,-2.3205286120431268e-06,-1.5470190746954193e-06,0.000798362674518341,0.0005973080811749198,-5.087500139291934e-07,6.410704158950577e-05,2.5208162683754143e-05,0.0005869201344843474
127,127,127,127,941.8834837918878,-2.1308675116071818e-07,-1.4205783410714545e-07,0.0008000801362370804,0.0005960268635917753,-1.0889792325802228e-06,6.323865329250438e-05,2.4724476553002195e-05,0.0005834679273015535
128,128,128,128,941.7065070057938,2.603415111268603e-07,1.7356100741790745e-07,0.0008012238486555063,0.0005966005415028756,-1.955841346795717e-06,6.280169187964597e-05,2.4243397439456527e-05,0.0005812523612094131
129,129,129,128,941.7065070057938,2.603415111268603e-07,1.7356100741790745e-07,0.0008012238486555063,0.0005966005415028756,-1.955841346795717e-06,6.280169187964597e-05,2.4243397439456527e-05,0.0005812523612094131
130,130,130,130,941.6691236685245,3.269871742539454e-07,2.1799144950262943e-07,0.0008054658427297674,0.0005993654801487629,-2.071600383943273e-06,6.279123437577579e-05,2.4303836438095694e-05,0.000579796275885911
131,131,131,131,943.775114719888,9.284941447085249e-07,6.18996096472351e-07,0.0008336094591183,0.0006102471214867377,2.015080328578167e-06,6.311912150632447e-05,2.5413742753555013e-05,0.0005649206131230321
132,132,132,131,943.775114719888,9.284941447085249e-07,6.18996096472351e-07,0.0008336094591183,0.0006102471214867377,2.015080328578167e-06,6.311912150632447e-05,2.5413742753555013e-05,0.0005649206131230321
133,133,133,133,943.4853985408972,8.98921818925924e-08,5.992812126172799e-08,0.0008433897877211705,0.0006164238400518966,1.4990249963819924e-06,6.253201359031707e-05,2.5018201888514502e-05,0.0005651377606680629
134,134,134,133,943.4853985408972,8.98921818925924e-08,5.992812126172799e-08,0.0008433897877211705,0.0006164238400518966,1.4990249963819924e-06,6.253201359031707e-05,2.5018201888514502e-05,0.0005651377606680629
135,135,135,133,943.4853985408972,8.98921818925924e-08,5.992812126172799e-08,0.0008433897877211705,0.0006164238400518966,1.4990249963819924e-06,6.253201359031707e-05,2.5018201888514502e-05,0.0005651377606680629
136,136,136,136,941.4185194419388,-1.1961316116193554e-06,-7.974210744129033e-07,0.0009328742730614362,0.0006542011304224572,-2.1163680387348283e-07,7.10269326084223e-05,2.7913098166687522e-05,0.0005766631858045114
137,137,137,136,941.4185194419388,-1.1961316116193554e-06,-7.974210744129033e-07,0.0009328742730614362,0.0006542011304224572,-2.1163680387348283e-07,7.10269326084223e-05,2.7913098166687522e-05,0.0005766631858045114
138,138,138,138,941.3452826974199,-2.3388549789948865e-06,-1.5592366526632588e-06,0.0009325437146313047,0.0006549383198929522,-1.7438359144195115e-07,7.066314123709992e-05,2.762792349595561e-05,0.0005696925160032821
139,139,139,138,941.3452826974199,-2.3388549789948865e-06,-1.5592366526632588e-06,0.0009325437146313047,0.0006549383198929522,-1.7438359144195115e-07,7.066314123709992e-05,2.762792349595561e-05,0.0005696925160032821
140,140,140,140,941.2927268838671,-3.2258157339759563e-06,-2.150543822650638e-06,0.0009394998406240274,0.0006591648631624706,-5.7980047679651037e-08,7.066963201453886e-05,2.7693334314196627e-05,0.0005632023497811195
141,141,141,141,941.0423341792749,-4.3918191767744474e-06,-2.9278794511829647e-06,0.0008603328768212343,0.0006041672832479044,-6.473574964832585e-07,6.390367534333364e-05,2.5923727164006705e-05,0.0005451123812527257
142,142,142,141,941.0423341792749,-4.3918191767744474e-06,-2.9278794511829647e-06,0.0008603328768212343,0.0006041672832479044,-6.473574964832585e-07,6.390367534333364e-05,2.5923727164006705e-05,0.0005451123812527257
143,143,143,143,940.9212370709953,-5.016396941309731e-06,-3.3442646275398217e-06,0.0008860873510758063,0.0006176059575400233,-6.625720554709336e-07,6.366163675623641e-05,2.5725565297216035e-05,0.0005350402316922389
144,144,144,143,940.9212370709953,-5.016396941309731e-06,-3.3442646275398217e-06,0.0008860873510758063,0.0006176059575400233,-6.625720554709336e-07,6.366163675623641e-05,2.5725565297216035e-05,0.0005350402316922389
145,145,145,143,940.9212370709953,-5.016396941309731e-06,-3.3442646275398217e-06,0.0008860873510758063,0.0006176059575400233,-6.625720554709336e-07,6.366163675623641e-05,2.5725565297216035e-05,0.0005350402316922389
146,146,146,146,945.18912763044,-6.381074287936661e-06,-4.254049525291106e-06,0.0008683367223633852,0.0006091399370856598,-3.2510545023775594e-06,7.118685977331791e-05,2.715792314694071e-05,0.0005158811740103211
147,147,147,147,945.0686025602567,-8.387638962575883e-06,-5.59175930838392e-06,0.0008783857997199143,0.000617253559876555,-1.3528359889408703e-06,7.06689900615111e-05,2.5261823627609203e-05,0.0005011769941456411
148,148,148,147,945.0686025602567,-8.387638962575883e-06,-5.59175930838392e-06,0.0008783857997199143,0.000617253559876555,-1.3528359889408703e-06,7.06689900615111e-05,2.5261823627609203e-05,0.0005011769941456411
149,149,149,149,944.8843080301599,-9.29136966210109e-06,-6.1942464414007255e-06,0.0008809464190784058,0.0006195711039066727,-1.4556613575356092e-06,7.103613678485551e-05,2.472931625283059e-05,0.0004886657215380515
150,150,150,149,944.8843080301599,-9.29136966210109e-06,-6.1942464414007255e-06,0.0008809464190784058,0.0006195711039066727,-1.4556613575356092e-06,7.103613678485551e-05,2.472931625283059e-05,0.0004886657215380515
151,151,151,151,943.9376641138604,-9.591244428952539e-06,-6.3941629526350265e-06,0.0008981967768069317,0.0006262410862022199,-2.5764214752269088e-06,6.937026059532602e-05,2.533451483289345e-05,0.00047266195150669107
152,152,152,151,943.9376641138604,-9.591244428952539e-06,-6.3941629526350265e-06,0.0008981967768069317,0.0006262410862022199,-2.5764214752269088e-06,6.937026059532602e-05,2.533451483289345e-05,0.00047266195150669107
153,153,153,153,943.7441219586199,-9.629646759989896e-06,-6.419764506659931e-06,0.000896369237237943,0.0006256107690628305,-2.543619454044299e-06,6.95424081206502e-05,2.4714409228777934e-05,0.00046082319321225676
154,154,154,153,943.7441219586199,-9.629646759989896e-06,-6.419764506659931e-06,0.000896369237237943,0.0006256107690628305,-2.543619454044299e-06,6.95424081206502e-05,2.4714409228777934e-05,0.00046082319321225676
155,155,155,153,943.7441219586199,-9.629646759989896e-06,-6.419764506659931e-06,0.000896369237237943,0.0006256107690628305,-2.543619454044299e-06,6.95424081206502e-05,2.4714409228777934e-05,0.00046082319321225676
156,156,156,156,950.1042617346998,-1.0562227102745014e-05,-7.041484735163342e-06,0.0009342253423915108,0.0006686096895901025,-4.017874895394236e-06,7.047377581699203e-05,2.6718445127443813e-05,0.00046012502629983344
157,157,157,156,950.1042617346998,-1.0562227102745014e-05,-7.041484735163342e-06,0.0009342253423915108,0.0006686096895901025,-4.017874895394236e-06,7.047377581699203e-05,2.6718445127443813e-05,0.00046012502629983344
158,158,158,158,949.9590962853993,-1.1105795670068863e-05,-7.403863780045908e-06,0.0009416236308514071,0.0006747503160953187,-3.070147437091164e-06,7.002772717826915e-05,2.7312467203076396e-05,0.000466131401044424
159,159,159,158,949.9590962853993,-1.1105795670068863e-05,-7.403863780045908e-06,0.0009416236308514071,0.0006747503160953187,-3.070147437091164e-06,7.002772717826915e-05,2.7312467203076396e-05,0.000466131401044424
160,160,160,160,949.846600111538,-1.1536647615911777e-05,-7.69109841060785e-06,0.0009403354634049807,0.0006741281690121977,-2.736748879766937e-06,7.014598097650212e-05,2.7010750556909213e-05,0.00046518205087376936
161,161,161,161,953.6514353805907,-1.165008965337e-05,-7.76672643558e-06,0.0009306487438946903,0.000671655846104048,-3.5068367781332377e-06,7.573890448582293e-05,2.7577795247694936e-05,0.0004597034917992566
162,162,162,161,953.6514353805907,-1.165008965337e-05,-7.76672643558e-06,0.0009306487438946903,0.000671655846104048,-3.5068367781332377e-06,7.573890448582293e-05,2.7577795247694936e-05,0.0004597034917992566
163,163,163,163,953.4839408435589,-1.1653052564702948e-05,-7.768701709801965e-06,0.0009361409748341412,0.0006747488452626676,-4.061186487581969e-06,7.612454196797417e-05,2.809173412283983e-05,0.0004487427765233272
164,164,164,163,953.4839408435589,-1.1653052564702948e-05,-7.768701709801965e-06,0.0009361409748341412,0.0006747488452626676,-4.061186487581969e-06,7.612454196797417e-05,2.809173412283983e-05,0.0004487427765233272
165,165,165,165,953.3458765785616,-1.1386685355579962e-05,-7.591123570386641e-06,0.0009429386990057836,0.0006791899591617008,-3.531326353500841e-06,7.61110317901997e-05,2.834301139886808e-05,0.0004434299554121714
166,166,166,165,950.7177108903718,-1.1386685355579962e-05,-7.591123570386641e-06,0.0009429386990057836,0.0006791899591617008,-3.531326353500841e-06,7.61110317901997e-05,2.834301139886808e-05,0.0004434299554121714
167,167,167,167,950.428672526036,-1.1951124411407887e-05,-7.967416274271924e-06,0.0009590066447251459,0.0006873587439041873,-3.878961349290666e-06,7.727672687880732e-05,2.9298709398897782e-05,0.0004495395842506322
168,168,168,167,950.428672526036,-1.1951124411407887e-05,-7.967416274271924e-06,0.0009590066447251459,0.0006873587439041873,-3.878961349290666e-06,7.727672687880732e-05,2.9298709398897782e-05,0.0004495395842506322
169,169,169,169,950.3620464837303,-1.1709574286061786e-05,-7.806382857374523e-06,0.0009656285392715315,0.0006917271132679873,-3.2571644491136142e-06,7.709688373645837e-05,2.9524147729984018e-05,0.00044556827600315374
170,170,170,169,950.3620464837303,-1.1709574286061786e-05,-7.806382857374523e-06,0.0009656285392715315,0.0006917271132679873,-3.2571644491136142e-06,7.709688373645837e-05,2.9524147729984018e-05,0.00044556827600315374
171,171,171,171,949.6577502801762,-1.1828149425713308e-05,-7.885432950475538e-06,0.0009057651622985319,0.0006648965551315291,-3.908096789163873e-06,8.2665559902628e-05,2.426662748174213e-05,0.00043804834272540564
172,172,172,171,949.6577502801762,-1.1828149425713308e-05,-7.885432950475538e-06,0.0009057651622985319,0.0006648965551315291,-3.908096789163873e-06,8.2665559902628e-05,2.426662748174213e-05,0.00043804834272540564
173,173,173,171,949.6577502801762,-1.1828149425713308e-05,-7.885432950475538e-06,0.0009057651622985319,0.0006648965551315291,-3.908096789163873e-06,8.2665559902628e-05,2.426662748174213e-05,0.00043804834272540564
174,174,174,174,949.4477324348043,-1.2009787180494724e-05,-8.006524786996483e-06,0.0009109894626511219,0.0006669284252747471,-3.5526076204994705e-06,8.223969596312983e-05,2.4054496794850833e-05,0.00043451840700253893
175,175,175,174,949.4477324348043,-1.2009787180494724e-05,-8.006524786996483e-06,0.0009109894626511219,0.0006669284252747471,-3.5526076204994705e-06,8.223969596312983e-05,2.4054496794850833e-05,0.00043451840700253893
176,176,176,176,951.8657781247696,-1.1820852534982773e-05,-7.880568356655182e-06,0.0006976644709043273,0.0005444561665962104,-5.576142944781204e-06,8.863435380193707e-05,2.4605281382601707e-05,0.00041246202383128324
177,177,177,176,951.8657781247696,-1.1820852534982773e-05,-7.880568356655182e-06,0.0006976644709043273,0.0005444561665962104,-5.576142944781204e-06,8.863435380193707e-05,2.4605281382601707e-05,0.00041246202383128324
178,178,178,178,951.6706806620139,-1.1450557726166988e-05,-7.633705150777992e-06,0.0006887282839975311,0.0005401984105645088,-5.139418854785416e-06,8.860509424974582e-05,2.4161895536563283e-05,0.00041105299651724933
179,179,179,179,951.6504047579291,-1.0801158717099746e-05,-7.200772478066497e-06,0.0006973670240106742,0.0005460219839532007,-4.850156655841764e-06,8.887394431870643e-05,2.398433522215332e-05,0.0004155364259565971
180,180,180,179,951.6504047579291,-1.0801158717099746e-05,-7.200772478066497e-06,0.0006973670240106742,0.0005460219839532007,-4.850156655841764e-06,8.887394431870643e-05,2.398433522215332e-05,0.0004155364259565971
181,181,181,181,952.8946360656008,-1.0397957290853022e-05,-6.931971527235346e-06,0.0007282658837952441,0.0005587518984913133,-3.850952279414732e-06,8.742328947569231e-05,2.437444457255994e-05,0.000416701828034206
182,182,182,181,952.8946360656008,-1.0397957290853022e-05,-6.931971527235346e-06,0.0007282658837952441,0.0005587518984913133,-3.850952279414732e-06,8.742328947569231e-05,2.437444457255994e-05,0.000416701828034206
183,183,183,183,952.6640347445183,-1.0246040797801115e-05,-6.830693865200743e-06,0.0007292807402568491,0.0005608535239064629,-3.3283527393554446e-06,8.727027465665222e-05,2.346193477235914e-05,0.0004132890927716124
184,184,184,183,952.6640347445183,-1.0246040797801115e-05,-6.830693865200743e-06,0.0007292807402568491,0.0005608535239064629,-3.3283527393554446e-06,8.727027465665222e-05,2.346193477235914e-05,0.0004132890927716124
185,185,185,185,952.5992798402596,-9.841869622384536e-06,-6.561246414923023e-06,0.0007323014559335685,0.0005627077087332294,-3.1032898644978157e-06,8.724066723700265e-05,2.4025382907903736e-05,0.00040824642670579344
186,186,186,185,953.549681971515,-9.841869622384536e-06,-6.561246414923023e-06,0.0007323014559335685,0.0005627077087332294,-3.1032898644978157e-06,8.724066723700265e-05,2.4025382907903736e-05,0.00040824642670579344
187,187,187,187,953.2346624398185,-9.581948821502095e-06,-6.3879658810013975e-06,0.0007398037327886195,0.000562545306927014,-1.8332200833817702e-06,8.027931335087432e-05,2.4485941605624506e-05,0.00039798161871003334
188,188,188,187,953.2346624398185,-9.581948821502095e-06,-6.3879658810013975e-06,0.0007398037327886195,0.000562545306927014,-1.8332200833817702e-06,8.027931335087432e-05,2.4485941605624506e-05,0.00039798161871003334
189,189,189,189,953.1768208659098,-9.19853535971682e-06,-6.13235690647788e-06,0.0007455652898097281,0.000565717968941355,-1.7014432124040635e-06,8.010863102897903e-05,2.4634506917135812e-05,0.0003989103145464501
190,190,190,189,953.1768208659098,-9.19853535971682e-06,-6.13235690647788e-06,0.0007455652898097281,0.000565717968941355,-1.7014432124040635e-06,8.010863102897903e-05,2.4634506917135812e-05,0.0003989103145464501
191,191,191,191,952.8516508248592,-8.739481845598807e-06,-5.826321230399204e-06,0.0007931333492873536,0.0006141654649481812,-2.2922122798405e-06,8.417201596468043e-05,2.3319817413332278e-05,0.0004032593475815599
192,192,192,191,952.8516508248592,-8.739481845598807e-06,-5.826321230399204e-06,0.0007931333492873536,0.0006141654649481812,-2.2922122798405e-06,8.417201596468043e-05,2.3319817413332278e-05,0.0004032593475815599
193,193,193,193,952.8302956582096,-8.476491015402265e-06,-5.650994010268176e-06,0.0007976394160280485,0.00061647913686667,-2.1554578028479265e-06,8.393728615115834e-05,2.3310332926011756e-05,0.000398715375059905
194,194,194,194,952.5392408132533,-8.566188986813827e-06,-5.710792657875885e-06,0.0008009440283990708,0.0006190293062324336,-2.44257478022869e-06,8.386793150701932e-05,2.289920557006081e-05,0.00039809435252620185
195,195,195,194,952.5392408132533,-8.566188986813827e-06,-5.710792657875885e-06,0.0008009440283990708,0.0006190293062324336,-2.44257478022869e-06,8.386793150701932e-05,2.289920557006081e-05,0.00039809435252620185
196,196,196,196,950.8216579229384,-8.158951118830693e-06,-5.439300745887129e-06,0.0007345675983413823,0.0005824790842442942,-4.539085208407623e-06,7.9588783609898e-05,2.8065841649091428e-05,0.0003712944698672067
197,197,197,196,950.8216579229384,-8.158951118830693e-06,-5.439300745887129e-06,0.0007345675983413823,0.0005824790842442942,-4.539085208407623e-06,7.9588783609898e-05,2.8065841649091428e-05,0.0003712944698672067
198,198,198,198,950.7446862669158,-7.937677783037556e-06,-5.291785188691703e-06,0.0007354585189485488,0.0005822605052740149,-4.594727976071911e-06,7.990640994024286e-05,2.8319849964160426e-05,0.0003639007274915814
199,199,199,198,950.7446862669158,-7.937677783037556e-06,-5.291785188691703e-06,0.0007354585189485488,0.0005822605052740149,-4.594727976071911e-06,7.990640994024286e-05,2.8319849964160426e-05,0.0003639007274915814
200,200,200,200,950.6833595977475,-7.671440708317823e-06,-5.1142938055452145e-06,0.000734500970801555,0.0005816271544395871,-4.5369230303460295e-06,7.988583421626537e-05,2.8263001438127988e-05,0.0003596810157858169
201,201,201,201,953.8639045446066,-7.346354971515812e-06,-4.897569981010543e-06,0.0007120830323640697,0.0005696136789360037,-3.4821874229720717e-06,8.525991739102875e-05,2.6035474568107675e-05,0.0003551536732123231
202,202,202,201,953.8639045446066,-7.346354971515812e-06,-4.897569981010543e-06,0.0007120830323640697,0.0005696136789360037,-3.4821874229720717e-06,8.525991739102875e-05,2.6035474568107675e-05,0.0003551536732123231
203,203,203,203,953.6439933705022,-7.016088138578347e-06,-4.677392092385564e-06,0.0007064766469893329,0.0005654888784289881,-3.6792049576128694e-06,8.563194687089057e-05,2.5936512456310734e-05,0.00033774645332334863
204,204,204,203,953.6439933705022,-7.016088138578347e-06,-4.677392092385564e-06,0.0007064766469893329,0.0005654888784289881,-3.6792049576128694e-06,8.563194687089057e-05,2.5936512456310734e-05,0.00033774645332334863
205,205,205,203,953.6439933705022,-7.016088138578347e-06,-4.677392092385564e-06,0.0007064766469893329,0.0005654888784289881,-3.6792049576128694e-06,8.563194687089057e-05,2.5936512456310734e-05,0.00033774645332334863
206,206,206,206,949.7277141934235,-7.820553509951811e-06,-5.213702339967874e-06,0.0006836002535421555,0.0005417105940635237,-6.0844580706265194e-06,8.578558896856227e-05,2.9301894371724924e-05,0.0003337152320259571
207,207,207,206,949.7277141934235,-7.820553509951811e-06,-5.213702339967874e-06,0.0006836002535421555,0.0005417105940635237,-6.0844580706265194e-06,8.578558896856227e-05,2.9301894371724924e-05,0.0003337152320259571
208,208,208,208,949.5840331052104,-7.925907163974788e-06,-5.283938109316525e-06,0.0006767347566144929,0.0005383703595874096,-5.908770202164848e-06,8.566515005724751e-05,2.9393569702697298e-05,0.00032491911517111197
209,209,209,208,949.5840331052104,-7.925907163974788e-06,-5.283938109316525e-06,0.0006767347566144929,0.0005383703595874096,-5.908770202164848e-06,8.566515005724751e-05,2.9393569702697298e-05,0.00032491911517111197
210,210,210,210,949.4864926806656,-7.89633597295114e-06,-5.264223981967427e-06,0.0006708520108024609,0.0005347482748606709,-5.711164129701407e-06,8.552978374744218e-05,2.9331291176985796e-05,0.0003189769847748336
211,211,211,210,949.1321442328674,-7.89633597295114e-06,-5.264223981967427e-06,0.0006708520108024609,0.0005347482748606709,-5.711164129701407e-06,8.552978374744218e-05,2.9331291176985796e-05,0.0003189769847748336
212,212,212,212,949.0563613260775,-7.785498205764574e-06,-5.190332137176383e-06,0.0007010365229690494,0.0005371513497370663,-5.161033730279041e-06,8.519620525686451e-05,2.8051509987858658e-05,0.0003102726188274542
213,213,213,212,949.0563613260775,-7.785498205764574e-06,-5.190332137176383e-06,0.0007010365229690494,0.0005371513497370663,-5.161033730279041e-06,8.519620525686451e-05,2.8051509987858658e-05,0.0003102726188274542
214,214,214,214,949.0100565892329,-7.884976763933293e-06,-5.256651175955528e-06,0.0007003154095112015,0.000536747599968759,-5.290220364377596e-06,8.521105472684088e-05,2.8008462908353515e-05,0.0003093027295417127
215,215,215,214,949.0100565892329,-7.884976763933293e-06,-5.256651175955528e-06,0.0007003154095112015,0.000536747599968759,-5.290220364377596e-06,8.521105472684088e-05,2.8008462908353515e-05,0.0003093027295417127
216,216,216,216,950.5177172613198,-8.065458628830902e-06,-5.376972419220602e-06,0.0008004935122287024,0.0006160799950632671,-5.599736138867106e-06,6.904855571610943e-05,2.6436512731702055e-05,0.00027263167966819294
217,217,217,216,950.5177172613198,-8.065458628830902e-06,-5.376972419220602e-06,0.0008004935122287024,0.0006160799950632671,-5.599736138867106e-06,6.904855571610943e-05,2.6436512731702055e-05,0.00027263167966819294
218,218,218,218,950.4713259961757,-7.935137426168248e-06,-5.2900916174454995e-06,0.0007978586610692789,0.0006118613090694996,-5.490921849184149e-06,6.889628865653899e-05,2.6453046277255532e-05,0.0002644532665264395
219,219,219,218,950.4713259961757,-7.935137426168248e-06,-5.2900916174454995e-06,0.0007978586610692789,0.0006118613090694996,-5.490921849184149e-06,6.889628865653899e-05,2.6453046277255532e-05,0.0002644532665264395
220,220,220,220,950.4475049949497,-7.833060410245007e-06,-5.222040273496671e-06,0.0007988099882486587,0.0006120287146853354,-5.488464359680589e-06,6.870170776152053e-05,2.6298908725116976e-05,0.000262353399675152
221,221,221,221,948.7848747920712,-7.288482123585238e-06,-4.858988082390159e-06,0.00079270708606753,0.0006079400362030292,-4.89447108232427e-06,7.797584126597101e-05,2.5963328442242528e-05,0.00028593125209973216
222,222,222,221,948.7848747920712,-7.288482123585238e-06,-4.858988082390159e-06,0.00079270708606753,0.0006079400362030292,-4.89447108232427e-06,7.797584126597101e-05,2.5963328442242528e-05,0.00028593125209973216
223,223,223,223,948.756853382848,-6.761894794149459e-06,-4.507929862766305e-06,0.0007942684080008258,0.0006097497522337425,-5.1320378002470135e-06,7.821368939522137e-05,2.6061496609046386e-05,0.0002862992503616087
224,224,224,223,948.756853382848,-6.761894794149459e-06,-4.507929862766305e-06,0.0007942684080008258,0.0006097497522337425,-5.1320378002470135e-06,7.821368939522137e-05,2.6061496609046386e-05,0.0002862992503616087
225,225,225,223,948.756853382848,-6.761894794149459e-06,-4.507929862766305e-06,0.0007942684080008258,0.0006097497522337425,-5.1320378002470135e-06,7.821368939522137e-05,2.6061496609046386e-05,0.0002862992503616087
226,226,226,226,948.5074516704422,-7.554625156891426e-06,-5.036416771260951e-06,0.0008325494916183664,0.0006107444476726059,-5.070351936371786e-06,6.434000803585404e-05,2.5049758035668168e-05,0.00027923493311579584
227,227,227,226,948.5074516704422,-7.554625156891426e-06,-5.036416771260951e-06,0.0008325494916183664,0.0006107444476726059,-5.070351936371786e-06,6.434000803585404e-05,2.5049758035668168e-05,0.00027923493311579584
228,228,228,228,948.4233457382257,-8.084690196308308e-06,-5.389793464205539e-06,0.0008348435073394998,0.0006137893609691818,-4.28817087634592e-06,6.401009069628751e-05,2.4186871054841796e-05,0.0002831705092614648
229,229,229,228,948.4233457382257,-8.084690196308308e-06,-5.389793464205539e-06,0.0008348435073394998,0.0006137893609691818,-4.28817087634592e-06,6.401009069628751e-05,2.4186871054841796e-05,0.0002831705092614648
230,230,230,230,948.3856839607142,-8.5513608001353e-06,-5.7009072000902e-06,0.0008343887498855927,0.0006144749874922984,-4.240677945299698e-06,6.39290688996871e-05,2.420471089053383e-05,0.00028830151733963123
231,231,231,231,948.6504510981738,-9.10008532045703e-06,-6.066723546971354e-06,0.0008854178225889547,0.0006519723530210612,-2.3572006083091845e-06,6.244569596418494e-05,2.145485675455333e-05,0.0002952096249756433
232,232,232,231,948.6504510981738,-9.10008532045703e-06,-6.066723546971354e-06,0.0008854178225889547,0.0006519723530210612,-2.3572006083091845e-06,6.244569596418494e-05,2.145485675455333e-05,0.0002952096249756433
233,233,233,233,948.5862058381151,-9.81991452572717e-06,-6.546609683818113e-06,0.0008852184596462948,0.0006531821438178016,-2.4292811316509177e-06,6.232485603535444e-05,2.1474202549082166e-05,0.0003035486010035628
234,234,234,233,948.5862058381151,-9.81991452572717e-06,-6.546609683818113e-06,0.0008852184596462948,0.0006531821438178016,-2.4292811316509177e-06,6.232485603535444e-05,2.1474202549082166e-05,0.0003035486010035628
235,235,235,233,948.5862058381151,-9.81991452572717e-06,-6.546609683818113e-06,0.0008852184596462948,0.0006531821438178016,-2.4292811316509177e-06,6.232485603535444e-05,2.1474202549082166e-05,0.0003035486010035628
236,236,236,236,946.5873205617908,-1.0221679181604548e-05,-6.814452787736365e-06,0.0008965922872514876,0.000624374438969527,-4.6887961365621456e-06,5.1878431047296625e-05,2.2537404628208968e-05,0.0003001915898503193
237,237,237,236,946.5873205617908,-1.0221679181604548e-05,-6.814452787736365e-06,0.0008965922872514876,0.000624374438969527,-4.6887961365621456e-06,5.1878431047296625e-05,2.2537404628208968e-05,0.0003001915898503193
238,238,238,238,946.5233134546104,-1.0298235213368478e-05,-6.865490142245652e-06,0.0008970051050318004,0.0006244008187569234,-4.568447068455106e-06,5.1806549950476975e-05,2.2235806672099567e-05,0.00030039651681652586
239,239,239,238,946.5233134546104,-1.0298235213368478e-05,-6.865490142245652e-06,0.0008970051050318004,0.0006244008187569234,-4.568447068455106e-06,5.1806549950476975e-05,2.2235806672099567e-05,0.00030039651681652586
240,240,240,240,946.4778550546566,-1.042094637962454e-05,-6.947297586416361e-06,0.0008977523155846767,0.0006253155246476326,-4.601580190555232e-06,5.190668919266069e-05,2.2268666842184537e-05,0.0002993942708493231
241,241,241,240,945.6280046451534,-1.042094637962454e-05,-6.947297586416361e-06,0.0008977523155846767,0.0006253155246476326,-4.601580190555232e-06,5.190668919266069e-05,2.2268666842184537e-05,0.0002993942708493231
242,242,242,242,945.4780729596291,-1.0605679184844119e-05,-7.07045278989608e-06,0.0008868907294392992,0.0006274321250414747,-4.3699132568561505e-06,5.011482128312053e-05,1.977534776129858e-05,0.00028710513897378036
243,243,243,242,945.4780729596291,-1.0605679184844119e-05,-7.07045278989608e-06,0.0008868907294392992,0.0006274321250414747,-4.3699132568561505e-06,5.011482128312053e-05,1.977534776129858e-05,0.00028710513897378036
244,244,244,244,945.4396747341481,-1.0878808678671525e-05,-7.252539119114352e-06,0.0008850154815536618,0.0006267915833655813,-5.086017329521131e-06,5.069142105554253e-05,2.0197464040645763e-05,0.0002869544838238377
245,245,245,244,945.4396747341481,-1.0878808678671525e-05,-7.252539119114352e-06,0.0008850154815536618,0.0006267915833655813,-5.086017329521131e-06,5.069142105554253e-05,2.0197464040645763e-05,0.0002869544838238377
246,246,246,246,946.598838464872,-1.046943258245503e-05,-6.979621721636685e-06,0.0008812716324888699,0.0005962589053181236,-4.977842693001944e-06,4.979148770576984e-05,2.253155339079771e-05,0.00031021834716599877
247,247,247,246,946.598838464872,-1.046943258245503e-05,-6.979621721636685e-06,0.0008812716324888699,0.0005962589053181236,-4.977842693001944e-06,4.979148770576984e-05,2.253155339079771e-05,0.00031021834716599877
248,248,248,248,946.5270963782732,-1.0480526153378023e-05,-6.98701743558535e-06,0.000879566780083693,0.0005947344167064106,-5.0036772925241e-06,4.98993260471079e-05,2.251959567652062e-05,0.0003079116105574531
249,249,249,248,946.5270963782732,-1.0480526153378023e-05,-6.98701743558535e-06,0.000879566780083693,0.0005947344167064106,-5.0036772925241e-06,4.98993260471079e-05,2.251959567652062e-05,0.0003079116105574531
250,250,250,250,946.4850089073918,-1.0623813833987583e-05,-7.082542555991721e-06,0.0008768786734930067,0.0005931519200950043,-5.137235012615815e-06,4.9836153548666175e-05,2.2434331916093564e-05,0.0003056991497102423
251,251,251,250,946.124376216517,-1.0623813833987583e-05,-7.082542555991721e-06,0.0008768786734930067,0.0005931519200950043,-5.137235012615815e-06,4.9836153548666175e-05,2.2434331916093564e-05,0.0003056991497102423
252,252,252,252,946.0896936638196,-1.050330182622572e-05,-7.002201217483813e-06,0.0008458671840291557,0.0005721985217277336,-4.918459888078597e-06,4.926834074368688e-05,2.257957948292172e-05,0.00030382199030198616
253,253,253,252,946.0896936638196,-1.050330182622572e-05,-7.002201217483813e-06,0.0008458671840291557,0.0005721985217277336,-4.918459888078597e-06,4.926834074368688e-05,2.257957948292172e-05,0.00030382199030198616
254,254,254,254,946.0749658769686,-1.0495590963666146e-05,-6.997060642444098e-06,0.0008437093265382043,0.0005716385284524732,-4.848883427943651e-06,4.916303485747663e-05,2.2594870689764124e-05,0.0003026953723689169
255,255,255,254,946.0749658769686,-1.0495590963666146e-05,-6.997060642444098e-06,0.0008437093265382043,0.0005716385284524732,-4.848883427943651e-06,4.916303485747663e-05,2.2594870689764124e-05,0.0003026953723689169
256,256,256,256,950.5164875052176,-1.0331612356084818e-05,-6.887741570723212e-06,0.000737288469062498,0.0005003549590005054,-6.397788738579657e-06,5.784419006665348e-05,2.4050060109540028e-05,0.0003040040410748783
257,257,257,256,950.5164875052176,-1.0331612356084818e-05,-6.887741570723212e-06,0.000737288469062498,0.0005003549590005054,-6.397788738579657e-06,5.784419006665348e-05,2.4050060109540028e-05,0.0003040040410748783
258,258,258,258,950.4492879274558,-1.040954559702878e-05,-6.939697064685853e-06,0.0007329917831316959,0.0004969203930780468,-5.849078448770528e-06,5.7304122186234816e-05,2.338136627804549e-05,0.00029611462324241166
259,259,259,258,950.4492879274558,-1.040954559702878e-05,-6.939697064685853e-06,0.0007329917831316959,0.0004969203930780468,-5.849078448770528e-06,5.7304122186234816e-05,2.338136627804549e-05,0.00029611462324241166
260,260,260,258,950.4492879274558,-1.040954559702878e-05,-6.939697064685853e-06,0.0007329917831316959,0.0004969203930780468,-5.849078448770528e-06,5.7304122186234816e-05,2.338136627804549e-05,0.00029611462324241166
261,261,261,261,950.4275307583156,-1.039769099447918e-05,-6.9317939963194535e-06,0.000732106772494787,0.0004958551267119848,-5.650889774611034e-06,5.7147833162449825e-05,2.3265198395128195e-05,0.00029335046141484763
262,262,262,261,950.4275307583156,-1.039769099447918e-05,-6.9317939963194535e-06,0.000732106772494787,0.0004958551267119848,-5.650889774611034e-06,5.7147833162449825e-05,2.3265198395128195e-05,0.00029335046141484763
263,263,263,263,950.4170283410812,-1.046053754516496e-05,-6.973691696776642e-06,0.000731313123859967,0.0004957018922063685,-5.568665204042089e-06,5.70166479064475e-05,2.3117488240062545e-05,0.0002915784646218655
264,264,264,263,950.4170283410812,-1.046053754516496e-05,-6.973691696776642e-06,0.000731313123859967,0.0004957018922063685,-5.568665204042089e-06,5.70166479064475e-05,2.3117488240062545e-05,0.0002915784646218655
265,265,265,263,950.4170283410812,-1.046053754516496e-05,-6.973691696776642e-06,0.000731313123859967,0.0004957018922063685,-5.568665204042089e-06,5.70166479064475e-05,2.3117488240062545e-05,0.0002915784646218655
266,266,266,266,950.4106833649074,-1.0510325885920713e-05,-7.00688392394714e-06,0.0007308773722000114,0.0004950436854267607,-5.566566267746487e-06,5.699501743650106e-05,2.3116014675313157e-05,0.0002913401480657156
267,267,267,266,950.4106833649074,-1.0510325885920713e-05,-7.00688392394714e-06,0.0007308773722000114,0.0004950436854267607,-5.566566267746487e-06,5.699501743650106e-05,2.3116014675313157e-05,0.0002913401480657156
268,268,268,268,950.4092227888789,-1.0567184577786604e-05,-7.044789718524401e-06,0.0007304294822517253,0.0004948464327483874,-5.598637188290734e-06,5.696675333983782e-05,2.3077619642306035e-05,0.0002911466878383771
269,269,269,268,950.4092227888789,-1.0567184577786604e-05,-7.044789718524401e-06,0.0007304294822517253,0.0004948464327483874,-5.598637188290734e-06,5.696675333983782e-05,2.3077619642306035e-05,0.0002911466878383771
270,270,270,270,950.408288477742,-1.058446982651895e-05,-7.056313217679298e-06,0.0007302804727759377,0.0004945823419394641,-5.602369830985665e-06,5.696915400607203e-05,2.3120245709835896e-05,0.0002911380160935391
271,271,271,270,950.408288477742,-1.058446982651895e-05,-7.056313217679298e-06,0.0007302804727759377,0.0004945823419394641,-5.602369830985665e-06,5.696915400607203e-05,2.3120245709835896e-05,0.0002911380160935391
272,272,272,272,950.4078796923616,-1.0622240288943319e-05,-7.0814935259622125e-06,0.0007298902580296467,0.000494472728505778,-5.608189992734047e-06,5.6928813906159315e-05,2.3086410134140478e-05,0.0002908799776136937
273,273,273,272,950.4078796923616,-1.0622240288943319e-05,-7.0814935259622125e-06,0.0007298902580296467,0.000494472728505778,-5.608189992734047e-06,5.6928813906159315e-05,2.3086410134140478e-05,0.0002908799776136937
274,274,274,274,950.4074157253738,-1.0634229605011036e-05,-7.089486403340691e-06,0.0007297596027582986,0.0004941798541956583,-5.613914272534215e-06,5.693799631626491e-05,2.313109033097449e-05,0.0002908933863225679
275,275,275,274,950.4074157253738,-1.0634229605011036e-05,-7.089486403340691e-06,0.0007297596027582986,0.0004941798541956583,-5.613914272534215e-06,5.693799631626491e-05,2.313109033097449e-05,0.0002908933863225679
276,276,276,274,950.4074157253738,-1.0634229605011036e-05,-7.089486403340691e-06,0.0007297596027582986,0.0004941798541956583,-5.613914272534215e-06,5.693799631626491e-05,2.313109033097449e-05,0.0002908933863225679
277,277,277,277,950.4060322398993,-1.0649366085441203e-05,-7.0995773902941365e-06,0.0007297159646286319,0.0004942954329027575,-5.604633428357708e-06,5.690989951473629e-05,2.3101400300935826e-05,0.0002907807032287669
278,278,278,277,950.4060322398993,-1.0649366085441203e-05,-7.0995773902941365e-06,0.0007297159646286319,0.0004942954329027575,-5.604633428357708e-06,5.690989951473629e-05,2.3101400300935826e-05,0.0002907807032287669
279,279,279,277,950.4060322398993,-1.0649366085441203e-05,-7.0995773902941365e-06,0.0007297159646286319,0.0004942954329027575,-5.604633428357708e-06,5.690989951473629e-05,2.3101400300935826e-05,0.0002907807032287669
280,280,280,280,950.4057623525493,-1.065205245576184e-05,-7.101368303841227e-06,0.0007296439946014675,0.000494150462014001,-5.609167094862422e-06,5.691122023000775e-05,2.311120170816333e-05,0.00029076037068881877
281,281,281,280,950.4057623525493,-1.065205245576184e-05,-7.101368303841227e-06,0.0007296439946014675,0.000494150462014001,-5.609167094862422e-06,5.691122023000775e-05,2.311120170816333e-05,0.00029076037068881877
282,282,282,282,950.4057197675693,-1.0660538834389444e-05,-7.107025889592963e-06,0.0007295839339535444,0.0004941446380328452,-5.6145992918671395e-06,5.690407415661142e-05,2.3101437115924384e-05,0.0002907160550566966
283,283,283,282,950.4057197675693,-1.0660538834389444e-05,-7.107025889592963e-06,0.0007295839339535444,0.0004941446380328452,-5.6145992918671395e-06,5.690407415661142e-05,2.3101437115924384e-05,0.0002907160550566966
284,284,284,284,950.4055797340976,-1.0657517932805005e-05,-7.105011955203337e-06,0.0007295983958004008,0.000494106460300516,-5.613399306797495e-06,5.690851226246582e-05,2.3110773089314585e-05,0.00029072947619604195
285,285,285,284,950.4055797340976,-1.0657517932805005e-05,-7.105011955203337e-06,0.0007295983958004008,0.000494106460300516,-5.613399306797495e-06,5.690851226246582e-05,2.3110773089314585e-05,0.00029072947619604195
286,286,286,286,950.4055372425753,-1.0659752650493681e-05,-7.1065017669957875e-06,0.0007295681360460762,0.0004941287334854899,-5.617746345089325e-06,5.690404802900191e-05,2.3101412029928603e-05,0.000290713584823827
287,287,287,286,950.4055372425753,-1.0659752650493681e-05,-7.1065017669957875e-06,0.0007295681360460762,0.0004941287334854899,-5.617746345089325e-06,5.690404802900191e-05,2.3101412029928603e-05,0.000290713584823827
288,288,288,288,950.405425236503,-1.065852210016538e-05,-7.105681400110252e-06,0.000729596843472915,0.0004941036691003774,-5.615491075285084e-06,5.690905326901061e-05,2.31108138363037e-05,0.00029073308296653593
289,289,289,288,950.405425236503,-1.065852210016538e-05,-7.105681400110252e-06,0.000729596843472915,0.0004941036691003774,-5.615491075285084e-06,5.690905326901061e-05,2.31108138363037e-05,0.00029073308296653593
290,290,290,290,950.4054191395755,-1.0663798385324164e-05,-7.109198923549443e-06,0.0007295711228847637,0.0004941309323314052,-5.618662736989188e-06,5.690440471813229e-05,2.310171444162845e-05,0.0002907147571650738
291,291,291,291,950.4053170068844,-1.0657844142031303e-05,-7.105229428020868e-06,0.0007295660198049966,0.0004940896582455414,-5.619750298280213e-06,5.6907267757899975e-05,2.3106932054053897e-05,0.00029072147976583944
292,292,292,291,950.4053170068844,-1.0657844142031303e-05,-7.105229428020868e-06,0.0007295660198049966,0.0004940896582455414,-5.619750298280213e-06,5.6907267757899975e-05,2.3106932054053897e-05,0.00029072147976583944
293,293,293,293,950.405294853151,-1.0658438235749967e-05,-7.105625490499977e-06,0.000729596886154247,0.0004941329301515562,-5.615019787880149e-06,5.690593112800555e-05,2.310738711772814e-05,0.0002907183023843921
294,294,294,293,950.405294853151,-1.0658438235749967e-05,-7.105625490499977e-06,0.000729596886154247,0.0004941329301515562,-5.615019787880149e-06,5.690593112800555e-05,2.310738711772814e-05,0.0002907183023843921
295,295,295,293,950.405294853151,-1.0658438235749967e-05,-7.105625490499977e-06,0.000729596886154247,0.0004941329301515562,-5.615019787880149e-06,5.690593112800555e-05,2.310738711772814e-05,0.0002907183023843921
296,296,296,296,950.405289379252,-1.0658151513270875e-05,-7.105434342180584e-06,0.0007296092258628036,0.000494133195697954,-5.614171648196664e-06,5.6906863022218685e-05,2.31093597851742e-05,0.00029072333617374027
297,297,297,296,950.405289379252,-1.0658151513270875e-05,-7.105434342180584e-06,0.0007296092258628036,0.000494133195697954,-5.614171648196664e-06,5.6906863022218685e-05,2.31093597851742e-05,0.00029072333617374027
298,298,298,298,950.4052800905052,-1.065654201884425e-05,-7.104361345896167e-06,0.0007296018854035615,0.0004941387306794894,-5.615587737942129e-06,5.690594826438465e-05,2.3107108533447496e-05,0.000290722832854164
299,299,299,298,950.4052800905052,-1.065654201884425e-05,-7.104361345896167e-06,0.0007296018854035615,0.0004941387306794894,-5.615587737942129e-06,5.690594826438465e-05,2.3107108533447496e-05,0.000290722832854164
300,300,300,300,950.4052746909563,-1.0656828932142925e-05,-7.104552621428618e-06,0.000729608619222216,0.0004941322729776012,-5.614703237885599e-06,5.690701132009935e-05,2.3109493548237325e-05,0.00029072605302753093
301,301,301,300,950.4052746909563,-1.0656828932142925e-05,-7.104552621428618e-06,0.000729608619222216,0.0004941322729776012,-5.614703237885599e-06,5.690701132009935e-05,2.3109493548237325e-05,0.00029072605302753093
302,302,302,302,950.4052676785035,-1.0656517756141293e-05,-7.104345170760863e-06,0.0007296039251018298,0.0004941394512404416,-5.615776127891603e-06,5.690537603955126e-05,2.310707404805379e-05,0.0002907214292941999
303,303,303,302,950.4052676785035,-1.0656517756141293e-05,-7.104345170760863e-06,0.0007296039251018298,0.0004941394512404416,-5.615776127891603e-06,5.690537603955126e-05,2.310707404805379e-05,0.0002907214292941999
304,304,304,304,950.4052642657613,-1.0655222143773901e-05,-7.1034814291826e-06,0.0007296079289604238,0.0004941312935241949,-5.6149072882039075e-06,5.690717303478004e-05,2.3109502459296716e-05,0.0002907239579249925
305,305,305,304,950.4052642657613,-1.0655222143773901e-05,-7.1034814291826e-06,0.0007296079289604238,0.0004941312935241949,-5.6149072882039075e-06,5.690717303478004e-05,2.3109502459296716e-05,0.0002907239579249925
306,306,306,306,950.4052622182674,-1.0660429812875405e-05,-7.106953208583603e-06,0.0007296027823184992,0.0004941392053299681,-5.616058920347722e-06,5.690601305543638e-05,2.310718598236977e-05,0.0002907232775558883
307,307,307,306,950.4052622182674,-1.0660429812875405e-05,-7.106953208583603e-06,0.0007296027823184992,0.0004941392053299681,-5.616058920347722e-06,5.690601305543638e-05,2.310718598236977e-05,0.0002907232775558883
308,308,308,308,950.4052585904828,-1.0658992247780663e-05,-7.105994831853775e-06,0.0007296081412057437,0.0004941320890706941,-5.615180932581898e-06,5.690715044563819e-05,2.310954833391332e-05,0.00029072704024843117
309,309,309,308,950.4052585904828,-1.0658992247780663e-05,-7.105994831853775e-06,0.0007296081412057437,0.0004941320890706941,-5.615180932581898e-06,5.690715044563819e-05,2.310954833391332e-05,0.00029072704024843117
310,310,310,310,950.4052564026211,-1.0659242935390223e-05,-7.1061619569268144e-06,0.0007296029713282332,0.0004941403538876799,-5.616370897125467e-06,5.6906105582109665e-05,2.310731058122184e-05,0.0002907261807828744
311,311,311,310,950.4052564026211,-1.0659242935390223e-05,-7.1061619569268144e-06,0.0007296029713282332,0.0004941403538876799,-5.616370897125467e-06,5.6906105582109665e-05,2.310731058122184e-05,0.0002907261807828744
312,312,312,312,950.4052528873033,-1.0658955782671953e-05,-7.105970521781302e-06,0.0007296096329158543,0.0004941339406457532,-5.615516830474732e-06,5.690726720427599e-05,2.310974591267917e-05,0.00029073009948561306
313,313,313,312,950.4052528873033,-1.0658955782671953e-05,-7.105970521781302e-06,0.0007296096329158543,0.0004941339406457532,-5.615516830474732e-06,5.690726720427599e-05,2.310974591267917e-05,0.00029073009948561306
314,314,314,314,950.4052506898288,-1.0659779297012006e-05,-7.106519531341338e-06,0.0007296052218485595,0.0004941425666039376,-5.616701049197814e-06,5.6905917056597325e-05,2.3107454053018783e-05,0.00029072868147383203
315,315,315,314,950.4052506898288,-1.0659779297012006e-05,-7.106519531341338e-06,0.0007296052218485595,0.0004941425666039376,-5.616701049197814e-06,5.6905917056597325e-05,2.3107454053018783e-05,0.00029072868147383203
316,316,316,316,950.4052471855305,-1.0659937158208344e-05,-7.106624772138897e-06,0.0007296097716108481,0.0004941345001136794,-5.615744085189778e-06,5.690727965490945e-05,2.3109812742574953e-05,0.0002907313806760967
317,317,317,316,950.4052471855305,-1.0659937158208344e-05,-7.106624772138897e-06,0.0007296097716108481,0.0004941345001136794,-5.615744085189778e-06,5.690727965490945e-05,2.3109812742574953e-05,0.0002907313806760967
318,318,318,318,950.4052449830083,-1.0659314163941058e-05,-7.106209442627372e-06,0.0007296040926552212,0.000494141549280687,-5.616879430549171e-06,5.690657186696993e-05,2.3107524237543642e-05,0.00029072928073552867
319,319,319,318,950.4052449830083,-1.0659314163941058e-05,-7.106209442627372e-06,0.0007296040926552212,0.000494141549280687,-5.616879430549171e-06,5.690657186696993e-05,2.3107524237543642e-05,0.00029072928073552867
320,320,320,320,950.4052414707553,-1.0659342441488029e-05,-7.106228294325352e-06,0.0007296107183143815,0.0004941355837101732,-5.616026544995323e-06,5.6907415177508125e-05,2.3109963586599724e-05,0.00029073341139482093
321,321,321,320,950.4052414707553,-1.0659342441488029e-05,-7.106228294325352e-06,0.0007296107183143815,0.0004941355837101732,-5.616026544995323e-06,5.6907415177508125e-05,2.3109963586599724e-05,0.00029073341139482093
322,322,322,322,950.4052390343927,-1.0658776159855332e-05,-7.105850773236887e-06,0.0007296051515071402,0.0004941428688844781,-5.6171218010686585e-06,5.690606842160731e-05,2.310761987198151e-05,0.00029073062630845963
323,323,323,322,950.4052390343927,-1.0658776159855332e-05,-7.105850773236887e-06,0.0007296051515071402,0.0004941428688844781,-5.6171218010686585e-06,5.690606842160731e-05,2.310761987198151e-05,0.00029073062630845963
324,324,324,324,950.4052358198101,-1.0660008899543438e-05,-7.106672599695625e-06,0.0007296100209468029,0.0004941350965990913,-5.61615349296829e-06,5.6907424001021334e-05,2.3109955767146306e-05,0.0002907330329099941
325,325,325,324,950.4052358198101,-1.0660008899543438e-05,-7.106672599695625e-06,0.0007296100209468029,0.0004941350965990913,-5.61615349296829e-06,5.6907424001021334e-05,2.3109955767146306e-05,0.0002907330329099941
326,326,326,326,950.4052333253107,-1.0659231220899734e-05,-7.10615414726649e-06,0.0007296044800878847,0.0004941422879566899,-5.617199884649926e-06,5.690632414326661e-05,2.310756753713672e-05,0.00029072971731402647
327,327,327,326,950.4052333253107,-1.0659231220899734e-05,-7.10615414726649e-06,0.0007296044800878847,0.0004941422879566899,-5.617199884649926e-06,5.690632414326661e-05,2.310756753713672e-05,0.00029072971731402647
328,328,328,328,950.4052301645365,-1.065929333129989e-05,-7.106195554199926e-06,0.00072961006481364,0.0004941346940110433,-5.616185504091209e-06,5.690735787954087e-05,2.3109862863857078e-05,0.0002907305021163088
329,329,329,328,950.4052301645365,-1.065929333129989e-05,-7.106195554199926e-06,0.00072961006481364,0.0004941346940110433,-5.616185504091209e-06,5.690735787954087e-05,2.3109862863857078e-05,0.0002907305021163088
330,330,330,330,950.4052276590679,-1.0661202034883965e-05,-7.107468023255977e-06,0.0007296025676322612,0.0004941410345471127,-5.61730997554466e-06,5.690610696706472e-05,2.310752201723637e-05,0.00029072833611353905
331,331,331,330,950.4052276590679,-1.0661202034883965e-05,-7.107468023255977e-06,0.0007296025676322612,0.0004941410345471127,-5.61730997554466e-06,5.690610696706472e-05,2.310752201723637e-05,0.00029072833611353905
332,332,332,332,950.4052244681056,-1.065848561698779e-05,-7.105657077991861e-06,0.0007296112217159452,0.0004941360505039286,-5.616422063571547e-06,5.69074624125064e-05,2.3109981989420658e-05,0.0002907322394475778
333,333,333,332,950.4052244681056,-1.065848561698779e-05,-7.105657077991861e-06,0.0007296112217159452,0.0004941360505039286,-5.616422063571547e-06,5.69074624125064e-05,2.3109981989420658e-05,0.0002907322394475778
334,334,334,334,950.4052219487792,-1.0656852762663815e-05,-7.104568508442544e-06,0.0007296039228560512,0.0004941424201585815,-5.617489075175619e-06,5.690637412840072e-05,2.3107581974192437e-05,0.0002907295858513166
335,335,335,334,950.4052219487792,-1.0656852762663815e-05,-7.104568508442544e-06,0.0007296039228560512,0.0004941424201585815,-5.617489075175619e-06,5.690637412840072e-05,2.3107581974192437e-05,0.0002907295858513166
336,336,336,336,950.4052187763407,-1.0659816610358863e-05,-7.1065444069059085e-06,0.0007296113518314853,0.0004941361114751378,-5.616580903783364e-06,5.6907449623230895e-05,2.310995817307593e-05,0.00029073216856395927
337,337,337,336,950.4052187763407,-1.0659816610358863e-05,-7.1065444069059085e-06,0.0007296113518314853,0.0004941361114751378,-5.616580903783364e-06,5.6907449623230895e-05,2.310995817307593e-05,0.00029073216856395927
338,338,338,338,950.4052162174819,-1.0660212750118747e-05,-7.106808500079165e-06,0.0007296048698789423,0.0004941430912453147,-5.617737476058815e-06,5.690645672466945e-05,2.3107675749804713e-05,0.0002907299818854091
339,339,339,338,950.4052162174819,-1.0660212750118747e-05,-7.106808500079165e-06,0.0007296048698789423,0.0004941430912453147,-5.617737476058815e-06,5.690645672466945e-05,2.3107675749804713e-05,0.0002907299818854091
340,340,340,340,950.405213053615,-1.0659286072828289e-05,-7.106190715218861e-06,0.0007296107004909256,0.0004941359399310476,-5.616824442764012e-06,5.690765577188439e-05,2.3110054885172593e-05,0.0002907336868741513
341,341,341,340,950.405213053615,-1.0659286072828289e-05,-7.106190715218861e-06,0.0007296107004909256,0.0004941359399310476,-5.616824442764012e-06,5.690765577188439e-05,2.3110054885172593e-05,0.0002907336868741513
342,342,342,342,950.4052105099397,-1.065841654096511e-05,-7.105611027310073e-06,0.0007296050351243765,0.0004941429368100762,-5.617880159236588e-06,5.690643047988489e-05,2.3107710489994604e-05,0.0002907306770581745
343,343,343,342,950.4052105099397,-1.065841654096511e-05,-7.105611027310073e-06,0.0007296050351243765,0.0004941429368100762,-5.617880159236588e-06,5.690643047988489e-05,2.3107710489994604e-05,0.0002907306770581745
344,344,344,344,950.4052073767904,-1.0659725768330519e-05,-7.1064838455536786e-06,0.0007296097095617827,0.0004941350427033952,-5.616830283029783e-06,5.690748675990391e-05,2.310993851844384e-05,0.00029073128208117766
345,345,345,344,950.4052073767904,-1.0659725768330519e-05,-7.1064838455536786e-06,0.0007296097095617827,0.0004941350427033952,-5.616830283029783e-06,5.690748675990391e-05,2.310993851844384e-05,0.00029073128208117766
346,346,346,346,950.405204780053,-1.0656843214662537e-05,-7.1045621431083585e-06,0.00072960446803874,0.0004941428043493927,-5.617991374523568e-06,5.690648242343494e-05,2.3107729627082352e-05,0.0002907295460911703
347,347,347,346,950.405204780053,-1.0656843214662537e-05,-7.1045621431083585e-06,0.00072960446803874,0.0004941428043493927,-5.617991374523568e-06,5.690648242343494e-05,2.3107729627082352e-05,0.0002907295460911703
348,348,348,348,950.4052016811969,-1.0658331863255821e-05,-7.10555457550388e-06,0.0007296107918305009,0.0004941359772739916,-5.617055734270793e-06,5.690770649552162e-05,2.3110048067209732e-05,0.0002907325670783853
349,349,349,348,950.4052016811969,-1.0658331863255821e-05,-7.10555457550388e-06,0.0007296107918305009,0.0004941359772739916,-5.617055734270793e-06,5.690770649552162e-05,2.3110048067209732e-05,0.0002907325670783853
350,350,350,350,950.4051989447559,-1.065681374892713e-05,-7.1045424992847534e-06,0.0007296055749833405,0.0004941434203055621,-5.6181259348447865e-06,5.690649517334738e-05,2.3107712171191452e-05,0.0002907285921776814
351,351,351,350,950.4051989447559,-1.065681374892713e-05,-7.1045424992847534e-06,0.0007296055749833405,0.0004941434203055621,-5.6181259348447865e-06,5.690649517334738e-05,2.3107712171191452e-05,0.0002907285921776814
352,352,352,352,950.4051960825491,-1.0659039439864237e-05,-7.106026293242823e-06,0.000729610772053637,0.0004941358515607851,-5.617212008368622e-06,5.690753188120877e-05,2.311001685419839e-05,0.00029073191352670027
353,353,353,352,950.4051960825491,-1.0659039439864237e-05,-7.106026293242823e-06,0.000729610772053637,0.0004941358515607851,-5.617212008368622e-06,5.690753188120877e-05,2.311001685419839e-05,0.00029073191352670027
354,354,354,354,950.4051932167253,-1.0656765413646907e-05,-7.104510275764604e-06,0.00072960348994833,0.0004941418387658699,-5.618183260967802e-06,5.6906432337043865e-05,2.3107619305580418e-05,0.0002907275297840108
355,355,355,354,950.4051932167253,-1.0656765413646907e-05,-7.104510275764604e-06,0.00072960348994833,0.0004941418387658699,-5.618183260967802e-06,5.6906432337043865e-05,2.3107619305580418e-05,0.0002907275297840108
356,356,356,356,950.4051904625962,-1.0658860123441416e-05,-7.105906748960945e-06,0.0007296077437475937,0.0004941337231825088,-5.617228035943722e-06,5.6907572208628166e-05,2.3109922695080387e-05,0.0002907293961288078
357,357,357,356,950.4051904625962,-1.0658860123441416e-05,-7.105906748960945e-06,0.0007296077437475937,0.0004941337231825088,-5.617228035943722e-06,5.6907572208628166e-05,2.3109922695080387e-05,0.0002907293961288078
358,358,358,358,950.405187571972,-1.0656648901541388e-05,-7.104432601027592e-06,0.0007296033982395789,0.000494141039657774,-5.618158484661795e-06,5.690634279686527e-05,2.3107426651708396e-05,0.000290724682916324
359,359,359,358,950.405187571972,-1.0656648901541388e-05,-7.104432601027592e-06,0.0007296033982395789,0.000494141039657774,-5.618158484661795e-06,5.690634279686527e-05,2.3107426651708396e-05,0.000290724682916324
360,360,360,360,950.4051847893525,-1.0657035273309301e-05,-7.1046901822062e-06,0.0007296083653475687,0.0004941338179969564,-5.6172635535742255e-06,5.6907471034248894e-05,2.3109829515595426e-05,0.00029072801314571496
361,361,361,360,950.4051847893525,-1.0657035273309301e-05,-7.1046901822062e-06,0.0007296083653475687,0.0004941338179969564,-5.6172635535742255e-06,5.6907471034248894e-05,2.3109829515595426e-05,0.00029072801314571496
362,362,362,362,950.4051818821827,-1.0658210799041612e-05,-7.105473866027741e-06,0.0007296029704294812,0.0004941412962311557,-5.618319377023728e-06,5.690637885530145e-05,2.3107505692523955e-05,0.0002907248824576962
363,363,363,362,950.4051818821827,-1.0658210799041612e-05,-7.105473866027741e-06,0.0007296029704294812,0.0004941412962311557,-5.618319377023728e-06,5.690637885530145e-05,2.3107505692523955e-05,0.0002907248824576962
364,364,364,364,950.4051790951214,-1.0657379070799777e-05,-7.104919380533185e-06,0.0007296100364268393,0.0004941350207963934,-5.617428683296621e-06,5.690752834695203e-05,2.310983470259209e-05,0.0002907280199232425
365,365,365,364,950.4051790951214,-1.0657379070799777e-05,-7.104919380533185e-06,0.0007296100364268393,0.0004941350207963934,-5.617428683296621e-06,5.690752834695203e-05,2.310983470259209e-05,0.0002907280199232425
366,366,366,366,950.4051761465405,-1.0656676389247943e-05,-7.104450926165296e-06,0.0007296034964211729,0.000494141870661797,-5.618554152118926e-06,5.690633527937301e-05,2.3107557473187046e-05,0.00029072595450906465
367,367,367,366,950.4051761465405,-1.0656676389247943e-05,-7.104450926165296e-06,0.0007296034964211729,0.000494141870661797,-5.618554152118926e-06,5.690633527937301e-05,2.3107557473187046e-05,0.00029072595450906465
368,368,368,368,950.405173378995,-1.0659364668180737e-05,-7.1062431121204925e-06,0.000729609699525645,0.000494135095103176,-5.6176328278936816e-06,5.6907707411421314e-05,2.310994142518119e-05,0.0002907287176654755
369,369,369,368,950.405173378995,-1.0659364668180737e-05,-7.1062431121204925e-06,0.000729609699525645,0.000494135095103176,-5.6176328278936816e-06,5.6907707411421314e-05,2.310994142518119e-05,0.0002907287176654755
370,370,370,370,950.4051704685918,-1.0656628008226532e-05,-7.104418672151021e-06,0.0007296048052108828,0.0004941424560493266,-5.6186762994528405e-06,5.690654955522458e-05,2.310757283702225e-05,0.0002907246941875839
371,371,371,370,950.4051704685918,-1.0656628008226532e-05,-7.104418672151021e-06,0.0007296048052108828,0.0004941424560493266,-5.6186762994528405e-06,5.690654955522458e-05,2.310757283702225e-05,0.0002907246941875839
372,372,372,372,950.4051677236033,-1.0656904337269513e-05,-7.104602891513008e-06,0.0007296097160545562,0.0004941348909323962,-5.617724362236287e-06,5.690776058206278e-05,2.3109927077429038e-05,0.00029072789588880515
373,373,373,372,950.4051677236033,-1.0656904337269513e-05,-7.104602891513008e-06,0.0007296097160545562,0.0004941348909323962,-5.617724362236287e-06,5.690776058206278e-05,2.3109927077429038e-05,0.00029072789588880515
374,374,374,374,950.4051647962899,-1.06599256134432e-05,-7.1066170756288e-06,0.0007296037020549517,0.0004941415045840154,-5.618702494727956e-06,5.690621249745161e-05,2.3107455023117784e-05,0.00029072279840558805
375,375,375,374,950.4051647962899,-1.06599256134432e-05,-7.1066170756288e-06,0.0007296037020549517,0.0004941415045840154,-5.618702494727956e-06,5.690621249745161e-05,2.3107455023117784e-05,0.00029072279840558805
376,376,376,376,950.4051620639918,-1.0657763087007499e-05,-7.1051753913383324e-06,0.000729609964149514,0.0004941346475214963,-5.6177631059528554e-06,5.690759036737241e-05,2.310980800748763e-05,0.00029072569565579505
377,377,377,376,950.4051620639918,-1.0657763087007499e-05,-7.1051753913383324e-06,0.000729609964149514,0.0004941346475214963,-5.6177631059528554e-06,5.690759036737241e-05,2.310980800748763e-05,0.00029072569565579505
378,378,378,378,950.4051591123377,-1.0656636571099165e-05,-7.104424380732777e-06,0.0007296041917013223,0.0004941420109239279,-5.6189272914300425e-06,5.690667477978631e-05,2.3107561520220588e-05,0.00029072348225997414
379,379,379,378,950.4051591123377,-1.0656636571099165e-05,-7.104424380732777e-06,0.0007296041917013223,0.0004941420109239279,-5.6189272914300425e-06,5.690667477978631e-05,2.3107561520220588e-05,0.00029072348225997414
380,380,380,380,950.4051563923583,-1.0655364820505442e-05,-7.1035765470036285e-06,0.0007296105216954744,0.0004941353239061306,-5.617975434774047e-06,5.6907583229970635e-05,2.3109880868683874e-05,0.00029072657645288027
381,381,381,380,950.4051563923583,-1.0655364820505442e-05,-7.1035765470036285e-06,0.0007296105216954744,0.0004941353239061306,-5.617975434774047e-06,5.6907583229970635e-05,2.3109880868683874e-05,0.00029072657645288027
382,382,382,382,950.4051534028793,-1.0656625982041756e-05,-7.104417321361171e-06,0.0007296044306278888,0.0004941420049193563,-5.619038055078296e-06,5.690703980732884e-05,2.3107509705959373e-05,0.00029072327188969153
383,383,383,382,950.4051534028793,-1.0656625982041756e-05,-7.104417321361171e-06,0.0007296044306278888,0.0004941420049193563,-5.619038055078296e-06,5.690703980732884e-05,2.3107509705959373e-05,0.00029072327188969153
384,384,384,384,950.4051507104339,-1.0657964266025388e-05,-7.1053095106835915e-06,0.0007296112850108167,0.0004941352697276271,-5.618154695088973e-06,5.6907587840223285e-05,2.3109927970818567e-05,0.0002907263912396088
385,385,385,384,950.4051507104339,-1.0657964266025388e-05,-7.1053095106835915e-06,0.0007296112850108167,0.0004941352697276271,-5.618154695088973e-06,5.6907587840223285e-05,2.3109927970818567e-05,0.0002907263912396088
386,386,386,386,950.4051477244733,-1.0656619956583846e-05,-7.10441330438923e-06,0.0007296059042391527,0.0004941425938463644,-5.619233832139525e-06,5.6906514931319874e-05,2.310758700995591e-05,0.0002907232808903382
387,387,387,386,950.4051477244733,-1.0656619956583846e-05,-7.10441330438923e-06,0.0007296059042391527,0.0004941425938463644,-5.619233832139525e-06,5.6906514931319874e-05,2.310758700995591e-05,0.0002907232808903382
388,388,388,388,950.4051450245372,-1.0657534323610385e-05,-7.105022882406923e-06,0.0007296107685899441,0.0004941351814958867,-5.618350017951024e-06,5.69076560879395e-05,2.3109971708415444e-05,0.00029072713847806274
389,389,389,388,950.4051450245372,-1.0657534323610385e-05,-7.105022882406923e-06,0.0007296107685899441,0.0004941351814958867,-5.618350017951024e-06,5.69076560879395e-05,2.3109971708415444e-05,0.00029072713847806274
390,390,390,390,950.40514202423,-1.0658889944531458e-05,-7.10592662968764e-06,0.0007296040363795757,0.0004941415645553081,-5.619476182841532e-06,5.6905966789357336e-05,2.310765788655217e-05,0.00029072455500644316
391,391,391,390,950.40514202423,-1.0658889944531458e-05,-7.10592662968764e-06,0.0007296040363795757,0.0004941415645553081,-5.619476182841532e-06,5.6905966789357336e-05,2.310765788655217e-05,0.00029072455500644316
392,392,392,392,950.4051393672996,-1.0657049553886022e-05,-7.104699702590682e-06,0.0007296138560902583,0.0004941371844156257,-5.618541745085193e-06,5.690767214681763e-05,2.3110082714224156e-05,0.00029072730285158036
393,393,393,392,950.4051393672996,-1.0657049553886022e-05,-7.104699702590682e-06,0.0007296138560902583,0.0004941371844156257,-5.618541745085193e-06,5.690767214681763e-05,2.3110082714224156e-05,0.00029072730285158036
394,394,394,394,950.405136337072,-1.0661069399842127e-05,-7.107379599894751e-06,0.000729607443735198,0.0004941491772053833,-5.619567773784695e-06,5.6906442869143613e-05,2.310760461959882e-05,0.0002907239176579367
395,395,395,394,950.405136337072,-1.0661069399842127e-05,-7.107379599894751e-06,0.000729607443735198,0.0004941491772053833,-5.619567773784695e-06,5.6906442869143613e-05,2.310760461959882e-05,0.0002907239176579367
396,396,396,396,950.4051336750513,-1.0657888477372257e-05,-7.1052589849148395e-06,0.0007296136535791439,0.0004941426600195026,-5.61869615338384e-06,5.6907701532405446e-05,2.3110024982800348e-05,0.0002907275366511522
397,397,397,396,950.4051336750513,-1.0657888477372257e-05,-7.1052589849148395e-06,0.0007296136535791439,0.0004941426600195026,-5.61869615338384e-06,5.6907701532405446e-05,2.3110024982800348e-05,0.0002907275366511522
398,398,398,398,950.4051306554557,-1.0660389041905471e-05,-7.1069260279369795e-06,0.0007296087323725347,0.0004941490233794135,-5.619635910947274e-06,5.690652488191132e-05,2.3107544560641013e-05,0.0002907224123069235
399,399,399,398,950.4051306554557,-1.0660389041905471e-05,-7.1069260279369795e-06,0.0007296087323725347,0.0004941490233794135,-5.619635910947274e-06,5.690652488191132e-05,2.3107544560641013e-05,0.0002907224123069235
400,400,400,400,950.40512800331,-1.0658646520583792e-05,-7.105764347055861e-06,0.0007296133467015967,0.0004941424128447069,-5.6188287081634924e-06,5.6907737363401676e-05,2.3110058833077096e-05,0.00029072732652413267
401,401,401,400,950.40512800331,-1.0658646520583792e-05,-7.105764347055861e-06,0.0007296133467015967,0.0004941424128447069,-5.6188287081634924e-06,5.6907737363401676e-05,2.3110058833077096e-05,0.00029072732652413267
402,402,402,402,950.4051249538184,-1.0659670180573899e-05,-7.106446787049264e-06,0.0007296066872030144,0.0004941487731071365,-5.62002821330454e-06,5.690672584327696e-05,2.3107802884982098e-05,0.0002907248560822226
403,403,403,402,950.4051249538184,-1.0659670180573899e-05,-7.106446787049264e-06,0.0007296066872030144,0.0004941487731071365,-5.62002821330454e-06,5.690672584327696e-05,2.3107802884982098e-05,0.0002907248560822226
404,404,404,404,950.4051223133534,-1.065791152685125e-05,-7.1052743512341675e-06,0.0007296128171027512,0.0004941419989690228,-5.6189978806311935e-06,5.6907728093796384e-05,2.311003632449876e-05,0.00029072755116781404
405,405,405,404,950.4051223133534,-1.065791152685125e-05,-7.1052743512341675e-06,0.0007296128171027512,0.0004941419989690228,-5.6189978806311935e-06,5.6907728093796384e-05,2.311003632449876e-05,0.00029072755116781404
406,406,406,406,950.405119243106,-1.0659625331116418e-05,-7.106416887410946e-06,0.0007296077529261557,0.000494150171603032,-5.620125866002967e-06,5.6906663254602174e-05,2.3107723393193946e-05,0.00029072526419841806
407,407,407,406,950.405119243106,-1.0659625331116418e-05,-7.106416887410946e-06,0.0007296077529261557,0.000494150171603032,-5.620125866002967e-06,5.6906663254602174e-05,2.3107723393193946e-05,0.00029072526419841806
408,408,408,408,950.4051166741936,-1.0655230510608904e-05,-7.103487007072603e-06,0.0007296139412463651,0.0004941425356776538,-5.619210041711564e-06,5.6907785225796564e-05,2.3110098229417453e-05,0.0002907277340905808
409,409,409,408,950.4051166741936,-1.0655230510608904e-05,-7.103487007072603e-06,0.0007296139412463651,0.0004941425356776538,-5.619210041711564e-06,5.6907785225796564e-05,2.3110098229417453e-05,0.0002907277340905808
410,410,410,410,950.4051135913134,-1.065824169646512e-05,-7.105494464310081e-06,0.0007296087828589613,0.0004941504623981387,-5.6202430319257646e-06,5.6906685888880475e-05,2.3107736287462932e-05,0.0002907245890373427
411,411,411,410,950.4051135913134,-1.065824169646512e-05,-7.105494464310081e-06,0.0007296087828589613,0.0004941504623981387,-5.6202430319257646e-06,5.6906685888880475e-05,2.3107736287462932e-05,0.0002907245890373427
412,412,412,412,950.4051109848785,-1.0655251789115638e-05,-7.1035011927437575e-06,0.0007296134087528719,0.0004941426042458404,-5.619341777604592e-06,5.690781114904511e-05,2.311011450267103e-05,0.0002907279619200643
413,413,413,412,950.4051109848785,-1.0655251789115638e-05,-7.1035011927437575e-06,0.0007296134087528719,0.0004941426042458404,-5.619341777604592e-06,5.690781114904511e-05,2.311011450267103e-05,0.0002907279619200643
414,414,414,414,950.4051079030548,-1.0660464239697909e-05,-7.106976159798607e-06,0.0007296060837206178,0.0004941486786979885,-5.620488551363878e-06,5.6907767608524475e-05,2.3107654006343514e-05,0.0002907268458417254
415,415,415,414,950.4051079030548,-1.0660464239697909e-05,-7.106976159798607e-06,0.0007296060837206178,0.0004941486786979885,-5.620488551363878e-06,5.6907767608524475e-05,2.3107654006343514e-05,0.0002907268458417254
416,416,416,416,950.4051052998043,-1.0656805840364436e-05,-7.104537226909625e-06,0.0007296138709335134,0.0004941429812862934,-5.6194930395658815e-06,5.6907830794354375e-05,2.3110151600225226e-05,0.00029072782722471246
417,417,417,416,950.4051052998043,-1.0656805840364436e-05,-7.104537226909625e-06,0.0007296138709335134,0.0004941429812862934,-5.6194930395658815e-06,5.6907830794354375e-05,2.3110151600225226e-05,0.00029072782722471246
418,418,418,418,950.4051022148976,-1.0658441233352134e-05,-7.105627488901422e-06,0.0007296074072977234,0.0004941496125015774,-5.620595464238265e-06,5.690670900094814e-05,2.3107828262973473e-05,0.00029072452746353885
419,419,419,418,950.4051022148976,-1.0658441233352134e-05,-7.105627488901422e-06,0.0007296074072977234,0.0004941496125015774,-5.620595464238265e-06,5.690670900094814e-05,2.3107828262973473e-05,0.00029072452746353885
420,420,420,420,950.4050996382394,-1.0657828179161388e-05,-7.105218786107591e-06,0.0007296137805135934,0.0004941426345023782,-5.61955741280179e-06,5.690780755218638e-05,2.311009132377473e-05,0.00029072736013956445
421,421,421,420,950.4050996382394,-1.0657828179161388e-05,-7.105218786107591e-06,0.0007296137805135934,0.0004941426345023782,-5.61955741280179e-06,5.690780755218638e-05,2.311009132377473e-05,0.00029072736013956445
422,422,422,422,950.4050965570414,-1.065666889948913e-05,-7.104445932992754e-06,0.0007296082852782016,0.0004941494338690316,-5.620678202054863e-06,5.6906567254865923e-05,2.3107755589585333e-05,0.00029072440143610876
423,423,423,422,950.4050965570414,-1.065666889948913e-05,-7.104445932992754e-06,0.0007296082852782016,0.0004941494338690316,-5.620678202054863e-06,5.6906567254865923e-05,2.3107755589585333e-05,0.00029072440143610876
424,424,424,424,950.4050939722181,-1.0656008371523473e-05,-7.104005581015649e-06,0.0007296157198197095,0.0004941431363550139,-5.619792959571379e-06,5.6907896437994605e-05,2.311024043304133e-05,0.00029072708619901294
425,425,425,424,950.4050939722181,-1.0656008371523473e-05,-7.104005581015649e-06,0.0007296157198197095,0.0004941431363550139,-5.619792959571379e-06,5.6907896437994605e-05,2.311024043304133e-05,0.00029072708619901294
426,426,426,426,950.4050908362622,-1.0659552286823581e-05,-7.106368191215721e-06,0.0007296075427631341,0.000494148784024935,-5.6208146856709384e-06,5.690702818202665e-05,2.310771422608937e-05,0.0002907233719280603
427,427,427,426,950.4050908362622,-1.0659552286823581e-05,-7.106368191215721e-06,0.0007296075427631341,0.000494148784024935,-5.6208146856709384e-06,5.690702818202665e-05,2.310771422608937e-05,0.0002907233719280603
428,428,428,428,950.405088272995,-1.0655369000855952e-05,-7.103579333903968e-06,0.0007296131752816693,0.0004941418910709705,-5.6199245472079995e-06,5.690787840681519e-05,2.311015804615235e-05,0.00029072717705478604
429,429,429,428,950.405088272995,-1.0655369000855952e-05,-7.103579333903968e-06,0.0007296131752816693,0.0004941418910709705,-5.6199245472079995e-06,5.690787840681519e-05,2.311015804615235e-05,0.00029072717705478604
430,430,430,430,950.4050851578161,-1.065730233190676e-05,-7.104868221271173e-06,0.0007296109993148034,0.0004941510485544,-5.62097150816343e-06,5.690674234035259e-05,2.3107797606745917e-05,0.00029072377807812884
431,431,431,430,950.4050851578161,-1.065730233190676e-05,-7.104868221271173e-06,0.0007296109993148034,0.0004941510485544,-5.62097150816343e-06,5.690674234035259e-05,2.3107797606745917e-05,0.00029072377807812884
432,432,432,432,950.4050826111645,-1.0658813362041109e-05,-7.105875574694072e-06,0.0007296136771388967,0.0004941420219720125,-5.6199680321944445e-06,5.690777469259859e-05,2.3110078469078255e-05,0.0002907270042207762
433,433,433,432,950.4050826111645,-1.0658813362041109e-05,-7.105875574694072e-06,0.0007296136771388967,0.0004941420219720125,-5.6199680321944445e-06,5.690777469259859e-05,2.3110078469078255e-05,0.0002907270042207762
434,434,434,434,950.4050794806004,-1.0656588371932285e-05,-7.104392247954858e-06,0.0007296068898016305,0.000494147884689954,-5.621100412030178e-06,5.690680307884442e-05,2.310779625087217e-05,0.00029072233470149513
435,435,435,434,950.4050794806004,-1.0656588371932285e-05,-7.104392247954858e-06,0.0007296068898016305,0.000494147884689954,-5.621100412030178e-06,5.690680307884442e-05,2.310779625087217e-05,0.00029072233470149513
436,436,436,436,950.4050769763553,-1.0658276430902669e-05,-7.10551762060178e-06,0.0007296130224352555,0.0004941414256174619,-5.620199992208141e-06,5.6907888625375245e-05,2.3110157062980474e-05,0.00029072650975509647
437,437,437,436,950.4050769763553,-1.0658276430902669e-05,-7.10551762060178e-06,0.0007296130224352555,0.0004941414256174619,-5.620199992208141e-06,5.6907888625375245e-05,2.3110157062980474e-05,0.00029072650975509647
438,438,438,438,950.4050738324686,-1.0656588633112252e-05,-7.104392422074835e-06,0.0007296090602819128,0.0004941495041930146,-5.621268017189096e-06,5.690687829617918e-05,2.3107858871947162e-05,0.00029072261223858344
439,439,439,438,950.4050738324686,-1.0656588633112252e-05,-7.104392422074835e-06,0.0007296090602819128,0.0004941495041930146,-5.621268017189096e-06,5.690687829617918e-05,2.3107858871947162e-05,0.00029072261223858344
440,440,440,440,950.4050714059651,-1.0655320629493481e-05,-7.1035470863289865e-06,0.0007296123078022018,0.0004941407849503498,-5.62039651096774e-06,5.6907943165633256e-05,2.3110220868545472e-05,0.0002907259630787252
441,441,441,440,950.4050714059651,-1.0655320629493481e-05,-7.1035470863289865e-06,0.0007296123078022018,0.0004941407849503498,-5.62039651096774e-06,5.6907943165633256e-05,2.3110220868545472e-05,0.0002907259630787252
442,442,442,442,950.4050682107928,-1.0659328411571911e-05,-7.106218941047941e-06,0.0007296091932177074,0.000494151581331554,-5.621522038638804e-06,5.6906831254174015e-05,2.3107937758302943e-05,0.00029072424985823026
443,443,443,442,950.4050682107928,-1.0659328411571911e-05,-7.106218941047941e-06,0.0007296091932177074,0.000494151581331554,-5.621522038638804e-06,5.6906831254174015e-05,2.3107937758302943e-05,0.00029072424985823026
444,444,444,444,950.4050657839562,-1.0655391119135382e-05,-7.103594079423587e-06,0.0007296140857840264,0.0004941422676447605,-5.620628777569525e-06,5.6908198689119036e-05,2.311034382148497e-05,0.000290727721735489
445,445,445,444,950.4050657839562,-1.0655391119135382e-05,-7.103594079423587e-06,0.0007296140857840264,0.0004941422676447605,-5.620628777569525e-06,5.6908198689119036e-05,2.311034382148497e-05,0.000290727721735489
446,446,446,446,950.4050625872804,-1.0659744655444614e-05,-7.1064964369630755e-06,0.0007296074531787017,0.0004941488187254939,-5.621650660939115e-06,5.69067237645468e-05,2.3107883789098838e-05,0.00029072418037053515
447,447,447,446,950.4050625872804,-1.0659744655444614e-05,-7.1064964369630755e-06,0.0007296074531787017,0.0004941488187254939,-5.621650660939115e-06,5.69067237645468e-05,2.3107883789098838e-05,0.00029072418037053515
448,448,448,448,950.4050600991644,-1.0659586424155432e-05,-7.106390949436956e-06,0.0007296144699624885,0.0004941422726574967,-5.620669927215716e-06,5.6907767686511083e-05,2.311018589970515e-05,0.0002907273920005418
449,449,449,448,950.4050600991644,-1.0659586424155432e-05,-7.106390949436956e-06,0.0007296144699624885,0.0004941422726574967,-5.620669927215716e-06,5.6907767686511083e-05,2.311018589970515e-05,0.0002907273920005418
450,450,450,450,950.4050568865262,-1.0658473397900936e-05,-7.105648931933958e-06,0.0007296104223782321,0.0004941505256975945,-5.621647747727776e-06,5.690684716699148e-05,2.3107971238729708e-05,0.0002907242066815238
451,451,451,450,950.4050568865262,-1.0658473397900936e-05,-7.105648931933958e-06,0.0007296104223782321,0.0004941505256975945,-5.621647747727776e-06,5.690684716699148e-05,2.3107971238729708e-05,0.0002907242066815238
452,452,452,452,950.4050544099919,-1.0655404194731544e-05,-7.103602796487696e-06,0.0007296139772616043,0.0004941423487437699,-5.620881772028241e-06,5.690804329786674e-05,2.3110296432184152e-05,0.00029072780116461204
453,453,453,452,950.4050544099919,-1.0655404194731544e-05,-7.103602796487696e-06,0.0007296139772616043,0.0004941423487437699,-5.620881772028241e-06,5.690804329786674e-05,2.3110296432184152e-05,0.00029072780116461204
454,454,454,454,950.4050511989079,-1.065883313935978e-05,-7.105888759573187e-06,0.000729606128270327,0.000494148077465317,-5.621963827057153e-06,5.690693263156568e-05,2.3107882403478053e-05,0.00029072449909476987
455,455,455,454,950.4050511989079,-1.065883313935978e-05,-7.105888759573187e-06,0.000729606128270327,0.000494148077465317,-5.621963827057153e-06,5.690693263156568e-05,2.3107882403478053e-05,0.00029072449909476987
456,456,456,456,950.4050487527008,-1.0657346388748268e-05,-7.104897592498846e-06,0.0007296147779401338,0.0004941428153595002,-5.621044587851565e-06,5.690808966759414e-05,2.3110352939358092e-05,0.0002907280234435506
457,457,457,456,950.4050487527008,-1.0657346388748268e-05,-7.104897592498846e-06,0.0007296147779401338,0.0004941428153595002,-5.621044587851565e-06,5.690808966759414e-05,2.3110352939358092e-05,0.0002907280234435506
458,458,458,458,950.4050455206757,-1.0656649415102804e-05,-7.104432943401869e-06,0.0007296079453317779,0.0004941490978405508,-5.622066313389074e-06,5.690694332679508e-05,2.310790326014861e-05,0.0002907236530023561
459,459,459,458,950.4050455206757,-1.0656649415102804e-05,-7.104432943401869e-06,0.0007296079453317779,0.0004941490978405508,-5.622066313389074e-06,5.690694332679508e-05,2.310790326014861e-05,0.0002907236530023561
460,460,460,460,950.4050430790901,-1.0657842407002516e-05,-7.105228271335011e-06,0.0007296144042476515,0.0004941424076434107,-5.6211991234442205e-06,5.690811874418945e-05,2.3110333012277273e-05,0.00029072771709173236
461,461,461,460,950.4050430790901,-1.0657842407002516e-05,-7.105228271335011e-06,0.0007296144042476515,0.0004941424076434107,-5.6211991234442205e-06,5.690811874418945e-05,2.3110333012277273e-05,0.00029072771709173236
462,462,462,462,950.4050398915433,-1.0656591975272134e-05,-7.1043946501814234e-06,0.000729605037757888,0.0004941467334333512,-5.622231382930443e-06,5.6906923579638854e-05,2.3107851304667026e-05,0.0002907228265388582
463,463,463,462,950.4050398915433,-1.0656591975272134e-05,-7.1043946501814234e-06,0.000729605037757888,0.0004941467334333512,-5.622231382930443e-06,5.6906923579638854e-05,2.3107851304667026e-05,0.0002907228265388582
464,464,464,464,950.4050374691151,-1.065683900072778e-05,-7.10455933381852e-06,0.0007296140705273031,0.0004941420695446508,-5.621245978901235e-06,5.6907875063431685e-05,2.311025965989061e-05,0.000290726563540953
465,465,465,464,950.4050374691151,-1.065683900072778e-05,-7.10455933381852e-06,0.0007296140705273031,0.0004941420695446508,-5.621245978901235e-06,5.6907875063431685e-05,2.311025965989061e-05,0.000290726563540953
466,466,466,466,950.4050342481291,-1.0656580872875354e-05,-7.10438724858357e-06,0.0007296092488189755,0.0004941491901124624,-5.622374394720353e-06,5.6907086775553176e-05,2.3108002300507857e-05,0.0002907228166452166
467,467,467,466,950.4050342481291,-1.0656580872875354e-05,-7.10438724858357e-06,0.0007296092488189755,0.0004941491901124624,-5.622374394720353e-06,5.6907086775553176e-05,2.3108002300507857e-05,0.0002907228166452166
468,468,468,468,950.4050318356987,-1.0657150960324824e-05,-7.104767306883217e-06,0.0007296151121425684,0.0004941425363279453,-5.621442908811114e-06,5.6908122823820014e-05,2.3110330621002595e-05,0.00029072668192699463
469,469,469,468,950.4050318356987,-1.0657150960324824e-05,-7.104767306883217e-06,0.0007296151121425684,0.0004941425363279453,-5.621442908811114e-06,5.6908122823820014e-05,2.3110330621002595e-05,0.00029072668192699463
470,470,470,470,950.4050285837342,-1.0656559585320302e-05,-7.104373056880202e-06,0.0007296110043292259,0.0004941505851335562,-5.622453130800509e-06,5.690702855137105e-05,2.3107939884248196e-05,0.000290722419754494
471,471,471,470,950.4050285837342,-1.0656559585320302e-05,-7.104373056880202e-06,0.0007296110043292259,0.0004941505851335562,-5.622453130800509e-06,5.690702855137105e-05,2.3107939884248196e-05,0.000290722419754494
472,472,472,472,950.4050262016412,-1.0655379546475885e-05,-7.103586364317257e-06,0.0007296103063770099,0.00049413938877121,-5.621647002261587e-06,5.690801224249317e-05,2.3110262993911168e-05,0.0002907253605911233
473,473,473,472,950.4050262016412,-1.0655379546475885e-05,-7.103586364317257e-06,0.0007296103063770099,0.00049413938877121,-5.621647002261587e-06,5.690801224249317e-05,2.3110262993911168e-05,0.0002907253605911233
474,474,474,474,950.405022893654,-1.0657543891540167e-05,-7.105029261026777e-06,0.0007296039273765651,0.0004941478406429666,-5.621969675774496e-06,5.6906390577744985e-05,2.310681818324528e-05,0.0002907223634013333
475,475,475,474,950.405022893654,-1.0657543891540167e-05,-7.105029261026777e-06,0.0007296039273765651,0.0004941478406429666,-5.621969675774496e-06,5.6906390577744985e-05,2.310681818324528e-05,0.0002907223634013333
476,476,476,476,950.4050204992308,-1.0657957405929563e-05,-7.105304937286376e-06,0.0007296137375676161,0.0004941419179618986,-5.621840412674273e-06,5.69082077087765e-05,2.311043720278766e-05,0.00029072749070082563
477,477,477,476,950.4050204992308,-1.0657957405929563e-05,-7.105304937286376e-06,0.0007296137375676161,0.0004941419179618986,-5.621840412674273e-06,5.69082077087765e-05,2.311043720278766e-05,0.00029072749070082563
478,478,478,478,950.4050171834645,-1.0659273322333185e-05,-7.10618221488879e-06,0.0007296076383427518,0.0004941487038213289,-5.622793265595838e-06,5.690734760238472e-05,2.310778288970583e-05,0.000290722970669379
479,479,479,478,950.4050171834645,-1.0659273322333185e-05,-7.10618221488879e-06,0.0007296076383427518,0.0004941487038213289,-5.622793265595838e-06,5.690734760238472e-05,2.310778288970583e-05,0.000290722970669379
480,480,480,480,950.4050148457995,-1.0658735248830764e-05,-7.10582349922051e-06,0.0007296151654313425,0.0004941424564795561,-5.621968028175772e-06,5.6908194371905315e-05,2.3110392434411153e-05,0.00029072732019251395
481,481,481,480,950.4050148457995,-1.0658735248830764e-05,-7.10582349922051e-06,0.0007296151654313425,0.0004941424564795561,-5.621968028175772e-06,5.6908194371905315e-05,2.3110392434411153e-05,0.00029072732019251395
482,482,482,482,950.4050115450252,-1.065658415805304e-05,-7.104389438702027e-06,0.0007296103374883388,0.0004941503401437231,-5.623023219110401e-06,5.690719421339545e-05,2.3108107013829204e-05,0.00029072328707404347
483,483,483,482,950.4050115450252,-1.065658415805304e-05,-7.104389438702027e-06,0.0007296103374883388,0.0004941503401437231,-5.623023219110401e-06,5.690719421339545e-05,2.3108107013829204e-05,0.00029072328707404347
484,484,484,484,950.4050091993126,-1.0655353577443405e-05,-7.103569051628937e-06,0.0007296139898580332,0.0004941419676017286,-5.62214095963659e-06,5.690823379174364e-05,2.3110425338632168e-05,0.00029072745618085585
485,485,485,484,950.4050091993126,-1.0655353577443405e-05,-7.103569051628937e-06,0.0007296139898580332,0.0004941419676017286,-5.62214095963659e-06,5.690823379174364e-05,2.3110425338632168e-05,0.00029072745618085585
486,486,486,486,950.4050058484002,-1.0656631862143717e-05,-7.1044212414291446e-06,0.0007296077239479608,0.000494148639564408,-5.623216484493265e-06,5.6907164844206796e-05,2.3108070930775992e-05,0.00029072440257271097
487,487,487,486,950.4050058484002,-1.0656631862143717e-05,-7.1044212414291446e-06,0.0007296077239479608,0.000494148639564408,-5.623216484493265e-06,5.6907164844206796e-05,2.3108070930775992e-05,0.00029072440257271097
488,488,488,488,950.4050035107848,-1.0656385562218817e-05,-7.104257041479212e-06,0.0007296142064033709,0.0004941425436994223,-5.6223617776046675e-06,5.690831926586917e-05,2.3110509244118893e-05,0.00029072893829877854
489,489,489,488,950.4050035107848,-1.0656385562218817e-05,-7.104257041479212e-06,0.0007296142064033709,0.0004941425436994223,-5.6223617776046675e-06,5.690831926586917e-05,2.3110509244118893e-05,0.00029072893829877854
490,490,490,490,950.4050001615815,-1.0656542605375074e-05,-7.104361736916718e-06,0.0007296068518470155,0.0004941455560200151,-5.623237509883028e-06,5.690725729727401e-05,2.310796191166975e-05,0.00029072237222883883
491,491,491,490,950.4050001615815,-1.0656542605375074e-05,-7.104361736916718e-06,0.0007296068518470155,0.0004941455560200151,-5.623237509883028e-06,5.690725729727401e-05,2.310796191166975e-05,0.00029072237222883883
492,492,492,492,950.4049978666565,-1.065530264213188e-05,-7.103535094754588e-06,0.0007296134531613929,0.0004941397182444843,-5.622431294288743e-06,5.690827534813942e-05,2.3110474668901204e-05,0.0002907269319136484
493,493,493,492,950.4049978666565,-1.065530264213188e-05,-7.103535094754588e-06,0.0007296134531613929,0.0004941397182444843,-5.622431294288743e-06,5.690827534813942e-05,2.3110474668901204e-05,0.0002907269319136484
494,494,494,494,950.4049945253228,-1.0656573421224946e-05,-7.104382280816631e-06,0.0007296071369857603,0.000494146123353024,-5.623472494831194e-06,5.690716791500565e-05,2.3108053727016742e-05,0.0002907234304532628
495,495,495,494,950.4049945253228,-1.0656573421224946e-05,-7.104382280816631e-06,0.0007296071369857603,0.000494146123353024,-5.623472494831194e-06,5.690716791500565e-05,2.3108053727016742e-05,0.0002907234304532628
496,496,496,496,950.4049922882558,-1.065773637495826e-05,-7.105157583305507e-06,0.0007296123734905187,0.0004941397359443225,-5.622583371889256e-06,5.690842029283854e-05,2.3110492581031317e-05,0.0002907273062022004
497,497,497,496,950.4049922882558,-1.065773637495826e-05,-7.105157583305507e-06,0.0007296123734905187,0.0004941397359443225,-5.622583371889256e-06,5.690842029283854e-05,2.3110492581031317e-05,0.0002907273062022004
498,498,498,498,950.4049889260755,-1.0658713508887585e-05,-7.105809005925057e-06,0.0007296067826915127,0.0004941470373538634,-5.623657199291254e-06,5.6907134345108235e-05,2.310807033237966e-05,0.00029072408641894076
499,499,499,498,950.4049889260755,-1.0658713508887585e-05,-7.105809005925057e-06,0.0007296067826915127,0.0004941470373538634,-5.623657199291254e-06,5.6907134345108235e-05,2.310807033237966e-05,0.00029072408641894076
500,500,500,500,950.4049866634791,-1.0658094527465911e-05,-7.1053963516439405e-06,0.0007296136831100152,0.0004941401500355041,-5.622772273596033e-06,5.690834082401742e-05,2.3110507352278042e-05,0.00029072756574738217
501,501,501,500,950.4049866634791,-1.0658094527465911e-05,-7.1053963516439405e-06,0.0007296136831100152,0.0004941401500355041,-5.622772273596033e-06,5.690834082401742e-05,2.3110507352278042e-05,0.00029072756574738217
502,502,502,502,950.4049832630587,-1.0656532058617163e-05,-7.1043547057447745e-06,0.0007296064552143551,0.0004941454169374343,-5.623752171571295e-06,5.6907229871726874e-05,2.3108063631135933e-05,0.0002907226660420129
503,503,503,502,950.4049832630587,-1.0656532058617163e-05,-7.1043547057447745e-06,0.0007296064552143551,0.0004941454169374343,-5.623752171571295e-06,5.6907229871726874e-05,2.3108063631135933e-05,0.0002907226660420129
504,504,504,504,950.4049809866773,-1.0656975548722913e-05,-7.104650365815274e-06,0.0007296129002063244,0.0004941395499442779,-5.622912169649108e-06,5.6908291646303615e-05,2.3110510221378833e-05,0.0002907268422490636
505,505,505,504,950.4049809866773,-1.0656975548722913e-05,-7.104650365815274e-06,0.0007296129002063244,0.0004941395499442779,-5.622912169649108e-06,5.6908291646303615e-05,2.3110510221378833e-05,0.0002907268422490636
506,506,506,506,950.404977615772,-1.0657824769610968e-05,-7.105216513073979e-06,0.0007296069371007951,0.000494146162558476,-5.6239612925626514e-06,5.6907203519235755e-05,2.3108070604183073e-05,0.0002907229583666632
507,507,507,506,950.404977615772,-1.0657824769610968e-05,-7.105216513073979e-06,0.0007296069371007951,0.000494146162558476,-5.6239612925626514e-06,5.6907203519235755e-05,2.3108070604183073e-05,0.0002907229583666632
508,508,508,508,950.4049753856942,-1.0659624793990519e-05,-7.106416529327013e-06,0.0007296141209133128,0.0004941405248024948,-5.623003141753957e-06,5.690829047633564e-05,2.311045738864065e-05,0.0002907265000285865
509,509,509,508,950.4049753856942,-1.0659624793990519e-05,-7.106416529327013e-06,0.0007296141209133128,0.0004941405248024948,-5.623003141753957e-06,5.690829047633564e-05,2.311045738864065e-05,0.0002907265000285865
510,510,510,510,950.4049719593819,-1.0658808369173878e-05,-7.105872246115919e-06,0.00072960694532578,0.0004941461383074403,-5.6240620392652985e-06,5.690725144889925e-05,2.3108125735353535e-05,0.00029072249221468057
511,511,511,510,950.4049719593819,-1.0658808369173878e-05,-7.105872246115919e-06,0.00072960694532578,0.0004941461383074403,-5.6240620392652985e-06,5.690725144889925e-05,2.3108125735353535e-05,0.00029072249221468057
512,512,512,512,950.4049697540253,-1.0657213065118354e-05,-7.104808710078902e-06,0.0007296140764000467,0.0004941404807410914,-5.623238831096999e-06,5.690838794537103e-05,2.311054703303672e-05,0.0002907272968732068
513,513,513,512,950.4049697540253,-1.0657213065118354e-05,-7.104808710078902e-06,0.0007296140764000467,0.0004941404807410914,-5.623238831096999e-06,5.690838794537103e-05,2.311054703303672e-05,0.0002907272968732068
514,514,514,514,950.4049663581509,-1.0658861201773284e-05,-7.105907467848856e-06,0.0007296070391734355,0.0004941467270031096,-5.624317161355419e-06,5.6907283552855515e-05,2.310818028998518e-05,0.00029072313513046726
515,515,515,514,950.4049663581509,-1.0658861201773284e-05,-7.105907467848856e-06,0.0007296070391734355,0.0004941467270031096,-5.624317161355419e-06,5.6907283552855515e-05,2.310818028998518e-05,0.00029072313513046726
516,516,516,516,950.4049641804168,-1.0658165346733028e-05,-7.105443564488687e-06,0.0007296140263702615,0.000494140754460072,-5.623418332968699e-06,5.690843615691537e-05,2.311060426742062e-05,0.00029072775068497
517,517,517,516,950.4049641804168,-1.0658165346733028e-05,-7.105443564488687e-06,0.0007296140263702615,0.000494140754460072,-5.623418332968699e-06,5.690843615691537e-05,2.311060426742062e-05,0.00029072775068497
518,518,518,518,950.4049607155596,-1.0656573113526635e-05,-7.104382075684424e-06,0.0007296077349948719,0.0004941470088954341,-5.6244092843105165e-06,5.690731088671793e-05,2.3108177828620735e-05,0.0002907233339864858
519,519,519,518,950.4049607155596,-1.0656573113526635e-05,-7.104382075684424e-06,0.0007296077349948719,0.0004941470088954341,-5.6244092843105165e-06,5.690731088671793e-05,2.3108177828620735e-05,0.0002907233339864858
520,520,520,520,950.4049585162702,-1.0655305253209901e-05,-7.103536835473268e-06,0.0007296125514634275,0.0004941396780468202,-5.62354013472488e-06,5.690845801518451e-05,2.3110591358913024e-05,0.00029072714234618525
521,521,521,520,950.4049585162702,-1.0655305253209901e-05,-7.103536835473268e-06,0.0007296125514634275,0.0004941396780468202,-5.62354013472488e-06,5.690845801518451e-05,2.3110591358913024e-05,0.00029072714234618525
522,522,522,522,950.4049549916408,-1.0656621174248704e-05,-7.1044141161658025e-06,0.0007296088188948477,0.0004941482869763367,-5.624650001860576e-06,5.690736358564951e-05,2.310822781363686e-05,0.0002907246521772008
523,523,523,522,950.4049549916408,-1.0656621174248704e-05,-7.1044141161658025e-06,0.0007296088188948477,0.0004941482869763367,-5.624650001860576e-06,5.690736358564951e-05,2.310822781363686e-05,0.0002907246521772008
524,524,524,524,950.4049528352141,-1.0655321071251223e-05,-7.103547380834148e-06,0.0007296144141991628,0.0004941413024259601,-5.623746494633208e-06,5.6908326034580055e-05,2.311064289462622e-05,0.0002907278024753685
525,525,525,524,950.4049528352141,-1.0655321071251223e-05,-7.103547380834148e-06,0.0007296144141991628,0.0004941413024259601,-5.623746494633208e-06,5.6908326034580055e-05,2.311064289462622e-05,0.0002907278024753685
526,526,526,526,950.4049493109961,-1.0656563526140195e-05,-7.104375684093464e-06,0.0007296075767393141,0.0004941474053622053,-5.624754634829532e-06,5.690737025865364e-05,2.310826036759639e-05,0.00029072342128820755
527,527,527,526,950.4049493109961,-1.0656563526140195e-05,-7.104375684093464e-06,0.0007296075767393141,0.0004941474053622053,-5.624754634829532e-06,5.690737025865364e-05,2.310826036759639e-05,0.00029072342128820755
528,528,528,528,950.4049471744414,-1.0656921156648735e-05,-7.10461410443249e-06,0.0007296143429327043,0.0004941412885692728,-5.623877675949018e-06,5.690848391045444e-05,2.311066541365453e-05,0.00029072765947516904
529,529,529,528,950.4049471744414,-1.0656921156648735e-05,-7.10461410443249e-06,0.0007296143429327043,0.0004941412885692728,-5.623877675949018e-06,5.690848391045444e-05,2.311066541365453e-05,0.00029072765947516904
530,530,530,530,950.4049436362876,-1.0656609389425586e-05,-7.1044062596170585e-06,0.0007296069110761246,0.0004941474124744639,-5.625015582925996e-06,5.6907433890398134e-05,2.3108356987079637e-05,0.00029072500312185047
531,531,531,530,950.4049436362876,-1.0656609389425586e-05,-7.1044062596170585e-06,0.0007296069110761246,0.0004941474124744639,-5.625015582925996e-06,5.6907433890398134e-05,2.3108356987079637e-05,0.00029072500312185047
532,532,532,532,950.4049414966048,-1.0657603713881691e-05,-7.1050691425877935e-06,0.0007296141908096965,0.0004941411857006235,-5.624067261691956e-06,5.690852572636813e-05,2.3110649572243014e-05,0.00029072794241681886
533,533,533,532,950.4049414966048,-1.0657603713881691e-05,-7.1050691425877935e-06,0.0007296141908096965,0.0004941411857006235,-5.624067261691956e-06,5.690852572636813e-05,2.3110649572243014e-05,0.00029072794241681886
534,534,534,534,950.4049380224242,-1.0656557295540825e-05,-7.104371530360551e-06,0.0007296072932412005,0.0004941473552835445,-5.625052829361099e-06,5.6907378893912124e-05,2.3108251108253097e-05,0.00029072309736360654
535,535,535,534,950.4049380224242,-1.0656557295540825e-05,-7.104371530360551e-06,0.0007296072932412005,0.0004941473552835445,-5.625052829361099e-06,5.6907378893912124e-05,2.3108251108253097e-05,0.00029072309736360654
536,536,536,536,950.4049359231483,-1.065783243722751e-05,-7.105221624818339e-06,0.0007296159413554194,0.0004941423894350976,-5.624184865118953e-06,5.6908518488940995e-05,2.3110692589395354e-05,0.0002907272401035978
537,537,537,536,950.4049359231483,-1.065783243722751e-05,-7.105221624818339e-06,0.0007296159413554194,0.0004941423894350976,-5.624184865118953e-06,5.6908518488940995e-05,2.3110692589395354e-05,0.0002907272401035978
538,538,538,538,950.4049323732027,-1.0656563849215095e-05,-7.10437589947673e-06,0.0007296093369601383,0.000494148732957185,-5.625264124654861e-06,5.690744528913726e-05,2.3108279386049868e-05,0.00029072349065317044
539,539,539,538,950.4049323732027,-1.0656563849215095e-05,-7.10437589947673e-06,0.0007296093369601383,0.000494148732957185,-5.625264124654861e-06,5.690744528913726e-05,2.3108279386049868e-05,0.00029072349065317044
540,540,540,540,950.4049302932124,-1.0656204533943114e-05,-7.104136355962075e-06,0.0007296135744706403,0.0004941408265963363,-5.6242710257808914e-06,5.690848656470299e-05,2.311060790255448e-05,0.00029072638210137414
541,541,541,540,950.4049302932124,-1.0656204533943114e-05,-7.104136355962075e-06,0.0007296135744706403,0.0004941408265963363,-5.6242710257808914e-06,5.690848656470299e-05,2.311060790255448e-05,0.00029072638210137414
542,542,542,542,950.4049266964433,-1.0656576564099796e-05,-7.1043843760665295e-06,0.0007296081254584036,0.0004941483389251102,-5.6254580893325135e-06,5.69074712373101e-05,2.3108338486628466e-05,0.0002907240679678125
543,543,543,542,950.4049266964433,-1.0656576564099796e-05,-7.1043843760665295e-06,0.0007296081254584036,0.0004941483389251102,-5.6254580893325135e-06,5.69074712373101e-05,2.3108338486628466e-05,0.0002907240679678125
544,544,544,544,950.4049246157928,-1.0658075748626317e-05,-7.105383832417545e-06,0.000729616771575567,0.0004941426419430383,-5.624570537446361e-06,5.690852934742382e-05,2.3110785218341534e-05,0.0002907285278772274
545,545,545,544,950.4049246157928,-1.0658075748626317e-05,-7.105383832417545e-06,0.000729616771575567,0.0004941426419430383,-5.624570537446361e-06,5.690852934742382e-05,2.3110785218341534e-05,0.0002907285278772274
546,546,546,546,950.4049210138719,-1.0661561690161747e-05,-7.107707793441166e-06,0.0007296091212994753,0.0004941493174528329,-5.625662377543861e-06,5.6907525203774774e-05,2.3108418152881227e-05,0.0002907255174911521
547,547,547,546,950.4049210138719,-1.0661561690161747e-05,-7.107707793441166e-06,0.0007296091212994753,0.0004941493174528329,-5.625662377543861e-06,5.6907525203774774e-05,2.3108418152881227e-05,0.0002907255174911521
548,548,548,548,950.404919003701,-1.0656668079089826e-05,-7.1044453860598854e-06,0.0007296158866823547,0.0004941429031828197,-5.624736122596119e-06,5.690875949138812e-05,2.311081100567214e-05,0.0002907284367602804
549,549,549,548,950.404919003701,-1.0656668079089826e-05,-7.1044453860598854e-06,0.0007296158866823547,0.0004941429031828197,-5.624736122596119e-06,5.690875949138812e-05,2.311081100567214e-05,0.0002907284367602804
550,550,550,550,950.404915382755,-1.0660944205181933e-05,-7.107296136787955e-06,0.0007296094465293491,0.0004941493717736497,-5.625764074673745e-06,5.69075556220703e-05,2.3108414398446964e-05,0.0002907248298797187
551,551,551,550,950.404915382755,-1.0660944205181933e-05,-7.107296136787955e-06,0.0007296094465293491,0.0004941493717736497,-5.625764074673745e-06,5.69075556220703e-05,2.3108414398446964e-05,0.0002907248298797187
552,552,552,552,950.4049133326987,-1.0655323175262632e-05,-7.103548783508421e-06,0.0007296135041171215,0.0004941412564636203,-5.624865628960085e-06,5.6908844902375885e-05,2.311066960498931e-05,0.0002907277023461645
553,553,553,552,950.4049133326987,-1.0655323175262632e-05,-7.103548783508421e-06,0.0007296135041171215,0.0004941412564636203,-5.624865628960085e-06,5.6908844902375885e-05,2.311066960498931e-05,0.0002907277023461645
554,554,554,554,950.4049097590517,-1.0658193356244405e-05,-7.105462237496271e-06,0.0007296087741136907,0.0004941487034434465,-5.625943580687964e-06,5.69075532356633e-05,2.3108331040563868e-05,0.000290724175479538
555,555,555,554,950.4049097590517,-1.0658193356244405e-05,-7.105462237496271e-06,0.0007296087741136907,0.0004941487034434465,-5.625943580687964e-06,5.69075532356633e-05,2.3108331040563868e-05,0.000290724175479538
556,556,556,556,950.4049077212655,-1.0658974406330124e-05,-7.1059829375534145e-06,0.0007296159827889239,0.0004941429735018119,-5.625006642577535e-06,5.690868328729042e-05,2.3110775581071386e-05,0.0002907280979100832
557,557,557,556,950.4049077212655,-1.0658974406330124e-05,-7.1059829375534145e-06,0.0007296159827889239,0.0004941429735018119,-5.625006642577535e-06,5.690868328729042e-05,2.3110775581071386e-05,0.0002907280979100832
558,558,558,558,950.40490409609,-1.0656591589580655e-05,-7.10439439305377e-06,0.0007296092042500078,0.0004941495118100123,-5.6261016455408375e-06,5.690759764777037e-05,2.3108434987352544e-05,0.0002907247761088479
559,559,559,558,950.40490409609,-1.0656591589580655e-05,-7.10439439305377e-06,0.0007296092042500078,0.0004941495118100123,-5.6261016455408375e-06,5.690759764777037e-05,2.3108434987352544e-05,0.0002907247761088479
560,560,560,560,950.404902079872,-1.0658983837064095e-05,-7.105989224709398e-06,0.0007296154853199476,0.0004941429172925562,-5.625192476405028e-06,5.690870775107605e-05,2.311084031014765e-05,0.00029072827197854025
561,561,561,560,950.404902079872,-1.0658983837064095e-05,-7.105989224709398e-06,0.0007296154853199476,0.0004941429172925562,-5.625192476405028e-06,5.690870775107605e-05,2.311084031014765e-05,0.00029072827197854025
562,562,562,562,950.4048984230799,-1.0658182017481144e-05,-7.105454678320763e-06,0.0007296107955707394,0.0004941501533448011,-5.626256919064043e-06,5.690737838072428e-05,2.3108387281971232e-05,0.0002907255531687067
563,563,563,562,950.4048984230799,-1.0658182017481144e-05,-7.105454678320763e-06,0.0007296107955707394,0.0004941501533448011,-5.626256919064043e-06,5.690737838072428e-05,2.3108387281971232e-05,0.0002907255531687067
564,564,564,564,950.4048964275166,-1.0655353101129972e-05,-7.103568734086648e-06,0.0007296168666582565,0.0004941435806656218,-5.6254065512670315e-06,5.6908820085991755e-05,2.311090027674184e-05,0.00029072883089016534
565,565,565,564,950.4048964275166,-1.0655353101129972e-05,-7.103568734086648e-06,0.0007296168666582565,0.0004941435806656218,-5.6254065512670315e-06,5.6908820085991755e-05,2.311090027674184e-05,0.00029072883089016534
566,566,566,566,950.404892744325,-1.0656585777590877e-05,-7.1043905183939176e-06,0.0007296076853510634,0.0004941481120889358,-5.626189298613138e-06,5.6907836566886296e-05,2.310808717353313e-05,0.0002907252404446726
567,567,567,566,950.404892744325,-1.0656585777590877e-05,-7.1043905183939176e-06,0.0007296076853510634,0.0004941481120889358,-5.626189298613138e-06,5.6907836566886296e-05,2.310808717353313e-05,0.0002907252404446726
568,568,568,568,950.4048907663021,-1.0655338896853328e-05,-7.103559264568885e-06,0.000729615557740474,0.0004941431672835673,-5.625525151084498e-06,5.690883667995211e-05,2.3111002429673788e-05,0.00029072847051931136
569,569,569,568,950.4048907663021,-1.0655338896853328e-05,-7.103559264568885e-06,0.000729615557740474,0.0004941431672835673,-5.625525151084498e-06,5.690883667995211e-05,2.3111002429673788e-05,0.00029072847051931136
570,570,570,570,950.4048870662475,-1.0657119698720408e-05,-7.104746465813604e-06,0.0007296102711570754,0.0004941503849058562,-5.62658492541529e-06,5.690767975301343e-05,2.310849876670934e-05,0.00029072456017215434
571,571,571,570,950.4048870662475,-1.0657119698720408e-05,-7.104746465813604e-06,0.0007296102711570754,0.0004941503849058562,-5.62658492541529e-06,5.690767975301343e-05,2.310849876670934e-05,0.00029072456017215434
572,572,572,572,950.4048850840991,-1.0655310095891712e-05,-7.103540063927807e-06,0.0007296168988948385,0.0004941438256520282,-5.625622909427586e-06,5.6908687492430346e-05,2.311081189477343e-05,0.00029072780612501235
573,573,573,572,950.4048850840991,-1.0655310095891712e-05,-7.103540063927807e-06,0.0007296168988948385,0.0004941438256520282,-5.625622909427586e-06,5.6908687492430346e-05,2.311081189477343e-05,0.00029072780612501235
574,574,574,574,950.4048814189636,-1.0656553122628809e-05,-7.104368748419206e-06,0.0007296112637984155,0.0004941507237204395,-5.626679513585919e-06,5.6907641418759756e-05,2.31085170441514e-05,0.00029072379571616516
575,575,575,574,950.4048814189636,-1.0656553122628809e-05,-7.104368748419206e-06,0.0007296112637984155,0.0004941507237204395,-5.626679513585919e-06,5.6907641418759756e-05,2.31085170441514e-05,0.00029072379571616516
576,576,576,576,950.4048794615031,-1.0658953503245305e-05,-7.105969002163536e-06,0.0007296160608409276,0.0004941435576990399,-5.625816003052009e-06,5.6908811122348e-05,2.3110886946176024e-05,0.0002907280045503069
577,577,577,576,950.4048794615031,-1.0658953503245305e-05,-7.105969002163536e-06,0.0007296160608409276,0.0004941435576990399,-5.625816003052009e-06,5.6908811122348e-05,2.3110886946176024e-05,0.0002907280045503069
578,578,578,578,950.4048757560563,-1.0657220589266325e-05,-7.104813726177549e-06,0.000729609543333154,0.0004941505093299992,-5.626966653335397e-06,5.690776162953816e-05,2.310862289462562e-05,0.00029072559956363895
579,579,579,578,950.4048757560563,-1.0657220589266325e-05,-7.104813726177549e-06,0.000729609543333154,0.0004941505093299992,-5.626966653335397e-06,5.690776162953816e-05,2.310862289462562e-05,0.00029072559956363895
580,580,580,580,950.4048738119612,-1.0657671850822226e-05,-7.105114567214817e-06,0.0007296154369043663,0.0004941432384049525,-5.625988538787707e-06,5.6908805856225145e-05,2.311090537408106e-05,0.000290728130308803
581,581,581,580,950.4048738119612,-1.0657671850822226e-05,-7.105114567214817e-06,0.0007296154369043663,0.0004941432384049525,-5.625988538787707e-06,5.6908805856225145e-05,2.311090537408106e-05,0.000290728130308803
582,582,582,582,950.4048700722049,-1.0658940979374476e-05,-7.105960652916317e-06,0.0007296086879458067,0.000494149444850962,-5.6269822186968965e-06,5.690770939717985e-05,2.3108480308516033e-05,0.0002907234239856499
583,583,583,582,950.4048700722049,-1.0658940979374476e-05,-7.105960652916317e-06,0.0007296086879458067,0.000494149444850962,-5.6269822186968965e-06,5.690770939717985e-05,2.3108480308516033e-05,0.0002907234239856499
584,584,584,584,950.4048682184681,-1.0655274085197286e-05,-7.10351605679819e-06,0.000729615010526164,0.0004941429637694362,-5.626135330574766e-06,5.690886739499142e-05,2.3110971502662836e-05,0.000290727487015003
585,585,585,584,950.4048682184681,-1.0655274085197286e-05,-7.10351605679819e-06,0.000729615010526164,0.0004941429637694362,-5.626135330574766e-06,5.690886739499142e-05,2.3110971502662836e-05,0.000290727487015003
586,586,586,586,950.4048644781703,-1.0656507585027342e-05,-7.104338390018227e-06,0.0007296118690540898,0.000494150357195012,-5.627190314987096e-06,5.6907802837190936e-05,2.3108526675842678e-05,0.00029072371957397983
587,587,587,586,950.4048644781703,-1.0656507585027342e-05,-7.104338390018227e-06,0.0007296118690540898,0.000494150357195012,-5.627190314987096e-06,5.6907802837190936e-05,2.3108526675842678e-05,0.00029072371957397983
588,588,588,588,950.4048625545141,-1.0658856651524218e-05,-7.105904434349479e-06,0.0007296161066713781,0.0004941438603619049,-5.6263166481815285e-06,5.690900967526087e-05,2.3110959514481555e-05,0.00029072846681862735
589,589,589,588,950.4048625545141,-1.0658856651524218e-05,-7.105904434349479e-06,0.0007296161066713781,0.0004941438603619049,-5.6263166481815285e-06,5.690900967526087e-05,2.3110959514481555e-05,0.00029072846681862735
590,590,590,590,950.4048587941511,-1.0656547821424889e-05,-7.104365214283258e-06,0.0007296103041549772,0.0004941510840881951,-5.62731353662832e-06,5.690776490890541e-05,2.3108540011675116e-05,0.0002907239345531752
591,591,591,590,950.4048587941511,-1.0656547821424889e-05,-7.104365214283258e-06,0.0007296103041549772,0.0004941510840881951,-5.62731353662832e-06,5.690776490890541e-05,2.3108540011675116e-05,0.0002907239345531752
592,592,592,592,950.4048568743942,-1.0655342263882206e-05,-7.103561509254805e-06,0.0007296165518422883,0.0004941442379069357,-5.626481534744265e-06,5.69088804212893e-05,2.311093701487521e-05,0.0002907282827886331
593,593,593,592,950.4048568743942,-1.0655342263882206e-05,-7.103561509254805e-06,0.0007296165518422883,0.0004941442379069357,-5.626481534744265e-06,5.69088804212893e-05,2.311093701487521e-05,0.0002907282827886331
594,594,594,594,950.4048531497297,-1.066084254605637e-05,-7.107228364037579e-06,0.0007296101816372346,0.0004941512668366761,-5.627632865441712e-06,5.690787177566975e-05,2.3108672743313297e-05,0.0002907258829314282
595,595,595,594,950.4048531497297,-1.066084254605637e-05,-7.107228364037579e-06,0.0007296101816372346,0.0004941512668366761,-5.627632865441712e-06,5.690787177566975e-05,2.3108672743313297e-05,0.0002907258829314282
596,596,596,596,950.4048512298007,-1.0655353059690897e-05,-7.1035687064605986e-06,0.0007296166182858424,0.000494144574948397,-5.626689549849406e-06,5.690916738242474e-05,2.3111041251182296e-05,0.0002907292669481079
597,597,597,596,950.4048512298007,-1.0655353059690897e-05,-7.1035687064605986e-06,0.0007296166182858424,0.000494144574948397,-5.626689549849406e-06,5.690916738242474e-05,2.3111041251182296e-05,0.0002907292669481079
598,598,598,598,950.4048474917956,-1.0659541012786322e-05,-7.106360675190881e-06,0.0007296109080120111,0.0004941510396896875,-5.627692295610831e-06,5.6907793945929944e-05,2.3108579298228293e-05,0.00029072439735578376
599,599,599,598,950.4048474917956,-1.0659541012786322e-05,-7.106360675190881e-06,0.0007296109080120111,0.0004941510396896875,-5.627692295610831e-06,5.6907793945929944e-05,2.3108579298228293e-05,0.00029072439735578376
