phase,nf,x_index,incumbent_index,active_objective,full_objective,incumbent_active_objective,incumbent_full_objective,active_residuals,active_circuits,new_residuals_revealed,new_circuits_revealed,union_residuals_revealed,union_circuits_revealed,cumulative_eval_residuals,cumulative_eval_circuits,cumulative_shots_revealed,cumulative_eval_shots,shots_per_circuit,fpr_enabled,fpr_use_union_mask,fpr_selected_residuals,fpr_selected_circuits,fpr_new_residuals,fpr_new_circuits,fpr_union_residuals,fpr_union_circuits,delta,ng,rho,rho_active,rho_full,rho_uses_full_objective,mdec,step_norm,accepted
initial,0,0,0,21300.857429882333,21300.857429882333,21300.857429882333,21300.857429882333,3836,1918,3836,1918,3836,1918,3836,1918,153440.0,153440.0,80.0,False,True,3836,1918,3836,1918,3836,1918,0.1,,,,,False,,,True
trial,1,1,1,11009.728505425588,11009.728505425588,11009.728505425588,11009.728505425588,3836,1918,0,0,3836,1918,7672,3836,153440.0,153440.0,80.0,False,True,3836,1918,0,0,3836,1918,0.1,100637.07346684959,18.235270547092256,18.235270547092256,18.235270547092256,False,-564.3529608118558,0.1,True
trial,2,2,1,16998.322030806416,16998.322030806416,11009.728505425588,11009.728505425588,3836,1918,0,0,3836,1918,11508,5754,153440.0,153440.0,80.0,False,True,3836,1918,0,0,3836,1918,0.2,52701.37108911084,-0.7467772976416078,-0.7467772976416078,-0.7467772976416078,False,-8019.249573190512,0.2,False
trial,3,3,3,9936.472281780434,9936.472281780434,9936.472281780434,9936.472281780434,3836,1918,0,0,3836,1918,15344,7672,153440.0,153440.0,80.0,False,True,3836,1918,0,0,3836,1918,0.1,52701.37108911084,0.13421324011654606,0.13421324011654606,0.13421324011654606,False,-7996.649382081649,0.1,True
trial,4,4,3,22420.84018154359,22420.84018154359,9936.472281780434,9936.472281780434,3836,1918,0,0,3836,1918,19180,9590,153440.0,153440.0,80.0,False,True,3836,1918,0,0,3836,1918,0.2,66988.42095830747,-1.6614523012343771,-1.6614523012343771,-1.6614523012343771,False,-7514.129590411886,0.2,False
trial,5,5,3,11876.809904681424,11876.809904681424,9936.472281780434,9936.472281780434,3836,1918,0,0,3836,1918,23016,11508,153440.0,153440.0,80.0,False,True,3836,1918,0,0,3836,1918,0.1,66988.42095830747,-0.2593109384761613,-0.2593109384761613,-0.2593109384761613,False,-7482.667851589173,0.1,False
trial,6,6,6,8052.122533010901,8052.122533010901,8052.122533010901,8052.122533010901,3836,1918,0,0,3836,1918,26852,13426,163440.0,163440.0,85.21376433785193,False,True,3836,1918,0,0,3836,1918,0.05,83062.3106018813,0.380710006603517,0.380710006603517,0.380710006603517,False,-7416.468538146809,0.05,True
trial,7,7,6,12636.086423918063,12636.086423918063,8052.122533010901,8052.122533010901,3836,1918,0,0,3836,1918,30688,15344,163440.0,163440.0,85.21376433785193,False,True,3836,1918,0,0,3836,1918,0.1,115096.62325342947,-0.8076623431631691,-0.8076623431631691,-0.8076623431631691,False,-5675.594423474415,0.1,False
trial,8,8,8,6905.017905229784,6905.017905229784,6905.017905229784,6905.017905229784,3836,1918,0,0,3836,1918,34524,17262,163440.0,163440.0,85.21376433785193,False,True,3836,1918,0,0,3836,1918,0.05,115096.62325342947,0.20371482001135988,0.20371482001135988,0.20371482001135988,False,-5630.933614535996,0.05,True
trial,9,9,8,13514.244711477997,13514.244711477997,6905.017905229784,6905.017905229784,3836,1918,0,0,3836,1918,38360,19180,163440.0,163440.0,85.21376433785193,False,True,3836,1918,0,0,3836,1918,0.1,139946.3557070046,-1.2576886566796337,-1.2576886566796337,-1.2576886566796337,False,-5255.057975713107,0.1,False
trial,10,10,10,6666.772872657495,6666.772872657495,6666.772872657495,6666.772872657495,3836,1918,0,0,3836,1918,42196,21098,163440.0,163440.0,85.21376433785193,False,True,3836,1918,0,0,3836,1918,0.05,139946.3557070046,0.045593564892173505,0.045593564892173505,0.045593564892173505,False,-5225.409180785203,0.05,True
trial,11,11,11,4384.272079975619,4384.272079975619,4384.272079975619,4384.272079975619,3836,1918,0,0,3836,1918,46032,23016,173440.0,173440.0,90.42752867570385,False,True,3836,1918,0,0,3836,1918,0.025,99684.59241031317,0.589243457472742,0.589243457472742,0.589243457472742,False,-5321.042046259727,0.025,True
trial,12,12,11,9306.313530212416,9306.313530212416,4384.272079975619,4384.272079975619,3836,1918,0,0,3836,1918,49868,24934,173440.0,173440.0,90.42752867570385,False,True,3836,1918,0,0,3836,1918,0.05,186776.42423706278,-1.6743423942852498,-1.6743423942852498,-1.6743423942852498,False,-2939.686331204639,0.05,False
trial,13,13,13,3026.6325759238644,3026.6325759238644,3026.6325759238644,3026.6325759238644,3836,1918,0,0,3836,1918,53704,26852,173440.0,173440.0,90.42752867570385,False,True,3836,1918,0,0,3836,1918,0.025,186776.42423706278,0.4692301292610077,0.4692301292610077,0.4692301292610077,False,-2893.334036733545,0.025,True
trial,14,14,13,3135.797880210789,3135.797880210789,3026.6325759238644,3026.6325759238644,3836,1918,0,0,3836,1918,57540,28770,173440.0,173440.0,90.42752867570385,False,True,3836,1918,0,0,3836,1918,0.05,80544.12896110758,-0.05213162945080887,-0.05213162945080887,-0.05213162945080887,False,-2094.0320768207057,0.04999999907303434,False
trial,15,15,15,1572.4731877107017,1572.4731877107017,1572.4731877107017,1572.4731877107017,3836,1918,0,0,3836,1918,61376,30688,173440.0,173440.0,90.42752867570385,False,True,3836,1918,0,0,3836,1918,0.025,80544.12896110758,0.6950762398898845,0.6950762398898845,0.6950762398898845,False,-2092.0861694877294,0.025,True
trial,16,16,15,2174.245476609167,2174.245476609167,1758.8540337908132,1758.8540337908132,3836,1918,0,0,3836,1918,65212,32606,183440.0,183440.0,95.64129301355578,False,True,3836,1918,0,0,3836,1918,0.05,125356.36812539809,-0.4766926033635027,-0.4766926033635027,-0.4766926033635027,False,-871.4031639832184,0.040035667984380824,False
trial,17,17,17,1525.8490257449832,1525.8490257449832,1525.8490257449832,1525.8490257449832,3836,1918,0,0,3836,1918,69048,34524,183440.0,183440.0,95.64129301355578,False,True,3836,1918,0,0,3836,1918,0.025,125356.36812539809,0.26740977153893714,0.26740977153893714,0.26740977153893714,False,-871.3406645721712,0.025,True
trial,18,18,17,2881.210001677847,2881.210001677847,1525.8490257449832,1525.8490257449832,3836,1918,0,0,3836,1918,72884,36442,183440.0,183440.0,95.64129301355578,False,True,3836,1918,0,0,3836,1918,0.05,34006.88002328672,-2.1247762428147685,-2.1247762428147685,-2.1247762428147685,False,-637.8840974508297,0.05,False
trial,19,19,17,1714.4335535816317,1714.4335535816317,1525.8490257449832,1525.8490257449832,3836,1918,0,0,3836,1918,76720,38360,183440.0,183440.0,95.64129301355578,False,True,3836,1918,0,0,3836,1918,0.025,34006.88002328672,-0.2958547159175767,-0.2958547159175767,-0.2958547159175767,False,-637.4227541101185,0.025,False
trial,20,20,20,1030.0051784004172,1030.0051784004172,1030.0051784004172,1030.0051784004172,3836,1918,0,0,3836,1918,80556,40278,183440.0,183440.0,95.64129301355578,False,True,3836,1918,0,0,3836,1918,0.0125,34006.88002328672,0.7840568486209112,0.7840568486209112,0.7840568486209112,False,-632.4080303828898,0.0125,True
trial,21,21,20,1983.866506331503,1983.866506331503,1055.8584676740406,1055.8584676740406,3836,1918,0,0,3836,1918,84392,42196,193440.0,193440.0,100.85505735140772,False,True,3836,1918,0,0,3836,1918,0.025,24559.20582925467,-5.198714294005187,-5.198714294005187,-5.198714294005187,False,-178.50722047325812,0.025,False
trial,22,22,20,1241.1317998520888,1241.1317998520888,1055.8584676740406,1055.8584676740406,3836,1918,0,0,3836,1918,88228,44114,193440.0,193440.0,100.85505735140772,False,True,3836,1918,0,0,3836,1918,0.0125,24559.20582925467,-1.0408461945816965,-1.0408461945816965,-1.0408461945816965,False,-178.00260321123355,0.0125,False
trial,23,23,23,910.0283411560772,910.0283411560772,910.0283411560772,910.0283411560772,3836,1918,0,0,3836,1918,92064,46032,193440.0,193440.0,100.85505735140772,False,True,3836,1918,0,0,3836,1918,0.00625,24559.20582925467,0.8293542137062242,0.8293542137062242,0.8293542137062242,False,-175.8357576387979,0.00625,True
trial,24,24,23,1251.2410162592453,1251.2410162592453,910.0283411560772,910.0283411560772,3836,1918,0,0,3836,1918,95900,47950,193440.0,193440.0,100.85505735140772,False,True,3836,1918,0,0,3836,1918,0.0125,12493.288571147394,-10.385017295152506,-10.385017295152506,-10.385017295152506,False,-32.85624524308096,0.0125,False
trial,25,25,23,933.7335525488675,933.7335525488675,910.0283411560772,910.0283411560772,3836,1918,0,0,3836,1918,99736,49868,193440.0,193440.0,100.85505735140772,False,True,3836,1918,0,0,3836,1918,0.00625,12493.288571147394,-0.7347361469404172,-0.7347361469404172,-0.7347361469404172,False,-32.26357038714282,0.00625,False
trial,26,26,26,886.9953951351173,886.9953951351173,886.9953951351173,886.9953951351173,3836,1918,0,0,3836,1918,103572,51786,203440.0,203440.0,106.06882168925965,False,True,3836,1918,0,0,3836,1918,0.003125,23612.20301796686,0.7584060176567993,0.7584060176567993,0.7584060176567993,False,-37.26648721885778,0.003125,True
trial,27,27,26,943.9718824915326,943.9718824915326,886.9953951351173,886.9953951351173,3836,1918,0,0,3836,1918,107408,53704,203440.0,203440.0,106.06882168925965,False,True,3836,1918,0,0,3836,1918,0.00625,5866.46399982966,-5.464508601404968,-5.464508601404968,-5.464508601404968,False,-10.426644280835463,0.00625,False
trial,28,28,28,884.4692096853696,884.4692096853696,884.4692096853696,884.4692096853696,3836,1918,0,0,3836,1918,111244,55622,203440.0,203440.0,106.06882168925965,False,True,3836,1918,0,0,3836,1918,0.003125,5866.46399982966,0.2517264373587468,0.2517264373587468,0.2517264373587468,False,-10.035439567865113,0.003125,True
trial,29,29,28,963.0997995247917,963.0997995247917,884.4692096853696,884.4692096853696,3836,1918,0,0,3836,1918,115080,57540,203440.0,203440.0,106.06882168925965,False,True,3836,1918,0,0,3836,1918,0.00625,5349.979631042394,-9.962567419647542,-9.962567419647542,-9.962567419647542,False,-7.8926030336669895,0.00625,False
trial,30,30,28,890.5360533033428,890.5360533033428,884.4692096853696,884.4692096853696,3836,1918,0,0,3836,1918,118916,59458,203440.0,203440.0,106.06882168925965,False,True,3836,1918,0,0,3836,1918,0.003125,5349.979631042394,-0.8033755102310821,-0.8033755102310821,-0.8033755102310821,False,-7.551691009635228,0.003125,False
trial,31,31,31,882.6480844360565,882.6480844360565,882.6480844360565,882.6480844360565,3836,1918,0,0,3836,1918,122752,61376,213440.0,213440.0,111.28258602711158,False,True,3836,1918,0,0,3836,1918,0.0015625,6643.129205037111,0.7900850746464678,0.7900850746464678,0.7900850746464678,False,-9.175052613226379,0.0015625,True
trial,32,32,31,900.0506833204103,900.0506833204103,882.6480844360565,882.6480844360565,3836,1918,0,0,3836,1918,126588,63294,213440.0,213440.0,111.28258602711158,False,True,3836,1918,0,0,3836,1918,0.003125,3233.2058106085196,-6.357516742521012,-6.357516742521012,-6.357516742521012,False,-2.7373264733948535,0.003125,False
trial,33,33,31,883.0188296389691,883.0188296389691,882.6480844360565,882.6480844360565,3836,1918,0,0,3836,1918,130424,65212,213440.0,213440.0,111.28258602711158,False,True,3836,1918,0,0,3836,1918,0.0015625,3233.2058106085196,-0.16509908458526523,-0.16509908458526523,-0.16509908458526523,False,-2.245592117266849,0.0015625,False
trial,34,34,34,881.4280031841147,881.4280031841147,881.4280031841147,881.4280031841147,3836,1918,0,0,3836,1918,134260,67130,213440.0,213440.0,111.28258602711158,False,True,3836,1918,0,0,3836,1918,0.00078125,3233.2058106085196,0.7369239934160006,0.7369239934160006,0.7369239934160006,False,-1.655640558378515,0.00078125,True
trial,35,35,34,884.6129048438576,884.6129048438576,881.4280031841147,881.4280031841147,3836,1918,0,0,3836,1918,138096,69048,213440.0,213440.0,111.28258602711158,False,True,3836,1918,0,0,3836,1918,0.0015625,1299.088633435262,-3.779132752680551,-3.779132752680551,-3.779132752680551,False,-0.8427599314905824,0.0015625,False
trial,36,36,36,881.7007217541006,881.7007217541006,881.7007217541006,881.7007217541006,3836,1918,0,0,3836,1918,141932,70966,223440.0,223440.0,116.4963503649635,False,True,3836,1918,0,0,3836,1918,0.00078125,4903.8976689833735,0.5128035232203866,0.5128035232203866,0.5128035232203866,False,-0.9198410732680402,0.00078125,True
trial,37,37,36,883.2137979182555,883.2137979182555,881.7007217541006,881.7007217541006,3836,1918,0,0,3836,1918,145768,72884,223440.0,223440.0,116.4963503649635,False,True,3836,1918,0,0,3836,1918,0.0015625,954.1752278243199,-2.090335127418888,-2.090335127418888,-2.090335127418888,False,-0.7238438202123139,0.0015625,False
trial,38,38,38,881.5338943934893,881.5338943934893,881.5338943934893,881.5338943934893,3836,1918,0,0,3836,1918,149604,74802,223440.0,223440.0,116.4963503649635,False,True,3836,1918,0,0,3836,1918,0.00078125,954.1752278243199,0.2952855105324886,0.2952855105324886,0.2952855105324886,False,-0.5649696807355176,0.00078125,True
trial,39,39,38,882.9234236394293,882.9234236394293,881.5338943934893,881.5338943934893,3836,1918,0,0,3836,1918,153440,76720,223440.0,223440.0,116.4963503649635,False,True,3836,1918,0,0,3836,1918,0.0015625,1359.521878347074,-2.132685133037202,-2.132685133037202,-2.132685133037202,False,-0.6515398004210623,0.0015625,False
trial,40,40,40,881.3798943300347,881.3798943300347,881.3798943300347,881.3798943300347,3836,1918,0,0,3836,1918,157276,78638,223440.0,223440.0,116.4963503649635,False,True,3836,1918,0,0,3836,1918,0.00078125,1359.521878347074,0.3157401391097342,0.3157401391097342,0.3157401391097342,False,-0.4877430658286057,0.00078125,True
trial,41,41,40,883.7102900442942,883.7102900442942,882.9493561154698,882.9493561154698,3836,1918,0,0,3836,1918,161112,80556,233440.0,233440.0,121.71011470281543,False,True,3836,1918,0,0,3836,1918,0.0015625,3538.531762632651,-0.48837855546575726,-0.48837855546575726,-0.48837855546575726,False,-1.558082189130427,0.0015625,False
trial,42,42,42,882.0000793102556,882.0000793102556,882.0000793102556,882.0000793102556,3836,1918,0,0,3836,1918,164948,82474,233440.0,233440.0,121.71011470281543,False,True,3836,1918,0,0,3836,1918,0.00078125,3538.531762632651,0.7378787942237262,0.7378787942237262,0.7378787942237262,False,-1.286494221876659,0.00078125,True
trial,43,43,42,884.1875948818981,884.1875948818981,882.0000793102556,882.0000793102556,3836,1918,0,0,3836,1918,168784,84392,233440.0,233440.0,121.71011470281543,False,True,3836,1918,0,0,3836,1918,0.0015625,1200.4961678896007,-2.8517538978706782,-2.8517538978706782,-2.8517538978706782,False,-0.7670772619179591,0.0015625,False
trial,44,44,44,881.8281960349602,881.8281960349602,881.8281960349602,881.8281960349602,3836,1918,0,0,3836,1918,172620,86310,233440.0,233440.0,121.71011470281543,False,True,3836,1918,0,0,3836,1918,0.00078125,1200.4961678896007,0.31710206221126136,0.31710206221126136,0.31710206221126136,False,-0.542044016039457,0.00078125,True
trial,45,45,44,883.4564538080656,883.4564538080656,881.8281960349602,881.8281960349602,3836,1918,0,0,3836,1918,176456,88228,233440.0,233440.0,121.71011470281543,False,True,3836,1918,0,0,3836,1918,0.0015625,1179.5823222430813,-1.9416166628987148,-1.9416166628987148,-1.9416166628987148,False,-0.8386092910196143,0.0015625,False
trial,46,46,46,886.7778955807833,886.7778955807833,886.7778955807833,886.7778955807833,3836,1918,0,0,3836,1918,180292,90146,243440.0,243440.0,126.92387904066736,False,True,3836,1918,0,0,3836,1918,0.00078125,9614.533105369992,0.7050409780972862,0.7050409780972862,0.7050409780972862,False,-1.6380479127684369,0.00078125,True
trial,47,47,46,889.7136339481204,889.7136339481204,886.7778955807833,886.7778955807833,3836,1918,0,0,3836,1918,184128,92064,243440.0,243440.0,126.92387904066736,False,True,3836,1918,0,0,3836,1918,0.0015625,801.660614669934,-3.071827494253914,-3.071827494253914,-3.071827494253914,False,-0.9556976662357228,0.0015625,False
trial,48,48,48,886.7229140050622,886.7229140050622,886.7229140050622,886.7229140050622,3836,1918,0,0,3836,1918,187964,93982,243440.0,243440.0,126.92387904066736,False,True,3836,1918,0,0,3836,1918,0.00078125,801.660614669934,0.08983128566637727,0.08983128566637727,0.08983128566637727,False,-0.6120537551388627,0.00078125,True
trial,49,49,48,888.7167727444813,888.7167727444813,886.7229140050622,886.7229140050622,3836,1918,0,0,3836,1918,191800,95900,243440.0,243440.0,126.92387904066736,False,True,3836,1918,0,0,3836,1918,0.0015625,1131.7402035577122,-1.8862035125740044,-1.8862035125740044,-1.8862035125740044,False,-1.0570750855501316,0.0015625,False
trial,50,50,50,886.5167233828361,886.5167233828361,886.5167233828361,886.5167233828361,3836,1918,0,0,3836,1918,195636,97818,243440.0,243440.0,126.92387904066736,False,True,3836,1918,0,0,3836,1918,0.00078125,1131.7402035577122,0.2903609914911884,0.2903609914911884,0.2903609914911884,False,-0.7101181917282049,0.00078125,True
trial,51,51,50,889.9736561784239,889.9736561784239,886.2145647663601,886.2145647663601,3836,1918,0,0,3836,1918,199472,99736,253440.0,253440.0,132.1376433785193,False,True,3836,1918,0,0,3836,1918,0.0015625,7035.6494229568225,-2.116954195126853,-2.116954195126853,-2.116954195126853,False,-1.7757074861218238,0.0015625,False
trial,52,52,52,885.6667646224668,885.6667646224668,885.6667646224668,885.6667646224668,3836,1918,0,0,3836,1918,203308,101654,253440.0,253440.0,132.1376433785193,False,True,3836,1918,0,0,3836,1918,0.00078125,7035.6494229568225,0.4003948398826276,0.4003948398826276,0.4003948398826276,False,-1.3681498594086574,0.00078125,True
trial,53,53,52,888.8967114806368,888.8967114806368,885.6667646224668,885.6667646224668,3836,1918,0,0,3836,1918,207144,103572,253440.0,253440.0,132.1376433785193,False,True,3836,1918,0,0,3836,1918,0.0015625,1077.176314800028,-2.2622011348182163,-2.2622011348182163,-2.2622011348182163,False,-1.4277894252889114,0.0015625,False
trial,54,54,54,885.3208057835717,885.3208057835717,885.3208057835717,885.3208057835717,3836,1918,0,0,3836,1918,210980,105490,253440.0,253440.0,132.1376433785193,False,True,3836,1918,0,0,3836,1918,0.00078125,1077.176314800028,0.35984754564428917,0.35984754564428917,0.35984754564428917,False,-0.9614039141927054,0.00078125,True
trial,55,55,54,889.3494365732529,889.3494365732529,885.3208057835717,885.3208057835717,3836,1918,0,0,3836,1918,214816,107408,253440.0,253440.0,132.1376433785193,False,True,3836,1918,0,0,3836,1918,0.0015625,946.1281372359166,-4.1733965208705595,-4.1733965208705595,-4.1733965208705595,False,-0.9653122509530501,0.0015625,False
trial,56,56,56,881.011640443052,881.011640443052,881.011640443052,881.011640443052,3836,1918,0,0,3836,1918,218652,109326,263440.0,263440.0,137.35140771637123,False,True,3836,1918,0,0,3836,1918,0.00078125,12213.356030219935,0.4761108504187097,0.4761108504187097,0.4761108504187097,False,-1.9233079505014596,0.00078125,True
trial,57,57,56,883.8353403214646,883.8353403214646,881.011640443052,881.011640443052,3836,1918,0,0,3836,1918,222488,111244,263440.0,263440.0,137.35140771637123,False,True,3836,1918,0,0,3836,1918,0.0015625,2009.8589020276313,-1.6954337788020908,-1.6954337788020908,-1.6954337788020908,False,-1.6654734108268894,0.0015625,False
trial,58,58,58,880.4907701337686,880.4907701337686,880.4907701337686,880.4907701337686,3836,1918,0,0,3836,1918,226324,113162,263440.0,263440.0,137.35140771637123,False,True,3836,1918,0,0,3836,1918,0.00078125,2009.8589020276313,0.435200003282209,0.435200003282209,0.435200003282209,False,-1.1968527237019186,0.00078125,True
trial,59,59,58,884.6416289227452,884.6416289227452,880.4907701337686,880.4907701337686,3836,1918,0,0,3836,1918,230160,115080,263440.0,263440.0,137.35140771637123,False,True,3836,1918,0,0,3836,1918,0.0015625,867.7196254555984,-4.482041923920485,-4.482041923920485,-4.482041923920485,False,-0.9261088716782517,0.0015625,False
trial,60,60,58,880.6893907787295,880.6893907787295,880.4907701337686,880.4907701337686,3836,1918,0,0,3836,1918,233996,116998,263440.0,263440.0,137.35140771637123,False,True,3836,1918,0,0,3836,1918,0.00078125,867.7196254555984,-0.3197218236233406,-0.3197218236233406,-0.3197218236233406,False,-0.6212295510827847,0.00078125,False
trial,61,61,61,882.9986093538698,882.9986093538698,882.9986093538698,882.9986093538698,3836,1918,0,0,3836,1918,237832,118916,273440.0,273440.0,142.56517205422315,False,True,3836,1918,0,0,3836,1918,0.000390625,5837.367237422588,0.8512345315256554,0.8512345315256554,0.8512345315256554,False,-1.2729247906656043,0.000390625,True
trial,62,62,61,883.2007097835017,883.2007097835017,882.9986093538698,882.9986093538698,3836,1918,0,0,3836,1918,241668,120834,273440.0,273440.0,142.56517205422315,False,True,3836,1918,0,0,3836,1918,0.00078125,450.3242246927518,-0.3055683281704821,-0.3055683281704821,-0.3055683281704821,False,-0.6613919408529135,0.00078125,False
trial,63,63,63,882.7939106013371,882.7939106013371,882.7939106013371,882.7939106013371,3836,1918,0,0,3836,1918,245504,122752,273440.0,273440.0,142.56517205422315,False,True,3836,1918,0,0,3836,1918,0.000390625,450.3242246927518,0.5175549401560691,0.5175549401560691,0.5175549401560691,False,-0.395511155725849,0.000390625,True
trial,64,64,63,883.0402148710834,883.0402148710834,882.7939106013371,882.7939106013371,3836,1918,0,0,3836,1918,249340,124670,273440.0,273440.0,142.56517205422315,False,True,3836,1918,0,0,3836,1918,0.00078125,470.29401622499614,-0.3988128361779277,-0.3988128361779277,-0.3988128361779277,False,-0.6175936364206533,0.00078125,False
trial,65,65,65,882.6030514808224,882.6030514808224,882.6030514808224,882.6030514808224,3836,1918,0,0,3836,1918,253176,126588,273440.0,273440.0,142.56517205422315,False,True,3836,1918,0,0,3836,1918,0.000390625,470.29401622499614,0.5305899353259262,0.5305899353259262,0.5305899353259262,False,-0.35971115885839106,0.000390625,True
trial,66,66,66,880.8839250196388,880.8839250196388,880.8839250196388,880.8839250196388,3836,1918,0,0,3836,1918,257012,128506,283440.0,283440.0,147.77893639207508,False,True,3836,1918,0,0,3836,1918,0.00078125,7430.183261576736,0.4329408888944087,0.4329408888944087,0.4329408888944087,False,-1.4108987111483886,0.00078125,True
trial,67,67,66,884.160663822056,884.160663822056,880.8839250196388,880.8839250196388,3836,1918,0,0,3836,1918,260848,130424,283440.0,283440.0,147.77893639207508,False,True,3836,1918,0,0,3836,1918,0.0015625,1333.0422820929768,-2.181120259270258,-2.181120259270258,-2.181120259270258,False,-1.5023191813886918,0.0015625,False
trial,68,68,68,880.7032465411944,880.7032465411944,880.7032465411944,880.7032465411944,3836,1918,0,0,3836,1918,264684,132342,283440.0,283440.0,147.77893639207508,False,True,3836,1918,0,0,3836,1918,0.00078125,1333.0422820929768,0.16053384148682354,0.16053384148682354,0.16053384148682354,False,-1.1254852981216183,0.00078125,True
trial,69,69,68,884.4609976262907,884.4609976262907,880.7032465411944,880.7032465411944,3836,1918,0,0,3836,1918,268520,134260,283440.0,283440.0,147.77893639207508,False,True,3836,1918,0,0,3836,1918,0.0015625,1153.3582696877888,-2.8181687298179274,-2.8181687298179274,-2.8181687298179274,False,-1.3334017389863893,0.0015625,False
trial,70,70,70,880.628019271577,880.628019271577,880.628019271577,880.628019271577,3836,1918,0,0,3836,1918,272356,136178,283440.0,283440.0,147.77893639207508,False,True,3836,1918,0,0,3836,1918,0.00078125,1153.3582696877888,0.08511874329860744,0.08511874329860744,0.08511874329860744,False,-0.8837920615609987,0.00078125,True
trial,71,71,70,884.0663586746746,884.0663586746746,879.5180038487958,879.5180038487958,3836,1918,0,0,3836,1918,276192,138096,293440.0,293440.0,152.992700729927,False,True,3836,1918,0,0,3836,1918,0.0015625,7531.381051818401,-2.2144336920410703,-2.2144336920410703,-2.2144336920410703,False,-2.053958464516704,0.0015625,False
trial,72,72,72,879.0294869271625,879.0294869271625,879.0294869271625,879.0294869271625,3836,1918,0,0,3836,1918,280028,140014,293440.0,293440.0,152.992700729927,False,True,3836,1918,0,0,3836,1918,0.00078125,7531.381051818401,0.302392029093803,0.302392029093803,0.302392029093803,False,-1.6155085935874687,0.00078125,True
trial,73,73,72,884.6819921523446,884.6819921523446,879.0294869271625,879.0294869271625,3836,1918,0,0,3836,1918,283864,141932,293440.0,293440.0,152.992700729927,False,True,3836,1918,0,0,3836,1918,0.0015625,1876.3208430226468,-3.133486577578266,-3.133486577578266,-3.133486577578266,False,-1.8039028045081738,0.0015625,False
trial,74,74,72,879.0850055037446,879.0850055037446,879.0294869271625,879.0294869271625,3836,1918,0,0,3836,1918,287700,143850,293440.0,293440.0,152.992700729927,False,True,3836,1918,0,0,3836,1918,0.00078125,1876.3208430226468,-0.046923074491958865,-0.046923074491958865,-0.046923074491958865,False,-1.1831828409207243,0.00078125,False
trial,75,75,75,878.5038502223313,878.5038502223313,878.5038502223313,878.5038502223313,3836,1918,0,0,3836,1918,291536,145768,293440.0,293440.0,152.992700729927,False,True,3836,1918,0,0,3836,1918,0.000390625,1876.3208430226468,0.6813949070532416,0.6813949070532416,0.6813949070532416,False,-0.7714127290800467,0.000390625,True
trial,76,76,76,877.0117464946019,877.0117464946019,877.0117464946019,877.0117464946019,3836,1918,0,0,3836,1918,295372,147686,303440.0,303440.0,158.20646506777894,False,True,3836,1918,0,0,3836,1918,0.00078125,9049.571189750295,0.5618517499055276,0.5618517499055276,0.5618517499055276,False,-2.4423124123648217,0.00078125,True
trial,77,77,76,879.865445984422,879.865445984422,877.0117464946019,877.0117464946019,3836,1918,0,0,3836,1918,299208,149604,303440.0,303440.0,158.20646506777894,False,True,3836,1918,0,0,3836,1918,0.0015625,1463.9869560455704,-1.2707596152464369,-1.2707596152464369,-1.2707596152464369,False,-2.245664290540641,0.0015625,False
trial,78,78,78,876.3256154751632,876.3256154751632,876.3256154751632,876.3256154751632,3836,1918,0,0,3836,1918,303044,151522,303440.0,303440.0,158.20646506777894,False,True,3836,1918,0,0,3836,1918,0.00078125,1463.9869560455704,0.40817659592455197,0.40817659592455197,0.40817659592455197,False,-1.6809660972465497,0.00078125,True
trial,79,79,78,880.9235827984462,880.9235827984462,876.3256154751632,876.3256154751632,3836,1918,0,0,3836,1918,306880,153440,303440.0,303440.0,158.20646506777894,False,True,3836,1918,0,0,3836,1918,0.0015625,1247.6020840591277,-3.1404230913523965,-3.1404230913523965,-3.1404230913523965,False,-1.464123523974894,0.0015625,False
trial,80,80,78,876.416311574967,876.416311574967,876.3256154751632,876.3256154751632,3836,1918,0,0,3836,1918,310716,155358,303440.0,303440.0,158.20646506777894,False,True,3836,1918,0,0,3836,1918,0.00078125,1247.6020840591277,-0.09180957393859822,-0.09180957393859822,-0.09180957393859822,False,-0.9878719169799529,0.00078125,False
trial,81,81,81,872.9153856657296,872.9153856657296,872.9153856657296,872.9153856657296,3836,1918,0,0,3836,1918,314552,157276,314805.0,314805.0,164.13190823774767,False,True,3836,1918,0,0,3836,1918,0.000390625,6299.123025104178,0.8111390470162225,0.8111390470162225,0.8111390470162225,False,-1.627094251098838,0.000390625,True
trial,82,82,81,873.2881030453256,873.2881030453256,872.9153856657296,872.9153856657296,3836,1918,0,0,3836,1918,318388,159194,314805.0,314805.0,164.13190823774767,False,True,3836,1918,0,0,3836,1918,0.00078125,611.023607518345,-0.5343490600945672,-0.5343490600945672,-0.5343490600945672,False,-0.697516674830559,0.00078125,False
trial,83,83,83,872.7053991149053,872.7053991149053,872.7053991149053,872.7053991149053,3836,1918,0,0,3836,1918,322224,161112,314805.0,314805.0,164.13190823774767,False,True,3836,1918,0,0,3836,1918,0.000390625,611.023607518345,0.5048404715100046,0.5048404715100046,0.5048404715100046,False,-0.4159463487469655,0.000390625,True
trial,84,84,83,873.2723931078474,873.2723931078474,872.7053991149053,872.7053991149053,3836,1918,0,0,3836,1918,326060,163030,314805.0,314805.0,164.13190823774767,False,True,3836,1918,0,0,3836,1918,0.00078125,420.9584847773865,-1.0343830310638522,-1.0343830310638522,-1.0343830310638522,False,-0.548147036363279,0.00078125,False
trial,85,85,85,872.6435004644638,872.6435004644638,872.6435004644638,872.6435004644638,3836,1918,0,0,3836,1918,329896,164948,314805.0,314805.0,164.13190823774767,False,True,3836,1918,0,0,3836,1918,0.000390625,420.9584847773865,0.19133631857372477,0.19133631857372477,0.19133631857372477,False,-0.32350706286629366,0.000390625,True
trial,86,86,85,870.7666215322694,870.7666215322694,870.4990842795942,870.4990842795942,3836,1918,0,0,3836,1918,333732,166866,324805.0,324805.0,169.3456725755996,False,True,3836,1918,0,0,3836,1918,0.00078125,3238.331501835901,-0.23918565603957068,-0.23918565603957068,-0.23918565603957068,False,-1.1185338498347743,0.00078125,False
trial,87,87,87,869.9756412744523,869.9756412744523,869.9756412744523,869.9756412744523,3836,1918,0,0,3836,1918,337568,168784,324805.0,324805.0,169.3456725755996,False,True,3836,1918,0,0,3836,1918,0.000390625,3238.331501835901,0.637031041190284,0.637031041190284,0.637031041190284,False,-0.8216915209717646,0.000390625,True
trial,88,88,87,870.7405605671322,870.7405605671322,869.9756412744523,869.9756412744523,3836,1918,0,0,3836,1918,341404,170702,324805.0,324805.0,169.3456725755996,False,True,3836,1918,0,0,3836,1918,0.00078125,514.0974988419733,-1.4369271263734629,-1.4369271263734629,-1.4369271263734629,False,-0.5323299133550496,0.00078125,False
trial,89,89,89,869.9295195927033,869.9295195927033,869.9295195927033,869.9295195927033,3836,1918,0,0,3836,1918,345240,172620,324805.0,324805.0,169.3456725755996,False,True,3836,1918,0,0,3836,1918,0.000390625,514.0974988419733,0.14945225130379552,0.14945225130379552,0.14945225130379552,False,-0.30860479749656783,0.000390625,True
trial,90,90,89,870.7900179138195,870.7900179138195,869.9295195927033,869.9295195927033,3836,1918,0,0,3836,1918,349076,174538,324805.0,324805.0,169.3456725755996,False,True,3836,1918,0,0,3836,1918,0.00078125,486.95063915629584,-1.4386462884185984,-1.4386462884185984,-1.4386462884185984,False,-0.5981305676338937,0.00078125,False
trial,91,91,91,872.6434627176868,872.6434627176868,872.6434627176868,872.6434627176868,3836,1918,0,0,3836,1918,352912,176456,340080.0,340080.0,177.3096976016684,False,True,3836,1918,0,0,3836,1918,0.000390625,4309.464110881547,0.7152659614992691,0.7152659614992691,0.7152659614992691,False,-0.7711123155711278,0.000390625,True
trial,92,92,91,873.0373973034821,873.0373973034821,872.6434627176868,872.6434627176868,3836,1918,0,0,3836,1918,356748,178374,340080.0,340080.0,177.3096976016684,False,True,3836,1918,0,0,3836,1918,0.00078125,550.6688584034499,-1.0289502988201937,-1.0289502988201937,-1.0289502988201937,False,-0.3828509367721067,0.00078125,False
trial,93,93,93,872.5939509449163,872.5939509449163,872.5939509449163,872.5939509449163,3836,1918,0,0,3836,1918,360584,180292,340080.0,340080.0,177.3096976016684,False,True,3836,1918,0,0,3836,1918,0.000390625,550.6688584034499,0.20337003698247436,0.20337003698247436,0.20337003698247436,False,-0.2434565755367195,0.000390625,True
trial,94,94,93,873.2823717902138,873.2823717902138,872.5939509449163,872.5939509449163,3836,1918,0,0,3836,1918,364420,182210,340080.0,340080.0,177.3096976016684,False,True,3836,1918,0,0,3836,1918,0.00078125,466.54115574655975,-1.3980999848605846,-1.3980999848605846,-1.3980999848605846,False,-0.4923974341979284,0.00078125,False
trial,95,95,95,872.5194027044749,872.5194027044749,872.5194027044749,872.5194027044749,3836,1918,0,0,3836,1918,368256,184128,340080.0,340080.0,177.3096976016684,False,True,3836,1918,0,0,3836,1918,0.000390625,466.54115574655975,0.2574511622177624,0.2574511622177624,0.2574511622177624,False,-0.28956264869485915,0.000390625,True
trial,96,96,96,873.7699335817007,873.7699335817007,873.7699335817007,873.7699335817007,3836,1918,0,0,3836,1918,372092,186046,350080.0,350080.0,182.52346193952033,False,True,3836,1918,0,0,3836,1918,0.00078125,5647.5734644089725,0.3769368510782031,0.3769368510782031,0.3769368510782031,False,-1.4875007906868047,0.00078125,True
trial,97,97,96,877.9533284941922,877.9533284941922,873.7699335817007,873.7699335817007,3836,1918,0,0,3836,1918,375928,187964,350080.0,350080.0,182.52346193952033,False,True,3836,1918,0,0,3836,1918,0.0015625,2097.165624081897,-2.180332332355355,-2.180332332355355,-2.180332332355355,False,-1.9186959943727009,0.0015625,False
trial,98,98,98,873.4988024534125,873.4988024534125,873.4988024534125,873.4988024534125,3836,1918,0,0,3836,1918,379764,189882,350080.0,350080.0,182.52346193952033,False,True,3836,1918,0,0,3836,1918,0.00078125,2097.165624081897,0.1913656219052696,0.1913656219052696,0.1913656219052696,False,-1.4168225493625568,0.00078125,True
trial,99,99,98,878.4357565158518,878.4357565158518,873.4988024534125,873.4988024534125,3836,1918,0,0,3836,1918,383600,191800,350080.0,350080.0,182.52346193952033,False,True,3836,1918,0,0,3836,1918,0.0015625,1920.7628243423983,-3.988205322425729,-3.988205322425729,-3.988205322425729,False,-1.2378886399551126,0.0015625,False
trial,100,100,98,873.7643247153601,873.7643247153601,873.4988024534125,873.4988024534125,3836,1918,0,0,3836,1918,387436,193718,350080.0,350080.0,182.52346193952033,False,True,3836,1918,0,0,3836,1918,0.00078125,1920.7628243423983,-0.2646755031080317,-0.2646755031080317,-0.2646755031080317,False,-1.0031992338905784,0.00078125,False
trial,101,101,101,873.515214163991,873.515214163991,873.515214163991,873.515214163991,3836,1918,0,0,3836,1918,391272,195636,370605.0,370605.0,193.22471324296143,False,True,3836,1918,0,0,3836,1918,0.000390625,11260.737668599013,0.8524326703996761,0.8524326703996761,0.8524326703996761,False,-2.257679284932105,0.000390625,True
trial,102,102,101,873.6643137578293,873.6643137578293,873.515214163991,873.515214163991,3836,1918,0,0,3836,1918,395108,197554,370605.0,370605.0,193.22471324296143,False,True,3836,1918,0,0,3836,1918,0.00078125,924.8631418894064,-0.19679580475094074,-0.19679580475094074,-0.19679580475094074,False,-0.7576360381613974,0.00078125,False
trial,103,103,103,873.2235561975488,873.2235561975488,873.2235561975488,873.2235561975488,3836,1918,0,0,3836,1918,398944,199472,370605.0,370605.0,193.22471324296143,False,True,3836,1918,0,0,3836,1918,0.000390625,924.8631418894064,0.5499303198585402,0.5499303198585402,0.5499303198585402,False,-0.5303544029310261,0.000390625,True
trial,104,104,103,873.9784370042796,873.9784370042796,873.2235561975488,873.2235561975488,3836,1918,0,0,3836,1918,402780,201390,370605.0,370605.0,193.22471324296143,False,True,3836,1918,0,0,3836,1918,0.00078125,513.944522929189,-1.2647445048880754,-1.2647445048880754,-1.2647445048880754,False,-0.5968642708573433,0.00078125,False
trial,105,105,105,873.1254174648716,873.1254174648716,873.1254174648716,873.1254174648716,3836,1918,0,0,3836,1918,406616,203308,370605.0,370605.0,193.22471324296143,False,True,3836,1918,0,0,3836,1918,0.000390625,513.944522929189,0.2746338604662141,0.2746338604662141,0.2746338604662141,False,-0.35734389237573344,0.000390625,True
trial,106,106,105,873.7504218399417,873.7504218399417,873.1792652090368,873.1792652090368,3836,1918,0,0,3836,1918,410452,205226,380605.0,380605.0,198.43847758081336,False,True,3836,1918,0,0,3836,1918,0.00078125,4156.887669436968,-0.46820278991524705,-0.46820278991524705,-0.46820278991524705,False,-1.219891558118129,0.00078125,False
trial,107,107,107,872.6904253746409,872.6904253746409,872.6904253746409,872.6904253746409,3836,1918,0,0,3836,1918,414288,207144,380605.0,380605.0,198.43847758081336,False,True,3836,1918,0,0,3836,1918,0.000390625,4156.887669436968,0.6113973856733355,0.6113973856733355,0.6113973856733355,False,-0.7995451826434089,0.000390625,True
trial,108,108,107,873.6718714084261,873.6718714084261,872.6904253746409,872.6904253746409,3836,1918,0,0,3836,1918,418124,209062,380605.0,380605.0,198.43847758081336,False,True,3836,1918,0,0,3836,1918,0.00078125,889.2609898260953,-1.4226112674627793,-1.4226112674627793,-1.4226112674627793,False,-0.689890524721934,0.00078125,False
trial,109,109,109,872.599456773333,872.599456773333,872.599456773333,872.599456773333,3836,1918,0,0,3836,1918,421960,210980,380605.0,380605.0,198.43847758081336,False,True,3836,1918,0,0,3836,1918,0.000390625,889.2609898260953,0.2309135889266916,0.2309135889266916,0.2309135889266916,False,-0.3939508355947376,0.000390625,True
trial,110,110,109,873.4405746703318,873.4405746703318,872.599456773333,872.599456773333,3836,1918,0,0,3836,1918,425796,212898,380605.0,380605.0,198.43847758081336,False,True,3836,1918,0,0,3836,1918,0.00078125,605.71306208094,-1.2299321711290527,-1.2299321711290527,-1.2299321711290527,False,-0.6838734011052203,0.00078125,False
trial,111,111,111,877.0171866399821,877.0171866399821,877.0171866399821,877.0171866399821,3836,1918,0,0,3836,1918,429632,214816,408190.0,408190.0,212.8206465067779,False,True,3836,1918,0,0,3836,1918,0.000390625,13322.49160043865,0.8522668280739107,0.8522668280739107,0.8522668280739107,False,-2.6106203675973223,0.000390625,True
trial,112,112,111,877.9884178824641,877.9884178824641,877.0171866399821,877.0171866399821,3836,1918,0,0,3836,1918,433468,216734,408190.0,408190.0,212.8206465067779,False,True,3836,1918,0,0,3836,1918,0.00078125,1810.1089809531024,-1.1176662071381205,-1.1176662071381205,-1.1176662071381205,False,-0.8689814868509653,0.00078125,False
trial,113,113,113,876.8179625696226,876.8179625696226,876.8179625696226,876.8179625696226,3836,1918,0,0,3836,1918,437304,218652,408190.0,408190.0,212.8206465067779,False,True,3836,1918,0,0,3836,1918,0.000390625,1810.1089809531024,0.36403962576553894,0.36403962576553894,0.36403962576553894,False,-0.5472592988758939,0.000390625,True
trial,114,114,113,878.3546844909995,878.3546844909995,876.8179625696226,876.8179625696226,3836,1918,0,0,3836,1918,441140,220570,408190.0,408190.0,212.8206465067779,False,True,3836,1918,0,0,3836,1918,0.00078125,645.1619536981459,-2.1411144177850554,-2.1411144177850554,-2.1411144177850554,False,-0.7177205984940139,0.00078125,False
trial,115,115,113,876.8667463565267,876.8667463565267,876.8179625696226,876.8179625696226,3836,1918,0,0,3836,1918,444976,222488,408190.0,408190.0,212.8206465067779,False,True,3836,1918,0,0,3836,1918,0.000390625,645.1619536981459,-0.11856842638044239,-0.11856842638044239,-0.11856842638044239,False,-0.4114399456358365,0.000390625,False
trial,116,116,116,875.6373063526219,875.6373063526219,875.6373063526219,875.6373063526219,3836,1918,0,0,3836,1918,448812,224406,440170.0,440170.0,229.49426485922837,False,True,3836,1918,0,0,3836,1918,0.0001953125,7449.822669903959,0.8922565918400355,0.8922565918400355,0.8922565918400355,False,-1.1999013367424864,0.0001953125,True
trial,117,117,117,875.6342482766961,875.6342482766961,875.6342482766961,875.6342482766961,3836,1918,0,0,3836,1918,452648,226324,440170.0,440170.0,229.49426485922837,False,True,3836,1918,0,0,3836,1918,0.000390625,861.0066236883414,0.0060242023919433695,0.0060242023919433695,0.0060242023919433695,False,-0.5076316708506292,0.000390625,True
trial,118,118,118,875.3124850237425,875.3124850237425,875.3124850237425,875.3124850237425,3836,1918,0,0,3836,1918,456484,228242,440170.0,440170.0,229.49426485922837,False,True,3836,1918,0,0,3836,1918,0.0001953125,971.3487060474226,0.7339442999341,0.7339442999341,0.7339442999341,False,-0.4384028229151427,0.0001953125,True
trial,119,119,118,875.5059355511472,875.5059355511472,875.3124850237425,875.3124850237425,3836,1918,0,0,3836,1918,460320,230160,440170.0,440170.0,229.49426485922837,False,True,3836,1918,0,0,3836,1918,0.000390625,331.73173980724425,-0.6510411033759972,-0.6510411033759972,-0.6510411033759972,False,-0.29714026718368813,0.000390625,False
trial,120,120,120,875.266213482401,875.266213482401,875.266213482401,875.266213482401,3836,1918,0,0,3836,1918,464156,232078,440170.0,440170.0,229.49426485922837,False,True,3836,1918,0,0,3836,1918,0.0001953125,331.73173980724425,0.28777798616698974,0.28777798616698974,0.28777798616698974,False,-0.16078902336426532,0.0001953125,True
trial,121,121,121,878.0934114845102,878.0934114845102,878.0934114845102,878.0934114845102,3836,1918,0,0,3836,1918,467992,233996,472940.0,472940.0,246.57977059436914,False,True,3836,1918,0,0,3836,1918,0.000390625,17577.735870452667,0.6922604905944607,0.6922604905944607,0.6922604905944607,False,-2.2900347480546186,0.000390625,True
trial,122,122,121,879.0833523859145,879.0833523859145,878.0934114845102,878.0934114845102,3836,1918,0,0,3836,1918,471828,235914,472940.0,472940.0,246.57977059436914,False,True,3836,1918,0,0,3836,1918,0.00078125,3218.933886028548,-0.6084872037585314,-0.6084872037585314,-0.6084872037585314,False,-1.6268886104582423,0.00078125,False
trial,123,123,123,877.6200211387625,877.6200211387625,877.6200211387625,877.6200211387625,3836,1918,0,0,3836,1918,475664,237832,472940.0,472940.0,246.57977059436914,False,True,3836,1918,0,0,3836,1918,0.000390625,3218.933886028548,0.4670465983061132,0.4670465983061132,0.4670465983061132,False,-1.0135826863199453,0.000390625,True
trial,124,124,123,879.6780846286396,879.6780846286396,877.6200211387625,877.6200211387625,3836,1918,0,0,3836,1918,479500,239750,472940.0,472940.0,246.57977059436914,False,True,3836,1918,0,0,3836,1918,0.00078125,746.7698265762197,-2.697053463431349,-2.697053463431349,-2.697053463431349,False,-0.7630784920587783,0.00078125,False
trial,125,125,123,877.7744694220833,877.7744694220833,877.6200211387625,877.6200211387625,3836,1918,0,0,3836,1918,483336,241668,472940.0,472940.0,246.57977059436914,False,True,3836,1918,0,0,3836,1918,0.000390625,746.7698265762197,-0.3518928570636558,-0.3518928570636558,-0.3518928570636558,False,-0.4389071281797869,0.000390625,False
trial,126,126,126,877.9573463041021,877.9573463041021,877.9573463041021,877.9573463041021,3836,1918,0,0,3836,1918,487172,243586,515915.0,515915.0,268.9859228362878,False,True,3836,1918,0,0,3836,1918,0.0001953125,11805.557052648555,0.8933093020882961,0.8933093020882961,0.8933093020882961,False,-1.5761556227888411,0.0001953125,True
trial,127,127,127,877.9373145182733,877.9373145182733,877.9373145182733,877.9373145182733,3836,1918,0,0,3836,1918,491008,245504,515915.0,515915.0,268.9859228362878,False,True,3836,1918,0,0,3836,1918,0.000390625,961.509155400811,0.03843915483347684,0.03843915483347684,0.03843915483347684,False,-0.521129715665495,0.000390625,True
trial,128,128,128,877.6228000996045,877.6228000996045,877.6228000996045,877.6228000996045,3836,1918,0,0,3836,1918,494844,247422,515915.0,515915.0,268.9859228362878,False,True,3836,1918,0,0,3836,1918,0.0001953125,1182.115454722798,0.6805477427958357,0.6805477427958357,0.6805477427958357,False,-0.46214894105247895,0.0001953125,True
trial,129,129,128,877.9848440613771,877.9848440613771,877.6228000996045,877.6228000996045,3836,1918,0,0,3836,1918,498680,249340,515915.0,515915.0,268.9859228362878,False,True,3836,1918,0,0,3836,1918,0.000390625,345.5521713459427,-1.0796166909729747,-1.0796166909729747,-1.0796166909729747,False,-0.3353449097255622,0.000390625,False
trial,130,130,130,877.6049569237651,877.6049569237651,877.6049569237651,877.6049569237651,3836,1918,0,0,3836,1918,502516,251258,515915.0,515915.0,268.9859228362878,False,True,3836,1918,0,0,3836,1918,0.0001953125,345.5521713459427,0.09821903841268616,0.09821903841268616,0.09821903841268616,False,-0.1816671811062853,0.0001953125,True
trial,131,131,131,877.2658738156297,877.2658738156297,877.2658738156297,877.2658738156297,3836,1918,0,0,3836,1918,506352,253176,548685.0,548685.0,286.07142857142856,False,True,3836,1918,0,0,3836,1918,0.000390625,13273.19577505355,0.6746997586725831,0.6746997586725831,0.6746997586725831,False,-1.3459680852889249,0.000390625,True
trial,132,132,131,878.3306452797704,878.3306452797704,877.2658738156297,877.2658738156297,3836,1918,0,0,3836,1918,510188,255094,548685.0,548685.0,286.07142857142856,False,True,3836,1918,0,0,3836,1918,0.00078125,1318.104657321698,-0.8210103949659354,-0.8210103949659354,-0.8210103949659354,False,-1.296903755018662,0.00078125,False
trial,133,133,133,877.1315827490703,877.1315827490703,877.1315827490703,877.1315827490703,3836,1918,0,0,3836,1918,514024,257012,548685.0,548685.0,286.07142857142856,False,True,3836,1918,0,0,3836,1918,0.000390625,1318.104657321698,0.18928156668072602,0.18928156668072602,0.18928156668072602,False,-0.7094777844158319,0.000390625,True
trial,134,134,133,878.9931869806799,878.9931869806799,877.1315827490703,877.1315827490703,3836,1918,0,0,3836,1918,517860,258930,548685.0,548685.0,286.07142857142856,False,True,3836,1918,0,0,3836,1918,0.00078125,978.3460720240269,-1.8153686500253534,-1.8153686500253534,-1.8153686500253534,False,-1.0254689765539307,0.00078125,False
trial,135,135,133,877.1467809965651,877.1467809965651,877.1315827490703,877.1315827490703,3836,1918,0,0,3836,1918,521696,260848,548685.0,548685.0,286.07142857142856,False,True,3836,1918,0,0,3836,1918,0.000390625,978.3460720240269,-0.025721561870230236,-0.025721561870230236,-0.025721561870230236,False,-0.5908757629688465,0.000390625,False
trial,136,136,136,877.6707044807893,877.6707044807893,877.6707044807893,877.6707044807893,3836,1918,0,0,3836,1918,525532,262766,606440.0,606440.0,316.1835245046924,False,True,3836,1918,0,0,3836,1918,0.0001953125,11515.852103890533,0.8990603018488548,0.8990603018488548,0.8990603018488548,False,-1.7289965386516803,0.0001953125,True
trial,137,137,137,877.5616146467212,877.5616146467212,877.5616146467212,877.5616146467212,3836,1918,0,0,3836,1918,529368,264684,606440.0,606440.0,316.1835245046924,False,True,3836,1918,0,0,3836,1918,0.000390625,1713.4748025253402,0.15547065285975836,0.15547065285975836,0.15547065285975836,False,-0.701674766661438,0.000390625,True
trial,138,138,137,878.6636416770922,878.6636416770922,877.5616146467212,877.5616146467212,3836,1918,0,0,3836,1918,533204,266602,606440.0,606440.0,316.1835245046924,False,True,3836,1918,0,0,3836,1918,0.00078125,1528.4856201110547,-0.6058676026677078,-0.6058676026677078,-0.6058676026677078,False,-1.818923846593955,0.00078125,False
trial,139,139,139,877.1228622364283,877.1228622364283,877.1228622364283,877.1228622364283,3836,1918,0,0,3836,1918,537040,268520,606440.0,606440.0,316.1835245046924,False,True,3836,1918,0,0,3836,1918,0.000390625,1528.4856201110547,0.42448630563180634,0.42448630563180634,0.42448630563180634,False,-1.033607926738234,0.000390625,True
trial,140,140,139,879.4370136899715,879.4370136899715,877.1228622364283,877.1228622364283,3836,1918,0,0,3836,1918,540876,270438,606440.0,606440.0,316.1835245046924,False,True,3836,1918,0,0,3836,1918,0.00078125,1128.8852285562903,-3.425222789099493,-3.425222789099493,-3.425222789099493,False,-0.6756207102521408,0.00078125,False
trial,141,141,141,878.1696075081928,878.1696075081928,878.1696075081928,878.1696075081928,3836,1918,0,0,3836,1918,544712,272356,639210.0,639210.0,333.26903023983317,False,True,3836,1918,0,0,3836,1918,0.000390625,18876.190146615158,0.636403921500898,0.636403921500898,0.636403921500898,False,-1.9161852371578763,0.000390625,True
trial,142,142,141,879.458680890609,879.458680890609,878.1696075081928,878.1696075081928,3836,1918,0,0,3836,1918,548548,274274,639210.0,639210.0,333.26903023983317,False,True,3836,1918,0,0,3836,1918,0.00078125,2781.2782788533123,-0.6719188400531501,-0.6719188400531501,-0.6719188400531501,False,-1.9184956658072112,0.00078125,False
trial,143,143,143,877.7270243708392,877.7270243708392,877.7270243708392,877.7270243708392,3836,1918,0,0,3836,1918,552384,276192,639210.0,639210.0,333.26903023983317,False,True,3836,1918,0,0,3836,1918,0.000390625,2781.2782788533123,0.3996965670828693,0.3996965670828693,0.3996965670828693,False,-1.1072978199030852,0.000390625,True
trial,144,144,143,880.3074325739627,880.3074325739627,877.7270243708392,877.7270243708392,3836,1918,0,0,3836,1918,556220,278110,639210.0,639210.0,333.26903023983317,False,True,3836,1918,0,0,3836,1918,0.00078125,1335.2726484900243,-2.594230540254593,-2.594230540254593,-2.594230540254593,False,-0.9946718932968366,0.00078125,False
trial,145,145,143,877.8710369473345,877.8710369473345,877.7270243708392,877.7270243708392,3836,1918,0,0,3836,1918,560056,280028,639210.0,639210.0,333.26903023983317,False,True,3836,1918,0,0,3836,1918,0.000390625,1335.2726484900243,-0.2558794323287504,-0.2558794323287504,-0.2558794323287504,False,-0.5628141941092683,0.000390625,False
trial,146,146,146,876.7326521222158,876.7326521222158,876.7326521222158,876.7326521222158,3836,1918,0,0,3836,1918,563892,281946,716830.0,716830.0,373.73826903023985,False,True,3836,1918,0,0,3836,1918,0.0001953125,15113.61017996156,0.9050675900661189,0.9050675900661189,0.9050675900661189,False,-1.552431930414952,0.0001953125,True
trial,147,147,147,876.2586865704179,876.2586865704179,876.2586865704179,876.2586865704179,3836,1918,0,0,3836,1918,567728,283864,716830.0,716830.0,373.73826903023985,False,True,3836,1918,0,0,3836,1918,0.000390625,1750.622160481507,0.49402575596617027,0.49402575596617027,0.49402575596617027,False,-0.9593944163314075,0.000390625,True
trial,148,148,147,878.091267141958,878.091267141958,876.2586865704179,876.2586865704179,3836,1918,0,0,3836,1918,571564,285782,716830.0,716830.0,373.73826903023985,False,True,3836,1918,0,0,3836,1918,0.00078125,1818.9838224095975,-1.1370047410974768,-1.1370047410974768,-1.1370047410974768,False,-1.6117615919272679,0.00078125,False
trial,149,149,149,875.9133395174235,875.9133395174235,875.9133395174235,875.9133395174235,3836,1918,0,0,3836,1918,575400,287700,716830.0,716830.0,373.73826903023985,False,True,3836,1918,0,0,3836,1918,0.000390625,1818.9838224095975,0.3566519470220237,0.3566519470220237,0.3566519470220237,False,-0.9683027272890752,0.000390625,True
trial,150,150,149,877.7269957152076,877.7269957152076,875.9133395174235,875.9133395174235,3836,1918,0,0,3836,1918,579236,289618,716830.0,716830.0,373.73826903023985,False,True,3836,1918,0,0,3836,1918,0.00078125,1710.81552209591,-1.4207962218024284,-1.4207962218024284,-1.4207962218024284,False,-1.27650691207729,0.00078125,False
trial,151,151,151,873.0437328807627,873.0437328807627,873.0437328807627,873.0437328807627,3836,1918,0,0,3836,1918,583072,291536,749600.0,749600.0,390.8237747653806,False,True,3836,1918,0,0,3836,1918,0.000390625,5868.511361532663,0.48892485691110893,0.48892485691110893,0.48892485691110893,False,-1.0299108718319516,0.000390625,True
trial,152,152,151,874.8802547617141,874.8802547617141,873.0437328807627,873.0437328807627,3836,1918,0,0,3836,1918,586908,293454,749600.0,749600.0,390.8237747653806,False,True,3836,1918,0,0,3836,1918,0.00078125,2004.2255511659187,-1.5777789813476804,-1.5777789813476804,-1.5777789813476804,False,-1.1639918535248328,0.00078125,False
trial,153,153,153,872.8802766560077,872.8802766560077,872.8802766560077,872.8802766560077,3836,1918,0,0,3836,1918,590744,295372,749600.0,749600.0,390.8237747653806,False,True,3836,1918,0,0,3836,1918,0.000390625,2004.2255511659187,0.2328735393791409,0.2328735393791409,0.2328735393791409,False,-0.7019098227767586,0.000390625,True
trial,154,154,153,874.576101158772,874.576101158772,872.8802766560077,872.8802766560077,3836,1918,0,0,3836,1918,594580,297290,749600.0,749600.0,390.8237747653806,False,True,3836,1918,0,0,3836,1918,0.00078125,1623.3080383345607,-1.8098399985087381,-1.8098399985087381,-1.8098399985087381,False,-0.9370024445042486,0.00078125,False
trial,155,155,155,872.7865207901762,872.7865207901762,872.7865207901762,872.7865207901762,3836,1918,0,0,3836,1918,598416,299208,749600.0,749600.0,390.8237747653806,False,True,3836,1918,0,0,3836,1918,0.000390625,1623.3080383345607,0.15397594345886867,0.15397594345886867,0.15397594345886867,False,-0.6088994405583796,0.000390625,True
trial,156,156,155,875.06353830891,875.06353830891,873.3777780135633,873.3777780135633,3836,1918,0,0,3836,1918,602252,301126,759600.0,759600.0,396.0375391032325,False,True,3836,1918,0,0,3836,1918,0.00078125,6892.175114240928,-1.1250320773265596,-1.1250320773265596,-1.1250320773265596,False,-1.4984108714060547,0.00078125,False
trial,157,157,157,872.9413345700324,872.9413345700324,872.9413345700324,872.9413345700324,3836,1918,0,0,3836,1918,606088,303044,759600.0,759600.0,396.0375391032325,False,True,3836,1918,0,0,3836,1918,0.000390625,6892.175114240928,0.4311045101063183,0.4311045101063183,0.4311045101063183,False,-1.0123843135468769,0.000390625,True
trial,158,158,157,874.7089707963306,874.7089707963306,872.9413345700324,872.9413345700324,3836,1918,0,0,3836,1918,609924,304962,759600.0,759600.0,396.0375391032325,False,True,3836,1918,0,0,3836,1918,0.00078125,1867.3354772880691,-1.7826471467637979,-1.7826471467637979,-1.7826471467637979,False,-0.9915794213718558,0.00078125,False
trial,159,159,159,872.8364318800266,872.8364318800266,872.8364318800266,872.8364318800266,3836,1918,0,0,3836,1918,613760,306880,759600.0,759600.0,396.0375391032325,False,True,3836,1918,0,0,3836,1918,0.000390625,1867.3354772880691,0.16198577228632857,0.16198577228632857,0.16198577228632857,False,-0.647604345277853,0.000390625,True
trial,160,160,159,874.7823237553723,874.7823237553723,872.8364318800266,872.8364318800266,3836,1918,0,0,3836,1918,617596,308798,759600.0,759600.0,396.0375391032325,False,True,3836,1918,0,0,3836,1918,0.00078125,1754.4224026332377,-1.6958571204423774,-1.6958571204423774,-1.6958571204423774,False,-1.1474385736211965,0.00078125,False
trial,161,161,161,873.0135532003338,873.0135532003338,873.0135532003338,873.0135532003338,3836,1918,0,0,3836,1918,621432,310716,792370.0,792370.0,413.1230448383733,False,True,3836,1918,0,0,3836,1918,0.000390625,11639.902487239466,0.6890507922922238,0.6890507922922238,0.6890507922922238,False,-1.9087691280723282,0.000390625,True
trial,162,162,161,874.7183271550592,874.7183271550592,873.0135532003338,873.0135532003338,3836,1918,0,0,3836,1918,625268,312634,792370.0,792370.0,413.1230448383733,False,True,3836,1918,0,0,3836,1918,0.00078125,2381.785232626198,-1.6787140645154268,-1.6787140645154268,-1.6787140645154268,False,-1.0155237218540207,0.00078125,False
trial,163,163,163,872.9021121169878,872.9021121169878,872.9021121169878,872.9021121169878,3836,1918,0,0,3836,1918,629104,314552,792370.0,792370.0,413.1230448383733,False,True,3836,1918,0,0,3836,1918,0.000390625,2381.785232626198,0.16414708406284423,0.16414708406284423,0.16414708406284423,False,-0.6789099177864693,0.000390625,True
trial,164,164,163,874.967808648184,874.967808648184,872.9021121169878,872.9021121169878,3836,1918,0,0,3836,1918,632940,316470,792370.0,792370.0,413.1230448383733,False,True,3836,1918,0,0,3836,1918,0.00078125,1846.4808392919333,-1.5506312464302225,-1.5506312464302225,-1.5506312464302225,False,-1.3321649076475877,0.00078125,False
trial,165,165,165,872.6922682666386,872.6922682666386,872.6922682666386,872.6922682666386,3836,1918,0,0,3836,1918,636776,318388,792370.0,792370.0,413.1230448383733,False,True,3836,1918,0,0,3836,1918,0.000390625,1846.4808392919333,0.26087733322853424,0.26087733322853424,0.26087733322853424,False,-0.8043774740881315,0.000390625,True
trial,166,166,165,874.7021938503037,874.7021938503037,872.7947964404491,872.7947964404491,3836,1918,0,0,3836,1918,640612,320306,802370.0,802370.0,418.33680917622524,False,True,3836,1918,0,0,3836,1918,0.00078125,4050.450455959018,-1.6042342226526287,-1.6042342226526287,-1.6042342226526287,False,-1.1889768856200589,0.00078125,False
trial,167,167,167,872.5918161644822,872.5918161644822,872.5918161644822,872.5918161644822,3836,1918,0,0,3836,1918,644448,322224,802370.0,802370.0,418.33680917622524,False,True,3836,1918,0,0,3836,1918,0.000390625,4050.450455959018,0.2448238669164285,0.2448238669164285,0.2448238669164285,False,-0.8290869616733632,0.000390625,True
trial,168,168,167,875.0146080415866,875.0146080415866,872.5918161644822,872.5918161644822,3836,1918,0,0,3836,1918,648284,324142,802370.0,802370.0,418.33680917622524,False,True,3836,1918,0,0,3836,1918,0.00078125,2027.2329199305723,-1.8113881994680543,-1.8113881994680543,-1.8113881994680543,False,-1.3375332122710462,0.00078125,False
trial,169,169,169,872.4567418328102,872.4567418328102,872.4567418328102,872.4567418328102,3836,1918,0,0,3836,1918,652120,326060,802370.0,802370.0,418.33680917622524,False,True,3836,1918,0,0,3836,1918,0.000390625,2027.2329199305723,0.16754172154518482,0.16754172154518482,0.16754172154518482,False,-0.8062131057644026,0.000390625,True
trial,170,170,169,874.5461706084627,874.5461706084627,872.4567418328102,872.4567418328102,3836,1918,0,0,3836,1918,655956,327978,802370.0,802370.0,418.33680917622524,False,True,3836,1918,0,0,3836,1918,0.00078125,1964.4450505450745,-2.184444681309693,-2.184444681309693,-2.184444681309693,False,-0.9565034049751372,0.00078125,False
trial,171,171,171,876.1876828890288,876.1876828890288,876.1876828890288,876.1876828890288,3836,1918,0,0,3836,1918,659792,329896,835140.0,835140.0,435.422314911366,False,True,3836,1918,0,0,3836,1918,0.000390625,7852.301150359615,0.4881376816319341,0.4881376816319341,0.4881376816319341,False,-1.355074580827974,0.000390625,True
trial,172,172,171,878.786553777958,878.786553777958,876.1876828890288,876.1876828890288,3836,1918,0,0,3836,1918,663628,331814,835140.0,835140.0,435.422314911366,False,True,3836,1918,0,0,3836,1918,0.00078125,2180.632117781962,-2.1100477055669726,-2.1100477055669726,-2.1100477055669726,False,-1.2316645173815732,0.00078125,False
trial,173,173,173,876.1144191151284,876.1144191151284,876.1144191151284,876.1144191151284,3836,1918,0,0,3836,1918,667464,333732,835140.0,835140.0,435.422314911366,False,True,3836,1918,0,0,3836,1918,0.000390625,2180.632117781962,0.09699623756168659,0.09699623756168659,0.09699623756168659,False,-0.7553259357489421,0.000390625,True
trial,174,174,173,878.569293914971,878.569293914971,876.1144191151284,876.1144191151284,3836,1918,0,0,3836,1918,671300,335650,835140.0,835140.0,435.422314911366,False,True,3836,1918,0,0,3836,1918,0.00078125,1927.523442602421,-2.3459600547848005,-2.3459600547848005,-2.3459600547848005,False,-1.0464265130327712,0.00078125,False
trial,175,175,173,876.1189768555414,876.1189768555414,876.1144191151284,876.1144191151284,3836,1918,0,0,3836,1918,675136,337568,835140.0,835140.0,435.422314911366,False,True,3836,1918,0,0,3836,1918,0.000390625,1927.523442602421,-0.006418038318378563,-0.006418038318378563,-0.006418038318378563,False,-0.710145403770569,0.000390625,False
trial,176,176,176,873.5508158739682,873.5508158739682,873.5508158739682,873.5508158739682,3836,1918,0,0,3836,1918,678972,339486,959000.0,959000.0,500.0,False,True,3836,1918,0,0,3836,1918,0.0001953125,15375.236330338641,0.9330518314718247,0.9330518314718247,0.9330518314718247,False,-2.5202283075463647,0.0001953125,True
trial,177,177,177,873.3674872105366,873.3674872105366,873.3674872105366,873.3674872105366,3836,1918,0,0,3836,1918,682808,341404,959000.0,959000.0,500.0,False,True,3836,1918,0,0,3836,1918,0.000390625,1519.9729460037881,0.20366160390084576,0.20366160390084576,0.20366160390084576,False,-0.9001631133220759,0.000390625,True
trial,178,178,177,875.2218060323489,875.2218060323489,873.3674872105366,873.3674872105366,3836,1918,0,0,3836,1918,686644,343322,959000.0,959000.0,500.0,False,True,3836,1918,0,0,3836,1918,0.00078125,2123.3770150347505,-1.1157545265601705,-1.1157545265601705,-1.1157545265601705,False,-1.661941563014833,0.00078125,False
trial,179,179,179,872.9095900711559,872.9095900711559,872.9095900711559,872.9095900711559,3836,1918,0,0,3836,1918,690480,345240,959000.0,959000.0,500.0,False,True,3836,1918,0,0,3836,1918,0.000390625,2123.3770150347505,0.42276984596508604,0.42276984596508604,0.42276984596508604,False,-1.0830884552219524,0.000390625,True
trial,180,180,179,875.9545167854031,875.9545167854031,872.9095900711559,872.9095900711559,3836,1918,0,0,3836,1918,694316,347158,959000.0,959000.0,500.0,False,True,3836,1918,0,0,3836,1918,0.00078125,1588.2417055956555,-3.4970654193196924,-3.4970654193196924,-3.4970654193196924,False,-0.8707091086787858,0.00078125,False
trial,181,181,179,873.0324028079374,873.0324028079374,872.9095900711559,872.9095900711559,3836,1918,0,0,3836,1918,698152,349076,959000.0,959000.0,500.0,False,True,3836,1918,0,0,3836,1918,0.000390625,1588.2417055956555,-0.2123337927021866,-0.2123337927021866,-0.2123337927021866,False,-0.578394683288832,0.000390625,False
trial,182,182,182,872.6988508526207,872.6988508526207,872.6988508526207,872.6988508526207,3836,1918,0,0,3836,1918,701988,350994,959000.0,959000.0,500.0,False,True,3836,1918,0,0,3836,1918,0.0001953125,1588.2417055956555,0.5723523144467301,0.5723523144467301,0.5723523144467301,False,-0.3681984211750915,0.0001953125,True
trial,183,183,182,872.9592760732364,872.9592760732364,872.6988508526207,872.6988508526207,3836,1918,0,0,3836,1918,705824,352912,959000.0,959000.0,500.0,False,True,3836,1918,0,0,3836,1918,0.000390625,528.9753141445416,-0.7109201025261509,-0.7109201025261509,-0.7109201025261509,False,-0.36632136254179165,0.000390625,False
trial,184,184,184,872.6315857309532,872.6315857309532,872.6315857309532,872.6315857309532,3836,1918,0,0,3836,1918,709660,354830,959000.0,959000.0,500.0,False,True,3836,1918,0,0,3836,1918,0.0001953125,528.9753141445416,0.3355734997293449,0.3355734997293449,0.3355734997293449,False,-0.2004482526829414,0.0001953125,True
trial,185,185,184,872.9768835588429,872.9768835588429,872.6315857309532,872.6315857309532,3836,1918,0,0,3836,1918,713496,356748,959000.0,959000.0,500.0,False,True,3836,1918,0,0,3836,1918,0.000390625,506.82037258654475,-0.9120266282809579,-0.9120266282809579,-0.9120266282809579,False,-0.37860498496685197,0.000390625,False
trial,186,186,186,872.5804819969499,872.5804819969499,872.5804819969499,872.5804819969499,3836,1918,0,0,3836,1918,717332,358666,959000.0,959000.0,500.0,False,True,3836,1918,0,0,3836,1918,0.0001953125,506.82037258654475,0.2407650863685767,0.2407650863685767,0.2407650863685767,False,-0.21225558395604915,0.0001953125,True
trial,187,187,186,872.9498111564409,872.9498111564409,872.5804819969499,872.5804819969499,3836,1918,0,0,3836,1918,721168,360584,959000.0,959000.0,500.0,False,True,3836,1918,0,0,3836,1918,0.000390625,561.2604970210256,-0.9649416151430079,-0.9649416151430079,-0.9649416151430079,False,-0.3827476747764627,0.000390625,False
trial,188,188,188,872.5354324640548,872.5354324640548,872.5354324640548,872.5354324640548,3836,1918,0,0,3836,1918,725004,362502,959000.0,959000.0,500.0,False,True,3836,1918,0,0,3836,1918,0.0001953125,561.2604970210256,0.21404181657399812,0.21404181657399812,0.21404181657399812,False,-0.21047070902376364,0.0001953125,True
trial,189,189,188,872.9213749800872,872.9213749800872,872.5354324640548,872.5354324640548,3836,1918,0,0,3836,1918,728840,364420,959000.0,959000.0,500.0,False,True,3836,1918,0,0,3836,1918,0.000390625,544.4224364442588,-1.12168137371537,-1.12168137371537,-1.12168137371537,False,-0.34407499765645116,0.000390625,False
trial,190,190,190,872.50352371398,872.50352371398,872.50352371398,872.50352371398,3836,1918,0,0,3836,1918,732676,366338,959000.0,959000.0,500.0,False,True,3836,1918,0,0,3836,1918,0.0001953125,544.4224364442588,0.16380172189145498,0.16380172189145498,0.16380172189145498,False,-0.19480106622998433,0.0001953125,True
trial,191,191,190,872.8996975797695,872.8996975797695,872.50352371398,872.50352371398,3836,1918,0,0,3836,1918,736512,368256,959000.0,959000.0,500.0,False,True,3836,1918,0,0,3836,1918,0.000390625,558.8779670422603,-1.127258553463806,-1.127258553463806,-1.127258553463806,False,-0.3514489773194689,0.000390625,False
trial,192,192,192,872.4776364976453,872.4776364976453,872.4776364976453,872.4776364976453,3836,1918,0,0,3836,1918,740348,370174,959000.0,959000.0,500.0,False,True,3836,1918,0,0,3836,1918,0.0001953125,558.8779670422603,0.13525168033838117,0.13525168033838117,0.13525168033838117,False,-0.19140033062752915,0.0001953125,True
trial,193,193,192,872.8847722498715,872.8847722498715,872.4776364976453,872.4776364976453,3836,1918,0,0,3836,1918,744184,372092,959000.0,959000.0,500.0,False,True,3836,1918,0,0,3836,1918,0.000390625,541.7575524493942,-1.2623875803086637,-1.2623875803086637,-1.2623875803086637,False,-0.32251248236030644,0.000390625,False
trial,194,194,194,872.4584780131811,872.4584780131811,872.4584780131811,872.4584780131811,3836,1918,0,0,3836,1918,748020,374010,959000.0,959000.0,500.0,False,True,3836,1918,0,0,3836,1918,0.0001953125,541.7575524493942,0.10515969115795089,0.10515969115795089,0.10515969115795089,False,-0.1821846779244134,0.0001953125,True
trial,195,195,194,872.8727999873604,872.8727999873604,872.4584780131811,872.4584780131811,3836,1918,0,0,3836,1918,751856,375928,959000.0,959000.0,500.0,False,True,3836,1918,0,0,3836,1918,0.000390625,559.9860074748048,-1.2272560680020566,-1.2272560680020566,-1.2272560680020566,False,-0.33760026532507437,0.000390625,False
trial,196,196,196,872.4400714315777,872.4400714315777,872.4400714315777,872.4400714315777,3836,1918,0,0,3836,1918,755692,377846,959000.0,959000.0,500.0,False,True,3836,1918,0,0,3836,1918,0.0001953125,559.9860074748048,0.1001662683039338,0.1001662683039338,0.1001662683039338,False,-0.1837602809311724,0.0001953125,True
trial,197,197,196,872.8603734597268,872.8603734597268,872.4400714315777,872.4400714315777,3836,1918,0,0,3836,1918,759528,379764,959000.0,959000.0,500.0,False,True,3836,1918,0,0,3836,1918,0.000390625,541.5116809990016,-1.3495445647192763,-1.3495445647192763,-1.3495445647192763,False,-0.31143990286568224,0.000390625,False
trial,198,198,198,872.4277874185973,872.4277874185973,872.4277874185973,872.4277874185973,3836,1918,0,0,3836,1918,763364,381682,959000.0,959000.0,500.0,False,True,3836,1918,0,0,3836,1918,0.0001953125,541.5116809990016,0.0700907564838478,0.0700907564838478,0.0700907564838478,False,-0.17525867313581175,0.0001953125,True
trial,199,199,198,872.8462013376056,872.8462013376056,872.4277874185973,872.4277874185973,3836,1918,0,0,3836,1918,767200,383600,959000.0,959000.0,500.0,False,True,3836,1918,0,0,3836,1918,0.000390625,558.320213547746,-1.2675965762598762,-1.2675965762598762,-1.2675965762598762,False,-0.33008445024591415,0.000390625,False
trial,200,200,200,872.4137582453085,872.4137582453085,872.4137582453085,872.4137582453085,3836,1918,0,0,3836,1918,771036,385518,959000.0,959000.0,500.0,False,True,3836,1918,0,0,3836,1918,0.0001953125,558.320213547746,0.07823447466548113,0.07823447466548113,0.07823447466548113,False,-0.17932213833851543,0.0001953125,True
trial,201,201,200,872.8364840202803,872.8364840202803,872.4137582453085,872.4137582453085,3836,1918,0,0,3836,1918,774872,387436,959000.0,959000.0,500.0,False,True,3836,1918,0,0,3836,1918,0.000390625,536.5325040631808,-1.381574318095037,-1.381574318095037,-1.381574318095037,False,-0.3059739671150505,0.000390625,False
trial,202,202,202,872.4045531164716,872.4045531164716,872.4045531164716,872.4045531164716,3836,1918,0,0,3836,1918,778708,389354,959000.0,959000.0,500.0,False,True,3836,1918,0,0,3836,1918,0.0001953125,536.5325040631808,0.053426969307865606,0.053426969307865606,0.053426969307865606,False,-0.17229367407837637,0.0001953125,True
trial,203,203,202,872.8279438984957,872.8279438984957,872.4045531164716,872.4045531164716,3836,1918,0,0,3836,1918,782544,391272,959000.0,959000.0,500.0,False,True,3836,1918,0,0,3836,1918,0.000390625,558.3821486020117,-1.2992965557530296,-1.2992965557530296,-1.2992965557530296,False,-0.32586154419441815,0.000390625,False
trial,204,204,204,872.392870309024,872.392870309024,872.392870309024,872.392870309024,3836,1918,0,0,3836,1918,786380,393190,959000.0,959000.0,500.0,False,True,3836,1918,0,0,3836,1918,0.0001953125,558.3821486020117,0.06594156422860963,0.06594156422860963,0.06594156422860963,False,-0.17716909788529372,0.0001953125,True
trial,205,205,204,872.8211168882242,872.8211168882242,872.392870309024,872.392870309024,3836,1918,0,0,3836,1918,790216,395108,959000.0,959000.0,500.0,False,True,3836,1918,0,0,3836,1918,0.000390625,537.5809858629801,-1.4148724599493212,-1.4148724599493212,-1.4148724599493212,False,-0.30267504055842764,0.000390625,False
trial,206,206,206,872.3852155211525,872.3852155211525,872.3852155211525,872.3852155211525,3836,1918,0,0,3836,1918,794052,397026,959000.0,959000.0,500.0,False,True,3836,1918,0,0,3836,1918,0.0001953125,537.5809858629801,0.04486723129805852,0.04486723129805852,0.04486723129805852,False,-0.17060976686192583,0.0001953125,True
trial,207,207,207,872.3313051571456,872.3313051571456,872.3313051571456,872.3313051571456,3836,1918,0,0,3836,1918,797888,398944,959000.0,959000.0,500.0,False,True,3836,1918,0,0,3836,1918,9.765625e-05,557.5524601005445,0.566474764763605,0.566474764763605,0.566474764763605,False,-0.09516816522166094,9.765625e-05,True
trial,208,208,207,872.4001440263037,872.4001440263037,872.3313051571456,872.3313051571456,3836,1918,0,0,3836,1918,801724,400862,959000.0,959000.0,500.0,False,True,3836,1918,0,0,3836,1918,0.0001953125,208.16988960743893,-1.5006514525168844,-1.5006514525168844,-1.5006514525168844,False,-0.045872656866866104,0.0001953125,False
trial,209,209,209,872.327259913345,872.327259913345,872.327259913345,872.327259913345,3836,1918,0,0,3836,1918,805560,402780,959000.0,959000.0,500.0,False,True,3836,1918,0,0,3836,1918,9.765625e-05,208.16988960743893,0.14760059130743458,0.14760059130743458,0.14760059130743458,False,-0.02740669102213211,9.765625e-05,True
trial,210,210,209,872.4192761809358,872.4192761809358,872.327259913345,872.327259913345,3836,1918,0,0,3836,1918,809396,404698,959000.0,959000.0,500.0,False,True,3836,1918,0,0,3836,1918,0.0001953125,178.8014301983024,-1.1836500562205519,-1.1836500562205519,-1.1836500562205519,False,-0.07773941893316448,0.0001953125,False
trial,211,211,209,872.327371991591,872.327371991591,872.327259913345,872.327259913345,3836,1918,0,0,3836,1918,813232,406616,959000.0,959000.0,500.0,False,True,3836,1918,0,0,3836,1918,9.765625e-05,178.8014301983024,-0.002721773932475939,-0.002721773932475939,-0.002721773932475939,False,-0.04117838175692129,9.765625e-05,False
trial,212,212,212,872.3163260999152,872.3163260999152,872.3163260999152,872.3163260999152,3836,1918,0,0,3836,1918,817068,408534,959000.0,959000.0,500.0,False,True,3836,1918,0,0,3836,1918,4.8828125e-05,178.8014301983024,0.5139088911601426,0.5139088911601426,0.5139088911601426,False,-0.02127578179299143,4.8828125e-05,True
trial,213,213,212,872.3358286531511,872.3358286531511,872.3163260999152,872.3163260999152,3836,1918,0,0,3836,1918,820904,410452,959000.0,959000.0,500.0,False,True,3836,1918,0,0,3836,1918,9.765625e-05,88.59636424633635,-0.977214358956895,-0.977214358956895,-0.977214358956895,False,-0.01995729294928683,9.765625e-05,False
trial,214,214,214,872.3156904505877,872.3156904505877,872.3156904505877,872.3156904505877,3836,1918,0,0,3836,1918,824740,412370,959000.0,959000.0,500.0,False,True,3836,1918,0,0,3836,1918,4.8828125e-05,88.59636424633635,0.06059160604448503,0.06059160604448503,0.06059160604448503,False,-0.010490715941928816,4.8828125e-05,True
trial,215,215,214,872.3312197207981,872.3312197207981,872.3156904505877,872.3156904505877,3836,1918,0,0,3836,1918,828576,414288,959000.0,959000.0,500.0,False,True,3836,1918,0,0,3836,1918,9.765625e-05,108.29079523252352,-0.5880731726453501,-0.5880731726453501,-0.5880731726453501,False,-0.026407037308946255,9.765625e-05,False
trial,216,216,216,872.3125302674097,872.3125302674097,872.3125302674097,872.3125302674097,3836,1918,0,0,3836,1918,832412,416206,959000.0,959000.0,500.0,False,True,3836,1918,0,0,3836,1918,4.8828125e-05,108.29079523252352,0.229365943810158,0.229365943810158,0.229365943810158,False,-0.013777909333507843,4.8828125e-05,True
trial,217,217,216,872.3337173402642,872.3337173402642,872.3125302674097,872.3125302674097,3836,1918,0,0,3836,1918,836248,418124,959000.0,959000.0,500.0,False,True,3836,1918,0,0,3836,1918,9.765625e-05,92.63362855241735,-0.9844339592641344,-0.9844339592641344,-0.9844339592641344,False,-0.02152208653020918,9.765625e-05,False
trial,218,218,218,872.3120450196345,872.3120450196345,872.3120450196345,872.3120450196345,3836,1918,0,0,3836,1918,840084,420042,959000.0,959000.0,500.0,False,True,3836,1918,0,0,3836,1918,4.8828125e-05,92.63362855241735,0.04333572934796668,0.04333572934796668,0.04333572934796668,False,-0.011197406446058782,4.8828125e-05,True
trial,219,219,219,872.3077089309497,872.3077089309497,872.3077089309497,872.3077089309497,3836,1918,0,0,3836,1918,843920,421960,959000.0,959000.0,500.0,False,True,3836,1918,0,0,3836,1918,2.44140625e-05,108.50152438909502,0.6126185521868143,0.6126185521868143,0.6126185521868143,False,-0.007077958493612017,2.44140625e-05,True
trial,220,220,219,872.3120644199225,872.3120644199225,872.3077089309497,872.3077089309497,3836,1918,0,0,3836,1918,847756,423878,959000.0,959000.0,500.0,False,True,3836,1918,0,0,3836,1918,4.8828125e-05,36.24851407191759,-1.0309305877011241,-1.0309305877011241,-1.0309305877011241,False,-0.004224813023074626,4.8828125e-05,False
trial,221,221,221,872.307602219536,872.307602219536,872.307602219536,872.307602219536,3836,1918,0,0,3836,1918,851592,425796,959000.0,959000.0,500.0,False,True,3836,1918,0,0,3836,1918,2.44140625e-05,36.24851407191759,0.04827597918789069,0.04827597918789069,0.04827597918789069,False,-0.0022104453510665835,2.44140625e-05,True
trial,222,222,222,872.3061462768435,872.3061462768435,872.3061462768435,872.3061462768435,3836,1918,0,0,3836,1918,855428,427714,959000.0,959000.0,500.0,False,True,3836,1918,0,0,3836,1918,1.220703125e-05,67.88100943550093,0.6791963970979018,0.6791963970979018,0.6791963970979018,False,-0.0021436254648793947,1.220703125e-05,True
trial,223,223,222,872.3066677910681,872.3066677910681,872.3061462768435,872.3061462768435,3836,1918,0,0,3836,1918,859264,429632,959000.0,959000.0,500.0,False,True,3836,1918,0,0,3836,1918,2.44140625e-05,33.38219170923697,-0.25738041765600056,-0.25738041765600056,-0.25738041765600056,False,-0.002026238939819366,2.44140625e-05,False
trial,224,224,224,872.3057329718813,872.3057329718813,872.3057329718813,872.3057329718813,3836,1918,0,0,3836,1918,863100,431550,959000.0,959000.0,500.0,False,True,3836,1918,0,0,3836,1918,1.220703125e-05,33.38219170923697,0.39672158128646823,0.39672158128646823,0.39672158128646823,False,-0.0010418010556771753,1.220703125e-05,True
trial,225,225,224,872.3061984193928,872.3061984193928,872.3057329718813,872.3057329718813,3836,1918,0,0,3836,1918,866936,433468,959000.0,959000.0,500.0,False,True,3836,1918,0,0,3836,1918,2.44140625e-05,28.278879683717896,-0.21468866958127797,-0.21468866958127797,-0.21468866958127797,False,-0.002168011532212559,2.44140625e-05,False
trial,226,226,226,872.305289463496,872.305289463496,872.305289463496,872.305289463496,3836,1918,0,0,3836,1918,870772,435386,959000.0,959000.0,500.0,False,True,3836,1918,0,0,3836,1918,1.220703125e-05,28.278879683717896,0.3985257459192261,0.3985257459192261,0.3985257459192261,False,-0.0011128726056357794,1.220703125e-05,True
trial,227,227,226,872.3058360887146,872.3058360887146,872.305289463496,872.305289463496,3836,1918,0,0,3836,1918,874608,437304,959000.0,959000.0,500.0,False,True,3836,1918,0,0,3836,1918,2.44140625e-05,30.450154848052076,-0.26079963399974115,-0.26079963399974115,-0.26079963399974115,False,-0.0020959585341682927,2.44140625e-05,False
trial,228,228,228,872.304883958508,872.304883958508,872.304883958508,872.304883958508,3836,1918,0,0,3836,1918,878444,439222,959000.0,959000.0,500.0,False,True,3836,1918,0,0,3836,1918,1.220703125e-05,30.450154848052076,0.3767982221891853,0.3767982221891853,0.3767982221891853,False,-0.001076186043846678,1.220703125e-05,True
trial,229,229,228,872.3053535866569,872.3053535866569,872.304883958508,872.304883958508,3836,1918,0,0,3836,1918,882280,441140,959000.0,959000.0,500.0,False,True,3836,1918,0,0,3836,1918,2.44140625e-05,28.30635095634766,-0.2166792845680835,-0.2166792845680835,-0.2166792845680835,False,-0.002167388312569045,2.44140625e-05,False
trial,230,230,230,872.304443113606,872.304443113606,872.304443113606,872.304443113606,3836,1918,0,0,3836,1918,886116,443058,959000.0,959000.0,500.0,False,True,3836,1918,0,0,3836,1918,1.220703125e-05,28.30635095634766,0.39621056189880055,0.39621056189880055,0.39621056189880055,False,-0.0011126530798335474,1.220703125e-05,True
trial,231,231,230,872.3050049792135,872.3050049792135,872.304443113606,872.304443113606,3836,1918,0,0,3836,1918,889952,444976,959000.0,959000.0,500.0,False,True,3836,1918,0,0,3836,1918,2.44140625e-05,30.284162004401907,-0.26945952621937563,-0.26945952621937563,-0.26945952621937563,False,-0.0020851577059992064,2.44140625e-05,False
trial,232,232,232,872.3040439554875,872.3040439554875,872.3040439554875,872.3040439554875,3836,1918,0,0,3836,1918,893788,446894,959000.0,959000.0,500.0,False,True,3836,1918,0,0,3836,1918,1.220703125e-05,30.284162004401907,0.37283546234348847,0.37283546234348847,0.37283546234348847,False,-0.0010706012673873237,1.220703125e-05,True
trial,233,233,232,872.3045237291905,872.3045237291905,872.3040439554875,872.3040439554875,3836,1918,0,0,3836,1918,897624,448812,959000.0,959000.0,500.0,False,True,3836,1918,0,0,3836,1918,2.44140625e-05,28.174052748821854,-0.22233184997050467,-0.22233184997050467,-0.22233184997050467,False,-0.002157917109227626,2.44140625e-05,False
trial,234,234,234,872.3036066014554,872.3036066014554,872.3036066014554,872.3036066014554,3836,1918,0,0,3836,1918,901460,450730,959000.0,959000.0,500.0,False,True,3836,1918,0,0,3836,1918,1.220703125e-05,28.174052748821854,0.39427367791676604,0.39427367791676604,0.39427367791676604,False,-0.001109265103397392,1.220703125e-05,True
trial,235,235,234,872.3041852874996,872.3041852874996,872.3036066014554,872.3036066014554,3836,1918,0,0,3836,1918,905296,452648,959000.0,959000.0,500.0,False,True,3836,1918,0,0,3836,1918,2.44140625e-05,30.10750474739333,-0.2799903708178745,-0.2799903708178745,-0.2799903708178745,False,-0.0020668069497306036,2.44140625e-05,False
trial,236,236,236,872.3032149874508,872.3032149874508,872.3032149874508,872.3032149874508,3836,1918,0,0,3836,1918,909132,454566,959000.0,959000.0,500.0,False,True,3836,1918,0,0,3836,1918,1.220703125e-05,30.10750474739333,0.36859320293711373,0.36859320293711373,0.36859320293711373,False,-0.00106245584956471,1.220703125e-05,True
trial,237,237,236,872.3037044181226,872.3037044181226,872.3032149874508,872.3032149874508,3836,1918,0,0,3836,1918,912968,456484,959000.0,959000.0,500.0,False,True,3836,1918,0,0,3836,1918,2.44140625e-05,28.094527222564412,-0.227828722212405,-0.227828722212405,-0.227828722212405,False,-0.002148239550477869,2.44140625e-05,False
trial,238,238,238,872.3027832382459,872.3027832382459,872.3027832382459,872.3027832382459,3836,1918,0,0,3836,1918,916804,458402,959000.0,959000.0,500.0,False,True,3836,1918,0,0,3836,1918,1.220703125e-05,28.094527222564412,0.39106982833463977,0.39106982833463977,0.39106982833463977,False,-0.0011040207494095757,1.220703125e-05,True
trial,239,239,238,872.3033720888425,872.3033720888425,872.3027832382459,872.3027832382459,3836,1918,0,0,3836,1918,920640,460320,959000.0,959000.0,500.0,False,True,3836,1918,0,0,3836,1918,2.44140625e-05,29.966725843822566,-0.28633297603996816,-0.28633297603996816,-0.28633297603996816,False,-0.002056523858194629,2.44140625e-05,False
trial,240,240,240,872.302397177974,872.302397177974,872.302397177974,872.302397177974,3836,1918,0,0,3836,1918,924476,462238,959000.0,959000.0,500.0,False,True,3836,1918,0,0,3836,1918,1.220703125e-05,29.966725843822566,0.3651977090268493,0.3651977090268493,0.3651977090268493,False,-0.0010571267627888326,1.220703125e-05,True
trial,241,241,240,872.3028972660238,872.3028972660238,872.302397177974,872.302397177974,3836,1918,0,0,3836,1918,928312,464156,959000.0,959000.0,500.0,False,True,3836,1918,0,0,3836,1918,2.44140625e-05,27.944099127013256,-0.23397308286320284,-0.23397308286320284,-0.23397308286320284,False,-0.00213737428150205,2.44140625e-05,False
trial,242,242,242,872.3019701763906,872.3019701763906,872.3019701763906,872.3019701763906,3836,1918,0,0,3836,1918,932148,466074,959000.0,959000.0,500.0,False,True,3836,1918,0,0,3836,1918,1.220703125e-05,27.944099127013256,0.3885834641499395,0.3885834641499395,0.3885834641499395,False,-0.001098867097470268,1.220703125e-05,True
trial,243,243,242,872.3025766668775,872.3025766668775,872.3019701763906,872.3019701763906,3836,1918,0,0,3836,1918,935984,467992,959000.0,959000.0,500.0,False,True,3836,1918,0,0,3836,1918,2.44140625e-05,29.79905911735593,-0.2971899516238211,-0.2971899516238211,-0.2971899516238211,False,-0.0020407503134022087,2.44140625e-05,False
trial,244,244,244,872.3015919072657,872.3015919072657,872.3015919072657,872.3015919072657,3836,1918,0,0,3836,1918,939820,469910,959000.0,959000.0,500.0,False,True,3836,1918,0,0,3836,1918,1.220703125e-05,29.79905911735593,0.36030432590896955,0.36030432590896955,0.36030432590896955,False,-0.0010498600702061192,1.220703125e-05,True
trial,245,245,244,872.3021054503786,872.3021054503786,872.3015919072657,872.3015919072657,3836,1918,0,0,3836,1918,943656,471828,959000.0,959000.0,500.0,False,True,3836,1918,0,0,3836,1918,2.44140625e-05,27.862126356207526,-0.24177208171160244,-0.24177208171160244,-0.24177208171160244,False,-0.0021240794605662952,2.44140625e-05,False
trial,246,246,246,872.3011693187741,872.3011693187741,872.3011693187741,872.3011693187741,3836,1918,0,0,3836,1918,947492,473746,959000.0,959000.0,500.0,False,True,3836,1918,0,0,3836,1918,1.220703125e-05,27.862126356207526,0.38608145096260105,0.38608145096260105,0.38608145096260105,False,-0.0010945578724915123,1.220703125e-05,True
trial,247,247,246,872.3017829821246,872.3017829821246,872.3011693187741,872.3011693187741,3836,1918,0,0,3836,1918,951328,475664,959000.0,959000.0,500.0,False,True,3836,1918,0,0,3836,1918,2.44140625e-05,29.650583005493147,-0.302244014451553,-0.302244014451553,-0.302244014451553,False,-0.0020303573309049974,2.44140625e-05,False
trial,248,248,248,872.3007972520141,872.3007972520141,872.3007972520141,872.3007972520141,3836,1918,0,0,3836,1918,955164,477582,959000.0,959000.0,500.0,False,True,3836,1918,0,0,3836,1918,1.220703125e-05,29.650583005493147,0.3566736411110182,0.3566736411110182,0.3566736411110182,False,-0.0010431574331985197,1.220703125e-05,True
trial,249,249,248,872.3013208357012,872.3013208357012,872.3007972520141,872.3007972520141,3836,1918,0,0,3836,1918,959000,479500,959000.0,959000.0,500.0,False,True,3836,1918,0,0,3836,1918,2.44140625e-05,27.754923555371455,-0.24754036678101196,-0.24754036678101196,-0.24754036678101196,False,-0.002115144668466038,2.44140625e-05,False
trial,250,250,250,872.3003805669721,872.3003805669721,872.3003805669721,872.3003805669721,3836,1918,0,0,3836,1918,962836,481418,959000.0,959000.0,500.0,False,True,3836,1918,0,0,3836,1918,1.220703125e-05,27.754923555371455,0.3826116799824309,0.3826116799824309,0.3826116799824309,False,-0.0010890546835578944,1.220703125e-05,True
trial,251,251,250,872.3010091294277,872.3010091294277,872.3003805669721,872.3003805669721,3836,1918,0,0,3836,1918,966672,483336,959000.0,959000.0,500.0,False,True,3836,1918,0,0,3836,1918,2.44140625e-05,29.526540150533638,-0.3116972995469582,-0.3116972995469582,-0.3116972995469582,False,-0.0020165797282968093,2.44140625e-05,False
trial,252,252,252,872.3000155324551,872.3000155324551,872.3000155324551,872.3000155324551,3836,1918,0,0,3836,1918,970508,485254,959000.0,959000.0,500.0,False,True,3836,1918,0,0,3836,1918,1.220703125e-05,29.526540150533638,0.3522913311922087,0.3522913311922087,0.3522913311922087,False,-0.0010361722946229178,1.220703125e-05,True
trial,253,253,252,872.3005491731305,872.3005491731305,872.3000155324551,872.3000155324551,3836,1918,0,0,3836,1918,974344,487172,959000.0,959000.0,500.0,False,True,3836,1918,0,0,3836,1918,2.44140625e-05,27.66006840451448,-0.2537034932034476,-0.2537034932034476,-0.2537034932034476,False,-0.002103402947854056,2.44140625e-05,False
trial,254,254,254,872.2996027339386,872.2996027339386,872.2996027339386,872.2996027339386,3836,1918,0,0,3836,1918,978180,489090,959000.0,959000.0,500.0,False,True,3836,1918,0,0,3836,1918,1.220703125e-05,27.66006840451448,0.3806019488859195,0.3806019488859195,0.3806019488859195,False,-0.0010845938063225014,1.220703125e-05,True
trial,255,255,254,872.3002459122597,872.3002459122597,872.2996027339386,872.2996027339386,3836,1918,0,0,3836,1918,982016,491008,959000.0,959000.0,500.0,False,True,3836,1918,0,0,3836,1918,2.44140625e-05,29.36079644254077,-0.32092488037165817,-0.32092488037165817,-0.32092488037165817,False,-0.0020041397859998466,2.44140625e-05,False
trial,256,256,256,872.2992441583493,872.2992441583493,872.2992441583493,872.2992441583493,3836,1918,0,0,3836,1918,985852,492926,959000.0,959000.0,500.0,False,True,3836,1918,0,0,3836,1918,1.220703125e-05,29.36079644254077,0.3481872320768542,0.3481872320768542,0.3481872320768542,False,-0.0010298355490059963,1.220703125e-05,True
trial,257,257,256,872.2997810268793,872.2997810268793,872.2992441583493,872.2992441583493,3836,1918,0,0,3836,1918,989688,494844,959000.0,959000.0,500.0,False,True,3836,1918,0,0,3836,1918,2.44140625e-05,27.566218347853635,-0.255570230690963,-0.255570230690963,-0.255570230690963,False,-0.002100669269981187,2.44140625e-05,False
trial,258,258,258,872.2988359273169,872.2988359273169,872.2988359273169,872.2988359273169,3836,1918,0,0,3836,1918,993524,496762,959000.0,959000.0,500.0,False,True,3836,1918,0,0,3836,1918,1.220703125e-05,27.566218347853635,0.3779624542602325,0.3779624542602325,0.3779624542602325,False,-0.0010800835581699058,1.220703125e-05,True
trial,259,259,258,872.2994889426247,872.2994889426247,872.2988359273169,872.2988359273169,3836,1918,0,0,3836,1918,997360,498680,959000.0,959000.0,500.0,False,True,3836,1918,0,0,3836,1918,2.44140625e-05,29.23961160860339,-0.3278544787975046,-0.3278544787975046,-0.3278544787975046,False,-0.0019917840081695986,2.44140625e-05,False
trial,260,260,260,872.2984834301295,872.2984834301295,872.2984834301295,872.2984834301295,3836,1918,0,0,3836,1918,1001196,500598,959000.0,959000.0,500.0,False,True,3836,1918,0,0,3836,1918,1.220703125e-05,29.23961160860339,0.34441168417601853,0.34441168417601853,0.34441168417601853,False,-0.001023476274312919,1.220703125e-05,True
trial,261,261,260,872.29903549011,872.29903549011,872.2984834301295,872.2984834301295,3836,1918,0,0,3836,1918,1005032,502516,959000.0,959000.0,500.0,False,True,3836,1918,0,0,3836,1918,2.44140625e-05,27.445045993622728,-0.26444178752071634,-0.26444178752071634,-0.26444178752071634,False,-0.0020876427498085514,2.44140625e-05,False
trial,262,262,262,872.298080128124,872.298080128124,872.298080128124,872.298080128124,3836,1918,0,0,3836,1918,1008868,504434,959000.0,959000.0,500.0,False,True,3836,1918,0,0,3836,1918,1.220703125e-05,27.445045993622728,0.3749710256531192,0.3749710256531192,0.3749710256531192,False,-0.0010755551175276922,1.220703125e-05,True
trial,263,263,262,872.2987476502693,872.2987476502693,872.298080128124,872.298080128124,3836,1918,0,0,3836,1918,1012704,506352,959000.0,959000.0,500.0,False,True,3836,1918,0,0,3836,1918,2.44140625e-05,29.092699433138424,-0.3374835219642767,-0.3374835219642767,-0.3374835219642767,False,-0.0019779399642333426,2.44140625e-05,False
trial,264,264,264,872.2977331881533,872.2977331881533,872.2977331881533,872.2977331881533,3836,1918,0,0,3836,1918,1016540,508270,959000.0,959000.0,500.0,False,True,3836,1918,0,0,3836,1918,1.220703125e-05,29.092699433138424,0.3412220844317761,0.3412220844317761,0.3412220844317761,False,-0.0010167570813370667,1.220703125e-05,True
trial,265,265,264,872.2982934374979,872.2982934374979,872.2977331881533,872.2977331881533,3836,1918,0,0,3836,1918,1020376,510188,959000.0,959000.0,500.0,False,True,3836,1918,0,0,3836,1918,2.44140625e-05,27.3096198081107,-0.2697794863766021,-0.2697794863766021,-0.2697794863766021,False,-0.0020766936439648538,2.44140625e-05,False
trial,266,266,266,872.2973365279261,872.2973365279261,872.2973365279261,872.2973365279261,3836,1918,0,0,3836,1918,1024212,512106,959000.0,959000.0,500.0,False,True,3836,1918,0,0,3836,1918,1.220703125e-05,27.3096198081107,0.3713100835427381,0.3713100835427381,0.3713100835427381,False,-0.0010682721660933375,1.220703125e-05,True
trial,267,267,266,872.2980133207109,872.2980133207109,872.2973365279261,872.2973365279261,3836,1918,0,0,3836,1918,1028048,514024,959000.0,959000.0,500.0,False,True,3836,1918,0,0,3836,1918,2.44140625e-05,28.943425448864385,-0.34391387459633976,-0.34391387459633976,-0.34391387459633976,False,-0.001967913581882338,2.44140625e-05,False
trial,268,268,268,872.2969958371473,872.2969958371473,872.2969958371473,872.2969958371473,3836,1918,0,0,3836,1918,1031884,515942,959000.0,959000.0,500.0,False,True,3836,1918,0,0,3836,1918,1.220703125e-05,28.943425448864385,0.3367160673098484,0.3367160673098484,0.3367160673098484,False,-0.001011804341582966,1.220703125e-05,True
trial,269,269,268,872.2975658115583,872.2975658115583,872.2969958371473,872.2969958371473,3836,1918,0,0,3836,1918,1035720,517860,959000.0,959000.0,500.0,False,True,3836,1918,0,0,3836,1918,2.44140625e-05,27.22420093013574,-0.2754829511309455,-0.2754829511309455,-0.2754829511309455,False,-0.0020690006721809655,2.44140625e-05,False
trial,270,270,270,872.2966040614153,872.2966040614153,872.2966040614153,872.2966040614153,3836,1918,0,0,3836,1918,1039556,519778,959000.0,959000.0,500.0,False,True,3836,1918,0,0,3836,1918,1.220703125e-05,27.22420093013574,0.36812806352816807,0.36812806352816807,0.36812806352816807,False,-0.0010642376139068843,1.220703125e-05,True
trial,271,271,270,872.2972943812899,872.2972943812899,872.2966040614153,872.2966040614153,3836,1918,0,0,3836,1918,1043392,521696,959000.0,959000.0,500.0,False,True,3836,1918,0,0,3836,1918,2.44140625e-05,28.81514419528432,-0.3530817741962139,-0.3530817741962139,-0.3530817741962139,False,-0.001955127466334447,2.44140625e-05,False
trial,272,272,272,872.2962688119967,872.2962688119967,872.2962688119967,872.2962688119967,3836,1918,0,0,3836,1918,1047228,523614,959000.0,959000.0,500.0,False,True,3836,1918,0,0,3836,1918,1.220703125e-05,28.81514419528432,0.3331253088560404,0.3331253088560404,0.3331253088560404,False,-0.0010063763086371727,1.220703125e-05,True
trial,273,273,272,872.2968465231442,872.2968465231442,872.2962688119967,872.2962688119967,3836,1918,0,0,3836,1918,1051064,525532,959000.0,959000.0,500.0,False,True,3836,1918,0,0,3836,1918,2.44140625e-05,27.120367908534305,-0.2804844316111883,-0.2804844316111883,-0.2804844316111883,False,-0.002059690600788944,2.44140625e-05,False
trial,274,274,274,872.2958806340587,872.2958806340587,872.2958806340587,872.2958806340587,3836,1918,0,0,3836,1918,1054900,527450,959000.0,959000.0,500.0,False,True,3836,1918,0,0,3836,1918,1.220703125e-05,27.120367908534305,0.36616268843092376,0.36616268843092376,0.36616268843092376,False,-0.0010601242297084746,1.220703125e-05,True
trial,275,275,274,872.296583239174,872.296583239174,872.2958806340587,872.2958806340587,3836,1918,0,0,3836,1918,1058736,529368,959000.0,959000.0,500.0,False,True,3836,1918,0,0,3836,1918,2.44140625e-05,28.663825209800738,-0.361300464060886,-0.361300464060886,-0.361300464060886,False,-0.0019446560001511828,2.44140625e-05,False
trial,276,276,276,872.2955518965082,872.2955518965082,872.2955518965082,872.2955518965082,3836,1918,0,0,3836,1918,1062572,531286,959000.0,959000.0,500.0,False,True,3836,1918,0,0,3836,1918,1.220703125e-05,28.663825209800738,0.32861791053997236,0.32861791053997236,0.32861791053997236,False,-0.0010003640700822066,1.220703125e-05,True
trial,277,277,276,872.2961362615989,872.2961362615989,872.2955518965082,872.2955518965082,3836,1918,0,0,3836,1918,1066408,533204,959000.0,959000.0,500.0,False,True,3836,1918,0,0,3836,1918,2.44140625e-05,27.045672394724157,-0.28474863866808775,-0.28474863866808775,-0.28474863866808775,False,-0.0020522138172960796,2.44140625e-05,False
trial,278,278,278,872.2951683654004,872.2951683654004,872.2951683654004,872.2951683654004,3836,1918,0,0,3836,1918,1070244,535122,959000.0,959000.0,500.0,False,True,3836,1918,0,0,3836,1918,1.220703125e-05,27.045672394724157,0.36339121941427477,0.36339121941427477,0.36339121941427477,False,-0.0010554220556144044,1.220703125e-05,True
trial,279,279,278,872.295881532691,872.295881532691,872.2951683654004,872.2951683654004,3836,1918,0,0,3836,1918,1074080,537040,959000.0,959000.0,500.0,False,True,3836,1918,0,0,3836,1918,2.44140625e-05,28.545429121206396,-0.3693823201947505,-0.3693823201947505,-0.3693823201947505,False,-0.0019307022877523942,2.44140625e-05,False
trial,280,280,280,872.2948458418266,872.2948458418266,872.2948458418266,872.2948458418266,3836,1918,0,0,3836,1918,1077916,538958,959000.0,959000.0,500.0,False,True,3836,1918,0,0,3836,1918,1.220703125e-05,28.545429121206396,0.3246920750238335,0.3246920750238335,0.3246920750238335,False,-0.0009933213607888401,1.220703125e-05,True
trial,281,281,280,872.295440352504,872.295440352504,872.2948458418266,872.2948458418266,3836,1918,0,0,3836,1918,1081752,540876,959000.0,959000.0,500.0,False,True,3836,1918,0,0,3836,1918,2.44140625e-05,26.956087920112516,-0.29111332036703896,-0.29111332036703896,-0.29111332036703896,False,-0.0020421967522418773,2.44140625e-05,False
trial,282,282,282,872.2944666324162,872.2944666324162,872.2944666324162,872.2944666324162,3836,1918,0,0,3836,1918,1085588,542794,959000.0,959000.0,500.0,False,True,3836,1918,0,0,3836,1918,1.220703125e-05,26.956087920112516,0.36085725462936424,0.36085725462936424,0.36085725462936424,False,-0.0010508571064064074,1.220703125e-05,True
trial,283,283,282,872.2951941959632,872.2951941959632,872.2944666324162,872.2944666324162,3836,1918,0,0,3836,1918,1089424,544712,959000.0,959000.0,500.0,False,True,3836,1918,0,0,3836,1918,2.44140625e-05,28.40134281991818,-0.37903358034101636,-0.37903358034101636,-0.37903358034101636,False,-0.0019195226616800821,2.44140625e-05,False
trial,284,284,284,872.2941506022194,872.2941506022194,872.2941506022194,872.2941506022194,3836,1918,0,0,3836,1918,1093260,546630,959000.0,959000.0,500.0,False,True,3836,1918,0,0,3836,1918,1.220703125e-05,28.40134281991818,0.31999575731768515,0.31999575731768515,0.31999575731768515,False,-0.00098760745912,1.220703125e-05,True
trial,285,285,284,872.2947551498746,872.2947551498746,872.2941506022194,872.2941506022194,3836,1918,0,0,3836,1918,1097096,548548,959000.0,959000.0,500.0,False,True,3836,1918,0,0,3836,1918,2.44140625e-05,26.87361307664668,-0.29735749531290634,-0.29735749531290634,-0.29735749531290634,False,-0.00203306681279728,2.44140625e-05,False
trial,286,286,286,872.29377500323,872.29377500323,872.29377500323,872.29377500323,3836,1918,0,0,3836,1918,1100932,550466,959000.0,959000.0,500.0,False,True,3836,1918,0,0,3836,1918,1.220703125e-05,26.87361307664668,0.35854831171613705,0.35854831171613705,0.35854831171613705,False,-0.0010475547563177704,1.220703125e-05,True
trial,287,287,286,872.294513520472,872.294513520472,872.29377500323,872.29377500323,3836,1918,0,0,3836,1918,1104768,552384,959000.0,959000.0,500.0,False,True,3836,1918,0,0,3836,1918,2.44140625e-05,28.281388059072643,-0.38719851799342325,-0.38719851799342325,-0.38719851799342325,False,-0.0019073348880871135,2.44140625e-05,False
trial,288,288,288,872.2934648215416,872.2934648215416,872.2934648215416,872.2934648215416,3836,1918,0,0,3836,1918,1108604,554302,959000.0,959000.0,500.0,False,True,3836,1918,0,0,3836,1918,1.220703125e-05,28.281388059072643,0.31608969411423854,0.31608969411423854,0.31608969411423854,False,-0.0009813090846718998,1.220703125e-05,True
trial,289,289,288,872.2940793399721,872.2940793399721,872.2934648215416,872.2934648215416,3836,1918,0,0,3836,1918,1112440,556220,959000.0,959000.0,500.0,False,True,3836,1918,0,0,3836,1918,2.44140625e-05,26.79673848396829,-0.30347738724467405,-0.30347738724467405,-0.30347738724467405,False,-0.00202492329335644,2.44140625e-05,False
trial,290,290,290,872.2930942403357,872.2930942403357,872.2930942403357,872.2930942403357,3836,1918,0,0,3836,1918,1116276,558138,959000.0,959000.0,500.0,False,True,3836,1918,0,0,3836,1918,1.220703125e-05,26.79673848396829,0.3552859268593773,0.3552859268593773,0.3552859268593773,False,-0.0010430506191069664,1.220703125e-05,True
trial,291,291,290,872.2938441631239,872.2938441631239,872.2930942403357,872.2930942403357,3836,1918,0,0,3836,1918,1120112,560056,959000.0,959000.0,500.0,False,True,3836,1918,0,0,3836,1918,2.44140625e-05,28.15161391469748,-0.3955661924863853,-0.3955661924863853,-0.3955661924863853,False,-0.0018958212367575842,2.44140625e-05,False
trial,292,292,292,872.2927894998702,872.2927894998702,872.2927894998702,872.2927894998702,3836,1918,0,0,3836,1918,1123948,561974,959000.0,959000.0,500.0,False,True,3836,1918,0,0,3836,1918,1.220703125e-05,28.15161391469748,0.31226257810080466,0.31226257810080466,0.31226257810080466,False,-0.0009759109379491968,1.220703125e-05,True
trial,293,293,292,872.293412534679,872.293412534679,872.2927894998702,872.2927894998702,3836,1918,0,0,3836,1918,1127784,563892,959000.0,959000.0,500.0,False,True,3836,1918,0,0,3836,1918,2.44140625e-05,26.710588179193493,-0.30927278728872837,-0.30927278728872837,-0.30927278728872837,False,-0.002014515451651117,2.44140625e-05,False
trial,294,294,294,872.292423444578,872.292423444578,872.292423444578,872.292423444578,3836,1918,0,0,3836,1918,1131620,565810,959000.0,959000.0,500.0,False,True,3836,1918,0,0,3836,1918,1.220703125e-05,26.710588179193493,0.3526466976050286,0.3526466976050286,0.3526466976050286,False,-0.0010380227424031713,1.220703125e-05,True
trial,295,295,294,872.2931875800134,872.2931875800134,872.292423444578,872.292423444578,3836,1918,0,0,3836,1918,1135456,567728,959000.0,959000.0,500.0,False,True,3836,1918,0,0,3836,1918,2.44140625e-05,28.032139695272594,-0.4056592025733803,-0.4056592025733803,-0.4056592025733803,False,-0.0018836881562490561,2.44140625e-05,False
trial,296,296,296,872.2921255296887,872.2921255296887,872.2921255296887,872.2921255296887,3836,1918,0,0,3836,1918,1139292,569646,959000.0,959000.0,500.0,False,True,3836,1918,0,0,3836,1918,1.220703125e-05,28.032139695272594,0.3072583433525293,0.3072583433525293,0.3072583433525293,False,-0.0009695908858040526,1.220703125e-05,True
trial,297,297,296,872.2927536347391,872.2927536347391,872.2921255296887,872.2921255296887,3836,1918,0,0,3836,1918,1143128,571564,959000.0,959000.0,500.0,False,True,3836,1918,0,0,3836,1918,2.44140625e-05,26.645139066300064,-0.31256688693511725,-0.31256688693511725,-0.31256688693511725,False,-0.0020095060502239664,2.44140625e-05,False
trial,298,298,298,872.2917629933606,872.2917629933606,872.2917629933606,872.2917629933606,3836,1918,0,0,3836,1918,1146964,573482,959000.0,959000.0,500.0,False,True,3836,1918,0,0,3836,1918,1.220703125e-05,26.645139066300064,0.3504501184533151,0.3504501184533151,0.3504501184533151,False,-0.0010344876746274188,1.220703125e-05,True
trial,299,299,298,872.2925386283321,872.2925386283321,872.2917629933606,872.2917629933606,3836,1918,0,0,3836,1918,1150800,575400,959000.0,959000.0,500.0,False,True,3836,1918,0,0,3836,1918,2.44140625e-05,27.899922410252806,-0.41483089711814286,-0.41483089711814286,-0.41483089711814286,False,-0.0018697618157690846,2.44140625e-05,False
trial,300,300,300,872.2914709040701,872.2914709040701,872.2914709040701,872.2914709040701,3836,1918,0,0,3836,1918,1154636,577318,959000.0,959000.0,500.0,False,True,3836,1918,0,0,3836,1918,1.220703125e-05,27.899922410252806,0.3032548273191806,0.3032548273191806,0.3032548273191806,False,-0.0009631810087867274,1.220703125e-05,True
trial,301,301,300,872.2921086529894,872.2921086529894,872.2914709040701,872.2914709040701,3836,1918,0,0,3836,1918,1158472,579236,959000.0,959000.0,500.0,False,True,3836,1918,0,0,3836,1918,2.44140625e-05,26.56868502476565,-0.31859397161849756,-0.31859397161849756,-0.31859397161849756,False,-0.0020017607868188752,2.44140625e-05,False
trial,302,302,302,872.2911133834959,872.2911133834959,872.2911133834959,872.2911133834959,3836,1918,0,0,3836,1918,1162308,581154,959000.0,959000.0,500.0,False,True,3836,1918,0,0,3836,1918,1.220703125e-05,26.56868502476565,0.34714282389310974,0.34714282389310974,0.34714282389310974,False,-0.0010298947568284438,1.220703125e-05,True
trial,303,303,302,872.2919028322161,872.2919028322161,872.2911133834959,872.2911133834959,3836,1918,0,0,3836,1918,1166144,583072,959000.0,959000.0,500.0,False,True,3836,1918,0,0,3836,1918,2.44140625e-05,27.828372958494587,-0.42519134451239005,-0.42519134451239005,-0.42519134451239005,False,-0.001856690476823248,2.44140625e-05,False
trial,304,304,304,872.2908272223282,872.2908272223282,872.2908272223282,872.2908272223282,3836,1918,0,0,3836,1918,1169980,584990,959000.0,959000.0,500.0,False,True,3836,1918,0,0,3836,1918,1.220703125e-05,27.828372958494587,0.29881108325944983,0.29881108325944983,0.29881108325944983,False,-0.0009576658423878132,1.220703125e-05,True
trial,305,305,304,872.2914698392215,872.2914698392215,872.2908272223282,872.2908272223282,3836,1918,0,0,3836,1918,1173816,586908,959000.0,959000.0,500.0,False,True,3836,1918,0,0,3836,1918,2.44140625e-05,26.50744541789091,-0.3221333952910125,-0.3221333952910125,-0.3221333952910125,False,-0.001994878217165472,2.44140625e-05,False
trial,306,306,306,872.2904728924361,872.2904728924361,872.2904728924361,872.2904728924361,3836,1918,0,0,3836,1918,1177652,588826,959000.0,959000.0,500.0,False,True,3836,1918,0,0,3836,1918,1.220703125e-05,26.50744541789091,0.34511678169857396,0.34511678169857396,0.34511678169857396,False,-0.001026695631269294,1.220703125e-05,True
trial,307,307,306,872.2912678778313,872.2912678778313,872.2904728924361,872.2904728924361,3836,1918,0,0,3836,1918,1181488,590744,959000.0,959000.0,500.0,False,True,3836,1918,0,0,3836,1918,2.44140625e-05,27.667540058443794,-0.4294248868968708,-0.4294248868968708,-0.4294248868968708,False,-0.001851279279341831,2.44140625e-05,False
trial,308,308,308,872.290191098477,872.290191098477,872.290191098477,872.290191098477,3836,1918,0,0,3836,1918,1185324,592662,959000.0,959000.0,500.0,False,True,3836,1918,0,0,3836,1918,1.220703125e-05,27.667540058443794,0.2956654250382433,0.2956654250382433,0.2956654250382433,False,-0.0009530839094175394,1.220703125e-05,True
trial,309,309,308,872.29083760524,872.29083760524,872.290191098477,872.290191098477,3836,1918,0,0,3836,1918,1189160,594580,959000.0,959000.0,500.0,False,True,3836,1918,0,0,3836,1918,2.44140625e-05,26.45822992000957,-0.32479275144716024,-0.32479275144716024,-0.32479275144716024,False,-0.0019905209095283168,2.44140625e-05,False
trial,310,310,310,872.2898388530562,872.2898388530562,872.2898388530562,872.2898388530562,3836,1918,0,0,3836,1918,1192996,596498,959000.0,959000.0,500.0,False,True,3836,1918,0,0,3836,1918,1.220703125e-05,26.45822992000957,0.3439201797583341,0.3439201797583341,0.3439201797583341,False,-0.0010242068989586668,1.220703125e-05,True
trial,311,311,310,872.2906446869956,872.2906446869956,872.2898388530562,872.2898388530562,3836,1918,0,0,3836,1918,1196832,598416,959000.0,959000.0,500.0,False,True,3836,1918,0,0,3836,1918,2.44140625e-05,27.546483780276773,-0.4375621074812283,-0.4375621074812283,-0.4375621074812283,False,-0.0018416447075484225,2.44140625e-05,False
trial,312,312,312,872.2895617915472,872.2895617915472,872.2895617915472,872.2895617915472,3836,1918,0,0,3836,1918,1200668,600334,959000.0,959000.0,500.0,False,True,3836,1918,0,0,3836,1918,1.220703125e-05,27.546483780276773,0.29203851221209953,0.29203851221209953,0.29203851221209953,False,-0.0009487156570450379,1.220703125e-05,True
trial,313,313,312,872.2902142739154,872.2902142739154,872.2895617915472,872.2895617915472,3836,1918,0,0,3836,1918,1204504,602252,959000.0,959000.0,500.0,False,True,3836,1918,0,0,3836,1918,2.44140625e-05,26.42669135494412,-0.3286643810650696,-0.3286643810650696,-0.3286643810650696,False,-0.0019852542769656753,2.44140625e-05,False
trial,314,314,314,872.2892114426984,872.2892114426984,872.2892114426984,872.2892114426984,3836,1918,0,0,3836,1918,1208340,604170,959000.0,959000.0,500.0,False,True,3836,1918,0,0,3836,1918,1.220703125e-05,26.42669135494412,0.34270372768012386,0.34270372768012386,0.34270372768012386,False,-0.0010223082519152272,1.220703125e-05,True
trial,315,315,314,872.2900307068167,872.2900307068167,872.2892114426984,872.2892114426984,3836,1918,0,0,3836,1918,1212176,606088,959000.0,959000.0,500.0,False,True,3836,1918,0,0,3836,1918,2.44140625e-05,27.427340711072304,-0.44852498421463727,-0.44852498421463727,-0.44852498421463727,False,-0.001826574097533689,2.44140625e-05,False
trial,316,316,316,872.288939437155,872.288939437155,872.288939437155,872.288939437155,3836,1918,0,0,3836,1918,1216012,608006,959000.0,959000.0,500.0,False,True,3836,1918,0,0,3836,1918,1.220703125e-05,27.427340711072304,0.2883580437588767,0.2883580437588767,0.2883580437588767,False,-0.000943290985817076,1.220703125e-05,True
trial,317,317,316,872.2895944826614,872.2895944826614,872.288939437155,872.288939437155,3836,1918,0,0,3836,1918,1219848,609924,959000.0,959000.0,500.0,False,True,3836,1918,0,0,3836,1918,2.44140625e-05,26.384933552738023,-0.33029510242172516,-0.33029510242172516,-0.33029510242172516,False,-0.001983212895343647,2.44140625e-05,False
trial,318,318,318,872.2885908248805,872.2885908248805,872.2885908248805,872.2885908248805,3836,1918,0,0,3836,1918,1223684,611842,959000.0,959000.0,500.0,False,True,3836,1918,0,0,3836,1918,1.220703125e-05,26.384933552738023,0.341549720673332,0.341549720673332,0.341549720673332,False,-0.001020677966861325,1.220703125e-05,True
trial,319,319,318,872.2894174852295,872.2894174852295,872.2885908248805,872.2885908248805,3836,1918,0,0,3836,1918,1227520,613760,959000.0,959000.0,500.0,False,True,3836,1918,0,0,3836,1918,2.44140625e-05,27.31901505822094,-0.4543080779535307,-0.4543080779535307,-0.4543080779535307,False,-0.0018196030162140188,2.44140625e-05,False
trial,320,320,320,872.2883233977668,872.2883233977668,872.2883233977668,872.2883233977668,3836,1918,0,0,3836,1918,1231356,615678,959000.0,959000.0,500.0,False,True,3836,1918,0,0,3836,1918,1.220703125e-05,27.31901505822094,0.2849017892207188,0.2849017892207188,0.2849017892207188,False,-0.0009386642128787937,1.220703125e-05,True
trial,321,321,320,872.2889816282678,872.2889816282678,872.2883233977668,872.2883233977668,3836,1918,0,0,3836,1918,1235192,617596,959000.0,959000.0,500.0,False,True,3836,1918,0,0,3836,1918,2.44140625e-05,26.345162901558947,-0.3326342744274169,-0.3326342744274169,-0.3326342744274169,False,-0.0019788414833379355,2.44140625e-05,False
trial,322,322,322,872.2879768276609,872.2879768276609,872.2879768276609,872.2879768276609,3836,1918,0,0,3836,1918,1239028,619514,959000.0,959000.0,500.0,False,True,3836,1918,0,0,3836,1918,1.220703125e-05,26.345162901558947,0.34025081079281616,0.34025081079281616,0.34025081079281616,False,-0.0010185724614976167,1.220703125e-05,True
trial,323,323,322,872.2888130640099,872.2888130640099,872.2879768276609,872.2879768276609,3836,1918,0,0,3836,1918,1242864,621432,959000.0,959000.0,500.0,False,True,3836,1918,0,0,3836,1918,2.44140625e-05,27.19616472024457,-0.4616758656815759,-0.4616758656815759,-0.4616758656815759,False,-0.0018113061806361286,2.44140625e-05,False
trial,324,324,324,872.287714213712,872.287714213712,872.287714213712,872.287714213712,3836,1918,0,0,3836,1918,1246700,623350,959000.0,959000.0,500.0,False,True,3836,1918,0,0,3836,1918,1.220703125e-05,27.19616472024457,0.28109024746152944,0.28109024746152944,0.28109024746152944,False,-0.0009342691585130148,1.220703125e-05,True
trial,325,325,324,872.2883764428418,872.2883764428418,872.287714213712,872.287714213712,3836,1918,0,0,3836,1918,1250536,625268,959000.0,959000.0,500.0,False,True,3836,1918,0,0,3836,1918,2.44140625e-05,26.313538230974025,-0.3351624182818617,-0.3351624182818617,-0.3351624182818617,False,-0.0019758454221231437,2.44140625e-05,False
trial,326,326,326,872.2873700026831,872.2873700026831,872.2873700026831,872.2873700026831,3836,1918,0,0,3836,1918,1254372,627186,959000.0,959000.0,500.0,False,True,3836,1918,0,0,3836,1918,1.220703125e-05,26.313538230974025,0.33867698706600063,0.33867698706600063,0.33867698706600063,False,-0.001016340176603131,1.220703125e-05,True
trial,327,327,326,872.2882118584839,872.2882118584839,872.2873700026831,872.2873700026831,3836,1918,0,0,3836,1918,1258208,629104,959000.0,959000.0,500.0,False,True,3836,1918,0,0,3836,1918,2.44140625e-05,27.080588074207434,-0.46667621546340526,-0.46667621546340526,-0.46667621546340526,False,-0.0018039398042819718,2.44140625e-05,False
trial,328,328,328,872.2871119592203,872.2871119592203,872.2871119592203,872.2871119592203,3836,1918,0,0,3836,1918,1262044,631022,959000.0,959000.0,500.0,False,True,3836,1918,0,0,3836,1918,1.220703125e-05,27.080588074207434,0.27766059124355347,0.27766059124355347,0.27766059124355347,False,-0.0009293485319402387,1.220703125e-05,True
trial,329,329,328,872.2877820578736,872.2877820578736,872.2871119592203,872.2871119592203,3836,1918,0,0,3836,1918,1265880,632940,959000.0,959000.0,500.0,False,True,3836,1918,0,0,3836,1918,2.44140625e-05,26.271703597834417,-0.3402401503427999,-0.3402401503427999,-0.3402401503427999,False,-0.001969487295028596,2.44140625e-05,False
trial,330,330,330,872.2867701069312,872.2867701069312,872.2867701069312,872.2867701069312,3836,1918,0,0,3836,1918,1269716,634858,959000.0,959000.0,500.0,False,True,3836,1918,0,0,3836,1918,1.220703125e-05,26.271703597834417,0.33701880666271666,0.33701880666271666,0.33701880666271666,False,-0.0010143418775656642,1.220703125e-05,True
trial,331,331,330,872.2876208535095,872.2876208535095,872.2867701069312,872.2867701069312,3836,1918,0,0,3836,1918,1273552,636776,959000.0,959000.0,500.0,False,True,3836,1918,0,0,3836,1918,2.44140625e-05,26.969361090197328,-0.4738626587249985,-0.4738626587249985,-0.4738626587249985,False,-0.0017953442049710336,2.44140625e-05,False
trial,332,332,332,872.2865166422222,872.2865166422222,872.2865166422222,872.2865166422222,3836,1918,0,0,3836,1918,1277388,638694,959000.0,959000.0,500.0,False,True,3836,1918,0,0,3836,1918,1.220703125e-05,26.969361090197328,0.27402128282185967,0.27402128282185967,0.27402128282185967,False,-0.000924981834862813,1.220703125e-05,True
trial,333,333,332,872.2871899922045,872.2871899922045,872.2865166422222,872.2865166422222,3836,1918,0,0,3836,1918,1281224,640612,959000.0,959000.0,500.0,False,True,3836,1918,0,0,3836,1918,2.44140625e-05,26.2426507686641,-0.34257842555507284,-0.34257842555507284,-0.34257842555507284,False,-0.0019655352821189905,2.44140625e-05,False
trial,334,334,334,872.2861765615477,872.2861765615477,872.2861765615477,872.2861765615477,3836,1918,0,0,3836,1918,1285060,642530,959000.0,959000.0,500.0,False,True,3836,1918,0,0,3836,1918,1.220703125e-05,26.2426507686641,0.33584950879308645,0.33584950879308645,0.33584950879308645,False,-0.0010125983977972157,1.220703125e-05,True
trial,335,335,334,872.2870390333024,872.2870390333024,872.2861765615477,872.2861765615477,3836,1918,0,0,3836,1918,1288896,644448,959000.0,959000.0,500.0,False,True,3836,1918,0,0,3836,1918,2.44140625e-05,26.855989851530953,-0.4832356271807859,-0.4832356271807859,-0.4832356271807859,False,-0.0017847851157074724,2.44140625e-05,False
trial,336,336,336,872.2859273628935,872.2859273628935,872.2859273628935,872.2859273628935,3836,1918,0,0,3836,1918,1292732,646366,959000.0,959000.0,500.0,False,True,3836,1918,0,0,3836,1918,1.220703125e-05,26.855989851530953,0.2706263538879515,0.2706263538879515,0.2706263538879515,False,-0.0009208218289898373,1.220703125e-05,True
trial,337,337,336,872.2866027232607,872.2866027232607,872.2859273628935,872.2859273628935,3836,1918,0,0,3836,1918,1296568,648284,959000.0,959000.0,500.0,False,True,3836,1918,0,0,3836,1918,2.44140625e-05,26.212494066787944,-0.343946475144,-0.343946475144,-0.343946475144,False,-0.001963562402758585,2.44140625e-05,False
trial,338,338,338,872.2855887108362,872.2855887108362,872.2855887108362,872.2855887108362,3836,1918,0,0,3836,1918,1300404,650202,959000.0,959000.0,500.0,False,True,3836,1918,0,0,3836,1918,1.220703125e-05,26.212494066787944,0.33495278797925926,0.33495278797925926,0.33495278797925926,False,-0.0010110441513963807,1.220703125e-05,True
trial,339,339,338,872.2864617255873,872.2864617255873,872.2855887108362,872.2855887108362,3836,1918,0,0,3836,1918,1304240,652120,959000.0,959000.0,500.0,False,True,3836,1918,0,0,3836,1918,2.44140625e-05,26.727388111875392,-0.4917600090006186,-0.4917600090006186,-0.4917600090006186,False,-0.0017752861864971346,2.44140625e-05,False
trial,340,340,340,872.2853444594703,872.2853444594703,872.2853444594703,872.2853444594703,3836,1918,0,0,3836,1918,1308076,654038,959000.0,959000.0,500.0,False,True,3836,1918,0,0,3836,1918,1.220703125e-05,26.727388111875392,0.26661820040536943,0.26661820040536943,0.26661820040536943,False,-0.0009161091238820903,1.220703125e-05,True
trial,341,341,340,872.2860238999891,872.2860238999891,872.2853444594703,872.2853444594703,3836,1918,0,0,3836,1918,1311912,655956,959000.0,959000.0,500.0,False,True,3836,1918,0,0,3836,1918,2.44140625e-05,26.176233766193832,-0.3468676585364403,-0.3468676585364403,-0.3468676585364403,False,-0.0019587888987186303,2.44140625e-05,False
trial,342,342,342,872.2850078207932,872.2850078207932,872.2850078207932,872.2850078207932,3836,1918,0,0,3836,1918,1315748,657874,959000.0,959000.0,500.0,False,True,3836,1918,0,0,3836,1918,1.220703125e-05,26.176233766193832,0.33365463546849916,0.33365463546849916,0.33365463546849916,False,-0.0010089435039738726,1.220703125e-05,True
trial,343,343,342,872.2858896135341,872.2858896135341,872.2850078207932,872.2850078207932,3836,1918,0,0,3836,1918,1319584,659792,959000.0,959000.0,500.0,False,True,3836,1918,0,0,3836,1918,2.44140625e-05,26.631826312105712,-0.4993554581079309,-0.4993554581079309,-0.4993554581079309,False,-0.0017658618255843271,2.44140625e-05,False
trial,344,344,344,872.2847677624632,872.2847677624632,872.2847677624632,872.2847677624632,3836,1918,0,0,3836,1918,1323420,661710,959000.0,959000.0,500.0,False,True,3836,1918,0,0,3836,1918,1.220703125e-05,26.631826312105712,0.26326124563698483,0.26326124563698483,0.26326124563698483,False,-0.0009118635349585425,1.220703125e-05,True
trial,345,345,344,872.2854518797283,872.2854518797283,872.2847677624632,872.2847677624632,3836,1918,0,0,3836,1918,1327256,663628,959000.0,959000.0,500.0,False,True,3836,1918,0,0,3836,1918,2.44140625e-05,26.141969328050223,-0.34993290332566707,-0.34993290332566707,-0.34993290332566707,False,-0.0019549955394524013,2.44140625e-05,False
trial,346,346,346,872.2844333540536,872.2844333540536,872.2844333540536,872.2844333540536,3836,1918,0,0,3836,1918,1331092,665546,959000.0,959000.0,500.0,False,True,3836,1918,0,0,3836,1918,1.220703125e-05,26.141969328050223,0.33216397992150215,0.33216397992150215,0.33216397992150215,False,-0.001006756992888211,1.220703125e-05,True
trial,347,347,346,872.2853250966309,872.2853250966309,872.2844333540536,872.2844333540536,3836,1918,0,0,3836,1918,1334928,667464,959000.0,959000.0,500.0,False,True,3836,1918,0,0,3836,1918,2.44140625e-05,26.52729696658745,-0.5081418277393772,-0.5081418277393772,-0.5081418277393772,False,-0.0017549088239607656,2.44140625e-05,False
trial,348,348,348,872.2841978944607,872.2841978944607,872.2841978944607,872.2841978944607,3836,1918,0,0,3836,1918,1338764,669382,959000.0,959000.0,500.0,False,True,3836,1918,0,0,3836,1918,1.220703125e-05,26.52729696658745,0.25954702456154133,0.25954702456154133,0.25954702456154133,False,-0.0009071943447788211,1.220703125e-05,True
trial,349,349,348,872.2848847260295,872.2848847260295,872.2841978944607,872.2841978944607,3836,1918,0,0,3836,1918,1342600,671300,959000.0,959000.0,500.0,False,True,3836,1918,0,0,3836,1918,2.44140625e-05,26.11239246802677,-0.35187558202431884,-0.35187558202431884,-0.35187558202431884,False,-0.001951915972335117,2.44140625e-05,False
trial,350,350,350,872.2838653037171,872.2838653037171,872.2838653037171,872.2838653037171,3836,1918,0,0,3836,1918,1346436,673218,959000.0,959000.0,500.0,False,True,3836,1918,0,0,3836,1918,1.220703125e-05,26.11239246802677,0.33098492120613576,0.33098492120613576,0.33098492120613576,False,-0.0010048516481793073,1.220703125e-05,True
trial,351,351,350,872.2847640627501,872.2847640627501,872.2838653037171,872.2838653037171,3836,1918,0,0,3836,1918,1350272,675136,959000.0,959000.0,500.0,False,True,3836,1918,0,0,3836,1918,2.44140625e-05,26.418811607203434,-0.5142664427039905,-0.5142664427039905,-0.5142664427039905,False,-0.0017476524975946093,2.44140625e-05,False
trial,352,352,352,872.2836337660646,872.2836337660646,872.2836337660646,872.2836337660646,3836,1918,0,0,3836,1918,1354108,677054,959000.0,959000.0,500.0,False,True,3836,1918,0,0,3836,1918,1.220703125e-05,26.418811607203434,0.25642524345705087,0.25642524345705087,0.25642524345705087,False,-0.0009029440683432408,1.220703125e-05,True
trial,353,353,352,872.2843261417363,872.2843261417363,872.2836337660646,872.2836337660646,3836,1918,0,0,3836,1918,1357944,678972,959000.0,959000.0,500.0,False,True,3836,1918,0,0,3836,1918,2.44140625e-05,26.075810684461132,-0.3556503083883465,-0.3556503083883465,-0.3556503083883465,False,-0.001946787772754946,2.44140625e-05,False
trial,354,354,354,872.2833037081796,872.2833037081796,872.2833037081796,872.2833037081796,3836,1918,0,0,3836,1918,1361780,680890,959000.0,959000.0,500.0,False,True,3836,1918,0,0,3836,1918,1.220703125e-05,26.075810684461132,0.3291707096167866,0.3291707096167866,0.3291707096167866,False,-0.0010026951831909716,1.220703125e-05,True
trial,355,355,354,872.28420842295,872.28420842295,872.2833037081796,872.2833037081796,3836,1918,0,0,3836,1918,1365616,682808,959000.0,959000.0,500.0,False,True,3836,1918,0,0,3836,1918,2.44140625e-05,26.308194777095824,-0.5191941431896122,-0.5191941431896122,-0.5191941431896122,False,-0.001742536548739812,2.44140625e-05,False
trial,356,356,356,872.2830763423572,872.2830763423572,872.2830763423572,872.2830763423572,3836,1918,0,0,3836,1918,1369452,684726,959000.0,959000.0,500.0,False,True,3836,1918,0,0,3836,1918,1.220703125e-05,26.308194777095824,0.25294886382840015,0.25294886382840015,0.25294886382840015,False,-0.0008988608170443256,1.220703125e-05,True
trial,357,357,356,872.2837741602643,872.2837741602643,872.2830763423572,872.2830763423572,3836,1918,0,0,3836,1918,1373288,686644,959000.0,959000.0,500.0,False,True,3836,1918,0,0,3836,1918,2.44140625e-05,26.0509914406886,-0.3595397275187902,-0.3595397275187902,-0.3595397275187902,False,-0.0019408645380645448,2.44140625e-05,False
trial,358,358,358,872.2827486446629,872.2827486446629,872.2827486446629,872.2827486446629,3836,1918,0,0,3836,1918,1377124,688562,959000.0,959000.0,500.0,False,True,3836,1918,0,0,3836,1918,1.220703125e-05,26.0509914406886,0.32765896232921354,0.32765896232921354,0.32765896232921354,False,-0.0010001182081052552,1.220703125e-05,True
trial,359,359,358,872.2836614786875,872.2836614786875,872.2827486446629,872.2827486446629,3836,1918,0,0,3836,1918,1380960,690480,959000.0,959000.0,500.0,False,True,3836,1918,0,0,3836,1918,2.44140625e-05,26.200809786704458,-0.5264092656630227,-0.5264092656630227,-0.5264092656630227,False,-0.0017340766664231716,2.44140625e-05,False
trial,360,360,360,872.2825259659814,872.2825259659814,872.2825259659814,872.2825259659814,3836,1918,0,0,3836,1918,1384796,692398,959000.0,959000.0,500.0,False,True,3836,1918,0,0,3836,1918,1.220703125e-05,26.200809786704458,0.2490518092792326,0.2490518092792326,0.2490518092792326,False,-0.0008941058572649396,1.220703125e-05,True
trial,361,361,360,872.283226788925,872.283226788925,872.2825259659814,872.2825259659814,3836,1918,0,0,3836,1918,1388632,694316,959000.0,959000.0,500.0,False,True,3836,1918,0,0,3836,1918,2.44140625e-05,26.195221240070648,-0.36175257173640696,-0.36175257173640696,-0.36175257173640696,False,-0.0019372991330391738,2.44140625e-05,False
trial,362,362,362,872.2822000725635,872.2822000725635,872.2822000725635,872.2822000725635,3836,1918,0,0,3836,1918,1392468,696234,959000.0,959000.0,500.0,False,True,3836,1918,0,0,3836,1918,1.220703125e-05,26.195221240070648,0.3265447934582295,0.3265447934582295,0.3265447934582295,False,-0.0009980052492725656,1.220703125e-05,True
trial,363,363,362,872.2831237403051,872.2831237403051,872.2822000725635,872.2822000725635,3836,1918,0,0,3836,1918,1396304,698152,959000.0,959000.0,500.0,False,True,3836,1918,0,0,3836,1918,2.44140625e-05,26.074841367441458,-0.5356521776905384,-0.5356521776905384,-0.5356521776905384,False,-0.0017243797003001005,2.44140625e-05,False
trial,364,364,364,872.2819822345452,872.2819822345452,872.2819822345452,872.2819822345452,3836,1918,0,0,3836,1918,1400140,700070,959000.0,959000.0,500.0,False,True,3836,1918,0,0,3836,1918,1.220703125e-05,26.074841367441458,0.24484565722895574,0.24484565722895574,0.24484565722895574,False,-0.0008896952499841263,1.220703125e-05,True
trial,365,365,364,872.2826866658194,872.2826866658194,872.2819822345452,872.2819822345452,3836,1918,0,0,3836,1918,1403976,701988,959000.0,959000.0,500.0,False,True,3836,1918,0,0,3836,1918,2.44140625e-05,25.99366175315025,-0.364180813337973,-0.364180813337973,-0.364180813337973,False,-0.0019342899140495468,2.44140625e-05,False
trial,366,366,366,872.2816578383311,872.2816578383311,872.2816578383311,872.2816578383311,3836,1918,0,0,3836,1918,1407812,703906,959000.0,959000.0,500.0,False,True,3836,1918,0,0,3836,1918,1.220703125e-05,25.99366175315025,0.32544276578308295,0.32544276578308295,0.32544276578308295,False,-0.000996784222263409,1.220703125e-05,True
trial,367,367,366,872.282592154989,872.282592154989,872.2816578383311,872.2816578383311,3836,1918,0,0,3836,1918,1411648,705824,959000.0,959000.0,500.0,False,True,3836,1918,0,0,3836,1918,2.44140625e-05,25.992770466932004,-0.5450580740955216,-0.5450580740955216,-0.5450580740955216,False,-0.0017141598341434395,2.44140625e-05,False
trial,368,368,368,872.2814443795343,872.2814443795343,872.2814443795343,872.2814443795343,3836,1918,0,0,3836,1918,1415484,707742,959000.0,959000.0,500.0,False,True,3836,1918,0,0,3836,1918,1.220703125e-05,25.992770466932004,0.24111776520649134,0.24111776520649134,0.24111776520649134,False,-0.0008852885502244754,1.220703125e-05,True
trial,369,369,368,872.2821533587596,872.2821533587596,872.2814443795343,872.2814443795343,3836,1918,0,0,3836,1918,1419320,709660,959000.0,959000.0,500.0,False,True,3836,1918,0,0,3836,1918,2.44140625e-05,25.967592325100345,-0.3673234278823934,-0.3673234278823934,-0.3673234278823934,False,-0.0019301225338067838,2.44140625e-05,False
trial,370,370,370,872.281122160181,872.281122160181,872.281122160181,872.281122160181,3836,1918,0,0,3836,1918,1423156,711578,959000.0,959000.0,500.0,False,True,3836,1918,0,0,3836,1918,1.220703125e-05,25.967592325100345,0.32400311525172604,0.32400311525172604,0.32400311525172604,False,-0.0009944946147474893,1.220703125e-05,True
trial,371,371,370,872.2820613333037,872.2820613333037,872.281122160181,872.281122160181,3836,1918,0,0,3836,1918,1426992,713496,959000.0,959000.0,500.0,False,True,3836,1918,0,0,3836,1918,2.44140625e-05,25.88288091094158,-0.5505096444649837,-0.5505096444649837,-0.5505096444649837,False,-0.0017060066651274762,2.44140625e-05,False
trial,372,372,372,872.2809132001248,872.2809132001248,872.2809132001248,872.2809132001248,3836,1918,0,0,3836,1918,1430828,715414,959000.0,959000.0,500.0,False,True,3836,1918,0,0,3836,1918,1.220703125e-05,25.88288091094158,0.23739358828774507,0.23739358828774507,0.23739358828774507,False,-0.0008802262001998372,1.220703125e-05,True
trial,373,373,372,872.2816271579491,872.2816271579491,872.2809132001248,872.2809132001248,3836,1918,0,0,3836,1918,1434664,717332,959000.0,959000.0,500.0,False,True,3836,1918,0,0,3836,1918,2.44140625e-05,25.935409219886346,-0.3708658099506248,-0.3708658099506248,-0.3708658099506248,False,-0.0019251109298560947,2.44140625e-05,False
trial,374,374,374,872.2805932289393,872.2805932289393,872.2805932289393,872.2805932289393,3836,1918,0,0,3836,1918,1438500,719250,959000.0,959000.0,500.0,False,True,3836,1918,0,0,3836,1918,1.220703125e-05,25.935409219886346,0.3224315496244495,0.3224315496244495,0.3224315496244495,False,-0.0009923693443247587,1.220703125e-05,True
trial,375,375,374,872.2815429899181,872.2815429899181,872.2805932289393,872.2805932289393,3836,1918,0,0,3836,1918,1442336,721168,959000.0,959000.0,500.0,False,True,3836,1918,0,0,3836,1918,2.44140625e-05,25.787929396167105,-0.5591047851381222,-0.5591047851381222,-0.5591047851381222,False,-0.0016987173138238213,2.44140625e-05,False
trial,376,376,376,872.2803881931719,872.2803881931719,872.2803881931719,872.2803881931719,3836,1918,0,0,3836,1918,1446172,723086,959000.0,959000.0,500.0,False,True,3836,1918,0,0,3836,1918,1.220703125e-05,25.787929396167105,0.2338547066210477,0.2338547066210477,0.2338547066210477,False,-0.0008767656224263529,1.220703125e-05,True
trial,377,377,376,872.2811063016105,872.2811063016105,872.2803881931719,872.2803881931719,3836,1918,0,0,3836,1918,1450008,725004,959000.0,959000.0,500.0,False,True,3836,1918,0,0,3836,1918,2.44140625e-05,25.91705294140943,-0.3737380347609028,-0.3737380347609028,-0.3737380347609028,False,-0.0019214218832829398,2.44140625e-05,False
trial,378,378,378,872.2800702025377,872.2800702025377,872.2800702025377,872.2800702025377,3836,1918,0,0,3836,1918,1453844,726922,959000.0,959000.0,500.0,False,True,3836,1918,0,0,3836,1918,1.220703125e-05,25.91705294140943,0.32110441303435083,0.32110441303435083,0.32110441303435083,False,-0.0009903029087608712,1.220703125e-05,True
trial,379,379,378,872.2810296577625,872.2810296577625,872.2800702025377,872.2800702025377,3836,1918,0,0,3836,1918,1457680,728840,959000.0,959000.0,500.0,False,True,3836,1918,0,0,3836,1918,2.44140625e-05,25.679495962446232,-0.5681763367674884,-0.5681763367674884,-0.5681763367674884,False,-0.0016886574866183117,2.44140625e-05,False
trial,380,380,380,872.2798700563436,872.2798700563436,872.2798700563436,872.2798700563436,3836,1918,0,0,3836,1918,1461516,730758,959000.0,959000.0,500.0,False,True,3836,1918,0,0,3836,1918,1.220703125e-05,25.679495962446232,0.22952913157412538,0.22952913157412538,0.22952913157412538,False,-0.0008719860206337199,1.220703125e-05,True
trial,381,381,380,872.2805904208273,872.2805904208273,872.2798700563436,872.2798700563436,3836,1918,0,0,3836,1918,1465352,732676,959000.0,959000.0,500.0,False,True,3836,1918,0,0,3836,1918,2.44140625e-05,25.894898669354774,-0.3755305716005944,-0.3755305716005944,-0.3755305716005944,False,-0.001918257894611684,2.44140625e-05,False
trial,382,382,382,872.2795538475418,872.2795538475418,872.2795538475418,872.2795538475418,3836,1918,0,0,3836,1918,1469188,734594,959000.0,959000.0,500.0,False,True,3836,1918,0,0,3836,1918,1.220703125e-05,25.894898669354774,0.3198451661544017,0.3198451661544017,0.3198451661544017,False,-0.0009886308603425048,1.220703125e-05,True
trial,383,383,382,872.280520145642,872.280520145642,872.2795538475418,872.2795538475418,3836,1918,0,0,3836,1918,1473024,736512,959000.0,959000.0,500.0,False,True,3836,1918,0,0,3836,1918,2.44140625e-05,25.594504023521225,-0.5751570494931955,-0.5751570494931955,-0.5751570494931955,False,-0.001680059561105677,2.44140625e-05,False
trial,384,384,384,872.2793576129764,872.2793576129764,872.2793576129764,872.2793576129764,3836,1918,0,0,3836,1918,1476860,738430,959000.0,959000.0,500.0,False,True,3836,1918,0,0,3836,1918,1.220703125e-05,25.594504023521225,0.22617739944227913,0.22617739944227913,0.22617739944227913,False,-0.0008676135013868697,1.220703125e-05,True
trial,385,385,384,872.2800854135862,872.2800854135862,872.2793576129764,872.2793576129764,3836,1918,0,0,3836,1918,1480696,740348,959000.0,959000.0,500.0,False,True,3836,1918,0,0,3836,1918,2.44140625e-05,25.861933353891338,-0.380747473853493,-0.380747473853493,-0.380747473853493,False,-0.0019115047632487499,2.44140625e-05,False
trial,386,386,386,872.2790438015195,872.2790438015195,872.2790438015195,872.2790438015195,3836,1918,0,0,3836,1918,1484532,742266,959000.0,959000.0,500.0,False,True,3836,1918,0,0,3836,1918,1.220703125e-05,25.861933353891338,0.318204901963359,0.318204901963359,0.318204901963359,False,-0.0009861930313661781,1.220703125e-05,True
trial,387,387,386,872.2800202926087,872.2800202926087,872.2790438015195,872.2790438015195,3836,1918,0,0,3836,1918,1488368,744184,959000.0,959000.0,500.0,False,True,3836,1918,0,0,3836,1918,2.44140625e-05,25.49627693831521,-0.5840053361308107,-0.5840053361308107,-0.5840053361308107,False,-0.0016720585049342387,2.44140625e-05,False
trial,388,388,388,872.2788523919991,872.2788523919991,872.2788523919991,872.2788523919991,3836,1918,0,0,3836,1918,1492204,746102,959000.0,959000.0,500.0,False,True,3836,1918,0,0,3836,1918,1.220703125e-05,25.49627693831521,0.22171784046894172,0.22171784046894172,0.22171784046894172,False,-0.000863302294577578,1.220703125e-05,True
trial,389,389,388,872.2795806730974,872.2795806730974,872.2788523919991,872.2788523919991,3836,1918,0,0,3836,1918,1496040,748020,959000.0,959000.0,500.0,False,True,3836,1918,0,0,3836,1918,2.44140625e-05,25.847772465409747,-0.3811920800787814,-0.3811920800787814,-0.3811920800787814,False,-0.0019105357544514992,2.44140625e-05,False
trial,390,390,390,872.2785406279152,872.2785406279152,872.2785406279152,872.2785406279152,3836,1918,0,0,3836,1918,1499876,749938,959000.0,959000.0,500.0,False,True,3836,1918,0,0,3836,1918,1.220703125e-05,25.847772465409747,0.316751431539684,0.316751431539684,0.316751431539684,False,-0.0009842546958295114,1.220703125e-05,True
trial,391,391,390,872.2795254059572,872.2795254059572,872.2785406279152,872.2785406279152,3836,1918,0,0,3836,1918,1503712,751856,959000.0,959000.0,500.0,False,True,3836,1918,0,0,3836,1918,2.44140625e-05,25.40599163023584,-0.5923130849653694,-0.5923130849653694,-0.5923130849653694,False,-0.001662597141672544,2.44140625e-05,False
trial,392,392,392,872.2783536156712,872.2783536156712,872.2783536156712,872.2783536156712,3836,1918,0,0,3836,1918,1507548,753774,959000.0,959000.0,500.0,False,True,3836,1918,0,0,3836,1918,1.220703125e-05,25.40599163023584,0.21772066031838783,0.21772066031838783,0.21772066031838783,False,-0.0008589549731654897,1.220703125e-05,True
trial,393,393,392,872.2790878010411,872.2790878010411,872.2783536156712,872.2783536156712,3836,1918,0,0,3836,1918,1511384,755692,959000.0,959000.0,500.0,False,True,3836,1918,0,0,3836,1918,2.44140625e-05,25.819921955686617,-0.3853032259632852,-0.3853032259632852,-0.3853032259632852,False,-0.0019054742353726718,2.44140625e-05,False
trial,394,394,394,872.2780436261426,872.2780436261426,872.2780436261426,872.2780436261426,3836,1918,0,0,3836,1918,1515220,757610,959000.0,959000.0,500.0,False,True,3836,1918,0,0,3836,1918,1.220703125e-05,25.819921955686617,0.3155262253889937,0.3155262253889937,0.3155262253889937,False,-0.0009824524990827727,1.220703125e-05,True
trial,395,395,394,872.2790344766131,872.2790344766131,872.2780436261426,872.2780436261426,3836,1918,0,0,3836,1918,1519056,759528,959000.0,959000.0,500.0,False,True,3836,1918,0,0,3836,1918,2.44140625e-05,25.300132627814467,-0.5989698194985029,-0.5989698194985029,-0.5989698194985029,False,-0.001654257757716736,2.44140625e-05,False
trial,396,396,396,872.2778606102498,872.2778606102498,872.2778606102498,872.2778606102498,3836,1918,0,0,3836,1918,1522892,761446,959000.0,959000.0,500.0,False,True,3836,1918,0,0,3836,1918,1.220703125e-05,25.300132627814467,0.21415466865724567,0.21415466865724567,0.21415466865724567,False,-0.0008545967915526791,1.220703125e-05,True
trial,397,397,396,872.2785992453045,872.2785992453045,872.2778606102498,872.2778606102498,3836,1918,0,0,3836,1918,1526728,763364,959000.0,959000.0,500.0,False,True,3836,1918,0,0,3836,1918,2.44140625e-05,25.80595417450865,-0.3885275315462432,-0.3885275315462432,-0.3885275315462432,False,-0.0019011138070232686,2.44140625e-05,False
trial,398,398,398,872.2775533609256,872.2775533609256,872.2775533609256,872.2775533609256,3836,1918,0,0,3836,1918,1530564,765282,959000.0,959000.0,500.0,False,True,3836,1918,0,0,3836,1918,1.220703125e-05,25.80595417450865,0.3135204684946636,0.3135204684946636,0.3135204684946636,False,-0.0009799976560137117,1.220703125e-05,True
trial,399,399,398,872.2785547290057,872.2785547290057,872.2775533609256,872.2775533609256,3836,1918,0,0,3836,1918,1534400,767200,959000.0,959000.0,500.0,False,True,3836,1918,0,0,3836,1918,2.44140625e-05,25.211519914931124,-0.6083044741359929,-0.6083044741359929,-0.6083044741359929,False,-0.001646162608813539,2.44140625e-05,False
trial,400,400,400,872.2773744608878,872.2773744608878,872.2773744608878,872.2773744608878,3836,1918,0,0,3836,1918,1538236,769118,959000.0,959000.0,500.0,False,True,3836,1918,0,0,3836,1918,1.220703125e-05,25.211519914931124,0.21033678704935094,0.21033678704935094,0.21033678704935094,False,-0.0008505408886902387,1.220703125e-05,True
trial,401,401,400,872.2781187848609,872.2781187848609,872.2773744608878,872.2773744608878,3836,1918,0,0,3836,1918,1542072,771036,959000.0,959000.0,500.0,False,True,3836,1918,0,0,3836,1918,2.44140625e-05,25.783672931442982,-0.3925319464944167,-0.3925319464944167,-0.3925319464944167,False,-0.0018962124732572277,2.44140625e-05,False
trial,402,402,402,872.2770696954145,872.2770696954145,872.2770696954145,872.2770696954145,3836,1918,0,0,3836,1918,1545908,772954,959000.0,959000.0,500.0,False,True,3836,1918,0,0,3836,1918,1.220703125e-05,25.783672931442982,0.3117587452167027,0.3117587452167027,0.3117587452167027,False,-0.0009775683215440495,1.220703125e-05,True
trial,403,403,402,872.2780802263333,872.2780802263333,872.2770696954145,872.2770696954145,3836,1918,0,0,3836,1918,1549744,774872,959000.0,959000.0,500.0,False,True,3836,1918,0,0,3836,1918,2.44140625e-05,25.12614790169704,-0.6170341357468121,-0.6170341357468121,-0.6170341357468121,False,-0.0016377228749439438,2.44140625e-05,False
trial,404,404,404,872.2768948846381,872.2768948846381,872.2768948846381,872.2768948846381,3836,1918,0,0,3836,1918,1553580,776790,959000.0,959000.0,500.0,False,True,3836,1918,0,0,3836,1918,1.220703125e-05,25.12614790169704,0.20650918232994597,0.20650918232994597,0.20650918232994597,False,-0.0008465036493034922,1.220703125e-05,True
trial,405,405,404,872.2776440765983,872.2776440765983,872.2768948846381,872.2768948846381,3836,1918,0,0,3836,1918,1557416,778708,959000.0,959000.0,500.0,False,True,3836,1918,0,0,3836,1918,2.44140625e-05,25.762216624328676,-0.3965002940324593,-0.3965002940324593,-0.3965002940324593,False,-0.0018895117394434864,2.44140625e-05,False
trial,406,406,406,872.2765918152718,872.2765918152718,872.2765918152718,872.2765918152718,3836,1918,0,0,3836,1918,1561252,780626,959000.0,959000.0,500.0,False,True,3836,1918,0,0,3836,1918,1.220703125e-05,25.762216624328676,0.31080898585024297,0.31080898585024297,0.31080898585024297,False,-0.0009750984690907353,1.220703125e-05,True
trial,407,407,406,872.277611815784,872.277611815784,872.2765918152718,872.2765918152718,3836,1918,0,0,3836,1918,1565088,782544,959000.0,959000.0,500.0,False,True,3836,1918,0,0,3836,1918,2.44140625e-05,25.022515379349187,-0.6263094541036266,-0.6263094541036266,-0.6263094541036266,False,-0.0016285887200259055,2.44140625e-05,False
trial,408,408,408,872.2764219081835,872.2764219081835,872.2764219081835,872.2764219081835,3836,1918,0,0,3836,1918,1568924,784462,959000.0,959000.0,500.0,False,True,3836,1918,0,0,3836,1918,1.220703125e-05,25.022515379349187,0.20186473075868328,0.20186473075868328,0.20186473075868328,False,-0.0008416878356212488,1.220703125e-05,True
trial,409,409,408,872.2771739473394,872.2771739473394,872.2764219081835,872.2764219081835,3836,1918,0,0,3836,1918,1572760,786380,959000.0,959000.0,500.0,False,True,3836,1918,0,0,3836,1918,2.44140625e-05,25.746134154629615,-0.39849472287628585,-0.39849472287628585,-0.39849472287628585,False,-0.0018871997865188626,2.44140625e-05,False
trial,410,410,410,872.2761210788115,872.2761210788115,872.2761210788115,872.2761210788115,3836,1918,0,0,3836,1918,1576596,788298,959000.0,959000.0,500.0,False,True,3836,1918,0,0,3836,1918,1.220703125e-05,25.746134154629615,0.3090900482633387,0.3090900482633387,0.3090900482633387,False,-0.0009732742082730929,1.220703125e-05,True
trial,411,411,410,872.277149237555,872.277149237555,872.2761210788115,872.2761210788115,3836,1918,0,0,3836,1918,1580432,790216,959000.0,959000.0,500.0,False,True,3836,1918,0,0,3836,1918,2.44140625e-05,25.035606362042984,-0.6350547544081646,-0.6350547544081646,-0.6350547544081646,False,-0.0016190080247865256,2.44140625e-05,False
trial,412,412,412,872.2759559838707,872.2759559838707,872.2759559838707,872.2759559838707,3836,1918,0,0,3836,1918,1584268,792134,959000.0,959000.0,500.0,False,True,3836,1918,0,0,3836,1918,1.220703125e-05,25.035606362042984,0.1972164398393424,0.1972164398393424,0.1972164398393424,False,-0.0008371256516274312,1.220703125e-05,True
trial,413,413,412,872.2767139159971,872.2767139159971,872.2759559838707,872.2759559838707,3836,1918,0,0,3836,1918,1588104,794052,959000.0,959000.0,500.0,False,True,3836,1918,0,0,3836,1918,2.44140625e-05,25.740356358150127,-0.40265056858635667,-0.40265056858635667,-0.40265056858635667,False,-0.0018823570249086562,2.44140625e-05,False
trial,414,414,414,872.2756571583433,872.2756571583433,872.2756571583433,872.2756571583433,3836,1918,0,0,3836,1918,1591940,795970,959000.0,959000.0,500.0,False,True,3836,1918,0,0,3836,1918,1.220703125e-05,25.740356358150127,0.30761158436103236,0.30761158436103236,0.30761158436103236,False,-0.0009714378217795948,1.220703125e-05,True
trial,415,415,414,872.2766934169285,872.2766934169285,872.2756571583433,872.2756571583433,3836,1918,0,0,3836,1918,1595776,797888,959000.0,959000.0,500.0,False,True,3836,1918,0,0,3836,1918,2.44140625e-05,24.851942844241556,-0.6436228416700561,-0.6436228416700561,-0.6436228416700561,False,-0.0016100401013894453,2.44140625e-05,False
trial,416,416,416,872.2754961897172,872.2754961897172,872.2754961897172,872.2754961897172,3836,1918,0,0,3836,1918,1599612,799806,959000.0,959000.0,500.0,False,True,3836,1918,0,0,3836,1918,1.220703125e-05,24.851942844241556,0.19333956398634164,0.19333956398634164,0.19333956398634164,False,-0.0008325695103481282,1.220703125e-05,True
trial,417,417,416,872.2762570163904,872.2762570163904,872.2754961897172,872.2754961897172,3836,1918,0,0,3836,1918,1603448,801724,959000.0,959000.0,500.0,False,True,3836,1918,0,0,3836,1918,2.44140625e-05,25.726620444123043,-0.40472497973353244,-0.40472497973353244,-0.40472497973353244,False,-0.0018798609213269743,2.44140625e-05,False
trial,418,418,418,872.2751999062313,872.2751999062313,872.2751999062313,872.2751999062313,3836,1918,0,0,3836,1918,1607284,803642,959000.0,959000.0,500.0,False,True,3836,1918,0,0,3836,1918,1.220703125e-05,25.726620444123043,0.30576415685476216,0.30576415685476216,0.30576415685476216,False,-0.0009689935176076836,1.220703125e-05,True
trial,419,419,418,872.2762450523614,872.2762450523614,872.2751999062313,872.2751999062313,3836,1918,0,0,3836,1918,1611120,805560,959000.0,959000.0,500.0,False,True,3836,1918,0,0,3836,1918,2.44140625e-05,24.758339935826502,-0.6521901636086445,-0.6521901636086445,-0.6521901636086445,False,-0.0016025174688507208,2.44140625e-05,False
trial,420,420,420,872.2750428823127,872.2750428823127,872.2750428823127,872.2750428823127,3836,1918,0,0,3836,1918,1614956,807478,959000.0,959000.0,500.0,False,True,3836,1918,0,0,3836,1918,1.220703125e-05,24.758339935826502,0.18949014827749888,0.18949014827749888,0.18949014827749888,False,-0.0008286653419496415,1.220703125e-05,True
trial,421,421,420,872.2758073673123,872.2758073673123,872.2750428823127,872.2750428823127,3836,1918,0,0,3836,1918,1618792,809396,959000.0,959000.0,500.0,False,True,3836,1918,0,0,3836,1918,2.44140625e-05,25.704868492786908,-0.40782311508452507,-0.40782311508452507,-0.40782311508452507,False,-0.001874550439293776,2.44140625e-05,False
trial,422,422,422,872.2747489880048,872.2747489880048,872.2747489880048,872.2747489880048,3836,1918,0,0,3836,1918,1622628,811314,959000.0,959000.0,500.0,False,True,3836,1918,0,0,3836,1918,1.220703125e-05,25.704868492786908,0.304078102610426,0.304078102610426,0.304078102610426,False,-0.0009665092796179959,1.220703125e-05,True
trial,423,423,422,872.2758035598438,872.2758035598438,872.2747489880048,872.2747489880048,3836,1918,0,0,3836,1918,1626464,813232,959000.0,959000.0,500.0,False,True,3836,1918,0,0,3836,1918,2.44140625e-05,24.65398470360998,-0.6617324566894174,-0.6617324566894174,-0.6617324566894174,False,-0.0015936528853750557,2.44140625e-05,False
trial,424,424,424,872.2745965926034,872.2745965926034,872.2745965926034,872.2745965926034,3836,1918,0,0,3836,1918,1630300,815150,959000.0,959000.0,500.0,False,True,3836,1918,0,0,3836,1918,1.220703125e-05,24.65398470360998,0.18491982282303554,0.18491982282303554,0.18491982282303554,False,-0.0008241160903582003,1.220703125e-05,True
trial,425,425,424,872.275366801199,872.275366801199,872.2745965926034,872.2745965926034,3836,1918,0,0,3836,1918,1634136,817068,959000.0,959000.0,500.0,False,True,3836,1918,0,0,3836,1918,2.44140625e-05,25.703109652574167,-0.4121085425331773,-0.4121085425331773,-0.4121085425331773,False,-0.0018689459597705765,2.44140625e-05,False
trial,426,426,426,872.2743048453249,872.2743048453249,872.2743048453249,872.2743048453249,3836,1918,0,0,3836,1918,1637972,818986,959000.0,959000.0,500.0,False,True,3836,1918,0,0,3836,1918,1.220703125e-05,25.703109652574167,0.30253770753569353,0.30253770753569353,0.30253770753569353,False,-0.000964333606262958,1.220703125e-05,True
trial,427,427,426,872.2753662526079,872.2753662526079,872.2743048453249,872.2743048453249,3836,1918,0,0,3836,1918,1641808,820904,959000.0,959000.0,500.0,False,True,3836,1918,0,0,3836,1918,2.44140625e-05,24.610987226890217,-0.6698160391186756,-0.6698160391186756,-0.6698160391186756,False,-0.0015846250627690793,2.44140625e-05,False
trial,428,428,428,872.2741567175951,872.2741567175951,872.2741567175951,872.2741567175951,3836,1918,0,0,3836,1918,1645644,822822,959000.0,959000.0,500.0,False,True,3836,1918,0,0,3836,1918,1.220703125e-05,24.610987226890217,0.18058169091601034,0.18058169091601034,0.18058169091601034,False,-0.000820280998549676,1.220703125e-05,True
trial,429,429,428,872.2749309783077,872.2749309783077,872.2741567175951,872.2741567175951,3836,1918,0,0,3836,1918,1649480,824740,959000.0,959000.0,500.0,False,True,3836,1918,0,0,3836,1918,2.44140625e-05,25.6930744986014,-0.4149754092740768,-0.4149754092740768,-0.4149754092740768,False,-0.001865799021443029,2.44140625e-05,False
trial,430,430,430,872.273867180495,872.273867180495,872.273867180495,872.273867180495,3836,1918,0,0,3836,1918,1653316,826658,959000.0,959000.0,500.0,False,True,3836,1918,0,0,3836,1918,1.220703125e-05,25.6930744986014,0.3009241340355644,0.3009241340355644,0.3009241340355644,False,-0.0009621597850363949,1.220703125e-05,True
trial,431,431,430,872.2749406234607,872.2749406234607,872.273867180495,872.273867180495,3836,1918,0,0,3836,1918,1657152,828576,959000.0,959000.0,500.0,False,True,3836,1918,0,0,3836,1918,2.44140625e-05,24.518001961691017,-0.6811439072610351,-0.6811439072610351,-0.6811439072610351,False,-0.0015759415216363027,2.44140625e-05,False
trial,432,432,432,872.2737237125834,872.2737237125834,872.2737237125834,872.2737237125834,3836,1918,0,0,3836,1918,1660988,830494,959000.0,959000.0,500.0,False,True,3836,1918,0,0,3836,1918,1.220703125e-05,24.518001961691017,0.17590915918249575,0.17590915918249575,0.17590915918249575,False,-0.0008155795425964945,1.220703125e-05,True
trial,433,433,432,872.2745013348273,872.2745013348273,872.2737237125834,872.2737237125834,3836,1918,0,0,3836,1918,1664824,832412,959000.0,959000.0,500.0,False,True,3836,1918,0,0,3836,1918,2.44140625e-05,25.683681837390083,-0.41758545901257077,-0.41758545901257077,-0.41758545901257077,False,-0.0018621870734769406,2.44140625e-05,False
trial,434,434,434,872.2734362392625,872.2734362392625,872.2734362392625,872.2734362392625,3836,1918,0,0,3836,1918,1668660,834330,959000.0,959000.0,500.0,False,True,3836,1918,0,0,3836,1918,1.220703125e-05,25.683681837390083,0.29941358325290585,0.29941358325290585,0.29941358325290585,False,-0.0009601211734361919,1.220703125e-05,True
trial,435,435,434,872.2745174499005,872.2745174499005,872.2734362392625,872.2734362392625,3836,1918,0,0,3836,1918,1672496,836248,959000.0,959000.0,500.0,False,True,3836,1918,0,0,3836,1918,2.44140625e-05,24.528132989195356,-0.6901938992457461,-0.6901938992457461,-0.6901938992457461,False,-0.0015665317226514653,2.44140625e-05,False
trial,436,436,436,872.273297688481,872.273297688481,872.273297688481,872.273297688481,3836,1918,0,0,3836,1918,1676332,838166,959000.0,959000.0,500.0,False,True,3836,1918,0,0,3836,1918,1.220703125e-05,24.528132989195356,0.17090029428216297,0.17090029428216297,0.17090029428216297,False,-0.0008107111936417092,1.220703125e-05,True
trial,437,437,436,872.2740798364588,872.2740798364588,872.273297688481,872.273297688481,3836,1918,0,0,3836,1918,1680168,840084,959000.0,959000.0,500.0,False,True,3836,1918,0,0,3836,1918,2.44140625e-05,25.676092175744348,-0.42081559785022027,-0.42081559785022027,-0.42081559785022027,False,-0.0018586477825715646,2.44140625e-05,False
trial,438,438,438,872.2730122291397,872.2730122291397,872.2730122291397,872.2730122291397,3836,1918,0,0,3836,1918,1684004,842002,959000.0,959000.0,500.0,False,True,3836,1918,0,0,3836,1918,1.220703125e-05,25.676092175744348,0.2979275599317501,0.2979275599317501,0.2979275599317501,False,-0.0009581501669408189,1.220703125e-05,True
trial,439,439,438,872.2741023019563,872.2741023019563,872.2730122291397,872.2730122291397,3836,1918,0,0,3836,1918,1687840,843920,959000.0,959000.0,500.0,False,True,3836,1918,0,0,3836,1918,2.44140625e-05,24.413196515131638,-0.6998342448538611,-0.6998342448538611,-0.6998342448538611,False,-0.0015576157134909298,2.44140625e-05,False
trial,440,440,440,872.2728777418754,872.2728777418754,872.2728777418754,872.2728777418754,3836,1918,0,0,3836,1918,1691676,845838,959000.0,959000.0,500.0,False,True,3836,1918,0,0,3836,1918,1.220703125e-05,24.413196515131638,0.1667937965102202,0.1667937965102202,0.1667937965102202,False,-0.0008063085504627127,1.220703125e-05,True
trial,441,441,440,872.2736655543704,872.2736655543704,872.2728777418754,872.2728777418754,3836,1918,0,0,3836,1918,1695512,847756,959000.0,959000.0,500.0,False,True,3836,1918,0,0,3836,1918,2.44140625e-05,25.669355113955227,-0.4251113936334196,-0.4251113936334196,-0.4251113936334196,False,-0.0018531907325695,2.44140625e-05,False
trial,442,442,442,872.2725945742815,872.2725945742815,872.2725945742815,872.2725945742815,3836,1918,0,0,3836,1918,1699348,849674,959000.0,959000.0,500.0,False,True,3836,1918,0,0,3836,1918,1.220703125e-05,25.669355113955227,0.2962009743366611,0.2962009743366611,0.2962009743366611,False,-0.0009559981852007855,1.220703125e-05,True
trial,443,443,442,872.2736689314347,872.2736689314347,872.2725945742815,872.2725945742815,3836,1918,0,0,3836,1918,1703184,851592,959000.0,959000.0,500.0,False,True,3836,1918,0,0,3836,1918,2.44140625e-05,24.263909873311686,-0.6955517530023465,-0.6955517530023465,-0.6955517530023465,False,-0.0015446113802539366,2.44140625e-05,False
trial,444,444,444,872.272464347666,872.272464347666,872.272464347666,872.272464347666,3836,1918,0,0,3836,1918,1707020,853510,959000.0,959000.0,500.0,False,True,3836,1918,0,0,3836,1918,1.220703125e-05,24.263909873311686,0.16237973303510694,0.16237973303510694,0.16237973303510694,False,-0.0008019881119191715,1.220703125e-05,True
trial,445,445,444,872.2732612443908,872.2732612443908,872.272464347666,872.272464347666,3836,1918,0,0,3836,1918,1710856,855428,959000.0,959000.0,500.0,False,True,3836,1918,0,0,3836,1918,2.44140625e-05,25.664507601341583,-0.4321729753247941,-0.4321729753247941,-0.4321729753247941,False,-0.001843930024235052,2.44140625e-05,False
trial,446,446,446,872.2721838015698,872.2721838015698,872.2721838015698,872.2721838015698,3836,1918,0,0,3836,1918,1714692,857346,959000.0,959000.0,500.0,False,True,3836,1918,0,0,3836,1918,1.220703125e-05,25.664507601341583,0.2943004737557594,0.2943004737557594,0.2943004737557594,False,-0.0009532641677326672,1.220703125e-05,True
trial,447,447,446,872.273291942782,872.273291942782,872.2721838015698,872.2721838015698,3836,1918,0,0,3836,1918,1718528,859264,959000.0,959000.0,500.0,False,True,3836,1918,0,0,3836,1918,2.44140625e-05,24.183065672029535,-0.7191875640230478,-0.7191875640230478,-0.7191875640230478,False,-0.0015408236565887892,2.44140625e-05,False
trial,448,448,448,872.272057875604,872.272057875604,872.272057875604,872.272057875604,3836,1918,0,0,3836,1918,1722364,861182,959000.0,959000.0,500.0,False,True,3836,1918,0,0,3836,1918,1.220703125e-05,24.183065672029535,0.1578269479917087,0.1578269479917087,0.1578269479917087,False,-0.0007978736672813957,1.220703125e-05,True
trial,449,449,448,872.2728594971192,872.2728594971192,872.272057875604,872.272057875604,3836,1918,0,0,3836,1918,1726200,863100,959000.0,959000.0,500.0,False,True,3836,1918,0,0,3836,1918,2.44140625e-05,25.66365152703492,-0.4358714625174522,-0.4358714625174522,-0.4358714625174522,False,-0.0018391236502057306,2.44140625e-05,False
trial,450,450,450,872.2717798400581,872.2717798400581,872.2717798400581,872.2717798400581,3836,1918,0,0,3836,1918,1730036,865018,959000.0,959000.0,500.0,False,True,3836,1918,0,0,3836,1918,1.220703125e-05,25.66365152703492,0.29241589206782637,0.29241589206782637,0.29241589206782637,False,-0.0009508222822953272,1.220703125e-05,True
trial,451,451,450,872.27290145693,872.27290145693,872.2717798400581,872.2717798400581,3836,1918,0,0,3836,1918,1733872,866936,959000.0,959000.0,500.0,False,True,3836,1918,0,0,3836,1918,2.44140625e-05,24.102463272692464,-0.7341978060226593,-0.7341978060226593,-0.7341978060226593,False,-0.0015276766869109432,2.44140625e-05,False
trial,452,452,452,872.2716577521005,872.2716577521005,872.2716577521005,872.2716577521005,3836,1918,0,0,3836,1918,1737708,868854,959000.0,959000.0,500.0,False,True,3836,1918,0,0,3836,1918,1.220703125e-05,24.102463272692464,0.15386632135158493,0.15386632135158493,0.15386632135158493,False,-0.0007934677097253648,1.220703125e-05,True
trial,453,453,452,872.2724624865555,872.2724624865555,872.2716577521005,872.2716577521005,3836,1918,0,0,3836,1918,1741544,870772,959000.0,959000.0,500.0,False,True,3836,1918,0,0,3836,1918,2.44140625e-05,25.65803608106919,-0.43802077215843715,-0.43802077215843715,-0.43802077215843715,False,-0.001837206146626448,2.44140625e-05,False
trial,454,454,454,872.2713826637887,872.2713826637887,872.2713826637887,872.2713826637887,3836,1918,0,0,3836,1918,1745380,872690,959000.0,959000.0,500.0,False,True,3836,1918,0,0,3836,1918,1.220703125e-05,25.65803608106919,0.29018024227536554,0.29018024227536554,0.29018024227536554,False,-0.0009479911852462511,1.220703125e-05,True
trial,455,455,454,872.2725068940035,872.2725068940035,872.2713826637887,872.2713826637887,3836,1918,0,0,3836,1918,1749216,874608,959000.0,959000.0,500.0,False,True,3836,1918,0,0,3836,1918,2.44140625e-05,24.04460050894896,-0.7372683451886578,-0.7372683451886578,-0.7372683451886578,False,-0.001524858923028727,2.44140625e-05,False
trial,456,456,456,872.2712642391041,872.2712642391041,872.2712642391041,872.2712642391041,3836,1918,0,0,3836,1918,1753052,876526,959000.0,959000.0,500.0,False,True,3836,1918,0,0,3836,1918,1.220703125e-05,24.04460050894896,0.14979844224865227,0.14979844224865227,0.14979844224865227,False,-0.000790560187658815,1.220703125e-05,True
trial,457,457,456,872.2720715947896,872.2720715947896,872.2712642391041,872.2712642391041,3836,1918,0,0,3836,1918,1756888,878444,959000.0,959000.0,500.0,False,True,3836,1918,0,0,3836,1918,2.44140625e-05,25.644695481204284,-0.4403617798985037,-0.4403617798985037,-0.4403617798985037,False,-0.0018333918209795506,2.44140625e-05,False
trial,458,458,458,872.2709913896397,872.2709913896397,872.2709913896397,872.2709913896397,3836,1918,0,0,3836,1918,1760724,880362,959000.0,959000.0,500.0,False,True,3836,1918,0,0,3836,1918,1.220703125e-05,25.644695481204284,0.2885186402654939,0.2885186402654939,0.2885186402654939,False,-0.0009456909410005156,1.220703125e-05,True
trial,459,459,458,872.2721235169174,872.2721235169174,872.2709913896397,872.2709913896397,3836,1918,0,0,3836,1918,1764560,882280,959000.0,959000.0,500.0,False,True,3836,1918,0,0,3836,1918,2.44140625e-05,23.973967879092612,-0.7465191345879658,-0.7465191345879658,-0.7465191345879658,False,-0.0015165415396446915,2.44140625e-05,False
trial,460,460,460,872.2708777886423,872.2708777886423,872.2708777886423,872.2708777886423,3836,1918,0,0,3836,1918,1768396,884198,959000.0,959000.0,500.0,False,True,3836,1918,0,0,3836,1918,1.220703125e-05,23.973967879092612,0.1445792638021501,0.1445792638021501,0.1445792638021501,False,-0.0007857350656687777,1.220703125e-05,True
trial,461,461,460,872.2716890992418,872.2716890992418,872.2708777886423,872.2708777886423,3836,1918,0,0,3836,1918,1772232,886116,959000.0,959000.0,500.0,False,True,3836,1918,0,0,3836,1918,2.44140625e-05,25.647153135849567,-0.4433808594985032,-0.4433808594985032,-0.4433808594985032,False,-0.0018298277476517075,2.44140625e-05,False
trial,462,462,462,872.2706070816723,872.2706070816723,872.2706070816723,872.2706070816723,3836,1918,0,0,3836,1918,1776068,888034,959000.0,959000.0,500.0,False,True,3836,1918,0,0,3836,1918,1.220703125e-05,25.647153135849567,0.2869108690364525,0.2869108690364525,0.2869108690364525,False,-0.0009435228819415713,1.220703125e-05,True
trial,463,463,462,872.2717454904137,872.2717454904137,872.2706070816723,872.2706070816723,3836,1918,0,0,3836,1918,1779904,889952,959000.0,959000.0,500.0,False,True,3836,1918,0,0,3836,1918,2.44140625e-05,23.908640181207982,-0.7545528694507739,-0.7545528694507739,-0.7545528694507739,False,-0.0015087196502941277,2.44140625e-05,False
trial,464,464,464,872.2704975412462,872.2704975412462,872.2704975412462,872.2704975412462,3836,1918,0,0,3836,1918,1783740,891870,959000.0,959000.0,500.0,False,True,3836,1918,0,0,3836,1918,1.220703125e-05,23.908640181207982,0.14011204192904358,0.14011204192904358,0.14011204192904358,False,-0.0007818059363750435,1.220703125e-05,True
trial,465,465,464,872.2713137813762,872.2713137813762,872.2704975412462,872.2704975412462,3836,1918,0,0,3836,1918,1787576,893788,959000.0,959000.0,500.0,False,True,3836,1918,0,0,3836,1918,2.44140625e-05,25.659644724129844,-0.4471204310898133,-0.4471204310898133,-0.4471204310898133,False,-0.0018255487185352063,2.44140625e-05,False
trial,466,466,466,872.2702283181557,872.2702283181557,872.2702283181557,872.2702283181557,3836,1918,0,0,3836,1918,1791412,895706,959000.0,959000.0,500.0,False,True,3836,1918,0,0,3836,1918,1.220703125e-05,25.659644724129844,0.285841356298899,0.285841356298899,0.285841356298899,False,-0.000941861926534073,1.220703125e-05,True
trial,467,467,466,872.271377571202,872.271377571202,872.2702283181557,872.2702283181557,3836,1918,0,0,3836,1918,1795248,897624,959000.0,959000.0,500.0,False,True,3836,1918,0,0,3836,1918,2.44140625e-05,23.8033580811238,-0.7665824746062954,-0.7665824746062954,-0.7665824746062954,False,-0.0014991903473512104,2.44140625e-05,False
trial,468,468,468,872.2701236350449,872.2701236350449,872.2701236350449,872.2701236350449,3836,1918,0,0,3836,1918,1799084,899542,959000.0,959000.0,500.0,False,True,3836,1918,0,0,3836,1918,1.220703125e-05,23.8033580811238,0.13477854623955332,0.13477854623955332,0.13477854623955332,False,-0.0007767045547640473,1.220703125e-05,True
trial,469,469,468,872.2709450450432,872.2709450450432,872.2701236350449,872.2701236350449,3836,1918,0,0,3836,1918,1802920,901460,959000.0,959000.0,500.0,False,True,3836,1918,0,0,3836,1918,2.44140625e-05,25.65597521455885,-0.45151995430417247,-0.45151995430417247,-0.45151995430417247,False,-0.0018192108464359616,2.44140625e-05,False
trial,470,470,470,872.2698568442283,872.2698568442283,872.2698568442283,872.2698568442283,3836,1918,0,0,3836,1918,1806756,903378,959000.0,959000.0,500.0,False,True,3836,1918,0,0,3836,1918,1.220703125e-05,25.65597521455885,0.28392200727533,0.28392200727533,0.28392200727533,False,-0.0009396623358926395,1.220703125e-05,True
trial,471,471,470,872.271015020819,872.271015020819,872.2698568442283,872.2698568442283,3836,1918,0,0,3836,1918,1810592,905296,959000.0,959000.0,500.0,False,True,3836,1918,0,0,3836,1918,2.44140625e-05,23.76730422411713,-0.7767313028767409,-0.7767313028767409,-0.7767313028767409,False,-0.0014910904020698482,2.44140625e-05,False
trial,472,472,472,872.2697565691716,872.2697565691716,872.2697565691716,872.2697565691716,3836,1918,0,0,3836,1918,1814428,907214,959000.0,959000.0,500.0,False,True,3836,1918,0,0,3836,1918,1.220703125e-05,23.76730422411713,0.12977943307641523,0.12977943307641523,0.12977943307641523,False,-0.0007726575342119869,1.220703125e-05,True
trial,473,473,472,872.2705814051418,872.2705814051418,872.2697565691716,872.2697565691716,3836,1918,0,0,3836,1918,1818264,909132,959000.0,959000.0,500.0,False,True,3836,1918,0,0,3836,1918,2.44140625e-05,25.669031433348774,-0.4541656582536324,-0.4541656582536324,-0.4541656582536324,False,-0.0018161566274698686,2.44140625e-05,False
trial,474,474,474,872.2694919063307,872.2694919063307,872.2694919063307,872.2694919063307,3836,1918,0,0,3836,1918,1822100,911050,959000.0,959000.0,500.0,False,True,3836,1918,0,0,3836,1918,1.220703125e-05,25.669031433348774,0.2822295896369518,0.2822295896369518,0.2822295896369518,False,-0.0009377572395281326,1.220703125e-05,True
trial,475,475,474,872.2706600668025,872.2706600668025,872.2694919063307,872.2694919063307,3836,1918,0,0,3836,1918,1825936,912968,959000.0,959000.0,500.0,False,True,3836,1918,0,0,3836,1918,2.44140625e-05,23.698026136547107,-0.7885783816126226,-0.7885783816126226,-0.7885783816126226,False,-0.001481349855713389,2.44140625e-05,False
trial,476,476,476,872.2693955016337,872.2693955016337,872.2693955016337,872.2693955016337,3836,1918,0,0,3836,1918,1829772,914886,959000.0,959000.0,500.0,False,True,3836,1918,0,0,3836,1918,1.220703125e-05,23.698026136547107,0.1254565234188138,0.1254565234188138,0.1254565234188138,False,-0.0007684311219497725,1.220703125e-05,True
trial,477,477,476,872.2702256462761,872.2702256462761,872.2693955016337,872.2693955016337,3836,1918,0,0,3836,1918,1833608,916804,959000.0,959000.0,500.0,False,True,3836,1918,0,0,3836,1918,2.44140625e-05,25.688847198140554,-0.45837209161374315,-0.45837209161374315,-0.45837209161374315,False,-0.001811071523882024,2.44140625e-05,False
trial,478,478,478,872.2691341010063,872.2691341010063,872.2691341010063,872.2691341010063,3836,1918,0,0,3836,1918,1837444,918722,959000.0,959000.0,500.0,False,True,3836,1918,0,0,3836,1918,1.220703125e-05,25.688847198140554,0.2798126950230321,0.2798126950230321,0.2798126950230321,False,-0.0009341985977507779,1.220703125e-05,True
trial,479,479,478,872.270310870856,872.270310870856,872.2691341010063,872.2691341010063,3836,1918,0,0,3836,1918,1841280,920640,959000.0,959000.0,500.0,False,True,3836,1918,0,0,3836,1918,2.44140625e-05,23.689088338351006,-0.7991861121942668,-0.7991861121942668,-0.7991861121942668,False,-0.0014724603339145619,2.44140625e-05,False
trial,480,480,480,872.2690423263454,872.2690423263454,872.2690423263454,872.2690423263454,3836,1918,0,0,3836,1918,1845116,922558,959000.0,959000.0,500.0,False,True,3836,1918,0,0,3836,1918,1.220703125e-05,23.689088338351006,0.1201025243175772,0.1201025243175772,0.1201025243175772,False,-0.0007641359871031129,1.220703125e-05,True
trial,481,481,480,872.2698798575966,872.2698798575966,872.2690423263454,872.2690423263454,3836,1918,0,0,3836,1918,1848952,924476,959000.0,959000.0,500.0,False,True,3836,1918,0,0,3836,1918,2.44140625e-05,25.6763603358358,-0.46409120983752117,-0.46409120983752117,-0.46409120983752117,False,-0.0018046694992199428,2.44140625e-05,False
trial,482,482,482,872.2687827532354,872.2687827532354,872.2687827532354,872.2687827532354,3836,1918,0,0,3836,1918,1852788,926394,959000.0,959000.0,500.0,False,True,3836,1918,0,0,3836,1918,1.220703125e-05,25.6763603358358,0.2783010004206835,0.2783010004206835,0.2783010004206835,False,-0.0009327063486538123,1.220703125e-05,True
trial,483,483,482,872.2699645509177,872.2699645509177,872.2687827532354,872.2687827532354,3836,1918,0,0,3836,1918,1856624,928312,959000.0,959000.0,500.0,False,True,3836,1918,0,0,3836,1918,2.44140625e-05,23.56548155690665,-0.8066356992406931,-0.8066356992406931,-0.8066356992406931,False,-0.001465094693204389,2.44140625e-05,False
trial,484,484,484,872.2686951930907,872.2686951930907,872.2686951930907,872.2686951930907,3836,1918,0,0,3836,1918,1860460,930230,959000.0,959000.0,500.0,False,True,3836,1918,0,0,3836,1918,1.220703125e-05,23.56548155690665,0.11524077500117856,0.11524077500117856,0.11524077500117856,False,-0.0007598017691191328,1.220703125e-05,True
trial,485,485,484,872.2695345160189,872.2695345160189,872.2686951930907,872.2686951930907,3836,1918,0,0,3836,1918,1864296,932148,959000.0,959000.0,500.0,False,True,3836,1918,0,0,3836,1918,2.44140625e-05,25.68125461433018,-0.4658331791291463,-0.4658331791291463,-0.4658331791291463,False,-0.00180176716857207,2.44140625e-05,False
trial,486,486,486,872.2684380531659,872.2684380531659,872.2684380531659,872.2684380531659,3836,1918,0,0,3836,1918,1868132,934066,959000.0,959000.0,500.0,False,True,3836,1918,0,0,3836,1918,1.220703125e-05,25.68125461433018,0.2765104665935137,0.2765104665935137,0.2765104665935137,False,-0.0009299464426710296,1.220703125e-05,True
trial,487,487,486,872.2696311599896,872.2696311599896,872.2684380531659,872.2684380531659,3836,1918,0,0,3836,1918,1871968,935984,959000.0,959000.0,500.0,False,True,3836,1918,0,0,3836,1918,2.44140625e-05,23.49978858293364,-0.8191821117644025,-0.8191821117644025,-0.8191821117644025,False,-0.0014564610316637092,2.44140625e-05,False
trial,488,488,488,872.2683553372244,872.2683553372244,872.2683553372244,872.2683553372244,3836,1918,0,0,3836,1918,1875804,937902,959000.0,959000.0,500.0,False,True,3836,1918,0,0,3836,1918,1.220703125e-05,23.49978858293364,0.1095676027055886,0.1095676027055886,0.1095676027055886,False,-0.0007549306498830096,1.220703125e-05,True
trial,489,489,488,872.2692026481434,872.2692026481434,872.2683553372244,872.2683553372244,3836,1918,0,0,3836,1918,1879640,939820,959000.0,959000.0,500.0,False,True,3836,1918,0,0,3836,1918,2.44140625e-05,25.69477127173065,-0.4719600957385495,-0.4719600957385495,-0.4719600957385495,False,-0.0017953020321451424,2.44140625e-05,False
trial,490,490,490,872.2681010680873,872.2681010680873,872.2681010680873,872.2681010680873,3836,1918,0,0,3836,1918,1883476,941738,959000.0,959000.0,500.0,False,True,3836,1918,0,0,3836,1918,1.220703125e-05,25.69477127173065,0.2742245826693186,0.2742245826693186,0.2742245826693186,False,-0.0009272295527610108,1.220703125e-05,True
trial,491,491,490,872.2693032596515,872.2693032596515,872.2681010680873,872.2681010680873,3836,1918,0,0,3836,1918,1887312,943656,959000.0,959000.0,500.0,False,True,3836,1918,0,0,3836,1918,2.44140625e-05,23.509825461822587,-0.8304512885072075,-0.8304512885072075,-0.8304512885072075,False,-0.001447636460816814,2.44140625e-05,False
trial,492,492,492,872.2680222450259,872.2680222450259,872.2680222450259,872.2680222450259,3836,1918,0,0,3836,1918,1891148,945574,959000.0,959000.0,500.0,False,True,3836,1918,0,0,3836,1918,1.220703125e-05,23.509825461822587,0.10497157566277565,0.10497157566277565,0.10497157566277565,False,-0.0007508990968298062,1.220703125e-05,True
trial,493,493,492,872.2688735088159,872.2688735088159,872.2680222450259,872.2680222450259,3836,1918,0,0,3836,1918,1894984,947492,959000.0,959000.0,500.0,False,True,3836,1918,0,0,3836,1918,2.44140625e-05,25.726648619488056,-0.47553557343795144,-0.47553557343795144,-0.47553557343795144,False,-0.0017901158977742485,2.44140625e-05,False
trial,494,494,494,872.2677696112332,872.2677696112332,872.2677696112332,872.2677696112332,3836,1918,0,0,3836,1918,1898820,949410,959000.0,959000.0,500.0,False,True,3836,1918,0,0,3836,1918,1.220703125e-05,25.726648619488056,0.2730998015012355,0.2730998015012355,0.2730998015012355,False,-0.0009250603306742671,1.220703125e-05,True
trial,495,495,494,872.2689820147257,872.2689820147257,872.2677696112332,872.2677696112332,3836,1918,0,0,3836,1918,1902656,951328,959000.0,959000.0,500.0,False,True,3836,1918,0,0,3836,1918,2.44140625e-05,23.35907776199171,-0.8435724407246117,-0.8435724407246117,-0.8435724407246117,False,-0.0014372251082598387,2.44140625e-05,False
trial,496,496,496,872.2676952255981,872.2676952255981,872.2676952255981,872.2676952255981,3836,1918,0,0,3836,1918,1906492,953246,959000.0,959000.0,500.0,False,True,3836,1918,0,0,3836,1918,1.220703125e-05,23.35907776199171,0.09966979602037142,0.09966979602037142,0.09966979602037142,False,-0.0007463207319217392,1.220703125e-05,True
trial,497,497,496,872.2685478676887,872.2685478676887,872.2676952255981,872.2676952255981,3836,1918,0,0,3836,1918,1910328,955164,959000.0,959000.0,500.0,False,True,3836,1918,0,0,3836,1918,2.44140625e-05,25.713941925430756,-0.47680863452060224,-0.47680863452060224,-0.47680863452060224,False,-0.0017882270345056872,2.44140625e-05,False
trial,498,498,498,872.2674448793398,872.2674448793398,872.2674448793398,872.2674448793398,3836,1918,0,0,3836,1918,1914164,957082,959000.0,959000.0,500.0,False,True,3836,1918,0,0,3836,1918,1.220703125e-05,25.713941925430756,0.2710931709659127,0.2710931709659127,0.2710931709659127,False,-0.000923469438327518,1.220703125e-05,True
trial,499,499,498,872.2686648809877,872.2686648809877,872.2674448793398,872.2674448793398,3836,1918,0,0,3836,1918,1918000,959000,959000.0,959000.0,500.0,False,True,3836,1918,0,0,3836,1918,2.44140625e-05,23.34983772876545,-0.8533501264649357,-0.8533501264649357,-0.8533501264649357,False,-0.0014296612961598753,2.44140625e-05,False
trial,500,500,500,872.2673744853557,872.2673744853557,872.2673744853557,872.2673744853557,3836,1918,0,0,3836,1918,1921836,960918,959000.0,959000.0,500.0,False,True,3836,1918,0,0,3836,1918,1.220703125e-05,23.34983772876545,0.09484153989371652,0.09484153989371652,0.09484153989371652,False,-0.0007422273419367525,1.220703125e-05,True
trial,501,501,500,872.2682333079445,872.2682333079445,872.2673744853557,872.2673744853557,3836,1918,0,0,3836,1918,1925672,962836,959000.0,959000.0,500.0,False,True,3836,1918,0,0,3836,1918,2.44140625e-05,25.718214287339737,-0.48186659443443763,-0.48186659443443763,-0.48186659443443763,False,-0.0017822828945699238,2.44140625e-05,False
trial,502,502,502,872.2671269048674,872.2671269048674,872.2671269048674,872.2671269048674,3836,1918,0,0,3836,1918,1929508,964754,959000.0,959000.0,500.0,False,True,3836,1918,0,0,3836,1918,1.220703125e-05,25.718214287339737,0.2690380566603133,0.2690380566603133,0.2690380566603133,False,-0.0009202433715964031,1.220703125e-05,True
trial,503,503,502,872.2683547968461,872.2683547968461,872.2671269048674,872.2671269048674,3836,1918,0,0,3836,1918,1933344,966672,959000.0,959000.0,500.0,False,True,3836,1918,0,0,3836,1918,2.44140625e-05,23.28781149879357,-0.8641611585427705,-0.8641611585427705,-0.8641611585427705,False,-0.0014209062355748149,2.44140625e-05,False
trial,504,504,504,872.2670610325281,872.2670610325281,872.2670610325281,872.2670610325281,3836,1918,0,0,3836,1918,1937180,968590,959000.0,959000.0,500.0,False,True,3836,1918,0,0,3836,1918,1.220703125e-05,23.28781149879357,0.08929126532582703,0.08929126532582703,0.08929126532582703,False,-0.0007377243345281552,1.220703125e-05,True
trial,505,505,504,872.2679303509615,872.2679303509615,872.2670610325281,872.2670610325281,3836,1918,0,0,3836,1918,1941016,970508,959000.0,959000.0,500.0,False,True,3836,1918,0,0,3836,1918,2.44140625e-05,25.72768306807609,-0.49059082422872585,-0.49059082422872585,-0.49059082422872585,False,-0.0017719826593874301,2.44140625e-05,False
trial,506,506,506,872.266816772264,872.266816772264,872.266816772264,872.266816772264,3836,1918,0,0,3836,1918,1944852,972426,959000.0,959000.0,500.0,False,True,3836,1918,0,0,3836,1918,1.220703125e-05,25.72768306807609,0.2663695683526049,0.2663695683526049,0.2663695683526049,False,-0.0009169976347153379,1.220703125e-05,True
trial,507,507,506,872.2680541797249,872.2680541797249,872.266816772264,872.266816772264,3836,1918,0,0,3836,1918,1948688,974344,959000.0,959000.0,500.0,False,True,3836,1918,0,0,3836,1918,2.44140625e-05,23.256125795278855,-0.8757041842116263,-0.8757041842116263,-0.8757041842116263,False,-0.0014130427640658863,2.44140625e-05,False
trial,508,508,508,872.2667549295234,872.2667549295234,872.2667549295234,872.2667549295234,3836,1918,0,0,3836,1918,1952524,976262,959000.0,959000.0,500.0,False,True,3836,1918,0,0,3836,1918,1.220703125e-05,23.256125795278855,0.08423543042023643,0.08423543042023643,0.08423543042023643,False,-0.0007341654252134444,1.220703125e-05,True
trial,509,509,508,872.2676295053916,872.2676295053916,872.2667549295234,872.2667549295234,3836,1918,0,0,3836,1918,1956360,978180,959000.0,959000.0,500.0,False,True,3836,1918,0,0,3836,1918,2.44140625e-05,25.738522568845156,-0.4948529420029758,-0.4948529420029758,-0.4948529420029758,False,-0.0017673449908129804,2.44140625e-05,False
trial,510,510,510,872.266512680828,872.266512680828,872.266512680828,872.266512680828,3836,1918,0,0,3836,1918,1960196,980098,959000.0,959000.0,500.0,False,True,3836,1918,0,0,3836,1918,1.220703125e-05,25.738522568845156,0.2646883592182631,0.2646883592182631,0.2646883592182631,False,-0.0009152223244248074,1.220703125e-05,True
trial,511,511,510,872.267760102108,872.267760102108,872.266512680828,872.266512680828,3836,1918,0,0,3836,1918,1964032,982016,959000.0,959000.0,500.0,False,True,3836,1918,0,0,3836,1918,2.44140625e-05,23.19818243532996,-0.8889698091828745,-0.8889698091828745,-0.8889698091828745,False,-0.0014032211973246777,2.44140625e-05,False
trial,512,512,512,872.2664553953523,872.2664553953523,872.2664553953523,872.2664553953523,3836,1918,0,0,3836,1918,1967868,983934,959000.0,959000.0,500.0,False,True,3836,1918,0,0,3836,1918,1.220703125e-05,23.19818243532996,0.07851440949103403,0.07851440949103403,0.07851440949103403,False,-0.000729617353838748,1.220703125e-05,True
trial,513,513,512,872.2673320620274,872.2673320620274,872.2664553953523,872.2664553953523,3836,1918,0,0,3836,1918,1971704,985852,959000.0,959000.0,500.0,False,True,3836,1918,0,0,3836,1918,2.44140625e-05,25.755606091103168,-0.496775452269198,-0.496775452269198,-0.496775452269198,False,-0.0017647141603623388,2.44140625e-05,False
trial,514,514,514,872.2662160523989,872.2662160523989,872.2662160523989,872.2662160523989,3836,1918,0,0,3836,1918,1975540,987770,959000.0,959000.0,500.0,False,True,3836,1918,0,0,3836,1918,1.220703125e-05,25.755606091103168,0.2623410475230459,0.2623410475230459,0.2623410475230459,False,-0.0009123351287335412,1.220703125e-05,True
trial,515,515,514,872.2674710103262,872.2674710103262,872.2662160523989,872.2662160523989,3836,1918,0,0,3836,1918,1979376,989688,959000.0,959000.0,500.0,False,True,3836,1918,0,0,3836,1918,2.44140625e-05,23.15902881254699,-0.8998395252652022,-0.8998395252652022,-0.8998395252652022,False,-0.001394646369723136,2.44140625e-05,False
trial,516,516,516,872.266163266126,872.266163266126,872.266163266126,872.266163266126,3836,1918,0,0,3836,1918,1983212,991606,959000.0,959000.0,500.0,False,True,3836,1918,0,0,3836,1918,1.220703125e-05,23.15902881254699,0.07279798370128088,0.07279798370128088,0.07279798370128088,False,-0.0007251062494803999,1.220703125e-05,True
trial,517,517,516,872.2670448571112,872.2670448571112,872.266163266126,872.266163266126,3836,1918,0,0,3836,1918,1987048,993524,959000.0,959000.0,500.0,False,True,3836,1918,0,0,3836,1918,2.44140625e-05,25.779291614642762,-0.5004211327244179,-0.5004211327244179,-0.5004211327244179,False,-0.0017616981528329192,2.44140625e-05,False
trial,518,518,518,872.2659262763239,872.2659262763239,872.2659262763239,872.2659262763239,3836,1918,0,0,3836,1918,1990884,995442,959000.0,959000.0,500.0,False,True,3836,1918,0,0,3836,1918,1.220703125e-05,25.779291614642762,0.2603291705277257,0.2603291705277257,0.2603291705277257,False,-0.0009103467032396827,1.220703125e-05,True
trial,519,519,518,872.2671691317582,872.2671691317582,872.2659262763239,872.2659262763239,3836,1918,0,0,3836,1918,1994720,997360,959000.0,959000.0,500.0,False,True,3836,1918,0,0,3836,1918,2.44140625e-05,23.103464987668943,-0.9007585525668204,-0.9007585525668204,-0.9007585525668204,False,-0.0013797875477757227,2.44140625e-05,False
trial,520,520,520,872.2658781905159,872.2658781905159,872.2658781905159,872.2658781905159,3836,1918,0,0,3836,1918,1998556,999278,959000.0,959000.0,500.0,False,True,3836,1918,0,0,3836,1918,1.220703125e-05,23.103464987668943,0.06672593546504642,0.06672593546504642,0.06672593546504642,False,-0.000720646441901575,1.220703125e-05,True
trial,521,521,520,872.266764563003,872.266764563003,872.2658781905159,872.2658781905159,3836,1918,0,0,3836,1918,2002392,1001196,959000.0,959000.0,500.0,False,True,3836,1918,0,0,3836,1918,2.44140625e-05,25.808273323116254,-0.5048826223121702,-0.5048826223121702,-0.5048826223121702,False,-0.0017556011000278765,2.44140625e-05,False
trial,522,522,522,872.2656449214728,872.2656449214728,872.2656449214728,872.2656449214728,3836,1918,0,0,3836,1918,2006228,1003114,959000.0,959000.0,500.0,False,True,3836,1918,0,0,3836,1918,1.220703125e-05,25.808273323116254,0.25733885210681057,0.25733885210681057,0.25733885210681057,False,-0.0009064664785558506,1.220703125e-05,True
trial,523,523,522,872.2669173357391,872.2669173357391,872.2656449214728,872.2656449214728,3836,1918,0,0,3836,1918,2010064,1005032,959000.0,959000.0,500.0,False,True,3836,1918,0,0,3836,1918,2.44140625e-05,23.1410359865965,-0.9236897796809432,-0.9236897796809432,-0.9236897796809432,False,-0.0013775342049593712,2.44140625e-05,False
trial,524,524,524,872.2656019497838,872.2656019497838,872.2656019497838,872.2656019497838,3836,1918,0,0,3836,1918,2013900,1006950,959000.0,959000.0,500.0,False,True,3836,1918,0,0,3836,1918,1.220703125e-05,23.1410359865965,0.06007111033224551,0.06007111033224551,0.06007111033224551,False,-0.0007153470077213652,1.220703125e-05,True
trial,525,525,524,872.266492993323,872.266492993323,872.2656019497838,872.2656019497838,3836,1918,0,0,3836,1918,2017736,1008868,959000.0,959000.0,500.0,False,True,3836,1918,0,0,3836,1918,2.44140625e-05,25.823021454150684,-0.5091573738150523,-0.5091573738150523,-0.5091573738150523,False,-0.0017500356177980435,2.44140625e-05,False
trial,526,526,526,872.2653709467172,872.2653709467172,872.2653709467172,872.2653709467172,3836,1918,0,0,3836,1918,2021572,1010786,959000.0,959000.0,500.0,False,True,3836,1918,0,0,3836,1918,1.220703125e-05,25.823021454150684,0.25553389384575487,0.25553389384575487,0.25553389384575487,False,-0.0009040016692009312,1.220703125e-05,True
trial,527,527,526,872.2666450736235,872.2666450736235,872.2653709467172,872.2653709467172,3836,1918,0,0,3836,1918,2025408,1012704,959000.0,959000.0,500.0,False,True,3836,1918,0,0,3836,1918,2.44140625e-05,25.065572976129825,-0.9319839331156665,-0.9319839331156665,-0.9319839331156665,False,-0.0013671125231209038,2.44140625e-05,False
trial,528,528,528,872.2653314610137,872.2653314610137,872.2653314610137,872.2653314610137,3836,1918,0,0,3836,1918,2029244,1014622,959000.0,959000.0,500.0,False,True,3836,1918,0,0,3836,1918,1.220703125e-05,25.065572976129825,0.05546440665349415,0.05546440665349415,0.05546440665349415,False,-0.0007119106807162423,1.220703125e-05,True
trial,529,529,528,872.2662294017912,872.2662294017912,872.2653314610137,872.2653314610137,3836,1918,0,0,3836,1918,2033080,1016540,959000.0,959000.0,500.0,False,True,3836,1918,0,0,3836,1918,2.44140625e-05,25.849748277096058,-0.5157541627309901,-0.5157541627309901,-0.5157541627309901,False,-0.0017410247795354079,2.44140625e-05,False
trial,530,530,530,872.2651034474583,872.2651034474583,872.2651034474583,872.2651034474583,3836,1918,0,0,3836,1918,2036916,1018458,959000.0,959000.0,500.0,False,True,3836,1918,0,0,3836,1918,1.220703125e-05,25.849748277096058,0.25321990074759065,0.25321990074759065,0.25321990074759065,False,-0.0009004566970041149,1.220703125e-05,True
trial,531,531,530,872.2663816334216,872.2663816334216,872.2651034474583,872.2651034474583,3836,1918,0,0,3836,1918,2040752,1020376,959000.0,959000.0,500.0,False,True,3836,1918,0,0,3836,1918,2.44140625e-05,23.006932430302804,-0.9409104640923334,-0.9409104640923334,-0.9409104640923334,False,-0.0013584565291747577,2.44140625e-05,False
trial,532,532,532,872.265067180756,872.265067180756,872.265067180756,872.265067180756,3836,1918,0,0,3836,1918,2044588,1022294,959000.0,959000.0,500.0,False,True,3836,1918,0,0,3836,1918,1.220703125e-05,23.006932430302804,0.051187185224177034,0.051187185224177034,0.051187185224177034,False,-0.0007085113615189929,1.220703125e-05,True
trial,533,533,532,872.2659666094652,872.2659666094652,872.265067180756,872.265067180756,3836,1918,0,0,3836,1918,2048424,1024212,959000.0,959000.0,500.0,False,True,3836,1918,0,0,3836,1918,2.44140625e-05,26.51891081895058,-0.5161961139080787,-0.5161961139080787,-0.5161961139080787,False,-0.0017424166609744003,2.44140625e-05,False
trial,534,534,534,872.2648377070678,872.2648377070678,872.2648377070678,872.2648377070678,3836,1918,0,0,3836,1918,2052260,1026130,959000.0,959000.0,500.0,False,True,3836,1918,0,0,3836,1918,1.220703125e-05,26.51891081895058,0.25421300153589066,0.25421300153589066,0.25421300153589066,False,-0.000902682737508813,1.220703125e-05,True
trial,535,535,534,872.2661241151496,872.2661241151496,872.2648377070678,872.2648377070678,3836,1918,0,0,3836,1918,2056096,1028048,959000.0,959000.0,500.0,False,True,3836,1918,0,0,3836,1918,2.44140625e-05,22.970364521888193,-0.9475789865650563,-0.9475789865650563,-0.9475789865650563,False,-0.0013575734582923177,2.44140625e-05,False
trial,536,536,536,872.2648031100651,872.2648031100651,872.2648031100651,872.2648031100651,3836,1918,0,0,3836,1918,2059932,1029966,959000.0,959000.0,500.0,False,True,3836,1918,0,0,3836,1918,1.220703125e-05,22.970364521888193,0.04893749161358212,0.04893749161358212,0.04893749161358212,False,-0.0007069631391975352,1.220703125e-05,True
trial,537,537,537,872.2645137429579,872.2645137429579,872.2645137429579,872.2645137429579,3836,1918,0,0,3836,1918,2063768,1031884,959000.0,959000.0,500.0,False,True,3836,1918,0,0,3836,1918,6.103515625e-06,25.908296178318086,0.6253367386080926,0.6253367386080926,0.6253367386080926,False,-0.0004627380567805915,6.103515625e-06,True
trial,538,538,538,872.2644776139276,872.2644776139276,872.2644776139276,872.2644776139276,3836,1918,0,0,3836,1918,2067604,1033802,959000.0,959000.0,500.0,False,True,3836,1918,0,0,3836,1918,1.220703125e-05,9.442013282316454,0.11035700102318352,0.11035700102318352,0.11035700102318352,False,-0.0003273832192659882,1.220703125e-05,True
trial,539,539,538,872.2657221265358,872.2657221265358,872.2644776139276,872.2644776139276,3836,1918,0,0,3836,1918,2071440,1035720,959000.0,959000.0,500.0,False,True,3836,1918,0,0,3836,1918,2.44140625e-05,18.615768877505992,-0.962057764342962,-0.962057764342962,-0.962057764342962,False,-0.0012935944745954336,2.44140625e-05,False
trial,540,540,540,872.2644448967687,872.2644448967687,872.2644448967687,872.2644448967687,3836,1918,0,0,3836,1918,2075276,1037638,959000.0,959000.0,500.0,False,True,3836,1918,0,0,3836,1918,1.220703125e-05,18.615768877505992,0.04877690463630335,0.04877690463630335,0.04877690463630335,False,-0.0006707510271882288,1.220703125e-05,True
trial,541,541,541,872.2641656131052,872.2641656131052,872.2641656131052,872.2641656131052,3836,1918,0,0,3836,1918,2079112,1039556,959000.0,959000.0,500.0,False,True,3836,1918,0,0,3836,1918,6.103515625e-06,29.854375950961057,0.6262532117201154,0.6262532117201154,0.6262532117201154,False,-0.0004459596506718151,6.103515625e-06,True
trial,542,542,541,872.2643801888228,872.2643801888228,872.2641656131052,872.2641656131052,3836,1918,0,0,3836,1918,2082948,1041474,959000.0,959000.0,500.0,False,True,3836,1918,0,0,3836,1918,1.220703125e-05,12.878753845257817,-0.5767689213728526,-0.5767689213728526,-0.5767689213728526,False,-0.00037203065146655196,1.220703125e-05,False
trial,543,543,543,872.2641181117364,872.2641181117364,872.2641181117364,872.2641181117364,3836,1918,0,0,3836,1918,2086784,1043392,959000.0,959000.0,500.0,False,True,3836,1918,0,0,3836,1918,6.103515625e-06,12.878753845257817,0.24674658433114396,0.24674658433114396,0.24674658433114396,False,-0.00019251074526073958,6.103515625e-06,True
trial,544,544,543,872.2643027037291,872.2643027037291,872.2641181117364,872.2641181117364,3836,1918,0,0,3836,1918,2090620,1045310,959000.0,959000.0,500.0,False,True,3836,1918,0,0,3836,1918,1.220703125e-05,12.909328043497876,-0.3870415962618191,-0.3870415962618191,-0.3870415962618191,False,-0.0004769306309430982,1.220703125e-05,False
trial,545,545,545,872.2640413218944,872.2640413218944,872.2640413218944,872.2640413218944,3836,1918,0,0,3836,1918,2094456,1047228,959000.0,959000.0,500.0,False,True,3836,1918,0,0,3836,1918,6.103515625e-06,12.909328043497876,0.3132720560857368,0.3132720560857368,0.3132720560857368,False,-0.00024512190111953153,6.103515625e-06,True
trial,546,546,545,872.264275437758,872.264275437758,872.2640413218944,872.2640413218944,3836,1918,0,0,3836,1918,2098292,1049146,959000.0,959000.0,500.0,False,True,3836,1918,0,0,3836,1918,1.220703125e-05,11.907047934088473,-0.5475115324786529,-0.5475115324786529,-0.5475115324786529,False,-0.0004275998763302259,1.220703125e-05,False
trial,547,547,547,872.2639885137178,872.2639885137178,872.2639885137178,872.2639885137178,3836,1918,0,0,3836,1918,2102128,1051064,959000.0,959000.0,500.0,False,True,3836,1918,0,0,3836,1918,6.103515625e-06,11.907047934088473,0.23929208666091034,0.23929208666091034,0.23929208666091034,False,-0.0002206850103997228,6.103515625e-06,True
trial,548,548,547,872.2641730822105,872.2641730822105,872.2639885137178,872.2639885137178,3836,1918,0,0,3836,1918,2105964,1052982,959000.0,959000.0,500.0,False,True,3836,1918,0,0,3836,1918,1.220703125e-05,12.964942718469372,-0.38626403617121724,-0.38626403617121724,-0.38626403617121724,False,-0.00047782986621542164,1.220703125e-05,False
trial,549,549,549,872.2639112372764,872.2639112372764,872.2639112372764,872.2639112372764,3836,1918,0,0,3836,1918,2109800,1054900,959000.0,959000.0,500.0,False,True,3836,1918,0,0,3836,1918,6.103515625e-06,12.964942718469372,0.31386042701666017,0.31386042701666017,0.31386042701666017,False,-0.000246212758125817,6.103515625e-06,True
trial,550,550,549,872.264146540633,872.264146540633,872.2639112372764,872.2639112372764,3836,1918,0,0,3836,1918,2113636,1056818,959000.0,959000.0,500.0,False,True,3836,1918,0,0,3836,1918,1.220703125e-05,11.84111790578167,-0.551524193348353,-0.551524193348353,-0.551524193348353,False,-0.0004266419486714868,1.220703125e-05,False
trial,551,551,551,872.2638586945448,872.2638586945448,872.2638586945448,872.2638586945448,3836,1918,0,0,3836,1918,2117472,1058736,959000.0,959000.0,500.0,False,True,3836,1918,0,0,3836,1918,6.103515625e-06,11.84111790578167,0.23828619511061597,0.23828619511061597,0.23828619511061597,False,-0.00022050262542053957,6.103515625e-06,True
trial,552,552,551,872.2640430741313,872.2640430741313,872.2638586945448,872.2638586945448,3836,1918,0,0,3836,1918,2121308,1060654,959000.0,959000.0,500.0,False,True,3836,1918,0,0,3836,1918,1.220703125e-05,12.94704374836579,-0.3856658115464011,-0.3856658115464011,-0.3856658115464011,False,-0.00047808123267637274,1.220703125e-05,False
trial,553,553,553,872.2637816717531,872.2637816717531,872.2637816717531,872.2637816717531,3836,1918,0,0,3836,1918,2125144,1062572,959000.0,959000.0,500.0,False,True,3836,1918,0,0,3836,1918,6.103515625e-06,12.94704374836579,0.31349913785410416,0.31349913785410416,0.31349913785410416,False,-0.00024568741131587434,6.103515625e-06,True
trial,554,554,553,872.2640172887061,872.2640172887061,872.2637816717531,872.2637816717531,3836,1918,0,0,3836,1918,2128980,1064490,959000.0,959000.0,500.0,False,True,3836,1918,0,0,3836,1918,1.220703125e-05,11.859323825420756,-0.5540189243054053,-0.5540189243054053,-0.5540189243054053,False,-0.00042528683162399507,1.220703125e-05,False
trial,555,555,555,872.2637297316944,872.2637297316944,872.2637297316944,872.2637297316944,3836,1918,0,0,3836,1918,2132816,1066408,959000.0,959000.0,500.0,False,True,3836,1918,0,0,3836,1918,6.103515625e-06,11.859323825420756,0.23637258446676085,0.23637258446676085,0.23637258446676085,False,-0.00021973808353481654,6.103515625e-06,True
trial,556,556,555,872.2639115953724,872.2639115953724,872.2637297316944,872.2637297316944,3836,1918,0,0,3836,1918,2136652,1068326,959000.0,959000.0,500.0,False,True,3836,1918,0,0,3836,1918,1.220703125e-05,12.98412581337125,-0.3812211605894555,-0.3812211605894555,-0.3812211605894555,False,-0.0004770555698252418,1.220703125e-05,False
trial,557,557,557,872.2636525671571,872.2636525671571,872.2636525671571,872.2636525671571,3836,1918,0,0,3836,1918,2140488,1070244,959000.0,959000.0,500.0,False,True,3836,1918,0,0,3836,1918,6.103515625e-06,12.98412581337125,0.31381702392921407,0.31381702392921407,0.31381702392921407,False,-0.00024589022074629344,6.103515625e-06,True
trial,558,558,557,872.2638906050508,872.2638906050508,872.2636525671571,872.2636525671571,3836,1918,0,0,3836,1918,2144324,1072162,959000.0,959000.0,500.0,False,True,3836,1918,0,0,3836,1918,1.220703125e-05,11.837216166811835,-0.5618365976492545,-0.5618365976492545,-0.5618365976492545,False,-0.00042367815610302057,1.220703125e-05,False
trial,559,559,559,872.2636011789476,872.2636011789476,872.2636011789476,872.2636011789476,3836,1918,0,0,3836,1918,2148160,1074080,959000.0,959000.0,500.0,False,True,3836,1918,0,0,3836,1918,6.103515625e-06,11.837216166811835,0.23425079582824376,0.23425079582824376,0.23425079582824376,False,-0.0002193726143706058,6.103515625e-06,True
trial,560,560,559,872.2637853687663,872.2637853687663,872.2636011789476,872.2636011789476,3836,1918,0,0,3836,1918,2151996,1075998,959000.0,959000.0,500.0,False,True,3836,1918,0,0,3836,1918,1.220703125e-05,12.99393572035246,-0.3853182656672147,-0.3853182656672147,-0.3853182656672147,False,-0.00047801995157893917,1.220703125e-05,False
trial,561,561,561,872.2635237044067,872.2635237044067,872.2635237044067,872.2635237044067,3836,1918,0,0,3836,1918,2155832,1077916,959000.0,959000.0,500.0,False,True,3836,1918,0,0,3836,1918,6.103515625e-06,12.99393572035246,0.31451453854246747,0.31451453854246747,0.31451453854246747,False,-0.0002463305553487511,6.103515625e-06,True
trial,562,562,561,872.2637618493358,872.2637618493358,872.2635237044067,872.2635237044067,3836,1918,0,0,3836,1918,2159668,1079834,959000.0,959000.0,500.0,False,True,3836,1918,0,0,3836,1918,1.220703125e-05,11.794962156047674,-0.5620061468264131,-0.5620061468264131,-0.5620061468264131,False,-0.0004237407907901294,1.220703125e-05,False
trial,563,563,563,872.2634727474208,872.2634727474208,872.2634727474208,872.2634727474208,3836,1918,0,0,3836,1918,2163504,1081752,959000.0,959000.0,500.0,False,True,3836,1918,0,0,3836,1918,6.103515625e-06,11.794962156047674,0.23278019773963085,0.23278019773963085,0.23278019773963085,False,-0.00021890601684576103,6.103515625e-06,True
trial,564,564,563,872.2636566785411,872.2636566785411,872.2634727474208,872.2634727474208,3836,1918,0,0,3836,1918,2167340,1083670,959000.0,959000.0,500.0,False,True,3836,1918,0,0,3836,1918,1.220703125e-05,13.007290607014935,-0.3846974053874133,-0.3846974053874133,-0.3846974053874133,False,-0.000478118952045487,1.220703125e-05,False
trial,565,565,565,872.2633954790496,872.2633954790496,872.2633954790496,872.2633954790496,3836,1918,0,0,3836,1918,2171176,1085588,959000.0,959000.0,500.0,False,True,3836,1918,0,0,3836,1918,6.103515625e-06,13.007290607014935,0.3139828071556895,0.3139828071556895,0.3139828071556895,False,-0.0002460910899179976,6.103515625e-06,True
trial,566,566,565,872.2636344234177,872.2636344234177,872.2633954790496,872.2633954790496,3836,1918,0,0,3836,1918,2175012,1087506,959000.0,959000.0,500.0,False,True,3836,1918,0,0,3836,1918,1.220703125e-05,11.832291660682284,-0.5647738729438937,-0.5647738729438937,-0.5647738729438937,False,-0.00042307971305627915,1.220703125e-05,False
trial,567,567,567,872.263344942844,872.263344942844,872.263344942844,872.263344942844,3836,1918,0,0,3836,1918,2178848,1089424,959000.0,959000.0,500.0,False,True,3836,1918,0,0,3836,1918,6.103515625e-06,11.832291660682284,0.23125485430038945,0.23125485430038945,0.23125485430038945,False,-0.00021853035562027377,6.103515625e-06,True
trial,568,568,567,872.2635289459979,872.2635289459979,872.263344942844,872.263344942844,3836,1918,0,0,3836,1918,2182684,1091342,959000.0,959000.0,500.0,False,True,3836,1918,0,0,3836,1918,1.220703125e-05,13.019415979527974,-0.3846440955290429,-0.3846440955290429,-0.3846440955290429,False,-0.0004783724903858579,1.220703125e-05,False
trial,569,569,569,872.2632677100369,872.2632677100369,872.2632677100369,872.2632677100369,3836,1918,0,0,3836,1918,2186520,1093260,959000.0,959000.0,500.0,False,True,3836,1918,0,0,3836,1918,6.103515625e-06,13.019415979527974,0.31386516700996175,0.31386516700996175,0.31386516700996175,False,-0.00024607001751486026,6.103515625e-06,True
trial,570,570,569,872.2635073253817,872.2635073253817,872.2632677100369,872.2632677100369,3836,1918,0,0,3836,1918,2190356,1095178,959000.0,959000.0,500.0,False,True,3836,1918,0,0,3836,1918,1.220703125e-05,11.869771295052072,-0.5673533064882783,-0.5673533064882783,-0.5673533064882783,False,-0.0004223388532805029,1.220703125e-05,False
trial,571,571,571,872.2632175476524,872.2632175476524,872.2632175476524,872.2632175476524,3836,1918,0,0,3836,1918,2194192,1097096,959000.0,959000.0,500.0,False,True,3836,1918,0,0,3836,1918,6.103515625e-06,11.869771295052072,0.2299738141599796,0.2299738141599796,0.2299738141599796,False,-0.00021812215730581704,6.103515625e-06,True
trial,572,572,571,872.2634014047806,872.2634014047806,872.2632175476524,872.2632175476524,3836,1918,0,0,3836,1918,2198028,1099014,959000.0,959000.0,500.0,False,True,3836,1918,0,0,3836,1918,1.220703125e-05,13.003230997943554,-0.3842436545441536,-0.3842436545441536,-0.3842436545441536,False,-0.00047849099386619646,1.220703125e-05,False
trial,573,573,573,872.2631400445052,872.2631400445052,872.2631400445052,872.2631400445052,3836,1918,0,0,3836,1918,2201864,1100932,959000.0,959000.0,500.0,False,True,3836,1918,0,0,3836,1918,6.103515625e-06,13.003230997943554,0.31449667439804324,0.31449667439804324,0.31449667439804324,False,-0.0002464355062448076,6.103515625e-06,True
trial,574,574,573,872.2633802043069,872.2633802043069,872.2631400445052,872.2631400445052,3836,1918,0,0,3836,1918,2205700,1102850,959000.0,959000.0,500.0,False,True,3836,1918,0,0,3836,1918,1.220703125e-05,11.739590693636535,-0.569243482788915,-0.569243482788915,-0.569243482788915,False,-0.00042189293152600075,1.220703125e-05,False
trial,575,575,575,872.2630904539006,872.2630904539006,872.2630904539006,872.2630904539006,3836,1918,0,0,3836,1918,2209536,1104768,959000.0,959000.0,500.0,False,True,3836,1918,0,0,3836,1918,6.103515625e-06,11.739590693636535,0.22790089094050348,0.22790089094050348,0.22790089094050348,False,-0.00021759723880505888,6.103515625e-06,True
trial,576,576,575,872.2632742281967,872.2632742281967,872.2630904539006,872.2630904539006,3836,1918,0,0,3836,1918,2213372,1106686,959000.0,959000.0,500.0,False,True,3836,1918,0,0,3836,1918,1.220703125e-05,13.040795520859314,-0.3840810815592569,-0.3840810815592569,-0.3840810815592569,False,-0.0004784778653696362,1.220703125e-05,False
trial,577,577,577,872.2630129716609,872.2630129716609,872.2630129716609,872.2630129716609,3836,1918,0,0,3836,1918,2217208,1108604,959000.0,959000.0,500.0,False,True,3836,1918,0,0,3836,1918,6.103515625e-06,13.040795520859314,0.3145599248718998,0.3145599248718998,0.3145599248718998,False,-0.00024631948820225407,6.103515625e-06,True
trial,578,578,577,872.2632544992048,872.2632544992048,872.2630129716609,872.2630129716609,3836,1918,0,0,3836,1918,2221044,1110522,959000.0,959000.0,500.0,False,True,3836,1918,0,0,3836,1918,1.220703125e-05,11.721489493057737,-0.5744506207257712,-0.5744506207257712,-0.5744506207257712,False,-0.0004204496176365307,1.220703125e-05,False
trial,579,579,579,872.2629636440256,872.2629636440256,872.2629636440256,872.2629636440256,3836,1918,0,0,3836,1918,2224880,1112440,959000.0,959000.0,500.0,False,True,3836,1918,0,0,3836,1918,6.103515625e-06,11.721489493057737,0.2269734314691263,0.2269734314691263,0.2269734314691263,False,-0.00021732779479464575,6.103515625e-06,True
trial,580,580,579,872.263147408748,872.263147408748,872.2629636440256,872.2629636440256,3836,1918,0,0,3836,1918,2228716,1114358,959000.0,959000.0,500.0,False,True,3836,1918,0,0,3836,1918,1.220703125e-05,13.036843367067387,-0.3839349495220064,-0.3839349495220064,-0.3839349495220064,False,-0.0004786350463270601,1.220703125e-05,False
trial,581,581,581,872.2628861302139,872.2628861302139,872.2628861302139,872.2628861302139,3836,1918,0,0,3836,1918,2232552,1116276,959000.0,959000.0,500.0,False,True,3836,1918,0,0,3836,1918,6.103515625e-06,13.036843367067387,0.31459494084022743,0.31459494084022743,0.31459494084022743,False,-0.00024639242916006166,6.103515625e-06,True
trial,582,582,581,872.2631280860674,872.2631280860674,872.2628861302139,872.2628861302139,3836,1918,0,0,3836,1918,2236388,1118194,959000.0,959000.0,500.0,False,True,3836,1918,0,0,3836,1918,1.220703125e-05,11.700795349986633,-0.5761091228381855,-0.5761091228381855,-0.5761091228381855,False,-0.00041998268007576524,1.220703125e-05,False
trial,583,583,583,872.2628372121303,872.2628372121303,872.2628372121303,872.2628372121303,3836,1918,0,0,3836,1918,2240224,1120112,959000.0,959000.0,500.0,False,True,3836,1918,0,0,3836,1918,6.103515625e-06,11.700795349986633,0.2255546116225075,0.2255546116225075,0.2255546116225075,False,-0.00021687911086936535,6.103515625e-06,True
trial,584,584,583,872.2630211348435,872.2630211348435,872.2628372121303,872.2628372121303,3836,1918,0,0,3836,1918,2244060,1122030,959000.0,959000.0,500.0,False,True,3836,1918,0,0,3836,1918,1.220703125e-05,13.03994797430025,-0.3843322592782087,-0.3843322592782087,-0.3843322592782087,False,-0.00047855132827572845,1.220703125e-05,False
trial,585,585,585,872.2627596459838,872.2627596459838,872.2627596459838,872.2627596459838,3836,1918,0,0,3836,1918,2247896,1123948,959000.0,959000.0,500.0,False,True,3836,1918,0,0,3836,1918,6.103515625e-06,13.03994797430025,0.3148326426932899,0.3148326426932899,0.3148326426932899,False,-0.00024637263098828334,6.103515625e-06,True
trial,586,586,585,872.2630028130889,872.2630028130889,872.2627596459838,872.2627596459838,3836,1918,0,0,3836,1918,2251732,1125866,959000.0,959000.0,500.0,False,True,3836,1918,0,0,3836,1918,1.220703125e-05,11.675744486327082,-0.5806576748416922,-0.5806576748416922,-0.5806576748416922,False,-0.00041877876688833855,1.220703125e-05,False
trial,587,587,587,872.2627112431558,872.2627112431558,872.2627112431558,872.2627112431558,3836,1918,0,0,3836,1918,2255568,1127784,959000.0,959000.0,500.0,False,True,3836,1918,0,0,3836,1918,6.103515625e-06,11.675744486327082,0.22370051632092086,0.22370051632092086,0.22370051632092086,False,-0.00021637334074404933,6.103515625e-06,True
trial,588,588,587,872.2628949817088,872.2628949817088,872.2627112431558,872.2627112431558,3836,1918,0,0,3836,1918,2259404,1129702,959000.0,959000.0,500.0,False,True,3836,1918,0,0,3836,1918,1.220703125e-05,13.079643846297909,-0.3839092538969237,-0.3839092538969237,-0.3839092538969237,False,-0.0004785989166454783,1.220703125e-05,False
trial,589,589,589,872.26263376627,872.26263376627,872.26263376627,872.26263376627,3836,1918,0,0,3836,1918,2263240,1131620,959000.0,959000.0,500.0,False,True,3836,1918,0,0,3836,1918,6.103515625e-06,13.079643846297909,0.31458815876890706,0.31458815876890706,0.31458815876890706,False,-0.0002462803623589782,6.103515625e-06,True
trial,590,590,589,872.2628774273812,872.2628774273812,872.26263376627,872.26263376627,3836,1918,0,0,3836,1918,2267076,1133538,959000.0,959000.0,500.0,False,True,3836,1918,0,0,3836,1918,1.220703125e-05,11.689455947885996,-0.5827132695219808,-0.5827132695219808,-0.5827132695219808,False,-0.00041814924070421967,1.220703125e-05,False
trial,591,591,591,872.2625857508115,872.2625857508115,872.2625857508115,872.2625857508115,3836,1918,0,0,3836,1918,2270912,1135456,959000.0,959000.0,500.0,False,True,3836,1918,0,0,3836,1918,6.103515625e-06,11.689455947885996,0.22236207081368906,0.22236207081368906,0.22236207081368906,False,-0.0002159336724314305,6.103515625e-06,True
trial,592,592,591,872.262769536721,872.262769536721,872.2625857508115,872.2625857508115,3836,1918,0,0,3836,1918,2274748,1137374,959000.0,959000.0,500.0,False,True,3836,1918,0,0,3836,1918,1.220703125e-05,13.065374410208877,-0.383969451648261,-0.383969451648261,-0.383969451648261,False,-0.0004786472171052479,1.220703125e-05,False
trial,593,593,593,872.2625084076333,872.2625084076333,872.2625084076333,872.2625084076333,3836,1918,0,0,3836,1918,2278584,1139292,959000.0,959000.0,500.0,False,True,3836,1918,0,0,3836,1918,6.103515625e-06,13.065374410208877,0.31420278287053505,0.31420278287053505,0.31420278287053505,False,-0.00024615688468528665,6.103515625e-06,True
trial,594,594,593,872.2627532677137,872.2627532677137,872.2625084076333,872.2625084076333,3836,1918,0,0,3836,1918,2282420,1141210,959000.0,959000.0,500.0,False,True,3836,1918,0,0,3836,1918,1.220703125e-05,11.729211647475937,-0.5872924160657903,-0.5872924160657903,-0.5872924160657903,False,-0.0004169304314928306,1.220703125e-05,False
trial,595,595,595,872.2624610148353,872.2624610148353,872.2624610148353,872.2624610148353,3836,1918,0,0,3836,1918,2286256,1143128,959000.0,959000.0,500.0,False,True,3836,1918,0,0,3836,1918,6.103515625e-06,11.729211647475937,0.22008108293594156,0.22008108293594156,0.22008108293594156,False,-0.0002153424428467923,6.103515625e-06,True
trial,596,596,595,872.2626448096457,872.2626448096457,872.2624610148353,872.2624610148353,3836,1918,0,0,3836,1918,2290092,1145046,959000.0,959000.0,500.0,False,True,3836,1918,0,0,3836,1918,1.220703125e-05,13.099613963980227,-0.38388633418660323,-0.38388633418660323,-0.38388633418660323,False,-0.0004787740383402134,1.220703125e-05,False
trial,597,597,597,872.2623835420852,872.2623835420852,872.2623835420852,872.2623835420852,3836,1918,0,0,3836,1918,2293928,1146964,959000.0,959000.0,500.0,False,True,3836,1918,0,0,3836,1918,6.103515625e-06,13.099613963980227,0.31452408509352286,0.31452408509352286,0.31452408509352286,False,-0.0002463173846054786,6.103515625e-06,True
trial,598,598,597,872.2626290958262,872.2626290958262,872.2623835420852,872.2623835420852,3836,1918,0,0,3836,1918,2297764,1148882,959000.0,959000.0,500.0,False,True,3836,1918,0,0,3836,1918,1.220703125e-05,11.670765210674386,-0.5899506710349723,-0.5899506710349723,-0.5899506710349723,False,-0.0004162275815254382,1.220703125e-05,False
trial,599,599,599,872.2623363459381,872.2623363459381,872.2623363459381,872.2623363459381,3836,1918,0,0,3836,1918,2301600,1150800,959000.0,959000.0,500.0,False,True,3836,1918,0,0,3836,1918,6.103515625e-06,11.670765210674386,0.21931501163842426,0.21931501163842426,0.21931501163842426,False,-0.00021519797813560602,6.103515625e-06,True
