sequence_index,iteration,nf,incumbent_index,incumbent_full_objective,mean_gate_entanglement_infidelity_to_truth,mean_gate_average_infidelity_to_truth,mean_spam_vector_l2_error_to_truth,mean_spam_tracedist_to_truth,mean_gate_eigenvalue_nonunitarity_excess_to_truth,mean_gate_eigenvalue_diamondnorm_to_truth,mean_gate_eigenvalue_nonunitary_diamondnorm_to_truth,mean_gate_diamond_distance_to_truth
0,0,0,0,104090.80457630666,0.002273422622213639,0.0015156150814757592,0.0069771033542395085,0.004937894532976495,-0.003850330725303386,0.008134373632380808,0.004513942584111835,0.015113464757287321
1,1,1,1,16148.468763616958,0.006964762426666105,0.004643174951110736,0.006719866290235639,0.005078946640133245,0.0130862293791673,0.01816454601593764,0.016410863626676556,0.034608774282127455
2,2,2,1,16148.468763616958,0.006964762426666105,0.004643174951110736,0.006719866290235639,0.005078946640133245,0.0130862293791673,0.01816454601593764,0.016410863626676556,0.034608774282127455
3,3,3,1,16148.468763616958,0.006964762426666105,0.004643174951110736,0.006719866290235639,0.005078946640133245,0.0130862293791673,0.01816454601593764,0.016410863626676556,0.034608774282127455
4,4,4,4,7705.9811547501695,0.003719842261387718,0.0024798948409251453,0.020450710004474293,0.015560268744664013,0.005850177304438653,0.011915978994609371,0.007856592451529913,0.023881560835024712
5,5,5,4,7705.9811547501695,0.003719842261387718,0.0024798948409251453,0.020450710004474293,0.015560268744664013,0.005850177304438653,0.011915978994609371,0.007856592451529913,0.023881560835024712
6,6,6,6,6769.3225466704625,0.0022858157206174234,0.0015238771470782821,0.005091076666141263,0.0034076677119280127,0.00572403897175576,0.00870106406464867,0.007614173670686598,0.017152346954535803
7,7,7,7,2456.4078311640455,0.0013086573736894036,0.0008724382491262691,0.003880979735113346,0.0027860996866565747,0.0019694735330555643,0.0049954673533802426,0.002890410278028041,0.009665707114977546
8,8,8,7,2456.4078311640455,0.0013086573736894036,0.0008724382491262691,0.003880979735113346,0.0027860996866565747,0.0019694735330555643,0.0049954673533802426,0.002890410278028041,0.009665707114977546
9,9,9,9,1301.070863115417,0.0006356825324841386,0.0004237883549894258,0.0035192128625049887,0.002299076938974396,0.0008493561072493508,0.001694331571520605,0.0012995710301674929,0.0038795624695634164
10,10,10,9,1301.070863115417,0.0006356825324841386,0.0004237883549894258,0.0035192128625049887,0.002299076938974396,0.0008493561072493508,0.001694331571520605,0.0012995710301674929,0.0038795624695634164
11,11,11,11,1176.109836542861,0.00032658022515461016,0.00021772015010307344,0.003148248005222403,0.0019208112606504072,0.00037578182381762387,0.0006227358399867594,0.0005243353319596689,0.002329725687430107
12,12,12,11,1176.109836542861,0.00032658022515461016,0.00021772015010307344,0.003148248005222403,0.0019208112606504072,0.00037578182381762387,0.0006227358399867594,0.0005243353319596689,0.002329725687430107
13,13,13,11,1176.109836542861,0.00032658022515461016,0.00021772015010307344,0.003148248005222403,0.0019208112606504072,0.00037578182381762387,0.0006227358399867594,0.0005243353319596689,0.002329725687430107
14,14,14,14,980.1798967720896,0.00021125059903565058,0.0001408337326904337,0.0031131359996575104,0.001961305718112848,0.00019394377510481564,0.00034733448378781995,0.00029961229821127283,0.0017244502015068418
15,15,15,14,980.1798967720896,0.00021125059903565058,0.0001408337326904337,0.0031131359996575104,0.001961305718112848,0.00019394377510481564,0.00034733448378781995,0.00029961229821127283,0.0017244502015068418
16,16,16,16,960.780426027329,0.00015015872894361126,0.00010010581929574085,0.002846502204072224,0.001660074377907471,0.00026412619044922925,0.00044507058001085173,0.00037994905613471935,0.001792843594759883
17,17,17,16,960.780426027329,0.00015015872894361126,0.00010010581929574085,0.002846502204072224,0.001660074377907471,0.00026412619044922925,0.00044507058001085173,0.00037994905613471935,0.001792843594759883
18,18,18,16,960.780426027329,0.00015015872894361126,0.00010010581929574085,0.002846502204072224,0.001660074377907471,0.00026412619044922925,0.00044507058001085173,0.00037994905613471935,0.001792843594759883
19,19,19,19,897.9075584189618,0.00011288714342894135,7.525809561929422e-05,0.0027976637438734057,0.0016335911767220413,0.0001311884825835538,0.00029741770280624,0.00019332190400844773,0.0016334404320177457
20,20,20,19,897.9075584189618,0.00011288714342894135,7.525809561929422e-05,0.0027976637438734057,0.0016335911767220413,0.0001311884825835538,0.00029741770280624,0.00019332190400844773,0.0016334404320177457
21,21,21,19,912.4234583936496,0.00011288714342894135,7.525809561929422e-05,0.0027976637438734057,0.0016335911767220413,0.0001311884825835538,0.00029741770280624,0.00019332190400844773,0.0016334404320177457
22,22,22,22,890.9129489745623,9.34412194802392e-05,6.229414632015948e-05,0.00283613334834648,0.0016429623563237019,8.988937012308074e-05,0.00028559565310774327,0.00015297199252117116,0.0016084068229594516
23,23,23,22,890.9129489745623,9.34412194802392e-05,6.229414632015948e-05,0.00283613334834648,0.0016429623563237019,8.988937012308074e-05,0.00028559565310774327,0.00015297199252117116,0.0016084068229594516
24,24,24,22,890.9129489745623,9.34412194802392e-05,6.229414632015948e-05,0.00283613334834648,0.0016429623563237019,8.988937012308074e-05,0.00028559565310774327,0.00015297199252117116,0.0016084068229594516
25,25,25,25,887.0129177832426,8.729430794315873e-05,5.819620529543915e-05,0.0027647522289851977,0.0015732122544865534,6.114702125599447e-05,0.0002702748213131872,0.00013477960362785757,0.0015895892190137255
26,26,26,25,886.4330979313131,8.729430794315873e-05,5.819620529543915e-05,0.0027647522289851977,0.0015732122544865534,6.114702125599447e-05,0.0002702748213131872,0.00013477960362785757,0.0015895892190137255
27,27,27,27,884.4854410290736,7.58856242303041e-05,5.0590416153536065e-05,0.002871371815117471,0.001667031564795064,5.280394561620744e-05,0.0002584720070597449,0.0001299216469872952,0.0014737092975109212
28,28,28,27,884.4854410290736,7.58856242303041e-05,5.0590416153536065e-05,0.002871371815117471,0.001667031564795064,5.280394561620744e-05,0.0002584720070597449,0.0001299216469872952,0.0014737092975109212
29,29,29,29,884.1386051643779,7.383313638262279e-05,4.922209092174853e-05,0.002894361925014813,0.0016816204172259226,4.774213805396055e-05,0.000260975764075858,0.00012695811897617953,0.001474248346031996
30,30,30,29,884.1386051643779,7.383313638262279e-05,4.922209092174853e-05,0.002894361925014813,0.0016816204172259226,4.774213805396055e-05,0.000260975764075858,0.00012695811897617953,0.001474248346031996
31,31,31,31,882.4704946453322,7.696810425356082e-05,5.131206950237388e-05,0.0028063858511624316,0.0016359979239561027,4.340659703709615e-05,0.00021433733776872287,0.00011783988900138098,0.0014950259340792995
32,32,32,31,882.4704946453322,7.696810425356082e-05,5.131206950237388e-05,0.0028063858511624316,0.0016359979239561027,4.340659703709615e-05,0.00021433733776872287,0.00011783988900138098,0.0014950259340792995
33,33,33,31,882.4704946453322,7.696810425356082e-05,5.131206950237388e-05,0.0028063858511624316,0.0016359979239561027,4.340659703709615e-05,0.00021433733776872287,0.00011783988900138098,0.0014950259340792995
34,34,34,34,881.8500259020221,7.696731942444246e-05,5.131154628296164e-05,0.0027925665695789814,0.0016221208182664309,4.349449089922214e-05,0.00021266656349127236,0.00011731110989086219,0.001496734737966425
35,35,35,34,881.8500259020221,7.696731942444246e-05,5.131154628296164e-05,0.0027925665695789814,0.0016221208182664309,4.349449089922214e-05,0.00021266656349127236,0.00011731110989086219,0.001496734737966425
36,36,36,36,884.406886907246,8.192827482941811e-05,5.461884988627874e-05,0.0028240611564551,0.0016767770654227175,5.391533376080532e-05,0.00026279547341402507,0.00014755891345299976,0.0015260787355863995
37,37,37,36,884.406886907246,8.192827482941811e-05,5.461884988627874e-05,0.0028240611564551,0.0016767770654227175,5.391533376080532e-05,0.00026279547341402507,0.00014755891345299976,0.0015260787355863995
38,38,38,38,884.2830245196094,8.779199224118184e-05,5.8527994827454556e-05,0.0028289871320219748,0.001684038121160184,5.230795901670776e-05,0.0002609939927376125,0.0001449417363275432,0.0015557997159589701
39,39,39,38,884.2830245196094,8.779199224118184e-05,5.8527994827454556e-05,0.0028289871320219748,0.001684038121160184,5.230795901670776e-05,0.0002609939927376125,0.0001449417363275432,0.0015557997159589701
40,40,40,40,884.2552151112759,9.208645052496967e-05,6.139096701664644e-05,0.0028227366474695187,0.001681181760798102,5.2823993846137784e-05,0.000260090071684749,0.00014652701169968335,0.0015676553716262305
41,41,41,40,884.5936101517716,9.208645052496967e-05,6.139096701664644e-05,0.0028227366474695187,0.001681181760798102,5.2823993846137784e-05,0.000260090071684749,0.00014652701169968335,0.0015676553716262305
42,42,42,42,883.9420464863317,8.988615572666503e-05,5.9924103817776686e-05,0.0027164648039788904,0.0015726721543649971,5.805295798779614e-05,0.0002769728925477242,0.00014270336100199316,0.0016137820083090705
43,43,43,42,883.9420464863317,8.988615572666503e-05,5.9924103817776686e-05,0.0027164648039788904,0.0015726721543649971,5.805295798779614e-05,0.0002769728925477242,0.00014270336100199316,0.0016137820083090705
44,44,44,44,883.8121515618918,9.11531754649586e-05,6.0768783643305735e-05,0.0026895504743953153,0.0015531497784788786,5.9837450492143673e-05,0.00027634586255118987,0.00014470047285480153,0.0016097364782686884
45,45,45,44,883.8121515618918,9.11531754649586e-05,6.0768783643305735e-05,0.0026895504743953153,0.0015531497784788786,5.9837450492143673e-05,0.00027634586255118987,0.00014470047285480153,0.0016097364782686884
46,46,46,46,884.4942388797996,7.718172417561786e-05,5.145448278374524e-05,0.002815426345838984,0.0016268009399052893,4.883563947968156e-05,0.00024173728777157028,0.00011817738741707468,0.0014966968306348184
47,47,47,46,884.4942388797996,7.718172417561786e-05,5.145448278374524e-05,0.002815426345838984,0.0016268009399052893,4.883563947968156e-05,0.00024173728777157028,0.00011817738741707468,0.0014966968306348184
48,48,48,48,884.3640506773844,6.909360641535467e-05,4.606240427690311e-05,0.002815719550990146,0.0016267186152874834,5.0260832206640293e-05,0.00024180900103190216,0.00012006153876066572,0.0014528502296161938
49,49,49,48,884.3640506773844,6.909360641535467e-05,4.606240427690311e-05,0.002815719550990146,0.0016267186152874834,5.0260832206640293e-05,0.00024180900103190216,0.00012006153876066572,0.0014528502296161938
50,50,50,50,884.3140829023838,6.269781162313026e-05,4.1798541082086846e-05,0.002830610776130404,0.0016413707783659685,4.7148071151185966e-05,0.0002402571976264501,0.00011725927061596864,0.0014196237405669672
51,51,51,50,888.964281122474,6.269781162313026e-05,4.1798541082086846e-05,0.002830610776130404,0.0016413707783659685,4.7148071151185966e-05,0.0002402571976264501,0.00011725927061596864,0.0014196237405669672
52,52,52,52,888.2881003969139,5.58396244824122e-05,3.722641632160813e-05,0.0028658446332937844,0.0016403377058601973,4.5246743934121425e-05,0.0002105704052741677,0.00010878050572590836,0.0013544146027692277
53,53,53,52,888.2881003969139,5.58396244824122e-05,3.722641632160813e-05,0.0028658446332937844,0.0016403377058601973,4.5246743934121425e-05,0.0002105704052741677,0.00010878050572590836,0.0013544146027692277
54,54,54,54,888.049737238134,5.082543126364025e-05,3.388362084242683e-05,0.002871328621780691,0.0016484378277047524,4.112275782126862e-05,0.00020875195523135763,0.00010399698071162505,0.0013313677705670116
55,55,55,54,888.049737238134,5.082543126364025e-05,3.388362084242683e-05,0.002871328621780691,0.0016484378277047524,4.112275782126862e-05,0.00020875195523135763,0.00010399698071162505,0.0013313677705670116
56,56,56,56,890.3096108720301,5.0553914344608764e-05,3.3702609563072514e-05,0.0031575446170463892,0.0018122187137320604,4.730608307895734e-05,0.00021096376479319716,0.00010374222370236608,0.0012739135584214209
57,57,57,56,890.3096108720301,5.0553914344608764e-05,3.3702609563072514e-05,0.0031575446170463892,0.0018122187137320604,4.730608307895734e-05,0.00021096376479319716,0.00010374222370236608,0.0012739135584214209
58,58,58,58,889.8615669660372,4.867538706709862e-05,3.245025804473241e-05,0.003185769247328921,0.0018347555856261517,4.370213143136542e-05,0.00021065932202887278,0.00010122705350685407,0.0012689890236094138
59,59,59,58,889.8615669660372,4.867538706709862e-05,3.245025804473241e-05,0.003185769247328921,0.0018347555856261517,4.370213143136542e-05,0.00021065932202887278,0.00010122705350685407,0.0012689890236094138
60,60,60,58,889.8615669660372,4.867538706709862e-05,3.245025804473241e-05,0.003185769247328921,0.0018347555856261517,4.370213143136542e-05,0.00021065932202887278,0.00010122705350685407,0.0012689890236094138
61,61,61,61,890.2547412288434,4.552511689420724e-05,3.0350077929471492e-05,0.003319645749432934,0.0018884042591429352,4.2447945780572927e-05,0.00022624500149854765,0.00010209848028434193,0.001206802169518478
62,62,62,61,890.2547412288434,4.552511689420724e-05,3.0350077929471492e-05,0.003319645749432934,0.0018884042591429352,4.2447945780572927e-05,0.00022624500149854765,0.00010209848028434193,0.001206802169518478
63,63,63,63,890.1132023958585,4.38734512387684e-05,2.9248967492512268e-05,0.0033217724480104024,0.0018887968840722393,4.415397751995204e-05,0.0002261952904490542,9.982270578536706e-05,0.001194882808196497
64,64,64,63,890.1132023958585,4.38734512387684e-05,2.9248967492512268e-05,0.0033217724480104024,0.0018887968840722393,4.415397751995204e-05,0.0002261952904490542,9.982270578536706e-05,0.001194882808196497
65,65,65,65,890.0984952155827,4.3849245694477235e-05,2.9232830462984825e-05,0.003310044125519935,0.001879265110221464,4.3978147295134495e-05,0.0002246653288340155,9.807037845908223e-05,0.0011946106796157608
66,66,66,66,892.6096651818375,4.5271640696176174e-05,3.018109379745078e-05,0.003286704158135432,0.0018996616476069958,3.768481804544699e-05,0.00021104469453017108,7.713814377150602e-05,0.0011386562172880782
67,67,67,66,892.6096651818375,4.5271640696176174e-05,3.018109379745078e-05,0.003286704158135432,0.0018996616476069958,3.768481804544699e-05,0.00021104469453017108,7.713814377150602e-05,0.0011386562172880782
68,68,68,68,892.1428202049244,4.900234873564391e-05,3.266823249042927e-05,0.0032986234024813834,0.0019043269488452361,3.9897663802100636e-05,0.00021153114047844966,7.480084884388394e-05,0.001160176928054361
69,69,69,68,892.1428202049244,4.900234873564391e-05,3.266823249042927e-05,0.0032986234024813834,0.0019043269488452361,3.9897663802100636e-05,0.00021153114047844966,7.480084884388394e-05,0.001160176928054361
70,70,70,68,892.1428202049244,4.900234873564391e-05,3.266823249042927e-05,0.0032986234024813834,0.0019043269488452361,3.9897663802100636e-05,0.00021153114047844966,7.480084884388394e-05,0.001160176928054361
71,71,71,71,887.1654310424913,4.9910987155510345e-05,3.327399143700689e-05,0.0032818816600449796,0.0019471811072898535,3.627483374919055e-05,0.0001993185248491511,7.403488313729306e-05,0.0011393600656088353
72,72,72,71,887.1654310424913,4.9910987155510345e-05,3.327399143700689e-05,0.0032818816600449796,0.0019471811072898535,3.627483374919055e-05,0.0001993185248491511,7.403488313729306e-05,0.0011393600656088353
73,73,73,73,887.1076403255935,5.229842723061817e-05,3.486561815374545e-05,0.0032781391918929267,0.0019434362140102316,3.670649258409597e-05,0.00019898418145347999,7.495676210299979e-05,0.0011497786968326287
74,74,74,73,887.1076403255935,5.229842723061817e-05,3.486561815374545e-05,0.0032781391918929267,0.0019434362140102316,3.670649258409597e-05,0.00019898418145347999,7.495676210299979e-05,0.0011497786968326287
75,75,75,75,887.046038122957,5.4878470849395455e-05,3.6585647232930306e-05,0.0032807397162609143,0.001945588491432956,3.7553817407484646e-05,0.00019896489907711982,7.619808543143924e-05,0.0011591388528119815
76,76,76,76,887.0949824934822,5.41905386513275e-05,3.612702576755167e-05,0.003260978950119616,0.001983467396785333,4.1104221229631976e-05,0.00020916537044364042,8.224229879491562e-05,0.0011546641885134576
77,77,77,76,887.0949824934822,5.41905386513275e-05,3.612702576755167e-05,0.003260978950119616,0.001983467396785333,4.1104221229631976e-05,0.00020916537044364042,8.224229879491562e-05,0.0011546641885134576
78,78,78,78,886.8057819603835,5.574832798047047e-05,3.716555198698031e-05,0.0032523636411438913,0.0019804949937957915,4.06202282396545e-05,0.00021117936439390088,8.65355848413199e-05,0.0011542140975961067
79,79,79,78,886.8057819603835,5.574832798047047e-05,3.716555198698031e-05,0.0032523636411438913,0.0019804949937957915,4.06202282396545e-05,0.00021117936439390088,8.65355848413199e-05,0.0011542140975961067
80,80,80,78,886.8057819603835,5.574832798047047e-05,3.716555198698031e-05,0.0032523636411438913,0.0019804949937957915,4.06202282396545e-05,0.00021117936439390088,8.65355848413199e-05,0.0011542140975961067
81,81,81,81,882.9044128962594,5.795903372646238e-05,3.863935581764159e-05,0.003182699867319556,0.0019379535522185067,4.142561771162262e-05,0.00017658799073401574,9.957634226632345e-05,0.001148950661219835
82,82,82,81,882.9044128962594,5.795903372646238e-05,3.863935581764159e-05,0.003182699867319556,0.0019379535522185067,4.142561771162262e-05,0.00017658799073401574,9.957634226632345e-05,0.001148950661219835
83,83,83,83,882.8184806684135,6.189586765414923e-05,4.1263911769432816e-05,0.00318163430225812,0.0019326541904260235,4.300908579733809e-05,0.0001777442768849201,0.00010106008136917533,0.001166305591567071
84,84,84,83,882.8184806684135,6.189586765414923e-05,4.1263911769432816e-05,0.00318163430225812,0.0019326541904260235,4.300908579733809e-05,0.0001777442768849201,0.00010106008136917533,0.001166305591567071
85,85,85,85,882.7754629040708,6.517628342633808e-05,4.3450855617558716e-05,0.0031879972904074985,0.0019356532087053853,4.2718882129512414e-05,0.00017724873470261311,0.00010207931075981169,0.0011790562329399403
86,86,86,86,880.2975169784413,7.50735388918844e-05,5.004902592792293e-05,0.0030789455847636976,0.0018600489511027267,4.539528602493653e-05,0.0001858798011483643,0.00011459680684218487,0.0011937125705899754
87,87,87,86,880.2975169784413,7.50735388918844e-05,5.004902592792293e-05,0.0030789455847636976,0.0018600489511027267,4.539528602493653e-05,0.0001858798011483643,0.00011459680684218487,0.0011937125705899754
88,88,88,88,880.0903588516308,8.119975823528414e-05,5.413317215685609e-05,0.0030886866296194037,0.0018670869100089397,4.3253693066569454e-05,0.00018764670300239677,0.00011648499622049502,0.00121717085992711
89,89,89,88,880.0903588516308,8.119975823528414e-05,5.413317215685609e-05,0.0030886866296194037,0.0018670869100089397,4.3253693066569454e-05,0.00018764670300239677,0.00011648499622049502,0.00121717085992711
90,90,90,88,880.0903588516308,8.119975823528414e-05,5.413317215685609e-05,0.0030886866296194037,0.0018670869100089397,4.3253693066569454e-05,0.00018764670300239677,0.00011648499622049502,0.00121717085992711
91,91,91,91,880.3180834568764,8.46335374863616e-05,5.642235832424107e-05,0.0029896306908312104,0.0018004987141614383,3.9349310811960525e-05,0.0001772736214232608,0.00011008287076522127,0.0011909300355879588
92,92,92,91,880.3180834568764,8.46335374863616e-05,5.642235832424107e-05,0.0029896306908312104,0.0018004987141614383,3.9349310811960525e-05,0.0001772736214232608,0.00011008287076522127,0.0011909300355879588
93,93,93,93,880.2252870433458,8.872615091506941e-05,5.915076727671295e-05,0.0029893348818744534,0.0018002476624306286,4.1144589268668486e-05,0.00017725985603342525,0.00011019728095302411,0.0012112313943300243
94,94,94,93,880.2252870433458,8.872615091506941e-05,5.915076727671295e-05,0.0029893348818744534,0.0018002476624306286,4.1144589268668486e-05,0.00017725985603342525,0.00011019728095302411,0.0012112313943300243
95,95,95,95,880.1568512033955,9.212039437433983e-05,6.141359624955989e-05,0.002983998994524327,0.0017964758929641693,4.018339969675405e-05,0.0001769995103818873,0.00011003865010487945,0.0012345693229089212
96,96,96,96,879.7825168648242,0.0001046846597579365,6.978977317195767e-05,0.0028639656633028046,0.0017647084183754185,4.5717926675320486e-05,0.00017701983840259092,0.0001169797911737755,0.0012930290941028035
97,97,97,96,879.7825168648242,0.0001046846597579365,6.978977317195767e-05,0.0028639656633028046,0.0017647084183754185,4.5717926675320486e-05,0.00017701983840259092,0.0001169797911737755,0.0012930290941028035
98,98,98,98,879.342186011582,0.00011182696849379448,7.455131232919632e-05,0.0028721343988459933,0.001771340637348554,4.385614051291564e-05,0.00017878971172280162,0.00011722533836510535,0.0013423469585529444
99,99,99,98,879.342186011582,0.00011182696849379448,7.455131232919632e-05,0.0028721343988459933,0.001771340637348554,4.385614051291564e-05,0.00017878971172280162,0.00011722533836510535,0.0013423469585529444
100,100,100,98,879.342186011582,0.00011182696849379448,7.455131232919632e-05,0.0028721343988459933,0.001771340637348554,4.385614051291564e-05,0.00017878971172280162,0.00011722533836510535,0.0013423469585529444
101,101,101,101,881.3206267311903,0.00011359447482833795,7.572964988555864e-05,0.0029234845691681424,0.0018097495331793802,3.7665022169300344e-05,0.00016583665218028383,0.00011790402703930336,0.0013260077303056043
102,102,102,101,881.3206267311903,0.00011359447482833795,7.572964988555864e-05,0.0029234845691681424,0.0018097495331793802,3.7665022169300344e-05,0.00016583665218028383,0.00011790402703930336,0.0013260077303056043
103,103,103,103,881.1996853701398,0.00011709403938972573,7.806269292648382e-05,0.0029281027170752773,0.0018138684219789977,3.9823392859121565e-05,0.0001678913393913591,0.00012012515796538253,0.0013458809619909203
104,104,104,103,881.1996853701398,0.00011709403938972573,7.806269292648382e-05,0.0029281027170752773,0.0018138684219789977,3.9823392859121565e-05,0.0001678913393913591,0.00012012515796538253,0.0013458809619909203
105,105,105,105,881.1783137562053,0.0001205133866730157,8.034225778201047e-05,0.0029235043930213784,0.0018085119171655593,4.080950270754502e-05,0.00016866628584600186,0.00012106186611311742,0.0013604622766935665
106,106,106,106,881.8565945418889,0.0001264323802642464,8.428825350949762e-05,0.002916455201998477,0.0018109913209907293,4.122463046881547e-05,0.00018342516964100076,0.0001331883168984513,0.0013849327535516084
107,107,107,106,881.8565945418889,0.0001264323802642464,8.428825350949762e-05,0.002916455201998477,0.0018109913209907293,4.122463046881547e-05,0.00018342516964100076,0.0001331883168984513,0.0013849327535516084
108,108,108,108,881.6438857780877,0.00013001475548385377,8.667650365590251e-05,0.0028966438586348815,0.001798450034216018,3.950791633017953e-05,0.00018458677322323944,0.00013363508613820074,0.001385506315443116
109,109,109,108,881.6438857780877,0.00013001475548385377,8.667650365590251e-05,0.0028966438586348815,0.001798450034216018,3.950791633017953e-05,0.00018458677322323944,0.00013363508613820074,0.001385506315443116
110,110,110,108,881.6438857780877,0.00013001475548385377,8.667650365590251e-05,0.0028966438586348815,0.001798450034216018,3.950791633017953e-05,0.00018458677322323944,0.00013363508613820074,0.001385506315443116
111,111,111,111,883.1619928208764,0.00012391543386788828,8.261028924525886e-05,0.003065624004630859,0.001912426281504821,3.39285964867167e-05,0.00019625111804849065,0.00013761963869911992,0.0014127686230912665
112,112,112,111,883.1619928208764,0.00012391543386788828,8.261028924525886e-05,0.003065624004630859,0.001912426281504821,3.39285964867167e-05,0.00019625111804849065,0.00013761963869911992,0.0014127686230912665
113,113,113,113,883.0365260025786,0.00011941025013348372,7.960683342232247e-05,0.0030276995468541076,0.0018830535219399435,3.113026888037357e-05,0.00019274018315262948,0.00013352099809489648,0.0013953327374414898
114,114,114,113,883.0365260025786,0.00011941025013348372,7.960683342232247e-05,0.0030276995468541076,0.0018830535219399435,3.113026888037357e-05,0.00019274018315262948,0.00013352099809489648,0.0013953327374414898
115,115,115,115,882.9628610630934,0.00011520645819312891,7.680430546208594e-05,0.003016153265641402,0.001873995320968776,2.9552133339501296e-05,0.0001900797453012574,0.00013041301093232732,0.0013793956721230025
116,116,116,116,884.8286360064537,0.00011697623924955547,7.798415949970364e-05,0.0032201735861609043,0.0019788450571867674,3.0153360623251524e-05,0.00019208718384432368,0.00014090570899161908,0.0013531409922126671
117,117,117,116,884.8286360064537,0.00011697623924955547,7.798415949970364e-05,0.0032201735861609043,0.0019788450571867674,3.0153360623251524e-05,0.00019208718384432368,0.00014090570899161908,0.0013531409922126671
118,118,118,118,884.5551699499705,0.00012060748738532134,8.040499159021422e-05,0.0032588534614500144,0.002008851139536986,2.7267213914293487e-05,0.00019130509224881605,0.00013873748631307303,0.001352507303582994
119,119,119,118,884.5551699499705,0.00012060748738532134,8.040499159021422e-05,0.0032588534614500144,0.002008851139536986,2.7267213914293487e-05,0.00019130509224881605,0.00013873748631307303,0.001352507303582994
120,120,120,118,884.5551699499705,0.00012060748738532134,8.040499159021422e-05,0.0032588534614500144,0.002008851139536986,2.7267213914293487e-05,0.00019130509224881605,0.00013873748631307303,0.001352507303582994
121,121,121,121,875.0065152764495,0.00012153639417289419,8.102426278192945e-05,0.003327503503303242,0.002042165526291209,2.5285087809689966e-05,0.00019580008254252573,0.00013813972340862707,0.0014146433068901424
122,122,122,121,875.0065152764495,0.00012153639417289419,8.102426278192945e-05,0.003327503503303242,0.002042165526291209,2.5285087809689966e-05,0.00019580008254252573,0.00013813972340862707,0.0014146433068901424
123,123,123,123,874.8694229360246,0.00012398880760194908,8.265920506796606e-05,0.003305530957137145,0.0020253561141417124,2.7254661347640707e-05,0.00019542132218046526,0.00013794192032969,0.001419502160642296
124,124,124,123,874.8694229360246,0.00012398880760194908,8.265920506796606e-05,0.003305530957137145,0.0020253561141417124,2.7254661347640707e-05,0.00019542132218046526,0.00013794192032969,0.001419502160642296
125,125,125,125,874.841695146422,0.0001243987505347155,8.2932500356477e-05,0.0032854855464725303,0.0020134581315353946,2.5027030871038747e-05,0.00019209730040846963,0.00013374877671049057,0.0014229862138812515
126,126,126,126,872.2183327417994,0.00013088395042953893,8.725596695302595e-05,0.003238916522808477,0.0019840968881195465,2.5877383881357796e-05,0.00018479467449713995,0.0001359103642647741,0.0014065626445427199
127,127,127,126,872.2183327417994,0.00013088395042953893,8.725596695302595e-05,0.003238916522808477,0.0019840968881195465,2.5877383881357796e-05,0.00018479467449713995,0.0001359103642647741,0.0014065626445427199
128,128,128,128,871.9759683367711,0.00013658643206795884,9.105762137863924e-05,0.0032363424985770405,0.0019808643108677223,2.2642515894233384e-05,0.00018174683198687478,0.00013197160758841864,0.0014208539879014596
129,129,129,128,871.9759683367711,0.00013658643206795884,9.105762137863924e-05,0.0032363424985770405,0.0019808643108677223,2.2642515894233384e-05,0.00018174683198687478,0.00013197160758841864,0.0014208539879014596
130,130,130,128,871.9759683367711,0.00013658643206795884,9.105762137863924e-05,0.0032363424985770405,0.0019808643108677223,2.2642515894233384e-05,0.00018174683198687478,0.00013197160758841864,0.0014208539879014596
131,131,131,131,871.2322185080486,0.00012973718087483377,8.649145391655585e-05,0.0032204369931617106,0.0019771470984242057,1.8872817857278068e-05,0.00016598112768589728,0.00012367479174803936,0.0013518932977872626
132,132,132,131,871.2322185080486,0.00012973718087483377,8.649145391655585e-05,0.0032204369931617106,0.0019771470984242057,1.8872817857278068e-05,0.00016598112768589728,0.00012367479174803936,0.0013518932977872626
133,133,133,133,871.1451483798844,0.00012198799862173093,8.132533241448728e-05,0.0032209795522644817,0.0019734451534831154,1.8271002548940485e-05,0.00016302740663177594,0.00012002557344949899,0.0013274656526230928
134,134,134,133,871.1451483798844,0.00012198799862173093,8.132533241448728e-05,0.0032209795522644817,0.0019734451534831154,1.8271002548940485e-05,0.00016302740663177594,0.00012002557344949899,0.0013274656526230928
135,135,135,135,871.0941604949231,0.00011509685906019307,7.673123937346205e-05,0.0032168752131956947,0.0019726482944617124,1.690949404302422e-05,0.00016156401743862934,0.00011837313923628717,0.001306523701209672
136,136,136,135,872.9905613763623,0.00011509685906019307,7.673123937346205e-05,0.0032168752131956947,0.0019726482944617124,1.690949404302422e-05,0.00016156401743862934,0.00011837313923628717,0.001306523701209672
137,137,137,137,872.7215785899814,0.00010974295631530073,7.316197087686716e-05,0.0033274110266264603,0.0020493074423424415,1.7704533603106476e-05,0.00016263885544435012,0.00011815729003962494,0.0013038867112630174
138,138,138,137,872.7215785899814,0.00010974295631530073,7.316197087686716e-05,0.0033274110266264603,0.0020493074423424415,1.7704533603106476e-05,0.00016263885544435012,0.00011815729003962494,0.0013038867112630174
139,139,139,139,872.6744321806317,0.00010406155882577983,6.93743725505199e-05,0.003330999234118589,0.0020559205395483987,1.588546523723089e-05,0.00016029005904415541,0.00011503248652141446,0.0012834205199435513
140,140,140,139,872.6744321806317,0.00010406155882577983,6.93743725505199e-05,0.003330999234118589,0.0020559205395483987,1.588546523723089e-05,0.00016029005904415541,0.00011503248652141446,0.0012834205199435513
141,141,141,141,874.8064925996592,0.0001035425348572816,6.902835657152107e-05,0.0036571059199826963,0.002248653344784828,1.590341027091907e-05,0.0001950360963443708,0.00011728560365451002,0.0014450792521189214
142,142,142,141,874.8064925996592,0.0001035425348572816,6.902835657152107e-05,0.0036571059199826963,0.002248653344784828,1.590341027091907e-05,0.0001950360963443708,0.00011728560365451002,0.0014450792521189214
143,143,143,143,874.7177670006288,0.00010358795671969179,6.905863781312786e-05,0.0036501240529336985,0.002245762449390207,1.5798731215974082e-05,0.0001957122674968989,0.00011857523740942122,0.0014371989124498741
144,144,144,143,874.7177670006288,0.00010358795671969179,6.905863781312786e-05,0.0036501240529336985,0.002245762449390207,1.5798731215974082e-05,0.0001957122674968989,0.00011857523740942122,0.0014371989124498741
145,145,145,145,874.6165383743396,0.00010083174849889742,6.722116566593161e-05,0.003649773463345452,0.002243654555915771,1.6622304658521492e-05,0.00019724396979212879,0.0001204862935817938,0.00142556460216764
146,146,146,145,876.3762870692494,0.00010083174849889742,6.722116566593161e-05,0.003649773463345452,0.002243654555915771,1.6622304658521492e-05,0.00019724396979212879,0.0001204862935817938,0.00142556460216764
147,147,147,147,876.0578982696928,9.951034346897258e-05,6.634022897931505e-05,0.003626190080788002,0.00219917954427135,1.8848054212268484e-05,0.0001927990421116924,0.00011671186757167967,0.0014068108979024894
148,148,148,147,876.0578982696928,9.951034346897258e-05,6.634022897931505e-05,0.003626190080788002,0.00219917954427135,1.8848054212268484e-05,0.0001927990421116924,0.00011671186757167967,0.0014068108979024894
149,149,149,149,875.9407220322612,9.711442146898008e-05,6.474294764598673e-05,0.003630975157987813,0.0021984921225194206,1.966280422285166e-05,0.00019408820917421034,0.00011819893066648823,0.0013983818839909336
150,150,150,149,875.9407220322612,9.711442146898008e-05,6.474294764598673e-05,0.003630975157987813,0.0021984921225194206,1.966280422285166e-05,0.00019408820917421034,0.00011819893066648823,0.0013983818839909336
151,151,151,151,875.0055984549613,9.656074446107166e-05,6.437382964071443e-05,0.003714654113130427,0.0022957687779706654,1.6839883412472778e-05,0.00017675621050681378,0.00010725715388276019,0.001309058519567418
152,152,152,151,875.0055984549613,9.656074446107166e-05,6.437382964071443e-05,0.003714654113130427,0.0022957687779706654,1.6839883412472778e-05,0.00017675621050681378,0.00010725715388276019,0.001309058519567418
153,153,153,153,874.8853422763249,9.568130022372112e-05,6.378753348248074e-05,0.0037129973690832505,0.00229837616454134,1.5595166257605098e-05,0.00017459888786040093,0.00010559388730223274,0.001301155732383184
154,154,154,153,874.8853422763249,9.568130022372112e-05,6.378753348248074e-05,0.0037129973690832505,0.00229837616454134,1.5595166257605098e-05,0.00017459888786040093,0.00010559388730223274,0.001301155732383184
155,155,155,155,874.8706123794522,9.680015501903338e-05,6.45334366793556e-05,0.003715546240085975,0.002297637303140059,1.5466596236433927e-05,0.0001741555201862487,0.00010446747109221777,0.0013028959300587747
156,156,156,155,875.535105916453,9.680015501903338e-05,6.45334366793556e-05,0.003715546240085975,0.002297637303140059,1.5466596236433927e-05,0.0001741555201862487,0.00010446747109221777,0.0013028959300587747
157,157,157,157,875.2543492334249,9.681880185172242e-05,6.454586790114829e-05,0.003396705345120522,0.0021376140338094144,1.803729438897006e-05,0.0001748330748007363,0.00010627076866875224,0.0012934942126631968
158,158,158,157,875.2543492334249,9.681880185172242e-05,6.454586790114829e-05,0.003396705345120522,0.0021376140338094144,1.803729438897006e-05,0.0001748330748007363,0.00010627076866875224,0.0012934942126631968
159,159,159,159,875.2197180292881,9.719513443770533e-05,6.479675629180355e-05,0.0033948719650085542,0.002134529071011083,1.826054864178389e-05,0.00017475577695620151,0.00010553540117318877,0.0012929353601337618
160,160,160,159,875.2197180292881,9.719513443770533e-05,6.479675629180355e-05,0.0033948719650085542,0.002134529071011083,1.826054864178389e-05,0.00017475577695620151,0.00010553540117318877,0.0012929353601337618
161,161,161,161,877.4649999706975,9.335898350384952e-05,6.223932233589968e-05,0.003469502111030937,0.002216383579775598,2.050725719236063e-05,0.00015988923091160453,0.00010144406151031682,0.0012587439083834601
162,162,162,161,877.4649999706975,9.335898350384952e-05,6.223932233589968e-05,0.003469502111030937,0.002216383579775598,2.050725719236063e-05,0.00015988923091160453,0.00010144406151031682,0.0012587439083834601
163,163,163,163,877.4038461596494,9.223430548496725e-05,6.148953698997817e-05,0.003488724408254106,0.002228989262143083,2.0755270724197306e-05,0.00015971674496501306,0.00010089900202982921,0.0012615500929877013
164,164,164,163,877.4038461596494,9.223430548496725e-05,6.148953698997817e-05,0.003488724408254106,0.002228989262143083,2.0755270724197306e-05,0.00015971674496501306,0.00010089900202982921,0.0012615500929877013
165,165,165,163,877.4038461596494,9.223430548496725e-05,6.148953698997817e-05,0.003488724408254106,0.002228989262143083,2.0755270724197306e-05,0.00015971674496501306,0.00010089900202982921,0.0012615500929877013
166,166,166,166,878.5515183517973,9.100409557155631e-05,6.06693970477042e-05,0.003166779308584803,0.0020135665833794078,2.728309424090969e-05,0.00010626996993903792,7.931536177193527e-05,0.001085581365614973
167,167,167,167,878.0722413860864,8.729975708610116e-05,5.8199838057400775e-05,0.002836208023021989,0.0018188777726635167,2.441977442193405e-05,9.221672354629016e-05,6.642028132320538e-05,0.0010561399457375878
168,168,168,167,878.0722413860864,8.729975708610116e-05,5.8199838057400775e-05,0.002836208023021989,0.0018188777726635167,2.441977442193405e-05,9.221672354629016e-05,6.642028132320538e-05,0.0010561399457375878
169,169,169,169,877.9757381994982,8.421836792357751e-05,5.614557861571834e-05,0.002820555671205926,0.0018116678856422716,2.1951414124046775e-05,8.889981926681562e-05,6.257250802811642e-05,0.0010389465214421779
170,170,170,169,877.9757381994982,8.421836792357751e-05,5.614557861571834e-05,0.002820555671205926,0.0018116678856422716,2.1951414124046775e-05,8.889981926681562e-05,6.257250802811642e-05,0.0010389465214421779
171,171,171,171,883.7627515882334,8.094227083449423e-05,5.396151388966282e-05,0.002597596419612424,0.0018148135932433032,1.9078740968341e-05,8.429491759822663e-05,5.666179698773227e-05,0.0009960783938787014
172,172,172,171,883.7627515882334,8.094227083449423e-05,5.396151388966282e-05,0.002597596419612424,0.0018148135932433032,1.9078740968341e-05,8.429491759822663e-05,5.666179698773227e-05,0.0009960783938787014
173,173,173,173,883.5889818328315,7.728213284569074e-05,5.152142189712716e-05,0.0025981540121872214,0.0018139617243598026,1.945076235907589e-05,8.411333713994576e-05,5.6240886657850375e-05,0.0009713271354910363
174,174,174,173,883.5889818328315,7.728213284569074e-05,5.152142189712716e-05,0.0025981540121872214,0.0018139617243598026,1.945076235907589e-05,8.411333713994576e-05,5.6240886657850375e-05,0.0009713271354910363
175,175,175,173,883.5889818328315,7.728213284569074e-05,5.152142189712716e-05,0.0025981540121872214,0.0018139617243598026,1.945076235907589e-05,8.411333713994576e-05,5.6240886657850375e-05,0.0009713271354910363
176,176,176,176,879.1878188201036,7.628601385836764e-05,5.085734257224509e-05,0.002298986246387465,0.0016693175492977627,1.6651831755039315e-05,9.505936866751035e-05,6.492216923950633e-05,0.0009951330604644855
177,177,177,177,878.6293237198145,7.38134323973183e-05,4.9208954931545534e-05,0.0022132215161955945,0.0016442710353540327,1.4164703693662906e-05,0.00010134032202887617,6.990549899660303e-05,0.000979955787407714
178,178,178,177,878.6293237198145,7.38134323973183e-05,4.9208954931545534e-05,0.0022132215161955945,0.0016442710353540327,1.4164703693662906e-05,0.00010134032202887617,6.990549899660303e-05,0.000979955787407714
179,179,179,179,878.443468154433,7.08726837489182e-05,4.7248455832612134e-05,0.0022164975143063683,0.0016468498060012602,1.4558204259378094e-05,0.00010080183734779459,6.959980639722335e-05,0.0009582237220273857
180,180,180,179,878.443468154433,7.08726837489182e-05,4.7248455832612134e-05,0.0022164975143063683,0.0016468498060012602,1.4558204259378094e-05,0.00010080183734779459,6.959980639722335e-05,0.0009582237220273857
181,181,181,181,879.7501856797292,6.681969561431189e-05,4.454646374287459e-05,0.0022765333691462312,0.0016532382848525149,1.2318711562028795e-05,0.00010684636015123223,6.469725999115605e-05,0.0009182044657898708
182,182,182,181,879.7501856797292,6.681969561431189e-05,4.454646374287459e-05,0.0022765333691462312,0.0016532382848525149,1.2318711562028795e-05,0.00010684636015123223,6.469725999115605e-05,0.0009182044657898708
183,183,183,183,879.5780698003248,6.381226449489463e-05,4.254150966326309e-05,0.00229120024040695,0.0016592373420946701,1.2868189342492287e-05,0.00010535606481450963,6.353741767702731e-05,0.0008991379901826871
184,184,184,183,879.5780698003248,6.381226449489463e-05,4.254150966326309e-05,0.00229120024040695,0.0016592373420946701,1.2868189342492287e-05,0.00010535606481450963,6.353741767702731e-05,0.0008991379901826871
185,185,185,185,879.364496436446,6.113691197454085e-05,4.075794131636057e-05,0.002275183017883242,0.001647540870564457,1.2242100983980708e-05,0.00010576312716167148,6.402570144940084e-05,0.0008818443222394001
186,186,186,185,879.364496436446,6.113691197454085e-05,4.075794131636057e-05,0.002275183017883242,0.001647540870564457,1.2242100983980708e-05,0.00010576312716167148,6.402570144940084e-05,0.0008818443222394001
187,187,187,187,879.2972261866751,5.8694507761775094e-05,3.91296718411834e-05,0.0022903477287031996,0.0016615913128334259,1.149007942478908e-05,0.00010406867999257238,6.207511650481445e-05,0.0008686060847915202
188,188,188,187,879.2972261866751,5.8694507761775094e-05,3.91296718411834e-05,0.0022903477287031996,0.0016615913128334259,1.149007942478908e-05,0.00010406867999257238,6.207511650481445e-05,0.0008686060847915202
189,189,189,189,879.1282183085978,5.666826957320681e-05,3.777884638213787e-05,0.0022716714448313717,0.0016466067628179135,1.1351606088012833e-05,0.00010442091895630621,6.286073594202746e-05,0.0008563159159393928
190,190,190,189,879.1282183085978,5.666826957320681e-05,3.777884638213787e-05,0.0022716714448313717,0.0016466067628179135,1.1351606088012833e-05,0.00010442091895630621,6.286073594202746e-05,0.0008563159159393928
191,191,191,191,879.0925611055077,5.469183927639398e-05,3.646122618426266e-05,0.002290484645459112,0.0016646880935849472,1.08866969606089e-05,0.00010297023441061701,6.110344048541883e-05,0.0008454737934472786
192,192,192,191,879.0925611055077,5.469183927639398e-05,3.646122618426266e-05,0.002290484645459112,0.0016646880935849472,1.08866969606089e-05,0.00010297023441061701,6.110344048541883e-05,0.0008454737934472786
193,193,193,193,878.9640284403722,5.2603142231238964e-05,3.506876148749265e-05,0.002271656371397672,0.0016487287684636303,1.086332814318608e-05,0.00010351420206151381,6.208250561982182e-05,0.0008333221965425325
194,194,194,193,878.9640284403722,5.2603142231238964e-05,3.506876148749265e-05,0.002271656371397672,0.0016487287684636303,1.086332814318608e-05,0.00010351420206151381,6.208250561982182e-05,0.0008333221965425325
195,195,195,195,878.9549303101484,5.007889995006787e-05,3.3385933300045245e-05,0.002291724246994225,0.001665286300965184,1.0563190050785765e-05,0.00010247068342015425,6.0629302560871734e-05,0.0008216071921685457
196,196,196,196,878.7726690170141,4.880612221005998e-05,3.2537414806706653e-05,0.0022889963143083235,0.0016607195996271402,1.0451541558625932e-05,0.00010288482295462464,6.100683564229381e-05,0.0008154155664061096
197,197,197,196,878.7726690170141,4.880612221005998e-05,3.2537414806706653e-05,0.0022889963143083235,0.0016607195996271402,1.0451541558625932e-05,0.00010288482295462464,6.100683564229381e-05,0.0008154155664061096
198,198,198,198,878.7534852400769,4.7514872148879395e-05,3.167658143258626e-05,0.002288230147183443,0.0016608689927757186,1.0574353796380387e-05,0.00010348488345684543,6.154807411945518e-05,0.0008088477548529203
199,199,199,198,878.7534852400769,4.7514872148879395e-05,3.167658143258626e-05,0.002288230147183443,0.0016608689927757186,1.0574353796380387e-05,0.00010348488345684543,6.154807411945518e-05,0.0008088477548529203
200,200,200,200,878.7170966653409,4.6387043389634064e-05,3.092469559308938e-05,0.002294758400940166,0.0016654411852772028,1.0391188355898806e-05,0.00010292058321712241,6.0885004931836295e-05,0.0008032209481732822
201,201,201,200,878.7170966653409,4.6387043389634064e-05,3.092469559308938e-05,0.002294758400940166,0.0016654411852772028,1.0391188355898806e-05,0.00010292058321712241,6.0885004931836295e-05,0.0008032209481732822
202,202,202,202,878.7033361556947,4.53013132308e-05,3.0200875487199998e-05,0.0022890550880008413,0.0016597976099387744,1.0683423965172911e-05,0.00010350959629377833,6.165127360972106e-05,0.0007972065815325873
203,203,203,202,878.7033361556947,4.53013132308e-05,3.0200875487199998e-05,0.0022890550880008413,0.0016597976099387744,1.0683423965172911e-05,0.00010350959629377833,6.165127360972106e-05,0.0007972065815325873
204,204,204,204,878.6679320579112,4.4143700530990815e-05,2.9429133687327212e-05,0.0022973970204507414,0.0016665158548947942,1.0411032712473456e-05,0.00010296290136008649,6.089500250818641e-05,0.0007913287496640064
205,205,205,204,878.6679320579112,4.4143700530990815e-05,2.9429133687327212e-05,0.0022973970204507414,0.0016665158548947942,1.0411032712473456e-05,0.00010296290136008649,6.089500250818641e-05,0.0007913287496640064
206,206,206,206,878.6572908855396,4.311904178824766e-05,2.874602785883177e-05,0.002291520409227261,0.0016607479221193225,1.0677785972600107e-05,0.00010356389044572666,6.16605750301466e-05,0.0007855525181147465
207,207,207,206,878.6572908855396,4.311904178824766e-05,2.874602785883177e-05,0.002291520409227261,0.0016607479221193225,1.0677785972600107e-05,0.00010356389044572666,6.16605750301466e-05,0.0007855525181147465
208,208,208,208,878.6249621561775,4.2017518762066386e-05,2.8011679174710924e-05,0.0023002296523726286,0.001667654959826531,1.0408833309522025e-05,0.00010302605599000732,6.090995182952974e-05,0.0007798324751373004
209,209,209,208,878.6249621561775,4.2017518762066386e-05,2.8011679174710924e-05,0.0023002296523726286,0.001667654959826531,1.0408833309522025e-05,0.00010302605599000732,6.090995182952974e-05,0.0007798324751373004
210,210,210,210,878.6174497747243,4.1050680651077975e-05,2.7367120434051984e-05,0.0022942508240392906,0.0016617828400953727,1.069086867171165e-05,0.00010364474696371049,6.169668616193974e-05,0.0007742299672493218
211,211,211,210,878.6174497747243,4.1050680651077975e-05,2.7367120434051984e-05,0.0022942508240392906,0.0016617828400953727,1.069086867171165e-05,0.00010364474696371049,6.169668616193974e-05,0.0007742299672493218
212,212,212,212,878.5882677893303,4.000005454382616e-05,2.6666703029217437e-05,0.0023030161000385,0.0016688421471650929,1.0443043596916612e-05,0.00010309703527815902,6.095836100779989e-05,0.0007686321471160724
213,213,213,212,878.5882677893303,4.000005454382616e-05,2.6666703029217437e-05,0.0023030161000385,0.0016688421471650929,1.0443043596916612e-05,0.00010309703527815902,6.095836100779989e-05,0.0007686321471160724
214,214,214,214,878.5837756505543,3.9076259574361005e-05,2.605083971624067e-05,0.0022971591451944177,0.0016630419251469767,1.0721370778427053e-05,0.00010372882339712557,6.174851920879437e-05,0.0007631483853025525
215,215,215,214,878.5837756505543,3.9076259574361005e-05,2.605083971624067e-05,0.0022971591451944177,0.0016630419251469767,1.0721370778427053e-05,0.00010372882339712557,6.174851920879437e-05,0.0007631483853025525
216,216,216,216,878.5577883457346,3.807259317259448e-05,2.5381728781729653e-05,0.0023057123627409962,0.0016698863829331004,1.0461606658650202e-05,0.00010319538239632607,6.1009994110822197e-05,0.0007576771061761566
217,217,217,216,878.5577883457346,3.807259317259448e-05,2.5381728781729653e-05,0.0023057123627409962,0.0016698863829331004,1.0461606658650202e-05,0.00010319538239632607,6.1009994110822197e-05,0.0007576771061761566
218,218,218,218,878.5564699314195,3.7195296279379786e-05,2.4796864186253192e-05,0.002299972714621937,0.0016641934263596624,1.0758198932786511e-05,0.0001038172903286177,6.18091146158406e-05,0.0007523006029675715
219,219,219,219,878.5225855693682,3.6671904012047785e-05,2.4447936008031856e-05,0.0023060867065478907,0.0016688623291911293,1.0582537327899488e-05,0.00010348253936692404,6.134214969642088e-05,0.000749510317395003
220,220,220,219,878.5225855693682,3.6671904012047785e-05,2.4447936008031856e-05,0.0023060867065478907,0.0016688623291911293,1.0582537327899488e-05,0.00010348253936692404,6.134214969642088e-05,0.000749510317395003
221,221,221,221,878.5131149896554,3.604134748017018e-05,2.402756498678012e-05,0.0023121613407731862,0.001673608504641193,1.0391880261660658e-05,0.00010319383241127301,6.0842375956049466e-05,0.0007460957942543418
222,222,222,221,878.5131149896554,3.604134748017018e-05,2.402756498678012e-05,0.0023121613407731862,0.001673608504641193,1.0391880261660658e-05,0.00010319383241127301,6.0842375956049466e-05,0.0007460957942543418
223,223,223,221,878.5131149896554,3.604134748017018e-05,2.402756498678012e-05,0.0023121613407731862,0.001673608504641193,1.0391880261660658e-05,0.00010319383241127301,6.0842375956049466e-05,0.0007460957942543418
224,224,224,224,878.509453386095,3.583183016925284e-05,2.3887886779501894e-05,0.0023111850420635756,0.0016727624080122142,1.03314661809642e-05,0.00010337626874443653,6.10211999178753e-05,0.0007449335293908642
225,225,225,224,878.509453386095,3.583183016925284e-05,2.3887886779501894e-05,0.0023111850420635756,0.0016727624080122142,1.03314661809642e-05,0.00010337626874443653,6.10211999178753e-05,0.0007449335293908642
226,226,226,226,878.5074966238581,3.5635819269103086e-05,2.3757212846068722e-05,0.0023129531912192652,0.001674057996177881,1.0284762913689849e-05,0.00010327936362993667,6.088839848385902e-05,0.0007438603642795736
227,227,227,226,878.5074966238581,3.5635819269103086e-05,2.3757212846068722e-05,0.0023129531912192652,0.001674057996177881,1.0284762913689849e-05,0.00010327936362993667,6.088839848385902e-05,0.0007438603642795736
228,228,228,228,878.5045060856937,3.5468797222937276e-05,2.3645864815291517e-05,0.0023114869524372196,0.0016723146738434054,1.0389161107071665e-05,0.00010347526970682303,6.11468777673152e-05,0.00074288266282528
229,229,229,228,878.5045060856937,3.5468797222937276e-05,2.3645864815291517e-05,0.0023114869524372196,0.0016723146738434054,1.0389161107071665e-05,0.00010347526970682303,6.11468777673152e-05,0.00074288266282528
230,230,230,230,878.5028140085068,3.525935854487017e-05,2.3506239029913445e-05,0.002313562879848018,0.0016739532339856732,1.0324170037816216e-05,0.00010335865821538178,6.0986027265418075e-05,0.00074169331276466
231,231,231,230,878.5028140085068,3.525935854487017e-05,2.3506239029913445e-05,0.002313562879848018,0.0016739532339856732,1.0324170037816216e-05,0.00010335865821538178,6.0986027265418075e-05,0.00074169331276466
232,232,232,232,878.5000953682402,3.505842888185118e-05,2.3372285921234116e-05,0.002312162059366162,0.0016724494618797468,1.041475396719449e-05,0.00010352541496999525,6.120161055132856e-05,0.0007404647765440274
233,233,233,232,878.5000953682402,3.505842888185118e-05,2.3372285921234116e-05,0.002312162059366162,0.0016724494618797468,1.041475396719449e-05,0.00010352541496999525,6.120161055132856e-05,0.0007404647765440274
234,234,234,234,878.4986059371231,3.483028604156502e-05,2.3220190694376676e-05,0.0023142304552855194,0.0016742007495409437,1.0343560467078461e-05,0.00010338695805443954,6.1015398041500135e-05,0.0007391245194865846
235,235,235,234,878.4986059371231,3.483028604156502e-05,2.3220190694376676e-05,0.0023142304552855194,0.0016742007495409437,1.0343560467078461e-05,0.00010338695805443954,6.1015398041500135e-05,0.0007391245194865846
236,236,236,236,878.4960906590312,3.463164995484713e-05,2.3087766636564755e-05,0.002312870491757152,0.0016727468913178287,1.0433780831070605e-05,0.00010355054840137533,6.122939947755118e-05,0.0007378960358440606
237,237,237,236,878.4960906590312,3.463164995484713e-05,2.3087766636564755e-05,0.002312870491757152,0.0016727468913178287,1.0433780831070605e-05,0.00010355054840137533,6.122939947755118e-05,0.0007378960358440606
238,238,238,238,878.4948079719965,3.440709614499493e-05,2.293806409666329e-05,0.002314943191983471,0.0016744842188591439,1.0362987142721602e-05,0.00010341368367487948,6.104464689642153e-05,0.000736575768916255
239,239,239,238,878.4948079719965,3.440709614499493e-05,2.293806409666329e-05,0.002314943191983471,0.0016744842188591439,1.0362987142721602e-05,0.00010341368367487948,6.104464689642153e-05,0.000736575768916255
240,240,240,240,878.4924981199447,3.42113245206388e-05,2.2807549680425865e-05,0.0023135887974864507,0.0016730383100888799,1.0460840214054912e-05,0.00010357585135698724,6.125059638398961e-05,0.0007353521486946736
241,241,241,240,878.4924981199447,3.42113245206388e-05,2.2807549680425865e-05,0.0023135887974864507,0.0016730383100888799,1.0460840214054912e-05,0.00010357585135698724,6.125059638398961e-05,0.0007353521486946736
242,242,242,242,878.4914222720638,3.398927285550024e-05,2.265951523700016e-05,0.002315655321698795,0.0016747696472742012,1.0384281245265359e-05,0.00010344293927437993,6.107526267512542e-05,0.0007340473162579051
243,243,243,242,878.4914222720638,3.398927285550024e-05,2.265951523700016e-05,0.002315655321698795,0.0016747696472742012,1.0384281245265359e-05,0.00010344293927437993,6.107526267512542e-05,0.0007340473162579051
244,244,244,244,878.4893155996834,3.379484644552844e-05,2.252989763035229e-05,0.002314294328908185,0.0016733362914869987,1.047426130602186e-05,0.00010360382174245894,6.128621371821741e-05,0.0007328170218141427
245,245,245,244,878.4893155996834,3.379484644552844e-05,2.252989763035229e-05,0.002314294328908185,0.0016733362914869987,1.047426130602186e-05,0.00010360382174245894,6.128621371821741e-05,0.0007328170218141427
246,246,246,246,878.4884483523201,3.357740735529524e-05,2.2384938236863494e-05,0.002316412305655858,0.001675093316686619,1.0405787812667322e-05,0.0001034710794014635,6.11058222735189e-05,0.0007315273977434149
247,247,247,246,878.4884483523201,3.357740735529524e-05,2.2384938236863494e-05,0.002316412305655858,0.001675093316686619,1.0405787812667322e-05,0.0001034710794014635,6.11058222735189e-05,0.0007315273977434149
248,248,248,248,878.4865460185076,3.338423999535434e-05,2.225615999690289e-05,0.0023150101483691322,0.0016736498734924291,1.0496512267990643e-05,0.00010363169056150709,6.131541282018704e-05,0.000730298086367286
249,249,249,248,878.4865460185076,3.338423999535434e-05,2.225615999690289e-05,0.0023150101483691322,0.0016736498734924291,1.0496512267990643e-05,0.00010363169056150709,6.131541282018704e-05,0.000730298086367286
250,250,250,250,878.4858885729311,3.317347941611537e-05,2.2115652944076913e-05,0.0023170555102705235,0.001675345831560847,1.0428553220934167e-05,0.00010349742560476156,6.113745789813885e-05,0.0007290482727423999
251,251,251,250,878.4858885729311,3.317347941611537e-05,2.2115652944076913e-05,0.0023170555102705235,0.001675345831560847,1.0428553220934167e-05,0.00010349742560476156,6.113745789813885e-05,0.0007290482727423999
252,252,252,252,878.4841926882484,3.2979558406837084e-05,2.198637227122472e-05,0.002315741188310672,0.0016739566691533888,1.051717547698866e-05,0.00010365520351582547,6.134314094073667e-05,0.000727803351692317
253,253,253,252,878.4841926882484,3.2979558406837084e-05,2.198637227122472e-05,0.002315741188310672,0.0016739566691533888,1.051717547698866e-05,0.00010365520351582547,6.134314094073667e-05,0.000727803351692317
254,254,254,254,878.4837459373248,3.2776443330106986e-05,2.1850962220071324e-05,0.002317784078877291,0.0016756398980306286,1.0451771984471003e-05,0.00010352578838727558,6.117138455737081e-05,0.0007265911639017955
255,255,255,254,878.4837459373248,3.2776443330106986e-05,2.1850962220071324e-05,0.002317784078877291,0.0016756398980306286,1.0451771984471003e-05,0.00010352578838727558,6.117138455737081e-05,0.0007265911639017955
256,256,256,256,878.4822542991324,3.2584407446883956e-05,2.172293829792264e-05,0.002316440304431913,0.0016742688704548861,1.053954369974186e-05,0.00010368283035700054,6.13723080546899e-05,0.0007253525335441344
257,257,257,256,878.4822542991324,3.2584407446883956e-05,2.172293829792264e-05,0.002316440304431913,0.0016742688704548861,1.053954369974186e-05,0.00010368283035700054,6.13723080546899e-05,0.0007253525335441344
258,258,258,258,878.4820150327964,3.2387699042485396e-05,2.1591799361656932e-05,0.0023184648011404644,0.0016759014119160478,1.0476528977468313e-05,0.00010355477680074578,6.120633379612384e-05,0.0007241730621476332
259,259,259,259,878.4800429945506,3.229013385117052e-05,2.1526755900780348e-05,0.0023179073882782075,0.0016753105539676337,1.0514346056728074e-05,0.00010362844598595593,6.129812155426795e-05,0.0007235475706690391
260,260,260,259,878.4800429945506,3.229013385117052e-05,2.1526755900780348e-05,0.0023179073882782075,0.0016753105539676337,1.0514346056728074e-05,0.00010362844598595593,6.129812155426795e-05,0.0007235475706690391
261,261,261,261,878.4796348237838,3.219563304202033e-05,2.1463755361346887e-05,0.0023181923452455506,0.001675272256597886,1.0607326965325625e-05,0.00010357617761276399,6.130645636814869e-05,0.0007229172558010257
262,262,262,261,878.4796348237838,3.219563304202033e-05,2.1463755361346887e-05,0.0023181923452455506,0.001675272256597886,1.0607326965325625e-05,0.00010357617761276399,6.130645636814869e-05,0.0007229172558010257
263,263,263,263,878.4793966014023,3.210404849141035e-05,2.140269899427357e-05,0.0023177305976539437,0.001675021852301219,1.055294800184764e-05,0.00010365704388363039,6.135551773457648e-05,0.0007223397791536682
264,264,264,263,878.4793966014023,3.210404849141035e-05,2.140269899427357e-05,0.0023177305976539437,0.001675021852301219,1.055294800184764e-05,0.00010365704388363039,6.135551773457648e-05,0.0007223397791536682
265,265,265,265,878.4789482490875,3.2014846749806036e-05,2.1343231166537358e-05,0.002318582963881391,0.0016755158932206153,1.0586480446314606e-05,0.0001035883832593354,6.129873828530918e-05,0.0007217874961625144
266,266,266,265,878.4789482490875,3.2014846749806036e-05,2.1343231166537358e-05,0.002318582963881391,0.0016755158932206153,1.0586480446314606e-05,0.0001035883832593354,6.129873828530918e-05,0.0007217874961625144
267,267,267,267,878.4788865166961,3.190956923498911e-05,2.1273046156659405e-05,0.0023181491176461166,0.0016752843745520005,1.0560500603849776e-05,0.00010367490615805259,6.137515946856575e-05,0.0007211332207390159
268,268,268,267,878.4788865166961,3.190956923498911e-05,2.1273046156659405e-05,0.0023181491176461166,0.0016752843745520005,1.0560500603849776e-05,0.00010367490615805259,6.137515946856575e-05,0.0007211332207390159
269,269,269,269,878.4784339782852,3.182509091315122e-05,2.1216727275434145e-05,0.0023189345190017014,0.0016756490541077547,1.059203232196132e-05,0.00010360370768560931,6.131249422461349e-05,0.0007205879895046993
270,270,270,269,878.4784339782852,3.182509091315122e-05,2.1216727275434145e-05,0.0023189345190017014,0.0016756490541077547,1.059203232196132e-05,0.00010360370768560931,6.131249422461349e-05,0.0007205879895046993
271,271,271,271,878.4784163830582,3.1723593068549993e-05,2.1149062045699996e-05,0.0023185196087596575,0.0016754412326579625,1.057407768022961e-05,0.0001036907347815235,6.139304874941409e-05,0.0007199647512008966
272,272,272,272,878.4779140831017,3.168075019627237e-05,2.1120500130848242e-05,0.002318921718702747,0.0016756297353780827,1.0588067880519525e-05,0.00010365275097475238,6.135903692609801e-05,0.0007196861390277924
273,273,273,272,878.4779140831017,3.168075019627237e-05,2.1120500130848242e-05,0.002318921718702747,0.0016756297353780827,1.0588067880519525e-05,0.00010365275097475238,6.135903692609801e-05,0.0007196861390277924
274,274,274,274,878.477844958054,3.1634815196190935e-05,2.1089876797460622e-05,0.0023191077220170385,0.0016757344408454124,1.0613280552324023e-05,0.0001036606723525496,6.137258782522997e-05,0.000719388370982886
275,275,275,274,878.477844958054,3.1634815196190935e-05,2.1089876797460622e-05,0.0023191077220170385,0.0016757344408454124,1.0613280552324023e-05,0.0001036606723525496,6.137258782522997e-05,0.000719388370982886
276,276,276,276,878.4777523512927,3.1590376386197994e-05,2.1060250924131996e-05,0.002319122441837044,0.0016757313157557945,1.0591980754294517e-05,0.00010364898213652312,6.13566492407569e-05,0.000719116646632124
277,277,277,276,878.4777523512927,3.1590376386197994e-05,2.1060250924131996e-05,0.002319122441837044,0.0016757313157557945,1.0591980754294517e-05,0.00010364898213652312,6.13566492407569e-05,0.000719116646632124
278,278,278,278,878.4777164194591,3.154354817400118e-05,2.102903211600079e-05,0.002319143927043308,0.001675744812538934,1.0615745778368157e-05,0.00010369380648418992,6.139946225064419e-05,0.0007188095980554416
279,279,279,278,878.4777164194591,3.154354817400118e-05,2.102903211600079e-05,0.002319143927043308,0.001675744812538934,1.0615745778368157e-05,0.00010369380648418992,6.139946225064419e-05,0.0007188095980554416
280,280,280,280,878.4776155372747,3.150429819334666e-05,2.1002865462231103e-05,0.002319202593996974,0.0016756778685843138,1.0606364949629354e-05,0.00010365273251261219,6.136775079116502e-05,0.000718539653429871
281,281,281,280,878.4776155372747,3.150429819334666e-05,2.1002865462231103e-05,0.002319202593996974,0.0016756778685843138,1.0606364949629354e-05,0.00010365273251261219,6.136775079116502e-05,0.000718539653429871
282,282,282,282,878.4775629281285,3.145593193248919e-05,2.097062128832613e-05,0.0023191972874412885,0.0016757089911277531,1.0625165828420657e-05,0.0001036959273101933,6.140980740192148e-05,0.0007182436044071004
283,283,283,282,878.4775629281285,3.145593193248919e-05,2.097062128832613e-05,0.0023191972874412885,0.0016757089911277531,1.0625165828420657e-05,0.0001036959273101933,6.140980740192148e-05,0.0007182436044071004
284,284,284,284,878.477477256127,3.142483791174211e-05,2.0949891941161404e-05,0.002319488261651733,0.0016759004681854645,1.0613980935263168e-05,0.00010366226601339864,6.137537146538169e-05,0.0007180589394042198
285,285,285,284,878.477477256127,3.142483791174211e-05,2.0949891941161404e-05,0.002319488261651733,0.0016759004681854645,1.0613980935263168e-05,0.00010366226601339864,6.137537146538169e-05,0.0007180589394042198
286,286,286,286,878.4774481588486,3.139304901084161e-05,2.0928699340561074e-05,0.0023191652644344862,0.0016755560532581417,1.0631546613008858e-05,0.00010370277566451725,6.142473183546465e-05,0.0007178475713451563
287,287,287,286,878.4774481588486,3.139304901084161e-05,2.0928699340561074e-05,0.0023191652644344862,0.0016755560532581417,1.0631546613008858e-05,0.00010370277566451725,6.142473183546465e-05,0.0007178475713451563
288,288,288,288,878.4773570706338,3.1368785599061866e-05,2.091252373270791e-05,0.002319610404142376,0.0016759539564617462,1.0628552962452242e-05,0.00010367254035060383,6.13926481339358e-05,0.0007177300340721423
289,289,289,288,878.4773570706338,3.1368785599061866e-05,2.091252373270791e-05,0.002319610404142376,0.0016759539564617462,1.0628552962452242e-05,0.00010367254035060383,6.13926481339358e-05,0.0007177300340721423
290,290,290,290,878.4773338618963,3.1337733390673916e-05,2.0891822260449278e-05,0.0023192688758447238,0.001675594273167576,1.0643669698190417e-05,0.00010371210561102542,6.144033880359917e-05,0.0007175218259492176
291,291,291,290,878.4773338618963,3.1337733390673916e-05,2.0891822260449278e-05,0.0023192688758447238,0.001675594273167576,1.0643669698190417e-05,0.00010371210561102542,6.144033880359917e-05,0.0007175218259492176
292,292,292,292,878.4772494876962,3.131350454929627e-05,2.0875669699530843e-05,0.002319709806846827,0.0016759860493562205,1.0638792200451386e-05,0.00010368098030866778,6.140708414107549e-05,0.000717400036313277
293,293,293,292,878.4772494876962,3.131350454929627e-05,2.0875669699530843e-05,0.002319709806846827,0.0016759860493562205,1.0638792200451386e-05,0.00010368098030866778,6.140708414107549e-05,0.000717400036313277
294,294,294,294,878.4772324534272,3.1282790356967904e-05,2.0855193571311936e-05,0.0023193850086947725,0.0016756340951154759,1.0655182837319976e-05,0.00010372106704128242,6.1455679940918e-05,0.0007171934261065305
295,295,295,294,878.4772324534272,3.1282790356967904e-05,2.0855193571311936e-05,0.0023193850086947725,0.0016756340951154759,1.0655182837319976e-05,0.00010372106704128242,6.1455679940918e-05,0.0007171934261065305
296,296,296,296,878.4771546630847,3.1258296421754483e-05,2.0838864281169656e-05,0.0023198389571519582,0.0016760319002715328,1.0648282653041852e-05,0.00010369017423512986,6.14214410840433e-05,0.0007170694067228343
297,297,297,296,878.4771546630847,3.1258296421754483e-05,2.0838864281169656e-05,0.0023198389571519582,0.0016760319002715328,1.0648282653041852e-05,0.00010369017423512986,6.14214410840433e-05,0.0007170694067228343
298,298,298,298,878.4771436656318,3.122770877669878e-05,2.0818472517799187e-05,0.002319495356978136,0.0016756731035098712,1.0666085948504711e-05,0.00010372998733517786,6.147002495875825e-05,0.0007168628603758163
299,299,299,299,878.4770317694774,3.1215068752421526e-05,2.0810045834947687e-05,0.0023197328138472493,0.001675878098015461,1.0662856919772812e-05,0.0001037145896742775,6.145231955424074e-05,0.0007167988907111857
300,300,300,299,878.4770317694774,3.1215068752421526e-05,2.0810045834947687e-05,0.0023197328138472493,0.001675878098015461,1.0662856919772812e-05,0.0001037145896742775,6.145231955424074e-05,0.0007167988907111857
301,301,301,301,878.477020706339,3.120276112203446e-05,2.0801840748022972e-05,0.002319955685690353,0.0016760769030954386,1.0660351697389103e-05,0.00010370045641094323,6.143957149948309e-05,0.0007167534884024694
302,302,302,301,878.477020706339,3.120276112203446e-05,2.0801840748022972e-05,0.002319955685690353,0.0016760769030954386,1.0660351697389103e-05,0.00010370045641094323,6.143957149948309e-05,0.0007167534884024694
303,303,303,303,878.4769953965533,3.118785708527971e-05,2.0791904723519807e-05,0.002319779931708756,0.001675891784208107,1.06669555404032e-05,0.0001037210980956192,6.146376955824817e-05,0.000716648504412755
304,304,304,303,878.4769953965533,3.118785708527971e-05,2.0791904723519807e-05,0.002319779931708756,0.001675891784208107,1.06669555404032e-05,0.0001037210980956192,6.146376955824817e-05,0.000716648504412755
305,305,305,305,878.4769836089058,3.1175460171783964e-05,2.0783640114522644e-05,0.002320013675560986,0.0016760931088624354,1.0663014449636965e-05,0.0001037059411315545,6.144614392660647e-05,0.0007165845765880778
306,306,306,305,878.4769836089058,3.1175460171783964e-05,2.0783640114522644e-05,0.002320013675560986,0.0016760931088624354,1.0663014449636965e-05,0.0001037059411315545,6.144614392660647e-05,0.0007165845765880778
307,307,307,307,878.4769598764526,3.1159914326422955e-05,2.0773276217615304e-05,0.002319845739707693,0.001675917011903994,1.0671917925302032e-05,0.00010372551288907338,6.147059163348623e-05,0.0007164782068695336
308,308,308,307,878.4769598764526,3.1159914326422955e-05,2.0773276217615304e-05,0.002319845739707693,0.001675917011903994,1.0671917925302032e-05,0.00010372551288907338,6.147059163348623e-05,0.0007164782068695336
309,309,309,309,878.4769497151499,3.114786542227077e-05,2.076524361484718e-05,0.002320070303090485,0.0016761092476926783,1.0667183635112987e-05,0.00010371037211104427,6.145276027463842e-05,0.0007164181145787444
310,310,310,309,878.4769497151499,3.114786542227077e-05,2.076524361484718e-05,0.002320070303090485,0.0016761092476926783,1.0667183635112987e-05,0.00010371037211104427,6.145276027463842e-05,0.0007164181145787444
311,311,311,311,878.4769274333752,3.113273932450755e-05,2.07551595496717e-05,0.0023198978140004877,0.0016759337637690065,1.0677212318351004e-05,0.00010372982787999597,6.147760493858956e-05,0.0007163149240770944
312,312,312,311,878.4769274333752,3.113273932450755e-05,2.07551595496717e-05,0.0023198978140004877,0.0016759337637690065,1.0677212318351004e-05,0.00010372982787999597,6.147760493858956e-05,0.0007163149240770944
313,313,313,313,878.4769188864512,3.112141769814891e-05,2.074761179876594e-05,0.002320122228979586,0.00167612589034896,1.0671828510680492e-05,0.00010371490629552496,6.145976459809299e-05,0.0007162596420847076
314,314,314,313,878.4769188864512,3.112141769814891e-05,2.074761179876594e-05,0.002320122228979586,0.00167612589034896,1.0671828510680492e-05,0.00010371490629552496,6.145976459809299e-05,0.0007162596420847076
315,315,315,315,878.4768979835353,3.110713397344589e-05,2.0738089315630592e-05,0.002319950156933671,0.0016759521620421632,1.068274289776211e-05,0.00010373418688608914,6.148513083838875e-05,0.0007161628544457613
316,316,316,315,878.4768979835353,3.110713397344589e-05,2.0738089315630592e-05,0.002319950156933671,0.0016759521620421632,1.068274289776211e-05,0.00010373418688608914,6.148513083838875e-05,0.0007161628544457613
317,317,317,317,878.4768910415667,3.109690705752066e-05,2.0731271371680442e-05,0.0023201806150678172,0.0016761485422460464,1.0677190246777268e-05,0.00010371948900516939,6.146745010636445e-05,0.0007161173301966754
318,318,318,317,878.4768910415667,3.109690705752066e-05,2.0731271371680442e-05,0.0023201806150678172,0.0016761485422460464,1.0677190246777268e-05,0.00010371948900516939,6.146745010636445e-05,0.0007161173301966754
319,319,319,319,878.4768714589243,3.1083812501164765e-05,2.0722541667443174e-05,0.0023200055344395256,0.0016759772356165973,1.0688578906771495e-05,0.00010373900572883412,6.149325316205656e-05,0.0007160302734960709
320,320,320,319,878.4768714589243,3.1083812501164765e-05,2.0722541667443174e-05,0.0023200055344395256,0.0016759772356165973,1.0688578906771495e-05,0.00010373900572883412,6.149325316205656e-05,0.0007160302734960709
321,321,321,321,878.4768660529164,3.1074394724883714e-05,2.0716263149922476e-05,0.0023202360821724956,0.001676173636489373,1.0683183177075117e-05,0.00010372392817135361,6.147558370880185e-05,0.00071599074850647
322,322,322,321,878.4768660529164,3.1074394724883714e-05,2.0716263149922476e-05,0.0023202360821724956,0.001676173636489373,1.0683183177075117e-05,0.00010372392817135361,6.147558370880185e-05,0.00071599074850647
323,323,323,323,878.4768477196773,3.106140864098106e-05,2.0707605760654037e-05,0.0023200565220497893,0.0016759983052111718,1.069475104230333e-05,0.00010374354299229507,6.150171294622142e-05,0.0007159040560649254
324,324,324,323,878.4768477196773,3.106140864098106e-05,2.0707605760654037e-05,0.0023200565220497893,0.0016759983052111718,1.069475104230333e-05,0.00010374354299229507,6.150171294622142e-05,0.0007159040560649254
325,325,325,325,878.4768437289221,3.105026671904043e-05,2.070017781269362e-05,0.0023202910330994697,0.001676193634942919,1.0687909912723836e-05,0.00010372803545904424,6.14820795874077e-05,0.0007158464601911812
326,326,326,325,878.4768437289221,3.105026671904043e-05,2.070017781269362e-05,0.0023202910330994697,0.001676193634942919,1.0687909912723836e-05,0.00010372803545904424,6.14820795874077e-05,0.0007158464601911812
327,327,327,327,878.4768263649685,3.104743607815208e-05,2.0698290718768053e-05,0.002320086708737554,0.0016760086952841342,1.069703465710059e-05,0.00010374601886804662,6.150530607743065e-05,0.0007158200157704272
328,328,328,327,878.4768263649685,3.104743607815208e-05,2.0698290718768053e-05,0.002320086708737554,0.0016760086952841342,1.069703465710059e-05,0.00010374601886804662,6.150530607743065e-05,0.0007158200157704272
329,329,329,329,878.4768228609839,3.10463837978614e-05,2.0697589198574264e-05,0.0023202989620619723,0.001676196099731011,1.0688130195141143e-05,0.00010372870156855928,6.148279526502903e-05,0.0007158216226775651
330,330,330,330,878.476794458763,3.104633844419613e-05,2.0697558962797423e-05,0.002320202006531365,0.0016761101706829179,1.0692259692031414e-05,0.00010373742097794983,6.149328875843657e-05,0.0007158181948296166
331,331,331,330,878.476794458763,3.104633844419613e-05,2.0697558962797423e-05,0.002320202006531365,0.0016761101706829179,1.0692259692031414e-05,0.00010373742097794983,6.149328875843657e-05,0.0007158181948296166
332,332,332,332,878.476792374031,3.1044564782284345e-05,2.0696376521522897e-05,0.0023201539667311627,0.0016760868619047267,1.0687664309207145e-05,0.00010374387546125736,6.149871007487401e-05,0.0007158109950921118
333,333,333,332,878.476792374031,3.1044564782284345e-05,2.0696376521522897e-05,0.0023201539667311627,0.0016760868619047267,1.0687664309207145e-05,0.00010374387546125736,6.149871007487401e-05,0.0007158109950921118
334,334,334,334,878.4767849801555,3.104692714508972e-05,2.0697951430059813e-05,0.002320230477330265,0.001676126246345971,1.0691392396504351e-05,0.00010373380117350867,6.149001286802347e-05,0.0007158247826041045
335,335,335,334,878.4767849801555,3.104692714508972e-05,2.0697951430059813e-05,0.002320230477330265,0.001676126246345971,1.0691392396504351e-05,0.00010373380117350867,6.149001286802347e-05,0.0007158247826041045
336,336,336,336,878.4767815022776,3.1044995303181055e-05,2.069666353545404e-05,0.002320162163148398,0.0016760944135910966,1.0687255177208033e-05,0.00010374419861640253,6.149837314309986e-05,0.0007158148654343676
337,337,337,336,878.4767815022776,3.1044995303181055e-05,2.069666353545404e-05,0.002320162163148398,0.0016760944135910966,1.0687255177208033e-05,0.00010374419861640253,6.149837314309986e-05,0.0007158148654343676
338,338,338,338,878.4767745084608,3.1047051984728347e-05,2.0698034656485564e-05,0.0023202379058145256,0.0016761328946640808,1.0691088222443412e-05,0.00010373425537481578,6.148981194374625e-05,0.000715826251745111
339,339,339,338,878.4767745084608,3.1047051984728347e-05,2.0698034656485564e-05,0.0023202379058145256,0.0016761328946640808,1.0691088222443412e-05,0.00010373425537481578,6.148981194374625e-05,0.000715826251745111
340,340,340,340,878.4767710369133,3.1044982905847895e-05,2.0696655270565262e-05,0.0023201621605806497,0.00167609429051908,1.0687143443544045e-05,0.0001037443301419976,6.149836366080991e-05,0.000715815225309043
341,341,341,340,878.4767710369133,3.1044982905847895e-05,2.0696655270565262e-05,0.0023201621605806497,0.00167609429051908,1.0687143443544045e-05,0.0001037443301419976,6.149836366080991e-05,0.000715815225309043
342,342,342,342,878.4767640527814,3.1047097688696734e-05,2.0698065125797825e-05,0.0023202385108391094,0.0016761335045279095,1.0690964941745262e-05,0.00010373449624798675,6.148981910245738e-05,0.000715826807530849
343,343,343,342,878.4767640527814,3.1047097688696734e-05,2.0698065125797825e-05,0.0023202385108391094,0.0016761335045279095,1.0690964941745262e-05,0.00010373449624798675,6.148981910245738e-05,0.000715826807530849
344,344,344,344,878.4767605688667,3.1044969533211564e-05,2.0696646355474378e-05,0.0023201642880641775,0.001676095611457247,1.0687041140648723e-05,0.00010374449884536932,6.149835245527341e-05,0.0007158152338553507
345,345,345,344,878.4767605688667,3.1044969533211564e-05,2.0696646355474378e-05,0.0023201642880641775,0.001676095611457247,1.0687041140648723e-05,0.00010374449884536932,6.149835245527341e-05,0.0007158152338553507
346,346,346,346,878.476753596339,3.104704346090781e-05,2.069802897393854e-05,0.002320244379768036,0.0016761374422407855,1.0690901701582156e-05,0.0001037344266916048,6.148976842786785e-05,0.0007158268380823883
347,347,347,346,878.476753596339,3.104704346090781e-05,2.069802897393854e-05,0.002320244379768036,0.0016761374422407855,1.0690901701582156e-05,0.0001037344266916048,6.148976842786785e-05,0.0007158268380823883
348,348,348,348,878.4767501055946,3.104497511755011e-05,2.069665007836674e-05,0.002320167306491425,0.0016760974964663456,1.0686946643863326e-05,0.00010374463147775583,6.149831780324216e-05,0.0007158157492145054
349,349,349,348,878.4767501055946,3.104497511755011e-05,2.069665007836674e-05,0.002320167306491425,0.0016760974964663456,1.0686946643863326e-05,0.00010374463147775583,6.149831780324216e-05,0.0007158157492145054
350,350,350,350,878.476743151623,3.104603116332871e-05,2.0697354108885808e-05,0.002320246077238318,0.0016761389564294835,1.0690207516143857e-05,0.00010373450243474684,6.148911416849201e-05,0.0007158190382951725
351,351,351,350,878.476743151623,3.104603116332871e-05,2.0697354108885808e-05,0.002320246077238318,0.0016761389564294835,1.0690207516143857e-05,0.00010373450243474684,6.148911416849201e-05,0.0007158190382951725
352,352,352,352,878.476739656815,3.104497831268871e-05,2.0696652208459138e-05,0.0023201681030398376,0.0016760990691805692,1.0686826559233586e-05,0.0001037446824602976,6.149824410887905e-05,0.0007158161256410208
353,353,353,352,878.476739656815,3.104497831268871e-05,2.0696652208459138e-05,0.0023201681030398376,0.0016760990691805692,1.0686826559233586e-05,0.0001037446824602976,6.149824410887905e-05,0.0007158161256410208
354,354,354,354,878.4767327037529,3.104669169887164e-05,2.0697794465914427e-05,0.0023202436483648697,0.001676136511054803,1.0690822546108314e-05,0.00010373473188005447,6.148976322403049e-05,0.0007158252679089283
355,355,355,354,878.4767327037529,3.104669169887164e-05,2.0697794465914427e-05,0.0023202436483648697,0.001676136511054803,1.0690822546108314e-05,0.00010373473188005447,6.148976322403049e-05,0.0007158252679089283
356,356,356,356,878.4767291922103,3.104495740835489e-05,2.069663827223659e-05,0.002320169444940045,0.0016760997770453438,1.0686729624294344e-05,0.00010374482121065299,6.149823319471365e-05,0.0007158158112178059
357,357,357,356,878.4767291922103,3.104495740835489e-05,2.069663827223659e-05,0.002320169444940045,0.0016760997770453438,1.0686729624294344e-05,0.00010374482121065299,6.149823319471365e-05,0.0007158158112178059
358,358,358,358,878.4767222485109,3.104719585389493e-05,2.0698130569263284e-05,0.002320245016574476,0.0016761377570073837,1.069060788581877e-05,0.00010373486757475358,6.14896885523658e-05,0.0007158284467545662
359,359,359,358,878.4767222485109,3.104719585389493e-05,2.0698130569263284e-05,0.002320245016574476,0.0016761377570073837,1.069060788581877e-05,0.00010373486757475358,6.14896885523658e-05,0.0007158284467545662
360,360,360,360,878.476718718934,3.104498237152531e-05,2.0696654914350205e-05,0.002320175258102119,0.0016761033632595158,1.0686581912576487e-05,0.00010374490297797388,6.149811156954538e-05,0.0007158165619041202
361,361,361,360,878.476718718934,3.104498237152531e-05,2.0696654914350205e-05,0.002320175258102119,0.0016761033632595158,1.0686581912576487e-05,0.00010374490297797388,6.149811156954538e-05,0.0007158165619041202
362,362,362,362,878.476711785393,3.104691824443173e-05,2.069794549628782e-05,0.002320250037061803,0.001676142282466651,1.0690536974125586e-05,0.00010373491390837471,6.148966296441738e-05,0.0007158270637046746
363,363,363,362,878.476711785393,3.104691824443173e-05,2.069794549628782e-05,0.002320250037061803,0.001676142282466651,1.0690536974125586e-05,0.00010373491390837471,6.148966296441738e-05,0.0007158270637046746
364,364,364,364,878.476708266284,3.1044802140223204e-05,2.0696534760148804e-05,0.00232017233676851,0.0016761000376226774,1.0686486238503656e-05,0.00010374494951009936,6.149808233826132e-05,0.0007158164438964144
365,365,365,364,878.476708266284,3.1044802140223204e-05,2.0696534760148804e-05,0.00232017233676851,0.0016761000376226774,1.0686486238503656e-05,0.00010374494951009936,6.149808233826132e-05,0.0007158164438964144
366,366,366,366,878.4767013427881,3.104578214746523e-05,2.0697188098310153e-05,0.0023202583822656163,0.0016761448072931658,1.068979063128389e-05,0.0001037350544240262,6.148894176873088e-05,0.0007158193923224986
367,367,367,366,878.4767013427881,3.104578214746523e-05,2.0697188098310153e-05,0.0023202583822656163,0.0016761448072931658,1.068979063128389e-05,0.0001037350544240262,6.148894176873088e-05,0.0007158193923224986
368,368,368,368,878.47669780251,3.104477904000702e-05,2.0696519360004682e-05,0.0023201764596201086,0.0016761024591291159,1.0686424182913823e-05,0.00010374523675302549,6.14981436465531e-05,0.0007158164753778863
369,369,369,368,878.47669780251,3.104477904000702e-05,2.0696519360004682e-05,0.0023201764596201086,0.0016761024591291159,1.0686424182913823e-05,0.00010374523675302549,6.14981436465531e-05,0.0007158164753778863
370,370,370,370,878.4766908895211,3.1046714979277024e-05,2.0697809986184684e-05,0.002320255156662123,0.0016761437260466117,1.0690061069455747e-05,0.0001037351744261053,6.148919536947545e-05,0.0007158268470241599
371,371,371,370,878.4766908895211,3.1046714979277024e-05,2.0697809986184684e-05,0.002320255156662123,0.0016761437260466117,1.0690061069455747e-05,0.0001037351744261053,6.148919536947545e-05,0.0007158268470241599
372,372,372,372,878.4766873455653,3.104480893625916e-05,2.0696539290839443e-05,0.002320178275959048,0.0016761035470086263,1.068610374128226e-05,0.00010374540896691763,6.149827608413483e-05,0.0007158165268175258
373,373,373,372,878.4766873455653,3.104480893625916e-05,2.0696539290839443e-05,0.002320178275959048,0.0016761035470086263,1.068610374128226e-05,0.00010374540896691763,6.149827608413483e-05,0.0007158165268175258
374,374,374,374,878.4766804488903,3.104544949580901e-05,2.069696633053934e-05,0.0023202597575278277,0.0016761456698377386,1.068938905698924e-05,0.00010373522965686616,6.148862834282065e-05,0.0007158174558099079
375,375,375,374,878.4766804488903,3.104544949580901e-05,2.069696633053934e-05,0.0023202597575278277,0.0016761456698377386,1.068938905698924e-05,0.00010373522965686616,6.148862834282065e-05,0.0007158174558099079
376,376,376,376,878.4766768961596,3.104485894578346e-05,2.0696572630522304e-05,0.002320182507128969,0.0016761053856181073,1.068613278738112e-05,0.00010374571387807195,6.149804956345761e-05,0.0007158178018948293
377,377,377,376,878.4766768961596,3.104485894578346e-05,2.0696572630522304e-05,0.002320182507128969,0.0016761053856181073,1.068613278738112e-05,0.00010374571387807195,6.149804956345761e-05,0.0007158178018948293
378,378,378,378,878.4766700062612,3.104648546942146e-05,2.0697656979614305e-05,0.002320257143399721,0.001676143202237136,1.0690139004801424e-05,0.00010373542291362314,6.148942652873385e-05,0.000715826349154575
379,379,379,378,878.4766700062612,3.104648546942146e-05,2.0697656979614305e-05,0.002320257143399721,0.001676143202237136,1.0690139004801424e-05,0.00010373542291362314,6.148942652873385e-05,0.000715826349154575
380,380,380,380,878.4766664481996,3.104474769513588e-05,2.0696498463423918e-05,0.002320181275079183,0.0016761043972752948,1.0686074968839498e-05,0.0001037456334511426,6.149798771907383e-05,0.000715816867063296
381,381,381,380,878.4766664481996,3.104474769513588e-05,2.0696498463423918e-05,0.002320181275079183,0.0016761043972752948,1.0686074968839498e-05,0.0001037456334511426,6.149798771907383e-05,0.000715816867063296
382,382,382,382,878.4766595609253,3.104661622740923e-05,2.0697744151606152e-05,0.002320261175077252,0.001676147382336469,1.069010365222639e-05,0.00010373573793634886,6.148962433877303e-05,0.0007158275682170232
383,383,383,382,878.4766595609253,3.104661622740923e-05,2.0697744151606152e-05,0.002320261175077252,0.001676147382336469,1.069010365222639e-05,0.00010373573793634886,6.148962433877303e-05,0.0007158275682170232
384,384,384,384,878.4766559972935,3.104475940246543e-05,2.0696506268310284e-05,0.002320183321199968,0.0016761060330008014,1.068597961519785e-05,0.00010374564674642286,6.149791911455593e-05,0.0007158170899945592
385,385,385,384,878.4766559972935,3.104475940246543e-05,2.0696506268310284e-05,0.002320183321199968,0.0016761060330008014,1.068597961519785e-05,0.00010374564674642286,6.149791911455593e-05,0.0007158170899945592
386,386,386,386,878.4766491218296,3.104691419589245e-05,2.0697942797261632e-05,0.002320262118221896,0.0016761459792956606,1.0689853755706247e-05,0.00010373585968002119,6.148941002635105e-05,0.0007158288786949768
387,387,387,386,878.4766491218296,3.104691419589245e-05,2.0697942797261632e-05,0.002320262118221896,0.0016761459792956606,1.0689853755706247e-05,0.00010373585968002119,6.148941002635105e-05,0.0007158288786949768
388,388,388,388,878.4766455491826,3.104473589357615e-05,2.069649059571743e-05,0.0023201896276136423,0.0016761087789617206,1.0685808353921855e-05,0.00010374570849938502,6.149788772816245e-05,0.0007158167723430664
389,389,389,388,878.4766455491826,3.104473589357615e-05,2.069649059571743e-05,0.0023201896276136423,0.0016761087789617206,1.0685808353921855e-05,0.00010374570849938502,6.149788772816245e-05,0.0007158167723430664
390,390,390,390,878.476638676633,3.104654633562243e-05,2.0697697557081618e-05,0.0023202655390919848,0.001676148491670739,1.0689613228066774e-05,0.00010373583916398396,6.148921470896379e-05,0.0007158262630291404
391,391,391,390,878.476638676633,3.104654633562243e-05,2.0697697557081618e-05,0.0023202655390919848,0.001676148491670739,1.0689613228066774e-05,0.00010373583916398396,6.148921470896379e-05,0.0007158262630291404
392,392,392,392,878.4766351000017,3.104470972198348e-05,2.0696473147988982e-05,0.0023201908227564257,0.0016761089623387377,1.0685631554888109e-05,0.00010374599555468213,6.1498157860225e-05,0.0007158165916073998
393,393,393,392,878.4766351000017,3.104470972198348e-05,2.0696473147988982e-05,0.0023201908227564257,0.0016761089623387377,1.0685631554888109e-05,0.00010374599555468213,6.1498157860225e-05,0.0007158165916073998
394,394,394,394,878.4766282377097,3.10467150194671e-05,2.0697810012978067e-05,0.0023202670336112965,0.0016761480582605077,1.068942414021723e-05,0.00010373563415483411,6.148895526158354e-05,0.0007158286053900408
395,395,395,394,878.4766282377097,3.10467150194671e-05,2.0697810012978067e-05,0.0023202670336112965,0.0016761480582605077,1.068942414021723e-05,0.00010373563415483411,6.148895526158354e-05,0.0007158286053900408
396,396,396,396,878.4766246618783,3.1044691604142916e-05,2.0696461069428608e-05,0.0023201924422904838,0.001676109398818423,1.0685622543388229e-05,0.0001037460289767125,6.149776719917982e-05,0.0007158172538872208
397,397,397,396,878.4766246618783,3.1044691604142916e-05,2.0696461069428608e-05,0.0023201924422904838,0.001676109398818423,1.0685622543388229e-05,0.0001037460289767125,6.149776719917982e-05,0.0007158172538872208
398,398,398,398,878.4766178189752,3.104578964735483e-05,2.0697193098236553e-05,0.002320270837301146,0.00167615129825658,1.068896004626646e-05,0.00010373598177573144,6.148866230785976e-05,0.0007158211007813589
399,399,399,398,878.4766178189752,3.104578964735483e-05,2.0697193098236553e-05,0.002320270837301146,0.00167615129825658,1.068896004626646e-05,0.00010373598177573144,6.148866230785976e-05,0.0007158211007813589
400,400,400,400,878.4766142261719,3.1044724390028033e-05,2.0696482926685356e-05,0.0023201945688310355,0.001676111009449369,1.0685490027785571e-05,0.00010374620532157488,6.149776895435916e-05,0.0007158175454629204
401,401,401,400,878.4766142261719,3.1044724390028033e-05,2.0696482926685356e-05,0.0023201945688310355,0.001676111009449369,1.0685490027785571e-05,0.00010374620532157488,6.149776895435916e-05,0.0007158175454629204
402,402,402,402,878.4766073819919,3.104667864864408e-05,2.069778576576272e-05,0.002320269850221482,0.001676149391067112,1.0689312749445623e-05,0.00010373630249245547,6.148920040844469e-05,0.0007158284332535797
403,403,403,402,878.4766073819919,3.104667864864408e-05,2.069778576576272e-05,0.002320269850221482,0.001676149391067112,1.0689312749445623e-05,0.00010373630249245547,6.148920040844469e-05,0.0007158284332535797
404,404,404,404,878.4766037963382,3.104466485329138e-05,2.0696443235527585e-05,0.00232019685956489,0.0016761124138328955,1.0685418235650834e-05,0.00010374636644122474,6.149773679714476e-05,0.0007158178622113523
405,405,405,404,878.4766037963382,3.104466485329138e-05,2.0696443235527585e-05,0.00232019685956489,0.0016761124138328955,1.0685418235650834e-05,0.00010374636644122474,6.149773679714476e-05,0.0007158178622113523
406,406,406,406,878.4765969669922,3.104660567682105e-05,2.06977371178807e-05,0.0023202745231331316,0.0016761519662150406,1.0689079992048933e-05,0.00010373632922063194,6.148897042967949e-05,0.0007158277417229352
407,407,407,406,878.4765969669922,3.104660567682105e-05,2.06977371178807e-05,0.0023202745231331316,0.0016761519662150406,1.0689079992048933e-05,0.00010373632922063194,6.148897042967949e-05,0.0007158277417229352
408,408,408,408,878.4765933710829,3.104465321018823e-05,2.0696435473458823e-05,0.00232019248908203,0.0016761091453401213,1.0685264606624667e-05,0.00010374624968113213,6.149754122115186e-05,0.0007158176767413108
409,409,409,408,878.4765933710829,3.104465321018823e-05,2.0696435473458823e-05,0.00232019248908203,0.0016761091453401213,1.0685264606624667e-05,0.00010374624968113213,6.149754122115186e-05,0.0007158176767413108
410,410,410,410,878.4765865513735,3.104632984132771e-05,2.069755322755181e-05,0.002320275075100117,0.001676152554276257,1.0689255271235931e-05,0.00010373633279562829,6.148898239475425e-05,0.0007158264443078743
411,411,411,410,878.4765865513735,3.104632984132771e-05,2.069755322755181e-05,0.002320275075100117,0.001676152554276257,1.0689255271235931e-05,0.00010373633279562829,6.148898239475425e-05,0.0007158264443078743
412,412,412,412,878.4765829496051,3.104475178400401e-05,2.0696501189336004e-05,0.002320206258787713,0.0016761135616572371,1.06851989527465e-05,0.00010374648978431072,6.149763664430041e-05,0.0007158164741060597
413,413,413,412,878.4765829496051,3.104475178400401e-05,2.0696501189336004e-05,0.002320206258787713,0.0016761135616572371,1.06851989527465e-05,0.00010374648978431072,6.149763664430041e-05,0.0007158164741060597
414,414,414,414,878.4765761453484,3.1045729060708016e-05,2.0697152707138677e-05,0.0023202864987967673,0.0016761548907974228,1.0688467737406115e-05,0.00010373638392953996,6.14883784771092e-05,0.0007158195944827808
415,415,415,414,878.4765761453484,3.1045729060708016e-05,2.0697152707138677e-05,0.0023202864987967673,0.0016761548907974228,1.0688467737406115e-05,0.00010373638392953996,6.14883784771092e-05,0.0007158195944827808
416,416,416,416,878.4765724120227,3.104478731211224e-05,2.0696524874741495e-05,0.0023202075585290654,0.0016761133322106005,1.0685248858326168e-05,0.00010374643684761463,6.149758526910465e-05,0.0007158167253101604
417,417,417,416,878.4765724120227,3.104478731211224e-05,2.0696524874741495e-05,0.0023202075585290654,0.0016761133322106005,1.0685248858326168e-05,0.00010374643684761463,6.149758526910465e-05,0.0007158167253101604
418,418,418,418,878.4765658224801,3.1046214162000485e-05,2.0697476108000323e-05,0.002320280549649893,0.0016761501678076854,1.0689008513892206e-05,0.00010373645149558396,6.148878747209291e-05,0.0007158242761227591
419,419,419,418,878.4765658224801,3.1046214162000485e-05,2.0697476108000323e-05,0.002320280549649893,0.0016761501678076854,1.0689008513892206e-05,0.00010373645149558396,6.148878747209291e-05,0.0007158242761227591
420,420,420,420,878.4765619908674,3.104461493561028e-05,2.0696409957073523e-05,0.00232020979015253,0.0016761151081848527,1.0685077966650358e-05,0.00010374668106263374,6.149746667039047e-05,0.0007158159755336474
421,421,421,420,878.4765619908674,3.104461493561028e-05,2.0696409957073523e-05,0.00232020979015253,0.0016761151081848527,1.0685077966650358e-05,0.00010374668106263374,6.149746667039047e-05,0.0007158159755336474
422,422,422,422,878.47655542237,3.104631325012708e-05,2.0697542166751386e-05,0.0023202868355171008,0.0016761539660253935,1.0689145814792023e-05,0.00010373666700748802,6.148899102976363e-05,0.0007158253617563131
423,423,423,422,878.47655542237,3.104631325012708e-05,2.0697542166751386e-05,0.0023202868355171008,0.0016761539660253935,1.0689145814792023e-05,0.00010373666700748802,6.148899102976363e-05,0.0007158253617563131
424,424,424,424,878.4765515860814,3.104474023976622e-05,2.069649349317748e-05,0.002320210614496785,0.0016761144730804629,1.0685021786027704e-05,0.0001037467559687216,6.14974996300463e-05,0.0007158170584761049
425,425,425,424,878.4765515860814,3.104474023976622e-05,2.069649349317748e-05,0.002320210614496785,0.0016761144730804629,1.0685021786027704e-05,0.0001037467559687216,6.14974996300463e-05,0.0007158170584761049
426,426,426,426,878.4765450194407,3.104679964283097e-05,2.069786642855398e-05,0.002320287951075454,0.0016761546478591912,1.0689156787015153e-05,0.00010373690729797599,6.148914367386932e-05,0.0007158283207502713
427,427,427,426,878.4765450194407,3.104679964283097e-05,2.069786642855398e-05,0.002320287951075454,0.0016761546478591912,1.0689156787015153e-05,0.00010373690729797599,6.148914367386932e-05,0.0007158283207502713
428,428,428,428,878.4765411169069,3.1044827651927065e-05,2.0696551767951377e-05,0.0023202127265900155,0.0016761171746428253,1.0685109083259647e-05,0.00010374701766637865,6.149764038164418e-05,0.0007158176034392303
429,429,429,428,878.4765411169069,3.1044827651927065e-05,2.0696551767951377e-05,0.0023202127265900155,0.0016761171746428253,1.0685109083259647e-05,0.00010374701766637865,6.149764038164418e-05,0.0007158176034392303
430,430,430,430,878.4765346677319,3.104660521854874e-05,2.0697736812365825e-05,0.0023202870433005215,0.0016761537822317396,1.0688946603477911e-05,0.00010373671695948841,6.14889143200209e-05,0.0007158274992576312
431,431,431,430,878.4765346677319,3.104660521854874e-05,2.0697736812365825e-05,0.0023202870433005215,0.0016761537822317396,1.0688946603477911e-05,0.00010373671695948841,6.14889143200209e-05,0.0007158274992576312
432,432,432,432,878.4765307321463,3.104479190199627e-05,2.069652793466418e-05,0.0023202131649662787,0.0016761161654224675,1.0684996691975868e-05,0.00010374711514841937,6.149751353407007e-05,0.0007158176178719195
433,433,433,432,878.4765307321463,3.104479190199627e-05,2.069652793466418e-05,0.0023202131649662787,0.0016761161654224675,1.0684996691975868e-05,0.00010374711514841937,6.149751353407007e-05,0.0007158176178719195
434,434,434,434,878.476524294072,3.1046865932388146e-05,2.0697910621592097e-05,0.002320288110801981,0.0016761538224548426,1.0688791777679896e-05,0.0001037371138188824,6.148898173948675e-05,0.0007158287451191901
435,435,435,434,878.476524294072,3.1046865932388146e-05,2.0697910621592097e-05,0.002320288110801981,0.0016761538224548426,1.0688791777679896e-05,0.0001037371138188824,6.148898173948675e-05,0.0007158287451191901
436,436,436,436,878.4765203231893,3.104482166449429e-05,2.0696547776329528e-05,0.0023202153697156084,0.0016761175757386909,1.0684744669510471e-05,0.00010374712555153863,6.149735363000092e-05,0.0007158183425316702
437,437,437,436,878.4765203231893,3.104482166449429e-05,2.0696547776329528e-05,0.0023202153697156084,0.0016761175757386909,1.0684744669510471e-05,0.00010374712555153863,6.149735363000092e-05,0.0007158183425316702
438,438,438,438,878.47651388914,3.1046642311516326e-05,2.0697761541010884e-05,0.0023202942732873945,0.0016761584321935469,1.0689037905256549e-05,0.00010373735605426193,6.14890683622582e-05,0.0007158278724018739
439,439,439,438,878.47651388914,3.1046642311516326e-05,2.0697761541010884e-05,0.0023202942732873945,0.0016761584321935469,1.0689037905256549e-05,0.00010373735605426193,6.14890683622582e-05,0.0007158278724018739
440,440,440,440,878.4765099153747,3.1044796986623435e-05,2.0696531324415623e-05,0.00232021740140441,0.0016761188281006942,1.0684635372272544e-05,0.00010374738490582817,6.149752497820737e-05,0.0007158182060274645
441,441,441,440,878.4765099153747,3.1044796986623435e-05,2.0696531324415623e-05,0.00232021740140441,0.0016761188281006942,1.0684635372272544e-05,0.00010374738490582817,6.149752497820737e-05,0.0007158182060274645
442,442,442,442,878.4765034967452,3.10465098179169e-05,2.06976732119446e-05,0.002320294450666229,0.001676158371259628,1.0688683810294863e-05,0.00010373728104916529,6.148884015917677e-05,0.0007158275625925286
443,443,443,442,878.4765034967452,3.10465098179169e-05,2.06976732119446e-05,0.002320294450666229,0.001676158371259628,1.0688683810294863e-05,0.00010373728104916529,6.148884015917677e-05,0.0007158275625925286
444,444,444,444,878.4764995147942,3.104479840310148e-05,2.069653226873432e-05,0.00232021814486338,0.0016761194107143217,1.0684589509896147e-05,0.00010374742541768609,6.149734673753515e-05,0.0007158181788725947
445,445,445,444,878.4764995147942,3.104479840310148e-05,2.069653226873432e-05,0.00232021814486338,0.0016761194107143217,1.0684589509896147e-05,0.00010374742541768609,6.149734673753515e-05,0.0007158181788725947
446,446,446,446,878.4764931016055,3.104662131850344e-05,2.069774754566896e-05,0.002320294648425456,0.0016761574119141982,1.06883404917546e-05,0.00010373739665252844,6.14886346211943e-05,0.0007158284849612825
447,447,447,446,878.4764931016055,3.104662131850344e-05,2.069774754566896e-05,0.002320294648425456,0.0016761574119141982,1.06883404917546e-05,0.00010373739665252844,6.14886346211943e-05,0.0007158284849612825
448,448,448,448,878.4764891130969,3.104475148540953e-05,2.069650099027302e-05,0.0023202195429892574,0.001676119842578512,1.0684492288602632e-05,0.00010374741390204807,6.149728995572673e-05,0.0007158182218682602
449,449,449,448,878.4764891130969,3.104475148540953e-05,2.069650099027302e-05,0.0023202195429892574,0.001676119842578512,1.0684492288602632e-05,0.00010374741390204807,6.149728995572673e-05,0.0007158182218682602
450,450,450,450,878.4764827134525,3.104625695962704e-05,2.0697504639751358e-05,0.0023202984417597886,0.0016761607032344372,1.0688482054765913e-05,0.00010373755090157364,6.148869638195748e-05,0.0007158265453465059
451,451,451,450,878.4764827134525,3.104625695962704e-05,2.0697504639751358e-05,0.0023202984417597886,0.0016761607032344372,1.0688482054765913e-05,0.00010373755090157364,6.148869638195748e-05,0.0007158265453465059
452,452,452,452,878.476478732203,3.1044745633673765e-05,2.069649708911584e-05,0.002320221853174206,0.0016761217314975431,1.0684383528664076e-05,0.0001037475996931789,6.149728330810678e-05,0.0007158184392704161
453,453,453,452,878.476478732203,3.1044745633673765e-05,2.069649708911584e-05,0.002320221853174206,0.0016761217314975431,1.0684383528664076e-05,0.0001037475996931789,6.149728330810678e-05,0.0007158184392704161
454,454,454,454,878.4764723329406,3.1046499101933245e-05,2.0697666067955495e-05,0.0023202974019192976,0.0016761604076979126,1.0688372475378682e-05,0.00010373767716443776,6.148875004003546e-05,0.000715828019346226
455,455,455,454,878.4764723329406,3.1046499101933245e-05,2.0697666067955495e-05,0.0023202974019192976,0.0016761604076979126,1.0688372475378682e-05,0.00010373767716443776,6.148875004003546e-05,0.000715828019346226
456,456,456,456,878.4764683214316,3.1044784821160354e-05,2.06965232141069e-05,0.0023202243181487847,0.001676123322882876,1.0684304328871519e-05,0.00010374775761483183,6.149726510824849e-05,0.0007158186754402337
457,457,457,456,878.4764683214316,3.1044784821160354e-05,2.06965232141069e-05,0.0023202243181487847,0.001676123322882876,1.0684304328871519e-05,0.00010374775761483183,6.149726510824849e-05,0.0007158186754402337
458,458,458,458,878.476461946444,3.104590603586477e-05,2.069727069057651e-05,0.0023203026323518152,0.0016761628112108716,1.0687558732472291e-05,0.00010373758204173488,6.148799746501232e-05,0.000715823724686793
459,459,459,458,878.476461946444,3.104590603586477e-05,2.069727069057651e-05,0.0023203026323518152,0.0016761628112108716,1.0687558732472291e-05,0.00010373758204173488,6.148799746501232e-05,0.000715823724686793
460,460,460,460,878.4764579319192,3.104479045884512e-05,2.069652697256341e-05,0.0023202264039752485,0.0016761235263736572,1.0684212144299043e-05,0.00010374799528997128,6.149724728352762e-05,0.0007158192230502556
461,461,461,460,878.4764579319192,3.104479045884512e-05,2.069652697256341e-05,0.0023202264039752485,0.0016761235263736572,1.0684212144299043e-05,0.00010374799528997128,6.149724728352762e-05,0.0007158192230502556
462,462,462,462,878.4764515573795,3.104663208214342e-05,2.0697754721428947e-05,0.0023203022752143233,0.001676162073508933,1.068801319235868e-05,0.00010373764596474068,6.148869982568195e-05,0.0007158287047198902
463,463,463,462,878.4764515573795,3.104663208214342e-05,2.0697754721428947e-05,0.0023203022752143233,0.001676162073508933,1.068801319235868e-05,0.00010373764596474068,6.148869982568195e-05,0.0007158287047198902
464,464,464,464,878.4764475517009,3.1044717989481274e-05,2.0696478659654183e-05,0.002320228068129936,0.001676125120111935,1.0684064407330551e-05,0.00010374790347558488,6.149716400125071e-05,0.0007158186401783129
465,465,465,464,878.4764475517009,3.1044717989481274e-05,2.0696478659654183e-05,0.002320228068129936,0.001676125120111935,1.0684064407330551e-05,0.00010374790347558488,6.149716400125071e-05,0.0007158186401783129
466,466,466,466,878.4764411924083,3.104497368172643e-05,2.0696649121150955e-05,0.0023203189469087034,0.0016761745903490267,1.0687702338724181e-05,0.00010373859268643457,6.148816128228457e-05,0.0007158174230964307
467,467,467,466,878.4764411924083,3.104497368172643e-05,2.0696649121150955e-05,0.0023203189469087034,0.0016761745903490267,1.0687702338724181e-05,0.00010373859268643457,6.148816128228457e-05,0.0007158174230964307
468,468,468,468,878.4764371653398,3.1044461084872577e-05,2.069630738991505e-05,0.0023202278338426024,0.001676125030551867,1.0684076067253578e-05,0.00010374799938462378,6.149723400417084e-05,0.0007158169095130359
469,469,469,468,878.4764371653398,3.1044461084872577e-05,2.069630738991505e-05,0.0023202278338426024,0.001676125030551867,1.0684076067253578e-05,0.00010374799938462378,6.149723400417084e-05,0.0007158169095130359
470,470,470,470,878.4764308031207,3.10462638400677e-05,2.0697509226711798e-05,0.002320308032295181,0.0016761656468535285,1.0687909372739113e-05,0.00010373823811610804,6.148876725062258e-05,0.000715827226223888
471,471,471,470,878.4764308031207,3.10462638400677e-05,2.0697509226711798e-05,0.002320308032295181,0.0016761656468535285,1.0687909372739113e-05,0.00010373823811610804,6.148876725062258e-05,0.000715827226223888
472,472,472,472,878.4764267781944,3.10446983303736e-05,2.06964655535824e-05,0.0023202316305078177,0.0016761266902090009,1.068385051940235e-05,0.00010374823014677858,6.149706289061002e-05,0.0007158190118778362
473,473,473,472,878.4764267781944,3.10446983303736e-05,2.06964655535824e-05,0.0023202316305078177,0.0016761266902090009,1.068385051940235e-05,0.00010374823014677858,6.149706289061002e-05,0.0007158190118778362
474,474,474,474,878.4764204361727,3.1045215726360764e-05,2.069681048424051e-05,0.002320312391256206,0.001676168700172939,1.0686979102794703e-05,0.00010373804590717119,6.148759683789751e-05,0.0007158190063102383
475,475,475,474,878.4764204361727,3.1045215726360764e-05,2.069681048424051e-05,0.002320312391256206,0.001676168700172939,1.0686979102794703e-05,0.00010373804590717119,6.148759683789751e-05,0.0007158190063102383
476,476,476,476,878.4764163991907,3.1044644859951065e-05,2.0696429906634044e-05,0.002320234220947346,0.0016761274234192605,1.0683764696345355e-05,0.00010374832976725552,6.149710864130492e-05,0.0007158185727050082
477,477,477,476,878.4764163991907,3.1044644859951065e-05,2.0696429906634044e-05,0.002320234220947346,0.0016761274234192605,1.0683764696345355e-05,0.00010374832976725552,6.149710864130492e-05,0.0007158185727050082
478,478,478,478,878.4764100519897,3.104637279882638e-05,2.0697581865884256e-05,0.0023203124224176037,0.0016761679309517195,1.0687635986758592e-05,0.00010373870126078662,6.148851970166208e-05,0.0007158293918019412
479,479,479,478,878.4764100519897,3.104637279882638e-05,2.0697581865884256e-05,0.0023203124224176037,0.0016761679309517195,1.0687635986758592e-05,0.00010373870126078662,6.148851970166208e-05,0.0007158293918019412
480,480,480,480,878.4764060150843,3.1044673969776726e-05,2.0696449313184484e-05,0.0023202367556810423,0.0016761295434920406,1.0683629638068293e-05,0.00010374837139148161,6.149698625895067e-05,0.0007158190510342222
481,481,481,480,878.4764060150843,3.1044673969776726e-05,2.0696449313184484e-05,0.0023202367556810423,0.0016761295434920406,1.0683629638068293e-05,0.00010374837139148161,6.149698625895067e-05,0.0007158190510342222
482,482,482,482,878.4763996850098,3.1046248391869424e-05,2.069749892791295e-05,0.002320315022498584,0.001676169302222893,1.0687208096951673e-05,0.00010373831461055674,6.148812178592006e-05,0.0007158265742206655
483,483,483,482,878.4763996850098,3.1046248391869424e-05,2.069749892791295e-05,0.002320315022498584,0.001676169302222893,1.0687208096951673e-05,0.00010373831461055674,6.148812178592006e-05,0.0007158265742206655
484,484,484,484,878.4763956536253,3.1044633365090446e-05,2.069642224339363e-05,0.002320237472070446,0.0016761288002604398,1.0683532288773001e-05,0.00010374852599997263,6.149697463395803e-05,0.0007158189703710681
485,485,485,484,878.4763956536253,3.1044633365090446e-05,2.069642224339363e-05,0.002320237472070446,0.0016761288002604398,1.0683532288773001e-05,0.00010374852599997263,6.149697463395803e-05,0.0007158189703710681
486,486,486,486,878.476389328579,3.1046384094485235e-05,2.069758939632349e-05,0.002320316710804216,0.001676170022095897,1.0687549081254966e-05,0.00010373863793047302,6.148846576999045e-05,0.0007158285081912256
487,487,487,486,878.476389328579,3.1046384094485235e-05,2.069758939632349e-05,0.002320316710804216,0.001676170022095897,1.0687549081254966e-05,0.00010373863793047302,6.148846576999045e-05,0.0007158285081912256
488,488,488,488,878.4763852900716,3.1044628068355173e-05,2.0696418712236785e-05,0.0023202406239205657,0.0016761311256002676,1.0683407246817045e-05,0.00010374856282868472,6.149687088757155e-05,0.0007158191279404745
489,489,489,488,878.4763852900716,3.1044628068355173e-05,2.0696418712236785e-05,0.0023202406239205657,0.0016761311256002676,1.0683407246817045e-05,0.00010374856282868472,6.149687088757155e-05,0.0007158191279404745
490,490,490,490,878.4763789744261,3.1046696767816906e-05,2.0697797845211273e-05,0.0023203187898791226,0.0016761707669335898,1.0686982571103676e-05,0.00010373839914041897,6.14880852100319e-05,0.0007158302420453128
491,491,491,490,878.4763789744261,3.1046696767816906e-05,2.0697797845211273e-05,0.0023203187898791226,0.0016761707669335898,1.0686982571103676e-05,0.00010373839914041897,6.14880852100319e-05,0.0007158302420453128
492,492,492,492,878.4763749118515,3.104483940463698e-05,2.0696559603091323e-05,0.002320243314824049,0.0016761321045231765,1.0683353736266887e-05,0.00010374897355868173,6.149703592440992e-05,0.0007158205373903035
493,493,493,492,878.4763749118515,3.104483940463698e-05,2.0696559603091323e-05,0.002320243314824049,0.0016761321045231765,1.0683353736266887e-05,0.00010374897355868173,6.149703592440992e-05,0.0007158205373903035
494,494,494,494,878.4763686090719,3.1046620227376254e-05,2.0697746818250835e-05,0.002320321525150837,0.001676172497368178,1.0687260952275957e-05,0.00010373747931190179,6.148808151040797e-05,0.0007158291487913849
495,495,495,494,878.4763686090719,3.1046620227376254e-05,2.0697746818250835e-05,0.002320321525150837,0.001676172497368178,1.0687260952275957e-05,0.00010373747931190179,6.148808151040797e-05,0.0007158291487913849
496,496,496,496,878.4763645430585,3.104463630523857e-05,2.069642420349238e-05,0.00232024356349499,0.0016761311503562942,1.0683177203374417e-05,0.00010374872120826555,6.149679945367109e-05,0.0007158193440154662
497,497,497,496,878.4763645430585,3.104463630523857e-05,2.069642420349238e-05,0.00232024356349499,0.0016761311503562942,1.0683177203374417e-05,0.00010374872120826555,6.149679945367109e-05,0.0007158193440154662
498,498,498,498,878.47635825529,3.104627364722279e-05,2.069751576481519e-05,0.0023203224027821905,0.0016761721512230335,1.0687235423405272e-05,0.00010373889093765823,6.148827049034383e-05,0.0007158285778373016
499,499,499,498,878.47635825529,3.104627364722279e-05,2.069751576481519e-05,0.0023203224027821905,0.0016761721512230335,1.0687235423405272e-05,0.00010373889093765823,6.148827049034383e-05,0.0007158285778373016
500,500,500,500,878.4763541899424,3.104459445127383e-05,2.069639630084922e-05,0.002320247427439937,0.001676134401833878,1.0683096934187286e-05,0.0001037490860813814,6.149681556395087e-05,0.0007158194645489396
501,501,501,500,878.4763541899424,3.104459445127383e-05,2.069639630084922e-05,0.002320247427439937,0.001676134401833878,1.0683096934187286e-05,0.0001037490860813814,6.149681556395087e-05,0.0007158194645489396
502,502,502,502,878.4763479013701,3.1046415279789574e-05,2.0697610186526383e-05,0.0023203275791812937,0.0016761753753303144,1.0686823865721506e-05,0.00010373927663535009,6.148817839721904e-05,0.0007158296158417128
503,503,503,502,878.4763479013701,3.1046415279789574e-05,2.0697610186526383e-05,0.0023203275791812937,0.0016761753753303144,1.0686823865721506e-05,0.00010373927663535009,6.148817839721904e-05,0.0007158296158417128
504,504,504,504,878.4763438202791,3.104462371025796e-05,2.069641580683864e-05,0.00232024959182706,0.0016761352323148735,1.0682975990224108e-05,0.00010374917099190159,6.149676580887581e-05,0.0007158197467891293
505,505,505,504,878.4763438202791,3.104462371025796e-05,2.069641580683864e-05,0.00232024959182706,0.0016761352323148735,1.0682975990224108e-05,0.00010374917099190159,6.149676580887581e-05,0.0007158197467891293
506,506,506,506,878.4763375529019,3.104629879668863e-05,2.0697532531125756e-05,0.002320328691785727,0.00167617626392439,1.0686928066577783e-05,0.00010373931727503122,6.148817878184887e-05,0.0007158286053026454
507,507,507,506,878.4763375529019,3.104629879668863e-05,2.0697532531125756e-05,0.002320328691785727,0.00167617626392439,1.0686928066577783e-05,0.00010373931727503122,6.148817878184887e-05,0.0007158286053026454
508,508,508,508,878.4763334644821,3.1044625660836545e-05,2.0696417107224363e-05,0.0023202512780736272,0.0016761360039176235,1.0682884926109526e-05,0.00010374927131656108,6.149673975931746e-05,0.0007158200844901537
509,509,509,508,878.4763334644821,3.1044625660836545e-05,2.0696417107224363e-05,0.0023202512780736272,0.0016761360039176235,1.0682884926109526e-05,0.00010374927131656108,6.149673975931746e-05,0.0007158200844901537
510,510,510,510,878.4763271955239,3.104614509447101e-05,2.0697430062980676e-05,0.0023203290773771996,0.0016761754284467859,1.0686876168529424e-05,0.00010373929655831529,6.148807166557468e-05,0.0007158285842048431
511,511,511,510,878.4763271955239,3.104614509447101e-05,2.0697430062980676e-05,0.0023203290773771996,0.0016761754284467859,1.0686876168529424e-05,0.00010373929655831529,6.148807166557468e-05,0.0007158285842048431
512,512,512,512,878.4763230969344,3.104472676801473e-05,2.0696484512009818e-05,0.0023202531158590433,0.001676137095199262,1.0682725007926663e-05,0.00010374942143383432,6.149664395437016e-05,0.0007158208235217299
513,513,513,512,878.4763230969344,3.104472676801473e-05,2.0696484512009818e-05,0.0023202531158590433,0.001676137095199262,1.0682725007926663e-05,0.00010374942143383432,6.149664395437016e-05,0.0007158208235217299
514,514,514,514,878.4763168462623,3.104558225291987e-05,2.0697054835279914e-05,0.002320332997711186,0.0016761772140175028,1.0686228135985132e-05,0.00010373938551716306,6.148760567593198e-05,0.0007158236620145181
515,515,515,514,878.4763168462623,3.104558225291987e-05,2.0697054835279914e-05,0.002320332997711186,0.0016761772140175028,1.0686228135985132e-05,0.00010373938551716306,6.148760567593198e-05,0.0007158236620145181
516,516,516,516,878.4763127534384,3.1043364349281344e-05,2.069557623285423e-05,0.002320256685574435,0.0016761393503548986,1.0682301679179607e-05,0.00010374948859252737,6.149617989672368e-05,0.0007158114594905503
517,517,517,516,878.4763127534384,3.1043364349281344e-05,2.069557623285423e-05,0.002320256685574435,0.0016761393503548986,1.0682301679179607e-05,0.00010374948859252737,6.149617989672368e-05,0.0007158114594905503
518,518,518,518,878.4763065120881,3.104564733258375e-05,2.06970982217225e-05,0.0023203326762373916,0.0016761770072588507,1.0686485400569767e-05,0.0001037394474388367,6.148773789685369e-05,0.0007158252815732253
519,519,519,518,878.4763065120881,3.104564733258375e-05,2.06970982217225e-05,0.0023203326762373916,0.0016761770072588507,1.0686485400569767e-05,0.0001037394474388367,6.148773789685369e-05,0.0007158252815732253
520,520,520,520,878.4763024018619,3.1044533380431005e-05,2.0696355586954002e-05,0.0023202579204155455,0.0016761396896100601,1.0682542695428232e-05,0.00010374959707395928,6.14964906569121e-05,0.0007158202422396067
521,521,521,520,878.4763024018619,3.1044533380431005e-05,2.0696355586954002e-05,0.0023202579204155455,0.0016761396896100601,1.0682542695428232e-05,0.00010374959707395928,6.14964906569121e-05,0.0007158202422396067
522,522,522,522,878.476296174515,3.104615317928161e-05,2.0697435452854407e-05,0.002320332817378027,0.0016761764431494242,1.0686495868134083e-05,0.00010373956611602651,6.148791579881768e-05,0.0007158288145618241
523,523,523,522,878.476296174515,3.104615317928161e-05,2.0697435452854407e-05,0.002320332817378027,0.0016761764431494242,1.0686495868134083e-05,0.00010373956611602651,6.148791579881768e-05,0.0007158288145618241
524,524,524,524,878.4762920521011,3.1044554880732544e-05,2.0696369920488362e-05,0.0023202606911866953,0.0016761404477272804,1.068217657787529e-05,0.00010374915664902329,6.149626243905082e-05,0.0007158199413668561
525,525,525,524,878.4762920521011,3.1044554880732544e-05,2.0696369920488362e-05,0.0023202606911866953,0.0016761404477272804,1.068217657787529e-05,0.00010374915664902329,6.149626243905082e-05,0.0007158199413668561
526,526,526,526,878.4762858335192,3.104518033858472e-05,2.0696786892389817e-05,0.0023203348342773528,0.001676177779403118,1.0685772364023294e-05,0.00010373969496834728,6.148732387780548e-05,0.0007158210667626303
527,527,527,526,878.4762858335192,3.104518033858472e-05,2.0696786892389817e-05,0.0023203348342773528,0.001676177779403118,1.0685772364023294e-05,0.00010373969496834728,6.148732387780548e-05,0.0007158210667626303
528,528,528,528,878.4762816944215,3.104423828226288e-05,2.069615885484192e-05,0.0023202621100841705,0.0016761414263124833,1.0681907269216584e-05,0.00010375020656139455,6.149662646885712e-05,0.0007158188660155494
529,529,529,528,878.4762816944215,3.104423828226288e-05,2.069615885484192e-05,0.0023202621100841705,0.0016761414263124833,1.0681907269216584e-05,0.00010375020656139455,6.149662646885712e-05,0.0007158188660155494
530,530,530,530,878.4762754921904,3.1046058583422687e-05,2.0697372388948455e-05,0.0023203399169002613,0.0016761808103574714,1.068631575375234e-05,0.00010373982000483712,6.148783331656749e-05,0.0007158288824596981
531,531,531,530,878.4762754921904,3.1046058583422687e-05,2.0697372388948455e-05,0.0023203399169002613,0.0016761808103574714,1.068631575375234e-05,0.00010373982000483712,6.148783331656749e-05,0.0007158288824596981
532,532,532,532,878.4762713491677,3.104453048596856e-05,2.0696353657312372e-05,0.0023202644848182535,0.0016761426391171976,1.0682239643823588e-05,0.00010375002317470635,6.149645598629155e-05,0.0007158206885046844
533,533,533,532,878.4762713491677,3.104453048596856e-05,2.0696353657312372e-05,0.0023202644848182535,0.0016761426391171976,1.0682239643823588e-05,0.00010375002317470635,6.149645598629155e-05,0.0007158206885046844
534,534,534,534,878.4762651516716,3.104627259178927e-05,2.069751506119285e-05,0.0023203408372883725,0.0016761808944946843,1.0686118936814593e-05,0.000103739805953457,6.148777529595834e-05,0.0007158300734969886
535,535,535,534,878.4762651516716,3.104627259178927e-05,2.069751506119285e-05,0.0023203408372883725,0.0016761808944946843,1.0686118936814593e-05,0.000103739805953457,6.148777529595834e-05,0.0007158300734969886
536,536,536,536,878.4762610146729,3.1044360364163026e-05,2.0696240242775353e-05,0.0023202684958631907,0.0016761443853928785,1.0682107888092263e-05,0.0001037500394760445,6.149641293695662e-05,0.000715819291784929
537,537,537,536,878.4762610146729,3.1044360364163026e-05,2.0696240242775353e-05,0.0023202684958631907,0.0016761443853928785,1.0682107888092263e-05,0.0001037500394760445,6.149641293695662e-05,0.000715819291784929
538,538,538,538,878.4762548374296,3.104509078283302e-05,2.0696727188555346e-05,0.0023203472790446593,0.0016761854124922792,1.0685412193775501e-05,0.00010373997518527969,6.148715301271257e-05,0.0007158208849237309
539,539,539,538,878.4762548374296,3.104509078283302e-05,2.0696727188555346e-05,0.0023203472790446593,0.0016761854124922792,1.0685412193775501e-05,0.00010373997518527969,6.148715301271257e-05,0.0007158208849237309
540,540,540,540,878.4762506795984,3.104440974480149e-05,2.0696273163200996e-05,0.002320275329305874,0.001676149494249262,1.06819917389811e-05,0.00010375018402753754,6.149626954988358e-05,0.0007158199864868175
541,541,541,540,878.4762506795984,3.104440974480149e-05,2.0696273163200996e-05,0.002320275329305874,0.001676149494249262,1.06819917389811e-05,0.00010375018402753754,6.149626954988358e-05,0.0007158199864868175
542,542,542,542,878.4762445013872,3.104635831957525e-05,2.069757221305017e-05,0.0023203469846778753,0.0016761851452298132,1.0685699035867247e-05,0.00010374035746309303,6.1487572183265e-05,0.0007158309053891013
543,543,543,542,878.4762445013872,3.104635831957525e-05,2.069757221305017e-05,0.0023203469846778753,0.0016761851452298132,1.0685699035867247e-05,0.00010374035746309303,6.1487572183265e-05,0.0007158309053891013
544,544,544,544,878.4762403290476,3.104451590238422e-05,2.0696343934922812e-05,0.002320270727028578,0.0016761459285353384,1.0681885136587521e-05,0.00010375029115547357,6.149626301769212e-05,0.0007158207365926738
545,545,545,544,878.4762403290476,3.104451590238422e-05,2.0696343934922812e-05,0.002320270727028578,0.0016761459285353384,1.0681885136587521e-05,0.00010375029115547357,6.149626301769212e-05,0.0007158207365926738
546,546,546,546,878.4762341660885,3.104602868087003e-05,2.0697352453913354e-05,0.0023203478636927982,0.0016761844581750015,1.0685779864232081e-05,0.0001037403094231141,6.148764472101165e-05,0.0007158291214687305
547,547,547,546,878.4762341660885,3.104602868087003e-05,2.0697352453913354e-05,0.0023203478636927982,0.0016761844581750015,1.0685779864232081e-05,0.0001037403094231141,6.148764472101165e-05,0.0007158291214687305
548,548,548,548,878.4762299859144,3.1044530059781694e-05,2.0696353373187794e-05,0.002320271317521081,0.001676145347821896,1.0681762935733918e-05,0.0001037504286309836,6.14962096558147e-05,0.0007158212906848801
549,549,549,548,878.4762299859144,3.1044530059781694e-05,2.0696353373187794e-05,0.002320271317521081,0.001676145347821896,1.0681762935733918e-05,0.0001037504286309836,6.14962096558147e-05,0.0007158212906848801
550,550,550,550,878.4762238362655,3.104607116391489e-05,2.069738077594326e-05,0.0023203489216207444,0.0016761841411873594,1.0685844234033237e-05,0.0001037404419415748,6.148772350823839e-05,0.0007158295040234255
551,551,551,550,878.4762238362655,3.104607116391489e-05,2.069738077594326e-05,0.0023203489216207444,0.0016761841411873594,1.0685844234033237e-05,0.0001037404419415748,6.148772350823839e-05,0.0007158295040234255
552,552,552,552,878.4762196524266,3.104453917029959e-05,2.0696359446866396e-05,0.0023202735964174145,0.0016761460893916827,1.0681672360769723e-05,0.00010375060495686984,6.149624166564699e-05,0.000715821446409198
553,553,553,552,878.4762196524266,3.104453917029959e-05,2.0696359446866396e-05,0.0023202735964174145,0.0016761460893916827,1.0681672360769723e-05,0.00010375060495686984,6.149624166564699e-05,0.000715821446409198
554,554,554,554,878.4762135191673,3.104612144147478e-05,2.069741429431652e-05,0.002320353647805265,0.0016761878166973848,1.0685733127034636e-05,0.00010374061587924033,6.148780249266156e-05,0.0007158299534796329
555,555,555,554,878.4762135191673,3.104612144147478e-05,2.069741429431652e-05,0.002320353647805265,0.0016761878166973848,1.0685733127034636e-05,0.00010374061587924033,6.148780249266156e-05,0.0007158299534796329
556,556,556,556,878.476209338271,3.1043834810756676e-05,2.0695889873837785e-05,0.0023202790600834714,0.0016761492907349691,1.068138341001057e-05,0.0001037506507216393,6.149592352604899e-05,0.0007158165608728367
557,557,557,556,878.476209338271,3.1043834810756676e-05,2.0695889873837785e-05,0.0023202790600834714,0.0016761492907349691,1.068138341001057e-05,0.0001037506507216393,6.149592352604899e-05,0.0007158165608728367
558,558,558,558,878.4762032247754,3.1044833475019074e-05,2.0696555650012716e-05,0.0023203598468682697,0.0016761903326849288,1.0684791904205793e-05,0.00010374043994932294,6.148670863815459e-05,0.0007158199656010246
559,559,559,558,878.4762032247754,3.1044833475019074e-05,2.0696555650012716e-05,0.0023203598468682697,0.0016761903326849288,1.0684791904205793e-05,0.00010374043994932294,6.148670863815459e-05,0.0007158199656010246
560,560,560,560,878.4761990188124,3.104375422469108e-05,2.0695836149794054e-05,0.002320281440912329,0.0016761499460038523,1.0681202867950101e-05,0.00010375067303518756,6.149573828389404e-05,0.0007158162588023671
561,561,561,560,878.4761990188124,3.104375422469108e-05,2.0695836149794054e-05,0.002320281440912329,0.0016761499460038523,1.0681202867950101e-05,0.00010375067303518756,6.149573828389404e-05,0.0007158162588023671
562,562,562,562,878.4761928954106,3.104613143734003e-05,2.0697420958226687e-05,0.002320363308138088,0.0016761923832159212,1.0685263103160647e-05,0.00010374084430308393,6.148742820037689e-05,0.000715830344375396
563,563,563,562,878.4761928954106,3.104613143734003e-05,2.0697420958226687e-05,0.002320363308138088,0.0016761923832159212,1.0685263103160647e-05,0.00010374084430308393,6.148742820037689e-05,0.000715830344375396
564,564,564,564,878.4761887002076,3.1044432391907906e-05,2.0696288261271938e-05,0.0023202838453659225,0.0016761509370760443,1.0681405399129429e-05,0.0001037509935405004,6.149620151049695e-05,0.0007158215513351017
565,565,565,564,878.4761887002076,3.1044432391907906e-05,2.0696288261271938e-05,0.0023202838453659225,0.0016761509370760443,1.0681405399129429e-05,0.0001037509935405004,6.149620151049695e-05,0.0007158215513351017
566,566,566,566,878.4761825958079,3.104609623869048e-05,2.0697397492460322e-05,0.0023203634877643152,0.0016761914480275357,1.0685793789259879e-05,0.00010374094001710333,6.148783416978082e-05,0.0007158303433315566
567,567,567,566,878.4761825958079,3.104609623869048e-05,2.0697397492460322e-05,0.0023203634877643152,0.0016761914480275357,1.0685793789259879e-05,0.00010374094001710333,6.148783416978082e-05,0.0007158303433315566
568,568,568,568,878.4761783837728,3.104422512237304e-05,2.0696150081582022e-05,0.0023202849924034512,0.0016761505534716235,1.0681191900056841e-05,0.00010375091823503765,6.149594291210425e-05,0.0007158198361277034
569,569,569,568,878.4761783837728,3.104422512237304e-05,2.0696150081582022e-05,0.0023202849924034512,0.0016761505534716235,1.0681191900056841e-05,0.00010375091823503765,6.149594291210425e-05,0.0007158198361277034
570,570,570,570,878.4761722891402,3.1046109004423394e-05,2.0697406002948927e-05,0.0023203648761872843,0.0016761924077293286,1.0685288332187848e-05,0.00010374119980456715,6.148753781544392e-05,0.0007158307147679748
571,571,571,570,878.4761722891402,3.1046109004423394e-05,2.0697406002948927e-05,0.0023203648761872843,0.0016761924077293286,1.0685288332187848e-05,0.00010374119980456715,6.148753781544392e-05,0.0007158307147679748
572,572,572,572,878.476168067501,3.104437429021778e-05,2.069624952681185e-05,0.0023202867486049493,0.001676151179117321,1.0681150842919984e-05,0.0001037511735668341,6.149604379249163e-05,0.0007158209736987154
573,573,573,572,878.476168067501,3.104437429021778e-05,2.069624952681185e-05,0.0023202867486049493,0.001676151179117321,1.0681150842919984e-05,0.0001037511735668341,6.149604379249163e-05,0.0007158209736987154
574,574,574,574,878.4761619867495,3.104557762645399e-05,2.069705175096933e-05,0.0023203670294796954,0.0016761920061899123,1.0685053499825958e-05,0.00010374111386548873,6.14872058851898e-05,0.0007158264140744158
575,575,575,574,878.4761619867495,3.104557762645399e-05,2.069705175096933e-05,0.0023203670294796954,0.0016761920061899123,1.0685053499825958e-05,0.00010374111386548873,6.14872058851898e-05,0.0007158264140744158
576,576,576,576,878.4761577529316,3.104437010834071e-05,2.069624673889381e-05,0.0023202898398469577,0.0016761533140122729,1.0681075662766215e-05,0.00010375117710887926,6.149602771670509e-05,0.0007158209798094114
577,577,577,576,878.4761577529316,3.104437010834071e-05,2.069624673889381e-05,0.0023202898398469577,0.0016761533140122729,1.0681075662766215e-05,0.00010375117710887926,6.149602771670509e-05,0.0007158209798094114
578,578,578,578,878.4761516839156,3.1046258311434594e-05,2.0697505540956396e-05,0.002320367111253269,0.0016761909596524152,1.0685074747038281e-05,0.00010374209231789298,6.148792774638562e-05,0.0007158320958699469
579,579,579,578,878.4761516839156,3.1046258311434594e-05,2.0697505540956396e-05,0.002320367111253269,0.0016761909596524152,1.0685074747038281e-05,0.00010374209231789298,6.148792774638562e-05,0.0007158320958699469
580,580,580,580,878.4761474347526,3.1044385884221315e-05,2.0696257256147543e-05,0.0023202937528014806,0.0016761549563988972,1.06809592319429e-05,0.00010375135595516,6.149598463643657e-05,0.0007158213926516203
581,581,581,580,878.4761474347526,3.1044385884221315e-05,2.0696257256147543e-05,0.0023202937528014806,0.0016761549563988972,1.06809592319429e-05,0.00010375135595516,6.149598463643657e-05,0.0007158213926516203
582,582,582,582,878.4761413709957,3.1045775183036195e-05,2.069718345535746e-05,0.0023203706663189184,0.001676193097194481,1.0684950921234504e-05,0.00010374151047165989,6.148737966882312e-05,0.0007158283399717177
583,583,583,582,878.4761413709957,3.1045775183036195e-05,2.069718345535746e-05,0.0023203706663189184,0.001676193097194481,1.0684950921234504e-05,0.00010374151047165989,6.148737966882312e-05,0.0007158283399717177
584,584,584,584,878.4761371158836,3.104424611088952e-05,2.0696164073926347e-05,0.0023202958437796915,0.0016761548753747523,1.0680776797562797e-05,0.0001037513011941162,6.149581426047324e-05,0.0007158203394961203
585,585,585,584,878.4761371158836,3.104424611088952e-05,2.0696164073926347e-05,0.0023202958437796915,0.0016761548753747523,1.0680776797562797e-05,0.0001037513011941162,6.149581426047324e-05,0.0007158203394961203
586,586,586,586,878.4761310710313,3.104581187030053e-05,2.069720791353369e-05,0.002320373262386254,0.001676195216909464,1.0684505108160547e-05,0.000103741329646724,6.148690450832883e-05,0.0007158288260203723
587,587,587,586,878.4761310710313,3.104581187030053e-05,2.069720791353369e-05,0.002320373262386254,0.001676195216909464,1.0684505108160547e-05,0.000103741329646724,6.148690450832883e-05,0.0007158288260203723
588,588,588,588,878.4761268032312,3.104449641441742e-05,2.069633094294495e-05,0.0023202966502670133,0.0016761560038434692,1.0680660459623514e-05,0.00010375169242790005,6.149593733448255e-05,0.0007158219472487713
589,589,589,588,878.4761268032312,3.104449641441742e-05,2.069633094294495e-05,0.0023202966502670133,0.0016761560038434692,1.0680660459623514e-05,0.00010375169242790005,6.149593733448255e-05,0.0007158219472487713
590,590,590,590,878.4761207716192,3.1044654116796355e-05,2.0696436077864235e-05,0.002320371991782852,0.0016761970331822646,1.0684012869244253e-05,0.0001037414196697051,6.148654861592995e-05,0.0007158217942010068
591,591,591,590,878.4761207716192,3.1044654116796355e-05,2.0696436077864235e-05,0.002320371991782852,0.0016761970331822646,1.0684012869244253e-05,0.0001037414196697051,6.148654861592995e-05,0.0007158217942010068
592,592,592,592,878.476116495309,3.104418052302105e-05,2.06961203486807e-05,0.0023202938494378323,0.0016761575249847485,1.0680612045600724e-05,0.00010375140241458255,6.149596018472508e-05,0.0007158222444181361
593,593,593,592,878.476116495309,3.104418052302105e-05,2.06961203486807e-05,0.0023202938494378323,0.0016761575249847485,1.0680612045600724e-05,0.00010375140241458255,6.149596018472508e-05,0.0007158222444181361
594,594,594,594,878.4761104604322,3.104590330965662e-05,2.0697268873104413e-05,0.002320369461818936,0.001676196368692762,1.0684363960629384e-05,0.00010374156203636455,6.148694738165872e-05,0.000715831114350772
595,595,595,594,878.4761104604322,3.104590330965662e-05,2.0697268873104413e-05,0.002320369461818936,0.001676196368692762,1.0684363960629384e-05,0.00010374156203636455,6.148694738165872e-05,0.000715831114350772
596,596,596,596,878.476106188182,3.1044210923592e-05,2.0696140615727998e-05,0.002320298184270341,0.0016761604967213842,1.0680481837256617e-05,0.00010375181448040363,6.149578323291771e-05,0.0007158230377434156
597,597,597,596,878.476106188182,3.1044210923592e-05,2.0696140615727998e-05,0.002320298184270341,0.0016761604967213842,1.0680481837256617e-05,0.00010375181448040363,6.149578323291771e-05,0.0007158230377434156
598,598,598,598,878.4761001746562,3.104608295215194e-05,2.0697388634767964e-05,0.0023203742699319557,0.00167619870289801,1.0684686920017783e-05,0.00010374199511420663,6.148739038308593e-05,0.0007158331222958708
599,599,599,598,878.4761001746562,3.104608295215194e-05,2.0697388634767964e-05,0.0023203742699319557,0.00167619870289801,1.0684686920017783e-05,0.00010374199511420663,6.148739038308593e-05,0.0007158331222958708
