sequence_index,iteration,nf,incumbent_index,incumbent_full_objective,mean_gate_entanglement_infidelity_to_truth,mean_gate_average_infidelity_to_truth,mean_spam_vector_l2_error_to_truth,mean_spam_tracedist_to_truth,mean_gate_eigenvalue_nonunitarity_excess_to_truth,mean_gate_eigenvalue_diamondnorm_to_truth,mean_gate_eigenvalue_nonunitary_diamondnorm_to_truth,mean_gate_diamond_distance_to_truth
0,0,0,0,112997.7555821799,0.00227342297002206,0.00151561531334804,0.00697710335423951,0.004937894532976495,-0.003850330725303469,0.008134373632380773,0.004513942584111835,0.015113464757287046
1,1,1,1,37909.85250447844,0.02061635525303701,0.013744236835358005,0.026440468293573854,0.015743626620276473,0.033587154485739824,0.0414973461889173,0.04077423103556465,0.07584911764749627
2,2,2,1,37909.85250447844,0.02061635525303701,0.013744236835358005,0.026440468293573854,0.015743626620276473,0.033587154485739824,0.0414973461889173,0.04077423103556465,0.07584911764749627
3,3,3,3,27166.336078392716,0.014335447463482948,0.009556964975655299,0.06374026998025477,0.05155706087235053,0.015425403870439496,0.03122504949368414,0.022731892614547278,0.06337306947355906
4,4,4,3,27166.336078392716,0.014335447463482948,0.009556964975655299,0.06374026998025477,0.05155706087235053,0.015425403870439496,0.03122504949368414,0.022731892614547278,0.06337306947355906
5,5,5,3,27166.336078392716,0.014335447463482948,0.009556964975655299,0.06374026998025477,0.05155706087235053,0.015425403870439496,0.03122504949368414,0.022731892614547278,0.06337306947355906
6,6,6,6,17574.534129263415,0.009622527340345438,0.006415018226896959,0.019561705929098592,0.01648761652624118,0.01390569701130151,0.01971915605238047,0.018520404543779796,0.044223861036307724
7,7,7,6,17574.534129263415,0.009622527340345438,0.006415018226896959,0.019561705929098592,0.01648761652624118,0.01390569701130151,0.01971915605238047,0.018520404543779796,0.044223861036307724
8,8,8,8,14944.69830368237,0.004277142482427138,0.0028514283216180916,0.009128514102269173,0.005655573386179365,0.008537164980481078,0.015479126931024944,0.010043126231769471,0.03385881883072414
9,9,9,8,14944.69830368237,0.004277142482427138,0.0028514283216180916,0.009128514102269173,0.005655573386179365,0.008537164980481078,0.015479126931024944,0.010043126231769471,0.03385881883072414
10,10,10,10,8132.739312387315,0.004667731945861953,0.0031118212972413017,0.005281447830416688,0.003949094371522519,0.00775214899773366,0.011204657099387099,0.010864136750701213,0.025805195242918195
11,11,11,11,6540.072407512339,0.0026429190399641367,0.0017619460266427578,0.0028003167103150266,0.0021122783848688004,0.0042835305719991085,0.00622333267618759,0.005984812532953812,0.01617635547668518
12,12,12,12,2448.7792099619787,0.0011306091562060527,0.0007537394374707018,0.004575257512829671,0.004040481220980453,0.0017329490576934933,0.002402083752327132,0.0023228787695742034,0.005960066193255395
13,13,13,12,2448.7792099619787,0.0011306091562060527,0.0007537394374707018,0.004575257512829671,0.004040481220980453,0.0017329490576934933,0.002402083752327132,0.0023228787695742034,0.005960066193255395
14,14,14,14,1625.3788680043049,0.0006162971935743389,0.00041086479571622597,0.003083725322352597,0.0023234719809957652,0.0007480819737766334,0.001962163270677775,0.001107697479377008,0.0038688777951255368
15,15,15,14,1625.3788680043049,0.0006162971935743389,0.00041086479571622597,0.003083725322352597,0.0023234719809957652,0.0007480819737766334,0.001962163270677775,0.001107697479377008,0.0038688777951255368
16,16,16,14,1916.433963073769,0.0006162971935743389,0.00041086479571622597,0.003083725322352597,0.0023234719809957652,0.0007480819737766334,0.001962163270677775,0.001107697479377008,0.0038688777951255368
17,17,17,17,1501.253511192048,0.0003925360636144737,0.0002616907090763158,0.0038306998222847398,0.002805171969805278,0.000837157525100031,0.001188420750516755,0.0011114588395776046,0.002848939692172899
18,18,18,17,1501.253511192048,0.0003925360636144737,0.0002616907090763158,0.0038306998222847398,0.002805171969805278,0.000837157525100031,0.001188420750516755,0.0011114588395776046,0.002848939692172899
19,19,19,17,1501.253511192048,0.0003925360636144737,0.0002616907090763158,0.0038306998222847398,0.002805171969805278,0.000837157525100031,0.001188420750516755,0.0011114588395776046,0.002848939692172899
20,20,20,20,1079.7958278966428,0.00016798905940212938,0.00011199270626808625,0.003234995928402098,0.002411469167207013,0.00011823368438593218,0.00029545184386563206,0.0002429537466324197,0.0018112881207475043
21,21,21,20,1122.005627602271,0.00016798905940212938,0.00011199270626808625,0.003234995928402098,0.002411469167207013,0.00011823368438593218,0.00029545184386563206,0.0002429537466324197,0.0018112881207475043
22,22,22,22,1117.130376917551,0.00016228903360654412,0.00010819268907102941,0.0033509916942999654,0.002561421633142715,5.3585582794189734e-05,0.00031713094378369165,0.00024638685870748134,0.0016940657088161516
23,23,23,23,988.8106601045102,8.280304627425461e-05,5.5202030849503064e-05,0.003195748400534517,0.002423238153313125,-1.403839755272085e-05,0.00021523195544636441,0.00014147403852807217,0.0015460621993033511
24,24,24,23,988.8106601045102,8.280304627425461e-05,5.5202030849503064e-05,0.003195748400534517,0.002423238153313125,-1.403839755272085e-05,0.00021523195544636441,0.00014147403852807217,0.0015460621993033511
25,25,25,23,988.8106601045102,8.280304627425461e-05,5.5202030849503064e-05,0.003195748400534517,0.002423238153313125,-1.403839755272085e-05,0.00021523195544636441,0.00014147403852807217,0.0015460621993033511
26,26,26,26,979.933475472469,7.315935964394282e-05,4.8772906429295215e-05,0.0031805816379917445,0.002460064495012817,-2.4031744650161724e-05,0.00021376986986213156,0.00013717155653687058,0.001561093597727123
27,27,27,26,979.933475472469,7.315935964394282e-05,4.8772906429295215e-05,0.0031805816379917445,0.002460064495012817,-2.4031744650161724e-05,0.00021376986986213156,0.00013717155653687058,0.001561093597727123
28,28,28,26,979.933475472469,7.315935964394282e-05,4.8772906429295215e-05,0.0031805816379917445,0.002460064495012817,-2.4031744650161724e-05,0.00021376986986213156,0.00013717155653687058,0.001561093597727123
29,29,29,29,973.9267132241821,7.244022918956317e-05,4.829348612637544e-05,0.003130155280688007,0.002426278901132336,-1.5931392640111675e-05,0.0002107803149707385,0.000132532142867757,0.001564733054284089
30,30,30,29,973.9267132241821,7.244022918956317e-05,4.829348612637544e-05,0.003130155280688007,0.002426278901132336,-1.5931392640111675e-05,0.0002107803149707385,0.000132532142867757,0.001564733054284089
31,31,31,31,972.6056858971214,7.244082612392622e-05,4.829388408261748e-05,0.003068562379117349,0.0023724509858968645,-2.0853262308606624e-06,0.00020139214565914355,0.00013262129592250815,0.001583163182851168
32,32,32,31,972.6056858971214,7.244082612392622e-05,4.829388408261748e-05,0.003068562379117349,0.0023724509858968645,-2.0853262308606624e-06,0.00020139214565914355,0.00013262129592250815,0.001583163182851168
33,33,33,31,972.6056858971214,7.244082612392622e-05,4.829388408261748e-05,0.003068562379117349,0.0023724509858968645,-2.0853262308606624e-06,0.00020139214565914355,0.00013262129592250815,0.001583163182851168
34,34,34,34,971.4644035372878,6.939350777732112e-05,4.626233851821408e-05,0.003068574046635722,0.0023675243749184515,-1.0046799863258626e-05,0.0002039739728820355,0.00013004582586222807,0.0015781702480599444
35,35,35,34,971.4644035372878,6.939350777732112e-05,4.626233851821408e-05,0.003068574046635722,0.0023675243749184515,-1.0046799863258626e-05,0.0002039739728820355,0.00013004582586222807,0.0015781702480599444
36,36,36,36,974.6809888074398,6.111933418750937e-05,4.074622279167291e-05,0.0030012705725256552,0.0022924837355677925,-6.347057283001556e-06,0.00018906701473451256,0.00013774830783554876,0.0015446444639552047
37,37,37,36,974.6809888074398,6.111933418750937e-05,4.074622279167291e-05,0.0030012705725256552,0.0022924837355677925,-6.347057283001556e-06,0.00018906701473451256,0.00013774830783554876,0.0015446444639552047
38,38,38,36,974.6809888074398,6.111933418750937e-05,4.074622279167291e-05,0.0030012705725256552,0.0022924837355677925,-6.347057283001556e-06,0.00018906701473451256,0.00013774830783554876,0.0015446444639552047
39,39,39,39,974.2702443390954,5.81068545886243e-05,3.873790305908287e-05,0.003020492056174053,0.0023027920566338613,-8.8456982198018e-06,0.00018888579236547468,0.00013658465697333894,0.0015317576294713439
40,40,40,39,974.2702443390954,5.81068545886243e-05,3.873790305908287e-05,0.003020492056174053,0.0023027920566338613,-8.8456982198018e-06,0.00018888579236547468,0.00013658465697333894,0.0015317576294713439
41,41,41,41,971.3062524853073,5.625395370659203e-05,3.750263580439468e-05,0.00298654286731581,0.0022630532759526593,-1.0565167988266233e-05,0.0001747705002834209,0.00013687069736535717,0.0014830344481323431
42,42,42,41,971.3062524853073,5.625395370659203e-05,3.750263580439468e-05,0.00298654286731581,0.0022630532759526593,-1.0565167988266233e-05,0.0001747705002834209,0.00013687069736535717,0.0014830344481323431
43,43,43,43,971.1983507576583,5.442476920033967e-05,3.628317946689312e-05,0.002982892362549953,0.0022617211143350483,-1.3077174668120473e-05,0.00017553358834194918,0.00013560418143972186,0.0014743324737005736
44,44,44,43,971.1983507576583,5.442476920033967e-05,3.628317946689312e-05,0.002982892362549953,0.0022617211143350483,-1.3077174668120473e-05,0.00017553358834194918,0.00013560418143972186,0.0014743324737005736
45,45,45,43,971.1983507576583,5.442476920033967e-05,3.628317946689312e-05,0.002982892362549953,0.0022617211143350483,-1.3077174668120473e-05,0.00017553358834194918,0.00013560418143972186,0.0014743324737005736
46,46,46,46,973.6126348242266,5.575942320265592e-05,3.717294880177062e-05,0.0030165570057562063,0.0022470844538454837,-1.077890688955252e-06,0.0001995589258664358,0.00013567332747049798,0.0014579297249743338
47,47,47,46,973.6126348242266,5.575942320265592e-05,3.717294880177062e-05,0.0030165570057562063,0.0022470844538454837,-1.077890688955252e-06,0.0001995589258664358,0.00013567332747049798,0.0014579297249743338
48,48,48,48,973.5245039416934,5.634845740443151e-05,3.7565638269621e-05,0.0030163169417389193,0.002245093181739482,1.6742880465381305e-06,0.0001984013148086637,0.00013656574214767486,0.0014560534357460119
49,49,49,48,973.5245039416934,5.634845740443151e-05,3.7565638269621e-05,0.0030163169417389193,0.002245093181739482,1.6742880465381305e-06,0.0001984013148086637,0.00013656574214767486,0.0014560534357460119
50,50,50,50,973.4723185344892,5.617601508714487e-05,3.7450676724763245e-05,0.003015049839265798,0.0022414048077433356,1.9737723503110427e-06,0.00019898688103158618,0.00013695082536688274,0.0014558563538338604
51,51,51,51,979.7759154325652,5.494012122875258e-05,3.6626747485835054e-05,0.003081833675192521,0.0022954865893293,6.780783187047834e-06,0.00019022471080533713,0.00012389819524507434,0.0014747134054460234
52,52,52,51,979.7759154325652,5.494012122875258e-05,3.6626747485835054e-05,0.003081833675192521,0.0022954865893293,6.780783187047834e-06,0.00019022471080533713,0.00012389819524507434,0.0014747134054460234
53,53,53,53,979.559632311518,5.484485638115877e-05,3.656323758743918e-05,0.0031023082524924144,0.002312127759965059,5.129689928745629e-06,0.00018951209430394302,0.00012212984915811742,0.0014760035760772873
54,54,54,53,979.559632311518,5.484485638115877e-05,3.656323758743918e-05,0.0031023082524924144,0.002312127759965059,5.129689928745629e-06,0.00018951209430394302,0.00012212984915811742,0.0014760035760772873
55,55,55,53,979.559632311518,5.484485638115877e-05,3.656323758743918e-05,0.0031023082524924144,0.002312127759965059,5.129689928745629e-06,0.00018951209430394302,0.00012212984915811742,0.0014760035760772873
56,56,56,56,980.1734610619737,5.453177000749876e-05,3.6354513338332506e-05,0.003045952856374517,0.002268253316596602,-4.954066573553684e-06,0.00021318326003468355,0.00013454590757967788,0.0015027030235879061
57,57,57,57,980.1090377497515,5.187683034155177e-05,3.4584553561034515e-05,0.0030587763923721496,0.0022727602407942547,-6.461197150579856e-06,0.00021205501789761828,0.0001374995217888475,0.0014793287607280468
58,58,58,57,980.1090377497515,5.187683034155177e-05,3.4584553561034515e-05,0.0030587763923721496,0.0022727602407942547,-6.461197150579856e-06,0.00021205501789761828,0.0001374995217888475,0.0014793287607280468
59,59,59,59,979.8584766096862,4.9983121397423336e-05,3.332208093161556e-05,0.0030570364419299292,0.0022689719840880366,-8.96512312849318e-06,0.00021056827044943073,0.00013558267594989543,0.001462850937917982
60,60,60,59,979.8584766096862,4.9983121397423336e-05,3.332208093161556e-05,0.0030570364419299292,0.0022689719840880366,-8.96512312849318e-06,0.00021056827044943073,0.00013558267594989543,0.001462850937917982
61,61,61,61,977.4989640852714,4.934608969475729e-05,3.289739312983819e-05,0.0027340063874233037,0.0020498976567927024,-3.7908667202407598e-06,0.00020547870525656012,0.000132141744427057,0.001390727221200076
62,62,62,61,977.4989640852714,4.934608969475729e-05,3.289739312983819e-05,0.0027340063874233037,0.0020498976567927024,-3.7908667202407598e-06,0.00020547870525656012,0.000132141744427057,0.001390727221200076
63,63,63,63,977.2237898089504,4.658960366432652e-05,3.1059735776217685e-05,0.0027385046563588923,0.002048762203225362,-5.003607652272202e-06,0.0002056600609592828,0.00013100959289403385,0.0013678324575135037
64,64,64,63,977.2237898089504,4.658960366432652e-05,3.1059735776217685e-05,0.0027385046563588923,0.002048762203225362,-5.003607652272202e-06,0.0002056600609592828,0.00013100959289403385,0.0013678324575135037
65,65,65,63,977.2237898089504,4.658960366432652e-05,3.1059735776217685e-05,0.0027385046563588923,0.002048762203225362,-5.003607652272202e-06,0.0002056600609592828,0.00013100959289403385,0.0013678324575135037
66,66,66,66,975.0810421346656,4.785576725105378e-05,3.1903844834035855e-05,0.0026731667972664575,0.00202247607170578,-1.2583152015667454e-05,0.00019545176652587128,0.00014016650749231613,0.0013224892296948643
67,67,67,66,975.0810421346656,4.785576725105378e-05,3.1903844834035855e-05,0.0026731667972664575,0.00202247607170578,-1.2583152015667454e-05,0.00019545176652587128,0.00014016650749231613,0.0013224892296948643
68,68,68,68,974.9965171269855,4.8342527291966864e-05,3.222835152797791e-05,0.0026719327561750762,0.0020189600398103314,-1.308493570861824e-05,0.00019549295281459856,0.00014057355699244323,0.0013232739093410073
69,69,69,68,974.9965171269855,4.8342527291966864e-05,3.222835152797791e-05,0.0026719327561750762,0.0020189600398103314,-1.308493570861824e-05,0.00019549295281459856,0.00014057355699244323,0.0013232739093410073
70,70,70,70,974.934125063889,4.8744680502921245e-05,3.2496453668614166e-05,0.002682651045348638,0.00202337932691489,-1.3155747337886825e-05,0.00019579085172482274,0.00014046827053736805,0.0013241058208693232
71,71,71,71,975.2145566204641,5.027540040852818e-05,3.351693360568545e-05,0.00279488204549111,0.002109837085384988,-1.018427960276791e-05,0.00019061674599037012,0.00014744659013807976,0.0013486653818911571
72,72,72,72,975.1781690407504,4.765758709585066e-05,3.177172473056711e-05,0.0028252321970668095,0.002128471883625587,-1.297489532724877e-05,0.00018936138455982664,0.00014468188847934632,0.00134701436739794
73,73,73,72,975.1781690407504,4.765758709585066e-05,3.177172473056711e-05,0.0028252321970668095,0.002128471883625587,-1.297489532724877e-05,0.00018936138455982664,0.00014468188847934632,0.00134701436739794
74,74,74,72,975.1781690407504,4.765758709585066e-05,3.177172473056711e-05,0.0028252321970668095,0.002128471883625587,-1.297489532724877e-05,0.00018936138455982664,0.00014468188847934632,0.00134701436739794
75,75,75,75,974.9197525372192,4.614208321068736e-05,3.07613888071249e-05,0.0028305505605085803,0.0021339080575519644,-1.7593083684083743e-05,0.0001883359127052994,0.0001428680423954734,0.0013429784718284902
76,76,76,76,974.5551042712931,4.390462930803363e-05,2.926975287202242e-05,0.0029313841878375597,0.0021751372999524684,-1.690787304475111e-05,0.00018765740412272767,0.00012704552157683652,0.0013472333498509618
77,77,77,76,974.5551042712931,4.390462930803363e-05,2.926975287202242e-05,0.0029313841878375597,0.0021751372999524684,-1.690787304475111e-05,0.00018765740412272767,0.00012704552157683652,0.0013472333498509618
78,78,78,78,974.0155999172823,4.401703598205797e-05,2.9344690654705317e-05,0.002924570551260018,0.0021725644325575662,-2.038155440232947e-05,0.00018977662872883433,0.00012592123444511022,0.0013475999973294982
79,79,79,78,974.0155999172823,4.401703598205797e-05,2.9344690654705317e-05,0.002924570551260018,0.0021725644325575662,-2.038155440232947e-05,0.00018977662872883433,0.00012592123444511022,0.0013475999973294982
80,80,80,78,974.0155999172823,4.401703598205797e-05,2.9344690654705317e-05,0.002924570551260018,0.0021725644325575662,-2.038155440232947e-05,0.00018977662872883433,0.00012592123444511022,0.0013475999973294982
81,81,81,81,971.6961330502611,4.568121923104185e-05,3.0454146154027896e-05,0.0029326483687404626,0.0021518282989775005,-1.7878389614922607e-05,0.0001522390226389957,0.00010675946335465814,0.0012628915971156535
82,82,82,81,971.6961330502611,4.568121923104185e-05,3.0454146154027896e-05,0.0029326483687404626,0.0021518282989775005,-1.7878389614922607e-05,0.0001522390226389957,0.00010675946335465814,0.0012628915971156535
83,83,83,83,971.5446574161485,4.770427539671496e-05,3.1802850264476636e-05,0.0029185721059768774,0.0021409438372886795,-1.77299646452328e-05,0.00015321336364732192,0.0001070765270737295,0.0012690613083783603
84,84,84,83,971.5446574161485,4.770427539671496e-05,3.1802850264476636e-05,0.0029185721059768774,0.0021409438372886795,-1.77299646452328e-05,0.00015321336364732192,0.0001070765270737295,0.0012690613083783603
85,85,85,83,971.5446574161485,4.770427539671496e-05,3.1802850264476636e-05,0.0029185721059768774,0.0021409438372886795,-1.77299646452328e-05,0.00015321336364732192,0.0001070765270737295,0.0012690613083783603
86,86,86,86,974.1631629083597,4.580096052364535e-05,3.0533973682430236e-05,0.0027234068640582614,0.0019918208309891924,-1.1336239626513755e-05,0.00013796727440400447,9.048094848843752e-05,0.00128372290131471
87,87,87,87,974.1217922236217,4.376915079704058e-05,2.917943386469372e-05,0.002713182408903268,0.001984245657666885,-1.0574478618824434e-05,0.00013687902515075113,8.943152226549567e-05,0.0012682318436361497
88,88,88,87,974.1217922236217,4.376915079704058e-05,2.917943386469372e-05,0.002713182408903268,0.001984245657666885,-1.0574478618824434e-05,0.00013687902515075113,8.943152226549567e-05,0.0012682318436361497
89,89,89,89,974.0022254100152,4.21649234355892e-05,2.8109948957059466e-05,0.0027127617749605204,0.001983967851727073,-9.727978214614519e-06,0.00013742574828444698,9.008328624184742e-05,0.0012608123260860297
90,90,90,89,974.0022254100152,4.21649234355892e-05,2.8109948957059466e-05,0.0027127617749605204,0.001983967851727073,-9.727978214614519e-06,0.00013742574828444698,9.008328624184742e-05,0.0012608123260860297
91,91,91,91,970.6762482633912,4.054658471577821e-05,2.7031056477185476e-05,0.002872806236090243,0.002093347933430878,-1.113049124145532e-05,0.00013000216484079048,7.626005947708459e-05,0.0012302474323238
92,92,92,91,970.6762482633912,4.054658471577821e-05,2.7031056477185476e-05,0.002872806236090243,0.002093347933430878,-1.113049124145532e-05,0.00013000216484079048,7.626005947708459e-05,0.0012302474323238
93,93,93,93,970.5019079687524,3.893329483986574e-05,2.5955529893243828e-05,0.002886754655296406,0.0021023559881362354,-1.1900038490025855e-05,0.00013097409444574884,7.537525057660366e-05,0.0012241303762393272
94,94,94,93,970.5019079687524,3.893329483986574e-05,2.5955529893243828e-05,0.002886754655296406,0.0021023559881362354,-1.1900038490025855e-05,0.00013097409444574884,7.537525057660366e-05,0.0012241303762393272
95,95,95,93,970.5019079687524,3.893329483986574e-05,2.5955529893243828e-05,0.002886754655296406,0.0021023559881362354,-1.1900038490025855e-05,0.00013097409444574884,7.537525057660366e-05,0.0012241303762393272
96,96,96,96,970.7721586334358,3.740049768108378e-05,2.493366512072252e-05,0.0027600857369283784,0.002053026746280495,-1.1120911664927458e-05,0.00012658050152508768,7.45211792102865e-05,0.0011408053497680237
97,97,97,97,970.6883790757755,3.5078964157914116e-05,2.3385976105276075e-05,0.0027841577004811876,0.002068431143664559,-1.2360236983879891e-05,0.00012664676146591661,7.600355836388101e-05,0.0011156012786262355
98,98,98,97,970.6883790757755,3.5078964157914116e-05,2.3385976105276075e-05,0.0027841577004811876,0.002068431143664559,-1.2360236983879891e-05,0.00012664676146591661,7.600355836388101e-05,0.0011156012786262355
99,99,99,99,970.5103390398142,3.278349881258302e-05,2.1855665875055347e-05,0.0028031322500561826,0.0020809967769003447,-1.3835936738378074e-05,0.00012757466802971074,7.723593169232934e-05,0.0011013096196747414
100,100,100,99,970.5103390398142,3.278349881258302e-05,2.1855665875055347e-05,0.0028031322500561826,0.0020809967769003447,-1.3835936738378074e-05,0.00012757466802971074,7.723593169232934e-05,0.0011013096196747414
101,101,101,101,969.4895121610543,3.07342688350698e-05,2.04895125567132e-05,0.003006192835750806,0.0021717773766950967,-2.393299159016149e-05,0.0001262408076664806,7.67541524947929e-05,0.0010847032012436717
102,102,102,102,969.4687473942132,2.780790166392877e-05,1.8538601109285846e-05,0.0029931520907962605,0.0021711207154598874,-2.1360326697084098e-05,0.0001265526226217031,7.691398315691489e-05,0.001044639677942525
103,103,103,103,969.031612736829,2.5836420721070397e-05,1.72242804807136e-05,0.002991410059402041,0.002171301832215717,-2.1178426864033872e-05,0.00012701608151344156,7.733961036653775e-05,0.0010255350109200953
104,104,104,103,969.031612736829,2.5836420721070397e-05,1.72242804807136e-05,0.002991410059402041,0.002171301832215717,-2.1178426864033872e-05,0.00012701608151344156,7.733961036653775e-05,0.0010255350109200953
105,105,105,103,969.031612736829,2.5836420721070397e-05,1.72242804807136e-05,0.002991410059402041,0.002171301832215717,-2.1178426864033872e-05,0.00012701608151344156,7.733961036653775e-05,0.0010255350109200953
106,106,106,106,967.6509566164808,2.6251476993227607e-05,1.7500984662151737e-05,0.0029213025378828673,0.0021418256003273035,-1.6045650338435136e-05,0.00011293524321575029,6.880949057668645e-05,0.0009437890365120553
107,107,107,107,967.3967431943568,2.632018814346937e-05,1.7546792095646246e-05,0.002883340415356713,0.0021169541882256992,-1.2801614411445117e-05,0.00011033326259599768,5.962098770365826e-05,0.0009195891348278198
108,108,108,107,967.3967431943568,2.632018814346937e-05,1.7546792095646246e-05,0.002883340415356713,0.0021169541882256992,-1.2801614411445117e-05,0.00011033326259599768,5.962098770365826e-05,0.0009195891348278198
109,109,109,109,967.306464448873,2.651572981826611e-05,1.7677153212177405e-05,0.0028642079060750354,0.0021053864855806017,-1.4029366699717938e-05,0.00011048426495547,5.9371315667029745e-05,0.0009142516947868611
110,110,110,109,967.306464448873,2.651572981826611e-05,1.7677153212177405e-05,0.0028642079060750354,0.0021053864855806017,-1.4029366699717938e-05,0.00011048426495547,5.9371315667029745e-05,0.0009142516947868611
111,111,111,111,965.5961562709786,2.5022590382894894e-05,1.668172692192993e-05,0.0027107599294633367,0.00200378047059055,-1.0949053144450327e-05,8.41997308544171e-05,5.7799522036675044e-05,0.0008728318049110197
112,112,112,111,965.5961562709786,2.5022590382894894e-05,1.668172692192993e-05,0.0027107599294633367,0.00200378047059055,-1.0949053144450327e-05,8.41997308544171e-05,5.7799522036675044e-05,0.0008728318049110197
113,113,113,113,965.4866136400019,2.5034382123062526e-05,1.6689588082041684e-05,0.002698788958111575,0.0019959068555177196,-1.1105359666571668e-05,8.524481272504774e-05,5.7586999297309927e-05,0.0008685286902536797
114,114,114,113,965.4866136400019,2.5034382123062526e-05,1.6689588082041684e-05,0.002698788958111575,0.0019959068555177196,-1.1105359666571668e-05,8.524481272504774e-05,5.7586999297309927e-05,0.0008685286902536797
115,115,115,113,965.4866136400019,2.5034382123062526e-05,1.6689588082041684e-05,0.002698788958111575,0.0019959068555177196,-1.1105359666571668e-05,8.524481272504774e-05,5.7586999297309927e-05,0.0008685286902536797
116,116,116,116,964.6187288183835,2.5413611839802952e-05,1.694240789320197e-05,0.002570897319370251,0.0019690354843838556,-8.97912040537241e-06,7.83259589151746e-05,6.531224004147768e-05,0.0007950585530087528
117,117,117,117,964.5146259360616,2.7142151138498383e-05,1.8094767425665587e-05,0.0025602852058584633,0.0019615534206610845,-7.5533419167453375e-06,7.836133625598211e-05,6.6318123894335e-05,0.0008094353626369394
118,118,118,117,964.5146259360616,2.7142151138498383e-05,1.8094767425665587e-05,0.0025602852058584633,0.0019615534206610845,-7.5533419167453375e-06,7.836133625598211e-05,6.6318123894335e-05,0.0008094353626369394
119,119,119,119,964.2018024288966,2.898611993687461e-05,1.9324079957916407e-05,0.0025547401826039183,0.001954149431245942,-8.699093761312116e-06,7.836173796652047e-05,6.663703594191744e-05,0.000828402944995005
120,120,120,119,964.2018024288966,2.898611993687461e-05,1.9324079957916407e-05,0.0025547401826039183,0.001954149431245942,-8.699093761312116e-06,7.836173796652047e-05,6.663703594191744e-05,0.000828402944995005
121,121,121,121,967.2007067808827,3.213585534078689e-05,2.1423903560524596e-05,0.002317878907806562,0.0017677512594808683,-5.0036641767239876e-06,6.789321973201581e-05,6.145139228847657e-05,0.0008866972370222898
122,122,122,121,967.2007067808827,3.213585534078689e-05,2.1423903560524596e-05,0.002317878907806562,0.0017677512594808683,-5.0036641767239876e-06,6.789321973201581e-05,6.145139228847657e-05,0.0008866972370222898
123,123,123,123,966.8490680652582,3.437344752996174e-05,2.2915631686641163e-05,0.0023119535731250984,0.0017592384244406291,-4.257229834325749e-06,6.792831828426528e-05,6.099743373460392e-05,0.0009115027761182207
124,124,124,123,966.8490680652582,3.437344752996174e-05,2.2915631686641163e-05,0.0023119535731250984,0.0017592384244406291,-4.257229834325749e-06,6.792831828426528e-05,6.099743373460392e-05,0.0009115027761182207
125,125,125,123,966.8490680652582,3.437344752996174e-05,2.2915631686641163e-05,0.0023119535731250984,0.0017592384244406291,-4.257229834325749e-06,6.792831828426528e-05,6.099743373460392e-05,0.0009115027761182207
126,126,126,126,964.9720303337997,3.345464980666901e-05,2.2303099871112675e-05,0.002064791143173707,0.0016082476973737817,-9.810582919898836e-06,6.4404004612533e-05,5.522481594661538e-05,0.000859236155071966
127,127,127,127,964.8423539626037,3.246066943515813e-05,2.164044629010542e-05,0.00207553132730071,0.0015978955258822256,-9.506282507551478e-06,6.165149178270825e-05,5.2264305060091554e-05,0.0008257510883929594
128,128,128,127,964.8423539626037,3.246066943515813e-05,2.164044629010542e-05,0.00207553132730071,0.0015978955258822256,-9.506282507551478e-06,6.165149178270825e-05,5.2264305060091554e-05,0.0008257510883929594
129,129,129,129,964.657008947049,3.113269743576508e-05,2.0755131623843383e-05,0.002098406982274643,0.00160889719546802,-9.578515635176588e-06,6.213528845826102e-05,5.225740408392604e-05,0.000810795151565584
130,130,130,129,964.657008947049,3.113269743576508e-05,2.0755131623843383e-05,0.002098406982274643,0.00160889719546802,-9.578515635176588e-06,6.213528845826102e-05,5.225740408392604e-05,0.000810795151565584
131,131,131,129,964.657008947049,3.113269743576508e-05,2.0755131623843383e-05,0.002098406982274643,0.00160889719546802,-9.578515635176588e-06,6.213528845826102e-05,5.225740408392604e-05,0.000810795151565584
132,132,132,132,964.5802862001922,3.0996735072341686e-05,2.066449004822779e-05,0.002099943711581169,0.0016102020341906614,-9.559978327612628e-06,6.190498895036626e-05,5.2202520967395416e-05,0.0008087888403031816
133,133,133,132,964.5802862001922,3.0996735072341686e-05,2.066449004822779e-05,0.002099943711581169,0.0016102020341906614,-9.559978327612628e-06,6.190498895036626e-05,5.2202520967395416e-05,0.0008087888403031816
134,134,134,132,964.5802862001922,3.0996735072341686e-05,2.066449004822779e-05,0.002099943711581169,0.0016102020341906614,-9.559978327612628e-06,6.190498895036626e-05,5.2202520967395416e-05,0.0008087888403031816
135,135,135,135,964.5610808904628,3.0983510787591095e-05,2.0655673858394064e-05,0.0021009471240459963,0.0016111381706939315,-9.398663711614186e-06,6.182514659908365e-05,5.2104793451066e-05,0.0008081484464104506
136,136,136,135,964.5610808904628,3.0983510787591095e-05,2.0655673858394064e-05,0.0021009471240459963,0.0016111381706939315,-9.398663711614186e-06,6.182514659908365e-05,5.2104793451066e-05,0.0008081484464104506
137,137,137,137,964.548495865579,3.098619876873432e-05,2.065746584582288e-05,0.0021014337987652217,0.001611689443419982,-9.186146806186568e-06,6.179089738653893e-05,5.2023809288669065e-05,0.0008075313861570402
138,138,138,137,964.548495865579,3.098619876873432e-05,2.065746584582288e-05,0.0021014337987652217,0.001611689443419982,-9.186146806186568e-06,6.179089738653893e-05,5.2023809288669065e-05,0.0008075313861570402
139,139,139,139,964.5342744043533,3.0983105441334535e-05,2.0655403627556357e-05,0.0021020807643605957,0.0016122079811026375,-8.993617489967687e-06,6.176864734731892e-05,5.1951223079688136e-05,0.0008068433762395829
140,140,140,139,964.5342744043533,3.0983105441334535e-05,2.0655403627556357e-05,0.0021020807643605957,0.0016122079811026375,-8.993617489967687e-06,6.176864734731892e-05,5.1951223079688136e-05,0.0008068433762395829
141,141,141,141,964.5225923189277,3.093213036092779e-05,2.0621420240618527e-05,0.002102924749554941,0.0016127531030912152,-8.828917948920656e-06,6.17305288372496e-05,5.1877235601023586e-05,0.0008057408203432767
142,142,142,141,964.5225923189277,3.093213036092779e-05,2.0621420240618527e-05,0.002102924749554941,0.0016127531030912152,-8.828917948920656e-06,6.17305288372496e-05,5.1877235601023586e-05,0.0008057408203432767
143,143,143,143,964.5103882665953,3.0844167999227734e-05,2.056277866615182e-05,0.0021038045905319444,0.0016132948356354022,-8.825976781111355e-06,6.171404273668969e-05,5.179615676745991e-05,0.0008045021467926453
144,144,144,143,964.5103882665953,3.0844167999227734e-05,2.056277866615182e-05,0.0021038045905319444,0.0016132948356354022,-8.825976781111355e-06,6.171404273668969e-05,5.179615676745991e-05,0.0008045021467926453
145,145,145,145,964.5000990956804,3.076209517705042e-05,2.0508063451366947e-05,0.002104361875462681,0.001613660734252715,-8.871242806809954e-06,6.170016711366604e-05,5.1703614875373005e-05,0.0008033832806940977
146,146,146,145,964.5000990956804,3.076209517705042e-05,2.0508063451366947e-05,0.002104361875462681,0.001613660734252715,-8.871242806809954e-06,6.170016711366604e-05,5.1703614875373005e-05,0.0008033832806940977
147,147,147,147,964.4891477509871,3.067877731283142e-05,2.0452518208554277e-05,0.002104981520512038,0.0016140566827993223,-8.926533842185114e-06,6.169290885250803e-05,5.161143976462057e-05,0.0008022624848168928
148,148,148,147,964.4891477509871,3.067877731283142e-05,2.0452518208554277e-05,0.002104981520512038,0.0016140566827993223,-8.926533842185114e-06,6.169290885250803e-05,5.161143976462057e-05,0.0008022624848168928
149,149,149,149,964.4801666661401,3.059840954861004e-05,2.039893969907336e-05,0.002105577397487224,0.0016144279265708317,-8.965963675000577e-06,6.168006616109287e-05,5.1519057577553706e-05,0.0008011448642339528
150,150,150,149,964.4801666661401,3.059840954861004e-05,2.039893969907336e-05,0.002105577397487224,0.0016144279265708317,-8.965963675000577e-06,6.168006616109287e-05,5.1519057577553706e-05,0.0008011448642339528
151,151,151,151,964.4706164478838,3.0505954254800294e-05,2.033730283653353e-05,0.002106362725019462,0.0016148974393643796,-9.018243115860303e-06,6.167344858540334e-05,5.14353639534601e-05,0.0007999363180988787
152,152,152,151,964.4706164478838,3.0505954254800294e-05,2.033730283653353e-05,0.002106362725019462,0.0016148974393643796,-9.018243115860303e-06,6.167344858540334e-05,5.14353639534601e-05,0.0007999363180988787
153,153,153,153,964.463067871151,3.0423640300369925e-05,2.0282426866913283e-05,0.00210691925943665,0.0016152420781920152,-9.067200761568583e-06,6.166258419775097e-05,5.133810604931316e-05,0.0007987861368382344
154,154,154,153,964.463067871151,3.0423640300369925e-05,2.0282426866913283e-05,0.00210691925943665,0.0016152420781920152,-9.067200761568583e-06,6.166258419775097e-05,5.133810604931316e-05,0.0007987861368382344
155,155,155,155,964.454970009768,3.0338460376144738e-05,2.022564025076316e-05,0.0021076381048278844,0.0016156685285487974,-9.126523989731739e-06,6.16580422244841e-05,5.1243037999526564e-05,0.0007976126400504904
156,156,156,155,964.454970009768,3.0338460376144738e-05,2.022564025076316e-05,0.0021076381048278844,0.0016156685285487974,-9.126523989731739e-06,6.16580422244841e-05,5.1243037999526564e-05,0.0007976126400504904
157,157,157,157,964.4489401070952,3.025275779114378e-05,2.0168505194095854e-05,0.002108379975257167,0.0016160972161077195,-9.17038089315314e-06,6.1647134533984e-05,5.115123507332814e-05,0.0007964378083327069
158,158,158,157,964.4489401070952,3.025275779114378e-05,2.0168505194095854e-05,0.002108379975257167,0.0016160972161077195,-9.17038089315314e-06,6.1647134533984e-05,5.115123507332814e-05,0.0007964378083327069
159,159,159,159,964.4424303048505,3.0165554780220427e-05,2.0110369853480282e-05,0.0021090971354747433,0.0016165075290628874,-9.221954149235545e-06,6.164424442581667e-05,5.106183421138555e-05,0.000795227725190513
160,160,160,159,964.4424303048505,3.0165554780220427e-05,2.0110369853480282e-05,0.0021090971354747433,0.0016165075290628874,-9.221954149235545e-06,6.164424442581667e-05,5.106183421138555e-05,0.000795227725190513
161,161,161,161,964.438026885605,3.0081225484202e-05,2.0054150322801334e-05,0.0021098265167689436,0.0016169166981141116,-9.261072314650787e-06,6.163375958681434e-05,5.09689305311159e-05,0.0007940164008407575
162,162,162,161,964.438026885605,3.0081225484202e-05,2.0054150322801334e-05,0.0021098265167689436,0.0016169166981141116,-9.261072314650787e-06,6.163375958681434e-05,5.09689305311159e-05,0.0007940164008407575
163,163,163,163,964.4331953225923,2.9995907863039628e-05,1.9997271908693083e-05,0.002110537453827194,0.0016172978559389913,-9.30639122602439e-06,6.164394199883718e-05,5.087851522558168e-05,0.0007929269024871358
164,164,164,163,964.4331953225923,2.9995907863039628e-05,1.9997271908693083e-05,0.002110537453827194,0.0016172978559389913,-9.30639122602439e-06,6.164394199883718e-05,5.087851522558168e-05,0.0007929269024871358
165,165,165,165,964.4305020468854,2.988522721089626e-05,1.992348480726417e-05,0.0021113103319205556,0.0016177395051342725,-9.335877440619367e-06,6.162318898911178e-05,5.0791590593943226e-05,0.0007914896771805211
166,166,166,165,964.4305020468854,2.988522721089626e-05,1.992348480726417e-05,0.0021113103319205556,0.0016177395051342725,-9.335877440619367e-06,6.162318898911178e-05,5.0791590593943226e-05,0.0007914896771805211
167,167,167,167,964.4274058723381,2.9773648079406412e-05,1.9849098719604275e-05,0.002111949044037694,0.0016180751424842276,-9.379256163628835e-06,6.162185580752702e-05,5.070402708089866e-05,0.0007901703028416255
168,168,168,167,964.4274058723381,2.9773648079406412e-05,1.9849098719604275e-05,0.002111949044037694,0.0016180751424842276,-9.379256163628835e-06,6.162185580752702e-05,5.070402708089866e-05,0.0007901703028416255
169,169,169,169,964.4264500247671,2.9645381338677668e-05,1.9763587559118445e-05,0.002112864750701881,0.0016186068632725525,-9.385053090588125e-06,6.161527365619101e-05,5.063188419082015e-05,0.0007888293843350202
170,170,170,170,964.4195050399201,2.9576058399288785e-05,1.9717372266192523e-05,0.0021134864129118015,0.001619011256185625,-9.368213658073055e-06,6.160699432044128e-05,5.059273297825656e-05,0.0007881598189787446
171,171,171,170,964.4195050399201,2.9576058399288785e-05,1.9717372266192523e-05,0.0021134864129118015,0.001619011256185625,-9.368213658073055e-06,6.160699432044128e-05,5.059273297825656e-05,0.0007881598189787446
172,172,172,170,964.4195050399201,2.9576058399288785e-05,1.9717372266192523e-05,0.0021134864129118015,0.001619011256185625,-9.368213658073055e-06,6.160699432044128e-05,5.059273297825656e-05,0.0007881598189787446
173,173,173,173,964.4180704823141,2.9542274840338445e-05,1.9694849893558963e-05,0.002113694143821912,0.001619124780067475,-9.357523960674963e-06,6.160432221137934e-05,5.05744581209e-05,0.0007877983233327972
174,174,174,173,964.4180704823141,2.9542274840338445e-05,1.9694849893558963e-05,0.002113694143821912,0.001619124780067475,-9.357523960674963e-06,6.160432221137934e-05,5.05744581209e-05,0.0007877983233327972
175,175,175,175,964.4173856412901,2.9511950052990565e-05,1.9674633368660377e-05,0.0021134414601680436,0.001618932949182998,-9.35917721982954e-06,6.160678864318675e-05,5.055638592193351e-05,0.0007875316312399021
176,176,176,175,964.4173856412901,2.9511950052990565e-05,1.9674633368660377e-05,0.0021134414601680436,0.001618932949182998,-9.35917721982954e-06,6.160678864318675e-05,5.055638592193351e-05,0.0007875316312399021
177,177,177,175,964.4173856412901,2.9511950052990565e-05,1.9674633368660377e-05,0.0021134414601680436,0.001618932949182998,-9.35917721982954e-06,6.160678864318675e-05,5.055638592193351e-05,0.0007875316312399021
178,178,178,178,964.417176141968,2.9497176255138813e-05,1.9664784170092542e-05,0.0021133833204776092,0.0016189020076054278,-9.362259358290659e-06,6.160773878860681e-05,5.054849155475272e-05,0.0007874211287739358
179,179,179,178,964.417176141968,2.9497176255138813e-05,1.9664784170092542e-05,0.0021133833204776092,0.0016189020076054278,-9.362259358290659e-06,6.160773878860681e-05,5.054849155475272e-05,0.0007874211287739358
180,180,180,178,964.417176141968,2.9497176255138813e-05,1.9664784170092542e-05,0.0021133833204776092,0.0016189020076054278,-9.362259358290659e-06,6.160773878860681e-05,5.054849155475272e-05,0.0007874211287739358
181,181,181,181,964.4170932685365,2.9488393017446102e-05,1.96589286782974e-05,0.002113319211459978,0.0016188535868919577,-9.356734935454802e-06,6.160739966117452e-05,5.054664146600385e-05,0.0007873455420202918
182,182,182,182,964.4170590421476,2.9470163775385805e-05,1.9646775850257203e-05,0.002113187280117974,0.0016187484672096145,-9.341438312923667e-06,6.160664398452626e-05,5.054462789477743e-05,0.0007871854783883535
183,183,183,182,964.4170590421476,2.9470163775385805e-05,1.9646775850257203e-05,0.002113187280117974,0.0016187484672096145,-9.341438312923667e-06,6.160664398452626e-05,5.054462789477743e-05,0.0007871854783883535
184,184,184,184,964.417047235632,2.9452209192426526e-05,1.963480612828435e-05,0.0021130908152085567,0.0016186730617042426,-9.327789444055212e-06,6.160594005855162e-05,5.0542825657438895e-05,0.000787034959680018
185,185,185,185,964.4169296001571,2.9443059371053737e-05,1.962870624736916e-05,0.00211302335702645,0.001618618789553091,-9.32104570380149e-06,6.160565763608261e-05,5.0541670822731866e-05,0.0007869559508102576
186,186,186,185,964.4169296001571,2.9443059371053737e-05,1.962870624736916e-05,0.00211302335702645,0.001618618789553091,-9.32104570380149e-06,6.160565763608261e-05,5.0541670822731866e-05,0.0007869559508102576
187,187,187,187,964.4168997977888,2.9434079359874632e-05,1.9622719573249754e-05,0.0021129584034324015,0.0016185673062730594,-9.314426103308737e-06,6.160536357752643e-05,5.0540770193348294e-05,0.0007868790245143609
188,188,188,187,964.4168997977888,2.9434079359874632e-05,1.9622719573249754e-05,0.0021129584034324015,0.0016185673062730594,-9.314426103308737e-06,6.160536357752643e-05,5.0540770193348294e-05,0.0007868790245143609
189,189,189,189,964.416890052197,2.9425087248236004e-05,1.9616724832157338e-05,0.0021129054120587634,0.001618525347176396,-9.307266965921657e-06,6.160505147006514e-05,5.053977600438797e-05,0.0007868027068441312
190,190,190,189,964.416890052197,2.9425087248236004e-05,1.9616724832157338e-05,0.0021129054120587634,0.001618525347176396,-9.307266965921657e-06,6.160505147006514e-05,5.053977600438797e-05,0.0007868027068441312
191,191,191,191,964.4168620660057,2.9416103205670563e-05,1.9610735470447043e-05,0.002112843282445154,0.0016184776031505101,-9.300685223645466e-06,6.160464220392994e-05,5.053888303987314e-05,0.0007867275302075628
192,192,192,191,964.4168620660057,2.9416103205670563e-05,1.9610735470447043e-05,0.002112843282445154,0.0016184776031505101,-9.300685223645466e-06,6.160464220392994e-05,5.053888303987314e-05,0.0007867275302075628
193,193,193,193,964.4168541381139,2.9407428988825757e-05,1.960495265921717e-05,0.0021128291386010778,0.0016184692656788337,-9.298003910890307e-06,6.160492402452938e-05,5.053847594053973e-05,0.0007866791645521104
194,194,194,193,964.4168541381139,2.9407428988825757e-05,1.960495265921717e-05,0.0021128291386010778,0.0016184692656788337,-9.298003910890307e-06,6.160492402452938e-05,5.053847594053973e-05,0.0007866791645521104
195,195,195,195,964.4168273245713,2.9398753990467208e-05,1.959916932697814e-05,0.0021128257796913983,0.00161847194558374,-9.29770472535979e-06,6.160543141791245e-05,5.053844621583786e-05,0.0007866411084807371
196,196,196,195,964.4168273245713,2.9398753990467208e-05,1.959916932697814e-05,0.0021128257796913983,0.00161847194558374,-9.29770472535979e-06,6.160543141791245e-05,5.053844621583786e-05,0.0007866411084807371
197,197,197,197,964.4168200222374,2.9390084432090458e-05,1.9593389621393637e-05,0.002112822459375747,0.0016184759058313928,-9.297454447686204e-06,6.160600144245974e-05,5.053841539024578e-05,0.0007866073406103463
198,198,198,197,964.4168200222374,2.9390084432090458e-05,1.9593389621393637e-05,0.002112822459375747,0.0016184759058313928,-9.297454447686204e-06,6.160600144245974e-05,5.053841539024578e-05,0.0007866073406103463
199,199,199,199,964.4167937080372,2.938140263619715e-05,1.9587601757464768e-05,0.0021128256758686645,0.0016184838851808026,-9.297440027533632e-06,6.160657278022529e-05,5.053841253315622e-05,0.0007865707577207962
200,200,200,199,964.4167937080372,2.938140263619715e-05,1.9587601757464768e-05,0.0021128256758686645,0.0016184838851808026,-9.297440027533632e-06,6.160657278022529e-05,5.053841253315622e-05,0.0007865707577207962
201,201,201,201,964.4167868855504,2.937263445579319e-05,1.9581756303862125e-05,0.002112822893026413,0.0016184882167536658,-9.297162509004642e-06,6.160713110440662e-05,5.053836672858775e-05,0.0007865362815676485
202,202,202,201,964.4167868855504,2.937263445579319e-05,1.9581756303862125e-05,0.002112822893026413,0.0016184882167536658,-9.297162509004642e-06,6.160713110440662e-05,5.053836672858775e-05,0.0007865362815676485
203,203,203,203,964.416761171526,2.9363979545504737e-05,1.9575986363669824e-05,0.0021128234441287817,0.0016184944634309267,-9.29710376647297e-06,6.160767323074732e-05,5.0538361713016455e-05,0.0007865011164472381
204,204,204,203,964.416761171526,2.9363979545504737e-05,1.9575986363669824e-05,0.0021128234441287817,0.0016184944634309267,-9.29710376647297e-06,6.160767323074732e-05,5.0538361713016455e-05,0.0007865011164472381
205,205,205,205,964.4167548861936,2.9355159153782173e-05,1.9570106102521447e-05,0.002112824465116103,0.00161850036444499,-9.296917427591145e-06,6.160824734673166e-05,5.053836551876384e-05,0.0007864628922944766
206,206,206,205,964.4167548861936,2.9355159153782173e-05,1.9570106102521447e-05,0.002112824465116103,0.00161850036444499,-9.296917427591145e-06,6.160824734673166e-05,5.053836551876384e-05,0.0007864628922944766
207,207,207,207,964.4167296185942,2.9346367560439957e-05,1.9564245040293304e-05,0.0021128166626041265,0.0016185012826181009,-9.296760943536264e-06,6.160872579185517e-05,5.053830399782966e-05,0.0007864282279576125
208,208,208,207,964.4167296185942,2.9346367560439957e-05,1.9564245040293304e-05,0.0021128166626041265,0.0016185012826181009,-9.296760943536264e-06,6.160872579185517e-05,5.053830399782966e-05,0.0007864282279576125
209,209,209,209,964.4167239654821,2.9337406016016754e-05,1.9558270677344503e-05,0.0021128027919286637,0.0016184961837801865,-9.296486197435394e-06,6.160925834318757e-05,5.0538320590348684e-05,0.0007863883757380289
210,210,210,209,964.4167239654821,2.9337406016016754e-05,1.9558270677344503e-05,0.0021128027919286637,0.0016184961837801865,-9.296486197435394e-06,6.160925834318757e-05,5.0538320590348684e-05,0.0007863883757380289
211,211,211,211,964.41669914268,2.932823329468426e-05,1.9552155529789506e-05,0.002112774840645392,0.0016184805457870816,-9.296453774579327e-06,6.160939710941768e-05,5.053838488983109e-05,0.0007863438362450089
212,212,212,211,964.41669914268,2.932823329468426e-05,1.9552155529789506e-05,0.002112774840645392,0.0016184805457870816,-9.296453774579327e-06,6.160939710941768e-05,5.053838488983109e-05,0.0007863438362450089
213,213,213,213,964.4166936038428,2.9318971467934274e-05,1.954598097862285e-05,0.002112740134888022,0.0016184584047229044,-9.296196055670614e-06,6.16098363115563e-05,5.053841412300947e-05,0.0007862982696057059
214,214,214,213,964.4166936038428,2.9318971467934274e-05,1.954598097862285e-05,0.002112740134888022,0.0016184584047229044,-9.296196055670614e-06,6.16098363115563e-05,5.053841412300947e-05,0.0007862982696057059
215,215,215,215,964.4166689540275,2.930974812667686e-05,1.953983208445124e-05,0.0021127046274352066,0.0016184369533337175,-9.296070475978135e-06,6.1610032373136e-05,5.053858931709787e-05,0.0007862522925603645
216,216,216,215,964.4166689540275,2.930974812667686e-05,1.953983208445124e-05,0.0021127046274352066,0.0016184369533337175,-9.296070475978135e-06,6.1610032373136e-05,5.053858931709787e-05,0.0007862522925603645
217,217,217,217,964.4166636586549,2.9300489588351963e-05,1.9533659725567976e-05,0.0021126788640714956,0.0016184210158528209,-9.295727709725254e-06,6.161012749803344e-05,5.053853277347392e-05,0.0007862069868009449
218,218,218,217,964.4166636586549,2.9300489588351963e-05,1.9533659725567976e-05,0.0021126788640714956,0.0016184210158528209,-9.295727709725254e-06,6.161012749803344e-05,5.053853277347392e-05,0.0007862069868009449
219,219,219,219,964.4166392458837,2.9291287158728085e-05,1.9527524772485393e-05,0.0021126432383767268,0.0016183988428889419,-9.295663193333026e-06,6.161029837691355e-05,5.053856680404395e-05,0.0007861617969533098
220,220,220,219,964.4166392458837,2.9291287158728085e-05,1.9527524772485393e-05,0.0021126432383767268,0.0016183988428889419,-9.295663193333026e-06,6.161029837691355e-05,5.053856680404395e-05,0.0007861617969533098
221,221,221,221,964.4166340173317,2.92819409760392e-05,1.9521293984026133e-05,0.0021125994228503465,0.0016183706016022425,-9.295344398758953e-06,6.161034946373077e-05,5.053841550436283e-05,0.000786114997212097
222,222,222,221,964.4166340173317,2.92819409760392e-05,1.9521293984026133e-05,0.0021125994228503465,0.0016183706016022425,-9.295344398758953e-06,6.161034946373077e-05,5.053841550436283e-05,0.000786114997212097
223,223,223,223,964.4166097844114,2.9272756090603647e-05,1.9515170727069098e-05,0.002112578540343124,0.0016183587286357935,-9.295314481544414e-06,6.161076585229929e-05,5.053867697922543e-05,0.0007860696996092462
224,224,224,223,964.4166097844114,2.9272756090603647e-05,1.9515170727069098e-05,0.002112578540343124,0.0016183587286357935,-9.295314481544414e-06,6.161076585229929e-05,5.053867697922543e-05,0.0007860696996092462
225,225,225,225,964.4166048261623,2.9263472520635325e-05,1.950898168042355e-05,0.0021125442114110497,0.001618337420653744,-9.295061941659577e-06,6.16109690143676e-05,5.053870905508823e-05,0.0007860236518335901
226,226,226,225,964.4166048261623,2.9263472520635325e-05,1.950898168042355e-05,0.0021125442114110497,0.001618337420653744,-9.295061941659577e-06,6.16109690143676e-05,5.053870905508823e-05,0.0007860236518335901
227,227,227,227,964.4165807513937,2.9254247266186084e-05,1.9502831510790724e-05,0.0021125022807641546,0.0016183121708496315,-9.29500881372003e-06,6.161124850235149e-05,5.0538648616059445e-05,0.0007859791381424851
228,228,228,227,964.4165807513937,2.9254247266186084e-05,1.9502831510790724e-05,0.0021125022807641546,0.0016183121708496315,-9.29500881372003e-06,6.161124850235149e-05,5.0538648616059445e-05,0.0007859791381424851
229,229,229,229,964.4165759826392,2.9244975231823567e-05,1.9496650154549044e-05,0.002112479215215266,0.001618297193397009,-9.294663544552606e-06,6.16113912735763e-05,5.0538783545314714e-05,0.0007859323094102856
230,230,230,230,964.4165407318352,2.924032726972503e-05,1.949355151315002e-05,0.002112463212976332,0.001618287372819529,-9.294582392863071e-06,6.161142520682216e-05,5.053875774455735e-05,0.0007859095146628696
231,231,231,230,964.4165407318352,2.924032726972503e-05,1.949355151315002e-05,0.002112463212976332,0.001618287372819529,-9.294582392863071e-06,6.161142520682216e-05,5.053875774455735e-05,0.0007859095146628696
232,232,232,232,964.4165303073631,2.9235694833040782e-05,1.9490463222027188e-05,0.002112445344716039,0.0016182761011448406,-9.29440887487143e-06,6.161154013825166e-05,5.0538777419027736e-05,0.000785885999949583
233,233,233,232,964.4165303073631,2.9235694833040782e-05,1.9490463222027188e-05,0.002112445344716039,0.0016182761011448406,-9.29440887487143e-06,6.161154013825166e-05,5.0538777419027736e-05,0.000785885999949583
234,234,234,234,964.4165281044811,2.9231034985310878e-05,1.948735665687392e-05,0.0021124283003337695,0.0016182655242774336,-9.294330544966367e-06,6.161164918796569e-05,5.0538794478943716e-05,0.0007858623008423517
235,235,235,234,964.4165281044811,2.9231034985310878e-05,1.948735665687392e-05,0.0021124283003337695,0.0016182655242774336,-9.294330544966367e-06,6.161164918796569e-05,5.0538794478943716e-05,0.0007858623008423517
236,236,236,236,964.416515976837,2.9226377592589392e-05,1.9484251728392927e-05,0.0021124114506686515,0.00161825503024154,-9.294389997367702e-06,6.161204903692204e-05,5.0538725971410736e-05,0.0007858391246278309
237,237,237,236,964.416515976837,2.9226377592589392e-05,1.9484251728392927e-05,0.0021124114506686515,0.00161825503024154,-9.294389997367702e-06,6.161204903692204e-05,5.0538725971410736e-05,0.0007858391246278309
238,238,238,238,964.416513821099,2.9221715903166023e-05,1.9481143935444017e-05,0.0021123935886308127,0.0016182437818764081,-9.294135797664749e-06,6.161191530695473e-05,5.053881662837184e-05,0.0007858160162714143
239,239,239,238,964.416513821099,2.9221715903166023e-05,1.9481143935444017e-05,0.0021123935886308127,0.0016182437818764081,-9.294135797664749e-06,6.161191530695473e-05,5.053881662837184e-05,0.0007858160162714143
240,240,240,240,964.4165017385699,2.9217053660990366e-05,1.947803577399358e-05,0.0021123767924675976,0.0016182332959947896,-9.294096080539327e-06,6.161195828426062e-05,5.053884128710523e-05,0.0007857926501016927
241,241,241,240,964.4165017385699,2.9217053660990366e-05,1.947803577399358e-05,0.0021123767924675976,0.0016182332959947896,-9.294096080539327e-06,6.161195828426062e-05,5.053884128710523e-05,0.0007857926501016927
242,242,242,242,964.4164996332979,2.9212399560940572e-05,1.947493304062705e-05,0.0021123607639192345,0.0016182233189700242,-9.29399272325826e-06,6.161206272932138e-05,5.0538870494887256e-05,0.0007857693496579386
243,243,243,242,964.4164996332979,2.9212399560940572e-05,1.947493304062705e-05,0.0021123607639192345,0.0016182233189700242,-9.29399272325826e-06,6.161206272932138e-05,5.0538870494887256e-05,0.0007857693496579386
244,244,244,244,964.4164875958079,2.9207733314801088e-05,1.947182220986739e-05,0.00211234305435557,0.0016182124296694712,-9.29393665904249e-06,6.161222971226214e-05,5.0538889214787885e-05,0.0007857466469593471
245,245,245,244,964.4164875958079,2.9207733314801088e-05,1.947182220986739e-05,0.00211234305435557,0.0016182124296694712,-9.29393665904249e-06,6.161222971226214e-05,5.0538889214787885e-05,0.0007857466469593471
246,246,246,246,964.4164855483925,2.9203093421165116e-05,1.9468728947443413e-05,0.0021123269053427186,0.0016182023404395609,-9.293824517662974e-06,6.16122750789233e-05,5.053891052128612e-05,0.0007857231367097682
247,247,247,246,964.4164855483925,2.9203093421165116e-05,1.9468728947443413e-05,0.0021123269053427186,0.0016182023404395609,-9.293824517662974e-06,6.16122750789233e-05,5.053891052128612e-05,0.0007857231367097682
248,248,248,248,964.4164735565397,2.9198423520671035e-05,1.9465615680447357e-05,0.0021123103489750447,0.0016181920839146836,-9.293732183605907e-06,6.161238151533043e-05,5.053892902140422e-05,0.0007857001799446116
249,249,249,248,964.4164735565397,2.9198423520671035e-05,1.9465615680447357e-05,0.0021123103489750447,0.0016181920839146836,-9.293732183605907e-06,6.161238151533043e-05,5.053892902140422e-05,0.0007857001799446116
250,250,250,250,964.4164715565371,2.9193790132275854e-05,1.9462526754850572e-05,0.0021122928336471266,0.0016181811886418704,-9.293646294872282e-06,6.161249299316661e-05,5.053895839923772e-05,0.0007856768055079271
251,251,251,250,964.4164715565371,2.9193790132275854e-05,1.9462526754850572e-05,0.0021122928336471266,0.0016181811886418704,-9.293646294872282e-06,6.161249299316661e-05,5.053895839923772e-05,0.0007856768055079271
252,252,252,252,964.4164596108565,2.918913355953734e-05,1.9459422373024893e-05,0.00211227470989321,0.0016181700100829728,-9.29356470905085e-06,6.161260658811273e-05,5.0538966316321376e-05,0.000785654170124256
253,253,253,252,964.4164596108565,2.918913355953734e-05,1.9459422373024893e-05,0.00211227470989321,0.0016181700100829728,-9.29356470905085e-06,6.161260658811273e-05,5.0538966316321376e-05,0.000785654170124256
254,254,254,254,964.4164576589275,2.918450034414266e-05,1.9456333562761774e-05,0.0021122590040417583,0.0016181602015482434,-9.293482614594617e-06,6.161271500878946e-05,5.053899378466148e-05,0.0007856307282714918
255,255,255,254,964.4164576589275,2.918450034414266e-05,1.9456333562761774e-05,0.0021122590040417583,0.0016181602015482434,-9.293482614594617e-06,6.161271500878946e-05,5.053899378466148e-05,0.0007856307282714918
256,256,256,256,964.4164457624495,2.9179834480697053e-05,1.945322298713137e-05,0.0021122413703705037,0.0016181494369348014,-9.293418738336168e-06,6.161282752889637e-05,5.053901443472647e-05,0.0007856078714702009
257,257,257,256,964.4164457624495,2.9179834480697053e-05,1.945322298713137e-05,0.0021122413703705037,0.0016181494369348014,-9.293418738336168e-06,6.161282752889637e-05,5.053901443472647e-05,0.0007856078714702009
258,258,258,258,964.4164438381438,2.9175186220448124e-05,1.9450124146965418e-05,0.002112225280417614,0.001618139535596538,-9.29329003678675e-06,6.161294215508613e-05,5.0539035260921406e-05,0.0007855849700039988
259,259,259,258,964.4164438381438,2.9175186220448124e-05,1.9450124146965418e-05,0.002112225280417614,0.001618139535596538,-9.29329003678675e-06,6.161294215508613e-05,5.0539035260921406e-05,0.0007855849700039988
260,260,260,260,964.4164319864794,2.9170522867605353e-05,1.9447015245070236e-05,0.002112205931256725,0.001618127304646666,-9.293264531688716e-06,6.16130536597042e-05,5.0539047514411295e-05,0.0007855614513069377
261,261,261,260,964.4164319864794,2.9170522867605353e-05,1.9447015245070236e-05,0.002112205931256725,0.001618127304646666,-9.293264531688716e-06,6.16130536597042e-05,5.0539047514411295e-05,0.0007855614513069377
262,262,262,262,964.4164301114328,2.916587134838e-05,1.9443914232253334e-05,0.0021121895692029096,0.0016181171431178295,-9.293175764486794e-06,6.161314942912461e-05,5.053905271125425e-05,0.000785538494220681
263,263,263,262,964.4164301114328,2.916587134838e-05,1.9443914232253334e-05,0.0021121895692029096,0.0016181171431178295,-9.293175764486794e-06,6.161314942912461e-05,5.053905271125425e-05,0.000785538494220681
264,264,264,264,964.4164183064892,2.91612072783054e-05,1.9440804852203602e-05,0.0021121743736973223,0.0016181080036255118,-9.29306710409361e-06,6.161327640170058e-05,5.053910072230772e-05,0.000785515600181646
265,265,265,264,964.4164183064892,2.91612072783054e-05,1.9440804852203602e-05,0.0021121743736973223,0.0016181080036255118,-9.29306710409361e-06,6.161327640170058e-05,5.053910072230772e-05,0.000785515600181646
266,266,266,266,964.416416477625,2.9156553090520232e-05,1.9437702060346822e-05,0.0021121567655689017,0.0016180970145612769,-9.292965105205109e-06,6.161337331970372e-05,5.0539106284816504e-05,0.0007854925134853071
267,267,267,266,964.416416477625,2.9156553090520232e-05,1.9437702060346822e-05,0.0021121567655689017,0.0016180970145612769,-9.292965105205109e-06,6.161337331970372e-05,5.0539106284816504e-05,0.0007854925134853071
268,268,268,268,964.4164047177189,2.9151891684564557e-05,1.9434594456376374e-05,0.002112139179038972,0.0016180860044014678,-9.292924511218603e-06,6.161350095152776e-05,5.053913964352813e-05,0.0007854691787717286
269,269,269,268,964.4164047177189,2.9151891684564557e-05,1.9434594456376374e-05,0.002112139179038972,0.0016180860044014678,-9.292924511218603e-06,6.161350095152776e-05,5.053913964352813e-05,0.0007854691787717286
270,270,270,270,964.4164029340371,2.914723994781876e-05,1.943149329854584e-05,0.0021121237153761963,0.0016180765828793134,-9.292802222560237e-06,6.161358664087091e-05,5.05391516642667e-05,0.0007854461228702186
271,271,271,270,964.4164029340371,2.914723994781876e-05,1.943149329854584e-05,0.0021121237153761963,0.0016180765828793134,-9.292802222560237e-06,6.161358664087091e-05,5.05391516642667e-05,0.0007854461228702186
272,272,272,272,964.4163912213157,2.9142575987156638e-05,1.942838399143776e-05,0.0021121047771034333,0.0016180645942457067,-9.29276982297722e-06,6.161366968994317e-05,5.053915303404599e-05,0.0007854226925881742
273,273,273,272,964.4163912213157,2.9142575987156638e-05,1.942838399143776e-05,0.0021121047771034333,0.0016180645942457067,-9.29276982297722e-06,6.161366968994317e-05,5.053915303404599e-05,0.0007854226925881742
274,274,274,274,964.4163894840694,2.913792228084744e-05,1.942528152056496e-05,0.0021120887514662922,0.0016180546873214815,-9.2925755347667e-06,6.161380142272329e-05,5.0539208920320766e-05,0.0007853997727555549
275,275,275,274,964.4163894840694,2.913792228084744e-05,1.942528152056496e-05,0.0021120887514662922,0.0016180546873214815,-9.2925755347667e-06,6.161380142272329e-05,5.0539208920320766e-05,0.0007853997727555549
276,276,276,276,964.4163778212564,2.9133258683505803e-05,1.9422172455670534e-05,0.0021120707548723224,0.001618043139315778,-9.292946351185938e-06,6.161442950408991e-05,5.0539196441136414e-05,0.0007853757114742381
277,277,277,276,964.4163778212564,2.9133258683505803e-05,1.9422172455670534e-05,0.0021120707548723224,0.001618043139315778,-9.292946351185938e-06,6.161442950408991e-05,5.0539196441136414e-05,0.0007853757114742381
278,278,278,278,964.4163761327766,2.912860953008245e-05,1.9419073020054967e-05,0.002112053915227627,0.0016180330189179018,-9.292455484713469e-06,6.16140160484853e-05,5.05392224836379e-05,0.0007853531536999873
279,279,279,278,964.4163761327766,2.912860953008245e-05,1.9419073020054967e-05,0.002112053915227627,0.0016180330189179018,-9.292455484713469e-06,6.16140160484853e-05,5.05392224836379e-05,0.0007853531536999873
280,280,280,280,964.4163645172928,2.912395470958118e-05,1.941596980638745e-05,0.002112037683379484,0.0016180232504694675,-9.292394056913122e-06,6.161414392778633e-05,5.053926101161038e-05,0.0007853304025550484
281,281,281,280,964.4163645172928,2.912395470958118e-05,1.941596980638745e-05,0.002112037683379484,0.0016180232504694675,-9.292394056913122e-06,6.161414392778633e-05,5.053926101161038e-05,0.0007853304025550484
282,282,282,282,964.4163628727803,2.9119295577695326e-05,1.941286371846355e-05,0.002112021876990224,0.0016180134818704252,-9.29226904278907e-06,6.161425925881656e-05,5.053927702754896e-05,0.000785307151405321
283,283,283,282,964.4163628727803,2.9119295577695326e-05,1.941286371846355e-05,0.002112021876990224,0.0016180134818704252,-9.29226904278907e-06,6.161425925881656e-05,5.053927702754896e-05,0.000785307151405321
284,284,284,284,964.4163513015101,2.9114624076814755e-05,1.940974938454317e-05,0.00211200383707694,0.0016180020169532694,-9.292392719545406e-06,6.161426061236704e-05,5.053925935747522e-05,0.0007852839845525185
285,285,285,284,964.4163513015101,2.9114624076814755e-05,1.940974938454317e-05,0.00211200383707694,0.0016180020169532694,-9.292392719545406e-06,6.161426061236704e-05,5.053925935747522e-05,0.0007852839845525185
286,286,286,286,964.4163497032422,2.9109992140757823e-05,1.940666142717188e-05,0.0021119863424819765,0.0016179911067100523,-9.292085226077218e-06,6.161447727698934e-05,5.053932255286164e-05,0.000785260784960524
287,287,287,286,964.4163497032422,2.9109992140757823e-05,1.940666142717188e-05,0.0021119863424819765,0.0016179911067100523,-9.292085226077218e-06,6.161447727698934e-05,5.053932255286164e-05,0.000785260784960524
288,288,288,288,964.4163381814974,2.910533992439568e-05,1.940355994959712e-05,0.002111971060242224,0.001617981927386779,-9.292057159465683e-06,6.161458074933416e-05,5.053936684613902e-05,0.0007852377356001565
289,289,289,288,964.4163381814974,2.910533992439568e-05,1.940355994959712e-05,0.002111971060242224,0.001617981927386779,-9.292057159465683e-06,6.161458074933416e-05,5.053936684613902e-05,0.0007852377356001565
290,290,290,290,964.4163366301647,2.91006822638884e-05,1.9400454842592264e-05,0.002111955353905282,0.0016179723371288444,-9.291922661386343e-06,6.161469839595323e-05,5.053936303254375e-05,0.0007852146507109616
291,291,291,290,964.4163366301647,2.91006822638884e-05,1.9400454842592264e-05,0.002111955353905282,0.0016179723371288444,-9.291922661386343e-06,6.161469839595323e-05,5.053936303254375e-05,0.0007852146507109616
292,292,292,292,964.4163251532241,2.9096020952412704e-05,1.939734730160847e-05,0.002111935809158806,0.0016179598218322285,-9.291896640159503e-06,6.16148134706566e-05,5.0539401412051654e-05,0.0007851912894686897
293,293,293,292,964.4163251532241,2.9096020952412704e-05,1.939734730160847e-05,0.002111935809158806,0.0016179598218322285,-9.291896640159503e-06,6.16148134706566e-05,5.0539401412051654e-05,0.0007851912894686897
294,294,294,294,964.4163236508213,2.909136337267415e-05,1.9394242248449434e-05,0.002111919406389452,0.0016179495544008243,-9.291798552725494e-06,6.161490023680605e-05,5.0539397325424784e-05,0.00078516806562146
295,295,295,294,964.4163236508213,2.909136337267415e-05,1.9394242248449434e-05,0.002111919406389452,0.0016179495544008243,-9.291798552725494e-06,6.161490023680605e-05,5.0539397325424784e-05,0.00078516806562146
296,296,296,296,964.4163122221048,2.908670530471502e-05,1.9391136869810015e-05,0.0021119017038570614,0.0016179387591309436,-9.29173168519315e-06,6.16150580656053e-05,5.053943086305579e-05,0.0007851450636992536
297,297,297,296,964.4163122221048,2.908670530471502e-05,1.9391136869810015e-05,0.0021119017038570614,0.0016179387591309436,-9.29173168519315e-06,6.16150580656053e-05,5.053943086305579e-05,0.0007851450636992536
298,298,298,298,964.4163107641951,2.908205077742365e-05,1.9388033851615766e-05,0.002111887092130268,0.001617929996403936,-9.2915998721535e-06,6.161511083755859e-05,5.053944735956828e-05,0.0007851217718908188
299,299,299,298,964.4163107641951,2.908205077742365e-05,1.9388033851615766e-05,0.002111887092130268,0.001617929996403936,-9.2915998721535e-06,6.161511083755859e-05,5.053944735956828e-05,0.0007851217718908188
300,300,300,300,964.4162993810846,2.907739024876621e-05,1.9384926832510807e-05,0.0021118690298245883,0.001617918721126959,-9.291532613080189e-06,6.161530776201734e-05,5.0539475720007276e-05,0.0007850988180643798
301,301,301,300,964.4162993810846,2.907739024876621e-05,1.9384926832510807e-05,0.0021118690298245883,0.001617918721126959,-9.291532613080189e-06,6.161530776201734e-05,5.0539475720007276e-05,0.0007850988180643798
302,302,302,302,964.4162979706801,2.907273848104519e-05,1.9381825654030127e-05,0.0021118512864345858,0.0016179078526675126,-9.291412262371623e-06,6.161534786101178e-05,5.05394841225984e-05,0.0007850755466279643
303,303,303,302,964.4162979706801,2.907273848104519e-05,1.9381825654030127e-05,0.0021118512864345858,0.0016179078526675126,-9.291412262371623e-06,6.161534786101178e-05,5.05394841225984e-05,0.0007850755466279643
304,304,304,304,964.4162866359076,2.9068091543293928e-05,1.9378727695529285e-05,0.0021118297052301937,0.0016178940678386448,-9.291349088134948e-06,6.161535397662808e-05,5.053955322005532e-05,0.0007850523103278555
305,305,305,304,964.4162866359076,2.9068091543293928e-05,1.9378727695529285e-05,0.0021118297052301937,0.0016178940678386448,-9.291349088134948e-06,6.161535397662808e-05,5.053955322005532e-05,0.0007850523103278555
306,306,306,306,964.4162852743907,2.9063410807161905e-05,1.9375607204774603e-05,0.0021118174596967327,0.001617886503420712,-9.291327712129815e-06,6.161588537555136e-05,5.0539495676002466e-05,0.0007850282975740755
307,307,307,306,964.4162852743907,2.9063410807161905e-05,1.9375607204774603e-05,0.0021118174596967327,0.001617886503420712,-9.291327712129815e-06,6.161588537555136e-05,5.0539495676002466e-05,0.0007850282975740755
308,308,308,308,964.4162739869018,2.9058772904350105e-05,1.9372515269566737e-05,0.002111798626345429,0.0016178751448609053,-9.291187147070223e-06,6.161565174875418e-05,5.053952564598729e-05,0.0007850062718859454
309,309,309,308,964.4162739869018,2.9058772904350105e-05,1.9372515269566737e-05,0.002111798626345429,0.0016178751448609053,-9.291187147070223e-06,6.161565174875418e-05,5.053952564598729e-05,0.0007850062718859454
310,310,310,310,964.4162726720357,2.9054116741367153e-05,1.9369411160911433e-05,0.0021117826616085544,0.0016178651212377794,-9.29106914250577e-06,6.161580017679726e-05,5.053958109952489e-05,0.0007849826947666811
311,311,311,310,964.4162726720357,2.9054116741367153e-05,1.9369411160911433e-05,0.0021117826616085544,0.0016178651212377794,-9.29106914250577e-06,6.161580017679726e-05,5.053958109952489e-05,0.0007849826947666811
312,312,312,312,964.4162614320852,2.9049468919156718e-05,1.9366312612771143e-05,0.0021117649382664406,0.001617854042993834,-9.291007884569547e-06,6.16159539834528e-05,5.053961308150445e-05,0.0007849600461394105
313,313,313,312,964.4162614320852,2.9049468919156718e-05,1.9366312612771143e-05,0.0021117649382664406,0.001617854042993834,-9.291007884569547e-06,6.16159539834528e-05,5.053961308150445e-05,0.0007849600461394105
314,314,314,314,964.4162601645403,2.9044802598715558e-05,1.9363201732477037e-05,0.002111747852757723,0.0016178429529289417,-9.291207209084773e-06,6.16159067825506e-05,5.0539652285602754e-05,0.0007849353364119973
315,315,315,314,964.4162601645403,2.9044802598715558e-05,1.9363201732477037e-05,0.002111747852757723,0.0016178429529289417,-9.291207209084773e-06,6.16159067825506e-05,5.0539652285602754e-05,0.0007849353364119973
316,316,316,316,964.4162489684295,2.9040162275062453e-05,1.936010818337497e-05,0.00211173480498717,0.0016178354804091042,-9.290894494459745e-06,6.161611619073074e-05,5.053964880053635e-05,0.0007849130996962638
317,317,317,316,964.4162489684295,2.9040162275062453e-05,1.936010818337497e-05,0.00211173480498717,0.0016178354804091042,-9.290894494459745e-06,6.161611619073074e-05,5.053964880053635e-05,0.0007849130996962638
318,318,318,318,964.4162477485722,2.9035511172559314e-05,1.9357007448372876e-05,0.0021117142681150274,0.001617823634991952,-9.290667946845743e-06,6.161605235806186e-05,5.053968624924715e-05,0.0007848904547661524
319,319,319,318,964.4162477485722,2.9035511172559314e-05,1.9357007448372876e-05,0.0021117142681150274,0.001617823634991952,-9.290667946845743e-06,6.161605235806186e-05,5.053968624924715e-05,0.0007848904547661524
320,320,320,320,964.4162365971641,2.9030854450773358e-05,1.935390296718224e-05,0.0021116977615506095,0.0016178123639055322,-9.290703215383833e-06,6.161635433065703e-05,5.0539663051490935e-05,0.0007848669435401603
321,321,321,320,964.4162365971641,2.9030854450773358e-05,1.935390296718224e-05,0.0021116977615506095,0.0016178123639055322,-9.290703215383833e-06,6.161635433065703e-05,5.0539663051490935e-05,0.0007848669435401603
322,322,322,322,964.4162354232114,2.9026213107713472e-05,1.935080873847565e-05,0.0021116829097966162,0.0016178031342898016,-9.290574973154497e-06,6.161646972886528e-05,5.0539710019587014e-05,0.0007848438768433195
323,323,323,322,964.4162354232114,2.9026213107713472e-05,1.935080873847565e-05,0.0021116829097966162,0.0016178031342898016,-9.290574973154497e-06,6.161646972886528e-05,5.0539710019587014e-05,0.0007848438768433195
324,324,324,324,964.4162243195254,2.9021559865977098e-05,1.9347706577318068e-05,0.002111664744839114,0.0016177920472830992,-9.290520939064795e-06,6.161656474475042e-05,5.0539738066963935e-05,0.0007848204955018429
325,325,325,324,964.4162243195254,2.9021559865977098e-05,1.9347706577318068e-05,0.002111664744839114,0.0016177920472830992,-9.290520939064795e-06,6.161656474475042e-05,5.0539738066963935e-05,0.0007848204955018429
326,326,326,326,964.4162229565175,2.9016939708220724e-05,1.9344626472147148e-05,0.0021116486373513104,0.0016177818266395498,-9.29043567853699e-06,6.161663770369683e-05,5.053973595313399e-05,0.0007847973042972977
327,327,327,326,964.4162229565175,2.9016939708220724e-05,1.9344626472147148e-05,0.0021116486373513104,0.0016177818266395498,-9.29043567853699e-06,6.161663770369683e-05,5.053973595313399e-05,0.0007847973042972977
328,328,328,328,964.4162121780969,2.9012277813544873e-05,1.9341518542363247e-05,0.002111630498137821,0.0016177708054509118,-9.290354018608171e-06,6.161679978265867e-05,5.0539765930467107e-05,0.0007847744949579116
329,329,329,328,964.4162121780969,2.9012277813544873e-05,1.9341518542363247e-05,0.002111630498137821,0.0016177708054509118,-9.290354018608171e-06,6.161679978265867e-05,5.0539765930467107e-05,0.0007847744949579116
330,330,330,330,964.416210819768,2.900763176860721e-05,1.9338421179071474e-05,0.0021116124945212817,0.0016177595841803038,-9.290226919297928e-06,6.161689165069803e-05,5.053976614812633e-05,0.0007847515439418334
331,331,331,330,964.416210819768,2.900763176860721e-05,1.9338421179071474e-05,0.0021116124945212817,0.0016177595841803038,-9.290226919297928e-06,6.161689165069803e-05,5.053976614812633e-05,0.0007847515439418334
332,332,332,332,964.4162000909,2.9002976301067962e-05,1.933531753404531e-05,0.0021115979240618646,0.0016177507205130852,-9.290163963532327e-06,6.161703094594453e-05,5.053980559388549e-05,0.0007847283533102545
333,333,333,332,964.4162000909,2.9002976301067962e-05,1.933531753404531e-05,0.0021115979240618646,0.0016177507205130852,-9.290163963532327e-06,6.161703094594453e-05,5.053980559388549e-05,0.0007847283533102545
334,334,334,334,964.4161987805034,2.8998317826905984e-05,1.933221188460399e-05,0.002111579151746991,0.0016177388111826064,-9.290372549909665e-06,6.161725680604704e-05,5.0539868632501483e-05,0.0007847050823741038
335,335,335,334,964.4161987805034,2.8998317826905984e-05,1.933221188460399e-05,0.002111579151746991,0.0016177388111826064,-9.290372549909665e-06,6.161725680604704e-05,5.0539868632501483e-05,0.0007847050823741038
336,336,336,336,964.4161880962486,2.899366215131094e-05,1.932910810087396e-05,0.0021115630365339286,0.001617728996287422,-9.28999539485248e-06,6.161723920308021e-05,5.053986040951669e-05,0.0007846815239921504
337,337,337,336,964.4161880962486,2.899366215131094e-05,1.932910810087396e-05,0.0021115630365339286,0.001617728996287422,-9.28999539485248e-06,6.161723920308021e-05,5.053986040951669e-05,0.0007846815239921504
338,338,338,338,964.4161868348622,2.8988991195605385e-05,1.932599413040359e-05,0.002111541103258598,0.0016177151908024626,-9.289817861947436e-06,6.161714074695817e-05,5.053998129787851e-05,0.0007846580859682453
339,339,339,338,964.4161868348622,2.8988991195605385e-05,1.932599413040359e-05,0.002111541103258598,0.0016177151908024626,-9.289817861947436e-06,6.161714074695817e-05,5.053998129787851e-05,0.0007846580859682453
340,340,340,340,964.4161762011423,2.8984360605860404e-05,1.9322907070573603e-05,0.0021115270779913076,0.0016177061978975343,-9.29009690367466e-06,6.16170969022933e-05,5.053995408445949e-05,0.0007846348569943617
341,341,341,340,964.4161762011423,2.8984360605860404e-05,1.9322907070573603e-05,0.0021115270779913076,0.0016177061978975343,-9.29009690367466e-06,6.16170969022933e-05,5.053995408445949e-05,0.0007846348569943617
342,342,342,342,964.416174983922,2.8979717301841346e-05,1.9319811534560898e-05,0.002111511645213579,0.0016176972081677374,-9.289726462163861e-06,6.161757171994122e-05,5.0539907575371246e-05,0.0007846123377990117
343,343,343,342,964.416174983922,2.8979717301841346e-05,1.9319811534560898e-05,0.002111511645213579,0.0016176972081677374,-9.289726462163861e-06,6.161757171994122e-05,5.0539907575371246e-05,0.0007846123377990117
344,344,344,344,964.4161643957497,2.8975060982761036e-05,1.931670732184069e-05,0.0021114964841971256,0.0016176872978671294,-9.28968481297976e-06,6.161771973905925e-05,5.053995153787155e-05,0.0007845889779008052
345,345,345,344,964.4161643957497,2.8975060982761036e-05,1.931670732184069e-05,0.0021114964841971256,0.0016176872978671294,-9.28968481297976e-06,6.161771973905925e-05,5.053995153787155e-05,0.0007845889779008052
346,346,346,346,964.416163228042,2.8970412730755513e-05,1.9313608487170342e-05,0.002111478348888279,0.0016176771864110425,-9.28956375604445e-06,6.16177268254769e-05,5.0539927415813035e-05,0.000784565703178717
347,347,347,346,964.416163228042,2.8970412730755513e-05,1.9313608487170342e-05,0.002111478348888279,0.0016176771864110425,-9.28956375604445e-06,6.16177268254769e-05,5.0539927415813035e-05,0.000784565703178717
348,348,348,348,964.4161526943587,2.8965734605784776e-05,1.931048973718985e-05,0.00211145842668658,0.0016176634471413835,-9.289798427535023e-06,6.161738857053179e-05,5.053999417688887e-05,0.0007845405271881015
349,349,349,348,964.4161526943587,2.8965734605784776e-05,1.931048973718985e-05,0.00211145842668658,0.0016176634471413835,-9.289798427535023e-06,6.161738857053179e-05,5.053999417688887e-05,0.0007845405271881015
350,350,350,350,964.4161515709606,2.8961095849489027e-05,1.9307397232992685e-05,0.002111443540687583,0.0016176550453417238,-9.289465012427e-06,6.161825042196476e-05,5.053998431608919e-05,0.0007845195142206949
351,351,351,350,964.4161515709606,2.8961095849489027e-05,1.9307397232992685e-05,0.002111443540687583,0.0016176550453417238,-9.289465012427e-06,6.161825042196476e-05,5.053998431608919e-05,0.0007845195142206949
352,352,352,352,964.4161410788039,2.8956421040837732e-05,1.930428069389182e-05,0.00211142622343921,0.0016176445287738842,-9.289277551068065e-06,6.161812258272563e-05,5.054001663346713e-05,0.0007844959236019177
353,353,353,352,964.4161410788039,2.8956421040837732e-05,1.930428069389182e-05,0.00211142622343921,0.0016176445287738842,-9.289277551068065e-06,6.161812258272563e-05,5.054001663346713e-05,0.0007844959236019177
354,354,354,354,964.4161400052673,2.8951780376235137e-05,1.930118691749009e-05,0.0021114084676363185,0.001617633142354407,-9.289157051936558e-06,6.161831228086408e-05,5.053991832179583e-05,0.0007844720839798228
355,355,355,355,964.4161296576308,2.8949459132066035e-05,1.9299639421377357e-05,0.002111400971561612,0.0016176285523237161,-9.289166434910123e-06,6.16182829644063e-05,5.054003871116097e-05,0.0007844613197279036
356,356,356,356,964.4161287599189,2.8944792990370782e-05,1.9296528660247187e-05,0.0021113815138417463,0.001617616168914219,-9.289041464626002e-06,6.161836721026032e-05,5.053994940143469e-05,0.0007844375504273332
357,357,357,356,964.4161287599189,2.8944792990370782e-05,1.9296528660247187e-05,0.0021113815138417463,0.001617616168914219,-9.289041464626002e-06,6.161836721026032e-05,5.053994940143469e-05,0.0007844375504273332
358,358,358,358,964.4161182064772,2.8940141777678008e-05,1.929342785178534e-05,0.002111366762873853,0.0016176074472961477,-9.288969358201005e-06,6.161852209496427e-05,5.054008870533644e-05,0.0007844148720449069
359,359,359,358,964.4161182064772,2.8940141777678008e-05,1.929342785178534e-05,0.002111366762873853,0.0016176074472961477,-9.288969358201005e-06,6.161852209496427e-05,5.054008870533644e-05,0.0007844148720449069
360,360,360,360,964.4161172358317,2.893554047239677e-05,1.9290360314931178e-05,0.0021113523357978612,0.0016175986862441783,-9.288839387937287e-06,6.161861351051265e-05,5.05401122001467e-05,0.0007843921791626861
361,361,361,360,964.4161172358317,2.893554047239677e-05,1.9290360314931178e-05,0.0021113523357978612,0.0016175986862441783,-9.288839387937287e-06,6.161861351051265e-05,5.05401122001467e-05,0.0007843921791626861
362,362,362,362,964.416106960705,2.8930910425273293e-05,1.928727361684886e-05,0.002111333649943399,0.0016175869700997248,-9.288812685463721e-06,6.161874651650915e-05,5.054013099621557e-05,0.0007843688835379417
363,363,363,362,964.416106960705,2.8930910425273293e-05,1.928727361684886e-05,0.002111333649943399,0.0016175869700997248,-9.288812685463721e-06,6.161874651650915e-05,5.054013099621557e-05,0.0007843688835379417
364,364,364,364,964.4161060235183,2.892630197220969e-05,1.928420131480646e-05,0.002111316721909965,0.0016175765230829033,-9.288731280726603e-06,6.161885324207155e-05,5.054016220121249e-05,0.0007843466864969281
365,365,365,364,964.4161060235183,2.892630197220969e-05,1.928420131480646e-05,0.002111316721909965,0.0016175765230829033,-9.288731280726603e-06,6.161885324207155e-05,5.054016220121249e-05,0.0007843466864969281
366,366,366,366,964.4160957479421,2.892163639942047e-05,1.9281090932946977e-05,0.002111299034734092,0.0016175655686510282,-9.288636088185254e-06,6.161898444913342e-05,5.05401685541515e-05,0.0007843229652523425
367,367,367,366,964.4160957479421,2.892163639942047e-05,1.9281090932946977e-05,0.002111299034734092,0.0016175655686510282,-9.288636088185254e-06,6.161898444913342e-05,5.05401685541515e-05,0.0007843229652523425
368,368,368,368,964.4160948527489,2.8917001031747436e-05,1.9278000687831625e-05,0.002111282634435044,0.0016175555323894697,-9.288556832937056e-06,6.16190781163055e-05,5.054020070980464e-05,0.000784300601317776
369,369,369,368,964.4160948527489,2.8917001031747436e-05,1.9278000687831625e-05,0.002111282634435044,0.0016175555323894697,-9.288556832937056e-06,6.16190781163055e-05,5.054020070980464e-05,0.000784300601317776
370,370,370,370,964.4160846282759,2.891236941485187e-05,1.927491294323458e-05,0.0021112663477070694,0.0016175453589524647,-9.288480613343919e-06,6.161919790943731e-05,5.0540222907527466e-05,0.0007842765201835887
371,371,371,370,964.4160846282759,2.891236941485187e-05,1.927491294323458e-05,0.0021112663477070694,0.0016175453589524647,-9.288480613343919e-06,6.161919790943731e-05,5.0540222907527466e-05,0.0007842765201835887
372,372,372,372,964.4160837777147,2.89077198546428e-05,1.9271813236428532e-05,0.0021112475824927937,0.0016175335626877735,-9.288421249142864e-06,6.16193042433175e-05,5.054023823470449e-05,0.0007842533890325544
373,373,373,372,964.4160837777147,2.89077198546428e-05,1.9271813236428532e-05,0.0021112475824927937,0.0016175335626877735,-9.288421249142864e-06,6.16193042433175e-05,5.054023823470449e-05,0.0007842533890325544
374,374,374,374,964.4160735655809,2.8903050694306653e-05,1.9268700462871102e-05,0.0021112317836569816,0.0016175239916934722,-9.288309979607612e-06,6.161942506723687e-05,5.054026488857111e-05,0.0007842301585815044
375,375,375,374,964.4160735655809,2.8903050694306653e-05,1.9268700462871102e-05,0.0021112317836569816,0.0016175239916934722,-9.288309979607612e-06,6.161942506723687e-05,5.054026488857111e-05,0.0007842301585815044
376,376,376,376,964.4160728391788,2.8898462356291565e-05,1.9265641570861043e-05,0.0021112145423419536,0.001617513950295014,-9.288164315356118e-06,6.161956529570886e-05,5.054034547793962e-05,0.0007842083338282701
377,377,377,377,964.4160641362936,2.8896108936055098e-05,1.9264072624036732e-05,0.0021112065199086687,0.0016175083933820263,-9.28817414149602e-06,6.161957602030237e-05,5.0540287916442383e-05,0.0007841956329846484
378,378,378,377,964.4160641362936,2.8896108936055098e-05,1.9264072624036732e-05,0.0021112065199086687,0.0016175083933820263,-9.28817414149602e-06,6.161957602030237e-05,5.0540287916442383e-05,0.0007841956329846484
379,379,379,379,964.4160623730118,2.889377379095004e-05,1.9262515860633357e-05,0.0021111976591952617,0.0016175028143245972,-9.288136363590216e-06,6.161962460723909e-05,5.054029744250982e-05,0.0007841838403155786
380,380,380,379,964.4160623730118,2.889377379095004e-05,1.9262515860633357e-05,0.0021111976591952617,0.0016175028143245972,-9.288136363590216e-06,6.161962460723909e-05,5.054029744250982e-05,0.0007841838403155786
381,381,381,381,964.4160586722917,2.889143812898065e-05,1.9260958752653767e-05,0.002111189198135139,0.0016174975583106075,-9.28808677523596e-06,6.161967922570595e-05,5.054030812698396e-05,0.000784172120670562
382,382,382,381,964.4160586722917,2.889143812898065e-05,1.9260958752653767e-05,0.002111189198135139,0.0016174975583106075,-9.28808677523596e-06,6.161967922570595e-05,5.054030812698396e-05,0.000784172120670562
383,383,383,383,964.4160569220451,2.8889108822705012e-05,1.9259405881803342e-05,0.0021111802073311642,0.001617491920945196,-9.288039410956794e-06,6.161973291830522e-05,5.0540318410029206e-05,0.0007841603960550053
384,384,384,383,964.4160569220451,2.8889108822705012e-05,1.9259405881803342e-05,0.0021111802073311642,0.001617491920945196,-9.288039410956794e-06,6.161973291830522e-05,5.0540318410029206e-05,0.0007841603960550053
385,385,385,385,964.4160532350165,2.888678057419436e-05,1.925785371612957e-05,0.0021111718951571014,0.001617486775585217,-9.287997178052121e-06,6.161979072390077e-05,5.0540329141861295e-05,0.0007841488578467775
386,386,386,385,964.4160532350165,2.888678057419436e-05,1.925785371612957e-05,0.0021111718951571014,0.001617486775585217,-9.287997178052121e-06,6.161979072390077e-05,5.0540329141861295e-05,0.0007841488578467775
387,387,387,387,964.4160514980086,2.8884454189997966e-05,1.925630279333198e-05,0.0021111633054950573,0.001617481457895298,-9.287948401527635e-06,6.16198470003652e-05,5.054033872011615e-05,0.0007841371906577373
388,388,388,387,964.4160514980086,2.8884454189997966e-05,1.925630279333198e-05,0.0021111633054950573,0.001617481457895298,-9.287948401527635e-06,6.16198470003652e-05,5.054033872011615e-05,0.0007841371906577373
389,389,389,389,964.4160478226788,2.888212558255221e-05,1.925475038836814e-05,0.0021111546457887424,0.001617476085843572,-9.287918649826532e-06,6.161990256828309e-05,5.0540352909016206e-05,0.0007841255542876016
390,390,390,389,964.4160478226788,2.888212558255221e-05,1.925475038836814e-05,0.0021111546457887424,0.001617476085843572,-9.287918649826532e-06,6.161990256828309e-05,5.0540352909016206e-05,0.0007841255542876016
391,391,391,391,964.4160460949879,2.8879794087166566e-05,1.9253196058111044e-05,0.0021111456640297466,0.0016174705450085914,-9.287852771731886e-06,6.161997494943119e-05,5.054035677053148e-05,0.0007841139411052086
392,392,392,391,964.4160460949879,2.8879794087166566e-05,1.9253196058111044e-05,0.0021111456640297466,0.0016174705450085914,-9.287852771731886e-06,6.161997494943119e-05,5.054035677053148e-05,0.0007841139411052086
393,393,393,393,964.4160424312248,2.8877465456933482e-05,1.9251643637955652e-05,0.0021111375156675233,0.001617465458147185,-9.287826070153438e-06,6.162001237027597e-05,5.054037334518979e-05,0.0007841022361437194
394,394,394,393,964.4160424312248,2.8877465456933482e-05,1.9251643637955652e-05,0.0021111375156675233,0.001617465458147185,-9.287826070153438e-06,6.162001237027597e-05,5.054037334518979e-05,0.0007841022361437194
395,395,395,395,964.4160407162385,2.8875148060547584e-05,1.925009870703172e-05,0.0021111287915174665,0.001617460129208769,-9.287775868831172e-06,6.16200673035686e-05,5.0540381850157357e-05,0.0007840906899544844
396,396,396,395,964.4160407162385,2.8875148060547584e-05,1.925009870703172e-05,0.0021111287915174665,0.001617460129208769,-9.287775868831172e-06,6.16200673035686e-05,5.0540381850157357e-05,0.0007840906899544844
397,397,397,397,964.4160370636384,2.8872817215280788e-05,1.9248544810187194e-05,0.0021111202558847402,0.0016174548559690534,-9.287730518878212e-06,6.16201255904082e-05,5.054039422236478e-05,0.0007840790675996917
398,398,398,397,964.4160370636384,2.8872817215280788e-05,1.9248544810187194e-05,0.0021111202558847402,0.0016174548559690534,-9.287730518878212e-06,6.16201255904082e-05,5.054039422236478e-05,0.0007840790675996917
399,399,399,399,964.416035361791,2.887049281699583e-05,1.9246995211330553e-05,0.0021111118656859406,0.001617449676287864,-9.287686523425098e-06,6.162018037887581e-05,5.054040374383173e-05,0.0007840675019693982
400,400,400,399,964.416035361791,2.887049281699583e-05,1.9246995211330553e-05,0.0021111118656859406,0.001617449676287864,-9.287686523425098e-06,6.162018037887581e-05,5.054040374383173e-05,0.0007840675019693982
401,401,401,401,964.4160317231323,2.8868166660089845e-05,1.92454444400599e-05,0.002111103495592766,0.0016174445134603367,-9.28765042359364e-06,6.16202412087125e-05,5.0540416502355134e-05,0.0007840559576605586
402,402,402,401,964.4160317231323,2.8868166660089845e-05,1.92454444400599e-05,0.002111103495592766,0.0016174445134603367,-9.28765042359364e-06,6.16202412087125e-05,5.0540416502355134e-05,0.0007840559576605586
403,403,403,403,964.4160300341125,2.8865837962216423e-05,1.9243891974810946e-05,0.002111094843037583,0.0016174391428491637,-9.2876052850549e-06,6.162029477801086e-05,5.0540427436442104e-05,0.0007840442549424454
404,404,404,403,964.4160300341125,2.8865837962216423e-05,1.9243891974810946e-05,0.002111094843037583,0.0016174391428491637,-9.2876052850549e-06,6.162029477801086e-05,5.0540427436442104e-05,0.0007840442549424454
405,405,405,405,964.4160264064699,2.8863509500876017e-05,1.924233966725068e-05,0.002111086384899327,0.0016174339128508341,-9.287570111399246e-06,6.16203544996398e-05,5.054044063721591e-05,0.0007840326471236967
406,406,406,405,964.4160264064699,2.8863509500876017e-05,1.924233966725068e-05,0.002111086384899327,0.0016174339128508341,-9.287570111399246e-06,6.16203544996398e-05,5.054044063721591e-05,0.0007840326471236967
407,407,407,407,964.4160247291259,2.8861183045264527e-05,1.924078869684302e-05,0.0021110779799094572,0.0016174287197576085,-9.287522945503057e-06,6.162040929185515e-05,5.0540449533890974e-05,0.0007840210434149063
408,408,408,407,964.4160247291259,2.8861183045264527e-05,1.924078869684302e-05,0.0021110779799094572,0.0016174287197576085,-9.287522945503057e-06,6.162040929185515e-05,5.0540449533890974e-05,0.0007840210434149063
409,409,409,409,964.4160211129089,2.8858849817847698e-05,1.9239233211898465e-05,0.0021110692228364513,0.0016174232786168065,-9.287481694854327e-06,6.162046791702766e-05,5.054046346189556e-05,0.0007840093921434403
410,410,410,409,964.4160211129089,2.8858849817847698e-05,1.9239233211898465e-05,0.0021110692228364513,0.0016174232786168065,-9.287481694854327e-06,6.162046791702766e-05,5.054046346189556e-05,0.0007840093921434403
411,411,411,411,964.4160194455284,2.885651775438869e-05,1.9237678502925792e-05,0.0021110605870792516,0.0016174179184015728,-9.287422383152943e-06,6.16205201939969e-05,5.0540471250686e-05,0.0007839976655108518
412,412,412,411,964.4160194455284,2.885651775438869e-05,1.9237678502925792e-05,0.0021110605870792516,0.0016174179184015728,-9.287422383152943e-06,6.16205201939969e-05,5.0540471250686e-05,0.0007839976655108518
413,413,413,413,964.4160158410696,2.8854185959215073e-05,1.923612397281005e-05,0.0021110519964037885,0.001617412587844343,-9.287380224855257e-06,6.162057773859771e-05,5.0540481274376214e-05,0.0007839860230847645
414,414,414,413,964.4160158410696,2.8854185959215073e-05,1.923612397281005e-05,0.0021110519964037885,0.001617412587844343,-9.287380224855257e-06,6.162057773859771e-05,5.0540481274376214e-05,0.0007839860230847645
415,415,415,415,964.4160141857751,2.8851857838352313e-05,1.9234571892234875e-05,0.0021110435117907226,0.0016174073372389364,-9.287334441561435e-06,6.162063344985287e-05,5.054049237453867e-05,0.0007839743817306581
416,416,416,415,964.4160141857751,2.8851857838352313e-05,1.9234571892234875e-05,0.0021110435117907226,0.0016174073372389364,-9.287334441561435e-06,6.162063344985287e-05,5.054049237453867e-05,0.0007839743817306581
417,417,417,417,964.4160105935048,2.8849527194285685e-05,1.9233018129523792e-05,0.0021110349490583474,0.0016174020236869894,-9.287302932578512e-06,6.162069084819253e-05,5.054050568251839e-05,0.0007839627218384673
418,418,418,417,964.4160105935048,2.8849527194285685e-05,1.9233018129523792e-05,0.0021110349490583474,0.0016174020236869894,-9.287302932578512e-06,6.162069084819253e-05,5.054050568251839e-05,0.0007839627218384673
419,419,419,419,964.4160089502025,2.884719657214596e-05,1.923146438143064e-05,0.002111026378114187,0.00161739669946702,-9.287246306104169e-06,6.162075410697012e-05,5.0540516270528024e-05,0.0007839511142496041
420,420,420,419,964.4160089502025,2.884719657214596e-05,1.923146438143064e-05,0.002111026378114187,0.00161739669946702,-9.287246306104169e-06,6.162075410697012e-05,5.0540516270528024e-05,0.0007839511142496041
421,421,421,421,964.4160053697326,2.884486619483817e-05,1.922991079655878e-05,0.002111017837378729,0.001617391424518431,-9.28720678775724e-06,6.162080302482996e-05,5.054052699053624e-05,0.0007839394351408493
422,422,422,421,964.4160053697326,2.884486619483817e-05,1.922991079655878e-05,0.002111017837378729,0.001617391424518431,-9.28720678775724e-06,6.162080302482996e-05,5.054052699053624e-05,0.0007839394351408493
423,423,423,423,964.4160037384067,2.8842536944934105e-05,1.9228357963289405e-05,0.0021110094814180487,0.0016173862736459652,-9.287155296071326e-06,6.162086220308104e-05,5.054054310450057e-05,0.0007839277750152553
424,424,424,423,964.4160037384067,2.8842536944934105e-05,1.9228357963289405e-05,0.0021110094814180487,0.0016173862736459652,-9.287155296071326e-06,6.162086220308104e-05,5.054054310450057e-05,0.0007839277750152553
425,425,425,425,964.4160001698942,2.8840205628960502e-05,1.9226803752640333e-05,0.0021110005141589563,0.0016173806580128847,-9.28711996439624e-06,6.162092403064793e-05,5.054055120880946e-05,0.0007839161296055919
426,426,426,425,964.4160001698942,2.8840205628960502e-05,1.9226803752640333e-05,0.0021110005141589563,0.0016173806580128847,-9.28711996439624e-06,6.162092403064793e-05,5.054055120880946e-05,0.0007839161296055919
427,427,427,427,964.4159985523736,2.8837880134857663e-05,1.9225253423238442e-05,0.002110992199594678,0.0016173755088077376,-9.287075021222058e-06,6.162096947233945e-05,5.054055765496557e-05,0.0007839045081245116
428,428,428,427,964.4159985523736,2.8837880134857663e-05,1.9225253423238442e-05,0.002110992199594678,0.0016173755088077376,-9.287075021222058e-06,6.162096947233945e-05,5.054055765496557e-05,0.0007839045081245116
429,429,429,429,964.4159949956984,2.8835550326095083e-05,1.9223700217396722e-05,0.0021109839777384088,0.0016173704782940406,-9.287029671851965e-06,6.162102896273333e-05,5.0540569532568635e-05,0.0007838928977381315
430,430,430,429,964.4159949956984,2.8835550326095083e-05,1.9223700217396722e-05,0.0021109839777384088,0.0016173704782940406,-9.287029671851965e-06,6.162102896273333e-05,5.0540569532568635e-05,0.0007838928977381315
431,431,431,431,964.4159933885044,2.883322024810342e-05,1.9222146832068944e-05,0.002110975271587186,0.001617365034455884,-9.286981374131975e-06,6.162107826432269e-05,5.054057725990824e-05,0.000783881219370011
432,432,432,431,964.4159933885044,2.883322024810342e-05,1.9222146832068944e-05,0.002110975271587186,0.001617365034455884,-9.286981374131975e-06,6.162107826432269e-05,5.054057725990824e-05,0.000783881219370011
433,433,433,433,964.4159898466553,2.883089236097036e-05,1.9220594907313576e-05,0.0021109665765889005,0.0016173596398027284,-9.286949090435426e-06,6.162113860991506e-05,5.054059150630397e-05,0.0007838695959985924
434,434,434,433,964.4159898466553,2.883089236097036e-05,1.9220594907313576e-05,0.0021109665765889005,0.0016173596398027284,-9.286949090435426e-06,6.162113860991506e-05,5.054059150630397e-05,0.0007838695959985924
435,435,435,435,964.4159882516313,2.8828563014698938e-05,1.9219042009799292e-05,0.002110958018246119,0.0016173543449369634,-9.28689695334911e-06,6.162119692988254e-05,5.0540603410573204e-05,0.0007838579210151531
436,436,436,435,964.4159882516313,2.8828563014698938e-05,1.9219042009799292e-05,0.002110958018246119,0.0016173543449369634,-9.28689695334911e-06,6.162119692988254e-05,5.0540603410573204e-05,0.0007838579210151531
437,437,437,437,964.4159847190749,2.8826232324974388e-05,1.9217488216649592e-05,0.002110949468685685,0.0016173490648344038,-9.286855354936896e-06,6.162125462449018e-05,5.054061356032924e-05,0.0007838463070728045
438,438,438,437,964.4159847190749,2.8826232324974388e-05,1.9217488216649592e-05,0.002110949468685685,0.0016173490648344038,-9.286855354936896e-06,6.162125462449018e-05,5.054061356032924e-05,0.0007838463070728045
439,439,439,439,964.4159831360719,2.88239003669033e-05,1.921593357793553e-05,0.00211094073981337,0.0016173436426784923,-9.28680185190156e-06,6.162130033558126e-05,5.0540622272422786e-05,0.0007838345695486566
440,440,440,439,964.4159831360719,2.88239003669033e-05,1.921593357793553e-05,0.00211094073981337,0.0016173436426784923,-9.28680185190156e-06,6.162130033558126e-05,5.0540622272422786e-05,0.0007838345695486566
441,441,441,441,964.415979618406,2.8821574710652387e-05,1.9214383140434926e-05,0.0021109324834534975,0.0016173385264788617,-9.286775887837329e-06,6.162136832652709e-05,5.0540637223192575e-05,0.0007838230236173254
442,442,442,441,964.415979618406,2.8821574710652387e-05,1.9214383140434926e-05,0.0021109324834534975,0.0016173385264788617,-9.286775887837329e-06,6.162136832652709e-05,5.0540637223192575e-05,0.0007838230236173254
443,443,443,443,964.4159780488438,2.8819247246181234e-05,1.9212831497454157e-05,0.0021109239783620583,0.001617333289012034,-9.286722803716896e-06,6.162141648117249e-05,5.054064426620458e-05,0.0007838114115832529
444,444,444,443,964.4159780488438,2.8819247246181234e-05,1.9212831497454157e-05,0.0021109239783620583,0.001617333289012034,-9.286722803716896e-06,6.162141648117249e-05,5.054064426620458e-05,0.0007838114115832529
445,445,445,445,964.4159745418783,2.8816918427265747e-05,1.9211278951510497e-05,0.002110915532221771,0.001617328080013949,-9.286683305624599e-06,6.162148450531479e-05,5.054066133022145e-05,0.0007837998504959847
446,446,446,445,964.4159745418783,2.8816918427265747e-05,1.9211278951510497e-05,0.002110915532221771,0.001617328080013949,-9.286683305624599e-06,6.162148450531479e-05,5.054066133022145e-05,0.0007837998504959847
447,447,447,447,964.415972983244,2.8814587187259155e-05,1.92097247915061e-05,0.00211090692319388,0.0016173227472160113,-9.28663302684346e-06,6.162153794881849e-05,5.054066735885737e-05,0.0007837881663264231
448,448,448,447,964.415972983244,2.8814587187259155e-05,1.92097247915061e-05,0.00211090692319388,0.0016173227472160113,-9.28663302684346e-06,6.162153794881849e-05,5.054066735885737e-05,0.0007837881663264231
449,449,449,449,964.4159694870606,2.8812253796917098e-05,1.9208169197944734e-05,0.0021108987370557332,0.0016173177079555402,-9.286591028126456e-06,6.1621596886668e-05,5.0540682145799876e-05,0.0007837764639608584
450,450,450,449,964.4159694870606,2.8812253796917098e-05,1.9208169197944734e-05,0.0021108987370557332,0.0016173177079555402,-9.286591028126456e-06,6.1621596886668e-05,5.0540682145799876e-05,0.0007837764639608584
451,451,451,451,964.4159679401392,2.8809923593636766e-05,1.9206615729091176e-05,0.0021108895923122885,0.001617311977601375,-9.286538927823218e-06,6.162164835910581e-05,5.05406899761196e-05,0.0007837647736765174
452,452,452,451,964.4159679401392,2.8809923593636766e-05,1.9206615729091176e-05,0.0021108895923122885,0.001617311977601375,-9.286538927823218e-06,6.162164835910581e-05,5.05406899761196e-05,0.0007837647736765174
453,453,453,453,964.4159644576481,2.8807596186175566e-05,1.9205064124117044e-05,0.0021108812698678475,0.0016173068253726153,-9.286508104812408e-06,6.162170268628027e-05,5.0540701939320865e-05,0.0007837531670671516
454,454,454,453,964.4159644576481,2.8807596186175566e-05,1.9205064124117044e-05,0.0021108812698678475,0.0016173068253726153,-9.286508104812408e-06,6.162170268628027e-05,5.0540701939320865e-05,0.0007837531670671516
455,455,455,455,964.4159629232605,2.8805265512465983e-05,1.9203510341643987e-05,0.0021108726144883658,0.0016173014724673925,-9.286454202825367e-06,6.162176050559834e-05,5.054070986344056e-05,0.0007837415142263911
456,456,456,455,964.4159629232605,2.8805265512465983e-05,1.9203510341643987e-05,0.0021108726144883658,0.0016173014724673925,-9.286454202825367e-06,6.162176050559834e-05,5.054070986344056e-05,0.0007837415142263911
457,457,457,457,964.4159594522833,2.8802929634696994e-05,1.9201953089797996e-05,0.0021108632827988062,0.0016172953478890031,-9.286523358048582e-06,6.162181452555563e-05,5.05407241928324e-05,0.000783728941811307
458,458,458,457,964.4159594522833,2.8802929634696994e-05,1.9201953089797996e-05,0.0021108632827988062,0.0016172953478890031,-9.286523358048582e-06,6.162181452555563e-05,5.05407241928324e-05,0.000783728941811307
459,459,459,459,964.4159579206505,2.8800620658825382e-05,1.9200413772550256e-05,0.002110855480831577,0.0016172909108940696,-9.286378186257327e-06,6.162186647216763e-05,5.054073131967318e-05,0.000783718963247332
460,460,460,459,964.4159579206505,2.8800620658825382e-05,1.9200413772550256e-05,0.002110855480831577,0.0016172909108940696,-9.286378186257327e-06,6.162186647216763e-05,5.054073131967318e-05,0.000783718963247332
461,461,461,461,964.4159544907411,2.8798286479975177e-05,1.9198857653316786e-05,0.0021108472296929195,0.0016172857909153534,-9.286323009165265e-06,6.162191979963691e-05,5.054073987353913e-05,0.0007837066525350578
462,462,462,461,964.4159544907411,2.8798286479975177e-05,1.9198857653316786e-05,0.0021108472296929195,0.0016172857909153534,-9.286323009165265e-06,6.162191979963691e-05,5.054073987353913e-05,0.0007837066525350578
463,463,463,463,964.4159529505251,2.8795955040100685e-05,1.9197303360067124e-05,0.0021108384628378695,0.0016172803068882835,-9.286284365056519e-06,6.162198683715079e-05,5.05407556259177e-05,0.0007836949310209371
464,464,464,463,964.4159529505251,2.8795955040100685e-05,1.9197303360067124e-05,0.0021108384628378695,0.0016172803068882835,-9.286284365056519e-06,6.162198683715079e-05,5.05407556259177e-05,0.0007836949310209371
465,465,465,465,964.4159495333804,2.8793623175010774e-05,1.9195748783340516e-05,0.002110829960972532,0.001617275048555539,-9.2862424152379e-06,6.16220471573864e-05,5.054076813630626e-05,0.000783683286907276
466,466,466,465,964.4159495333804,2.8793623175010774e-05,1.9195748783340516e-05,0.002110829960972532,0.001617275048555539,-9.2862424152379e-06,6.16220471573864e-05,5.054076813630626e-05,0.000783683286907276
467,467,467,467,964.415948014039,2.8791301304870176e-05,1.9194200869913452e-05,0.0021108218051275637,0.0016172699765804903,-9.286199080381363e-06,6.16221018815357e-05,5.054077982379057e-05,0.0007836716050837449
468,468,468,467,964.415948014039,2.8791301304870176e-05,1.9194200869913452e-05,0.0021108218051275637,0.0016172699765804903,-9.286199080381363e-06,6.16221018815357e-05,5.054077982379057e-05,0.0007836716050837449
469,469,469,469,964.4159446084645,2.8788963652159882e-05,1.9192642434773255e-05,0.002110813021693187,0.0016172645930073008,-9.286153646870243e-06,6.162216244389639e-05,5.05407933119803e-05,0.0007836599799254111
470,470,470,469,964.4159446084645,2.8788963652159882e-05,1.9192642434773255e-05,0.002110813021693187,0.0016172645930073008,-9.286153646870243e-06,6.162216244389639e-05,5.05407933119803e-05,0.0007836599799254111
471,471,471,471,964.4159431031978,2.878664282041088e-05,1.9191095213607252e-05,0.002110804718706956,0.0016172594031217894,-9.286111852427337e-06,6.162221570691528e-05,5.054080250358611e-05,0.0007836482984157696
472,472,472,471,964.4159431031978,2.878664282041088e-05,1.9191095213607252e-05,0.002110804718706956,0.0016172594031217894,-9.286111852427337e-06,6.162221570691528e-05,5.054080250358611e-05,0.0007836482984157696
473,473,473,473,964.4159397114498,2.8784310195567597e-05,1.91895401303784e-05,0.002110796005902062,0.0016172540468149612,-9.286068694096261e-06,6.162227181531495e-05,5.054081093631979e-05,0.0007836367720352144
474,474,474,473,964.4159397114498,2.8784310195567597e-05,1.91895401303784e-05,0.002110796005902062,0.0016172540468149612,-9.286068694096261e-06,6.162227181531495e-05,5.054081093631979e-05,0.0007836367720352144
475,475,475,475,964.4159382141552,2.8781981732589612e-05,1.918798782172641e-05,0.0021107874957793696,0.0016172487226095921,-9.286016013757004e-06,6.162232875656948e-05,5.054082537468696e-05,0.0007836249758332366
476,476,476,475,964.4159382141552,2.8781981732589612e-05,1.918798782172641e-05,0.0021107874957793696,0.0016172487226095921,-9.286016013757004e-06,6.162232875656948e-05,5.054082537468696e-05,0.0007836249758332366
477,477,477,477,964.4159348328742,2.8779647147314513e-05,1.918643143154301e-05,0.0021107786978674203,0.0016172433059899875,-9.28597674179632e-06,6.162238427543585e-05,5.054083314062069e-05,0.000783613414383111
478,478,478,477,964.4159348328742,2.8779647147314513e-05,1.918643143154301e-05,0.0021107786978674203,0.0016172433059899875,-9.28597674179632e-06,6.162238427543585e-05,5.054083314062069e-05,0.000783613414383111
479,479,479,479,964.4159333495516,2.8777321816580992e-05,1.9184881211053995e-05,0.002110770220612048,0.0016172379830175906,-9.285925405798368e-06,6.1622438990792e-05,5.054084684328469e-05,0.0007836015867408696
480,480,480,479,964.4159333495516,2.8777321816580992e-05,1.9184881211053995e-05,0.002110770220612048,0.0016172379830175906,-9.285925405798368e-06,6.1622438990792e-05,5.054084684328469e-05,0.0007836015867408696
481,481,481,481,964.4159299803475,2.877498891884489e-05,1.918332594589659e-05,0.0021107614627462233,0.0016172326217257027,-9.28588620544707e-06,6.162249932221893e-05,5.0540857453401644e-05,0.0007835900593559492
482,482,482,481,964.4159299803475,2.877498891884489e-05,1.918332594589659e-05,0.0021107614627462233,0.0016172326217257027,-9.28588620544707e-06,6.162249932221893e-05,5.0540857453401644e-05,0.0007835900593559492
483,483,483,483,964.4159285105204,2.877266813156032e-05,1.9181778754373546e-05,0.0021107531756898446,0.0016172274348067437,-9.285841657831473e-06,6.16225532636228e-05,5.054086872476049e-05,0.0007835783201274535
484,484,484,483,964.4159285105204,2.877266813156032e-05,1.9181778754373546e-05,0.0021107531756898446,0.0016172274348067437,-9.285841657831473e-06,6.16225532636228e-05,5.054086872476049e-05,0.0007835783201274535
485,485,485,485,964.4159251535418,2.877033474035784e-05,1.9180223160238558e-05,0.0021107444397562352,0.0016172220888802432,-9.285798493317843e-06,6.162261742480651e-05,5.054088243662547e-05,0.0007835667878381056
486,486,486,485,964.4159251535418,2.877033474035784e-05,1.9180223160238558e-05,0.0021107444397562352,0.0016172220888802432,-9.285798493317843e-06,6.162261742480651e-05,5.054088243662547e-05,0.0007835667878381056
487,487,487,487,964.4159236955129,2.8768013683982963e-05,1.9178675789321975e-05,0.00211073607161398,0.0016172168380887684,-9.285752928765711e-06,6.162266678247616e-05,5.05408912892108e-05,0.0007835550187906491
488,488,488,487,964.4159236955129,2.8768013683982963e-05,1.9178675789321975e-05,0.00211073607161398,0.0016172168380887684,-9.285752928765711e-06,6.162266678247616e-05,5.05408912892108e-05,0.0007835550187906491
489,489,489,489,964.4159203504721,2.8765679870812466e-05,1.917711991387498e-05,0.002110727504342855,0.001617211586932538,-9.285714317193439e-06,6.162272680654011e-05,5.054090547411405e-05,0.0007835434596621761
490,490,490,489,964.4159203504721,2.8765679870812466e-05,1.917711991387498e-05,0.002110727504342855,0.001617211586932538,-9.285714317193439e-06,6.162272680654011e-05,5.054090547411405e-05,0.0007835434596621761
491,491,491,491,964.4159189021118,2.8763356074296142e-05,1.9175570716197427e-05,0.002110718851330727,0.0016172061559893954,-9.285663168233371e-06,6.162277902122108e-05,5.054091314137671e-05,0.0007835316810779229
492,492,492,491,964.4159189021118,2.8763356074296142e-05,1.9175570716197427e-05,0.002110718851330727,0.0016172061559893954,-9.285663168233371e-06,6.162277902122108e-05,5.054091314137671e-05,0.0007835316810779229
493,493,493,493,964.4159155697571,2.8761022041745576e-05,1.917401469449705e-05,0.0021107101054110276,0.0016172007969018163,-9.285619625418184e-06,6.162283748060895e-05,5.054092220210804e-05,0.0007835201434482218
494,494,494,493,964.4159155697571,2.8761022041745576e-05,1.917401469449705e-05,0.0021107101054110276,0.0016172007969018163,-9.285619625418184e-06,6.162283748060895e-05,5.054092220210804e-05,0.0007835201434482218
495,495,495,495,964.4159141347175,2.8758701693804012e-05,1.917246779586934e-05,0.002110701802136177,0.0016171956000557352,-9.285570571969382e-06,6.162288540529991e-05,5.054092982584302e-05,0.0007835084029871242
496,496,496,495,964.4159141347175,2.8758701693804012e-05,1.917246779586934e-05,0.002110701802136177,0.0016171956000557352,-9.285570571969382e-06,6.162288540529991e-05,5.054092982584302e-05,0.0007835084029871242
497,497,497,497,964.4159108141214,2.8756367449783715e-05,1.9170911633189142e-05,0.0021106928623961705,0.0016171901057110251,-9.28553313481184e-06,6.16229548483668e-05,5.054094856955793e-05,0.0007834968614017781
498,498,498,497,964.4159108141214,2.8756367449783715e-05,1.9170911633189142e-05,0.0021106928623961705,0.0016171901057110251,-9.28553313481184e-06,6.16229548483668e-05,5.054094856955793e-05,0.0007834968614017781
499,499,499,499,964.4159093894554,2.8754043251422168e-05,1.916936216761478e-05,0.00211068447941587,0.0016171848406285301,-9.285481403401019e-06,6.162300343116655e-05,5.054095653982821e-05,0.0007834850154608652
500,500,500,499,964.4159093894554,2.8754043251422168e-05,1.916936216761478e-05,0.00211068447941587,0.0016171848406285301,-9.285481403401019e-06,6.162300343116655e-05,5.054095653982821e-05,0.0007834850154608652
501,501,501,501,964.4159060810757,2.875171029670387e-05,1.9167806864469245e-05,0.002110675965625788,0.0016171796343520555,-9.285438456671513e-06,6.162305648757256e-05,5.054096960385723e-05,0.0007834734838528849
502,502,502,501,964.4159060810757,2.875171029670387e-05,1.9167806864469245e-05,0.002110675965625788,0.0016171796343520555,-9.285438456671513e-06,6.162305648757256e-05,5.054096960385723e-05,0.0007834734838528849
503,503,503,503,964.4159046686311,2.874938749442002e-05,1.916625832961335e-05,0.002110667210236688,0.001617174105522005,-9.28538937963741e-06,6.162311689784194e-05,5.0540979782548456e-05,0.0007834616895661466
504,504,504,503,964.4159046686311,2.874938749442002e-05,1.916625832961335e-05,0.002110667210236688,0.001617174105522005,-9.28538937963741e-06,6.162311689784194e-05,5.0540979782548456e-05,0.0007834616895661466
505,505,505,505,964.4159013723083,2.8747055704131386e-05,1.9164703802754257e-05,0.0021106587418083444,0.0016171689463238548,-9.28535011204823e-06,6.16231723453492e-05,5.0540991642020194e-05,0.000783450200466126
506,506,506,505,964.4159013723083,2.8747055704131386e-05,1.9164703802754257e-05,0.0021106587418083444,0.0016171689463238548,-9.28535011204823e-06,6.16231723453492e-05,5.0540991642020194e-05,0.000783450200466126
507,507,507,507,964.4158999734141,2.874473636946262e-05,1.9163157579641748e-05,0.002110650257020507,0.0016171636362625147,-9.28530431399538e-06,6.162323057387076e-05,5.054100106104825e-05,0.0007834384699410594
508,508,508,507,964.4158999734141,2.874473636946262e-05,1.9163157579641748e-05,0.002110650257020507,0.0016171636362625147,-9.28530431399538e-06,6.162323057387076e-05,5.054100106104825e-05,0.0007834384699410594
509,509,509,509,964.4158966913693,2.8742404199283422e-05,1.916160279952228e-05,0.0021106416350986533,0.001617158349720595,-9.285262650614301e-06,6.162329058742817e-05,5.054101135627126e-05,0.0007834269716618257
510,510,510,509,964.4158966913693,2.8742404199283422e-05,1.916160279952228e-05,0.0021106416350986533,0.001617158349720595,-9.285262650614301e-06,6.162329058742817e-05,5.054101135627126e-05,0.0007834269716618257
511,511,511,511,964.4158953046824,2.8740082941847156e-05,1.916005529456477e-05,0.002110633060740968,0.0016171529614595645,-9.285215153587156e-06,6.162334437232123e-05,5.054102400554872e-05,0.0007834151700215697
512,512,512,511,964.4158953046824,2.8740082941847156e-05,1.916005529456477e-05,0.002110633060740968,0.0016171529614595645,-9.285215153587156e-06,6.162334437232123e-05,5.054102400554872e-05,0.0007834151700215697
513,513,513,513,964.4158920341176,2.8737752490015644e-05,1.915850166001043e-05,0.0021106245427825877,0.0016171477526607625,-9.285181206762638e-06,6.162340469789229e-05,5.0541036032594744e-05,0.0007834036772616013
514,514,514,513,964.4158920341176,2.8737752490015644e-05,1.915850166001043e-05,0.0021106245427825877,0.0016171477526607625,-9.285181206762638e-06,6.162340469789229e-05,5.0541036032594744e-05,0.0007834036772616013
515,515,515,515,964.415890659619,2.8735430619430957e-05,1.9156953746287304e-05,0.002110615985038526,0.0016171423833087311,-9.285124422622748e-06,6.162345676510152e-05,5.0541047318733434e-05,0.000783391915609874
516,516,516,515,964.415890659619,2.8735430619430957e-05,1.9156953746287304e-05,0.002110615985038526,0.0016171423833087311,-9.285124422622748e-06,6.162345676510152e-05,5.0541047318733434e-05,0.000783391915609874
517,517,517,517,964.4158873998383,2.87330967506938e-05,1.9155397833795867e-05,0.0021106075227603576,0.001617137235998593,-9.285082639004516e-06,6.16235208574538e-05,5.054105901793754e-05,0.0007833803969032534
518,518,518,517,964.4158873998383,2.87330967506938e-05,1.9155397833795867e-05,0.0021106075227603576,0.001617137235998593,-9.285082639004516e-06,6.16235208574538e-05,5.054105901793754e-05,0.0007833803969032534
519,519,519,519,964.4158860395618,2.873078075207869e-05,1.9153853834719126e-05,0.0021105990336209982,0.0016171319028828832,-9.285036200901153e-06,6.16235723664549e-05,5.054106979354711e-05,0.0007833686937949106
520,520,520,519,964.4158860395618,2.873078075207869e-05,1.9153853834719126e-05,0.0021105990336209982,0.0016171319028828832,-9.285036200901153e-06,6.16235723664549e-05,5.054106979354711e-05,0.0007833686937949106
521,521,521,521,964.4158827955594,2.872845367377086e-05,1.9152302449180574e-05,0.0021105906107028584,0.0016171267759756743,-9.285003645359557e-06,6.162363297124585e-05,5.054108033032689e-05,0.0007833572503770076
522,522,522,521,964.4158827955594,2.872845367377086e-05,1.9152302449180574e-05,0.0021105906107028584,0.0016171267759756743,-9.285003645359557e-06,6.162363297124585e-05,5.054108033032689e-05,0.0007833572503770076
523,523,523,523,964.4158814474779,2.872613596888174e-05,1.9150757312587825e-05,0.0021105821796299803,0.0016171215286670175,-9.284957212023215e-06,6.162368967215842e-05,5.0541092088525474e-05,0.0007833455197267466
524,524,524,523,964.4158814474779,2.872613596888174e-05,1.9150757312587825e-05,0.0021105821796299803,0.0016171215286670175,-9.284957212023215e-06,6.162368967215842e-05,5.0541092088525474e-05,0.0007833455197267466
525,525,525,525,964.4158782139815,2.8723803751296018e-05,1.9149202500864014e-05,0.0021105734659717474,0.0016171161663009843,-9.284913682447438e-06,6.162374791742378e-05,5.054110240319126e-05,0.0007833339892248151
526,526,526,525,964.4158782139815,2.8723803751296018e-05,1.9149202500864014e-05,0.0021105734659717474,0.0016171161663009843,-9.284913682447438e-06,6.162374791742378e-05,5.054110240319126e-05,0.0007833339892248151
527,527,527,527,964.4158768769037,2.872148109467343e-05,1.914765406311562e-05,0.002110564758947259,0.0016171106860471693,-9.284855590666052e-06,6.162379369878218e-05,5.054110778149323e-05,0.0007833221354488862
528,528,528,527,964.4158768769037,2.872148109467343e-05,1.914765406311562e-05,0.002110564758947259,0.0016171106860471693,-9.284855590666052e-06,6.162379369878218e-05,5.054110778149323e-05,0.0007833221354488862
529,529,529,529,964.4158736533954,2.8719148336853184e-05,1.9146098891235457e-05,0.002110555959491932,0.0016171052608238033,-9.28482159223698e-06,6.162386580680084e-05,5.0541126601563735e-05,0.0007833106136465144
530,530,530,529,964.4158736533954,2.8719148336853184e-05,1.9146098891235457e-05,0.002110555959491932,0.0016171052608238033,-9.28482159223698e-06,6.162386580680084e-05,5.0541126601563735e-05,0.0007833106136465144
531,531,531,531,964.4158723321646,2.8716826882685398e-05,1.91445512551236e-05,0.002110547611971696,0.0016171001234901062,-9.284767406372851e-06,6.162390895394426e-05,5.054113237357161e-05,0.0007832988816733868
532,532,532,531,964.4158723321646,2.8716826882685398e-05,1.91445512551236e-05,0.002110547611971696,0.0016171001234901062,-9.284767406372851e-06,6.162390895394426e-05,5.054113237357161e-05,0.0007832988816733868
533,533,533,533,964.4158691214545,2.8714493137543817e-05,1.914299542502921e-05,0.00211053890586247,0.0016170947770063411,-9.284728289933597e-06,6.162397635798044e-05,5.0541149499996885e-05,0.0007832873657661028
534,534,534,533,964.4158691214545,2.8714493137543817e-05,1.914299542502921e-05,0.00211053890586247,0.0016170947770063411,-9.284728289933597e-06,6.162397635798044e-05,5.0541149499996885e-05,0.0007832873657661028
535,535,535,535,964.4158677998277,2.8712158948368538e-05,1.914143929891236e-05,0.002110530035823289,0.0016170892046101586,-9.284687861085827e-06,6.162402128972235e-05,5.054114938979337e-05,0.0007832755933257429
536,536,536,535,964.4158677998277,2.8712158948368538e-05,1.914143929891236e-05,0.002110530035823289,0.0016170892046101586,-9.284687861085827e-06,6.162402128972235e-05,5.054114938979337e-05,0.0007832755933257429
537,537,537,537,964.4158646016435,2.8709827935263776e-05,1.913988529017585e-05,0.002110521672536319,0.0016170840858919415,-9.284638704989967e-06,6.162408624102329e-05,5.0541168734485886e-05,0.0007832639734857425
538,538,538,537,964.4158646016435,2.8709827935263776e-05,1.913988529017585e-05,0.002110521672536319,0.0016170840858919415,-9.284638704989967e-06,6.162408624102329e-05,5.0541168734485886e-05,0.0007832639734857425
539,539,539,539,964.415863298088,2.8707503201635953e-05,1.9138335467757304e-05,0.0021105130852767974,0.001617078691916054,-9.284582901711302e-06,6.162413344040383e-05,5.054117468077102e-05,0.0007832521362762072
540,540,540,539,964.415863298088,2.8707503201635953e-05,1.9138335467757304e-05,0.0021105130852767974,0.001617078691916054,-9.284582901711302e-06,6.162413344040383e-05,5.054117468077102e-05,0.0007832521362762072
541,541,541,541,964.4158601125964,2.8705172545467894e-05,1.91367816969786e-05,0.0021105044284141,0.0016170733850055764,-9.284554361457809e-06,6.162420261845796e-05,5.054119439223265e-05,0.0007832406249625876
542,542,542,541,964.4158601125964,2.8705172545467894e-05,1.91367816969786e-05,0.0021105044284141,0.0016170733850055764,-9.284554361457809e-06,6.162420261845796e-05,5.054119439223265e-05,0.0007832406249625876
543,543,543,543,964.4158588212824,2.8702849076078785e-05,1.9135232717385858e-05,0.002110496084680349,0.0016170681912923966,-9.284497180489515e-06,6.162424985779304e-05,5.0541198820711064e-05,0.0007832288875187405
544,544,544,543,964.4158588212824,2.8702849076078785e-05,1.9135232717385858e-05,0.002110496084680349,0.0016170681912923966,-9.284497180489515e-06,6.162424985779304e-05,5.0541198820711064e-05,0.0007832288875187405
545,545,545,545,964.41585564758,2.8700517723995178e-05,1.9133678482663452e-05,0.0021104873731754327,0.001617062847022125,-9.284468707911053e-06,6.162431216432957e-05,5.054121619870594e-05,0.000783217343705292
546,546,546,545,964.41585564758,2.8700517723995178e-05,1.9133678482663452e-05,0.0021104873731754327,0.001617062847022125,-9.284468707911053e-06,6.162431216432957e-05,5.054121619870594e-05,0.000783217343705292
547,547,547,547,964.415854362104,2.8698184367043078e-05,1.913212291136205e-05,0.002110479160482565,0.0016170578110769405,-9.284407512091808e-06,6.162437270684526e-05,5.054122559656343e-05,0.0007832056962974166
548,548,548,547,964.415854362104,2.8698184367043078e-05,1.913212291136205e-05,0.002110479160482565,0.0016170578110769405,-9.284407512091808e-06,6.162437270684526e-05,5.054122559656343e-05,0.0007832056962974166
549,549,549,549,964.4158512024353,2.8695853132310045e-05,1.9130568754873366e-05,0.0021104701472209396,0.0016170521502937665,-9.284375906248865e-06,6.162442863581684e-05,5.0541238007240086e-05,0.0007831939387297708
550,550,550,549,964.4158512024353,2.8695853132310045e-05,1.9130568754873366e-05,0.0021104701472209396,0.0016170521502937665,-9.284375906248865e-06,6.162442863581684e-05,5.0541238007240086e-05,0.0007831939387297708
551,551,551,551,964.4158499330937,2.8693525624651217e-05,1.9129017083100813e-05,0.002110461777634408,0.001617046986472655,-9.284323292543806e-06,6.162448223062404e-05,5.054124497974599e-05,0.0007831823479156278
552,552,552,551,964.4158499330937,2.8693525624651217e-05,1.9129017083100813e-05,0.002110461777634408,0.001617046986472655,-9.284323292543806e-06,6.162448223062404e-05,5.054124497974599e-05,0.0007831823479156278
553,553,553,553,964.4158467829004,2.8691191722746145e-05,1.912746114849743e-05,0.002110453734398141,0.0016170420876590944,-9.284273107146301e-06,6.162454388585677e-05,5.05412604878408e-05,0.0007831706687687148
554,554,554,553,964.4158467829004,2.8691191722746145e-05,1.912746114849743e-05,0.002110453734398141,0.0016170420876590944,-9.284273107146301e-06,6.162454388585677e-05,5.05412604878408e-05,0.0007831706687687148
555,555,555,555,964.4158455228494,2.8688860138875727e-05,1.9125906759250484e-05,0.002110444500979073,0.0016170362763226489,-9.28423629725783e-06,6.162459582799238e-05,5.054126927718505e-05,0.0007831589321842403
556,556,556,555,964.4158455228494,2.8688860138875727e-05,1.9125906759250484e-05,0.002110444500979073,0.0016170362763226489,-9.28423629725783e-06,6.162459582799238e-05,5.054126927718505e-05,0.0007831589321842403
557,557,557,557,964.4158423853137,2.868652186777121e-05,1.9124347911847472e-05,0.0021104358400150587,0.0016170309429706722,-9.284198992556836e-06,6.162465400720713e-05,5.054127493857308e-05,0.0007831472046662955
558,558,558,557,964.4158423853137,2.868652186777121e-05,1.9124347911847472e-05,0.0021104358400150587,0.0016170309429706722,-9.284198992556836e-06,6.162465400720713e-05,5.054127493857308e-05,0.0007831472046662955
559,559,559,559,964.4158411367806,2.8684191962807803e-05,1.912279464187187e-05,0.0021104274095360494,0.001617025736236335,-9.28413564762337e-06,6.162471542197652e-05,5.0541295117348395e-05,0.0007831355529685938
560,560,560,559,964.4158411367806,2.8684191962807803e-05,1.912279464187187e-05,0.0021104274095360494,0.001617025736236335,-9.28413564762337e-06,6.162471542197652e-05,5.0541295117348395e-05,0.0007831355529685938
561,561,561,561,964.4158380120896,2.86818592143967e-05,1.9121239476264467e-05,0.0021104186307658733,0.001617020275617053,-9.284102111366266e-06,6.162477635521951e-05,5.0541303170281715e-05,0.0007831239108281827
562,562,562,561,964.4158380120896,2.86818592143967e-05,1.9121239476264467e-05,0.0021104186307658733,0.001617020275617053,-9.284102111366266e-06,6.162477635521951e-05,5.0541303170281715e-05,0.0007831239108281827
563,563,563,563,964.4158367771599,2.867953105192833e-05,1.911968736795222e-05,0.0021104101723680067,0.0016170150173355426,-9.284057190965533e-06,6.162482586589689e-05,5.054131496338987e-05,0.0007831121978777457
564,564,564,563,964.4158367771599,2.867953105192833e-05,1.911968736795222e-05,0.0021104101723680067,0.0016170150173355426,-9.284057190965533e-06,6.162482586589689e-05,5.054131496338987e-05,0.0007831121978777457
565,565,565,565,964.4158336638927,2.867719489194065e-05,1.9118129927960432e-05,0.0021104017699151,0.0016170098411643096,-9.283999986516023e-06,6.162487728615718e-05,5.0541334017689676e-05,0.0007831004798756918
566,566,566,565,964.4158336638927,2.867719489194065e-05,1.9118129927960432e-05,0.0021104017699151,0.0016170098411643096,-9.283999986516023e-06,6.162487728615718e-05,5.0541334017689676e-05,0.0007831004798756918
567,567,567,567,964.4158324398117,2.8674861462602008e-05,1.911657430840134e-05,0.002110393007355021,0.001617004379755585,-9.283962987841066e-06,6.16249380752333e-05,5.0541336890870536e-05,0.0007830887615328339
568,568,568,567,964.4158324398117,2.8674861462602008e-05,1.911657430840134e-05,0.002110393007355021,0.001617004379755585,-9.283962987841066e-06,6.16249380752333e-05,5.0541336890870536e-05,0.0007830887615328339
569,569,569,569,964.4158293401002,2.8672527965761807e-05,1.9115018643841204e-05,0.0021103843327888046,0.0016169989970840901,-9.283920180104543e-06,6.162499723511532e-05,5.0541348337297676e-05,0.0007830771322097196
570,570,570,569,964.4158293401002,2.8672527965761807e-05,1.9115018643841204e-05,0.0021103843327888046,0.0016169989970840901,-9.283920180104543e-06,6.162499723511532e-05,5.0541348337297676e-05,0.0007830771322097196
571,571,571,571,964.4158281286914,2.8670195485469563e-05,1.911346365697971e-05,0.0021103757013685846,0.0016169936686406079,-9.283868153887875e-06,6.162505484010778e-05,5.0541359131121844e-05,0.0007830654575672958
572,572,572,571,964.4158281286914,2.8670195485469563e-05,1.911346365697971e-05,0.0021103757013685846,0.0016169936686406079,-9.283868153887875e-06,6.162505484010778e-05,5.0541359131121844e-05,0.0007830654575672958
573,573,573,573,964.4158250401599,2.8667861166981057e-05,1.9111907444654037e-05,0.002110367089546626,0.0016169883118746092,-9.283832346988763e-06,6.162511134249453e-05,5.054136617051175e-05,0.0007830537350635386
574,574,574,573,964.4158250401599,2.8667861166981057e-05,1.9111907444654037e-05,0.002110367089546626,0.0016169883118746092,-9.283832346988763e-06,6.162511134249453e-05,5.054136617051175e-05,0.0007830537350635386
575,575,575,575,964.415823841847,2.8665529792415434e-05,1.9110353194943624e-05,0.002110358559842018,0.0016169830239306866,-9.28378672949981e-06,6.162516824437448e-05,5.05413824049214e-05,0.0007830419991548818
576,576,576,575,964.415823841847,2.8665529792415434e-05,1.9110353194943624e-05,0.002110358559842018,0.0016169830239306866,-9.28378672949981e-06,6.162516824437448e-05,5.05413824049214e-05,0.0007830419991548818
577,577,577,577,964.4158207654928,2.8663195341283032e-05,1.910879689418869e-05,0.002110349813344795,0.0016169776087486066,-9.283743949553558e-06,6.162522960080882e-05,5.054139719575662e-05,0.0007830303173636903
578,578,578,577,964.4158207654928,2.8663195341283032e-05,1.910879689418869e-05,0.002110349813344795,0.0016169776087486066,-9.283743949553558e-06,6.162522960080882e-05,5.054139719575662e-05,0.0007830303173636903
579,579,579,579,964.4158195794073,2.8660862685714328e-05,1.910724179047622e-05,0.002110341302449611,0.001616972341035573,-9.283688531258605e-06,6.162528265556059e-05,5.054140660029627e-05,0.0007830186520229456
580,580,580,579,964.4158195794073,2.8660862685714328e-05,1.910724179047622e-05,0.002110341302449611,0.001616972341035573,-9.283688531258605e-06,6.162528265556059e-05,5.054140660029627e-05,0.0007830186520229456
581,581,581,581,964.4158165154225,2.8658528224784208e-05,1.9105685483189472e-05,0.002110332748265386,0.0016169670590475123,-9.283648843463888e-06,6.162534174150901e-05,5.054141804713974e-05,0.0007830069304245761
582,582,582,581,964.4158165154225,2.8658528224784208e-05,1.9105685483189472e-05,0.002110332748265386,0.0016169670590475123,-9.283648843463888e-06,6.162534174150901e-05,5.054141804713974e-05,0.0007830069304245761
583,583,583,583,964.4158153416518,2.8656197964715968e-05,1.9104131976477312e-05,0.00211032417877086,0.0016169617421726238,-9.283601023528376e-06,6.162539854265983e-05,5.0541425896985515e-05,0.0007829952650434111
584,584,584,583,964.4158153416518,2.8656197964715968e-05,1.9104131976477312e-05,0.00211032417877086,0.0016169617421726238,-9.283601023528376e-06,6.162539854265983e-05,5.0541425896985515e-05,0.0007829952650434111
585,585,585,585,964.4158122927196,2.8653868482636513e-05,1.910257898842434e-05,0.002110315812202756,0.001616956588238798,-9.28356229567412e-06,6.162546000453223e-05,5.0541443831139676e-05,0.0007829836698344751
586,586,586,585,964.4158122927196,2.8653868482636513e-05,1.910257898842434e-05,0.002110315812202756,0.001616956588238798,-9.28356229567412e-06,6.162546000453223e-05,5.0541443831139676e-05,0.0007829836698344751
587,587,587,587,964.4158111304844,2.865153358930228e-05,1.9101022392868188e-05,0.0021103070933732354,0.0016169511856607035,-9.283512078343825e-06,6.162551174508897e-05,5.054144958601542e-05,0.0007829719000026121
588,588,588,587,964.4158111304844,2.865153358930228e-05,1.9101022392868188e-05,0.0021103070933732354,0.0016169511856607035,-9.283512078343825e-06,6.162551174508897e-05,5.054144958601542e-05,0.0007829719000026121
589,589,589,589,964.4158080911046,2.8649197332836218e-05,1.909946488855748e-05,0.002110298570690987,0.0016169459137718,-9.28347015165254e-06,6.162557791503116e-05,5.0541464709064066e-05,0.0007829601952720698
590,590,590,589,964.4158080911046,2.8649197332836218e-05,1.909946488855748e-05,0.002110298570690987,0.0016169459137718,-9.28347015165254e-06,6.162557791503116e-05,5.0541464709064066e-05,0.0007829601952720698
591,591,591,591,964.4158069409398,2.8646898189710335e-05,1.9097932126473555e-05,0.0021102894554500006,0.0016169402944561605,-9.283423821046521e-06,6.162562484569479e-05,5.054147348379501e-05,0.0007829485424009344
592,592,592,591,964.4158069409398,2.8646898189710335e-05,1.9097932126473555e-05,0.0021102894554500006,0.0016169402944561605,-9.283423821046521e-06,6.162562484569479e-05,5.054147348379501e-05,0.0007829485424009344
593,593,593,593,964.4158039137229,2.8644563190405314e-05,1.909637546027021e-05,0.0021102809097710133,0.001616934994820884,-9.283377924093617e-06,6.16256856931378e-05,5.054148412501208e-05,0.0007829368737893958
594,594,594,593,964.4158039137229,2.8644563190405314e-05,1.909637546027021e-05,0.0021102809097710133,0.001616934994820884,-9.283377924093617e-06,6.16256856931378e-05,5.054148412501208e-05,0.0007829368737893958
595,595,595,595,964.4158027757638,2.8642230095937693e-05,1.9094820063958462e-05,0.0021102724829376615,0.0016169297762153251,-9.283327394908614e-06,6.16257338537834e-05,5.054149488126214e-05,0.0007829251693886308
596,596,596,595,964.4158027757638,2.8642230095937693e-05,1.9094820063958462e-05,0.0021102724829376615,0.0016169297762153251,-9.283327394908614e-06,6.16257338537834e-05,5.054149488126214e-05,0.0007829251693886308
597,597,597,597,964.4157997628818,2.8639897069887565e-05,1.9093264713258378e-05,0.002110263616172906,0.0016169242793602446,-9.283288605041462e-06,6.162579997733098e-05,5.054150933761492e-05,0.0007829134970785583
598,598,598,597,964.4157997628818,2.8639897069887565e-05,1.9093264713258378e-05,0.002110263616172906,0.0016169242793602446,-9.283288605041462e-06,6.162579997733098e-05,5.054150933761492e-05,0.0007829134970785583
599,599,599,599,964.4157986374486,2.8637564578770647e-05,1.909170971918043e-05,0.002110254958697437,0.0016169189223473068,-9.28323484327559e-06,6.162585751492264e-05,5.05415199830786e-05,0.0007829017525648591
