sequence_index,iteration,nf,incumbent_index,incumbent_full_objective,mean_gate_entanglement_infidelity_to_truth,mean_gate_average_infidelity_to_truth,mean_spam_vector_l2_error_to_truth,mean_spam_tracedist_to_truth,mean_gate_eigenvalue_nonunitarity_excess_to_truth,mean_gate_eigenvalue_diamondnorm_to_truth,mean_gate_eigenvalue_nonunitary_diamondnorm_to_truth,mean_gate_diamond_distance_to_truth
0,0,0,0,85043.44608811912,0.002273422622213639,0.0015156150814757592,0.0069771033542395085,0.004937894532976495,-0.003850330725303386,0.008134373632380808,0.004513942584111835,0.015113464757287321
1,1,1,1,15726.643505425964,0.008462107391284862,0.005641404927523241,0.00924665663389423,0.006963093141818764,0.01555291818806652,0.020806568952295885,0.019328015208746926,0.03950081105395077
2,2,2,1,15726.643505425964,0.008462107391284862,0.005641404927523241,0.00924665663389423,0.006963093141818764,0.01555291818806652,0.020806568952295885,0.019328015208746926,0.03950081105395077
3,3,3,1,15726.643505425964,0.008462107391284862,0.005641404927523241,0.00924665663389423,0.006963093141818764,0.01555291818806652,0.020806568952295885,0.019328015208746926,0.03950081105395077
4,4,4,4,6067.576098095318,0.003938161047012251,0.0026254406980081675,0.025382058750047874,0.01899549118550079,0.004080147574987189,0.014073766995238489,0.006673937701377093,0.026766817685310095
5,5,5,4,6067.576098095318,0.003938161047012251,0.0026254406980081675,0.025382058750047874,0.01899549118550079,0.004080147574987189,0.014073766995238489,0.006673937701377093,0.026766817685310095
6,6,6,4,6458.8994905377,0.003938161047012251,0.0026254406980081675,0.025382058750047874,0.01899549118550079,0.004080147574987189,0.014073766995238489,0.006673937701377093,0.026766817685310095
7,7,7,7,3708.9765841454637,0.0023046862622478903,0.00153645750816526,0.006869930658538928,0.005112238613788031,0.00380844125557378,0.005724514817588903,0.005070887101329323,0.01199623655552277
8,8,8,7,3708.9765841454637,0.0023046862622478903,0.00153645750816526,0.006869930658538928,0.005112238613788031,0.00380844125557378,0.005724514817588903,0.005070887101329323,0.01199623655552277
9,9,9,9,1900.0382163786176,0.0005728893027623638,0.0003819262018415759,0.0026872334062584507,0.0018573335780539347,0.0020531719918811184,0.0027675922025899935,0.002362327133388485,0.006297815981182314
10,10,10,10,1840.0226653122352,0.0012457743888732165,0.0008305162592488109,0.0015122683548867645,0.0012472901063104792,0.0022395310662398013,0.0029989283545418925,0.0028607394576564624,0.00656983518188299
11,11,11,10,2052.368589135061,0.0012457743888732165,0.0008305162592488109,0.0015122683548867645,0.0012472901063104792,0.0022395310662398013,0.0029989283545418925,0.0028607394576564624,0.00656983518188299
12,12,12,10,2052.368589135061,0.0012457743888732165,0.0008305162592488109,0.0015122683548867645,0.0012472901063104792,0.0022395310662398013,0.0029989283545418925,0.0028607394576564624,0.00656983518188299
13,13,13,13,1874.3379972427988,0.0007700270004604715,0.0005133513336403143,0.0021866094902599185,0.0017950133939935412,0.0009987340739027323,0.0016863521844933884,0.0014181322866353638,0.0044785073575649365
14,14,14,14,1800.55016210672,0.0006808822369667455,0.0004539214913111637,0.001963101003983256,0.0015191379522940362,0.0006772220865412376,0.0012150334149880775,0.0010770544331863904,0.00368579114283859
15,15,15,15,994.2211467437935,0.00022226233007185958,0.00014817488671457307,0.0020216374309402793,0.0015797982926545882,0.00020060913476067227,0.0005191287408109565,0.0003834084377856914,0.002251790686049651
16,16,16,15,1060.583606755533,0.00022226233007185958,0.00014817488671457307,0.0020216374309402793,0.0015797982926545882,0.00020060913476067227,0.0005191287408109565,0.0003834084377856914,0.002251790686049651
17,17,17,15,1060.583606755533,0.00022226233007185958,0.00014817488671457307,0.0020216374309402793,0.0015797982926545882,0.00020060913476067227,0.0005191287408109565,0.0003834084377856914,0.002251790686049651
18,18,18,18,912.1848819436397,8.551887465099717e-05,5.701258310066478e-05,0.002025571037858233,0.0017016624515240161,8.554147626201047e-05,0.0003254674089279185,0.00022392323734079372,0.0019844390965789577
19,19,19,18,912.1848819436397,8.551887465099717e-05,5.701258310066478e-05,0.002025571037858233,0.0017016624515240161,8.554147626201047e-05,0.0003254674089279185,0.00022392323734079372,0.0019844390965789577
20,20,20,18,912.1848819436397,8.551887465099717e-05,5.701258310066478e-05,0.002025571037858233,0.0017016624515240161,8.554147626201047e-05,0.0003254674089279185,0.00022392323734079372,0.0019844390965789577
21,21,21,21,887.9777138703419,5.898528256728652e-05,3.9323521711524347e-05,0.0021684652590471523,0.001774301311395719,4.3409616554565544e-05,0.00029374952607678944,0.00017676767836593416,0.001843615238916167
22,22,22,21,887.9777138703419,5.898528256728652e-05,3.9323521711524347e-05,0.0021684652590471523,0.001774301311395719,4.3409616554565544e-05,0.00029374952607678944,0.00017676767836593416,0.001843615238916167
23,23,23,23,884.8457959859963,5.806434055605214e-05,3.870956037070143e-05,0.002201683979810095,0.0018164678428223375,4.0183088375680964e-05,0.0002980705729239683,0.00017661225243801454,0.0018416137076212495
24,24,24,23,884.8457959859963,5.806434055605214e-05,3.870956037070143e-05,0.002201683979810095,0.0018164678428223375,4.0183088375680964e-05,0.0002980705729239683,0.00017661225243801454,0.0018416137076212495
25,25,25,25,879.3990587764749,5.1942125634779623e-05,3.462808375651975e-05,0.002179587592807023,0.0018110714308428527,3.702812281541901e-05,0.0002990985196327086,0.0001643121073869186,0.001824375169987192
26,26,26,25,883.2542513622723,5.1942125634779623e-05,3.462808375651975e-05,0.002179587592807023,0.0018110714308428527,3.702812281541901e-05,0.0002990985196327086,0.0001643121073869186,0.001824375169987192
27,27,27,25,883.2542513622723,5.1942125634779623e-05,3.462808375651975e-05,0.002179587592807023,0.0018110714308428527,3.702812281541901e-05,0.0002990985196327086,0.0001643121073869186,0.001824375169987192
28,28,28,28,872.6366515853838,4.2806211176332765e-05,2.8537474117555174e-05,0.0019834971841099585,0.001640790390754675,4.380010058355199e-05,0.00026971343502904977,0.00016345960071724452,0.0016722471770375944
29,29,29,28,872.6366515853838,4.2806211176332765e-05,2.8537474117555174e-05,0.0019834971841099585,0.001640790390754675,4.380010058355199e-05,0.00026971343502904977,0.00016345960071724452,0.0016722471770375944
30,30,30,30,871.2882686319838,4.294217589798088e-05,2.8628117265320587e-05,0.001965796534038013,0.0016327746094769856,3.377567824169175e-05,0.00027312087662590204,0.00016538467516894612,0.0016723948809986581
31,31,31,30,875.0978981079579,4.294217589798088e-05,2.8628117265320587e-05,0.001965796534038013,0.0016327746094769856,3.377567824169175e-05,0.00027312087662590204,0.00016538467516894612,0.0016723948809986581
32,32,32,30,875.0978981079579,4.294217589798088e-05,2.8628117265320587e-05,0.001965796534038013,0.0016327746094769856,3.377567824169175e-05,0.00027312087662590204,0.00016538467516894612,0.0016723948809986581
33,33,33,33,871.2275133965036,3.867873125623644e-05,2.5785820837490963e-05,0.0019151534161868464,0.00159676944912081,1.4384173305938275e-05,0.0002360720438515742,0.00012406955048555046,0.001512813870032378
34,34,34,33,871.2275133965036,3.867873125623644e-05,2.5785820837490963e-05,0.0019151534161868464,0.00159676944912081,1.4384173305938275e-05,0.0002360720438515742,0.00012406955048555046,0.001512813870032378
35,35,35,35,870.8412724100613,4.5873139768004556e-05,3.05820931786697e-05,0.001892905528750939,0.0015846377067916424,1.234537932171681e-05,0.0002370497854654998,0.0001236445983974696,0.0015279613259210844
36,36,36,35,871.5095128624241,4.5873139768004556e-05,3.05820931786697e-05,0.001892905528750939,0.0015846377067916424,1.234537932171681e-05,0.0002370497854654998,0.0001236445983974696,0.0015279613259210844
37,37,37,35,871.5095128624241,4.5873139768004556e-05,3.05820931786697e-05,0.001892905528750939,0.0015846377067916424,1.234537932171681e-05,0.0002370497854654998,0.0001236445983974696,0.0015279613259210844
38,38,38,38,870.5362281749215,4.705759840223367e-05,3.1371732268155775e-05,0.0020253454683073486,0.0016941471438382013,1.0311744510084486e-05,0.00021380913659024018,0.00010862352426934535,0.0014133034575091498
39,39,39,38,870.5362281749215,4.705759840223367e-05,3.1371732268155775e-05,0.0020253454683073486,0.0016941471438382013,1.0311744510084486e-05,0.00021380913659024018,0.00010862352426934535,0.0014133034575091498
40,40,40,40,870.4923457605937,5.84577027528399e-05,3.8971801835226603e-05,0.0020097146853127854,0.0016907541837810802,8.335645648997747e-06,0.0002139322651301623,0.0001097100772319698,0.0014498812797495639
41,41,41,41,871.2662093062047,4.669453005809454e-05,3.112968670539636e-05,0.0021585574687717868,0.00182176954927575,1.068082537204057e-05,0.0002255616535742836,8.913643993288534e-05,0.001404794865594982
42,42,42,41,871.2662093062047,4.669453005809454e-05,3.112968670539636e-05,0.0021585574687717868,0.00182176954927575,1.068082537204057e-05,0.0002255616535742836,8.913643993288534e-05,0.001404794865594982
43,43,43,43,870.9264878586207,3.960577857106684e-05,2.640385238071123e-05,0.002175760648703885,0.0018321807760711868,8.473569274788928e-06,0.00022582266336897703,8.860888907465808e-05,0.0013996055324265527
44,44,44,43,870.9264878586207,3.960577857106684e-05,2.640385238071123e-05,0.002175760648703885,0.0018321807760711868,8.473569274788928e-06,0.00022582266336897703,8.860888907465808e-05,0.0013996055324265527
45,45,45,43,870.9264878586207,3.960577857106684e-05,2.640385238071123e-05,0.002175760648703885,0.0018321807760711868,8.473569274788928e-06,0.00022582266336897703,8.860888907465808e-05,0.0013996055324265527
46,46,46,46,872.8423512813323,4.548582103552912e-05,3.0323880690352745e-05,0.0019660627149889294,0.0016312083083974476,2.84903671700365e-06,0.00028441298441642576,8.457074956467331e-05,0.0014379781471271446
47,47,47,46,872.8423512813323,4.548582103552912e-05,3.0323880690352745e-05,0.0019660627149889294,0.0016312083083974476,2.84903671700365e-06,0.00028441298441642576,8.457074956467331e-05,0.0014379781471271446
48,48,48,48,872.754038037199,4.603695953170339e-05,3.069130635446893e-05,0.001968656235273161,0.0016319936001488369,1.7464079813123146e-06,0.00028552798279397114,8.366132145545824e-05,0.0014608995128329192
49,49,49,48,872.754038037199,4.603695953170339e-05,3.069130635446893e-05,0.001968656235273161,0.0016319936001488369,1.7464079813123146e-06,0.00028552798279397114,8.366132145545824e-05,0.0014608995128329192
50,50,50,50,872.6434508314406,4.276315298093469e-05,2.8508768653956462e-05,0.0019789588937445183,0.0016341980533075586,7.427997494591221e-07,0.0002866099873936887,8.289409088419603e-05,0.0014659488538204565
51,51,51,51,872.4980821688189,5.14714191008625e-05,3.431427940057501e-05,0.0014748551278298844,0.0012883352071306714,8.268025937230306e-07,0.00031644419602188095,0.00010754776171410102,0.0015828985610674045
52,52,52,51,872.4980821688189,5.14714191008625e-05,3.431427940057501e-05,0.0014748551278298844,0.0012883352071306714,8.268025937230306e-07,0.00031644419602188095,0.00010754776171410102,0.0015828985610674045
53,53,53,53,872.4280098382851,4.714763655749854e-05,3.143175770499902e-05,0.0014949657373602395,0.001303142619626984,4.436483279308956e-06,0.00031894289073990107,0.0001078771483274607,0.0015952322070278153
54,54,54,53,872.4280098382851,4.714763655749854e-05,3.143175770499902e-05,0.0014949657373602395,0.001303142619626984,4.436483279308956e-06,0.00031894289073990107,0.0001078771483274607,0.0015952322070278153
55,55,55,55,872.4062008923262,4.44941585806824e-05,2.9662772387121602e-05,0.0014884904642647702,0.001306655252705647,-1.969801267161231e-06,0.0003173305150933601,0.00010537452598476799,0.0016026441020316133
56,56,56,56,869.4899518124932,3.698849661140646e-05,2.4658997740937643e-05,0.00145000750434211,0.0012606345887899541,3.2086143361212405e-06,0.000253339326744649,9.385446784103413e-05,0.0014317230696633948
57,57,57,56,869.4899518124932,3.698849661140646e-05,2.4658997740937643e-05,0.00145000750434211,0.0012606345887899541,3.2086143361212405e-06,0.000253339326744649,9.385446784103413e-05,0.0014317230696633948
58,58,58,58,869.4042478636921,3.3547119790422464e-05,2.236474652694831e-05,0.0014372971929187018,0.00125796185570862,3.5807419379585426e-07,0.00025379533094286867,9.445573698323856e-05,0.001403319727517208
59,59,59,58,869.4042478636921,3.3547119790422464e-05,2.236474652694831e-05,0.0014372971929187018,0.00125796185570862,3.5807419379585426e-07,0.00025379533094286867,9.445573698323856e-05,0.001403319727517208
60,60,60,58,869.4042478636921,3.3547119790422464e-05,2.236474652694831e-05,0.0014372971929187018,0.00125796185570862,3.5807419379585426e-07,0.00025379533094286867,9.445573698323856e-05,0.001403319727517208
61,61,61,61,868.9055886375005,3.14503112212039e-05,2.0966874147469262e-05,0.0013762708433435822,0.0011869695090807983,-1.696310813585622e-06,0.00026512739088165775,0.00010220915538827757,0.0013162911063734398
62,62,62,61,868.9055886375005,3.14503112212039e-05,2.0966874147469262e-05,0.0013762708433435822,0.0011869695090807983,-1.696310813585622e-06,0.00026512739088165775,0.00010220915538827757,0.0013162911063734398
63,63,63,63,868.8434127176965,2.9742366967872025e-05,1.9828244645248017e-05,0.0014016356654649178,0.0012056910337169082,-1.0977064848136098e-06,0.0002643611963609452,0.00010123063861829096,0.0013043655650714341
64,64,64,63,868.8434127176965,2.9742366967872025e-05,1.9828244645248017e-05,0.0014016356654649178,0.0012056910337169082,-1.0977064848136098e-06,0.0002643611963609452,0.00010123063861829096,0.0013043655650714341
65,65,65,63,868.8434127176965,2.9742366967872025e-05,1.9828244645248017e-05,0.0014016356654649178,0.0012056910337169082,-1.0977064848136098e-06,0.0002643611963609452,0.00010123063861829096,0.0013043655650714341
66,66,66,66,866.2200605932383,2.922211713496381e-05,1.9481411423309204e-05,0.001350778050897554,0.0011505959826476806,4.280964991207337e-06,0.00025355527708679435,0.000114019219768495,0.0012880957652831194
67,67,67,67,866.2036223868292,2.8902775847688966e-05,1.9268517231792646e-05,0.0013350122945192738,0.0011433051045103976,4.884452466324962e-06,0.00025306645074913857,0.00011712099721684216,0.0012894628290891644
68,68,68,67,866.2036223868292,2.8902775847688966e-05,1.9268517231792646e-05,0.0013350122945192738,0.0011433051045103976,4.884452466324962e-06,0.00025306645074913857,0.00011712099721684216,0.0012894628290891644
69,69,69,69,866.1752750961496,2.8593291032108503e-05,1.9062194021405667e-05,0.0013392788903710947,0.0011486092743697148,4.387522145515854e-06,0.00025334710361861636,0.00011707704819864662,0.0012890848975477271
70,70,70,69,866.1752750961496,2.8593291032108503e-05,1.9062194021405667e-05,0.0013392788903710947,0.0011486092743697148,4.387522145515854e-06,0.00025334710361861636,0.00011707704819864662,0.0012890848975477271
71,71,71,71,869.0618301821805,2.843182003023359e-05,1.8954546686822393e-05,0.0014981142938759607,0.001284033971535829,1.1110541360270787e-05,0.00021324646085994054,0.0001103318948243448,0.0011842541999403104
72,72,72,71,869.0618301821805,2.843182003023359e-05,1.8954546686822393e-05,0.0014981142938759607,0.001284033971535829,1.1110541360270787e-05,0.00021324646085994054,0.0001103318948243448,0.0011842541999403104
73,73,73,73,869.0158835711402,2.9905476462060987e-05,1.993698430804066e-05,0.0015017789610864086,0.0012912401116304117,9.979019854278182e-06,0.00021289303216514145,0.00010961683928069343,0.0011827776682329354
74,74,74,73,869.0158835711402,2.9905476462060987e-05,1.993698430804066e-05,0.0015017789610864086,0.0012912401116304117,9.979019854278182e-06,0.00021289303216514145,0.00010961683928069343,0.0011827776682329354
75,75,75,75,869.0059065531896,3.1399385079122766e-05,2.0932923386081843e-05,0.001500942056961705,0.001289179480504282,9.635469039710742e-06,0.00021289542485106405,0.00011055642492571044,0.0011875420861156144
76,76,76,76,870.7078280007416,2.8889224531730706e-05,1.9259483021153802e-05,0.001419554005382611,0.001252723377804908,7.482862502836141e-06,0.00025755105710299406,0.00011571241944288019,0.0011808263755217104
77,77,77,76,870.7078280007416,2.8889224531730706e-05,1.9259483021153802e-05,0.001419554005382611,0.001252723377804908,7.482862502836141e-06,0.00025755105710299406,0.00011571241944288019,0.0011808263755217104
78,78,78,78,870.5662110571152,2.6203152393433626e-05,1.7468768262289082e-05,0.0014196158783589717,0.0012540894022493065,7.983524228580285e-06,0.0002578044753603889,0.00011580199130151875,0.0011719744620005822
79,79,79,78,870.5662110571152,2.6203152393433626e-05,1.7468768262289082e-05,0.0014196158783589717,0.0012540894022493065,7.983524228580285e-06,0.0002578044753603889,0.00011580199130151875,0.0011719744620005822
80,80,80,78,870.5662110571152,2.6203152393433626e-05,1.7468768262289082e-05,0.0014196158783589717,0.0012540894022493065,7.983524228580285e-06,0.0002578044753603889,0.00011580199130151875,0.0011719744620005822
81,81,81,81,868.4288258846118,2.3631095737608465e-05,1.575406382507231e-05,0.0015120554847730808,0.0013307011103421687,7.724404568143495e-06,0.0002237612369210613,0.00010391263728636024,0.0012228699261835484
82,82,82,81,868.4288258846118,2.3631095737608465e-05,1.575406382507231e-05,0.0015120554847730808,0.0013307011103421687,7.724404568143495e-06,0.0002237612369210613,0.00010391263728636024,0.0012228699261835484
83,83,83,83,868.3198518624996,2.1449468458528687e-05,1.4299645639019124e-05,0.0015141947799434563,0.0013331280490080138,8.240286233446303e-06,0.00022361352115585133,0.00010335229599041373,0.001198324121646014
84,84,84,83,868.3198518624996,2.1449468458528687e-05,1.4299645639019124e-05,0.0015141947799434563,0.0013331280490080138,8.240286233446303e-06,0.00022361352115585133,0.00010335229599041373,0.001198324121646014
85,85,85,85,868.2897460364075,1.8848741459409624e-05,1.2565827639606416e-05,0.0015163358873847123,0.0013354022027706727,9.187459893617023e-06,0.00022379882478651715,0.00010332340631921677,0.001178808344174709
86,86,86,86,869.9748053763599,1.8068378815350172e-05,1.2045585876900114e-05,0.0017209354004307468,0.0014433962889636182,9.539077789895434e-06,0.00021531027393781338,0.0001072603699427202,0.0011423489782155442
87,87,87,86,869.9748053763599,1.8068378815350172e-05,1.2045585876900114e-05,0.0017209354004307468,0.0014433962889636182,9.539077789895434e-06,0.00021531027393781338,0.0001072603699427202,0.0011423489782155442
88,88,88,88,869.8936918055772,1.762676666519636e-05,1.1751177776797572e-05,0.0017355510040759894,0.0014513931651274194,1.1471390281597715e-05,0.00021608420343916353,0.00010730080825920724,0.001138365382265227
89,89,89,88,869.8936918055772,1.762676666519636e-05,1.1751177776797572e-05,0.0017355510040759894,0.0014513931651274194,1.1471390281597715e-05,0.00021608420343916353,0.00010730080825920724,0.001138365382265227
90,90,90,88,869.8936918055772,1.762676666519636e-05,1.1751177776797572e-05,0.0017355510040759894,0.0014513931651274194,1.1471390281597715e-05,0.00021608420343916353,0.00010730080825920724,0.001138365382265227
91,91,91,91,873.1884949604779,1.7833862530680644e-05,1.1889241687120428e-05,0.001581175918921189,0.001395818886639548,1.965819188431972e-06,0.00016285025680981327,0.00010006062416650918,0.0009949550974689004
92,92,92,92,873.0781732825772,1.879319285849612e-05,1.2528795238997414e-05,0.0015858234834785635,0.00139952490279547,6.136866870697089e-06,0.00016545535240164168,0.00010322073907884088,0.001014675621741485
93,93,93,92,873.0781732825772,1.879319285849612e-05,1.2528795238997414e-05,0.0015858234834785635,0.00139952490279547,6.136866870697089e-06,0.00016545535240164168,0.00010322073907884088,0.001014675621741485
94,94,94,94,873.0066997435586,1.8190704033471672e-05,1.2127136022314449e-05,0.0015748834753163158,0.0013965547636266141,7.296852941290899e-06,0.00016662347223635266,0.00010415598814222243,0.0010203527925198483
95,95,95,94,873.0066997435586,1.8190704033471672e-05,1.2127136022314449e-05,0.0015748834753163158,0.0013965547636266141,7.296852941290899e-06,0.00016662347223635266,0.00010415598814222243,0.0010203527925198483
96,96,96,96,875.8181688628954,2.0109569851628484e-05,1.3406379901085657e-05,0.0015162839540836795,0.001348367747793281,3.3219082483937346e-06,0.00016483593478465404,9.213443133281041e-05,0.000971743659489992
97,97,97,96,875.8181688628954,2.0109569851628484e-05,1.3406379901085657e-05,0.0015162839540836795,0.001348367747793281,3.3219082483937346e-06,0.00016483593478465404,9.213443133281041e-05,0.000971743659489992
98,98,98,98,875.7134507647327,2.437355072643088e-05,1.624903381762059e-05,0.0014902694387359716,0.0013321463089713526,1.434089951603268e-06,0.00016485997068052375,9.188841291329908e-05,0.0010189985262537271
99,99,99,98,875.7134507647327,2.437355072643088e-05,1.624903381762059e-05,0.0014902694387359716,0.0013321463089713526,1.434089951603268e-06,0.00016485997068052375,9.188841291329908e-05,0.0010189985262537271
100,100,100,100,875.7131772781818,2.643368858812334e-05,1.762245905874889e-05,0.0014979271362016138,0.0013394230570178745,6.271146021641361e-07,0.00016535692343050016,9.130586473722613e-05,0.0010345647541988232
101,101,101,101,877.262256633577,2.846467214073778e-05,1.8976448093825184e-05,0.0016666507255231726,0.0014109784359147635,-1.0486134794734925e-05,0.00010180022975731217,9.256290518820653e-05,0.0009249090411579941
102,102,102,102,877.2558141094632,3.272401045908979e-05,2.181600697272653e-05,0.0016407701713942893,0.0013733087585585783,-1.336122252987293e-05,0.00010159083687228006,9.143108842137732e-05,0.000945387602497738
103,103,103,103,877.1564857587405,3.319527459977323e-05,2.2130183066515485e-05,0.0016398097626242082,0.0013728620533258245,-1.4788887372531312e-05,0.00010050930219084474,9.016531893028118e-05,0.0009468955433922834
104,104,104,103,877.1564857587405,3.319527459977323e-05,2.2130183066515485e-05,0.0016398097626242082,0.0013728620533258245,-1.4788887372531312e-05,0.00010050930219084474,9.016531893028118e-05,0.0009468955433922834
105,105,105,105,877.1320397095081,3.386177417721847e-05,2.257451611814565e-05,0.0016379108744161268,0.0013686066845742663,-1.5235551812632642e-05,0.00010040534876026218,9.018442679042948e-05,0.0009480329867931308
106,106,106,106,876.1738264097721,2.9055385770665465e-05,1.9370257180443644e-05,0.0016270243825092067,0.001372518723394911,-1.2291205348992362e-05,9.804451566080264e-05,8.649769775976451e-05,0.000914660335245879
107,107,107,106,876.1738264097721,2.9055385770665465e-05,1.9370257180443644e-05,0.0016270243825092067,0.001372518723394911,-1.2291205348992362e-05,9.804451566080264e-05,8.649769775976451e-05,0.000914660335245879
108,108,108,108,876.0356014390971,2.568786243437038e-05,1.7125241622913585e-05,0.0016311144382783274,0.0013760767867419112,-1.4120766985599442e-05,9.856522637393861e-05,8.478800254634045e-05,0.0008934770856341532
109,109,109,108,876.0356014390971,2.568786243437038e-05,1.7125241622913585e-05,0.0016311144382783274,0.0013760767867419112,-1.4120766985599442e-05,9.856522637393861e-05,8.478800254634045e-05,0.0008934770856341532
110,110,110,108,876.0356014390971,2.568786243437038e-05,1.7125241622913585e-05,0.0016311144382783274,0.0013760767867419112,-1.4120766985599442e-05,9.856522637393861e-05,8.478800254634045e-05,0.0008934770856341532
111,111,111,111,876.4131954720979,2.5168345966525285e-05,1.6778897311016856e-05,0.0018985006078480768,0.0015026739081883814,-1.9419192764887072e-05,0.00011223129246990024,9.377872835122925e-05,0.000923124147468948
112,112,112,112,876.3975167586449,2.378768263147646e-05,1.5858455087650974e-05,0.0018913558164051724,0.0015031823948871122,-2.252077337666636e-05,0.00011356075453051002,9.434663318035053e-05,0.0009123173945227686
113,113,113,112,876.3975167586449,2.378768263147646e-05,1.5858455087650974e-05,0.0018913558164051724,0.0015031823948871122,-2.252077337666636e-05,0.00011356075453051002,9.434663318035053e-05,0.0009123173945227686
114,114,114,114,876.3682282846678,2.44782381469133e-05,1.6318825431275535e-05,0.0018904749928338428,0.0015058257416811854,-2.292513879968705e-05,0.0001123985582051999,9.410033993881989e-05,0.0009152834852749073
115,115,115,114,876.3682282846678,2.44782381469133e-05,1.6318825431275535e-05,0.0018904749928338428,0.0015058257416811854,-2.292513879968705e-05,0.0001123985582051999,9.410033993881989e-05,0.0009152834852749073
116,116,116,116,876.6863505833255,3.257623296182288e-05,2.1717488641215255e-05,0.0018509026297236315,0.0014859908330917308,-2.3456757231796188e-05,0.00010740422334178536,9.675099312952962e-05,0.0010064788093712407
117,117,117,116,876.6863505833255,3.257623296182288e-05,2.1717488641215255e-05,0.0018509026297236315,0.0014859908330917308,-2.3456757231796188e-05,0.00010740422334178536,9.675099312952962e-05,0.0010064788093712407
118,118,118,116,876.6863505833255,3.257623296182288e-05,2.1717488641215255e-05,0.0018509026297236315,0.0014859908330917308,-2.3456757231796188e-05,0.00010740422334178536,9.675099312952962e-05,0.0010064788093712407
119,119,119,119,876.5034896158647,3.4476888567225306e-05,2.2984592378150204e-05,0.0018494785893945567,0.0014843399123031524,-2.523569735323611e-05,0.0001063321725148616,9.549369179177869e-05,0.0010155790823833195
120,120,120,119,876.5034896158647,3.4476888567225306e-05,2.2984592378150204e-05,0.0018494785893945567,0.0014843399123031524,-2.523569735323611e-05,0.0001063321725148616,9.549369179177869e-05,0.0010155790823833195
121,121,121,121,871.3168746453503,3.589318442762113e-05,2.3928789618414083e-05,0.0014465895769821234,0.0012353019153215471,-2.7308448281422593e-05,0.00012298482683290005,0.00010646612056210147,0.001007141204974486
122,122,122,122,871.1732411688524,3.8020629687968155e-05,2.534708645864544e-05,0.0014334168421155041,0.0012262426331476684,-2.7099364285534944e-05,0.00012526509507348663,0.00010759659825351764,0.0010184113118455848
123,123,123,122,871.1732411688524,3.8020629687968155e-05,2.534708645864544e-05,0.0014334168421155041,0.0012262426331476684,-2.7099364285534944e-05,0.00012526509507348663,0.00010759659825351764,0.0010184113118455848
124,124,124,124,871.0796122509622,4.105530534226354e-05,2.7370203561509026e-05,0.0014311648650969543,0.0012208786363333563,-2.7016450572722728e-05,0.0001244681299226216,0.00010732801422899674,0.0010262632650296529
125,125,125,124,871.0796122509622,4.105530534226354e-05,2.7370203561509026e-05,0.0014311648650969543,0.0012208786363333563,-2.7016450572722728e-05,0.0001244681299226216,0.00010732801422899674,0.0010262632650296529
126,126,126,126,869.3593816469604,3.474759898897117e-05,2.316506599264745e-05,0.001478035212239441,0.0012311070860826123,-2.539195082264939e-05,0.0001101222889969406,0.00010121296831940019,0.0009369576642508676
127,127,127,126,869.3593816469604,3.474759898897117e-05,2.316506599264745e-05,0.001478035212239441,0.0012311070860826123,-2.539195082264939e-05,0.0001101222889969406,0.00010121296831940019,0.0009369576642508676
128,128,128,128,869.3555450396199,3.459475765954512e-05,2.306317177303008e-05,0.0014842325194508283,0.0012276515403971194,-2.540467433836957e-05,0.00011069242710118899,0.00010147983313391756,0.0009430735106105922
129,129,129,129,869.2223547337737,3.402772329436088e-05,2.268514886290725e-05,0.0014915605124870956,0.0012339312213840185,-2.7446971822518706e-05,0.0001099780602849402,0.00010051157856443699,0.0009474029984089241
130,130,130,129,869.2223547337737,3.402772329436088e-05,2.268514886290725e-05,0.0014915605124870956,0.0012339312213840185,-2.7446971822518706e-05,0.0001099780602849402,0.00010051157856443699,0.0009474029984089241
131,131,131,131,869.3291008021016,2.8724668029084244e-05,1.9149778686056163e-05,0.0013071301334808725,0.0011680562337996999,-3.3821262677771746e-05,0.0001106769638871202,8.702325645153913e-05,0.0008493594829350663
132,132,132,132,869.2510904419272,2.3926997872986133e-05,1.5951331915324087e-05,0.0013725290184598627,0.0012045893769690235,-3.799721886574292e-05,0.00011443076663697653,9.043741213608097e-05,0.0008247591512368757
133,133,133,132,869.2510904419272,2.3926997872986133e-05,1.5951331915324087e-05,0.0013725290184598627,0.0012045893769690235,-3.799721886574292e-05,0.00011443076663697653,9.043741213608097e-05,0.0008247591512368757
134,134,134,132,869.2510904419272,2.3926997872986133e-05,1.5951331915324087e-05,0.0013725290184598627,0.0012045893769690235,-3.799721886574292e-05,0.00011443076663697653,9.043741213608097e-05,0.0008247591512368757
135,135,135,135,869.1608984321956,2.2686775209584953e-05,1.5124516806389968e-05,0.0013844845630764527,0.001217115119288579,-4.03974108455149e-05,0.00011505721884381685,8.960418610120396e-05,0.0008198154376124366
136,136,136,136,872.3238254451834,1.7923292716437444e-05,1.1948861810958295e-05,0.0016105725725270848,0.001389908128036136,-4.5145306786210926e-05,0.00013105521342775608,9.994999777002828e-05,0.0008074069921958578
137,137,137,136,872.3238254451834,1.7923292716437444e-05,1.1948861810958295e-05,0.0016105725725270848,0.001389908128036136,-4.5145306786210926e-05,0.00013105521342775608,9.994999777002828e-05,0.0008074069921958578
138,138,138,136,872.3238254451834,1.7923292716437444e-05,1.1948861810958295e-05,0.0016105725725270848,0.001389908128036136,-4.5145306786210926e-05,0.00013105521342775608,9.994999777002828e-05,0.0008074069921958578
139,139,139,139,872.1511931028658,1.6817139817076887e-05,1.1211426544717925e-05,0.0016292312284106865,0.0014065883001234732,-4.631683954932353e-05,0.00013026574477222554,9.72981704267517e-05,0.0008015822805260628
140,140,140,139,872.1511931028658,1.6817139817076887e-05,1.1211426544717925e-05,0.0016292312284106865,0.0014065883001234732,-4.631683954932353e-05,0.00013026574477222554,9.72981704267517e-05,0.0008015822805260628
141,141,141,141,877.1503396563412,1.54651103208836e-05,1.0310073547255733e-05,0.001948845632153591,0.0015899238185989378,-3.859500148895717e-05,0.00013854221650900294,0.00010173867541841963,0.0007839766852684253
142,142,142,141,877.1503396563412,1.54651103208836e-05,1.0310073547255733e-05,0.001948845632153591,0.0015899238185989378,-3.859500148895717e-05,0.00013854221650900294,0.00010173867541841963,0.0007839766852684253
143,143,143,143,877.007616573839,1.5738112995322684e-05,1.0492075330215123e-05,0.0019489368178143174,0.0015931535459451469,-4.055548764847483e-05,0.00014075791119630773,0.00010409262638873262,0.0007786654640986567
144,144,144,143,877.007616573839,1.5738112995322684e-05,1.0492075330215123e-05,0.0019489368178143174,0.0015931535459451469,-4.055548764847483e-05,0.00014075791119630773,0.00010409262638873262,0.0007786654640986567
145,145,145,145,876.9391941839426,1.6720999125807712e-05,1.1147332750538474e-05,0.001947568119206556,0.0015912503491227335,-4.094210296898271e-05,0.00014000582727965045,0.00010352666416583306,0.0007813124147915673
146,146,146,146,876.5008755040024,1.795544217844669e-05,1.1970294785631129e-05,0.0020293638005733244,0.0016672252936180808,-3.4441437849093426e-05,0.00015229714124372282,9.888744945038552e-05,0.0008014336189974578
147,147,147,146,876.5008755040024,1.795544217844669e-05,1.1970294785631129e-05,0.0020293638005733244,0.0016672252936180808,-3.4441437849093426e-05,0.00015229714124372282,9.888744945038552e-05,0.0008014336189974578
148,148,148,148,876.442244984104,1.988536404212704e-05,1.3256909361418026e-05,0.0020281688902546355,0.0016678005032975912,-3.3700714937856535e-05,0.00015065236381496414,9.627323411869754e-05,0.0008193082157297818
149,149,149,148,876.442244984104,1.988536404212704e-05,1.3256909361418026e-05,0.0020281688902546355,0.0016678005032975912,-3.3700714937856535e-05,0.00015065236381496414,9.627323411869754e-05,0.0008193082157297818
150,150,150,148,876.442244984104,1.988536404212704e-05,1.3256909361418026e-05,0.0020281688902546355,0.0016678005032975912,-3.3700714937856535e-05,0.00015065236381496414,9.627323411869754e-05,0.0008193082157297818
151,151,151,151,870.2160720866425,2.0668204345541952e-05,1.3778802897027966e-05,0.0019253248961874569,0.001629217885999873,-2.9805222668141673e-05,0.00013919509728858726,8.062606421493229e-05,0.0007589570842916564
152,152,152,151,870.2160720866425,2.0668204345541952e-05,1.3778802897027966e-05,0.0019253248961874569,0.001629217885999873,-2.9805222668141673e-05,0.00013919509728858726,8.062606421493229e-05,0.0007589570842916564
153,153,153,153,870.115017596446,2.2690752401799408e-05,1.5127168267866272e-05,0.0019361428884361678,0.0016468773951026088,-3.120544109278672e-05,0.0001394157631651572,8.057767595311821e-05,0.0007706979275969865
154,154,154,153,870.115017596446,2.2690752401799408e-05,1.5127168267866272e-05,0.0019361428884361678,0.0016468773951026088,-3.120544109278672e-05,0.0001394157631651572,8.057767595311821e-05,0.0007706979275969865
155,155,155,155,870.1140528755216,2.5097343973851105e-05,1.6731562649234068e-05,0.0019136870987134793,0.001633906867930176,-3.174291249918859e-05,0.00013942567110378486,8.072560996611605e-05,0.0007833414137013666
156,156,156,156,870.0311878506213,2.582980667864554e-05,1.721987111909703e-05,0.0019100116420777294,0.001632708585692874,-3.268272549836193e-05,0.00013958945074186036,8.033739334285112e-05,0.0007891153564657119
157,157,157,156,870.0311878506213,2.582980667864554e-05,1.721987111909703e-05,0.0019100116420777294,0.001632708585692874,-3.268272549836193e-05,0.00013958945074186036,8.033739334285112e-05,0.0007891153564657119
158,158,158,158,870.0291292719756,2.6565130303496387e-05,1.7710086868997592e-05,0.0019034698922383824,0.0016283050296888213,-3.31354610747861e-05,0.000139810238366221,8.10149330449858e-05,0.0007943678675653143
159,159,159,158,870.0291292719756,2.6565130303496387e-05,1.7710086868997592e-05,0.0019034698922383824,0.0016283050296888213,-3.31354610747861e-05,0.000139810238366221,8.10149330449858e-05,0.0007943678675653143
160,160,160,160,870.0211374840667,2.7133464521267303e-05,1.8088976347511537e-05,0.0019062891103877112,0.0016314398236841243,-3.3089469673057426e-05,0.00013977365757951893,8.053117314703317e-05,0.0007990318400627014
161,161,161,160,870.0211374840667,2.7133464521267303e-05,1.8088976347511537e-05,0.0019062891103877112,0.0016314398236841243,-3.3089469673057426e-05,0.00013977365757951893,8.053117314703317e-05,0.0007990318400627014
162,162,162,160,870.0211374840667,2.7133464521267303e-05,1.8088976347511537e-05,0.0019062891103877112,0.0016314398236841243,-3.3089469673057426e-05,0.00013977365757951893,8.053117314703317e-05,0.0007990318400627014
163,163,163,163,870.0098357013876,2.742970209454465e-05,1.8286468063029766e-05,0.0019019197432800841,0.0016283609942100358,-3.3390040388957265e-05,0.00013987313911887616,8.085913780356974e-05,0.0008012609423498496
164,164,164,163,870.0098357013876,2.742970209454465e-05,1.8286468063029766e-05,0.0019019197432800841,0.0016283609942100358,-3.3390040388957265e-05,0.00013987313911887616,8.085913780356974e-05,0.0008012609423498496
165,165,165,163,870.0098357013876,2.742970209454465e-05,1.8286468063029766e-05,0.0019019197432800841,0.0016283609942100358,-3.3390040388957265e-05,0.00013987313911887616,8.085913780356974e-05,0.0008012609423498496
166,166,166,166,870.0083905025713,2.758116512252551e-05,1.8387443415017003e-05,0.001902040049760091,0.0016286884988783949,-3.330661159298143e-05,0.00013979456782767008,8.068200937585285e-05,0.0008024296994514526
167,167,167,166,870.0083905025713,2.758116512252551e-05,1.8387443415017003e-05,0.001902040049760091,0.0016286884988783949,-3.330661159298143e-05,0.00013979456782767008,8.068200937585285e-05,0.0008024296994514526
168,168,168,168,870.0077396488173,2.7738769051488532e-05,1.8492512700992354e-05,0.0019017672812255623,0.001628637160953785,-3.339038945700257e-05,0.00013980638788256832,8.082586921137613e-05,0.0008035877825788943
169,169,169,168,870.0077396488173,2.7738769051488532e-05,1.8492512700992354e-05,0.0019017672812255623,0.001628637160953785,-3.339038945700257e-05,0.00013980638788256832,8.082586921137613e-05,0.0008035877825788943
170,170,170,170,870.0075241541467,2.7912188806628047e-05,1.8608125871085367e-05,0.001900086882890506,0.0016275941948418623,-3.3354408832793336e-05,0.0001398017754288244,8.068637536477741e-05,0.0008047594412514988
171,171,171,170,870.0075241541467,2.7912188806628047e-05,1.8608125871085367e-05,0.001900086882890506,0.0016275941948418623,-3.3354408832793336e-05,0.0001398017754288244,8.068637536477741e-05,0.0008047594412514988
172,172,172,172,870.0070012126206,2.8071295179316058e-05,1.8714196786210707e-05,0.0019003550912602097,0.001627918251668642,-3.3514195570238936e-05,0.0001398488056429764,8.08840122081475e-05,0.0008059632202379134
173,173,173,172,870.0070012126206,2.8071295179316058e-05,1.8714196786210707e-05,0.0019003550912602097,0.001627918251668642,-3.3514195570238936e-05,0.0001398488056429764,8.08840122081475e-05,0.0008059632202379134
174,174,174,174,870.0069511165943,2.8250022432702027e-05,1.8833348288468017e-05,0.001898758795025481,0.001626885384958765,-3.346678518149904e-05,0.00013984250927370773,8.073692428147566e-05,0.0008071664811840787
175,175,175,175,870.0061353831959,2.832822541223856e-05,1.8885483608159042e-05,0.0018988337859250787,0.001627007949726269,-3.354542879822203e-05,0.00013986586202706884,8.083441965791444e-05,0.0008077726468467359
176,176,176,175,870.0061353831959,2.832822541223856e-05,1.8885483608159042e-05,0.0018988337859250787,0.001627007949726269,-3.354542879822203e-05,0.00013986586202706884,8.083441965791444e-05,0.0008077726468467359
177,177,177,175,870.0061353831959,2.832822541223856e-05,1.8885483608159042e-05,0.0018988337859250787,0.001627007949726269,-3.354542879822203e-05,0.00013986586202706884,8.083441965791444e-05,0.0008077726468467359
178,178,178,178,870.006030105106,2.837971108768378e-05,1.8919807391789185e-05,0.001898535769235656,0.0016268428879821193,-3.356753330030493e-05,0.0001398845024184185,8.087520973094203e-05,0.000808101265821425
179,179,179,178,870.006030105106,2.837971108768378e-05,1.8919807391789185e-05,0.001898535769235656,0.0016268428879821193,-3.356753330030493e-05,0.0001398845024184185,8.087520973094203e-05,0.000808101265821425
180,180,180,180,870.0060292847033,2.8423459350446212e-05,1.8948972900297473e-05,0.0018982496928691011,0.0016266713399339322,-3.353956744161363e-05,0.000139858930029549,8.083694655125484e-05,0.0008083962609876422
181,181,181,181,870.0059789856717,2.844697953033326e-05,1.8964653020222173e-05,0.0018981709072207894,0.00162663916578878,-3.356458364513898e-05,0.000139874404561069,8.086817266061974e-05,0.0008085565686277926
182,182,182,181,870.0059789856717,2.844697953033326e-05,1.8964653020222173e-05,0.0018981709072207894,0.00162663916578878,-3.356458364513898e-05,0.000139874404561069,8.086817266061974e-05,0.0008085565686277926
183,183,183,183,870.005968060733,2.847093331451167e-05,1.8980622209674447e-05,0.0018981516951253553,0.0016266685538026474,-3.356664362572093e-05,0.00013988006393834723,8.086210974361796e-05,0.0008087167480325928
184,184,184,183,870.005968060733,2.847093331451167e-05,1.8980622209674447e-05,0.0018981516951253553,0.0016266685538026474,-3.356664362572093e-05,0.00013988006393834723,8.086210974361796e-05,0.0008087167480325928
185,185,185,185,870.0059633522284,2.8488548126620605e-05,1.899236541774707e-05,0.0018979843231584413,0.0016265298036663095,-3.357837226763277e-05,0.00013987998771488897,8.087378895244718e-05,0.000808854458236749
186,186,186,185,870.0059633522284,2.8488548126620605e-05,1.899236541774707e-05,0.0018979843231584413,0.0016265298036663095,-3.357837226763277e-05,0.00013987998771488897,8.087378895244718e-05,0.000808854458236749
187,187,187,187,870.0059550875856,2.8512154444881865e-05,1.9008102963254576e-05,0.0018979753477823393,0.0016265646751282379,-3.3579271015896084e-05,0.0001398856034363491,8.086679440311162e-05,0.0008090098594272282
188,188,188,187,870.0059550875856,2.8512154444881865e-05,1.9008102963254576e-05,0.0018979753477823393,0.0016265646751282379,-3.3579271015896084e-05,0.0001398856034363491,8.086679440311162e-05,0.0008090098594272282
189,189,189,189,870.0059535319895,2.8527282680601562e-05,1.9018188453734375e-05,0.0018978289268154218,0.0016264443476968634,-3.358837306690482e-05,0.0001398838186190712,8.087753968061273e-05,0.0008091289280940889
190,190,190,190,870.0059412522724,2.853530356033973e-05,1.9023535706893153e-05,0.00189783807333663,0.001626468562047713,-3.3588744924137326e-05,0.00013988713764128994,8.087415077818322e-05,0.0008091816180709777
191,191,191,190,870.0059412522724,2.853530356033973e-05,1.9023535706893153e-05,0.00189783807333663,0.001626468562047713,-3.3588744924137326e-05,0.00013988713764128994,8.087415077818322e-05,0.0008091816180709777
192,192,192,192,870.0059407032074,2.8537262467182023e-05,1.9024841644788015e-05,0.001897742492166271,0.0016263863220402006,-3.3593599380932204e-05,0.00013989009337225748,8.088559887648589e-05,0.000809183641360694
193,193,193,192,870.0059407032074,2.8537262467182023e-05,1.9024841644788015e-05,0.001897742492166271,0.0016263863220402006,-3.3593599380932204e-05,0.00013989009337225748,8.088559887648589e-05,0.000809183641360694
194,194,194,194,870.005937975441,2.8536404269391413e-05,1.902426951292761e-05,0.0018978289674549736,0.0016264629380237372,-3.35886426198681e-05,0.00013988710838315485,8.08736783532299e-05,0.0008091877924136247
195,195,195,194,870.005937975441,2.8536404269391413e-05,1.902426951292761e-05,0.0018978289674549736,0.0016264629380237372,-3.35886426198681e-05,0.00013988710838315485,8.08736783532299e-05,0.0008091877924136247
196,196,196,196,870.0059374126558,2.8537200561423726e-05,1.9024800374282485e-05,0.0018977422913030383,0.0016263865254419992,-3.3593802769342485e-05,0.00013988905651645295,8.088571948398904e-05,0.0008091870687495495
197,197,197,196,870.0059374126558,2.8537200561423726e-05,1.9024800374282485e-05,0.0018977422913030383,0.0016263865254419992,-3.3593802769342485e-05,0.00013988905651645295,8.088571948398904e-05,0.0008091870687495495
198,198,198,198,870.0059346683945,2.8536461005229663e-05,1.9024307336819778e-05,0.0018978364527597366,0.0016264669508385672,-3.358868565556811e-05,0.0001398873123790582,8.087363285639443e-05,0.0008091885261855031
199,199,199,198,870.0059346683945,2.8536461005229663e-05,1.9024307336819778e-05,0.0018978364527597366,0.0016264669508385672,-3.358868565556811e-05,0.0001398873123790582,8.087363285639443e-05,0.0008091885261855031
200,200,200,200,870.0059341220465,2.8537133980072182e-05,1.9024755986714787e-05,0.00189774506574001,0.0016263881124091877,-3.3593949096522024e-05,0.00013988924920895266,8.088582238694603e-05,0.000809187054477561
201,201,201,200,870.0059341220465,2.8537133980072182e-05,1.9024755986714787e-05,0.00189774506574001,0.0016263881124091877,-3.3593949096522024e-05,0.00013988924920895266,8.088582238694603e-05,0.000809187054477561
202,202,202,202,870.0059313627363,2.853648996878344e-05,1.9024326645855627e-05,0.0018978297314498009,0.0016264632213802478,-3.358887827950574e-05,0.00013988721333049183,8.08736391264206e-05,0.0008091879770017495
203,203,203,202,870.0059313627363,2.853648996878344e-05,1.9024326645855627e-05,0.0018978297314498009,0.0016264632213802478,-3.358887827950574e-05,0.00013988721333049183,8.08736391264206e-05,0.0008091879770017495
204,204,204,204,870.0059308330814,2.8537140015882922e-05,1.9024760010588615e-05,0.001897744102045935,0.0016263882997218804,-3.359401818569391e-05,0.00013988933601747716,8.088581535617423e-05,0.0008091872751564668
205,205,205,204,870.0059308330814,2.8537140015882922e-05,1.9024760010588615e-05,0.001897744102045935,0.0016263882997218804,-3.359401818569391e-05,0.00013988933601747716,8.088581535617423e-05,0.0008091872751564668
206,206,206,206,870.0059280612622,2.8536378210819446e-05,1.9024252140546295e-05,0.0018978342967173505,0.0016264664233163425,-3.358900674747117e-05,0.00013988744047332472,8.0873670296841e-05,0.000809188289948528
207,207,207,206,870.0059280612622,2.8536378210819446e-05,1.9024252140546295e-05,0.0018978342967173505,0.0016264664233163425,-3.358900674747117e-05,0.00013988744047332472,8.0873670296841e-05,0.000809188289948528
208,208,208,208,870.0059275450999,2.853716459488842e-05,1.902477639659228e-05,0.0018977505121689343,0.001626389675205819,-3.3594152538701794e-05,0.00013988943079701988,8.088584463460807e-05,0.0008091863417802616
209,209,209,208,870.0059275450999,2.853716459488842e-05,1.902477639659228e-05,0.0018977505121689343,0.001626389675205819,-3.3594152538701794e-05,0.00013988943079701988,8.088584463460807e-05,0.0008091863417802616
210,210,210,210,870.0059247540787,2.853643921041371e-05,1.9024292806942473e-05,0.0018978358206212834,0.0016264674522577305,-3.358908940268718e-05,0.0001398875832774945,8.087376236898258e-05,0.0008091889144063126
211,211,211,210,870.0059247540787,2.853643921041371e-05,1.9024292806942473e-05,0.0018978358206212834,0.0016264674522577305,-3.358908940268718e-05,0.0001398875832774945,8.087376236898258e-05,0.0008091889144063126
212,212,212,212,870.0059242493203,2.8537147042428934e-05,1.9024764694952623e-05,0.0018977473843374254,0.001626389777984129,-3.3594274092593746e-05,0.00013988956052982934,8.088587192438268e-05,0.0008091874109207969
213,213,213,212,870.0059242493203,2.8537147042428934e-05,1.9024764694952623e-05,0.0018977473843374254,0.001626389777984129,-3.3594274092593746e-05,0.00013988956052982934,8.088587192438268e-05,0.0008091874109207969
214,214,214,214,870.0059214422485,2.8536431086328973e-05,1.9024287390885984e-05,0.0018978338306411269,0.001626467103899314,-3.358923212695708e-05,0.00013988758163685082,8.087374527413621e-05,0.0008091892183010362
215,215,215,214,870.0059214422485,2.8536431086328973e-05,1.9024287390885984e-05,0.0018978338306411269,0.001626467103899314,-3.358923212695708e-05,0.00013988758163685082,8.087374527413621e-05,0.0008091892183010362
216,216,216,216,870.0059209586752,2.853715596687345e-05,1.90247706445823e-05,0.0018977454239942938,0.0016263892713404763,-3.359432413901908e-05,0.00013988954170102467,8.088587627750471e-05,0.0008091877607475219
217,217,217,216,870.0059209586752,2.853715596687345e-05,1.90247706445823e-05,0.0018977454239942938,0.0016263892713404763,-3.359432413901908e-05,0.00013988954170102467,8.088587627750471e-05,0.0008091877607475219
218,218,218,218,870.0059181381316,2.8536661659084306e-05,1.90244411060562e-05,0.0018978326726932556,0.0016264676350230363,-3.358938028338171e-05,0.0001398876704394222,8.087380759936452e-05,0.0008091896879733923
219,219,219,218,870.0059181381316,2.8536661659084306e-05,1.90244411060562e-05,0.0018978326726932556,0.0016264676350230363,-3.358938028338171e-05,0.0001398876704394222,8.087380759936452e-05,0.0008091896879733923
220,220,220,220,870.0059176693893,2.853740314079367e-05,1.902493542719578e-05,0.001897745690139554,0.0016263899220636119,-3.359425431108398e-05,0.00013989002511764529,8.088558577833832e-05,0.0008091884348405591
221,221,221,220,870.0059176693893,2.853740314079367e-05,1.902493542719578e-05,0.001897745690139554,0.0016263899220636119,-3.359425431108398e-05,0.00013989002511764529,8.088558577833832e-05,0.0008091884348405591
222,222,222,222,870.005914828681,2.8536374005683207e-05,1.9024249337122136e-05,0.0018978302267793543,0.0016264658678486002,-3.358935984614647e-05,0.00013988760196381508,8.087352200381731e-05,0.0008091886172192314
223,223,223,222,870.005914828681,2.8536374005683207e-05,1.9024249337122136e-05,0.0018978302267793543,0.0016264658678486002,-3.358935984614647e-05,0.00013988760196381508,8.087352200381731e-05,0.0008091886172192314
224,224,224,224,870.005914376127,2.8537084411417446e-05,1.9024722940944965e-05,0.0018977438934556883,0.0016263887674111985,-3.3594531994397825e-05,0.00013988966140932287,8.088589704659949e-05,0.0008091876994757697
225,225,225,224,870.005914376127,2.8537084411417446e-05,1.9024722940944965e-05,0.0018977438934556883,0.0016263887674111985,-3.3594531994397825e-05,0.00013988966140932287,8.088589704659949e-05,0.0008091876994757697
226,226,226,226,870.0059115200146,2.8536396001338504e-05,1.9024264000892337e-05,0.0018978329208092588,0.0016264679936252861,-3.3589503270752e-05,0.0001398877715889242,8.087373491508926e-05,0.0008091891151729054
227,227,227,226,870.0059115200146,2.8536396001338504e-05,1.9024264000892337e-05,0.0018978329208092588,0.0016264679936252861,-3.3589503270752e-05,0.0001398877715889242,8.087373491508926e-05,0.0008091891151729054
228,228,228,228,870.0059110835808,2.8537106507631194e-05,1.902473767175413e-05,0.0018977449150097416,0.0016263895325815635,-3.3594686039258026e-05,0.0001398897875612033,8.088597814112641e-05,0.0008091879439100367
229,229,229,228,870.0059110835808,2.8537106507631194e-05,1.902473767175413e-05,0.0018977449150097416,0.0016263895325815635,-3.3594686039258026e-05,0.0001398897875612033,8.088597814112641e-05,0.0008091879439100367
230,230,230,230,870.0059082142348,2.8536394368283702e-05,1.9024262912189133e-05,0.0018978310655622087,0.001626466191836483,-3.3589635965024234e-05,0.00013988784095473613,8.087363188061247e-05,0.0008091889513641815
231,231,231,230,870.0059082142348,2.8536394368283702e-05,1.9024262912189133e-05,0.0018978310655622087,0.001626466191836483,-3.3589635965024234e-05,0.00013988784095473613,8.087363188061247e-05,0.0008091889513641815
232,232,232,232,870.0059077898873,2.853706442534909e-05,1.9024709616899393e-05,0.0018977449244994328,0.0016263905351261516,-3.3594763822267226e-05,0.0001398898396900337,8.088586029485201e-05,0.0008091877509520843
233,233,233,232,870.0059077898873,2.853706442534909e-05,1.9024709616899393e-05,0.0018977449244994328,0.0016263905351261516,-3.3594763822267226e-05,0.0001398898396900337,8.088586029485201e-05,0.0008091877509520843
234,234,234,234,870.0059049068037,2.8536394659051112e-05,1.9024263106034077e-05,0.0018978348047776299,0.0016264686906880363,-3.358968862079981e-05,0.00013988788852549005,8.08736260922635e-05,0.0008091890227339317
235,235,235,234,870.0059049068037,2.8536394659051112e-05,1.9024263106034077e-05,0.0018978348047776299,0.0016264686906880363,-3.358968862079981e-05,0.00013988788852549005,8.08736260922635e-05,0.0008091890227339317
236,236,236,236,870.0059044988367,2.8537051636134958e-05,1.902470109075664e-05,0.0018977464807738067,0.0016263913244399396,-3.359488616625633e-05,0.00013988986327992796,8.088580028966369e-05,0.0008091881404799367
237,237,237,236,870.0059044988367,2.8537051636134958e-05,1.902470109075664e-05,0.0018977464807738067,0.0016263913244399396,-3.359488616625633e-05,0.00013988986327992796,8.088580028966369e-05,0.0008091881404799367
238,238,238,238,870.0059015939189,2.8536355214603404e-05,1.9024236809735605e-05,0.0018978354247417674,0.0016264701427306297,-3.358984767534018e-05,0.00013988806624886041,8.087367634591891e-05,0.0008091893173330404
239,239,239,238,870.0059015939189,2.8536355214603404e-05,1.9024236809735605e-05,0.0018978354247417674,0.0016264701427306297,-3.358984767534018e-05,0.00013988806624886041,8.087367634591891e-05,0.0008091893173330404
240,240,240,240,870.0059011996573,2.8537037871173565e-05,1.902469191411571e-05,0.0018977464417701565,0.0016263917746316703,-3.3594978615950066e-05,0.00013989000334512972,8.088590612662788e-05,0.0008091879999990722
241,241,241,241,870.0058976142187,2.8536695560049674e-05,1.9024463706699784e-05,0.001897792964964776,0.0016264328492024353,-3.359240565410648e-05,0.0001398890816176923,8.087972356468631e-05,0.0008091888667581698
242,242,242,241,870.0058976142187,2.8536695560049674e-05,1.9024463706699784e-05,0.001897792964964776,0.0016264328492024353,-3.359240565410648e-05,0.0001398890816176923,8.087972356468631e-05,0.0008091888667581698
243,243,243,243,870.0058972260724,2.8537052670501994e-05,1.9024701780334663e-05,0.0018977762542091482,0.001626423043599175,-3.3590432333162334e-05,0.00013988888498796067,8.087715908353804e-05,0.0008091882704374396
244,244,244,243,870.0058972260724,2.8537052670501994e-05,1.9024701780334663e-05,0.0018977762542091482,0.001626423043599175,-3.3590432333162334e-05,0.00013988888498796067,8.087715908353804e-05,0.0008091882704374396
245,245,245,245,870.005896062811,2.8536598272205227e-05,1.902439884813682e-05,0.0018977695710659219,0.00162641221866915,-3.359104824190301e-05,0.00013988758857777652,8.087895562006175e-05,0.0008091867024223012
246,246,246,245,870.005896062811,2.8536598272205227e-05,1.902439884813682e-05,0.0018977695710659219,0.00162641221866915,-3.359104824190301e-05,0.00013988758857777652,8.087895562006175e-05,0.0008091867024223012
247,247,247,247,870.005895643143,2.853716834802511e-05,1.9024778898683405e-05,0.0018977916301046096,0.0016264342356034852,-3.359073871926632e-05,0.00013988944586565028,8.087725460200618e-05,0.0008091896462325389
248,248,248,247,870.005895643143,2.853716834802511e-05,1.9024778898683405e-05,0.0018977916301046096,0.0016264342356034852,-3.359073871926632e-05,0.00013988944586565028,8.087725460200618e-05,0.0008091896462325389
249,249,249,249,870.0058944120151,2.8536549954355506e-05,1.9024366636237005e-05,0.0018977725575505973,0.001626414005030951,-3.3591069920957395e-05,0.00013988771936212,8.087893328573986e-05,0.0008091870987497992
250,250,250,249,870.0058944120151,2.8536549954355506e-05,1.9024366636237005e-05,0.0018977725575505973,0.001626414005030951,-3.3591069920957395e-05,0.00013988771936212,8.087893328573986e-05,0.0008091870987497992
251,251,251,251,870.0058939899246,2.8537089385799463e-05,1.9024726257199642e-05,0.001897789857868622,0.001626433156296804,-3.359084542020607e-05,0.0001398894334071661,8.087725122075257e-05,0.0008091899213825381
252,252,252,251,870.0058939899246,2.8537089385799463e-05,1.9024726257199642e-05,0.001897789857868622,0.001626433156296804,-3.359084542020607e-05,0.0001398894334071661,8.087725122075257e-05,0.0008091899213825381
253,253,253,253,870.0058927634238,2.8536539050522114e-05,1.9024359367014743e-05,0.0018977702781580242,0.0016264130254217484,-3.359115041338262e-05,0.00013988769025964637,8.08789432686502e-05,0.0008091870139027783
254,254,254,253,870.0058927634238,2.8536539050522114e-05,1.9024359367014743e-05,0.0018977702781580242,0.0016264130254217484,-3.359115041338262e-05,0.00013988769025964637,8.08789432686502e-05,0.0008091870139027783
255,255,255,255,870.0058923375107,2.853721265910769e-05,1.9024808439405128e-05,0.0018977850135419624,0.0016264301623165442,-3.3590853140509636e-05,0.0001398893497614974,8.08771861268015e-05,0.0008091895336047041
256,256,256,255,870.0058923375107,2.853721265910769e-05,1.9024808439405128e-05,0.0018977850135419624,0.0016264301623165442,-3.3590853140509636e-05,0.0001398893497614974,8.08771861268015e-05,0.0008091895336047041
257,257,257,257,870.0058911150102,2.85365725774811e-05,1.9024381718320736e-05,0.0018977696209419267,0.0016264129700204618,-3.359119709050312e-05,0.0001398877301039335,8.087895387062782e-05,0.0008091869248037877
258,258,258,257,870.0058911150102,2.85365725774811e-05,1.9024381718320736e-05,0.0018977696209419267,0.0016264129700204618,-3.359119709050312e-05,0.0001398877301039335,8.087895387062782e-05,0.0008091869248037877
259,259,259,259,870.0058906852125,2.853719962059298e-05,1.9024799747061984e-05,0.0018977882060024133,0.0016264331974245945,-3.3590980613729116e-05,0.00013988919607858423,8.087719686945827e-05,0.0008091904873817899
260,260,260,259,870.0058906852125,2.853719962059298e-05,1.9024799747061984e-05,0.0018977882060024133,0.0016264331974245945,-3.3590980613729116e-05,0.00013988919607858423,8.087719686945827e-05,0.0008091904873817899
261,261,261,261,870.0058894677646,2.8536559829123176e-05,1.902437321941545e-05,0.0018977703549711803,0.0016264136891950315,-3.359121597891479e-05,0.00013988777934283725,8.087894171358162e-05,0.0008091870075769621
262,262,262,261,870.0058894677646,2.8536559829123176e-05,1.902437321941545e-05,0.0018977703549711803,0.0016264136891950315,-3.359121597891479e-05,0.00013988777934283725,8.087894171358162e-05,0.0008091870075769621
263,263,263,263,870.0058890355999,2.8537183100585395e-05,1.9024788733723597e-05,0.0018977881937716301,0.001626432963263912,-3.359095366253784e-05,0.0001398895757674898,8.087720759202693e-05,0.0008091890271524287
264,264,264,263,870.0058890355999,2.8537183100585395e-05,1.9024788733723597e-05,0.0018977881937716301,0.001626432963263912,-3.359095366253784e-05,0.0001398895757674898,8.087720759202693e-05,0.0008091890271524287
265,265,265,265,870.0058878216033,2.8536482712782085e-05,1.9024321808521392e-05,0.0018977710841284053,0.0016264141915371755,-3.359134085273441e-05,0.00013988787797938545,8.087901623197308e-05,0.0008091867011608434
266,266,266,265,870.0058878216033,2.8536482712782085e-05,1.9024321808521392e-05,0.0018977710841284053,0.0016264141915371755,-3.359134085273441e-05,0.00013988787797938545,8.087901623197308e-05,0.0008091867011608434
267,267,267,267,870.0058873845758,2.8537187200528003e-05,1.9024791467018666e-05,0.0018977871673719563,0.00162643215448872,-3.3591018706528863e-05,0.0001398895058250062,8.087721711141221e-05,0.000809189654554207
268,268,268,267,870.0058873845758,2.8537187200528003e-05,1.9024791467018666e-05,0.0018977871673719563,0.00162643215448872,-3.3591018706528863e-05,0.0001398895058250062,8.087721711141221e-05,0.000809189654554207
269,269,269,269,870.0058861750994,2.853645305614383e-05,1.902430203742922e-05,0.0018977708774409532,0.0016264139971824611,-3.3591392327725345e-05,0.00013988788425421325,8.087897818775946e-05,0.0008091867401221013
270,270,270,269,870.0058861750994,2.853645305614383e-05,1.902430203742922e-05,0.0018977708774409532,0.0016264139971824611,-3.3591392327725345e-05,0.00013988788425421325,8.087897818775946e-05,0.0008091867401221013
271,271,271,271,870.0058857311992,2.8537142900769696e-05,1.9024761933846463e-05,0.0018977888185451894,0.0016264335593150446,-3.359110055851239e-05,0.00013988959805335326,8.08772006677741e-05,0.0008091898237431124
272,272,272,271,870.0058857311992,2.8537142900769696e-05,1.9024761933846463e-05,0.0018977888185451894,0.0016264335593150446,-3.359110055851239e-05,0.00013988959805335326,8.08772006677741e-05,0.0008091898237431124
273,273,273,273,870.0058845237907,2.8536561400088756e-05,1.9024374266725836e-05,0.0018977740337727492,0.001626416099607525,-3.3591489893201876e-05,0.0001398884361325423,8.08790734838638e-05,0.0008091881622313784
274,274,274,273,870.0058845237907,2.8536561400088756e-05,1.9024374266725836e-05,0.0018977740337727492,0.001626416099607525,-3.3591489893201876e-05,0.0001398884361325423,8.08790734838638e-05,0.0008091881622313784
275,275,275,275,870.0058840773095,2.853718775805425e-05,1.9024791838702832e-05,0.0018977869222509217,0.0016264320339275961,-3.359112171013451e-05,0.00013988953608433787,8.087713572543093e-05,0.0008091896210631966
276,276,276,275,870.0058840773095,2.853718775805425e-05,1.9024791838702832e-05,0.0018977869222509217,0.0016264320339275961,-3.359112171013451e-05,0.00013988953608433787,8.087713572543093e-05,0.0008091896210631966
277,277,277,277,870.0058828737086,2.8536553004332443e-05,1.9024368669554963e-05,0.001897774384452323,0.0016264163856185188,-3.359145518904566e-05,0.00013988803607173106,8.087896568530206e-05,0.0008091873668188835
278,278,278,277,870.0058828737086,2.8536553004332443e-05,1.9024368669554963e-05,0.001897774384452323,0.0016264163856185188,-3.359145518904566e-05,0.00013988803607173106,8.087896568530206e-05,0.0008091873668188835
279,279,279,279,870.0058824239745,2.8537020357322085e-05,1.9024680238214724e-05,0.0018977905817567078,0.0016264348578942929,-3.3591203316876705e-05,0.0001398897822437806,8.087727220419672e-05,0.0008091893039660005
280,280,280,279,870.0058824239745,2.8537020357322085e-05,1.9024680238214724e-05,0.0018977905817567078,0.0016264348578942929,-3.3591203316876705e-05,0.0001398897822437806,8.087727220419672e-05,0.0008091893039660005
281,281,281,281,870.0058812259683,2.8536503254322776e-05,1.902433550288185e-05,0.001897772259567522,0.001626415420600272,-3.359155809200265e-05,0.00013988771651789064,8.087898160771129e-05,0.0008091868277049029
282,282,282,281,870.0058812259683,2.8536503254322776e-05,1.902433550288185e-05,0.001897772259567522,0.001626415420600272,-3.359155809200265e-05,0.00013988771651789064,8.087898160771129e-05,0.0008091868277049029
283,283,283,283,870.0058807717838,2.8537179426219028e-05,1.902478628414602e-05,0.00189778746466755,0.0016264328439400586,-3.3591217898025494e-05,0.00013988967120422496,8.087729376759362e-05,0.0008091898281604655
284,284,284,283,870.0058807717838,2.8537179426219028e-05,1.902478628414602e-05,0.00189778746466755,0.0016264328439400586,-3.3591217898025494e-05,0.00013988967120422496,8.087729376759362e-05,0.0008091898281604655
285,285,285,285,870.0058795773582,2.8536536063522577e-05,1.902435737568172e-05,0.001897773485477069,0.0016264162138689186,-3.359155032257172e-05,0.00013988808567007164,8.087898695216533e-05,0.0008091872862461657
286,286,286,285,870.0058795773582,2.8536536063522577e-05,1.902435737568172e-05,0.001897773485477069,0.0016264162138689186,-3.359155032257172e-05,0.00013988808567007164,8.087898695216533e-05,0.0008091872862461657
287,287,287,287,870.005879119692,2.8537160485592183e-05,1.9024773657061456e-05,0.0018977885826240166,0.0016264341914098528,-3.359128781840748e-05,0.00013988973800205425,8.087722588218799e-05,0.0008091900037979984
288,288,288,287,870.005879119692,2.8537160485592183e-05,1.9024773657061456e-05,0.0018977885826240166,0.0016264341914098528,-3.359128781840748e-05,0.00013988973800205425,8.087722588218799e-05,0.0008091900037979984
289,289,289,289,870.0058779306906,2.8536481448099282e-05,1.902432096539952e-05,0.0018977725709001501,0.0016264158054880317,-3.359164149645266e-05,0.00013988807424243117,8.087896596378763e-05,0.0008091871965066582
290,290,290,289,870.0058779306906,2.8536481448099282e-05,1.902432096539952e-05,0.0018977725709001501,0.0016264158054880317,-3.359164149645266e-05,0.00013988807424243117,8.087896596378763e-05,0.0008091871965066582
291,291,291,291,870.0058774693858,2.8537187521382457e-05,1.9024791680921638e-05,0.0018977870210323958,0.0016264328990106742,-3.3591305122128434e-05,0.00013988973163310347,8.087716981838855e-05,0.000809190080253993
292,292,292,291,870.0058774693858,2.8537187521382457e-05,1.9024791680921638e-05,0.0018977870210323958,0.0016264328990106742,-3.3591305122128434e-05,0.00013988973163310347,8.087716981838855e-05,0.000809190080253993
293,293,293,293,870.0058762839874,2.8536378445187527e-05,1.9024252296791687e-05,0.001897774452650051,0.0016264171761364854,-3.3591721528621055e-05,0.00013988824104368521,8.087897727898641e-05,0.00080918682033835
294,294,294,293,870.0058762839874,2.8536378445187527e-05,1.9024252296791687e-05,0.001897774452650051,0.0016264171761364854,-3.3591721528621055e-05,0.00013988824104368521,8.087897727898641e-05,0.00080918682033835
295,295,295,295,870.0058758186588,2.853714687137132e-05,1.9024764580914212e-05,0.00189778804783868,0.0016264343142607452,-3.359137100950732e-05,0.00013988981067407125,8.087725325166967e-05,0.0008091901392573537
296,296,296,295,870.0058758186588,2.853714687137132e-05,1.9024764580914212e-05,0.00189778804783868,0.0016264343142607452,-3.359137100950732e-05,0.00013988981067407125,8.087725325166967e-05,0.0008091901392573537
297,297,297,297,870.0058746384188,2.8536420484698288e-05,1.9024280323132192e-05,0.0018977743892427262,0.001626417367748179,-3.3591776665078954e-05,0.00013988804677253968,8.087899773266682e-05,0.0008091871492625844
298,298,298,297,870.0058746384188,2.8536420484698288e-05,1.9024280323132192e-05,0.0018977743892427262,0.001626417367748179,-3.3591776665078954e-05,0.00013988804677253968,8.087899773266682e-05,0.0008091871492625844
299,299,299,299,870.0058741684767,2.8537139029088943e-05,1.9024759352725962e-05,0.0018977887929385003,0.0016264343162518513,-3.359142464004483e-05,0.00013988984920403609,8.087726491904507e-05,0.0008091902580447067
300,300,300,299,870.0058741684767,2.8537139029088943e-05,1.9024759352725962e-05,0.0018977887929385003,0.0016264343162518513,-3.359142464004483e-05,0.00013988984920403609,8.087726491904507e-05,0.0008091902580447067
301,301,301,301,870.005872992228,2.853677816494482e-05,1.902451877662988e-05,0.001897772579923503,0.0016264164460905637,-3.3591793697329564e-05,0.00013988821251876188,8.08789766068782e-05,0.0008091877510557475
302,302,302,301,870.005872992228,2.853677816494482e-05,1.902451877662988e-05,0.001897772579923503,0.0016264164460905637,-3.3591793697329564e-05,0.00013988821251876188,8.08789766068782e-05,0.0008091877510557475
303,303,303,303,870.0058725167387,2.8537157529401336e-05,1.902477168626756e-05,0.0018977876504986185,0.0016264341650469001,-3.359149554247459e-05,0.00013988988041378466,8.08771824595475e-05,0.0008091902335043782
304,304,304,303,870.0058725167387,2.8537157529401336e-05,1.902477168626756e-05,0.0018977876504986185,0.0016264341650469001,-3.359149554247459e-05,0.00013988988041378466,8.08771824595475e-05,0.0008091902335043782
305,305,305,305,870.0058713430001,2.853649675343961e-05,1.902433116895974e-05,0.0018977727500112968,0.0016264164065118837,-3.3591821043725545e-05,0.00013988821111215934,8.08789201326987e-05,0.0008091874100417482
306,306,306,305,870.0058713430001,2.853649675343961e-05,1.902433116895974e-05,0.0018977727500112968,0.0016264164065118837,-3.3591821043725545e-05,0.00013988821111215934,8.08789201326987e-05,0.0008091874100417482
307,307,307,307,870.0058708637611,2.8537129842631792e-05,1.9024753228421194e-05,0.0018977851291785749,0.0016264334275966502,-3.359152902995821e-05,0.00013988988660919316,8.087719850442127e-05,0.0008091897842522563
308,308,308,307,870.0058708637611,2.8537129842631792e-05,1.9024753228421194e-05,0.0018977851291785749,0.0016264334275966502,-3.359152902995821e-05,0.00013988988660919316,8.087719850442127e-05,0.0008091897842522563
309,309,309,309,870.0058696938551,2.8536490973007922e-05,1.9024327315338613e-05,0.001897771676819198,0.0016264159519680241,-3.359188688457915e-05,0.00013988819009180987,8.087892104769595e-05,0.0008091873507794317
310,310,310,309,870.0058696938551,2.8536490973007922e-05,1.9024327315338613e-05,0.001897771676819198,0.0016264159519680241,-3.359188688457915e-05,0.00013988819009180987,8.087892104769595e-05,0.0008091873507794317
311,311,311,311,870.0058692094174,2.8537021507041294e-05,1.9024681004694195e-05,0.001897788848471504,0.0016264356989604302,-3.359157437002325e-05,0.00013988969084493554,8.087722723854052e-05,0.0008091889782443184
312,312,312,311,870.0058692094174,2.8537021507041294e-05,1.9024681004694195e-05,0.001897788848471504,0.0016264356989604302,-3.359157437002325e-05,0.00013988969084493554,8.087722723854052e-05,0.0008091889782443184
313,313,313,313,870.0058680425708,2.8536469948076126e-05,1.9024313298717416e-05,0.0018977753929812133,0.0016264184583109275,-3.359193635621427e-05,0.00013988839610458464,8.087898101247909e-05,0.0008091877393196145
314,314,314,313,870.0058680425708,2.8536469948076126e-05,1.9024313298717416e-05,0.0018977753929812133,0.0016264184583109275,-3.359193635621427e-05,0.00013988839610458464,8.087898101247909e-05,0.0008091877393196145
315,315,315,315,870.0058675552395,2.8537125299404886e-05,1.9024750199603258e-05,0.0018977911026718617,0.0016264360613648025,-3.359162242699831e-05,0.00013989000842241098,8.0877222848115e-05,0.0008091903455318008
316,316,316,315,870.0058675552395,2.8537125299404886e-05,1.9024750199603258e-05,0.0018977911026718617,0.0016264360613648025,-3.359162242699831e-05,0.00013989000842241098,8.0877222848115e-05,0.0008091903455318008
317,317,317,317,870.0058663938598,2.853649846573658e-05,1.9024332310491054e-05,0.0018977744167403522,0.0016264176205649091,-3.3591999448454035e-05,0.00013988838844237355,8.087897425280294e-05,0.0008091875287097963
318,318,318,317,870.0058663938598,2.853649846573658e-05,1.9024332310491054e-05,0.0018977744167403522,0.0016264176205649091,-3.3591999448454035e-05,0.00013988838844237355,8.087897425280294e-05,0.0008091875287097963
319,319,319,319,870.0058659040226,2.853708178318648e-05,1.9024721188790988e-05,0.001897791567165343,0.0016264373310316046,-3.3591658907212996e-05,0.00013989006261571837,8.087720108277546e-05,0.0008091905189984826
320,320,320,319,870.0058659040226,2.853708178318648e-05,1.9024721188790988e-05,0.001897791567165343,0.0016264373310316046,-3.3591658907212996e-05,0.00013989006261571837,8.087720108277546e-05,0.0008091905189984826
321,321,321,321,870.005864747792,2.8536466260442594e-05,1.9024310840295062e-05,0.0018977745716328,0.0016264182840315866,-3.359212687169266e-05,0.00013988851446928747,8.08790761691533e-05,0.0008091877588128253
322,322,322,321,870.005864747792,2.8536466260442594e-05,1.9024310840295062e-05,0.0018977745716328,0.0016264182840315866,-3.359212687169266e-05,0.00013988851446928747,8.08790761691533e-05,0.0008091877588128253
323,323,323,323,870.0058642528351,2.8537088013647072e-05,1.902472534243138e-05,0.001897792107476878,0.0016264382972826035,-3.359171792945842e-05,0.00013989012217344458,8.087720124849707e-05,0.000809190586971172
324,324,324,323,870.0058642528351,2.8537088013647072e-05,1.902472534243138e-05,0.001897792107476878,0.0016264382972826035,-3.359171792945842e-05,0.00013989012217344458,8.087720124849707e-05,0.000809190586971172
325,325,325,325,870.0058630999148,2.8536430775549793e-05,1.9024287183699862e-05,0.0018977736197240017,0.0016264180820268403,-3.3592094613892065e-05,0.00013988843985033287,8.087896816165452e-05,0.0008091877068573715
326,326,326,325,870.0058630999148,2.8536430775549793e-05,1.9024287183699862e-05,0.0018977736197240017,0.0016264180820268403,-3.3592094613892065e-05,0.00013988843985033287,8.087896816165452e-05,0.0008091877068573715
327,327,327,327,870.0058625990373,2.8537115060983664e-05,1.902474337398911e-05,0.0018977908553458893,0.0016264359071753243,-3.359176426760008e-05,0.00013989008819576448,8.087719107742475e-05,0.0008091904718553506
328,328,328,327,870.0058625990373,2.8537115060983664e-05,1.902474337398911e-05,0.0018977908553458893,0.0016264359071753243,-3.359176426760008e-05,0.00013989008819576448,8.087719107742475e-05,0.0008091904718553506
329,329,329,329,870.0058614520018,2.853625207779875e-05,1.9024168051865836e-05,0.001897775798528615,0.0016264193792913041,-3.3592198111997984e-05,0.00013988850245647916,8.087909839910035e-05,0.0008091871539274662
330,330,330,329,870.0058614520018,2.853625207779875e-05,1.9024168051865836e-05,0.001897775798528615,0.0016264193792913041,-3.3592198111997984e-05,0.00013988850245647916,8.087909839910035e-05,0.0008091871539274662
331,331,331,331,870.0058609476215,2.8537097285730173e-05,1.9024731523820115e-05,0.0018977936456441174,0.0016264388519459075,-3.359184434467005e-05,0.00013989020496007305,8.087722931725272e-05,0.0008091905290046412
332,332,332,331,870.0058609476215,2.8537097285730173e-05,1.9024731523820115e-05,0.0018977936456441174,0.0016264388519459075,-3.359184434467005e-05,0.00013989020496007305,8.087722931725272e-05,0.0008091905290046412
333,333,333,333,870.0058598028415,2.853644043529502e-05,1.902429362353001e-05,0.0018977781816479986,0.0016264211705884373,-3.359214922747655e-05,0.00013988862083085527,8.087897509829328e-05,0.0008091881247315807
334,334,334,333,870.0058598028415,2.853644043529502e-05,1.902429362353001e-05,0.0018977781816479986,0.0016264211705884373,-3.359214922747655e-05,0.00013988862083085527,8.087897509829328e-05,0.0008091881247315807
335,335,335,335,870.0058592939736,2.8537054722110877e-05,1.9024703148073918e-05,0.0018977895823643926,0.0016264361207504723,-3.359190900781989e-05,0.0001398901785607703,8.087725698668197e-05,0.0008091902473125805
336,336,336,335,870.0058592939736,2.8537054722110877e-05,1.9024703148073918e-05,0.0018977895823643926,0.0016264361207504723,-3.359190900781989e-05,0.0001398901785607703,8.087725698668197e-05,0.0008091902473125805
337,337,337,337,870.005858153731,2.853639912001049e-05,1.9024266080006996e-05,0.0018977756630984104,0.001626419653640126,-3.359226082308431e-05,0.00013988857220548765,8.087896511758952e-05,0.000809187679638194
338,338,338,337,870.005858153731,2.853639912001049e-05,1.9024266080006996e-05,0.0018977756630984104,0.001626419653640126,-3.359226082308431e-05,0.00013988857220548765,8.087896511758952e-05,0.000809187679638194
339,339,339,339,870.0058576408233,2.853700119392899e-05,1.9024667462619327e-05,0.001897792639241578,0.0016264383280615061,-3.3591924215863045e-05,0.00013989024946551827,8.087724788756467e-05,0.0008091905514755572
340,340,340,339,870.0058576408233,2.853700119392899e-05,1.9024667462619327e-05,0.001897792639241578,0.0016264383280615061,-3.3591924215863045e-05,0.00013989024946551827,8.087724788756467e-05,0.0008091905514755572
341,341,341,341,870.0058565034994,2.85364459613191e-05,1.9024297307546068e-05,0.001897783187280496,0.0016264220829176718,-3.3592293329998135e-05,0.00013988864929351345,8.087894205489193e-05,0.0008091885578061888
342,342,342,341,870.0058565034994,2.85364459613191e-05,1.9024297307546068e-05,0.001897783187280496,0.0016264220829176718,-3.3592293329998135e-05,0.00013988864929351345,8.087894205489193e-05,0.0008091885578061888
343,343,343,343,870.005855985503,2.853706178729265e-05,1.90247078581951e-05,0.0018977913869047314,0.0016264377000867996,-3.359198939422575e-05,0.00013989031470401715,8.087725819390379e-05,0.0008091905488513135
344,344,344,343,870.005855985503,2.853706178729265e-05,1.90247078581951e-05,0.0018977913869047314,0.0016264377000867996,-3.359198939422575e-05,0.00013989031470401715,8.087725819390379e-05,0.0008091905488513135
345,345,345,345,870.0058548539298,2.853642793268496e-05,1.902428528845664e-05,0.0018977742862108394,0.0016264191762264712,-3.359234547174739e-05,0.00013988861921746004,8.087898017260925e-05,0.0008091879309775068
346,346,346,345,870.0058548539298,2.853642793268496e-05,1.902428528845664e-05,0.0018977742862108394,0.0016264191762264712,-3.359234547174739e-05,0.00013988861921746004,8.087898017260925e-05,0.0008091879309775068
347,347,347,347,870.0058543360111,2.8537081868978964e-05,1.9024721245985976e-05,0.0018977906127635843,0.0016264373848404175,-3.3592053063753735e-05,0.00013989029456974467,8.087721722238594e-05,0.0008091906379153622
348,348,348,347,870.0058543360111,2.8537081868978964e-05,1.9024721245985976e-05,0.0018977906127635843,0.0016264373848404175,-3.3592053063753735e-05,0.00013989029456974467,8.087721722238594e-05,0.0008091906379153622
349,349,349,349,870.0058532089797,2.853641275174512e-05,1.9024275167830083e-05,0.0018977738911834152,0.001626419171623439,-3.3592381494161605e-05,0.0001398886363986689,8.087897542419925e-05,0.0008091880189898531
350,350,350,349,870.0058532089797,2.853641275174512e-05,1.9024275167830083e-05,0.0018977738911834152,0.001626419171623439,-3.3592381494161605e-05,0.0001398886363986689,8.087897542419925e-05,0.0008091880189898531
351,351,351,351,870.0058526832871,2.85370611159963e-05,1.90247074106642e-05,0.0018977924423751672,0.0016264387673996085,-3.35921004252851e-05,0.00013989040725773675,8.087723534722091e-05,0.000809190823916172
352,352,352,351,870.0058526832871,2.85370611159963e-05,1.90247074106642e-05,0.0018977924423751672,0.0016264387673996085,-3.35921004252851e-05,0.00013989040725773675,8.087723534722091e-05,0.000809190823916172
353,353,353,353,870.0058515615715,2.8536211937685296e-05,1.9024141291790198e-05,0.0018977767487864403,0.00162642096880978,-3.359247169403001e-05,0.00013988876683888039,8.087896947148177e-05,0.0008091873634021598
354,354,354,353,870.0058515615715,2.8536211937685296e-05,1.9024141291790198e-05,0.0018977767487864403,0.00162642096880978,-3.359247169403001e-05,0.00013988876683888039,8.087896947148177e-05,0.0008091873634021598
355,355,355,355,870.0058510302775,2.853704489261255e-05,1.902469659507503e-05,0.001897795743706847,0.0016264403195430962,-3.3592203716702185e-05,0.0001398905194631524,8.087727783706589e-05,0.0008091908370985018
356,356,356,355,870.0058510302775,2.853704489261255e-05,1.902469659507503e-05,0.001897795743706847,0.0016264403195430962,-3.3592203716702185e-05,0.0001398905194631524,8.087727783706589e-05,0.0008091908370985018
357,357,357,357,870.0058499104263,2.8536429092090865e-05,1.902428606139391e-05,0.0018977776875509194,0.0016264214147085375,-3.359250458619817e-05,0.00013988884121009124,8.087900398335429e-05,0.0008091882482203668
358,358,358,357,870.0058499104263,2.8536429092090865e-05,1.902428606139391e-05,0.0018977776875509194,0.0016264214147085375,-3.359250458619817e-05,0.00013988884121009124,8.087900398335429e-05,0.0008091882482203668
359,359,359,359,870.0058493766269,2.853703390365281e-05,1.9024689269101874e-05,0.0018977913782477294,0.0016264381857444736,-3.359221169794285e-05,0.0001398903933789074,8.087720636567458e-05,0.0008091906970318463
360,360,360,359,870.0058493766269,2.853703390365281e-05,1.9024689269101874e-05,0.0018977913782477294,0.0016264381857444736,-3.359221169794285e-05,0.0001398903933789074,8.087720636567458e-05,0.0008091906970318463
361,361,361,361,870.005848260272,2.8536392623595974e-05,1.902426174906398e-05,0.001897778093072468,0.0016264219309582851,-3.359255112819759e-05,0.0001398888496967839,8.087896504063025e-05,0.0008091881739112417
362,362,362,361,870.005848260272,2.8536392623595974e-05,1.902426174906398e-05,0.001897778093072468,0.0016264219309582851,-3.359255112819759e-05,0.0001398888496967839,8.087896504063025e-05,0.0008091881739112417
363,363,363,363,870.0058477220572,2.853703640054439e-05,1.902469093369626e-05,0.0018977912866788528,0.0016264388688919593,-3.3592279990730944e-05,0.00013989045725930083,8.087721852188812e-05,0.0008091907939269331
364,364,364,363,870.0058477220572,2.853703640054439e-05,1.902469093369626e-05,0.0018977912866788528,0.0016264388688919593,-3.3592279990730944e-05,0.00013989045725930083,8.087721852188812e-05,0.0008091907939269331
365,365,365,365,870.0058466108692,2.8536287823510698e-05,1.9024191882340467e-05,0.0018977729386228687,0.001626419216342948,-3.35926188944069e-05,0.00013988880055273875,8.087897938944405e-05,0.0008091877278687376
366,366,366,365,870.0058466108692,2.8536287823510698e-05,1.9024191882340467e-05,0.0018977729386228687,0.001626419216342948,-3.35926188944069e-05,0.00013988880055273875,8.087897938944405e-05,0.0008091877278687376
367,367,367,367,870.0058460686465,2.8537039631154615e-05,1.902469308743641e-05,0.0018977923285191985,0.0016264392459522273,-3.3592308603967724e-05,0.00013989047648859727,8.0877197300884e-05,0.0008091907970563678
368,368,368,367,870.0058460686465,2.8537039631154615e-05,1.902469308743641e-05,0.0018977923285191985,0.0016264392459522273,-3.3592308603967724e-05,0.00013989047648859727,8.0877197300884e-05,0.0008091907970563678
369,369,369,369,870.005844961953,2.8536416092767025e-05,1.9024277395178015e-05,0.0018977731863911312,0.0016264197293452754,-3.359268642601221e-05,0.000139888790541088,8.087895405483464e-05,0.0008091881116756356
370,370,370,369,870.005844961953,2.8536416092767025e-05,1.9024277395178015e-05,0.0018977731863911312,0.0016264197293452754,-3.359268642601221e-05,0.000139888790541088,8.087895405483464e-05,0.0008091881116756356
371,371,371,371,870.0058444144322,2.8536989121669132e-05,1.9024659414446088e-05,0.0018977890684411644,0.0016264369893755782,-3.3592396826646886e-05,0.00013989044969229237,8.087722619989218e-05,0.000809190845624827
372,372,372,371,870.0058444144322,2.8536989121669132e-05,1.9024659414446088e-05,0.0018977890684411644,0.0016264369893755782,-3.3592396826646886e-05,0.00013989044969229237,8.087722619989218e-05,0.000809190845624827
373,373,373,373,870.0058433102508,2.853640816696812e-05,1.902427211131208e-05,0.001897778294675706,0.0016264224324227855,-3.359272943800201e-05,0.00013988898381917273,8.087898018853401e-05,0.0008091883578600037
374,374,374,373,870.0058433102508,2.853640816696812e-05,1.902427211131208e-05,0.001897778294675706,0.0016264224324227855,-3.359272943800201e-05,0.00013988898381917273,8.087898018853401e-05,0.0008091883578600037
375,375,375,375,870.0058427604846,2.853704032784732e-05,1.9024693551898213e-05,0.0018977930400864665,0.0016264392760137504,-3.359243085330338e-05,0.0001398905854719212,8.087720730323711e-05,0.0008091908733411375
376,376,376,375,870.0058427604846,2.853704032784732e-05,1.9024693551898213e-05,0.0018977930400864665,0.0016264392760137504,-3.359243085330338e-05,0.0001398905854719212,8.087720730323711e-05,0.0008091908733411375
377,377,377,377,870.005841661191,2.8536409375917726e-05,1.9024272917278484e-05,0.0018977739125519864,0.001626419640637877,-3.359279469205417e-05,0.00013988892448665779,8.087895156973918e-05,0.0008091882070932542
378,378,378,377,870.005841661191,2.8536409375917726e-05,1.9024272917278484e-05,0.0018977739125519864,0.001626419640637877,-3.359279469205417e-05,0.00013988892448665779,8.087895156973918e-05,0.0008091882070932542
379,379,379,379,870.0058411068405,2.853687495793511e-05,1.9024583305290076e-05,0.001897792807697686,0.0016264397530067738,-3.359252503992022e-05,0.00013989073225340666,8.087729966229501e-05,0.0008091910285699417
380,380,380,379,870.0058411068405,2.853687495793511e-05,1.9024583305290076e-05,0.001897792807697686,0.0016264397530067738,-3.359252503992022e-05,0.00013989073225340666,8.087729966229501e-05,0.0008091910285699417
381,381,381,381,870.0058400129703,2.8536399650030964e-05,1.9024266433353976e-05,0.0018977757911049712,0.0016264216110939722,-3.359283816502939e-05,0.00013988897241738594,8.087895497226744e-05,0.0008091883823578696
382,382,382,381,870.0058400129703,2.8536399650030964e-05,1.9024266433353976e-05,0.0018977757911049712,0.0016264216110939722,-3.359283816502939e-05,0.00013988897241738594,8.087895497226744e-05,0.0008091883823578696
383,383,383,383,870.0058394554642,2.8537016909829793e-05,1.902467793988653e-05,0.0018977927490444353,0.001626439823265632,-3.359252516003247e-05,0.00013989068345643337,8.08772395228391e-05,0.0008091910333225332
384,384,384,383,870.0058394554642,2.8537016909829793e-05,1.902467793988653e-05,0.0018977927490444353,0.001626439823265632,-3.359252516003247e-05,0.00013989068345643337,8.08772395228391e-05,0.0008091910333225332
385,385,385,385,870.0058383653156,2.8536388730349138e-05,1.9024259153566092e-05,0.0018977760884778946,0.0016264216435395446,-3.359290291964773e-05,0.00013988903633658953,8.087900487624422e-05,0.0008091883825333393
386,386,386,385,870.0058383653156,2.8536388730349138e-05,1.9024259153566092e-05,0.0018977760884778946,0.0016264216435395446,-3.359290291964773e-05,0.00013988903633658953,8.087900487624422e-05,0.0008091883825333393
387,387,387,387,870.0058378037215,2.85368951778997e-05,1.9024596785266468e-05,0.0018977938318685253,0.001626440838256536,-3.359262891803466e-05,0.0001398908273647598,8.087726165879883e-05,0.0008091905470059322
388,388,388,387,870.0058378037215,2.85368951778997e-05,1.9024596785266468e-05,0.0018977938318685253,0.001626440838256536,-3.359262891803466e-05,0.0001398908273647598,8.087726165879883e-05,0.0008091905470059322
389,389,389,389,870.005836716775,2.8536357741970608e-05,1.9024238494647072e-05,0.0018977764803237178,0.0016264224155413162,-3.359294099152671e-05,0.00013988906336974882,8.087895136904555e-05,0.0008091883686170758
390,390,390,389,870.005836716775,2.8536357741970608e-05,1.9024238494647072e-05,0.0018977764803237178,0.0016264224155413162,-3.359294099152671e-05,0.00013988906336974882,8.087895136904555e-05,0.0008091883686170758
391,391,391,391,870.0058361499151,2.853691043311346e-05,1.9024606955408974e-05,0.0018977950700938488,0.0016264416761750384,-3.3592767355671016e-05,0.0001398908905029624,8.087733850751372e-05,0.0008091910928863587
392,392,392,391,870.0058361499151,2.853691043311346e-05,1.9024606955408974e-05,0.0018977950700938488,0.0016264416761750384,-3.3592767355671016e-05,0.0001398908905029624,8.087733850751372e-05,0.0008091910928863587
393,393,393,393,870.0058350678057,2.853637678185139e-05,1.902425118790093e-05,0.0018977789647251378,0.0016264236516798179,-3.359300045931157e-05,0.0001398891791356974,8.087899437824592e-05,0.0008091885415036715
394,394,394,393,870.0058350678057,2.853637678185139e-05,1.902425118790093e-05,0.0018977789647251378,0.0016264236516798179,-3.359300045931157e-05,0.0001398891791356974,8.087899437824592e-05,0.0008091885415036715
395,395,395,395,870.0058344966836,2.853699046223568e-05,1.902466030815712e-05,0.0018977933183155198,0.0016264409954153069,-3.3592730666789916e-05,0.00013989081651375368,8.087725429558462e-05,0.0008091911790678403
396,396,396,395,870.0058344966836,2.853699046223568e-05,1.902466030815712e-05,0.0018977933183155198,0.0016264409954153069,-3.3592730666789916e-05,0.00013989081651375368,8.087725429558462e-05,0.0008091911790678403
397,397,397,397,870.005833417842,2.8536377821519743e-05,1.902425188101316e-05,0.001897780377322404,0.0016264243235424817,-3.3593052919680955e-05,0.00013988919866866803,8.087901936003339e-05,0.0008091886313873614
398,398,398,397,870.005833417842,2.8536377821519743e-05,1.902425188101316e-05,0.001897780377322404,0.0016264243235424817,-3.3593052919680955e-05,0.00013988919866866803,8.087901936003339e-05,0.0008091886313873614
399,399,399,399,870.0058328431821,2.853698793495174e-05,1.902465862330116e-05,0.0018977942948686577,0.001626441916996389,-3.3592722105221795e-05,0.00013989080818714459,8.08772526546056e-05,0.0008091912893429582
400,400,400,399,870.0058328431821,2.853698793495174e-05,1.902465862330116e-05,0.0018977942948686577,0.001626441916996389,-3.3592722105221795e-05,0.00013989080818714459,8.08772526546056e-05,0.0008091912893429582
401,401,401,401,870.0058317687619,2.8536312415644582e-05,1.9024208277096388e-05,0.0018977772872554588,0.0016264229227860234,-3.359308122104221e-05,0.00013988912904878178,8.087895117761534e-05,0.000809188263842438
402,402,402,401,870.0058317687619,2.8536312415644582e-05,1.9024208277096388e-05,0.0018977772872554588,0.0016264229227860234,-3.359308122104221e-05,0.00013988912904878178,8.087895117761534e-05,0.000809188263842438
403,403,403,403,870.0058311883827,2.853694456869671e-05,1.9024629712464474e-05,0.0018977942895287581,0.0016264415732505882,-3.35928015973222e-05,0.00013989089535141317,8.087723682426856e-05,0.0008091911106598997
404,404,404,403,870.0058311883827,2.853694456869671e-05,1.9024629712464474e-05,0.0018977942895287581,0.0016264415732505882,-3.35928015973222e-05,0.00013989089535141317,8.087723682426856e-05,0.0008091911106598997
405,405,405,405,870.0058301186066,2.8536359521214028e-05,1.902423968080935e-05,0.001897775804309351,0.0016264226714695663,-3.3593176413229675e-05,0.0001398891802842518,8.087898006923361e-05,0.0008091886198723659
406,406,406,405,870.0058301186066,2.8536359521214028e-05,1.902423968080935e-05,0.001897775804309351,0.0016264226714695663,-3.3593176413229675e-05,0.0001398891802842518,8.087898006923361e-05,0.0008091886198723659
407,407,407,407,870.0058295345041,2.8536933033479484e-05,1.9024622022319655e-05,0.0018977939200521129,0.0016264414819720185,-3.3592888127730036e-05,0.00013989092440293364,8.087726911541748e-05,0.0008091910015216698
408,408,408,407,870.0058295345041,2.8536933033479484e-05,1.9024622022319655e-05,0.0018977939200521129,0.0016264414819720185,-3.3592888127730036e-05,0.00013989092440293364,8.087726911541748e-05,0.0008091910015216698
409,409,409,409,870.005828468626,2.8536348593372063e-05,1.9024232395581375e-05,0.0018977792763676924,0.0016264242054709818,-3.3593226312397806e-05,0.00013988932970249008,8.087898515139746e-05,0.0008091885769049453
410,410,410,409,870.005828468626,2.8536348593372063e-05,1.9024232395581375e-05,0.0018977792763676924,0.0016264242054709818,-3.3593226312397806e-05,0.00013988932970249008,8.087898515139746e-05,0.0008091885769049453
411,411,411,411,870.0058278819499,2.8536983254529025e-05,1.902465550301935e-05,0.0018977930605668487,0.0016264413331632727,-3.359290132069759e-05,0.0001398908985550584,8.087720217715005e-05,0.0008091913478513414
412,412,412,411,870.0058278819499,2.8536983254529025e-05,1.902465550301935e-05,0.0018977930605668487,0.0016264413331632727,-3.359290132069759e-05,0.0001398908985550584,8.087720217715005e-05,0.0008091913478513414
413,413,413,413,870.0058268187233,2.8536337041612514e-05,1.9024224694408343e-05,0.0018977801400208102,0.0016264247904370145,-3.359324851251455e-05,0.00013988935228092847,8.0878974891542e-05,0.0008091887562083738
414,414,414,413,870.0058268187233,2.8536337041612514e-05,1.9024224694408343e-05,0.0018977801400208102,0.0016264247904370145,-3.359324851251455e-05,0.00013988935228092847,8.0878974891542e-05,0.0008091887562083738
415,415,415,415,870.0058262266184,2.853694432264353e-05,1.902462954842902e-05,0.0018977926092931172,0.0016264408167843167,-3.3592980924125604e-05,0.0001398909564230197,8.087720451199071e-05,0.0008091913389054938
416,416,416,415,870.0058262266184,2.853694432264353e-05,1.902462954842902e-05,0.0018977926092931172,0.0016264408167843167,-3.3592980924125604e-05,0.0001398909564230197,8.087720451199071e-05,0.0008091913389054938
417,417,417,417,870.0058251706689,2.8535980683780382e-05,1.9023987122520257e-05,0.0018977813879993259,0.001626426055156356,-3.3593408729978846e-05,0.00013988950985193604,8.087901013924259e-05,0.0008091877259228722
418,418,418,417,870.0058251706689,2.8535980683780382e-05,1.9023987122520257e-05,0.0018977813879993259,0.001626426055156356,-3.3593408729978846e-05,0.00013988950985193604,8.087901013924259e-05,0.0008091877259228722
419,419,419,419,870.0058245748189,2.8536862209216363e-05,1.9024574806144244e-05,0.0018977949305503602,0.0016264424402238436,-3.3593005132427634e-05,0.00013989126442033286,8.087727729133576e-05,0.0008091912913735366
420,420,420,419,870.0058245748189,2.8536862209216363e-05,1.9024574806144244e-05,0.0018977949305503602,0.0016264424402238436,-3.3593005132427634e-05,0.00013989126442033286,8.087727729133576e-05,0.0008091912913735366
421,421,421,421,870.0058235236089,2.85359525144524e-05,1.9023968342968267e-05,0.0018977817235629909,0.00162642656398136,-3.359338012223767e-05,0.0001398895926426463,8.087899978569124e-05,0.0008091874360075188
422,422,422,421,870.0058235236089,2.85359525144524e-05,1.9023968342968267e-05,0.0018977817235629909,0.00162642656398136,-3.359338012223767e-05,0.0001398895926426463,8.087899978569124e-05,0.0008091874360075188
423,423,423,423,870.005822923434,2.853695025439862e-05,1.9024633502932414e-05,0.0018977977378431333,0.0016264446604636231,-3.359300139618715e-05,0.00013989114946471757,8.087717639791714e-05,0.0008091917632792723
424,424,424,423,870.005822923434,2.853695025439862e-05,1.9024633502932414e-05,0.0018977977378431333,0.0016264446604636231,-3.359300139618715e-05,0.00013989114946471757,8.087717639791714e-05,0.0008091917632792723
425,425,425,425,870.0058218734139,2.8536295424458347e-05,1.90241969496389e-05,0.001897779192251283,0.0016264245023190093,-3.3593423780814424e-05,0.0001398894362903646,8.087895387350053e-05,0.000809188586361745
426,426,426,425,870.0058218734139,2.8536295424458347e-05,1.90241969496389e-05,0.001897779192251283,0.0016264245023190093,-3.3593423780814424e-05,0.0001398894362903646,8.087895387350053e-05,0.000809188586361745
427,427,427,427,870.0058212733173,2.8536925297278914e-05,1.9024616864852607e-05,0.0018977962909019098,0.0016264440573463593,-3.359272747307379e-05,0.0001398908398484096,8.087740667232085e-05,0.0008091907284621449
428,428,428,427,870.0058212733173,2.8536925297278914e-05,1.9024616864852607e-05,0.0018977962909019098,0.0016264440573463593,-3.359272747307379e-05,0.0001398908398484096,8.087740667232085e-05,0.0008091907284621449
429,429,429,429,870.0058202279611,2.8536309980620178e-05,1.9024206653746784e-05,0.00189777795476989,0.0016264248820999033,-3.3593444384895366e-05,0.00013988944300970767,8.087898029157659e-05,0.0008091889554308024
430,430,430,429,870.0058202279611,2.8536309980620178e-05,1.9024206653746784e-05,0.00189777795476989,0.0016264248820999033,-3.3593444384895366e-05,0.00013988944300970767,8.087898029157659e-05,0.0008091889554308024
431,431,431,431,870.0058196208847,2.853677467634652e-05,1.902451645089768e-05,0.001897795739022267,0.0016264436314006592,-3.359310090833567e-05,0.00013989114392666806,8.087715701671216e-05,0.0008091908942318462
432,432,432,431,870.0058196208847,2.853677467634652e-05,1.902451645089768e-05,0.001897795739022267,0.0016264436314006592,-3.359310090833567e-05,0.00013989114392666806,8.087715701671216e-05,0.0008091908942318462
433,433,433,433,870.0058185817135,2.8536317617094964e-05,1.9024211744729975e-05,0.001897778404022789,0.0016264252868363632,-3.3593553397756604e-05,0.00013988949399725936,8.08789996310233e-05,0.0008091888740494638
434,434,434,433,870.0058185817135,2.8536317617094964e-05,1.9024211744729975e-05,0.001897778404022789,0.0016264252868363632,-3.3593553397756604e-05,0.00013988949399725936,8.08789996310233e-05,0.0008091888740494638
435,435,435,435,870.0058179702253,2.8536838011766763e-05,1.9024558674511176e-05,0.001897795628209851,0.0016264440352102157,-3.3593232511001936e-05,0.00013989139220947443,8.087732080123977e-05,0.0008091914731932523
436,436,436,435,870.0058179702253,2.8536838011766763e-05,1.9024558674511176e-05,0.001897795628209851,0.0016264440352102157,-3.3593232511001936e-05,0.00013989139220947443,8.087732080123977e-05,0.0008091914731932523
437,437,437,437,870.0058169328181,2.8536241929416617e-05,1.9024161286277742e-05,0.0018977789067682587,0.0016264257636979477,-3.3593575086365846e-05,0.0001398895691053163,8.087903447756561e-05,0.0008091890480685271
438,438,438,437,870.0058169328181,2.8536241929416617e-05,1.9024161286277742e-05,0.0018977789067682587,0.0016264257636979477,-3.3593575086365846e-05,0.0001398895691053163,8.087903447756561e-05,0.0008091890480685271
439,439,439,439,870.0058163172941,2.8536920960969825e-05,1.9024613973979882e-05,0.001897795310747835,0.0016264436783844894,-3.359325514660366e-05,0.00013989124349211946,8.087726674212842e-05,0.0008091917418733684
440,440,440,439,870.0058163172941,2.8536920960969825e-05,1.9024613973979882e-05,0.001897795310747835,0.0016264436783844894,-3.359325514660366e-05,0.00013989124349211946,8.087726674212842e-05,0.0008091917418733684
441,441,441,441,870.0058152849859,2.8536286888536377e-05,1.902419125902425e-05,0.0018977779373895644,0.0016264250192786199,-3.35936364128514e-05,0.00013988957061344856,8.087899781339392e-05,0.0008091890288234242
442,442,442,441,870.0058152849859,2.8536286888536377e-05,1.902419125902425e-05,0.0018977779373895644,0.0016264250192786199,-3.35936364128514e-05,0.00013988957061344856,8.087899781339392e-05,0.0008091890288234242
443,443,443,443,870.0058146648237,2.8536903609460706e-05,1.9024602406307135e-05,0.0018977953105481845,0.0016264441402510771,-3.359331328680465e-05,0.0001398916664182086,8.08772310834649e-05,0.0008091896975030322
444,444,444,443,870.0058146648237,2.8536903609460706e-05,1.9024602406307135e-05,0.0018977953105481845,0.0016264441402510771,-3.359331328680465e-05,0.0001398916664182086,8.08772310834649e-05,0.0008091896975030322
445,445,445,445,870.0058136364188,2.853620278056579e-05,1.9024135187043857e-05,0.0018977809420564337,0.0016264267613445263,-3.359369705727838e-05,0.0001398896958167204,8.087900048848323e-05,0.0008091885504485339
446,446,446,445,870.0058136364188,2.853620278056579e-05,1.9024135187043857e-05,0.0018977809420564337,0.0016264267613445263,-3.359369705727838e-05,0.0001398896958167204,8.087900048848323e-05,0.0008091885504485339
447,447,447,447,870.0058130120635,2.853686195722349e-05,1.9024574638148994e-05,0.0018977947156116795,0.001626443230767955,-3.359335903527216e-05,0.00013989132304531219,8.08772870546301e-05,0.0008091915361655396
448,448,448,447,870.0058130120635,2.853686195722349e-05,1.9024574638148994e-05,0.0018977947156116795,0.001626443230767955,-3.359335903527216e-05,0.00013989132304531219,8.08772870546301e-05,0.0008091915361655396
449,449,449,449,870.0058119866577,2.8536266744871863e-05,1.9024177829914574e-05,0.0018977824574647622,0.0016264279468988327,-3.35937450713919e-05,0.0001398897637834292,8.087897033949576e-05,0.0008091891402417892
450,450,450,449,870.0058119866577,2.8536266744871863e-05,1.9024177829914574e-05,0.0018977824574647622,0.0016264279468988327,-3.35937450713919e-05,0.0001398897637834292,8.087897033949576e-05,0.0008091891402417892
451,451,451,451,870.0058113585367,2.8536901820613858e-05,1.902460121374257e-05,0.0018977957176805613,0.001626444257233052,-3.3593393420017215e-05,0.00013989134539099326,8.087724507460647e-05,0.000809191857593902
452,452,452,451,870.0058113585367,2.8536901820613858e-05,1.902460121374257e-05,0.0018977957176805613,0.001626444257233052,-3.3593393420017215e-05,0.00013989134539099326,8.087724507460647e-05,0.000809191857593902
453,453,453,453,870.0058103389456,2.8536082092078807e-05,1.9024054728052537e-05,0.0018977794066331244,0.0016264264984768761,-3.359377297657007e-05,0.00013988972669027098,8.087899697364898e-05,0.0008091885008936738
454,454,454,453,870.0058103389456,2.8536082092078807e-05,1.9024054728052537e-05,0.0018977794066331244,0.0016264264984768761,-3.359377297657007e-05,0.00013988972669027098,8.087899697364898e-05,0.0008091885008936738
455,455,455,455,870.0058097063364,2.8536835279285855e-05,1.9024556852857238e-05,0.0018977969005589451,0.0016264456317021702,-3.359349102820958e-05,0.00013989137433367536,8.087725241529703e-05,0.0008091917185856256
456,456,456,455,870.0058097063364,2.8536835279285855e-05,1.9024556852857238e-05,0.0018977969005589451,0.0016264456317021702,-3.359349102820958e-05,0.00013989137433367536,8.087725241529703e-05,0.0008091917185856256
457,457,457,457,870.0058086901462,2.8536271310081185e-05,1.9024180873387458e-05,0.0018977823742880615,0.0016264277981485986,-3.359383950793382e-05,0.0001398898277929739,8.08789960571113e-05,0.0008091892307448947
458,458,458,457,870.0058086901462,2.8536271310081185e-05,1.9024180873387458e-05,0.0018977823742880615,0.0016264277981485986,-3.359383950793382e-05,0.0001398898277929739,8.08789960571113e-05,0.0008091892307448947
459,459,459,459,870.0058080538463,2.853690453330504e-05,1.9024603022203358e-05,0.0018977962668535354,0.0016264449783110722,-3.359352773834451e-05,0.0001398914293721911,8.087724832658849e-05,0.0008091919626574479
460,460,460,459,870.0058080538463,2.853690453330504e-05,1.9024603022203358e-05,0.0018977962668535354,0.0016264449783110722,-3.359352773834451e-05,0.0001398914293721911,8.087724832658849e-05,0.0008091919626574479
461,461,461,461,870.0058070412322,2.8536058264777564e-05,1.9024038843185043e-05,0.0018977783675196234,0.0016264261997274362,-3.359391243464016e-05,0.00013988978583812572,8.087902258414187e-05,0.0008091883764305465
462,462,462,461,870.0058070412322,2.8536058264777564e-05,1.9024038843185043e-05,0.0018977783675196234,0.0016264261997274362,-3.359391243464016e-05,0.00013988978583812572,8.087902258414187e-05,0.0008091883764305465
463,463,463,463,870.0058063992626,2.8536856030048074e-05,1.9024570686698716e-05,0.0018977976949646532,0.0016264460938352778,-3.359355541308201e-05,0.00013989151094750385,8.087724626340553e-05,0.0008091918433398069
464,464,464,463,870.0058063992626,2.8536856030048074e-05,1.9024570686698716e-05,0.0018977976949646532,0.0016264460938352778,-3.359355541308201e-05,0.00013989151094750385,8.087724626340553e-05,0.0008091918433398069
465,465,465,465,870.0058053911301,2.853614965972473e-05,1.902409977314982e-05,0.0018977816485454496,0.0016264280154846943,-3.3593971437567705e-05,0.00013988984350611134,8.087896540766998e-05,0.0008091889831965949
466,466,466,465,870.0058053911301,2.853614965972473e-05,1.902409977314982e-05,0.0018977816485454496,0.0016264280154846943,-3.3593971437567705e-05,0.00013988984350611134,8.087896540766998e-05,0.0008091889831965949
467,467,467,467,870.0058047467944,2.8536904726539358e-05,1.9024603151026238e-05,0.0018977951224135878,0.0016264442984562308,-3.359367266687202e-05,0.00013989147093826333,8.087727674785383e-05,0.0008091918827914002
468,468,468,467,870.0058047467944,2.8536904726539358e-05,1.9024603151026238e-05,0.0018977951224135878,0.0016264442984562308,-3.359367266687202e-05,0.00013989147093826333,8.087727674785383e-05,0.0008091918827914002
469,469,469,469,870.0058037431263,2.8536239101234484e-05,1.9024159400822988e-05,0.0018977820715704592,0.0016264281911150846,-3.3594005744146116e-05,0.00013988991742223782,8.087894955510072e-05,0.0008091893591738955
470,470,470,469,870.0058037431263,2.8536239101234484e-05,1.9024159400822988e-05,0.0018977820715704592,0.0016264281911150846,-3.3594005744146116e-05,0.00013988991742223782,8.087894955510072e-05,0.0008091893591738955
471,471,471,471,870.0058030931536,2.8536861655187318e-05,1.9024574436791546e-05,0.0018977968453326541,0.0016264454963235524,-3.359369105811888e-05,0.00013989155718209778,8.087724906464394e-05,0.0008091918485343359
472,472,472,471,870.0058030931536,2.8536861655187318e-05,1.9024574436791546e-05,0.0018977968453326541,0.0016264454963235524,-3.359369105811888e-05,0.00013989155718209778,8.087724906464394e-05,0.0008091918485343359
473,473,473,473,870.0058020920943,2.8536237423604227e-05,1.902415828240282e-05,0.001897782901409093,0.001626428799486925,-3.359403793658233e-05,0.0001398899526927621,8.087896730369498e-05,0.0008091892716937893
474,474,474,473,870.0058020920943,2.8536237423604227e-05,1.902415828240282e-05,0.001897782901409093,0.001626428799486925,-3.359403793658233e-05,0.0001398899526927621,8.087896730369498e-05,0.0008091892716937893
475,475,475,475,870.0058014374192,2.8536789610594804e-05,1.9024526407063203e-05,0.0018977970648486097,0.0016264462614350556,-3.3593722445324214e-05,0.00013989151620241114,8.087709995825004e-05,0.0008091915547292155
476,476,476,475,870.0058014374192,2.8536789610594804e-05,1.9024526407063203e-05,0.0018977970648486097,0.0016264462614350556,-3.3593722445324214e-05,0.00013989151620241114,8.087709995825004e-05,0.0008091915547292155
477,477,477,477,870.0058004428638,2.8536246276078536e-05,1.9024164184052356e-05,0.001897779735040625,0.0016264272571409975,-3.359409205520858e-05,0.00013988991372606982,8.087898254479503e-05,0.0008091893904672086
478,478,478,477,870.0058004428638,2.8536246276078536e-05,1.9024164184052356e-05,0.001897779735040625,0.0016264272571409975,-3.359409205520858e-05,0.00013988991372606982,8.087898254479503e-05,0.0008091893904672086
479,479,479,479,870.005799786647,2.853684118678257e-05,1.9024560791188378e-05,0.0018977978704573424,0.0016264466671266048,-3.359381366425246e-05,0.00013989162831048096,8.087730644599361e-05,0.000809191611396415
480,480,480,479,870.005799786647,2.853684118678257e-05,1.9024560791188378e-05,0.0018977978704573424,0.0016264466671266048,-3.359381366425246e-05,0.00013989162831048096,8.087730644599361e-05,0.000809191611396415
481,481,481,481,870.0057987932701,2.8536228819625586e-05,1.9024152546417056e-05,0.0018977809465913042,0.0016264280181136662,-3.359416606009413e-05,0.00013988998405235672,8.087897348810213e-05,0.0008091893548982626
482,482,482,481,870.0057987932701,2.8536228819625586e-05,1.9024152546417056e-05,0.0018977809465913042,0.0016264280181136662,-3.359416606009413e-05,0.00013988998405235672,8.087897348810213e-05,0.0008091893548982626
483,483,483,483,870.005798132453,2.8536867674261446e-05,1.9024578449507633e-05,0.0018978051861994777,0.0016264517156997485,-3.359390764965525e-05,0.0001398918039185338,8.08772686998957e-05,0.0008091923585946283
484,484,484,483,870.005798132453,2.8536867674261446e-05,1.9024578449507633e-05,0.0018978051861994777,0.0016264517156997485,-3.359390764965525e-05,0.0001398918039185338,8.08772686998957e-05,0.0008091923585946283
485,485,485,485,870.0057971417117,2.8536219189828627e-05,1.902414612655242e-05,0.0018977817865877937,0.0016264282772230874,-3.35941715056548e-05,0.00013989000441236052,8.087894069202378e-05,0.0008091895838336572
486,486,486,485,870.0057971417117,2.8536219189828627e-05,1.902414612655242e-05,0.0018977817865877937,0.0016264282772230874,-3.35941715056548e-05,0.00013989000441236052,8.087894069202378e-05,0.0008091895838336572
487,487,487,487,870.005796477627,2.8536773208243105e-05,1.902451547216207e-05,0.0018977987064040655,0.0016264475655619866,-3.359394767376428e-05,0.00013989176284946904,8.087727944938033e-05,0.000809191730567495
488,488,488,487,870.005796477627,2.8536773208243105e-05,1.902451547216207e-05,0.0018977987064040655,0.0016264475655619866,-3.359394767376428e-05,0.00013989176284946904,8.087727944938033e-05,0.000809191730567495
489,489,489,489,870.0057954843521,2.85362139401113e-05,1.9024142626740865e-05,0.0018977809899303661,0.0016264293113916,-3.359430979039263e-05,0.00013989051404428616,8.08790582836269e-05,0.0008091898894704063
490,490,490,489,870.0057954843521,2.85362139401113e-05,1.9024142626740865e-05,0.0018977809899303661,0.0016264293113916,-3.359430979039263e-05,0.00013989051404428616,8.08790582836269e-05,0.0008091898894704063
491,491,491,491,870.0057948266594,2.8536660358485788e-05,1.9024440238990525e-05,0.0018977996536796817,0.001626448013368179,-3.359403352500706e-05,0.0001398919112554886,8.087728976585717e-05,0.0008091919175881941
492,492,492,491,870.0057948266594,2.8536660358485788e-05,1.9024440238990525e-05,0.0018977996536796817,0.001626448013368179,-3.359403352500706e-05,0.0001398919112554886,8.087728976585717e-05,0.0008091919175881941
493,493,493,493,870.0057938355728,2.8536207714507933e-05,1.902413847633862e-05,0.00189778279236025,0.0016264297270038974,-3.3594324919915264e-05,0.00013989013652348283,8.08790085988706e-05,0.0008091897435516765
494,494,494,493,870.0057938355728,2.8536207714507933e-05,1.902413847633862e-05,0.00189778279236025,0.0016264297270038974,-3.3594324919915264e-05,0.00013989013652348283,8.08790085988706e-05,0.0008091897435516765
495,495,495,495,870.0057931726028,2.853682885392561e-05,1.9024552569283742e-05,0.0018978003335028614,0.0016264487169867037,-3.359402528747141e-05,0.00013989190026432303,8.087728497585545e-05,0.0008091924597994106
496,496,496,495,870.0057931726028,2.853682885392561e-05,1.9024552569283742e-05,0.0018978003335028614,0.0016264487169867037,-3.359402528747141e-05,0.00013989190026432303,8.087728497585545e-05,0.0008091924597994106
497,497,497,497,870.0057921856987,2.8536165744913466e-05,1.902411049660898e-05,0.001897782776341158,0.0016264298420078786,-3.359441990137546e-05,0.00013989016095821956,8.087901065141623e-05,0.000809189913249751
498,498,498,497,870.0057921856987,2.8536165744913466e-05,1.902411049660898e-05,0.001897782776341158,0.0016264298420078786,-3.359441990137546e-05,0.00013989016095821956,8.087901065141623e-05,0.000809189913249751
499,499,499,499,870.0057915187622,2.853668286456612e-05,1.902445524304408e-05,0.001897800289297105,0.0016264489821402424,-3.3594071458246944e-05,0.00013989186238646368,8.087729533113458e-05,0.0008091919501042437
500,500,500,499,870.0057915187622,2.853668286456612e-05,1.902445524304408e-05,0.001897800289297105,0.0016264489821402424,-3.3594071458246944e-05,0.00013989186238646368,8.087729533113458e-05,0.0008091919501042437
501,501,501,501,870.0057905302622,2.8536175371879358e-05,1.9024116914586237e-05,0.0018977841068296168,0.0016264310471644267,-3.359446710509556e-05,0.00013989029466886693,8.08790270278581e-05,0.0008091899384152968
502,502,502,501,870.0057905302622,2.8536175371879358e-05,1.9024116914586237e-05,0.0018977841068296168,0.0016264310471644267,-3.359446710509556e-05,0.00013989029466886693,8.08790270278581e-05,0.0008091899384152968
503,503,503,503,870.0057898665245,2.8536283190688794e-05,1.902418879379253e-05,0.0018977878532223191,0.0016264449830915761,-3.3594141236242825e-05,0.00013989187678204845,8.087722808702846e-05,0.0008091624543133883
504,504,504,503,870.0057898665245,2.8536283190688794e-05,1.902418879379253e-05,0.0018977878532223191,0.0016264449830915761,-3.3594141236242825e-05,0.00013989187678204845,8.087722808702846e-05,0.0008091624543133883
505,505,505,505,870.0057888810461,2.8536200850970417e-05,1.9024133900646945e-05,0.001897783683904611,0.001626430582439844,-3.359451264169089e-05,0.00013989031581727808,8.087902219380827e-05,0.0008091899143741654
506,506,506,505,870.0057888810461,2.8536200850970417e-05,1.9024133900646945e-05,0.001897783683904611,0.001626430582439844,-3.359451264169089e-05,0.00013989031581727808,8.087902219380827e-05,0.0008091899143741654
507,507,507,507,870.0057882129277,2.853677453470982e-05,1.902451635647321e-05,0.0018977940777459292,0.0016264436546148688,-3.35942011821036e-05,0.00013989184739089962,8.087723234618399e-05,0.0008091921337748284
508,508,508,507,870.0057882129277,2.853677453470982e-05,1.902451635647321e-05,0.0018977940777459292,0.0016264436546148688,-3.35942011821036e-05,0.00013989184739089962,8.087723234618399e-05,0.0008091921337748284
509,509,509,509,870.0057872341373,2.8535805183443896e-05,1.9023870122295932e-05,0.0018977859759472197,0.0016264323341848817,-3.359459110609253e-05,0.0001398904382835071,8.087902198364305e-05,0.000809188478675163
510,510,510,509,870.0057872341373,2.8535805183443896e-05,1.9023870122295932e-05,0.0018977859759472197,0.0016264323341848817,-3.359459110609253e-05,0.0001398904382835071,8.087902198364305e-05,0.000809188478675163
511,511,511,511,870.0057865598831,2.8536818069996306e-05,1.9024545379997537e-05,0.001897800595152455,0.0016264492725704847,-3.359425476892608e-05,0.00013989205168068848,8.087725852905236e-05,0.0008091925450129566
512,512,512,511,870.0057865598831,2.8536818069996306e-05,1.9024545379997537e-05,0.001897800595152455,0.0016264492725704847,-3.359425476892608e-05,0.00013989205168068848,8.087725852905236e-05,0.0008091925450129566
513,513,513,513,870.0057855753626,2.8535809368263054e-05,1.902387291217537e-05,0.0018977858541901797,0.0016264327903228106,-3.35946331921147e-05,0.000139890463309167,8.087903366049004e-05,0.0008091885693368709
514,514,514,513,870.0057855753626,2.8535809368263054e-05,1.902387291217537e-05,0.0018977858541901797,0.0016264327903228106,-3.35946331921147e-05,0.000139890463309167,8.087903366049004e-05,0.0008091885693368709
515,515,515,515,870.0057849085847,2.8536806608830956e-05,1.9024537739220637e-05,0.0018978024203736745,0.0016264509308464678,-3.359430401405489e-05,0.00013989213845201512,8.087729071778321e-05,0.0008091927897469798
516,516,516,515,870.0057849085847,2.8536806608830956e-05,1.9024537739220637e-05,0.0018978024203736745,0.0016264509308464678,-3.359430401405489e-05,0.00013989213845201512,8.087729071778321e-05,0.0008091927897469798
517,517,517,517,870.005783924886,2.8536184119271057e-05,1.9024122746180705e-05,0.0018977851815724295,0.0016264324128888751,-3.359469773710905e-05,0.00013989043075561964,8.08790264485923e-05,0.0008091899469081444
518,518,518,517,870.005783924886,2.8536184119271057e-05,1.9024122746180705e-05,0.0018977851815724295,0.0016264324128888751,-3.359469773710905e-05,0.00013989043075561964,8.08790264485923e-05,0.0008091899469081444
519,519,519,519,870.0057832567572,2.8536808092977095e-05,1.9024538728651397e-05,0.001897799014678702,0.0016264491680886826,-3.359439383612134e-05,0.00013989208144154727,8.087724147036457e-05,0.0008091925720127469
520,520,520,519,870.0057832567572,2.8536808092977095e-05,1.9024538728651397e-05,0.001897799014678702,0.0016264491680886826,-3.359439383612134e-05,0.00013989208144154727,8.087724147036457e-05,0.0008091925720127469
521,521,521,521,870.0057822764411,2.853618317744111e-05,1.9024122118294073e-05,0.0018977831855282558,0.001626431448887299,-3.35947291218372e-05,0.0001398904275759788,8.087902009246833e-05,0.0008091901057718275
522,522,522,521,870.0057822764411,2.853618317744111e-05,1.9024122118294073e-05,0.0018977831855282558,0.001626431448887299,-3.35947291218372e-05,0.0001398904275759788,8.087902009246833e-05,0.0008091901057718275
523,523,523,523,870.005781603681,2.853681855025103e-05,1.902454570016735e-05,0.0018978008614071514,0.0016264497708733479,-3.359446723728149e-05,0.00013989215407738667,8.087735643103056e-05,0.000809192728368855
524,524,524,523,870.005781603681,2.853681855025103e-05,1.902454570016735e-05,0.0018978008614071514,0.0016264497708733479,-3.359446723728149e-05,0.00013989215407738667,8.087735643103056e-05,0.000809192728368855
525,525,525,525,870.0057806210822,2.8536170079224155e-05,1.9024113386149438e-05,0.0018977855588561807,0.0016264330998790664,-3.359479332006726e-05,0.00013989046041759315,8.087901326239016e-05,0.000809190465379482
526,526,526,525,870.0057806210822,2.8536170079224155e-05,1.9024113386149438e-05,0.0018977855588561807,0.0016264330998790664,-3.359479332006726e-05,0.00013989046041759315,8.087901326239016e-05,0.000809190465379482
527,527,527,527,870.0057799513104,2.8536624310820935e-05,1.9024416207213957e-05,0.0018978003814913158,0.0016264499710236602,-3.3594511372497804e-05,0.00013989221917664024,8.087722300294947e-05,0.0008091921099217328
528,528,528,527,870.0057799513104,2.8536624310820935e-05,1.9024416207213957e-05,0.0018978003814913158,0.0016264499710236602,-3.3594511372497804e-05,0.00013989221917664024,8.087722300294947e-05,0.0008091921099217328
529,529,529,529,870.0057789716363,2.8536190730926725e-05,1.902412715395115e-05,0.001897782495265366,0.0016264312688545456,-3.35948775914488e-05,0.00013989048824853846,8.087900366608725e-05,0.0008091901012408401
530,530,530,529,870.0057789716363,2.8536190730926725e-05,1.902412715395115e-05,0.001897782495265366,0.0016264312688545456,-3.35948775914488e-05,0.00013989048824853846,8.087900366608725e-05,0.0008091901012408401
531,531,531,531,870.005778297893,2.853680941033998e-05,1.902453960689332e-05,0.0018977998258779508,0.0016264498926012879,-3.3594562166117115e-05,0.000139892200332415,8.087728509319908e-05,0.0008091926663848846
532,532,532,531,870.005778297893,2.853680941033998e-05,1.902453960689332e-05,0.0018977998258779508,0.0016264498926012879,-3.3594562166117115e-05,0.000139892200332415,8.087728509319908e-05,0.0008091926663848846
533,533,533,533,870.0057773098406,2.8536181082672307e-05,1.902412072178154e-05,0.0018977856529793652,0.0016264332913413088,-3.3594982588917854e-05,0.000139890630774971,8.087908534198246e-05,0.0008091902059795565
534,534,534,533,870.0057773098406,2.8536181082672307e-05,1.902412072178154e-05,0.0018977856529793652,0.0016264332913413088,-3.3594982588917854e-05,0.000139890630774971,8.087908534198246e-05,0.0008091902059795565
535,535,535,535,870.0057766476348,2.8536787670313535e-05,1.9024525113542357e-05,0.0018978009840405084,0.001626451847691783,-3.359457515664244e-05,0.00013989226374536276,8.087725763820247e-05,0.0008091928801405052
536,536,536,535,870.0057766476348,2.8536787670313535e-05,1.9024525113542357e-05,0.0018978009840405084,0.001626451847691783,-3.359457515664244e-05,0.00013989226374536276,8.087725763820247e-05,0.0008091928801405052
537,537,537,537,870.0057756615453,2.853612416281459e-05,1.9024082775209727e-05,0.0018977839866026168,0.0016264324691187583,-3.359500591990083e-05,0.00013989063389465258,8.087907481598572e-05,0.0008091901465572514
538,538,538,537,870.0057756615453,2.853612416281459e-05,1.9024082775209727e-05,0.0018977839866026168,0.0016264324691187583,-3.359500591990083e-05,0.00013989063389465258,8.087907481598572e-05,0.0008091901465572514
539,539,539,539,870.0057749943089,2.8536658876615606e-05,1.902443925107707e-05,0.0018978093545095498,0.001626456325390614,-3.359472201412694e-05,0.000139892523321927,8.087734994771667e-05,0.0008091927318494663
540,540,540,539,870.0057749943089,2.8536658876615606e-05,1.902443925107707e-05,0.0018978093545095498,0.001626456325390614,-3.359472201412694e-05,0.000139892523321927,8.087734994771667e-05,0.0008091927318494663
541,541,541,541,870.0057740117763,2.8536137885060153e-05,1.9024091923373437e-05,0.0018977869474029662,0.0016264346301565744,-3.3595032971033e-05,0.0001398907445292661,8.087904846693778e-05,0.0008091904323354588
542,542,542,541,870.0057740117763,2.8536137885060153e-05,1.9024091923373437e-05,0.0018977869474029662,0.0016264346301565744,-3.3595032971033e-05,0.0001398907445292661,8.087904846693778e-05,0.0008091904323354588
543,543,543,543,870.005773340632,2.8536761944503164e-05,1.9024507963002108e-05,0.0018978010000789962,0.0016264514079615462,-3.3594736458177066e-05,0.00013989237358983983,8.087733352019066e-05,0.0008091930010137379
544,544,544,543,870.005773340632,2.8536761944503164e-05,1.9024507963002108e-05,0.0018978010000789962,0.0016264514079615462,-3.3594736458177066e-05,0.00013989237358983983,8.087733352019066e-05,0.0008091930010137379
545,545,545,545,870.0057723636421,2.853614641823432e-05,1.902409761215621e-05,0.0018977838996356508,0.0016264327908012324,-3.359511823863848e-05,0.00013989067499705507,8.08790369213816e-05,0.0008091902319418315
546,546,546,545,870.0057723636421,2.853614641823432e-05,1.902409761215621e-05,0.0018977838996356508,0.0016264327908012324,-3.359511823863848e-05,0.00013989067499705507,8.08790369213816e-05,0.0008091902319418315
547,547,547,547,870.00577168977,2.8536769458992195e-05,1.9024512972661462e-05,0.0018978019640810185,0.001626452394393792,-3.359481499695671e-05,0.0001398924205833419,8.087735984844274e-05,0.0008091930472857662
548,548,548,547,870.00577168977,2.8536769458992195e-05,1.9024512972661462e-05,0.0018978019640810185,0.001626452394393792,-3.359481499695671e-05,0.0001398924205833419,8.087735984844274e-05,0.0008091930472857662
549,549,549,549,870.0057707153724,2.853615446132829e-05,1.902410297421886e-05,0.00189778742689619,0.001626434831195064,-3.359516061372109e-05,0.00013989081526916494,8.087905879042984e-05,0.0008091904149019533
550,550,550,549,870.0057707153724,2.853615446132829e-05,1.902410297421886e-05,0.00189778742689619,0.001626434831195064,-3.359516061372109e-05,0.00013989081526916494,8.087905879042984e-05,0.0008091904149019533
551,551,551,551,870.0057700351563,2.8536780652094196e-05,1.9024520434729464e-05,0.001897804823219507,0.0016264540839349378,-3.35948112181253e-05,0.00013989249496319328,8.087727202717165e-05,0.0008091931414619792
552,552,552,551,870.0057700351563,2.8536780652094196e-05,1.9024520434729464e-05,0.001897804823219507,0.0016264540839349378,-3.35948112181253e-05,0.00013989249496319328,8.087727202717165e-05,0.0008091931414619792
553,553,553,553,870.0057690633184,2.8535983245148167e-05,1.9023988830098777e-05,0.0018977851380015934,0.0016264339045006047,-3.3595216893618496e-05,0.00013989080426895004,8.087910717670399e-05,0.0008091897710325502
554,554,554,553,870.0057690633184,2.8535983245148167e-05,1.9023988830098777e-05,0.0018977851380015934,0.0016264339045006047,-3.3595216893618496e-05,0.00013989080426895004,8.087910717670399e-05,0.0008091897710325502
555,555,555,555,870.0057683849066,2.8536540454343617e-05,1.9024360302895744e-05,0.0018978033588080256,0.001626453816699533,-3.359486869960321e-05,0.00013989255351293034,8.087730909789315e-05,0.00080919285613497
556,556,556,555,870.0057683849066,2.8536540454343617e-05,1.9024360302895744e-05,0.0018978033588080256,0.001626453816699533,-3.359486869960321e-05,0.00013989255351293034,8.087730909789315e-05,0.00080919285613497
557,557,557,557,870.0057674135257,2.8536084084818114e-05,1.9024056056545408e-05,0.0018977881902336763,0.0016264356986960627,-3.359524162296207e-05,0.00013989091831414753,8.087904393722783e-05,0.0008091905223970565
558,558,558,557,870.0057674135257,2.8536084084818114e-05,1.9024056056545408e-05,0.0018977881902336763,0.0016264356986960627,-3.359524162296207e-05,0.00013989091831414753,8.087904393722783e-05,0.0008091905223970565
559,559,559,559,870.0057667302458,2.853670681202125e-05,1.902447120801417e-05,0.0018978015627642562,0.001626452126571607,-3.359495353703196e-05,0.0001398924969818885,8.087727481881357e-05,0.000809193063678235
560,560,560,559,870.0057667302458,2.853670681202125e-05,1.902447120801417e-05,0.0018978015627642562,0.001626452126571607,-3.359495353703196e-05,0.0001398924969818885,8.087727481881357e-05,0.000809193063678235
561,561,561,561,870.0057657560176,2.8536140227297668e-05,1.9024093484865112e-05,0.0018977834450938308,0.0016264336325039616,-3.359535266780206e-05,0.0001398908570263817,8.087906824030822e-05,0.0008091905002361033
562,562,562,561,870.0057657560176,2.8536140227297668e-05,1.9024093484865112e-05,0.0018977834450938308,0.0016264336325039616,-3.359535266780206e-05,0.0001398908570263817,8.087906824030822e-05,0.0008091905002361033
563,563,563,563,870.0057650788697,2.8536759857367144e-05,1.9024506571578094e-05,0.0018978025266067147,0.0016264531069195187,-3.3595027879272654e-05,0.00013989257858062934,8.087730697935863e-05,0.0008091932026855206
564,564,564,563,870.0057650788697,2.8536759857367144e-05,1.9024506571578094e-05,0.0018978025266067147,0.0016264531069195187,-3.3595027879272654e-05,0.00013989257858062934,8.087730697935863e-05,0.0008091932026855206
565,565,565,565,870.0057641056981,2.853605420929939e-05,1.9024036139532928e-05,0.0018977879867194951,0.001626436539130756,-3.3595373551138785e-05,0.00013989105151184506,8.087906482306256e-05,0.0008091906567445526
566,566,566,565,870.0057641056981,2.853605420929939e-05,1.9024036139532928e-05,0.0018977879867194951,0.001626436539130756,-3.3595373551138785e-05,0.00013989105151184506,8.087906482306256e-05,0.0008091906567445526
567,567,567,567,870.0057634262989,2.8536675291124247e-05,1.902445019408283e-05,0.0018978018920522554,0.0016264524744335346,-3.3595100757850827e-05,0.00013989260427803253,8.087727688484841e-05,0.0008091927714393569
568,568,568,567,870.0057634262989,2.8536675291124247e-05,1.902445019408283e-05,0.0018978018920522554,0.0016264524744335346,-3.3595100757850827e-05,0.00013989260427803253,8.087727688484841e-05,0.0008091927714393569
569,569,569,569,870.0057624580834,2.853597442792344e-05,1.902398295194896e-05,0.0018977864271493706,0.0016264353992678981,-3.35954265677299e-05,0.00013989096042992975,8.087905484706337e-05,0.0008091901324445809
570,570,570,569,870.0057624580834,2.853597442792344e-05,1.902398295194896e-05,0.0018977864271493706,0.0016264353992678981,-3.35954265677299e-05,0.00013989096042992975,8.087905484706337e-05,0.0008091901324445809
571,571,571,571,870.0057617723899,2.8536711870780218e-05,1.9024474580520145e-05,0.0018978044227026354,0.0016264547249916655,-3.35951161746853e-05,0.0001398927244681668,8.087731227401918e-05,0.0008091934017180879
572,572,572,571,870.0057617723899,2.8536711870780218e-05,1.9024474580520145e-05,0.0018978044227026354,0.0016264547249916655,-3.35951161746853e-05,0.0001398927244681668,8.087731227401918e-05,0.0008091934017180879
573,573,573,573,870.005760808411,2.853587516962741e-05,1.9023916779751605e-05,0.0018977850930516546,0.0016264350546145755,-3.359548856472078e-05,0.00013989101553759338,8.087906018645896e-05,0.0008091897705834088
574,574,574,573,870.005760808411,2.853587516962741e-05,1.9023916779751605e-05,0.0018977850930516546,0.0016264350546145755,-3.359548856472078e-05,0.00013989101553759338,8.087906018645896e-05,0.0008091897705834088
575,575,575,575,870.0057601169381,2.853669850075291e-05,1.9024465667168606e-05,0.001897804256821783,0.0016264548379631366,-3.3595201678185416e-05,0.0001398927944857641,8.087735438354338e-05,0.0008091935209708536
576,576,576,575,870.0057601169381,2.853669850075291e-05,1.9024465667168606e-05,0.001897804256821783,0.0016264548379631366,-3.3595201678185416e-05,0.0001398927944857641,8.087735438354338e-05,0.0008091935209708536
577,577,577,577,870.0057591531436,2.8536068882367704e-05,1.902404592157847e-05,0.001897789512896291,0.0016264374516191873,-3.359555676206438e-05,0.00013989113570470283,8.087904585781652e-05,0.0008091907009076552
578,578,578,577,870.0057591531436,2.8536068882367704e-05,1.902404592157847e-05,0.001897789512896291,0.0016264374516191873,-3.359555676206438e-05,0.00013989113570470283,8.087904585781652e-05,0.0008091907009076552
579,579,579,579,870.0057584635276,2.8536602767054164e-05,1.9024401844702776e-05,0.001897803214817398,0.0016264541359578217,-3.3595286584683914e-05,0.00013989277644227302,8.087731232248041e-05,0.0008091933309460461
580,580,580,579,870.0057584635276,2.8536602767054164e-05,1.9024401844702776e-05,0.001897803214817398,0.0016264541359578217,-3.3595286584683914e-05,0.00013989277644227302,8.087731232248041e-05,0.0008091933309460461
581,581,581,581,870.0057574936056,2.8536086944391803e-05,1.902405796292787e-05,0.00189778729443427,0.001626436490858783,-3.359561659886656e-05,0.00013989112385632597,8.087909891194012e-05,0.0008091908593788446
582,582,582,581,870.0057574936056,2.8536086944391803e-05,1.902405796292787e-05,0.00189778729443427,0.001626436490858783,-3.359561659886656e-05,0.00013989112385632597,8.087909891194012e-05,0.0008091908593788446
583,583,583,583,870.0057568112892,2.8536715208138386e-05,1.9024476805425593e-05,0.0018978014251556867,0.0016264535860675442,-3.35953292939159e-05,0.00013989273575400194,8.087727767659009e-05,0.0008091934517704027
584,584,584,583,870.0057568112892,2.8536715208138386e-05,1.9024476805425593e-05,0.0018978014251556867,0.0016264535860675442,-3.35953292939159e-05,0.00013989273575400194,8.087727767659009e-05,0.0008091934517704027
585,585,585,585,870.0057558422078,2.853606048455748e-05,1.9024040323038317e-05,0.001897790848398805,0.0016264389696350064,-3.359571821930779e-05,0.00013989129334676068,8.087910879751165e-05,0.000809191018905749
586,586,586,585,870.0057558422078,2.853606048455748e-05,1.9024040323038317e-05,0.001897790848398805,0.0016264389696350064,-3.359571821930779e-05,0.00013989129334676068,8.087910879751165e-05,0.000809191018905749
587,587,587,587,870.0057551575742,2.853669787600266e-05,1.9024465250668438e-05,0.0018978031854149171,0.0016264550842032624,-3.359539940872569e-05,0.00013989287161136045,8.087741399002979e-05,0.0008091936277577889
588,588,588,587,870.0057551575742,2.853669787600266e-05,1.9024465250668438e-05,0.0018978031854149171,0.0016264550842032624,-3.359539940872569e-05,0.00013989287161136045,8.087741399002979e-05,0.0008091936277577889
589,589,589,589,870.0057541925785,2.8536088233221957e-05,1.902405882214797e-05,0.001897786554472241,0.001626436252760374,-3.359575909652607e-05,0.0001398911897658228,8.087906487029561e-05,0.0008091908745584722
590,590,590,589,870.0057541925785,2.8536088233221957e-05,1.902405882214797e-05,0.001897786554472241,0.001626436252760374,-3.359575909652607e-05,0.0001398911897658228,8.087906487029561e-05,0.0008091908745584722
591,591,591,591,870.0057535014391,2.8536675524798438e-05,1.9024450349865624e-05,0.0018978053439556244,0.0016264562398756466,-3.359543441010249e-05,0.00013989293635922358,8.087732700332029e-05,0.0008091936107653426
592,592,592,591,870.0057535014391,2.8536675524798438e-05,1.9024450349865624e-05,0.0018978053439556244,0.0016264562398756466,-3.359543441010249e-05,0.00013989293635922358,8.087732700332029e-05,0.0008091936107653426
593,593,593,593,870.0057525417137,2.853573287564526e-05,1.902382191709684e-05,0.0018977909428140947,0.0016264398743706958,-3.359582587460913e-05,0.00013989141131759636,8.087911177367263e-05,0.0008091888259807248
594,594,594,593,870.0057525417137,2.853573287564526e-05,1.902382191709684e-05,0.0018977909428140947,0.0016264398743706958,-3.359582587460913e-05,0.00013989141131759636,8.087911177367263e-05,0.0008091888259807248
595,595,595,595,870.0057518481959,2.8536635026638058e-05,1.9024423351092036e-05,0.0018978069186138425,0.0016264573560428027,-3.35954778073258e-05,0.00013989295733039982,8.087729039004538e-05,0.0008091934770535231
596,596,596,595,870.0057518481959,2.8536635026638058e-05,1.9024423351092036e-05,0.0018978069186138425,0.0016264573560428027,-3.35954778073258e-05,0.00013989295733039982,8.087729039004538e-05,0.0008091934770535231
597,597,597,597,870.0057508806151,2.8536069412027354e-05,1.9024046274684903e-05,0.0018977911392816752,0.0016264394978952159,-3.359586917976026e-05,0.00013989140438110437,8.087910026192274e-05,0.0008091912223366172
598,598,598,597,870.0057508806151,2.8536069412027354e-05,1.9024046274684903e-05,0.0018977911392816752,0.0016264394978952159,-3.359586917976026e-05,0.00013989140438110437,8.087910026192274e-05,0.0008091912223366172
599,599,599,599,870.0057501959839,2.8536678458035425e-05,1.902445230535695e-05,0.0018978074047997322,0.0016264581415570813,-3.359555702593664e-05,0.00013989322964118642,8.087737641514908e-05,0.0008091959072991352
