phase,nf,x_index,incumbent_index,active_objective,full_objective,incumbent_active_objective,incumbent_full_objective,active_residuals,active_circuits,new_residuals_revealed,new_circuits_revealed,union_residuals_revealed,union_circuits_revealed,cumulative_eval_residuals,cumulative_eval_circuits,cumulative_shots_revealed,cumulative_eval_shots,shots_per_circuit,fpr_enabled,fpr_use_union_mask,fpr_selected_residuals,fpr_selected_circuits,fpr_new_residuals,fpr_new_circuits,fpr_union_residuals,fpr_union_circuits,delta,ng,rho,rho_active,rho_full,rho_uses_full_objective,mdec,step_norm,accepted
initial,0,0,0,24084.588923060524,380820.28009689,24084.588923060524,380820.28009689,336,168,336,168,336,168,336,168,168000.0,168000.0,1000.0,True,True,336,168,336,168,336,168,0.1,,,,,False,,,True
trial,1,1,1,15663.075905717087,203725.2165702809,15663.075905717087,203725.2165702809,336,168,0,0,336,168,672,336,168000.0,336000.0,1000.0,True,True,336,168,336,168,336,168,0.1,26798.81119051074,29.153355894839354,29.153355894839354,613.0626888039958,False,-288.86942030691534,0.1,True
trial,2,2,1,53661.311256557005,254041.4038330401,40857.51332544464,203725.2165702809,706,353,370,185,706,353,1378,689,353000.0,689000.0,1000.0,True,True,682,341,370,185,706,353,0.2,98381.2968313393,-0.4392312750474689,-0.4392312750474689,-1.7260849636845916,False,-29150.46960107434,0.2,False
trial,3,3,3,23202.096834887067,128163.39806018304,23202.096834887067,128163.39806018304,706,353,0,0,706,353,2084,1042,353000.0,1042000.0,1000.0,True,True,682,341,370,185,706,353,0.1,98381.2968313393,0.6571429520702675,0.6571429520702675,2.812446622603313,False,-26866.934256748602,0.1,True
trial,4,4,3,32785.26340229426,132852.94619259486,32051.338099171597,128163.39806018304,870,435,164,82,870,435,2954,1477,435000.0,1477000.0,1000.0,True,True,476,238,164,82,870,435,0.2,572714.8362148659,-0.03547493997986593,-0.03547493997986593,-0.2266735290664823,False,-20688.556584992297,0.2,False
trial,5,5,5,21131.994222018086,90503.7275975416,21131.994222018086,90503.7275975416,870,435,0,0,870,435,3824,1912,435000.0,1912000.0,1000.0,True,True,476,238,164,82,870,435,0.1,572714.8362148659,0.5541600067943705,0.5541600067943705,1.9112396746764475,False,-19704.315979636005,0.1,True
trial,6,6,5,77316.47424989029,263128.32634901215,27251.589103188664,90503.7275975416,1070,535,200,100,1070,535,4894,2447,535000.0,2447000.0,1000.0,True,True,678,339,200,100,1070,535,0.2,166644.06730061237,-3.5230334529484906,-3.5230334529484906,-12.147480902456598,False,-14210.73226108637,0.2,False
trial,7,7,5,42779.22675164262,155009.02600719332,27251.589103188664,90503.7275975416,1070,535,0,0,1070,535,5964,2982,535000.0,2982000.0,1000.0,True,True,678,339,200,100,1070,535,0.1,166644.06730061237,-1.1470051794006009,-1.1470051794006009,-4.76491743623465,False,-13537.547979136722,0.1,False
trial,8,8,8,22759.965278770975,79635.18602599594,22759.965278770975,79635.18602599594,1070,535,0,0,1070,535,7034,3517,535000.0,3517000.0,1000.0,True,True,678,339,200,100,1070,535,0.05,166644.06730061237,0.3590622161485426,0.3590622161485426,0.8688355872027378,False,-12509.319060626312,0.05,True
trial,9,9,8,50098.135639480795,142272.42825992944,27768.076192923952,79635.18602599594,1226,613,156,78,1226,613,8260,4130,613000.0,4130000.0,1000.0,True,True,680,340,156,78,1226,613,0.1,189695.71104873327,-1.1856396822529605,-1.1856396822529605,-3.3257949965240186,False,-18833.76524993252,0.1,False
trial,10,10,10,20998.60645112575,65150.935357899216,20998.60645112575,65150.935357899216,1226,613,0,0,1226,613,9486,4743,613000.0,4743000.0,1000.0,True,True,680,340,156,78,1226,613,0.05,189695.71104873327,0.3786718621519068,0.3786718621519068,0.8102227178145627,False,-17876.875517839726,0.05,True
trial,11,11,10,52689.09605407846,125725.0354998104,26118.12155053877,65150.935357899216,1362,681,136,68,1362,681,10848,5424,681000.0,5424000.0,1000.0,True,True,680,340,136,68,1362,681,0.1,293402.9990526273,-1.6725617802049833,-1.6725617802049833,-3.8129547997636752,False,-15886.393446275715,0.1,False
trial,12,12,12,25944.390416844602,62566.06378534954,25944.390416844602,62566.06378534954,1362,681,0,0,1362,681,12210,6105,681000.0,6105000.0,1000.0,True,True,680,340,136,68,1362,681,0.05,293402.9990526273,0.011178605884402037,0.011178605884402037,0.16632171768471798,False,-15541.395366356159,0.05,True
trial,13,13,13,16336.899532330874,38113.3838761136,16336.899532330874,38113.3838761136,1436,718,74,37,1436,718,13646,6823,718000.0,6823000.0,1000.0,True,True,682,341,74,37,1436,718,0.025,261054.5030298112,0.6691306344338469,0.6691306344338469,1.5551302361132977,False,-15723.879159053573,0.025,True
trial,14,14,13,23177.793469282224,51938.283356303866,16554.69161852686,38113.3838761136,1542,771,106,53,1542,771,15188,7594,771000.0,7594000.0,1000.0,True,True,686,343,106,53,1542,771,0.05,368534.7961651929,-0.6161024601061594,-0.6161024601061594,-1.2860370823822016,False,-10750.000656731918,0.05,False
trial,15,15,15,12916.67080037735,27915.643306141643,12916.67080037735,27915.643306141643,1542,771,0,0,1542,771,16730,8365,771000.0,8365000.0,1000.0,True,True,686,343,106,53,1542,771,0.025,368534.7961651929,0.369217538497733,0.369217538497733,1.0349541301961778,False,-9853.32612570854,0.025,True
trial,16,16,15,18963.57987381714,43483.115979264534,13367.900882167107,27915.643306141643,1610,805,68,34,1610,805,18340,9170,805000.0,9170000.0,1000.0,True,True,690,345,68,34,1610,805,0.05,386136.43587738054,-0.5402672069135123,-0.5402672069135123,-1.5030517283712959,False,-10357.24345295273,0.05,False
trial,17,17,17,10612.514569667237,21305.576381409766,10612.514569667237,21305.576381409766,1610,805,0,0,1610,805,19950,9975,805000.0,9975000.0,1000.0,True,True,690,345,68,34,1610,805,0.025,386136.43587738054,0.27505648124575455,0.27505648124575455,0.6598500329582304,False,-10017.529127183214,0.025,True
trial,18,18,18,9340.494207787915,20446.714869343483,9340.494207787915,20446.714869343483,1660,830,50,25,1660,830,21610,10805,830000.0,10805000.0,1000.0,True,True,686,343,50,25,1660,830,0.05,448076.12161776406,0.1711189251864415,0.1711189251864415,0.10136626377378476,False,-8472.853591437208,0.05,True
trial,19,19,18,14584.514870135092,38921.93344216376,9610.148102042305,20446.714869343483,1722,861,62,31,1722,861,23332,11666,861000.0,11666000.0,1000.0,True,True,688,344,62,31,1722,861,0.1,248212.3433817656,-0.6922588107483119,-0.6922588107483119,-2.571107727635319,False,-7185.703801610902,0.1,False
trial,20,20,18,10694.810286744185,27542.410928280082,9610.148102042305,20446.714869343483,1722,861,0,0,1722,861,25054,12527,861000.0,12527000.0,1000.0,True,True,688,344,62,31,1722,861,0.05,248212.3433817656,-0.15294288151654178,-0.15294288151654178,-1.000529212620804,False,-7091.9429132408895,0.05,False
trial,21,21,18,9984.725440835566,23037.966808536057,9610.148102042305,20446.714869343483,1722,861,0,0,1722,861,26776,13388,861000.0,13388000.0,1000.0,True,True,688,344,62,31,1722,861,0.025,248212.3433817656,-0.05585054628787575,-0.05585054628787575,-0.38636303210349626,False,-6706.780214154774,0.025,False
trial,22,22,22,5492.936166507051,12382.519178358192,5492.936166507051,12382.519178358192,1722,861,0,0,1722,861,28498,14249,861000.0,14249000.0,1000.0,True,True,688,344,62,31,1722,861,0.0125,248212.3433817656,0.741744026802426,0.741744026802426,1.4528202770248146,False,-5550.718019643631,0.0125,True
trial,23,23,22,7925.3403061357485,16876.475345696323,5504.492181825489,12382.519178358192,1762,881,40,20,1762,881,30260,15130,881000.0,15130000.0,1000.0,True,True,688,344,40,20,1762,881,0.025,212947.71791787192,-0.6113913043377743,-0.6113913043377743,-1.1349599734053835,False,-3959.5723837328537,0.025,False
trial,24,24,24,4543.787407984128,10166.229921644535,4543.787407984128,10166.229921644535,1762,881,0,0,1762,881,32022,16011,881000.0,16011000.0,1000.0,True,True,688,344,40,20,1762,881,0.0125,212947.71791787192,0.29645245944276105,0.29645245944276105,0.6838983409671546,False,-3240.6706142603407,0.0125,True
trial,25,25,25,4494.938442356954,10660.689510151476,4494.938442356954,10660.689510151476,1792,896,30,15,1792,896,33814,16907,896000.0,16907000.0,1000.0,True,True,686,343,30,15,1792,896,0.025,323562.1681916502,0.015337618850213808,0.015337618850213808,-0.13743832679411716,False,-3597.6834121943466,0.025,True
trial,26,26,26,2193.071686915535,4445.579234495051,2193.071686915535,4445.579234495051,1816,908,24,12,1816,908,35630,17815,908000.0,17815000.0,1000.0,True,True,690,345,24,12,1816,908,0.0125,505319.0634924205,0.688963552367598,0.688963552367598,1.5516301273125443,False,-4005.5359626337786,0.0125,True
trial,27,27,27,1597.0766378459443,3013.7650749124687,1597.0766378459443,3013.7650749124687,1828,914,12,6,1828,914,37458,18729,914000.0,18729000.0,1000.0,True,True,686,343,12,6,1828,914,0.025,317045.35875509575,0.45474414428427845,0.45474414428427845,0.7342961444315889,False,-1949.9137649577822,0.025,True
trial,28,28,27,1897.31386545351,3132.054714850357,1606.9789224163649,3013.7650749124687,1838,919,10,5,1838,919,39296,19648,919000.0,19648000.0,1000.0,True,True,688,344,10,5,1838,919,0.05,200691.79077402593,-0.25052051863897407,-0.25052051863897407,-0.10206825825669193,False,-1158.9268001458508,0.04200123345581795,False
trial,29,29,29,871.3989595701559,1602.7261737146723,871.3989595701559,1602.7261737146723,1838,919,0,0,1838,919,41134,20567,919000.0,20567000.0,1000.0,True,True,688,344,10,5,1838,919,0.025,200691.79077402593,0.6347803572785726,0.6347803572785726,1.2176783260524588,False,-1158.7944623866183,0.024486196211797574,True
trial,30,30,29,880.3193810232488,1729.550911303011,875.0773357363471,1602.7261737146723,1850,925,12,6,1850,925,42984,21492,925000.0,21492000.0,1000.0,True,True,688,344,12,6,1850,925,0.05,53832.88598249169,-0.01231099696642553,-0.01231099696642553,-0.29784919325651027,False,-425.80185026425795,0.033732489138842095,False
trial,31,31,31,759.7269208100965,1535.3255429073101,759.7269208100965,1535.3255429073101,1850,925,0,0,1850,925,44834,22417,925000.0,22417000.0,1000.0,True,True,688,344,12,6,1850,925,0.025,53832.88598249169,0.2709048226971918,0.2709048226971918,0.15829293678935918,False,-425.79683070162736,0.02473589004007007,True
trial,32,32,31,804.2796921585841,1590.2166239226567,759.7269208100965,1535.3255429073101,1850,925,0,0,1850,925,46684,23342,925000.0,23342000.0,1000.0,True,True,688,344,0,0,1850,925,0.05,40474.10713411921,-0.14287049676112634,-0.14287049676112634,-0.17602307948648,False,-311.84024944616795,0.025543327597969456,False
trial,33,33,31,770.6801204523445,1536.4312163137924,759.7269208100965,1535.3255429073101,1850,925,0,0,1850,925,48534,24267,925000.0,24267000.0,1000.0,True,True,688,344,0,0,1850,925,0.025,40474.10713411921,-0.03512458791284096,-0.03512458791284096,-0.003545660084481755,False,-311.83852375513857,0.02405209457656147,False
trial,34,34,34,507.51854315431217,1107.452350410153,507.51854315431217,1107.452350410153,1850,925,0,0,1850,925,50384,25192,925000.0,25192000.0,1000.0,True,True,688,344,0,0,1850,925,0.0125,40474.10713411921,0.8119276227945605,0.8119276227945605,1.377440619819032,False,-310.6291380846392,0.0125,True
trial,35,35,34,572.2937134227766,1185.117191995641,507.51854315431217,1107.452350410153,1850,925,0,0,1850,925,52234,26117,925000.0,26117000.0,1000.0,True,True,688,344,0,0,1850,925,0.025,28888.720620394404,-0.9614151668882914,-0.9614151668882914,-1.1527280642381659,False,-67.37481631178673,0.013852287556104924,False
trial,36,36,34,533.8447625832293,1128.6697950560197,507.51854315431217,1107.452350410153,1850,925,0,0,1850,925,54084,27042,925000.0,27042000.0,1000.0,True,True,688,344,0,0,1850,925,0.0125,28888.720620394404,-0.39082537547227475,-0.39082537547227475,-0.314983159381199,False,-67.36056837943154,0.012356210449199568,False
trial,37,37,37,446.08504810120485,1011.1825961984778,446.08504810120485,1011.1825961984778,1850,925,0,0,1850,925,55934,27967,925000.0,27967000.0,1000.0,True,True,688,344,0,0,1850,925,0.00625,28888.720620394404,0.9214801781534293,0.9214801781534293,1.4440114498625511,False,-66.66827622512186,0.00625,True
trial,38,38,37,578.0091049260405,1194.8419058742327,446.08504810120485,1011.1825961984778,1850,925,0,0,1850,925,57784,28892,925000.0,28892000.0,1000.0,True,True,688,344,0,0,1850,925,0.0125,7415.650879184244,-20.824372776755066,-20.824372776755066,-28.990845344360352,False,-6.3350794878246806,0.0125,False
trial,39,39,37,463.55433178470196,1030.7063580028162,446.08504810120485,1011.1825961984778,1850,925,0,0,1850,925,59634,29817,925000.0,29817000.0,1000.0,True,True,688,344,0,0,1850,925,0.00625,7415.650879184244,-2.8428363193157007,-2.8428363193157007,-3.1771685750042677,False,-6.145019171452735,0.00625,False
trial,40,40,40,442.5862373171907,1005.2683804183721,442.5862373171907,1005.2683804183721,1850,925,0,0,1850,925,61484,30742,925000.0,30742000.0,1000.0,True,True,688,344,0,0,1850,925,0.003125,7415.650879184244,0.6003601268776108,0.6003601268776108,1.0148189071408353,False,-5.82785336229936,0.003125,True
trial,41,41,40,475.4093163374116,1050.9220195677467,442.5862373171907,1005.2683804183721,1850,925,0,0,1850,925,63334,31667,925000.0,31667000.0,1000.0,True,True,678,339,0,0,1850,925,0.00625,4710.8072481037525,-11.202684688689148,-11.202684688689148,-15.581820461345497,False,-2.9299297384814302,0.00625,False
trial,42,42,40,443.6922178616909,1006.8736595042527,442.5862373171907,1005.2683804183721,1850,925,0,0,1850,925,65184,32592,925000.0,32592000.0,1000.0,True,True,678,339,0,0,1850,925,0.003125,4710.8072481037525,-0.41188372847899557,-0.41188372847899557,-0.5978299875434624,False,-2.6851765875393134,0.003125,False
trial,43,43,43,441.1421275942812,1002.7057093965859,441.1421275942812,1002.7057093965859,1850,925,0,0,1850,925,67034,33517,925000.0,33517000.0,1000.0,True,True,678,339,0,0,1850,925,0.0015625,4710.8072481037525,0.6579418102700192,0.6579418102700192,1.1675625365941644,False,-2.194889730927481,0.0015625,True
trial,44,44,43,447.08576496621924,1007.5563109457581,444.13606919788106,1002.7057093965859,1860,930,10,5,1860,930,68894,34447,930000.0,34447000.0,1000.0,True,True,688,344,10,5,1860,930,0.003125,2367.4494018356377,-2.238359055005802,-2.238359055005802,-3.6808500782884708,False,-1.3177938372941431,0.003125,False
trial,45,45,43,444.1368815469821,1003.0861002580001,444.13606919788106,1002.7057093965859,1860,930,0,0,1860,930,70754,35377,930000.0,35377000.0,1000.0,True,True,688,344,10,5,1860,930,0.0015625,2367.4494018356377,-0.0006926530964719727,-0.0006926530964719727,-0.32434197032017664,False,-1.1728080119840147,0.0015625,False
trial,46,46,46,443.58860955014507,1002.1625432686006,443.58860955014507,1002.1625432686006,1860,930,0,0,1860,930,72614,36307,930000.0,36307000.0,1000.0,True,True,688,344,10,5,1860,930,0.00078125,2367.4494018356377,0.6601226296876914,0.6601226296876914,0.6549455366175797,False,-0.829330223075367,0.00078125,True
trial,47,47,46,444.06965821502865,1002.936596520463,443.58860955014507,1002.1625432686006,1860,930,0,0,1860,930,74474,37237,930000.0,37237000.0,1000.0,True,True,688,344,0,0,1860,930,0.0015625,847.394188506943,-1.4704172387464702,-1.4704172387464702,-2.36604179230313,False,-0.32715113248650524,0.0015625,False
trial,48,48,48,443.5561429825093,1002.0838223874813,443.5561429825093,1002.0838223874813,1860,930,0,0,1860,930,76334,38167,930000.0,38167000.0,1000.0,True,True,688,344,0,0,1860,930,0.00078125,847.394188506943,0.1489993640970076,0.1489993640970076,0.36127506176595264,False,-0.2178973570291729,0.00078125,True
trial,49,49,48,444.4619277170601,1003.0687169589288,443.5561429825093,1002.0838223874813,1860,930,0,0,1860,930,78194,39097,930000.0,39097000.0,1000.0,True,True,688,344,0,0,1860,930,0.0015625,621.3673448991408,-2.4305120443741064,-2.4305120443741064,-2.6427892047981336,False,-0.3726723908434998,0.0015625,False
trial,50,50,48,443.6094408511148,1002.1291041863889,443.5561429825093,1002.0838223874813,1860,930,0,0,1860,930,80054,40027,930000.0,40027000.0,1000.0,True,True,688,344,0,0,1860,930,0.00078125,621.3673448991408,-0.23021948483934274,-0.23021948483934274,-0.19559417083376548,False,-0.2315089387099674,0.00078125,False
trial,51,51,51,443.49684443754904,1001.9450302041464,443.49684443754904,1001.9450302041464,1860,930,0,0,1860,930,81914,40957,930000.0,40957000.0,1000.0,True,True,688,344,0,0,1860,930,0.000390625,621.3673448991408,0.45526488983513186,0.45526488983513186,1.06557771524215,False,-0.13025064371146813,0.000390625,True
trial,52,52,51,443.6597036607565,1002.1698226272217,443.49684443754904,1001.9450302041464,1860,930,0,0,1860,930,83774,41887,930000.0,41887000.0,1000.0,True,True,688,344,0,0,1860,930,0.00078125,228.81812872674664,-1.1034935198132545,-1.1034935198132545,-1.5231374513601443,False,-0.14758511969788227,0.00078125,False
trial,53,53,53,443.4889657376378,1001.972013217775,443.4889657376378,1001.972013217775,1860,930,0,0,1860,930,85634,42817,930000.0,42817000.0,1000.0,True,True,688,344,0,0,1860,930,0.000390625,228.81812872674664,0.09806114064009251,0.09806114064009251,-0.33584031935903036,False,-0.08034477122977929,0.000390625,True
trial,54,54,53,443.6844048972454,1002.243644783533,443.4889657376378,1001.972013217775,1860,930,0,0,1860,930,87494,43747,930000.0,43747000.0,1000.0,True,True,688,344,0,0,1860,930,0.00078125,327.0833980727439,-1.5326034664278156,-1.5326034664278156,-2.130092454898671,False,-0.12752102150931222,0.00078125,False
trial,55,55,53,443.4945317817315,1002.0084202434622,443.4889657376378,1001.972013217775,1860,930,0,0,1860,930,89354,44677,930000.0,44677000.0,1000.0,True,True,688,344,0,0,1860,930,0.000390625,327.0833980727439,-0.08191770747719132,-0.08191770747719132,-0.5358168261230768,False,-0.06794677567437454,0.000390625,False
trial,56,56,56,443.4713321986948,1001.9201809657036,443.4713321986948,1001.9201809657036,1860,930,0,0,1860,930,91214,45607,930000.0,45607000.0,1000.0,True,True,688,344,0,0,1860,930,0.0001953125,327.0833980727439,0.49423768500208787,0.49423768500208787,1.45276863340389,False,-0.03567825659203853,0.0001953125,True
trial,57,57,57,445.36345166238635,1001.1048107381638,445.36345166238635,1001.1048107381638,1872,936,12,6,1872,936,93086,46543,936000.0,46543000.0,1000.0,True,True,688,344,12,6,1872,936,0.000390625,4621.561445856972,0.4894744961072527,0.4894744961072527,5.924493420846324,False,-0.13762699519097868,0.000390625,True
trial,58,58,57,445.456596084928,1001.4419673886591,445.36345166238635,1001.1048107381638,1872,936,0,0,1872,936,94958,47479,936000.0,47479000.0,1000.0,True,True,688,344,0,0,1872,936,0.00078125,273.961941880235,-0.5225503621576545,-0.5225503621576545,-1.891485555578593,False,-0.17824965646761004,0.00078125,False
trial,59,59,59,445.32743000596884,1001.194501787179,445.32743000596884,1001.194501787179,1872,936,0,0,1872,936,96830,48415,936000.0,48415000.0,1000.0,True,True,688,344,0,0,1872,936,0.000390625,273.961941880235,0.3594126474499516,0.3594126474499516,-0.8949088016795101,False,-0.10022367513523175,0.000390625,True
trial,60,60,59,449.927993724073,1001.3032332672849,449.85863050962735,1001.194501787179,1884,942,12,6,1884,942,98714,49357,942000.0,49357000.0,1000.0,True,True,688,344,12,6,1884,942,0.00078125,898.9784921498824,-0.4729102552392505,-0.4729102552392505,-0.7413184700329046,False,-0.1466731027234358,0.00078125,False
trial,61,61,61,449.7834728247867,1001.1803582448343,449.7834728247867,1001.1803582448343,1884,942,0,0,1884,942,100598,50299,942000.0,50299000.0,1000.0,True,True,688,344,12,6,1884,942,0.000390625,898.9784921498824,0.635786594219253,0.635786594219253,0.11964544459508857,False,-0.11821212577299899,0.000390625,True
trial,62,62,61,449.92469308183945,1001.4713282214495,449.7834728247867,1001.1803582448343,1884,942,0,0,1884,942,102482,51241,942000.0,51241000.0,1000.0,True,True,688,344,0,0,1884,942,0.00078125,201.19138340199626,-1.1016445336854657,-1.1016445336854657,-2.269826517062781,False,-0.12819040328761552,0.00078125,False
trial,63,63,63,449.77556810852866,1001.3094656939106,449.77556810852866,1001.3094656939106,1884,942,0,0,1884,942,104366,52183,942000.0,52183000.0,1000.0,True,True,688,344,0,0,1884,942,0.000390625,201.19138340199626,0.11508468093244477,0.11508468093244477,-1.8796739943458496,False,-0.06868608570669603,0.000390625,True
trial,64,64,63,449.9372158611108,1001.4007127568483,449.77556810852866,1001.3094656939106,1884,942,0,0,1884,942,106250,53125,942000.0,53125000.0,1000.0,True,True,688,344,0,0,1884,942,0.00078125,308.4656960214415,-1.5505435363612219,-1.5505435363612219,-0.8752521540813939,False,-0.10425231461833454,0.00078125,False
trial,65,65,63,449.7791517639162,1001.2886834348933,449.77556810852866,1001.3094656939106,1884,942,0,0,1884,942,108134,54067,942000.0,54067000.0,1000.0,True,True,688,344,0,0,1884,942,0.000390625,308.4656960214415,-0.06311788835965261,-0.06311788835965261,0.36603193182884286,False,-0.056777174913366535,0.000390625,False
trial,66,66,66,449.76037507065274,1001.2574379506373,449.76037507065274,1001.2574379506373,1884,942,0,0,1884,942,110018,55009,942000.0,55009000.0,1000.0,True,True,688,344,0,0,1884,942,0.0001953125,308.4656960214415,0.5037399379462101,0.5037399379462101,1.7250303976102723,False,-0.03016047911122714,0.0001953125,True
trial,67,67,66,449.8020910138149,1001.257694918198,449.76037507065274,1001.2574379506373,1884,942,0,0,1884,942,111902,55951,942000.0,55951000.0,1000.0,True,True,688,344,0,0,1884,942,0.000390625,72.41678004879432,-1.5101918143816293,-1.5101918143816293,-0.009302685673189552,False,-0.02762294349955876,0.000390625,False
trial,68,68,66,449.76293398298094,1001.2531821763346,449.76037507065274,1001.2574379506373,1884,942,0,0,1884,942,113786,56893,942000.0,56893000.0,1000.0,True,True,688,344,0,0,1884,942,0.0001953125,72.41678004879432,-0.17978866142551544,-0.17978866142551544,0.2990098397583802,False,-0.014232890483238978,0.0001953125,False
trial,69,69,69,449.7572818486892,1001.2512836060214,449.7572818486892,1001.2512836060214,1884,942,0,0,1884,942,115670,57835,942000.0,57835000.0,1000.0,True,True,688,344,0,0,1884,942,9.765625e-05,72.41678004879432,0.4253584256606383,0.4253584256606383,0.8463027767333352,False,-0.007272036421332193,9.765625e-05,True
trial,70,70,69,449.76108622367633,1001.2641590651536,449.7572818486892,1001.2512836060214,1884,942,0,0,1884,942,117554,58777,942000.0,58777000.0,1000.0,True,True,688,344,0,0,1884,942,0.0001953125,27.070218351898696,-0.4494990288136134,-0.4494990288136134,-1.5212765290189258,False,-0.00846358889173411,0.0001953125,False
trial,71,71,71,449.75606243748217,1001.2555883723921,449.75606243748217,1001.2555883723921,1884,942,0,0,1884,942,119438,59719,942000.0,59719000.0,1000.0,True,True,688,344,0,0,1884,942,9.765625e-05,27.070218351898696,0.28152459645012395,0.28152459645012395,-0.9938383445511669,False,-0.004331455305938379,9.765625e-05,True
trial,72,72,71,449.7651887901929,1001.2636342557332,449.75606243748217,1001.2555883723921,1884,942,0,0,1884,942,121322,60661,942000.0,60661000.0,1000.0,True,True,688,344,0,0,1884,942,0.0001953125,23.959751423992124,-0.941471680938602,-0.941471680938602,-0.8300107999184705,False,-0.009693709216643144,0.0001953125,False
trial,73,73,73,449.75585026447607,1001.2578232354238,449.75585026447607,1001.2578232354238,1884,942,0,0,1884,942,123206,61603,942000.0,61603000.0,1000.0,True,True,688,344,0,0,1884,942,9.765625e-05,23.959751423992124,0.04328743179936717,0.04328743179936717,-0.45595565071196664,False,-0.004901492125665407,9.765625e-05,True
trial,74,74,74,449.7544630250667,1001.2580306476385,449.7544630250667,1001.2580306476385,1884,942,0,0,1884,942,125090,62545,942000.0,62545000.0,1000.0,True,True,688,344,0,0,1884,942,4.8828125e-05,30.471949213575133,0.5422616461711319,0.5422616461711319,-0.08107590387993215,False,-0.0025582473316664335,4.8828125e-05,True
trial,75,75,75,449.75409465445864,1001.2589964526815,449.75409465445864,1001.2589964526815,1884,942,0,0,1884,942,126974,63487,942000.0,63487000.0,1000.0,True,True,688,344,0,0,1884,942,9.765625e-05,13.068587421941318,0.1307838880020531,0.1307838880020531,-0.34289309681412494,False,-0.002816636006707114,9.765625e-05,True
trial,76,76,75,449.7566395361021,1001.269819826532,449.75409465445864,1001.2589964526815,1884,942,0,0,1884,942,128858,64429,942000.0,64429000.0,1000.0,True,True,688,344,0,0,1884,942,0.0001953125,20.524634514346015,-0.261799721116294,-0.261799721116294,-1.1134334136369406,False,-0.009720719459218815,0.0001953125,False
trial,77,77,77,449.75224783120643,1001.264169520728,449.75224783120643,1001.264169520728,1884,942,0,0,1884,942,130742,65371,942000.0,65371000.0,1000.0,True,True,688,344,0,0,1884,942,9.765625e-05,20.524634514346015,0.3756672713680334,0.3756672713680334,-1.052267646803379,False,-0.00491611431968185,9.765625e-05,True
trial,78,78,77,449.75719783109076,1001.2660627921773,449.75224783120643,1001.264169520728,1884,942,0,0,1884,942,132626,66313,942000.0,66313000.0,1000.0,True,True,688,344,0,0,1884,942,0.0001953125,15.657389691094743,-1.0113854226888321,-1.0113854226888321,-0.38683377570122723,False,-0.00489427647787503,0.0001953125,False
trial,79,79,79,449.7522380695865,1001.2644306796044,449.7522380695865,1001.2644306796044,1884,942,0,0,1884,942,134510,67255,942000.0,67255000.0,1000.0,True,True,688,344,0,0,1884,942,9.765625e-05,15.657389691094743,0.003935908656766571,0.003935908656766571,-0.10529988762447447,False,-0.0024801439227271653,9.765625e-05,True
trial,80,80,80,449.7510772750075,1001.2645490388877,449.7510772750075,1001.2645490388877,1884,942,0,0,1884,942,136394,68197,942000.0,68197000.0,1000.0,True,True,688,344,0,0,1884,942,4.8828125e-05,19.453536359801724,0.5080210105689784,0.5080210105689784,-0.051799865198712915,False,-0.0022849341953263707,4.8828125e-05,True
trial,81,81,80,449.7517531718996,1001.2661590492429,449.7510772750075,1001.2645490388877,1884,942,0,0,1884,942,138278,69139,942000.0,69139000.0,1000.0,True,True,688,344,0,0,1884,942,9.765625e-05,14.801579090602345,-0.1959226208180902,-0.1959226208180902,-0.4666946275560546,False,-0.0034498154898946263,9.765625e-05,False
trial,82,82,82,449.7503813041579,1001.2655443301169,449.7503813041579,1001.2655443301169,1884,942,0,0,1884,942,140162,70081,942000.0,70081000.0,1000.0,True,True,688,344,0,0,1884,942,4.8828125e-05,14.801579090602345,0.40242424549970385,0.40242424549970385,-0.5754972671220062,False,-0.0017294456221331484,4.8828125e-05,True
trial,83,83,82,449.7515908810433,1001.2678608071066,449.7503813041579,1001.2655443301169,1884,942,0,0,1884,942,142046,71023,942000.0,71023000.0,1000.0,True,True,688,344,0,0,1884,942,9.765625e-05,8.371599675781507,-0.6597049322210324,-0.6597049322210324,-1.263409803800566,False,-0.001833511963187437,9.765625e-05,False
trial,84,84,84,449.75022091923177,1001.2665001554748,449.75022091923177,1001.2665001554748,1884,942,0,0,1884,942,143930,71965,942000.0,71965000.0,1000.0,True,True,688,344,0,0,1884,942,4.8828125e-05,8.371599675781507,0.17422237822099818,0.17422237822099818,-1.0382906364440747,False,-0.000920575920019009,4.8828125e-05,True
trial,85,85,84,449.75240562338297,1001.2663988214131,449.75022091923177,1001.2665001554748,1884,942,0,0,1884,942,145814,72907,942000.0,72907000.0,1000.0,True,True,688,344,0,0,1884,942,9.765625e-05,8.362124878809535,-0.9462389506030634,-0.9462389506030634,0.043889803636391,False,-0.002308829233685922,9.765625e-05,False
trial,86,86,86,449.7501876456375,1001.2666348124721,449.7501876456375,1001.2666348124721,1884,942,0,0,1884,942,147698,73849,942000.0,73849000.0,1000.0,True,True,688,344,0,0,1884,942,4.8828125e-05,8.362124878809535,0.028781615177940624,0.028781615177940624,-0.11647812515980743,False,-0.0011560711265746755,4.8828125e-05,True
trial,87,87,87,449.74972332697666,1001.2667837303911,449.74972332697666,1001.2667837303911,1884,942,0,0,1884,942,149582,74791,942000.0,74791000.0,1000.0,True,True,688,344,0,0,1884,942,2.44140625e-05,14.455921836836794,0.6342674793382939,0.6342674793382939,-0.20342450361963074,False,-0.0007320549704080024,2.44140625e-05,True
trial,88,88,87,449.74993863769214,1001.268493241875,449.74972332697666,1001.2667837303911,1884,942,0,0,1884,942,151466,75733,942000.0,75733000.0,1000.0,True,True,688,344,0,0,1884,942,4.8828125e-05,8.170172237592018,-0.22178333369593334,-0.22178333369593334,-1.7609024012378263,False,-0.0009708155788235103,4.8828125e-05,False
trial,89,89,89,449.7495339612922,1001.2680422022504,449.7495339612922,1001.2680422022504,1884,942,0,0,1884,942,153350,76675,942000.0,76675000.0,1000.0,True,True,688,344,0,0,1884,942,2.44140625e-05,8.170172237592018,0.38977625203205746,0.38977625203205746,-2.5903449503693685,False,-0.0004858317650295813,2.44140625e-05,True
trial,90,90,90,449.74950627437426,1001.2682325215317,449.74950627437426,1001.2682325215317,1884,942,0,0,1884,942,155234,77617,942000.0,77617000.0,1000.0,True,True,688,344,0,0,1884,942,4.8828125e-05,4.34328411470414,0.04087682010961455,0.04087682010961455,-0.28098638668271564,False,-0.0006773256296157762,4.8828125e-05,True
trial,91,91,91,449.7491185800125,1001.2692264488948,449.7491185800125,1001.2692264488948,1884,942,0,0,1884,942,157118,78559,942000.0,78559000.0,1000.0,True,True,688,344,0,0,1884,942,2.44140625e-05,8.38838619265509,0.662554421798035,0.662554421798035,-1.6985827867375805,False,-0.0005851509687040134,2.44140625e-05,True
trial,92,92,91,449.74954074735695,1001.2700031089188,449.7491185800125,1001.2692264488948,1884,942,0,0,1884,942,159002,79501,942000.0,79501000.0,1000.0,True,True,688,344,0,0,1884,942,4.8828125e-05,4.178820857262219,-0.669069420805079,-0.669069420805079,-1.2308850490277106,False,-0.0006309768931255595,4.8828125e-05,False
trial,93,93,93,449.749066348327,1001.2691783240577,449.749066348327,1001.2691783240577,1884,942,0,0,1884,942,160886,80443,942000.0,80443000.0,1000.0,True,True,688,344,0,0,1884,942,2.44140625e-05,4.178820857262219,0.16539732526718096,0.16539732526718096,0.1523925418351706,False,-0.0003157952248079339,2.44140625e-05,True
trial,94,94,93,449.749283798596,1001.2703969223045,449.749066348327,1001.2691783240577,1884,942,0,0,1884,942,162770,81385,942000.0,81385000.0,1000.0,True,True,688,344,0,0,1884,942,4.8828125e-05,6.299844268026455,-0.281381013887691,-0.281381013887691,-1.5768681811006149,False,-0.0007727965224630572,4.8828125e-05,False
trial,95,95,95,449.7489289399496,1001.2698131340379,449.7489289399496,1001.2698131340379,1884,942,0,0,1884,942,164654,82327,942000.0,82327000.0,1000.0,True,True,688,344,0,0,1884,942,2.44140625e-05,6.299844268026455,0.3552349244762597,0.3552349244762597,-1.6411421170652076,False,-0.00038680987683446626,2.44140625e-05,True
trial,96,96,95,449.7490685564004,1001.2708917526938,449.7489289399496,1001.2698131340379,1884,942,0,0,1884,942,166538,83269,942000.0,83269000.0,1000.0,True,True,688,344,0,0,1884,942,4.8828125e-05,4.389357786338794,-0.215004426142008,-0.215004426142008,-1.6610348124870646,False,-0.0006493654725450261,4.8828125e-05,False
trial,97,97,97,449.7488011809503,1001.2705170798349,449.7488011809503,1001.2705170798349,1884,942,0,0,1884,942,168422,84211,942000.0,84211000.0,1000.0,True,True,688,344,0,0,1884,942,2.44140625e-05,4.389357786338794,0.393012232943258,0.393012232943258,-2.1654780564052,False,-0.0003250763936015543,2.44140625e-05,True
trial,98,98,97,449.7493913437581,1001.2710299958003,449.7488011809503,1001.2705170798349,1884,942,0,0,1884,942,170306,85153,942000.0,85153000.0,1000.0,True,True,688,344,0,0,1884,942,4.8828125e-05,3.810025189090451,-0.992684560546588,-0.992684560546588,-0.8627513509321219,False,-0.0005945119237648686,4.8828125e-05,False
trial,99,99,99,449.7487998737991,1001.2708752134799,449.7487998737991,1001.2708752134799,1884,942,0,0,1884,942,172190,86095,942000.0,86095000.0,1000.0,True,True,688,344,0,0,1884,942,2.44140625e-05,3.810025189090451,0.004395743306723228,0.004395743306723228,-1.2043469644282174,False,-0.0002973674992343192,2.44140625e-05,True
trial,100,100,100,449.7486375433445,1001.2712201964946,449.7486375433445,1001.2712201964946,1884,942,0,0,1884,942,174074,87037,942000.0,87037000.0,1000.0,True,True,688,344,0,0,1884,942,1.220703125e-05,6.899879510424422,0.6868627583320812,0.6868627583320812,-1.4597136785476292,False,-0.0002363360840734953,1.220703125e-05,True
trial,101,101,100,449.7486888819548,1001.2717720593142,449.7486375433445,1001.2712201964946,1884,942,0,0,1884,942,175958,87979,942000.0,87979000.0,1000.0,True,True,688,344,0,0,1884,942,2.44140625e-05,3.2783028026686267,-0.2414565487369296,-0.2414565487369296,-2.595529777221827,False,-0.000212620492539619,2.44140625e-05,False
trial,102,102,102,449.748597399285,1001.271501731545,449.748597399285,1001.271501731545,1884,942,0,0,1884,942,177842,88921,942000.0,88921000.0,1000.0,True,True,688,344,0,0,1884,942,1.220703125e-05,3.2783028026686267,0.3773151816862584,0.3773151816862584,-2.6461561199109442,False,-0.00010639396830898658,1.220703125e-05,True
trial,103,103,102,449.7486314766335,1001.271878990861,449.748597399285,1001.271501731545,1884,942,0,0,1884,942,179726,89863,942000.0,89863000.0,1000.0,True,True,688,344,0,0,1884,942,2.44140625e-05,3.2395685943158568,-0.14758840783431604,-0.14758840783431604,-1.6339035842168201,False,-0.00023089447849969512,2.44140625e-05,False
trial,104,104,104,449.74854796030803,1001.2717195483415,449.74854796030803,1001.2717195483415,1884,942,0,0,1884,942,181610,90805,942000.0,90805000.0,1000.0,True,True,688,344,0,0,1884,942,1.220703125e-05,3.2395685943158568,0.4278801277455329,0.4278801277455329,-1.8851417323061934,False,-0.00011554398949873805,1.220703125e-05,True
trial,105,105,104,449.7485985197106,1001.2719870300208,449.74854796030803,1001.2717195483415,1884,942,0,0,1884,942,183494,91747,942000.0,91747000.0,1000.0,True,True,688,344,0,0,1884,942,2.44140625e-05,3.2827901720928683,-0.23769281846336193,-0.23769281846336193,-1.2575005050302988,False,-0.00021270900349225816,2.44140625e-05,False
trial,106,106,106,449.74850784163397,1001.271761590734,449.74850784163397,1001.271761590734,1884,942,0,0,1884,942,185378,92689,942000.0,92689000.0,1000.0,True,True,688,344,0,0,1884,942,1.220703125e-05,3.2827901720928683,0.37721924645172983,0.37721924645172983,-0.3953071723956896,False,-0.00010635373046838702,1.220703125e-05,True
trial,107,107,106,449.7485402382896,1001.2723808895731,449.74850784163397,1001.271761590734,1884,942,0,0,1884,942,187262,93631,942000.0,93631000.0,1000.0,True,True,688,344,0,0,1884,942,2.44140625e-05,3.2503531433601265,-0.1399658828623547,-0.1399658828623547,-2.6756066978323148,False,-0.00023146108868872132,2.44140625e-05,False
trial,108,108,108,449.7484582389103,1001.2722916779692,449.7484582389103,1001.2722916779692,1884,942,0,0,1884,942,189146,94573,942000.0,94573000.0,1000.0,True,True,688,344,0,0,1884,942,1.220703125e-05,3.2503531433601265,0.42823845540389355,0.42823845540389355,-4.576436979251991,False,-0.00011582968095854002,1.220703125e-05,True
trial,109,109,108,449.748509126185,1001.2724484712446,449.7484582389103,1001.2722916779692,1884,942,0,0,1884,942,191030,95515,942000.0,95515000.0,1000.0,True,True,688,344,0,0,1884,942,2.44140625e-05,3.279514932481911,-0.23878923384339035,-0.23878923384339035,-0.7357545933910004,False,-0.0002131053979755654,2.44140625e-05,False
trial,110,110,110,449.7484177798582,1001.2724231434418,449.7484177798582,1001.2724231434418,1884,942,0,0,1884,942,192914,96457,942000.0,96457000.0,1000.0,True,True,688,344,0,0,1884,942,1.220703125e-05,3.279514932481911,0.3792616500351516,0.3792616500351516,-1.2323524513082749,False,-0.00010667846884055748,1.220703125e-05,True
trial,111,111,110,449.7484506939659,1001.2730701544151,449.7484177798582,1001.2724231434418,1884,942,0,0,1884,942,194798,97399,942000.0,97399000.0,1000.0,True,True,688,344,0,0,1884,942,2.44140625e-05,3.240472697846683,-0.14188318492174548,-0.14188318492174548,-2.789076903989387,False,-0.00023198032740770822,2.44140625e-05,False
trial,112,112,112,449.74836795129863,1001.2726541644374,449.74836795129863,1001.2726541644374,1884,942,0,0,1884,942,196682,98341,942000.0,98341000.0,1000.0,True,True,688,344,0,0,1884,942,1.220703125e-05,3.240472697846683,0.4294449929307181,0.4294449929307181,-1.9910431034018028,False,-0.00011603013278602259,1.220703125e-05,True
trial,113,113,112,449.7484181384091,1001.2730610005682,449.74836795129863,1001.2726541644374,1884,942,0,0,1884,942,198566,99283,942000.0,99283000.0,1000.0,True,True,688,344,0,0,1884,942,2.44140625e-05,3.279158453443251,-0.2349949111400773,-0.2349949111400773,-1.9049596509486484,False,-0.00021356679684104177,2.44140625e-05,False
trial,114,114,114,449.7483272852154,1001.2728800112625,449.7483272852154,1001.2728800112625,1884,942,0,0,1884,942,200450,100225,942000.0,100225000.0,1000.0,True,True,688,344,0,0,1884,942,1.220703125e-05,3.279158453443251,0.38055655139231165,0.38055655139231165,-2.1134931630194744,False,-0.0001068595011386537,1.220703125e-05,True
trial,115,115,114,449.74835987921546,1001.2733313030135,449.7483272852154,1001.2728800112625,1884,942,0,0,1884,942,202334,101167,942000.0,101167000.0,1000.0,True,True,688,344,0,0,1884,942,2.44140625e-05,3.2442838728883094,-0.1403318262505686,-0.1403318262505686,-1.9430139127580188,False,-0.00023226377744509712,2.44140625e-05,False
trial,116,116,116,449.7482772245872,1001.2730779584867,449.7482772245872,1001.2730779584867,1884,942,0,0,1884,942,204218,102109,942000.0,102109000.0,1000.0,True,True,688,344,0,0,1884,942,1.220703125e-05,3.2442838728883094,0.43066058033676324,0.43066058033676324,-1.7028964581018684,False,-0.00011624149155356158,1.220703125e-05,True
trial,117,117,116,449.7483261955754,1001.2734262519724,449.7482772245872,1001.2730779584867,1884,942,0,0,1884,942,206102,103051,942000.0,103051000.0,1000.0,True,True,688,344,0,0,1884,942,2.44140625e-05,3.286578376622499,-0.2289038905178038,-0.2289038905178038,-1.6280197084161905,False,-0.00021393689761338173,2.44140625e-05,False
trial,118,118,118,449.7482363691417,1001.2732212956415,449.7482363691417,1001.2732212956415,1884,942,0,0,1884,942,207986,103993,942000.0,103993000.0,1000.0,True,True,688,344,0,0,1884,942,1.220703125e-05,3.286578376622499,0.3817043283372343,0.3817043283372343,-1.3391706230258056,False,-0.00010703427354014849,1.220703125e-05,True
trial,119,119,118,449.74826847050247,1001.2737541477937,449.7482363691417,1001.2732212956415,1884,942,0,0,1884,942,209870,104935,942000.0,104935000.0,1000.0,True,True,688,344,0,0,1884,942,2.44140625e-05,3.244058662457271,-0.13796469426818544,-0.13796469426818544,-2.2900831148727447,False,-0.00023267808437091384,2.44140625e-05,False
trial,120,120,120,449.7481861095975,1001.2734680857088,449.7481861095975,1001.2734680857088,1884,942,0,0,1884,942,211754,105877,942000.0,105877000.0,1000.0,True,True,688,344,0,0,1884,942,1.220703125e-05,3.244058662457271,0.4316671855200582,0.4316671855200582,-2.1196207700218492,False,-0.00011643123656769383,1.220703125e-05,True
trial,121,121,120,449.74823658131396,1001.2737515478816,449.7481861095975,1001.2734680857088,1884,942,0,0,1884,942,213638,106819,942000.0,106819000.0,1000.0,True,True,688,344,0,0,1884,942,2.44140625e-05,3.287047716861169,-0.23553708173556234,-0.23553708173556234,-1.3228369795286212,False,-0.0002142835263611361,2.44140625e-05,False
trial,122,122,122,449.748145066927,1001.2736008632553,449.748145066927,1001.2736008632553,1884,942,0,0,1884,942,215522,107761,942000.0,107761000.0,1000.0,True,True,688,344,0,0,1884,942,1.220703125e-05,3.287047716861169,0.3827887148828285,0.3827887148828285,-1.2383635317262205,False,-0.00010722016844577281,1.220703125e-05,True
trial,123,123,122,449.74817683935123,1001.2740270345048,449.748145066927,1001.2736008632553,1884,942,0,0,1884,942,217406,108703,942000.0,108703000.0,1000.0,True,True,688,344,0,0,1884,942,2.44140625e-05,3.2462501767263494,-0.13636791532933593,-0.13636791532933593,-1.8291359973414425,False,-0.00023299046660295254,2.44140625e-05,False
trial,124,124,124,449.748094611311,1001.273879644587,449.748094611311,1001.273879644587,1884,942,0,0,1884,942,219290,109645,942000.0,109645000.0,1000.0,True,True,688,344,0,0,1884,942,1.220703125e-05,3.2462501767263494,0.4326684745536686,0.4326684745536686,-2.390613831755134,False,-0.00011661495807271696,1.220703125e-05,True
trial,125,125,124,449.74814316451284,1001.2741044042218,449.748094611311,1001.273879644587,1884,942,0,0,1884,942,221174,110587,942000.0,110587000.0,1000.0,True,True,688,344,0,0,1884,942,2.44140625e-05,3.2872861043998527,-0.2262287452107902,-0.2262287452107902,-1.0472448408873976,False,-0.00021461994940083612,2.44140625e-05,False
trial,126,126,126,449.74805333589563,1001.2740007676539,449.74805333589563,1001.2740007676539,1884,942,0,0,1884,942,223058,111529,942000.0,111529000.0,1000.0,True,True,688,344,0,0,1884,942,1.220703125e-05,3.2872861043998527,0.3842033358474556,0.3842033358474556,-1.1274480444165613,False,-0.0001074311738204184,1.220703125e-05,True
trial,127,127,126,449.74808461189264,1001.274456223732,449.74805333589563,1001.2740007676539,1884,942,0,0,1884,942,224942,112471,942000.0,112471000.0,1000.0,True,True,688,344,0,0,1884,942,2.44140625e-05,3.247209350227205,-0.1339876977081427,-0.1339876977081427,-1.9511931566482166,False,-0.00023342439296963335,2.44140625e-05,False
trial,128,128,128,449.7480026826269,1001.2743288657326,449.7480026826269,1001.2743288657326,1884,942,0,0,1884,942,226826,113413,942000.0,113413000.0,1000.0,True,True,688,344,0,0,1884,942,1.220703125e-05,3.247209350227205,0.4336595619010412,0.4336595619010412,-2.808957303150849,False,-0.00011680422424770424,1.220703125e-05,True
trial,129,129,128,449.7480509529263,1001.2745046365242,449.7480026826269,1001.2743288657326,1884,942,0,0,1884,942,228710,114355,942000.0,114355000.0,1000.0,True,True,688,344,0,0,1884,942,2.44140625e-05,3.3095918471479755,-0.2244714923992726,-0.2244714923992726,-0.8173873460469017,False,-0.0002150397756867001,2.44140625e-05,False
trial,130,130,130,449.7479613012739,1001.2740900866908,449.7479613012739,1001.2740900866908,1884,942,0,0,1884,942,230594,115297,942000.0,115297000.0,1000.0,True,True,688,344,0,0,1884,942,1.220703125e-05,3.3095918471479755,0.3847794610129588,0.3847794610129588,2.2202577812760738,False,-0.00010754563901492741,1.220703125e-05,True
trial,131,131,130,449.74799210922083,1001.2745996778797,449.7479613012739,1001.2740900866908,1884,942,0,0,1884,942,232478,116239,942000.0,116239000.0,1000.0,True,True,688,344,0,0,1884,942,2.44140625e-05,3.333379696026967,-0.13176278293816387,-0.13176278293816387,-2.1794751000350963,False,-0.00023381372372984963,2.44140625e-05,False
trial,132,132,132,449.74791039906586,1001.2746096244332,449.74791039906586,1001.2746096244332,1884,942,0,0,1884,942,234362,117181,942000.0,117181000.0,1000.0,True,True,688,344,0,0,1884,942,1.220703125e-05,3.333379696026967,0.4349274172849933,0.4349274172849933,-4.439123903997717,False,-0.00011703609848925773,1.220703125e-05,True
trial,133,133,132,449.7479597563144,1001.2747011044742,449.74791039906586,1001.2746096244332,1884,942,0,0,1884,942,236246,118123,942000.0,118123000.0,1000.0,True,True,688,344,0,0,1884,942,2.44140625e-05,3.293724953222502,-0.2292820606269343,-0.2292820606269343,-0.42495748685306123,False,-0.00021526868873880797,2.44140625e-05,False
trial,134,134,134,449.74786875779216,1001.2747444434713,449.74786875779216,1001.2747444434713,1884,942,0,0,1884,942,238130,119065,942000.0,119065000.0,1000.0,True,True,688,344,0,0,1884,942,1.220703125e-05,3.293724953222502,0.38635683175898833,0.38635683175898833,-1.2508804794872954,False,-0.00010777931247439335,1.220703125e-05,True
trial,135,135,134,449.74789914785873,1001.2750269713183,449.74786875779216,1001.2747444434713,1884,942,0,0,1884,942,240014,120007,942000.0,120007000.0,1000.0,True,True,688,344,0,0,1884,942,2.44140625e-05,3.249624638022012,-0.12975395400563092,-0.12975395400563092,-1.2062857837731895,False,-0.00023421302882676448,2.44140625e-05,False
trial,136,136,136,449.7478176988387,1001.2749036494433,449.7478176988387,1001.2749036494433,1884,942,0,0,1884,942,241898,120949,942000.0,120949000.0,1000.0,True,True,688,344,0,0,1884,942,1.220703125e-05,3.249624638022012,0.43571994156448013,0.43571994156448013,-1.3586102359495678,False,-0.00011718296230603112,1.220703125e-05,True
trial,137,137,136,449.7478650740502,1001.2748067479538,449.7478176988387,1001.2749036494433,1884,942,0,0,1884,942,243782,121891,942000.0,121891000.0,1000.0,True,True,688,344,0,0,1884,942,2.44140625e-05,3.2911006900424185,-0.219623061508653,-0.219623061508653,0.44921808502617105,False,-0.0002157114612519066,2.44140625e-05,False
trial,138,138,138,449.7477758738195,1001.2750344890044,449.7477758738195,1001.2750344890044,1884,942,0,0,1884,942,245666,122833,942000.0,122833000.0,1000.0,True,True,688,344,0,0,1884,942,1.220703125e-05,3.2911006900424185,0.38746633029935956,0.38746633029935956,-1.2120956679495285,False,-0.000107944912692854,1.220703125e-05,True
trial,139,139,138,449.7478057752171,1001.2752602314563,449.7477758738195,1001.2750344890044,1884,942,0,0,1884,942,247550,123775,942000.0,123775000.0,1000.0,True,True,688,344,0,0,1884,942,2.44140625e-05,3.2556656971902287,-0.12744551000854318,-0.12744551000854318,-0.9621577651503314,False,-0.00023462103625772573,2.44140625e-05,False
trial,140,140,140,449.74772461940927,1001.2751878686879,449.74772461940927,1001.2751878686879,1884,942,0,0,1884,942,249434,124717,942000.0,124717000.0,1000.0,True,True,688,344,0,0,1884,942,1.220703125e-05,3.2556656971902287,0.43668654086812614,0.43668654086812614,-1.3067918090218147,False,-0.00011737116996432744,1.220703125e-05,True
trial,141,141,140,449.7477709533026,1001.2752284048897,449.74772461940927,1001.2751878686879,1884,942,0,0,1884,942,251318,125659,942000.0,125659000.0,1000.0,True,True,688,344,0,0,1884,942,2.44140625e-05,3.2924575845911215,-0.21448185249826096,-0.21448185249826096,-0.18764405559987193,False,-0.0002160271035134688,2.44140625e-05,False
trial,142,142,142,449.747682633747,1001.2752658224244,449.747682633747,1001.2752658224244,1884,942,0,0,1884,942,253202,126601,942000.0,126601000.0,1000.0,True,True,688,344,0,0,1884,942,1.220703125e-05,3.2924575845911215,0.3883952074784641,0.3883952074784641,-0.7211237368336358,False,-0.00010810036135873013,1.220703125e-05,True
trial,143,143,142,449.74771044903457,1001.2751785880614,449.747682633747,1001.2752658224244,1884,942,0,0,1884,942,255086,127543,942000.0,127543000.0,1000.0,True,True,688,344,0,0,1884,942,2.44140625e-05,3.253401438778324,-0.11843033689367431,-0.11843033689367431,0.3714214700490219,False,-0.00023486623706687104,2.44140625e-05,False
trial,144,144,144,449.74763117351733,1001.2754755245514,449.74763117351733,1001.2754755245514,1884,942,0,0,1884,942,256970,128485,942000.0,128485000.0,1000.0,True,True,688,344,0,0,1884,942,1.220703125e-05,3.253401438778324,0.4377542203856911,0.4377542203856911,-1.783862834058264,False,-0.00011755507373714452,1.220703125e-05,True
trial,145,145,144,449.7476766730956,1001.2756520133446,449.74763117351733,1001.2754755245514,1884,942,0,0,1884,942,258854,129427,942000.0,129427000.0,1000.0,True,True,688,344,0,0,1884,942,2.44140625e-05,3.305566401464018,-0.21039027893065887,-0.21039027893065887,-0.8160850677409499,False,-0.00021626274041150806,2.44140625e-05,False
trial,146,146,146,449.7475889704482,1001.2756232004876,449.7475889704482,1001.2756232004876,1884,942,0,0,1884,942,260738,130369,942000.0,130369000.0,1000.0,True,True,688,344,0,0,1884,942,1.220703125e-05,3.305566401464018,0.38967040259258784,0.38967040259258784,-1.36352503937372,False,-0.00010830452829288277,1.220703125e-05,True
trial,147,147,146,449.74761680771667,1001.2757508799225,449.7475889704482,1001.2756232004876,1884,942,0,0,1884,942,262622,131311,942000.0,131311000.0,1000.0,True,True,688,344,0,0,1884,942,2.44140625e-05,3.2539056393999504,-0.11839602795839517,-0.11839602795839517,-0.5430395569047721,False,-0.00023511995255353805,2.44140625e-05,False
trial,148,148,148,449.7475373639521,1001.2758345960822,449.7475373639521,1001.2758345960822,1884,942,0,0,1884,942,264506,132253,942000.0,132253000.0,1000.0,True,True,688,344,0,0,1884,942,1.220703125e-05,3.2539056393999504,0.4384872368283562,0.4384872368283562,-1.7961744582538381,False,-0.00011769212815709678,1.220703125e-05,True
trial,149,149,148,449.7475850370782,1001.2758962458811,449.7475373639521,1001.2758345960822,1884,942,0,0,1884,942,266390,133195,942000.0,133195000.0,1000.0,True,True,688,344,0,0,1884,942,2.44140625e-05,3.371331717337589,-0.21993964373374633,-0.21993964373374633,-0.2844209291120285,False,-0.00021675549370090338,2.44140625e-05,False
trial,150,150,150,449.74749499591394,1001.2758493179149,449.74749499591394,1001.2758493179149,1884,942,0,0,1884,942,268274,134137,942000.0,134137000.0,1000.0,True,True,688,344,0,0,1884,942,1.220703125e-05,3.371331717337589,0.390663979991028,0.390663979991028,-0.1357459539651797,False,-0.0001084513555127416,1.220703125e-05,True
trial,151,151,150,449.74752385622025,1001.2762270348921,449.74749499591394,1001.2758493179149,1884,942,0,0,1884,942,270158,135079,942000.0,135079000.0,1000.0,True,True,688,344,0,0,1884,942,2.44140625e-05,3.2917747155080868,-0.12251999405269332,-0.12251999405269332,-1.6035131887044431,False,-0.00023555589060039197,2.44140625e-05,False
trial,152,152,152,449.7474432229891,1001.275869739889,449.7474432229891,1001.275869739889,1884,942,0,0,1884,942,272042,136021,942000.0,136021000.0,1000.0,True,True,688,344,0,0,1884,942,1.220703125e-05,3.2917747155080868,0.43930210371711625,0.43930210371711625,-0.17328393588695407,False,-0.00011785266769842443,1.220703125e-05,True
trial,153,153,152,449.7474905513631,1001.276167351934,449.7474432229891,1001.275869739889,1884,942,0,0,1884,942,273926,136963,942000.0,136963000.0,1000.0,True,True,688,344,0,0,1884,942,2.44140625e-05,3.2960256775354186,-0.21804153426279627,-0.21804153426279627,-1.3710968998446849,False,-0.00021706127772148947,2.44140625e-05,False
trial,154,154,154,449.74740065468575,1001.2759561691626,449.74740065468575,1001.2759561691626,1884,942,0,0,1884,942,275810,137905,942000.0,137905000.0,1000.0,True,True,688,344,0,0,1884,942,1.220703125e-05,3.2960256775354186,0.391833309220485,0.391833309220485,-0.7955653763440963,False,-0.00010863880721981108,1.220703125e-05,True
trial,155,155,154,449.7474291401372,1001.2764367328173,449.74740065468575,1001.2759561691626,1884,942,0,0,1884,942,277694,138847,942000.0,138847000.0,1000.0,True,True,688,344,0,0,1884,942,2.44140625e-05,3.261580941786274,-0.12076252781115272,-0.12076252781115272,-2.0373235705332595,False,-0.00023587988754930565,2.44140625e-05,False
trial,156,156,156,449.7473486830447,1001.2762249407276,449.7473486830447,1001.2762249407276,1884,942,0,0,1884,942,279578,139789,942000.0,139789000.0,1000.0,True,True,688,344,0,0,1884,942,1.220703125e-05,3.261580941786274,0.4402983556820196,0.4402983556820196,-2.2770048397432774,False,-0.00011803732709289752,1.220703125e-05,True
trial,157,157,156,449.7473956187755,1001.2763455346793,449.7473486830447,1001.2762249407276,1884,942,0,0,1884,942,281462,140731,942000.0,140731000.0,1000.0,True,True,688,344,0,0,1884,942,2.44140625e-05,3.3178028844897702,-0.21589130295099193,-0.21589130295099193,-0.55469862568575,False,-0.00021740445371229571,2.44140625e-05,False
trial,158,158,158,449.7473059948279,1001.2761482670653,449.7473059948279,1001.2761482670653,1884,942,0,0,1884,942,283346,141673,942000.0,141673000.0,1000.0,True,True,688,344,0,0,1884,942,1.220703125e-05,3.3178028844897702,0.39253624678858734,0.39253624678858734,0.7050468227395342,False,-0.00010874974517071693,1.220703125e-05,True
trial,159,159,158,449.7473343029935,1001.2761345538328,449.7473059948279,1001.2761482670653,1884,942,0,0,1884,942,285230,142615,942000.0,142615000.0,1000.0,True,True,688,344,0,0,1884,942,2.44140625e-05,3.2569978384070026,-0.11993330090719852,-0.11993330090719852,0.05809889861707682,False,-0.0002360325730768339,2.44140625e-05,False
trial,160,160,160,449.7472539017335,1001.2762501332977,449.7472539017335,1001.2762501332977,1884,942,0,0,1884,942,287114,143557,942000.0,143557000.0,1000.0,True,True,688,344,0,0,1884,942,1.220703125e-05,3.2569978384070026,0.4409231430159448,0.4409231430159448,-0.8622098541101604,False,-0.00011814552096918091,1.220703125e-05,True
trial,161,161,160,449.7472981618182,1001.2768505767077,449.7472539017335,1001.2762501332977,1884,942,0,0,1884,942,288998,144499,942000.0,144499000.0,1000.0,True,True,688,344,0,0,1884,942,2.44140625e-05,3.3122859033936494,-0.20335933626340796,-0.20335933626340796,-2.7588237585617286,False,-0.00021764471476089803,2.44140625e-05,False
trial,162,162,162,449.74721108575665,1001.2764292333429,449.74721108575665,1001.2764292333429,1884,942,0,0,1884,942,290882,145441,942000.0,145441000.0,1000.0,True,True,688,344,0,0,1884,942,1.220703125e-05,3.3122859033936494,0.39327590650991645,0.39327590650991645,-1.6450805951274947,False,-0.000108870073445817,1.220703125e-05,True
trial,163,163,162,449.7472388673506,1001.2769149654682,449.74721108575665,1001.2764292333429,1884,942,0,0,1884,942,292766,146383,942000.0,146383000.0,1000.0,True,True,688,344,0,0,1884,942,2.44140625e-05,3.2570103580415224,-0.1174674352390472,-0.1174674352390472,-2.0537952976685294,False,-0.00023650464379281537,2.44140625e-05,False
trial,164,164,164,449.7471588152555,1001.276555698626,449.7471588152555,1001.276555698626,1884,942,0,0,1884,942,294650,147325,942000.0,147325000.0,1000.0,True,True,688,344,0,0,1884,942,1.220703125e-05,3.2570103580415224,0.4417940367437761,0.4417940367437761,-1.0688936719541309,False,-0.00011831418446227521,1.220703125e-05,True
trial,165,165,164,449.7472050074502,1001.2765112852669,449.7471588152555,1001.276555698626,1884,942,0,0,1884,942,296534,148267,942000.0,148267000.0,1000.0,True,True,688,344,0,0,1884,942,2.44140625e-05,3.295504670028228,-0.21184692499625932,-0.21184692499625932,0.20368881827368565,False,-0.00021804515077553942,2.44140625e-05,False
trial,166,166,166,449.74711578810343,1001.27657902021,449.74711578810343,1001.27657902021,1884,942,0,0,1884,942,298418,149209,942000.0,149209000.0,1000.0,True,True,688,344,0,0,1884,942,1.220703125e-05,3.295504670028228,0.3944728072999093,0.3944728072999093,-0.2138122152582062,False,-0.00010907507758129541,1.220703125e-05,True
trial,167,167,166,449.7471432160301,1001.2769737692928,449.74711578810343,1001.27657902021,1884,942,0,0,1884,942,300302,150151,942000.0,150151000.0,1000.0,True,True,688,344,0,0,1884,942,2.44140625e-05,3.2561900195054494,-0.11581967037614581,-0.11581967037614581,-1.666903560918103,False,-0.0002368157895182174,2.44140625e-05,False
trial,168,168,168,449.74706338153317,1001.2767202921314,449.74706338153317,1001.2767202921314,1884,942,0,0,1884,942,302186,151093,942000.0,151093000.0,1000.0,True,True,688,344,0,0,1884,942,1.220703125e-05,3.2561900195054494,0.4424652227928074,0.4424652227928074,-1.1927495323773407,False,-0.00011844223582427175,1.220703125e-05,True
trial,169,169,168,449.7471093618136,1001.2770659724237,449.74706338153317,1001.2767202921314,1884,942,0,0,1884,942,304070,152035,942000.0,152035000.0,1000.0,True,True,688,344,0,0,1884,942,2.44140625e-05,3.3227059439277995,-0.2106902225377391,-0.2106902225377391,-1.5839715852759235,False,-0.0002182364226174518,2.44140625e-05,False
trial,170,170,170,449.74702019913565,1001.2768380062129,449.74702019913565,1001.2768380062129,1884,942,0,0,1884,942,305954,152977,942000.0,152977000.0,1000.0,True,True,688,344,0,0,1884,942,1.220703125e-05,3.3227059439277995,0.39536335401823536,0.39536335401823536,-1.077750119386533,False,-0.00010922205378982086,1.220703125e-05,True
trial,171,171,170,449.74704730582596,1001.2770930396522,449.74702019913565,1001.2768380062129,1884,942,0,0,1884,942,307838,153919,942000.0,153919000.0,1000.0,True,True,688,344,0,0,1884,942,2.44140625e-05,3.263392465016394,-0.11433442434961115,-0.11433442434961115,-1.0757160368733187,False,-0.00023708249256709283,2.44140625e-05,False
trial,172,172,172,449.7469676136507,1001.2768401599224,449.7469676136507,1001.2768401599224,1884,942,0,0,1884,942,309722,154861,942000.0,154861000.0,1000.0,True,True,688,344,0,0,1884,942,1.220703125e-05,3.263392465016394,0.4433551392813919,0.4433551392813919,-0.01815820794389681,False,-0.0001186080418694632,1.220703125e-05,True
trial,173,173,172,449.7470131901288,1001.2771192577608,449.7469676136507,1001.2768401599224,1884,942,0,0,1884,942,311606,155803,942000.0,155803000.0,1000.0,True,True,688,344,0,0,1884,942,2.44140625e-05,3.2978552812128386,-0.2085132716257806,-0.2085132716257806,-1.276878026048547,False,-0.00021857830796823369,2.44140625e-05,False
trial,174,174,174,449.7469242821768,1001.2770813989207,449.7469242821768,1001.2770813989207,1884,942,0,0,1884,942,313490,156745,942000.0,156745000.0,1000.0,True,True,688,344,0,0,1884,942,1.220703125e-05,3.2978552812128386,0.3962557495679251,0.3962557495679251,-2.2060717404126122,False,-0.00010935229073594023,1.220703125e-05,True
trial,175,175,174,449.7469510676456,1001.2773631132368,449.7469242821768,1001.2770813989207,1884,942,0,0,1884,942,315374,157687,942000.0,157687000.0,1000.0,True,True,688,344,0,0,1884,942,2.44140625e-05,3.26490252535382,-0.11285124736764993,-0.11285124736764993,-1.1869051898959702,False,-0.00023735199617161236,2.44140625e-05,False
trial,176,176,176,449.74687151120065,1001.2770807287565,449.74687151120065,1001.2770807287565,1884,942,0,0,1884,942,317258,158629,942000.0,158629000.0,1000.0,True,True,688,344,0,0,1884,942,1.220703125e-05,3.26490252535382,0.4442735628842257,0.4442735628842257,0.005642045621350427,False,-0.00011878036540682853,1.220703125e-05,True
trial,177,177,176,449.7469168235788,1001.2771589446164,449.74687151120065,1001.2770807287565,1884,942,0,0,1884,942,319142,159571,942000.0,159571000.0,1000.0,True,True,688,344,0,0,1884,942,2.44140625e-05,3.3040599161945607,-0.20709322918277417,-0.20709322918277417,-0.3574735135086632,False,-0.0002188018328686979,2.44140625e-05,False
trial,178,178,178,449.74682811718594,1001.2770930852378,449.74682811718594,1001.2770930852378,1884,942,0,0,1884,942,321026,160513,942000.0,160513000.0,1000.0,True,True,688,344,0,0,1884,942,1.220703125e-05,3.3040599161945607,0.39661055260563927,0.39661055260563927,-0.11293518039234954,False,-0.00010941215362360096,1.220703125e-05,True
trial,179,179,178,449.7468546179368,1001.2771971195717,449.74682811718594,1001.2770930852378,1884,942,0,0,1884,942,322910,161455,942000.0,161455000.0,1000.0,True,True,688,344,0,0,1884,942,2.44140625e-05,3.2705896297311736,-0.11153427130090406,-0.11153427130090406,-0.43785150468759065,False,-0.00023760186466060927,2.44140625e-05,False
trial,180,180,180,449.7467752300588,1001.2771758949856,449.7467752300588,1001.2771758949856,1884,942,0,0,1884,942,324794,162397,942000.0,162397000.0,1000.0,True,True,688,344,0,0,1884,942,1.220703125e-05,3.2705896297311736,0.44483723843028666,0.44483723843028666,-0.6965184446379215,False,-0.00011889096184153984,1.220703125e-05,True
trial,181,181,180,449.74682026466314,1001.2773303024235,449.7467752300588,1001.2771758949856,1884,942,0,0,1884,942,326678,163339,942000.0,163339000.0,1000.0,True,True,688,344,0,0,1884,942,2.44140625e-05,3.305456063251154,-0.20560274508346382,-0.20560274508346382,-0.7049377596662623,False,-0.00021903697989303264,2.44140625e-05,False
trial,182,182,182,449.7467316342837,1001.2772701237438,449.7467316342837,1001.2772701237438,1884,942,0,0,1884,942,328562,164281,942000.0,164281000.0,1000.0,True,True,688,344,0,0,1884,942,1.220703125e-05,3.305456063251154,0.39778106483797604,0.39778106483797604,-0.8597717491473117,False,-0.00010959741158154913,1.220703125e-05,True
trial,183,183,182,449.74675784197905,1001.2774374165404,449.7467316342837,1001.2772701237438,1884,942,0,0,1884,942,330446,165223,942000.0,165223000.0,1000.0,True,True,688,344,0,0,1884,942,2.44140625e-05,3.264007297118331,-0.11018494077522568,-0.11018494077522568,-0.7033486403328302,False,-0.00023785188015073335,2.44140625e-05,False
trial,184,184,184,449.74667860981543,1001.2773194600317,449.74667860981543,1001.2773194600317,1884,942,0,0,1884,942,332330,166165,942000.0,166165000.0,1000.0,True,True,688,344,0,0,1884,942,1.220703125e-05,3.264007297118331,0.44550660742731196,0.44550660742731196,-0.4145188611653969,False,-0.00011902061024991224,1.220703125e-05,True
trial,185,185,184,449.74672331378093,1001.2773844393602,449.74667860981543,1001.2773194600317,1884,942,0,0,1884,942,334214,167107,942000.0,167107000.0,1000.0,True,True,688,344,0,0,1884,942,2.44140625e-05,3.305917592215543,-0.20381578568025358,-0.20381578568025358,-0.29625588564476135,False,-0.00021933514791724573,2.44140625e-05,False
trial,186,186,186,449.7466349167876,1001.2770962108478,449.7466349167876,1001.2770962108478,1884,942,0,0,1884,942,336098,168049,942000.0,168049000.0,1000.0,True,True,688,344,0,0,1884,942,1.220703125e-05,3.305917592215543,0.39834490159468333,0.39834490159468333,2.0353401589599085,False,-0.00010968642407794692,1.220703125e-05,True
trial,187,187,186,449.7466608691275,1001.2774338304059,449.7466349167876,1001.2770962108478,1884,942,0,0,1884,942,337982,168991,942000.0,168991000.0,1000.0,True,True,688,344,0,0,1884,942,2.44140625e-05,3.3228867605278114,-0.10901173952947016,-0.10901173952947016,-1.4181571115600409,False,-0.00023806922048990532,2.44140625e-05,False
trial,188,188,188,449.74658176732817,1001.2775684920991,449.74658176732817,1001.2775684920991,1884,942,0,0,1884,942,339866,169933,942000.0,169933000.0,1000.0,True,True,688,344,0,0,1884,942,1.220703125e-05,3.3228867605278114,0.4461599791687404,0.4461599791687404,-3.9645368997955064,False,-0.0001191264612306451,1.220703125e-05,True
trial,189,189,188,449.7466262637666,1001.2774370050545,449.74658176732817,1001.2775684920991,1884,942,0,0,1884,942,341750,170875,942000.0,170875000.0,1000.0,True,True,688,344,0,0,1884,942,2.44140625e-05,3.3073957659417474,-0.2027176291913254,-0.2027176291913254,0.5990309091747765,False,-0.00021949959950492092,2.44140625e-05,False
trial,190,190,190,449.746537967656,1001.2775537941259,449.746537967656,1001.2775537941259,1884,942,0,0,1884,942,343634,171817,942000.0,171817000.0,1000.0,True,True,688,344,0,0,1884,942,1.220703125e-05,3.3073957659417474,0.3989658647364567,0.3989658647364567,0.13388204347958912,False,-0.0001097830065501061,1.220703125e-05,True
trial,191,191,190,449.74656359389905,1001.2775903756599,449.746537967656,1001.2775537941259,1884,942,0,0,1884,942,345518,172759,942000.0,172759000.0,1000.0,True,True,688,344,0,0,1884,942,2.44140625e-05,3.272919678817911,-0.10751502069984498,-0.10751502069984498,-0.153477994459267,False,-0.00023835035200673365,2.44140625e-05,False
trial,192,192,192,449.74648472730047,1001.2777845785837,449.74648472730047,1001.2777845785837,1884,942,0,0,1884,942,347402,173701,942000.0,173701000.0,1000.0,True,True,688,344,0,0,1884,942,1.220703125e-05,3.272919678817911,0.446610653401843,0.446610653401843,-1.935952463570808,False,-0.00011920977511347842,1.220703125e-05,True
trial,193,193,192,449.74652888732066,1001.2776768865871,449.74648472730047,1001.2777845785837,1884,942,0,0,1884,942,349286,174643,942000.0,174643000.0,1000.0,True,True,688,344,0,0,1884,942,2.44140625e-05,3.3108356184675483,-0.20093022489496934,-0.20093022489496934,0.49000378632499175,False,-0.00021977788666853424,2.44140625e-05,False
trial,194,194,194,449.74644077268664,1001.2775862039573,449.74644077268664,1001.2775862039573,1884,942,0,0,1884,942,351170,175585,942000.0,175585000.0,1000.0,True,True,688,344,0,0,1884,942,1.220703125e-05,3.3108356184675483,0.399848776903583,0.399848776903583,1.804585339768705,False,-0.00010992809374068535,1.220703125e-05,True
trial,195,195,194,449.74646614878316,1001.2777264386493,449.74644077268664,1001.2775862039573,1884,942,0,0,1884,942,353054,176527,942000.0,176527000.0,1000.0,True,True,688,344,0,0,1884,942,2.44140625e-05,3.277600057516277,-0.10637515281995512,-0.10637515281995512,-0.5878558502954203,False,-0.00023855285603667807,2.44140625e-05,False
trial,196,196,196,449.746387379906,1001.2776966003042,449.746387379906,1001.2776966003042,1884,942,0,0,1884,942,354938,177469,942000.0,177469000.0,1000.0,True,True,688,344,0,0,1884,942,1.220703125e-05,3.277600057516277,0.44736576656758714,0.44736576656758714,-0.9249854719460324,False,-0.00011934927659801604,1.220703125e-05,True
trial,197,197,196,449.746431100908,1001.2776695952501,449.746387379906,1001.2776966003042,1884,942,0,0,1884,942,356822,178411,942000.0,178411000.0,1000.0,True,True,688,344,0,0,1884,942,2.44140625e-05,3.325674987446333,-0.19885585820210483,-0.19885585820210483,0.12282685588903278,False,-0.00021986278092124824,2.44140625e-05,False
trial,198,198,198,449.7463433699113,1001.2776828828995,449.7463433699113,1001.2776828828995,1884,942,0,0,1884,942,358706,179353,942000.0,179353000.0,1000.0,True,True,688,344,0,0,1884,942,1.220703125e-05,3.325674987446333,0.40019425290776933,0.40019425290776933,0.12473590535243932,False,-0.00010997158106174789,1.220703125e-05,True
trial,199,199,198,449.746368509449,1001.2777372154146,449.7463433699113,1001.2776828828995,1884,942,0,0,1884,942,360590,180295,942000.0,180295000.0,1000.0,True,True,688,344,0,0,1884,942,2.44140625e-05,3.27979107462181,-0.10529545664679706,-0.10529545664679706,-0.22756850427520597,False,-0.00023875234966594733,2.44140625e-05,False
trial,200,200,200,449.7462898909758,1001.2776615898898,449.7462898909758,1001.2776615898898,1884,942,0,0,1884,942,362474,181237,942000.0,181237000.0,1000.0,True,True,688,344,0,0,1884,942,1.220703125e-05,3.27979107462181,0.44779722576640746,0.44779722576640746,0.17829357630615245,False,-0.00011942667894236186,1.220703125e-05,True
trial,201,201,200,449.74633228270784,1001.2776266119529,449.7462898909758,1001.2776615898898,1884,942,0,0,1884,942,364358,182179,942000.0,182179000.0,1000.0,True,True,688,344,0,0,1884,942,2.44140625e-05,3.317014790742476,-0.19260511977645517,-0.19260511977645517,0.15892084155834993,False,-0.00022009660024086843,2.44140625e-05,False
trial,202,202,202,449.7462457330639,1001.2777474430072,449.7462457330639,1001.2777474430072,1884,942,0,0,1884,942,366242,183121,942000.0,183121000.0,1000.0,True,True,688,344,0,0,1884,942,1.220703125e-05,3.317014790742476,0.40106324950266237,0.40106324950266237,-0.7797590236655074,False,-0.00011010211463553953,1.220703125e-05,True
trial,203,203,202,449.7462706537852,1001.2777251672311,449.7462457330639,1001.2777474430072,1884,942,0,0,1884,942,368126,184063,942000.0,184063000.0,1000.0,True,True,688,344,0,0,1884,942,2.44140625e-05,3.282815222824938,-0.104303707295605,-0.104303707295605,0.09323349866126185,False,-0.00023892459740304221,2.44140625e-05,False
trial,204,204,204,449.7461921585136,1001.2778524919697,449.7461921585136,1001.2778524919697,1884,942,0,0,1884,942,370010,185005,942000.0,185005000.0,1000.0,True,True,688,344,0,0,1884,942,1.220703125e-05,3.282815222824938,0.44827834124523136,0.44827834124523136,-0.8789840399901067,False,-0.00011951179738944935,1.220703125e-05,True
trial,205,205,204,449.7462347993961,1001.2775399472133,449.7461921585136,1001.2778524919697,1884,942,0,0,1884,942,371894,185947,942000.0,185947000.0,1000.0,True,True,688,344,0,0,1884,942,2.44140625e-05,3.3367655667093015,-0.19359571399524172,-0.19359571399524172,1.4189979599050124,False,-0.00022025736839857574,2.44140625e-05,False
trial,206,206,206,449.74614789030016,1001.2777286652667,449.74614789030016,1001.2777286652667,1884,942,0,0,1884,942,373778,186889,942000.0,186889000.0,1000.0,True,True,688,344,0,0,1884,942,1.220703125e-05,3.3367655667093015,0.40169163871815394,0.40169163871815394,1.1236087329946407,False,-0.00011020446828035571,1.220703125e-05,True
trial,207,207,206,449.74617261627117,1001.2778034215908,449.74614789030016,1001.2777286652667,1884,942,0,0,1884,942,375662,187831,942000.0,187831000.0,1000.0,True,True,688,344,0,0,1884,942,2.44140625e-05,3.2814060880519036,-0.10342152289153285,-0.10342152289153285,-0.31268389315449757,False,-0.0002390795485399936,2.44140625e-05,False
trial,208,208,208,449.74609421786374,1001.2777453604815,449.74609421786374,1001.2777453604815,1884,942,0,0,1884,942,377546,188773,942000.0,188773000.0,1000.0,True,True,688,344,0,0,1884,942,1.220703125e-05,3.2814060880519036,0.448775417844925,0.448775417844925,-0.13959496673811608,False,-0.00011959754097081453,1.220703125e-05,True
trial,209,209,208,449.74613751741873,1001.2776578867913,449.74609421786374,1001.2777453604815,1884,942,0,0,1884,942,379430,189715,942000.0,189715000.0,1000.0,True,True,688,344,0,0,1884,942,2.44140625e-05,3.3228074636965457,-0.19638939648884488,-0.19638939648884488,0.39674553772346477,False,-0.00022047806940058868,2.44140625e-05,False
trial,210,210,210,449.74604986140406,1001.2777241338683,449.74604986140406,1001.2777241338683,1884,942,0,0,1884,942,381314,190657,942000.0,190657000.0,1000.0,True,True,688,344,0,0,1884,942,1.220703125e-05,3.3228074636965457,0.4022167918746245,0.4022167918746245,0.19247929869177402,False,-0.0001102799797975,1.220703125e-05,True
trial,211,211,210,449.74607437531836,1001.2776210546697,449.74604986140406,1001.2777241338683,1884,942,0,0,1884,942,383198,191599,942000.0,191599000.0,1000.0,True,True,688,344,0,0,1884,942,2.44140625e-05,3.287201319644668,-0.1024614568065357,-0.1024614568065357,0.4308428565160523,False,-0.0002392501049821322,2.44140625e-05,False
trial,212,212,212,449.7459961381388,1001.2778740078941,449.7459961381388,1001.2778740078941,1884,942,0,0,1884,942,385082,192541,942000.0,192541000.0,1000.0,True,True,688,344,0,0,1884,942,1.220703125e-05,3.287201319644668,0.4490336743066769,0.4490336743066769,-1.2526879027273523,False,-0.0001196419518470736,1.220703125e-05,True
trial,213,213,212,449.7460365229548,1001.2778299188662,449.7459961381388,1001.2778740078941,1884,942,0,0,1884,942,386966,193483,942000.0,193483000.0,1000.0,True,True,688,344,0,0,1884,942,2.44140625e-05,3.324246592079673,-0.18310033879831297,-0.18310033879831297,0.19989483019826274,False,-0.00022056112096759958,2.44140625e-05,False
trial,214,214,214,449.7459517438288,1001.2780198113705,449.7459517438288,1001.2780198113705,1884,942,0,0,1884,942,388850,194425,942000.0,194425000.0,1000.0,True,True,688,344,0,0,1884,942,1.220703125e-05,3.324246592079673,0.40242579418346386,0.40242579418346386,-1.3216801838125416,False,-0.00011031676063295923,1.220703125e-05,True
trial,215,215,214,449.7459761112956,1001.2778917988802,449.7459517438288,1001.2780198113705,1884,942,0,0,1884,942,390734,195367,942000.0,195367000.0,1000.0,True,True,688,344,0,0,1884,942,2.44140625e-05,3.2891474506206326,-0.10181166002352822,-0.10181166002352822,0.5348592146766901,False,-0.00023933866487349439,2.44140625e-05,False
trial,216,216,216,449.7458978761032,1001.2779674444677,449.7458978761032,1001.2779674444677,1884,942,0,0,1884,942,392618,196309,942000.0,196309000.0,1000.0,True,True,688,344,0,0,1884,942,1.220703125e-05,3.2891474506206326,0.4497525667167111,0.4497525667167111,0.43722189319758537,False,-0.00011977191374164629,1.220703125e-05,True
trial,217,217,216,449.74594081346675,1001.2778096226662,449.7458978761032,1001.2779674444677,1884,942,0,0,1884,942,394502,197251,942000.0,197251000.0,1000.0,True,True,688,344,0,0,1884,942,2.44140625e-05,3.3256121994656143,-0.19449787621886952,-0.19449787621886952,0.7149019564671437,False,-0.00022076006378311748,2.44140625e-05,False
trial,218,218,218,449.7458533901887,1001.277830537393,449.7458533901887,1001.277830537393,1884,942,0,0,1884,942,396386,198193,942000.0,198193000.0,1000.0,True,True,688,344,0,0,1884,942,1.220703125e-05,3.3256121994656143,0.402969630084786,0.402969630084786,1.2401541895629073,False,-0.00011039520391896173,1.220703125e-05,True
trial,219,219,218,449.74587745652985,1001.2778659022376,449.7458533901887,1001.277830537393,1884,942,0,0,1884,942,398270,199135,942000.0,199135000.0,1000.0,True,True,688,344,0,0,1884,942,2.44140625e-05,3.294220485294459,-0.10044961495122172,-0.10044961495122172,-0.1476080224303425,False,-0.00023958619618681895,2.44140625e-05,False
trial,220,220,220,449.74579948258855,1001.2778597511312,449.74579948258855,1001.2778597511312,1884,942,0,0,1884,942,400154,200077,942000.0,200077000.0,1000.0,True,True,688,344,0,0,1884,942,1.220703125e-05,3.294220485294459,0.4499561394376454,0.4499561394376454,-0.24384132917644696,False,-0.00011980634426883044,1.220703125e-05,True
trial,221,221,220,449.74584223545105,1001.2780412138205,449.74579948258855,1001.2778597511312,1884,942,0,0,1884,942,402038,201019,942000.0,201019000.0,1000.0,True,True,688,344,0,0,1884,942,2.44140625e-05,3.331615936851058,-0.19353875333764697,-0.19353875333764697,-0.8214669289743906,False,-0.00022090078478304687,2.44140625e-05,False
trial,222,222,222,449.7457548949436,1001.2778110654438,449.7457548949436,1001.2778110654438,1884,942,0,0,1884,942,403922,201961,942000.0,201961000.0,1000.0,True,True,688,344,0,0,1884,942,1.220703125e-05,3.331615936851058,0.40359028579906,0.40359028579906,0.4406841975163539,False,-0.00011047749786128333,1.220703125e-05,True
trial,223,223,222,449.74577879609006,1001.2779140834515,449.7457548949436,1001.2778110654438,1884,942,0,0,1884,942,405806,202903,942000.0,202903000.0,1000.0,True,True,688,344,0,0,1884,942,2.44140625e-05,3.294480395938243,-0.09970157362551077,-0.09970157362551077,-0.4297307455524402,False,-0.00023972687270167357,2.44140625e-05,False
trial,224,224,224,449.745700864387,1001.2778545262425,449.745700864387,1001.2778545262425,1884,942,0,0,1884,942,407690,203845,942000.0,203845000.0,1000.0,True,True,688,344,0,0,1884,942,1.220703125e-05,3.294480395938243,0.4505797048255324,0.4505797048255324,-0.3624347983707189,False,-0.00011991342715452959,1.220703125e-05,True
trial,225,225,224,449.74574277699946,1001.2779711530716,449.745700864387,1001.2778545262425,1884,942,0,0,1884,942,409574,204787,942000.0,204787000.0,1000.0,True,True,688,344,0,0,1884,942,2.44140625e-05,3.327845832331402,-0.1895904407086743,-0.1895904407086743,-0.52755795012201,False,-0.00022106922850707194,2.44140625e-05,False
trial,226,226,226,449.7456561658746,1001.277934061299,449.7456561658746,1001.277934061299,1884,942,0,0,1884,942,411458,205729,942000.0,205729000.0,1000.0,True,True,688,344,0,0,1884,942,1.220703125e-05,3.327845832331402,0.40422325887286337,0.40422325887286337,-0.7192615142173036,False,-0.00011057877402163177,1.220703125e-05,True
trial,227,227,226,449.7456798666851,1001.278025372372,449.7456561658746,1001.277934061299,1884,942,0,0,1884,942,413342,206671,942000.0,206671000.0,1000.0,True,True,688,344,0,0,1884,942,2.44140625e-05,3.2910037587443153,-0.09880296059579967,-0.09880296059579967,-0.38065383210298054,False,-0.0002398795579912521,2.44140625e-05,False
trial,228,228,228,449.74560206539684,1001.2780199901661,449.74560206539684,1001.2780199901661,1884,942,0,0,1884,942,415226,207613,942000.0,207613000.0,1000.0,True,True,688,344,0,0,1884,942,1.220703125e-05,3.2910037587443153,0.45090614830219916,0.45090614830219916,-0.7161832219305632,False,-0.00011998168127109236,1.220703125e-05,True
trial,229,229,228,449.7456418819828,1001.2779034574185,449.74560206539684,1001.2780199901661,1884,942,0,0,1884,942,417110,208555,942000.0,208555000.0,1000.0,True,True,688,344,0,0,1884,942,2.44140625e-05,3.3236896370365403,-0.1800398339054023,-0.1800398339054023,0.5269295699764277,False,-0.00022115431404350403,2.44140625e-05,False
trial,230,230,230,449.7455573188414,1001.2780184865492,449.7455573188414,1001.2780184865492,1884,942,0,0,1884,942,418994,209497,942000.0,209497000.0,1000.0,True,True,688,344,0,0,1884,942,1.220703125e-05,3.3236896370365403,0.4045159955420648,0.4045159955420648,0.01359293638878264,False,-0.00011061751803329228,1.220703125e-05,True
trial,231,231,230,449.7455808156316,1001.2781051903426,449.7455573188414,1001.2780184865492,1884,942,0,0,1884,942,420878,210439,942000.0,210439000.0,1000.0,True,True,688,344,0,0,1884,942,2.44140625e-05,3.278272875371678,-0.09789135065088261,-0.09789135065088261,-0.3612217397167819,False,-0.00024002927801024222,2.44140625e-05,False
trial,232,232,232,449.74550312586507,1001.2779538621397,449.74550312586507,1001.2779538621397,1884,942,0,0,1884,942,422762,211381,942000.0,211381000.0,1000.0,True,True,688,344,0,0,1884,942,1.220703125e-05,3.278272875371678,0.45139899197469874,0.45139899197469874,0.5382873437422049,False,-0.00012005559892529846,1.220703125e-05,True
trial,233,233,232,449.7455453074342,1001.2781081855082,449.74550312586507,1001.2779538621397,1884,942,0,0,1884,942,424646,212323,942000.0,212323000.0,1000.0,True,True,688,344,0,0,1884,942,2.44140625e-05,3.310061130261916,-0.19058398034455398,-0.19058398034455398,-0.6972609703854168,False,-0.0002213279891952406,2.44140625e-05,False
trial,234,234,234,449.7454583172638,1001.278138938464,449.7454583172638,1001.278138938464,1884,942,0,0,1884,942,426530,213265,942000.0,213265000.0,1000.0,True,True,688,344,0,0,1884,942,1.220703125e-05,3.310061130261916,0.40490193591516555,0.40490193591516555,-1.6723968140528922,False,-0.000110665317449259,1.220703125e-05,True
trial,235,235,234,449.74548167875923,1001.2782002152123,449.7454583172638,1001.278138938464,1884,942,0,0,1884,942,428414,214207,942000.0,214207000.0,1000.0,True,True,688,344,0,0,1884,942,2.44140625e-05,3.270924453400995,-0.09728854805825432,-0.09728854805825432,-0.25518596985193137,False,-0.00024012585142923345,2.44140625e-05,False
trial,236,236,236,449.74540403313284,1001.2780731454304,449.74540403313284,1001.2780731454304,1884,942,0,0,1884,942,430298,215149,942000.0,215149000.0,1000.0,True,True,688,344,0,0,1884,942,1.220703125e-05,3.270924453400995,0.45187943804443564,0.45187943804443564,0.5476834305048947,False,-0.0001201296770412828,1.220703125e-05,True
trial,237,237,236,449.7454460359105,1001.2780641900744,449.74540403313284,1001.2780731454304,1884,942,0,0,1884,942,432182,216091,942000.0,216091000.0,1000.0,True,True,688,344,0,0,1884,942,2.44140625e-05,3.301003322625449,-0.18967458665544668,-0.18967458665544668,0.04044026501750646,False,-0.00022144652271002336,2.44140625e-05,False
trial,238,238,238,449.7453591099183,1001.2780645839946,449.7453591099183,1001.2780645839946,1884,942,0,0,1884,942,434066,217033,942000.0,217033000.0,1000.0,True,True,688,344,0,0,1884,942,1.220703125e-05,3.301003322625449,0.40554901342655536,0.40554901342655536,0.07728925659334097,False,-0.00011077135699596293,1.220703125e-05,True
trial,239,239,238,449.7453822675268,1001.2783681696976,449.7453591099183,1001.2780645839946,1884,942,0,0,1884,942,435950,217975,942000.0,217975000.0,1000.0,True,True,688,344,0,0,1884,942,2.44140625e-05,3.266245328011017,-0.09638035377768189,-0.09638035377768189,-1.26350255315067,False,-0.0002402731219384317,2.44140625e-05,False
trial,240,240,240,449.74530474802384,1001.2781205560648,449.74530474802384,1001.2781205560648,1884,942,0,0,1884,942,437834,218917,942000.0,218917000.0,1000.0,True,True,688,344,0,0,1884,942,1.220703125e-05,3.266245328011017,0.4522797503812116,0.4522797503812116,-0.4656760803722081,False,-0.00012019528712120921,1.220703125e-05,True
trial,241,241,240,449.7453465874405,1001.278017227329,449.74530474802384,1001.2781205560648,1884,942,0,0,1884,942,439718,219859,942000.0,219859000.0,1000.0,True,True,688,344,0,0,1884,942,2.44140625e-05,3.2963575165290107,-0.18883707949791848,-0.18883707949791848,0.46636158559863233,False,-0.00022156356568576042,2.44140625e-05,False
trial,242,242,242,449.74525975587335,1001.2781565612544,449.74525975587335,1001.2781565612544,1884,942,0,0,1884,942,441602,220801,942000.0,220801000.0,1000.0,True,True,688,344,0,0,1884,942,1.220703125e-05,3.2963575165290107,0.4059907402872166,0.4059907402872166,-0.32489608564476163,False,-0.00011082063216646948,1.220703125e-05,True
trial,243,243,242,449.745282777726,1001.2781330181294,449.74525975587335,1001.2781565612544,1884,942,0,0,1884,942,443486,221743,942000.0,221743000.0,1000.0,True,True,688,344,0,0,1884,942,2.44140625e-05,3.2541227210365995,-0.09578040246011707,-0.09578040246011707,0.09794911016147718,False,-0.00024036078429440162,2.44140625e-05,False
trial,244,244,244,449.7452053460331,1001.2781604132887,449.7452053460331,1001.2781604132887,1884,942,0,0,1884,942,445370,222685,942000.0,222685000.0,1000.0,True,True,688,344,0,0,1884,942,1.220703125e-05,3.2541227210365995,0.45252936866443744,0.45252936866443744,-0.03203756234200507,False,-0.00012023493721989754,1.220703125e-05,True
trial,245,245,244,449.7452471066656,1001.2781586147806,449.7452053460331,1001.2781604132887,1884,942,0,0,1884,942,447254,223627,942000.0,223627000.0,1000.0,True,True,688,344,0,0,1884,942,2.44140625e-05,3.2872860596919273,-0.18844771509915384,-0.18844771509915384,0.008115890735147248,False,-0.00022160328376779836,2.44140625e-05,False
trial,246,246,246,449.745160331937,1001.2782950021466,449.745160331937,1001.2782950021466,1884,942,0,0,1884,942,449138,224569,942000.0,224569000.0,1000.0,True,True,688,344,0,0,1884,942,1.220703125e-05,3.2872860596919273,0.40611924198348004,0.40611924198348004,-1.2142668550162017,False,-0.00011083960445932224,1.220703125e-05,True
trial,247,247,246,449.7451832082505,1001.2785433420459,449.745160331937,1001.2782950021466,1884,942,0,0,1884,942,451022,225511,942000.0,225511000.0,1000.0,True,True,688,344,0,0,1884,942,2.44140625e-05,3.2489551633669853,-0.09513759502936495,-0.09513759502936495,-1.0327914378579253,False,-0.00024045503298630302,2.44140625e-05,False
trial,248,248,248,449.74510586414357,1001.2782369192701,449.74510586414357,1001.2782369192701,1884,942,0,0,1884,942,452906,226453,942000.0,226453000.0,1000.0,True,True,688,344,0,0,1884,942,1.220703125e-05,3.2489551633669853,0.45283705099135646,0.45283705099135646,0.4828923090005289,False,-0.00012028122099376402,1.220703125e-05,True
trial,249,249,248,449.7451475249403,1001.2780664518009,449.74510586414357,1001.2782369192701,1884,942,0,0,1884,942,454790,227395,942000.0,227395000.0,1000.0,True,True,688,344,0,0,1884,942,2.44140625e-05,3.2781477514948962,-0.18794720450597532,-0.18794720450597532,0.7690415641433224,False,-0.0002216622314176645,2.44140625e-05,False
trial,250,250,250,449.7450607604867,1001.2781145870636,449.7450607604867,1001.2781145870636,1884,942,0,0,1884,942,456674,228337,942000.0,228337000.0,1000.0,True,True,688,344,0,0,1884,942,1.220703125e-05,3.2781477514948962,0.4066690657700389,0.4066690657700389,1.1029864889060337,False,-0.00011090997734970277,1.220703125e-05,True
trial,251,251,250,449.7450836143427,1001.2782652246403,449.7450607604867,1001.2781145870636,1884,942,0,0,1884,942,458558,229279,942000.0,229279000.0,1000.0,True,True,688,344,0,0,1884,942,2.44140625e-05,3.2365840635949907,-0.09505031414500563,-0.09505031414500563,-0.6265091098942155,False,-0.00024043956329029197,2.44140625e-05,False
trial,252,252,252,449.74500612686063,1001.2783341777434,449.74500612686063,1001.2783341777434,1884,942,0,0,1884,942,460442,230221,942000.0,230221000.0,1000.0,True,True,688,344,0,0,1884,942,1.220703125e-05,3.2365840635949907,0.4543093491878541,0.4543093491878541,-1.8260200914588862,False,-0.00012025644235965177,1.220703125e-05,True
trial,253,253,252,449.74504803746703,1001.2782182990603,449.74500612686063,1001.2783341777434,1884,942,0,0,1884,942,462326,231163,942000.0,231163000.0,1000.0,True,True,688,344,0,0,1884,942,2.44140625e-05,3.2670645181691325,-0.18933009499853656,-0.18933009499853656,0.5234789941810598,False,-0.0002213626227727363,2.44140625e-05,False
trial,254,254,254,449.74496116431953,1001.2781357595911,449.74496116431953,1001.2781357595911,1884,942,0,0,1884,942,464210,232105,942000.0,232105000.0,1000.0,True,True,688,344,0,0,1884,942,1.220703125e-05,3.2670645181691325,0.40594060774446644,0.40594060774446644,1.7914019842138953,False,-0.00011076137799163329,1.220703125e-05,True
trial,255,255,254,449.74498349332293,1001.2783365482262,449.74496116431953,1001.2781357595911,1884,942,0,0,1884,942,466094,233047,942000.0,233047000.0,1000.0,True,True,688,344,0,0,1884,942,2.44140625e-05,3.2282364768150345,-0.09268634089376111,-0.09268634089376111,-0.833461464694821,False,-0.0002409093204535883,2.44140625e-05,False
trial,256,256,256,449.74490648141216,1001.2782092377165,449.74490648141216,1001.2782092377165,1884,942,0,0,1884,942,467978,233989,942000.0,233989000.0,1000.0,True,True,688,344,0,0,1884,942,1.220703125e-05,3.2282364768150345,0.4538901827708353,0.4538901827708353,-0.6098980716670168,False,-0.00012047607428236672,1.220703125e-05,True
trial,257,257,256,449.74494828306445,1001.2781355603329,449.74490648141216,1001.2782092377165,1884,942,0,0,1884,942,469862,234931,942000.0,234931000.0,1000.0,True,True,688,344,0,0,1884,942,2.44140625e-05,3.2566816862336654,-0.18878845358111926,-0.18878845358111926,0.33274855316587115,False,-0.0002214205979986759,2.44140625e-05,False
trial,258,258,258,449.7448614881826,1001.2781280052119,449.7448614881826,1001.2781280052119,1884,942,0,0,1884,942,471746,235873,942000.0,235873000.0,1000.0,True,True,688,344,0,0,1884,942,1.220703125e-05,3.2566816862336654,0.4061739190598463,0.4061739190598463,0.7333219927275787,False,-0.00011077331024878812,1.220703125e-05,True
trial,259,259,258,449.74488381726667,1001.2783667381706,449.7448614881826,1001.2781280052119,1884,942,0,0,1884,942,473630,236815,942000.0,236815000.0,1000.0,True,True,688,344,0,0,1884,942,2.44140625e-05,3.2203018341862104,-0.09270342370712725,-0.09270342370712725,-0.99114511642659,False,-0.00024086579726979678,2.44140625e-05,False
trial,260,260,260,449.74480673892754,1001.2781457881161,449.74480673892754,1001.2781457881161,1884,942,0,0,1884,942,475514,237757,942000.0,237757000.0,1000.0,True,True,688,344,0,0,1884,942,1.220703125e-05,3.2203018341862104,0.4542825182007349,0.4542825182007349,-0.1475538345457606,False,-0.0001205180760371715,1.220703125e-05,True
trial,261,261,260,449.74484808861604,1001.2779966712055,449.74480673892754,1001.2781457881161,1884,942,0,0,1884,942,477398,238699,942000.0,238699000.0,1000.0,True,True,688,344,0,0,1884,942,2.44140625e-05,3.2483006922555666,-0.18672725534636667,-0.18672725534636667,0.6733833422886698,False,-0.0002214443115171778,2.44140625e-05,False
trial,262,262,262,449.7447609219192,1001.2780961236805,449.7447609219192,1001.2780961236805,1884,942,0,0,1884,942,479282,239641,942000.0,239641000.0,1000.0,True,True,688,344,0,0,1884,942,1.220703125e-05,3.2483006922555666,0.4138021190386994,0.4138021190386994,0.4485506464992133,False,-0.00011072202448501182,1.220703125e-05,True
trial,263,263,262,449.7447849066159,1001.2782044947118,449.7447609219192,1001.2780961236805,1884,942,0,0,1884,942,481166,240583,942000.0,240583000.0,1000.0,True,True,688,344,0,0,1884,942,2.44140625e-05,3.1900591783156558,-0.1002867414421113,-0.1002867414421113,-0.45312966505047475,False,-0.00023916119299334404,2.44140625e-05,False
trial,264,264,264,449.7447070580721,1001.2782197916974,449.7447070580721,1001.2782197916974,1884,942,0,0,1884,942,483050,241525,942000.0,241525000.0,1000.0,True,True,688,344,0,0,1884,942,1.220703125e-05,3.1900591783156558,0.4502749808031203,0.4502749808031203,-1.0338031346207808,False,-0.0001196243393085032,1.220703125e-05,True
trial,265,265,264,449.7447469491879,1001.2780017879207,449.7447070580721,1001.2782197916974,1884,942,0,0,1884,942,484934,242467,942000.0,242467000.0,1000.0,True,True,688,344,0,0,1884,942,2.44140625e-05,3.248834131415206,-0.17870415481153656,-0.17870415481153656,0.9766129590641446,False,-0.00022322433331592478,2.44140625e-05,False
trial,266,266,266,449.74466095070306,1001.2781906313712,449.74466095070306,1001.2781906313712,1884,942,0,0,1884,942,486818,243409,942000.0,243409000.0,1000.0,True,True,688,344,0,0,1884,942,1.220703125e-05,3.248834131415206,0.41302931234197293,0.41302931234197293,0.2612178864273782,False,-0.00011163219571241609,1.220703125e-05,True
trial,267,267,266,449.74468533904565,1001.2781909184793,449.74466095070306,1001.2781906313712,1884,942,0,0,1884,942,488702,244351,942000.0,244351000.0,1000.0,True,True,676,338,0,0,1884,942,2.44140625e-05,3.178041613058648,-0.10217022092842391,-0.10217022092842391,-0.001202783315963946,False,-0.00023870304242652903,2.44140625e-05,False
trial,268,268,268,449.7446072649583,1001.2781309241135,449.7446072649583,1001.2781309241135,1884,942,0,0,1884,942,490586,245293,942000.0,245293000.0,1000.0,True,True,676,338,0,0,1884,942,1.220703125e-05,3.178041613058648,0.4495499167674801,0.4495499167674801,0.49997243869943153,False,-0.00011942109824018622,1.220703125e-05,True
trial,269,269,268,449.7446467034523,1001.278011126531,449.7446072649583,1001.2781309241135,1884,942,0,0,1884,942,492470,246235,942000.0,246235000.0,1000.0,True,True,678,339,0,0,1884,942,2.44140625e-05,3.2418795494292554,-0.17635417225131042,-0.17635417225131042,0.5356899145803389,False,-0.00022363232754972717,2.44140625e-05,False
trial,270,270,270,449.74456110974484,1001.2780153590714,449.74456110974484,1001.2780153590714,1884,942,0,0,1884,942,494354,247177,942000.0,247177000.0,1000.0,True,True,678,339,0,0,1884,942,1.220703125e-05,3.2418795494292554,0.41251642687697376,0.41251642687697376,1.0328730960504269,False,-0.00011188697090994368,1.220703125e-05,True
trial,271,271,270,449.7445854346133,1001.2780004782605,449.74456110974484,1001.2780153590714,1884,942,0,0,1884,942,496238,248119,942000.0,248119000.0,1000.0,True,True,688,344,0,0,1884,942,2.44140625e-05,3.1674081917335437,-0.10190456478570074,-0.10190456478570074,0.06234042169160626,False,-0.00023870244225246523,2.44140625e-05,False
trial,272,272,272,449.74450746090145,1001.2781326883841,449.74450746090145,1001.2781326883841,1884,942,0,0,1884,942,498122,249061,942000.0,249061000.0,1000.0,True,True,688,344,0,0,1884,942,1.220703125e-05,3.1674081917335437,0.44940535917579283,0.44940535917579283,-0.9828435907512263,False,-0.00011937740014775547,1.220703125e-05,True
trial,273,273,272,449.744546850752,1001.2778732072289,449.74450746090145,1001.2781326883841,1884,942,0,0,1884,942,500006,250003,942000.0,250003000.0,1000.0,True,True,688,344,0,0,1884,942,2.44140625e-05,3.234111100920303,-0.17615947137265558,-0.17615947137265558,1.1604528194193993,False,-0.00022360336481066053,2.44140625e-05,False
trial,274,274,274,449.744461298968,1001.2778069548307,449.744461298968,1001.2778069548307,1884,942,0,0,1884,942,501890,250945,942000.0,250945000.0,1000.0,True,True,688,344,0,0,1884,942,1.220703125e-05,3.234111100920303,0.4126064784885028,0.4126064784885028,2.911484948997047,False,-0.00011187883814887427,1.220703125e-05,True
trial,275,275,274,449.7444840074953,1001.2777748801832,449.744461298968,1001.2778069548307,1884,942,0,0,1884,942,503774,251887,942000.0,251887000.0,1000.0,True,True,688,344,0,0,1884,942,2.44140625e-05,3.1701674964905004,-0.0951904231569938,-0.0951904231569938,0.13445166335680184,False,-0.00023855894893278764,2.44140625e-05,False
trial,276,276,276,449.74440761516223,1001.2779279458503,449.74440761516223,1001.2779279458503,1884,942,0,0,1884,942,505658,252829,942000.0,252829000.0,1000.0,True,True,688,344,0,0,1884,942,1.220703125e-05,3.1701674964905004,0.4496608641934387,0.4496608641934387,-1.0134327404911554,False,-0.000119387320674636,1.220703125e-05,True
trial,277,277,276,449.7444470193904,1001.2778541277928,449.74440761516223,1001.2779279458503,1884,942,0,0,1884,942,507542,253771,942000.0,253771000.0,1000.0,True,True,676,338,0,0,1884,942,2.44140625e-05,3.2259822910392817,-0.1762589274656488,-0.1762589274656488,0.3301953174873998,False,-0.0002235587651761847,2.44140625e-05,False
trial,278,278,278,449.7443614556669,1001.2778109286882,449.7443614556669,1001.2778109286882,1884,942,0,0,1884,942,509426,254713,942000.0,254713000.0,1000.0,True,True,676,338,0,0,1884,942,1.220703125e-05,3.2259822910392817,0.4126739159177223,0.4126739159177223,1.046153779213859,False,-0.00011185464739699458,1.220703125e-05,True
trial,279,279,278,449.7443857810308,1001.2778056314003,449.7443614556669,1001.2778109286882,1884,942,0,0,1884,942,511310,255655,942000.0,255655000.0,1000.0,True,True,688,344,0,0,1884,942,2.44140625e-05,3.1523412678021705,-0.10195058144487845,-0.10195058144487845,0.022201582730916,False,-0.00023859956062547916,2.44140625e-05,False
trial,280,280,280,449.74430779864457,1001.2778746834474,449.74430779864457,1001.2778746834474,1884,942,0,0,1884,942,513194,256597,942000.0,256597000.0,1000.0,True,True,688,344,0,0,1884,942,1.220703125e-05,3.1523412678021705,0.44957577454507425,0.44957577454507425,-0.5341816232113379,False,-0.00011935034168709985,1.220703125e-05,True
trial,281,281,280,449.7443470336468,1001.2777236917299,449.74430779864457,1001.2778746834474,1884,942,0,0,1884,942,515078,257539,942000.0,257539000.0,1000.0,True,True,688,344,0,0,1884,942,2.44140625e-05,3.2193619925665407,-0.1756019871476906,-0.1756019871476906,0.6757855007621628,False,-0.00022343142515242264,2.44140625e-05,False
trial,282,282,282,449.74426167327016,1001.2777528518488,449.74426167327016,1001.2777528518488,1884,942,0,0,1884,942,516962,258481,942000.0,258481000.0,1000.0,True,True,688,344,0,0,1884,942,1.220703125e-05,3.2193619925665407,0.4125120862986137,0.4125120862986137,1.0895739610199586,False,-0.00011181581326378848,1.220703125e-05,True
trial,283,283,282,449.7442844824518,1001.2777506489945,449.74426167327016,1001.2777528518488,1884,942,0,0,1884,942,518846,259423,942000.0,259423000.0,1000.0,True,True,688,344,0,0,1884,942,2.44140625e-05,3.1457408068314434,-0.09567624555494987,-0.09567624555494987,0.009240175269278608,False,-0.0002383996310848036,2.44140625e-05,False
trial,284,284,284,449.7442078784121,1001.2775927993002,449.7442078784121,1001.2775927993002,1884,942,0,0,1884,942,520730,260365,942000.0,260365000.0,1000.0,True,True,688,344,0,0,1884,942,1.220703125e-05,3.1457408068314434,0.4509696702994688,0.4509696702994688,1.3417424582306112,False,-0.00011928708644977724,1.220703125e-05,True
trial,285,285,284,449.74424745125816,1001.2774765388831,449.7442078784121,1001.2775927993002,1884,942,0,0,1884,942,522614,261307,942000.0,261307000.0,1000.0,True,True,676,338,0,0,1884,942,2.44140625e-05,3.256136209386875,-0.1774599171696711,-0.1774599171696711,0.5213565880751548,False,-0.00022299596821689528,2.44140625e-05,False
trial,286,286,286,449.74416194308935,1001.2776412083492,449.74416194308935,1001.2776412083492,1884,942,0,0,1884,942,524498,262249,942000.0,262249000.0,1000.0,True,True,676,338,0,0,1884,942,1.220703125e-05,3.256136209386875,0.4116076373990708,0.4116076373990708,-0.4337736862368624,False,-0.00011159978238018965,1.220703125e-05,True
trial,287,287,286,449.74418606690585,1001.2776087708726,449.74416194308935,1001.2776412083492,1884,942,0,0,1884,942,526382,263191,942000.0,263191000.0,1000.0,True,True,688,344,0,0,1884,942,2.44140625e-05,3.144412181086827,-0.10104140130867828,-0.10104140130867828,0.13586275186504757,False,-0.00023875180064105225,2.44140625e-05,False
trial,288,288,288,449.7441081693455,1001.2775821850471,449.7441081693455,1001.2775821850471,1884,942,0,0,1884,942,528266,264133,942000.0,264133000.0,1000.0,True,True,688,344,0,0,1884,942,1.220703125e-05,3.144412181086827,0.45022721910725644,0.45022721910725644,0.4941797851598652,False,-0.00011943690110550854,1.220703125e-05,True
trial,289,289,288,449.7441481593169,1001.27733355163,449.7441081693455,1001.2775821850471,1884,942,0,0,1884,942,530150,265075,942000.0,265075000.0,1000.0,True,True,676,338,0,0,1884,942,2.44140625e-05,3.203373677900284,-0.17942248623237553,-0.17942248623237553,1.115540328634629,False,-0.0002228816033723432,2.44140625e-05,False
trial,290,290,290,449.7440623039133,1001.2775091571,449.7440623039133,1001.2775091571,1884,942,0,0,1884,942,532034,266017,942000.0,266017000.0,1000.0,True,True,676,338,0,0,1884,942,1.220703125e-05,3.203373677900284,0.411250093494352,0.411250093494352,0.6548014189805242,False,-0.00011152686141647072,1.220703125e-05,True
trial,291,291,290,449.7440865532264,1001.2773773019788,449.7440623039133,1001.2775091571,1884,942,0,0,1884,942,533918,266959,942000.0,266959000.0,1000.0,True,True,678,339,0,0,1884,942,2.44140625e-05,3.1341479665217165,-0.10162235872634884,-0.10162235872634884,0.5525694019027253,False,-0.00023862182865310154,2.44140625e-05,False
trial,292,292,292,449.74400854855514,1001.2774938464953,449.74400854855514,1001.2774938464953,1884,942,0,0,1884,942,535802,267901,942000.0,267901000.0,1000.0,True,True,678,339,0,0,1884,942,1.220703125e-05,3.1341479665217165,0.450204497361733,0.450204497361733,0.12822727478663015,False,-0.0001194020905960871,1.220703125e-05,True
trial,293,293,292,449.74404864346695,1001.2772819524023,449.74400854855514,1001.2774938464953,1884,942,0,0,1884,942,537686,268843,942000.0,268843000.0,1000.0,True,True,678,339,0,0,1884,942,2.44140625e-05,3.1964640280243044,-0.1799961413500519,-0.1799961413500519,0.9512458662523977,False,-0.00022275428522800048,2.44140625e-05,False
trial,294,294,294,449.7439627412002,1001.2774555178858,449.7439627412002,1001.2774555178858,1884,942,0,0,1884,942,539570,269785,942000.0,269785000.0,1000.0,True,True,678,339,0,0,1884,942,1.220703125e-05,3.1964640280243044,0.41096505350239554,0.41096505350239554,0.34386877610338024,False,-0.00011146289576731031,1.220703125e-05,True
trial,295,295,294,449.7439870677387,1001.2772970417351,449.7439627412002,1001.2774555178858,1884,942,0,0,1884,942,541454,270727,942000.0,270727000.0,1000.0,True,True,688,344,0,0,1884,942,2.44140625e-05,3.1378744765220175,-0.10200178079917885,-0.10200178079917885,0.6644944403226083,False,-0.00023849131165384403,2.44140625e-05,False
trial,296,296,296,449.74390908041056,1001.27738952553,449.74390908041056,1001.27738952553,1884,942,0,0,1884,942,543338,271669,942000.0,271669000.0,1000.0,True,True,688,344,0,0,1884,942,1.220703125e-05,3.1378744765220175,0.44972831729309015,0.44972831729309015,0.553078538293047,False,-0.00011931823636014139,1.220703125e-05,True
trial,297,297,296,449.74394923222496,1001.2772115861685,449.74390908041056,1001.27738952553,1884,942,0,0,1884,942,545222,272611,942000.0,272611000.0,1000.0,True,True,688,344,0,0,1884,942,2.44140625e-05,3.188745517878153,-0.18035709744515077,-0.18035709744515077,0.7992821056065458,False,-0.0002226239774971958,2.44140625e-05,False
trial,298,298,298,449.7438633246462,1001.2772005699513,449.7438633246462,1001.2772005699513,1884,942,0,0,1884,942,547106,273553,942000.0,273553000.0,1000.0,True,True,688,344,0,0,1884,942,1.220703125e-05,3.188745517878153,0.41073561755988935,0.41073561755988935,1.6961969142370361,False,-0.00011139955336477648,1.220703125e-05,True
trial,299,299,298,449.7438877454857,1001.2771447151705,449.7438633246462,1001.2772005699513,1884,942,0,0,1884,942,548990,274495,942000.0,274495000.0,1000.0,True,True,688,344,0,0,1884,942,2.44140625e-05,3.1217240806970366,-0.10245898243446001,-0.10245898243446001,0.234341821330762,False,-0.00023834747260389864,2.44140625e-05,False
trial,300,300,300,449.74380971735695,1001.2772502177351,449.74380971735695,1001.2772502177351,1884,942,0,0,1884,942,550874,275437,942000.0,275437000.0,1000.0,True,True,688,344,0,0,1884,942,1.220703125e-05,3.1217240806970366,0.44957509316663297,0.44957509316663297,-0.41636888009444434,False,-0.00011923990024109746,1.220703125e-05,True
trial,301,301,300,449.74384996968365,1001.2768742021684,449.74380971735695,1001.2772502177351,1884,942,0,0,1884,942,552758,276379,942000.0,276379000.0,1000.0,True,True,688,344,0,0,1884,942,2.44140625e-05,3.1822323570368765,-0.1809714867017879,-0.1809714867017879,1.690538204868513,False,-0.0002224235841350735,2.44140625e-05,False
trial,302,302,302,449.74376406859676,1001.2771061794601,449.74376406859676,1001.2771061794601,1884,942,0,0,1884,942,554642,277321,942000.0,277321000.0,1000.0,True,True,688,344,0,0,1884,942,1.220703125e-05,3.1822323570368765,0.41014423819564616,0.41014423819564616,1.2941527500706753,False,-0.00011129928435208679,1.220703125e-05,True
trial,303,303,302,449.74378866264135,1001.276995196465,449.74376406859676,1001.2771061794601,1884,942,0,0,1884,942,556526,278263,942000.0,278263000.0,1000.0,True,True,688,344,0,0,1884,942,2.44140625e-05,3.1170536025356057,-0.10328073272990476,-0.10328073272990476,0.4660642545152625,False,-0.0002381280993971876,2.44140625e-05,False
trial,304,304,304,449.74371055785645,1001.2770289948587,449.74371055785645,1001.2770289948587,1884,942,0,0,1884,942,558410,279205,942000.0,279205000.0,1000.0,True,True,688,344,0,0,1884,942,1.220703125e-05,3.1170536025356057,0.44907632994499186,0.44907632994499186,0.6477536534007643,False,-0.00011915733862389723,1.220703125e-05,True
trial,305,305,304,449.743751031461,1001.276715150309,449.74371055785645,1001.2770289948587,1884,942,0,0,1884,942,560294,280147,942000.0,280147000.0,1000.0,True,True,688,344,0,0,1884,942,2.44140625e-05,3.1752505512758824,-0.18210957641402364,-0.18210957641402364,1.4121326394941993,False,-0.00022224863370444773,2.44140625e-05,False
trial,306,306,306,449.74366500590105,1001.2769728616197,449.74366500590105,1001.2769728616197,1884,942,0,0,1884,942,562178,281089,942000.0,281089000.0,1000.0,True,True,688,344,0,0,1884,942,1.220703125e-05,3.1752505512758824,0.4096370298550042,0.4096370298550042,0.5047917944705171,False,-0.0001112007755045084,1.220703125e-05,True
trial,307,307,306,449.7436897490142,1001.2767618893242,449.74366500590105,1001.2769728616197,1884,942,0,0,1884,942,564062,282031,942000.0,282031000.0,1000.0,True,True,688,344,0,0,1884,942,2.44140625e-05,3.116703251675575,-0.10398618783866485,-0.10398618783866485,0.8866388236735465,False,-0.00023794615104800633,2.44140625e-05,False
trial,308,308,308,449.7436115925748,1001.2768641738824,449.7436115925748,1001.2768641738824,1884,942,0,0,1884,942,565946,282973,942000.0,282973000.0,1000.0,True,True,688,344,0,0,1884,942,1.220703125e-05,3.116703251675575,0.44864563302368504,0.44864563302368504,0.9129234617059175,False,-0.00011905459975263356,1.220703125e-05,True
trial,309,309,308,449.74365225395144,1001.2765390790173,449.7436115925748,1001.2768641738824,1884,942,0,0,1884,942,567830,283915,942000.0,283915000.0,1000.0,True,True,688,344,0,0,1884,942,2.44140625e-05,3.175010092241674,-0.1831336813917534,-0.1831336813917534,1.4641860244327563,False,-0.00022203112147136468,2.44140625e-05,False
trial,310,310,310,449.743566143749,1001.2767378019284,449.743566143749,1001.2767378019284,1884,942,0,0,1884,942,569714,284857,942000.0,284857000.0,1000.0,True,True,688,344,0,0,1884,942,1.220703125e-05,3.175010092241674,0.40910236082491774,0.40910236082491774,1.1375225602723482,False,-0.00011109401986789519,1.220703125e-05,True
trial,311,311,310,449.7435910527971,1001.2766658178837,449.743566143749,1001.2767378019284,1884,942,0,0,1884,942,571598,285799,942000.0,285799000.0,1000.0,True,True,688,344,0,0,1884,942,2.44140625e-05,3.1037501267000387,-0.10476939121320271,-0.10476939121320271,0.3027704835389249,False,-0.0002377511966776098,2.44140625e-05,False
trial,312,312,312,449.743512850282,1001.27671909011,449.743512850282,1001.27671909011,1884,942,0,0,1884,942,573482,286741,942000.0,286741000.0,1000.0,True,True,688,344,0,0,1884,942,1.220703125e-05,3.1037501267000387,0.4480889006054696,0.4480889006054696,0.1573280675574699,False,-0.00011893503031283467,1.220703125e-05,True
trial,313,313,312,449.74355371364663,1001.2763767572703,449.743512850282,1001.27671909011,1884,942,0,0,1884,942,575366,287683,942000.0,287683000.0,1000.0,True,True,688,344,0,0,1884,942,2.44140625e-05,3.1624119155019885,-0.18423913918410756,-0.18423913918410756,1.5434633994948719,False,-0.00022179524292485214,2.44140625e-05,False
trial,314,314,314,449.74346753384077,1001.2765514356373,449.74346753384077,1001.2765514356373,1884,942,0,0,1884,942,577250,288625,942000.0,288625000.0,1000.0,True,True,688,344,0,0,1884,942,1.220703125e-05,3.1624119155019885,0.4083560225143025,0.4083560225143025,1.5107698607399636,False,-0.00011097287350289506,1.220703125e-05,True
trial,315,315,314,449.74349180071715,1001.2764143181317,449.74346753384077,1001.2765514356373,1884,942,0,0,1884,942,579134,289567,942000.0,289567000.0,1000.0,True,True,688,344,0,0,1884,942,2.44140625e-05,3.0962818137588233,-0.10220490906171241,-0.10220490906171241,0.5774983960969337,False,-0.00023743356951376563,2.44140625e-05,False
trial,316,316,316,449.74341434901214,1001.276501198799,449.74341434901214,1001.276501198799,1884,942,0,0,1884,942,581018,290509,942000.0,290509000.0,1000.0,True,True,688,344,0,0,1884,942,1.220703125e-05,3.0962818137588233,0.4476073054199656,0.4476073054199656,0.42279680901919725,False,-0.0001188202873054919,1.220703125e-05,True
trial,317,317,316,449.74345544096263,1001.2761716825628,449.74341434901214,1001.276501198799,1884,942,0,0,1884,942,582902,291451,942000.0,291451000.0,1000.0,True,True,688,344,0,0,1884,942,2.44140625e-05,3.1569879282733084,-0.18549086622937308,-0.18549086622937308,1.4874507380967505,False,-0.00022153085663065484,2.44140625e-05,False
trial,318,318,318,449.7433691358167,1001.2763334887704,449.7433691358167,1001.2763334887704,1884,942,0,0,1884,942,584786,292393,942000.0,292393000.0,1000.0,True,True,688,344,0,0,1884,942,1.220703125e-05,3.1569879282733084,0.40788035850108867,0.40788035850108867,1.5129571333197638,False,-0.00011084916080557613,1.220703125e-05,True
trial,319,319,318,449.74339451512924,1001.2761220626629,449.7433691358167,1001.2763334887704,1884,942,0,0,1884,942,586670,293335,942000.0,293335000.0,1000.0,True,True,688,344,0,0,1884,942,2.44140625e-05,3.090565061331681,-0.10698799827171873,-0.10698799827171873,0.8912793040996555,False,-0.0002372164444295062,2.44140625e-05,False
trial,320,320,320,449.74331607741897,1001.2762925155679,449.74331607741897,1001.2762925155679,1884,942,0,0,1884,942,588554,294277,942000.0,294277000.0,1000.0,True,True,688,344,0,0,1884,942,1.220703125e-05,3.090565061331681,0.4470707888335085,0.4470707888335085,0.34524076805946163,False,-0.00011868008165691198,1.220703125e-05,True
trial,321,321,320,449.7433574023505,1001.2759845010437,449.74331607741897,1001.2762925155679,1884,942,0,0,1884,942,590438,295219,942000.0,295219000.0,1000.0,True,True,688,344,0,0,1884,942,2.44140625e-05,3.1591616771687803,-0.18677799335721285,-0.18677799335721285,1.392145917825253,False,-0.00022125160893693446,2.44140625e-05,False
trial,322,322,322,449.74327100192346,1001.2761423204067,449.74327100192346,1001.2761423204067,1884,942,0,0,1884,942,592322,296161,942000.0,296161000.0,1000.0,True,True,688,344,0,0,1884,942,1.220703125e-05,3.1591616771687803,0.4071615432712108,0.4071615432712108,1.3566948720125558,False,-0.00011070666238432775,1.220703125e-05,True
trial,323,323,322,449.743296643318,1001.2759627657252,449.74327100192346,1001.2761423204067,1884,942,0,0,1884,942,594206,297103,942000.0,297103000.0,1000.0,True,True,688,344,0,0,1884,942,2.44140625e-05,3.086058113059641,-0.10823062120050764,-0.10823062120050764,0.757888370514417,False,-0.00023691441705694978,2.44140625e-05,False
trial,324,324,324,449.743218109878,1001.2760816066059,449.743218109878,1001.2760816066059,1884,942,0,0,1884,942,596090,298045,942000.0,298045000.0,1000.0,True,True,688,344,0,0,1884,942,1.220703125e-05,3.086058113059641,0.44631130723890355,0.44631130723890355,0.5123124959296715,False,-0.00011850931088235323,1.220703125e-05,True
trial,325,325,324,449.7432597247879,1001.2757832243889,449.743218109878,1001.2760816066059,1884,942,0,0,1884,942,597974,298987,942000.0,298987000.0,1000.0,True,True,688,344,0,0,1884,942,2.44140625e-05,3.1478232355838576,-0.1883617356422778,-0.1883617356422778,1.3505686406630013,False,-0.0002209308050158504,2.44140625e-05,False
trial,326,326,326,449.7431731839234,1001.2759852347717,449.7431731839234,1001.2759852347717,1884,942,0,0,1884,942,599858,299929,942000.0,299929000.0,1000.0,True,True,688,344,0,0,1884,942,1.220703125e-05,3.1478232355838576,0.4064105732083648,0.4064105732083648,0.8718018946664726,False,-0.00011054327221640212,1.220703125e-05,True
trial,327,327,326,449.7431990888273,1001.2757571067635,449.7431731839234,1001.2759852347717,1884,942,0,0,1884,942,601742,300871,942000.0,300871000.0,1000.0,True,True,688,344,0,0,1884,942,2.44140625e-05,3.0841243166312786,-0.1094836294793534,-0.1094836294793534,0.9641526720879855,False,-0.00023660983866257893,2.44140625e-05,False
trial,328,328,328,449.74312043480097,1001.2759060614289,449.74312043480097,1001.2759060614289,1884,942,0,0,1884,942,603626,301813,942000.0,301813000.0,1000.0,True,True,688,344,0,0,1884,942,1.220703125e-05,3.0841243166312786,0.44564282514980635,0.44564282514980635,0.6688837756319981,False,-0.00011836636747299089,1.220703125e-05,True
trial,329,329,328,449.7431623325433,1001.2754775081987,449.74312043480097,1001.2759060614289,1884,942,0,0,1884,942,605510,302755,942000.0,302755000.0,1000.0,True,True,688,344,0,0,1884,942,2.44140625e-05,3.144297104581304,-0.18992376538222866,-0.18992376538222866,1.9426450833436055,False,-0.00022060294692859776,2.44140625e-05,False
trial,330,330,330,449.7430756748269,1001.2757642890621,449.7430756748269,1001.2757642890621,1884,942,0,0,1884,942,607394,303697,942000.0,303697000.0,1000.0,True,True,688,344,0,0,1884,942,1.220703125e-05,3.144297104581304,0.4055056593289205,0.4055056593289205,1.2843952283615305,False,-0.00011038063965294653,1.220703125e-05,True
trial,331,331,330,449.74310189547225,1001.2757556677649,449.7430756748269,1001.2757642890621,1884,942,0,0,1884,942,609278,304639,942000.0,304639000.0,1000.0,True,True,688,344,0,0,1884,942,2.44140625e-05,3.0763727577703563,-0.11098828967570953,-0.11098828967570953,0.036492733754340444,False,-0.0002362469537564613,2.44140625e-05,False
trial,332,332,332,449.7430230947708,1001.275670389939,449.7430230947708,1001.275670389939,1884,942,0,0,1884,942,611162,305581,942000.0,305581000.0,1000.0,True,True,688,344,0,0,1884,942,1.220703125e-05,3.0763727577703563,0.4448758672571833,0.4448758672571833,0.7944733593606531,False,-0.00011819039863048838,1.220703125e-05,True
trial,333,333,332,449.7430653776841,1001.2754176111353,449.7430230947708,1001.275670389939,1884,942,0,0,1884,942,613046,306523,942000.0,306523000.0,1000.0,True,True,688,344,0,0,1884,942,2.44140625e-05,3.138315755439554,-0.19203502936801914,-0.19203502936801914,1.1480378534692828,False,-0.00022018333542377303,2.44140625e-05,False
trial,334,334,334,449.742978538757,1001.2755655903326,449.742978538757,1001.2755655903326,1884,942,0,0,1884,942,614930,307465,942000.0,307465000.0,1000.0,True,True,688,344,0,0,1884,942,1.220703125e-05,3.138315755439554,0.4044281445071849,0.4044281445071849,0.9512500495606391,False,-0.00011017040839636601,1.220703125e-05,True
trial,335,335,334,449.74300516386745,1001.2753325831723,449.742978538757,1001.2755655903326,1884,942,0,0,1884,942,616814,308407,942000.0,308407000.0,1000.0,True,True,688,344,0,0,1884,942,2.44140625e-05,3.073416390399968,-0.11290694705944367,-0.11290694705944367,0.9880945709223923,False,-0.0002358146347274759,2.44140625e-05,False
trial,336,336,336,449.7429261301026,1001.2754696271902,449.7429261301026,1001.2754696271902,1884,942,0,0,1884,942,618698,309349,942000.0,309349000.0,1000.0,True,True,688,344,0,0,1884,942,1.220703125e-05,3.073416390399968,0.44408887421879684,0.44408887421879684,0.8131512700537347,False,-0.00011801388733587746,1.220703125e-05,True
trial,337,337,336,449.7429687326118,1001.2751112426272,449.7429261301026,1001.2754696271902,1884,942,0,0,1884,942,620582,310291,942000.0,310291000.0,1000.0,True,True,688,344,0,0,1884,942,2.44140625e-05,3.13425448191894,-0.19380569859247707,-0.19380569859247707,1.6303492889514881,False,-0.00021982072519264196,2.44140625e-05,False
trial,338,338,338,449.7428817413355,1001.2752745865982,449.7428817413355,1001.2752745865982,1884,942,0,0,1884,942,622466,311233,942000.0,311233000.0,1000.0,True,True,688,344,0,0,1884,942,1.220703125e-05,3.13425448191894,0.4035562429479998,0.4035562429479998,1.773192941981302,False,-0.00010999400423034827,1.220703125e-05,True
trial,339,339,338,449.74290873532493,1001.2751890591511,449.7428817413355,1001.2752745865982,1884,942,0,0,1884,942,624350,312175,942000.0,312175000.0,1000.0,True,True,688,344,0,0,1884,942,2.44140625e-05,3.069638935149743,-0.11467097446720172,-0.11467097446720172,0.3633222030958596,False,-0.0002354038547926432,2.44140625e-05,False
trial,340,340,340,449.7428295391396,1001.2751434039408,449.7428295391396,1001.2751434039408,1884,942,0,0,1884,942,626234,313117,942000.0,313117000.0,1000.0,True,True,688,344,0,0,1884,942,1.220703125e-05,3.069638935149743,0.44313552377609994,0.44313552377609994,1.1135871707770197,False,-0.00011780187569664509,1.220703125e-05,True
trial,341,341,340,449.7428725920622,1001.2749360490042,449.7428295391396,1001.2751434039408,1884,942,0,0,1884,942,628118,314059,942000.0,314059000.0,1000.0,True,True,688,344,0,0,1884,942,2.44140625e-05,3.1316358564711537,-0.19628805749106643,-0.19628805749106643,0.9453782755464454,False,-0.00021933541521894774,2.44140625e-05,False
trial,342,342,342,449.7427853623508,1001.2750847352918,449.7427853623508,1001.2750847352918,1884,942,0,0,1884,942,630002,315001,942000.0,315001000.0,1000.0,True,True,688,344,0,0,1884,942,1.220703125e-05,3.1316358564711537,0.4024190648214928,0.4024190648214928,0.5344295835952024,False,-0.00010977807140643183,1.220703125e-05,True
trial,343,343,342,449.7428127490831,1001.2748433934337,449.7427853623508,1001.2750847352918,1884,942,0,0,1884,942,631886,315943,942000.0,315943000.0,1000.0,True,True,688,344,0,0,1884,942,2.44140625e-05,3.068845999577195,-0.11655326333650191,-0.11655326333650191,1.027109799727096,False,-0.00023497181914154723,2.44140625e-05,False
trial,344,344,344,449.7427333519876,1001.27492265327,449.7427333519876,1001.27492265327,1884,942,0,0,1884,942,633770,316885,942000.0,316885000.0,1000.0,True,True,688,344,0,0,1884,942,1.220703125e-05,3.068845999577195,0.44223676774520665,0.44223676774520665,1.3781605255644376,False,-0.00011760750565385147,1.220703125e-05,True
trial,345,345,344,449.7427767370087,1001.2746503668947,449.7427333519876,1001.27492265327,1884,942,0,0,1884,942,635654,317827,942000.0,317827000.0,1000.0,True,True,688,344,0,0,1884,942,2.44140625e-05,3.131702771721485,-0.19817921792570617,-0.19817921792570617,1.243781830605736,False,-0.000218918116200501,2.44140625e-05,False
trial,346,346,346,449.74268939008334,1001.2747214303473,449.74268939008334,1001.2747214303473,1884,942,0,0,1884,942,637538,318769,942000.0,318769000.0,1000.0,True,True,688,344,0,0,1884,942,1.220703125e-05,3.131702771721485,0.4012396911401229,0.4012396911401229,1.8365588265649748,False,-0.00010956519320739098,1.220703125e-05,True
trial,347,347,346,449.7427172450275,1001.2746927677377,449.74268939008334,1001.2747214303473,1884,942,0,0,1884,942,639422,319711,942000.0,319711000.0,1000.0,True,True,688,344,0,0,1884,942,2.44140625e-05,3.0645483287827036,-0.11880450278164305,-0.11880450278164305,0.1222492875149971,False,-0.00023446034041125298,2.44140625e-05,False
trial,348,348,348,449.7426376125204,1001.2746349311635,449.7426376125204,1001.2746349311635,1884,942,0,0,1884,942,641306,320653,942000.0,320653000.0,1000.0,True,True,688,344,0,0,1884,942,1.220703125e-05,3.0645483287827036,0.44117223198035826,0.44117223198035826,0.7370188131534718,False,-0.0001173636035479582,1.220703125e-05,True
trial,349,349,348,449.7426813698071,1001.2747551372477,449.7426376125204,1001.2746349311635,1884,942,0,0,1884,942,643190,321595,942000.0,321595000.0,1000.0,True,True,688,344,0,0,1884,942,2.44140625e-05,3.1271470924857283,-0.20020679849785195,-0.20020679849785195,-0.5499901181144888,False,-0.00021856044352208562,2.44140625e-05,False
trial,350,350,350,449.7425938894917,1001.2748974705573,449.7425938894917,1001.2748974705573,1884,942,0,0,1884,942,645074,322537,942000.0,322537000.0,1000.0,True,True,688,344,0,0,1884,942,1.220703125e-05,3.1271470924857283,0.40001071878599653,0.40001071878599653,-2.4019052352741257,False,-0.00010930464281455226,1.220703125e-05,True
trial,351,351,350,449.7426218550951,1001.2749066403558,449.7425938894917,1001.2748974705573,1884,942,0,0,1884,942,646958,323479,942000.0,323479000.0,1000.0,True,True,688,344,0,0,1884,942,2.44140625e-05,3.0706932971870935,-0.11934598448972297,-0.11934598448972297,-0.03913302371598496,False,-0.00023432379001011203,2.44140625e-05,False
trial,352,352,352,449.7425422529851,1001.2747969778356,449.7425422529851,1001.2747969778356,1884,942,0,0,1884,942,648842,324421,942000.0,324421000.0,1000.0,True,True,688,344,0,0,1884,942,1.220703125e-05,3.0706932971870935,0.44048854407336885,0.44048854407336885,0.8572596331241973,False,-0.00011722553798457242,1.220703125e-05,True
trial,353,353,352,449.74258577890953,1001.2751253452043,449.7425422529851,1001.2747969778356,1884,942,0,0,1884,942,650726,325363,942000.0,325363000.0,1000.0,True,True,688,344,0,0,1884,942,2.44140625e-05,3.129085932357794,-0.19931774566568117,-0.19931774566568117,-1.5036887682977738,False,-0.00021837455699692798,2.44140625e-05,False
trial,354,354,354,449.74249861022633,1001.2749640499044,449.74249861022633,1001.2749640499044,1884,942,0,0,1884,942,652610,326305,942000.0,326305000.0,1000.0,True,True,688,344,0,0,1884,942,1.220703125e-05,3.129085932357794,0.39952056143757536,0.39952056143757536,-1.5294341733379366,False,-0.00010923782902647777,1.220703125e-05,True
trial,355,355,354,449.7425266177817,1001.2752640249043,449.74249861022633,1001.2749640499044,1884,942,0,0,1884,942,654494,327247,942000.0,327247000.0,1000.0,True,True,688,344,0,0,1884,942,2.44140625e-05,3.072808415157559,-0.11956689920568384,-0.11956689920568384,-1.280621606931113,False,-0.00023424171381940568,2.44140625e-05,False
trial,356,356,356,449.74244702143847,1001.2750907277258,449.74244702143847,1001.2750907277258,1884,942,0,0,1884,942,656378,328189,942000.0,328189000.0,1000.0,True,True,688,344,0,0,1884,942,1.220703125e-05,3.072808415157559,0.4403147355799812,0.4403147355799812,-1.081206086501177,False,-0.00011716343719725282,1.220703125e-05,True
trial,357,357,356,449.74249091310196,1001.2753746778943,449.74244702143847,1001.2750907277258,1884,942,0,0,1884,942,658262,329131,942000.0,329131000.0,1000.0,True,True,688,344,0,0,1884,942,2.44140625e-05,3.137184280264783,-0.20103096065751436,-0.20103096065751436,-1.3005379749109582,False,-0.00021833285455770477,2.44140625e-05,False
trial,358,358,358,449.7424033847757,1001.2751806944618,449.7424033847757,1001.2751806944618,1884,942,0,0,1884,942,660146,330073,942000.0,330073000.0,1000.0,True,True,688,344,0,0,1884,942,1.220703125e-05,3.137184280264783,0.39952597895845215,0.39952597895845215,-0.8237121263238739,False,-0.00010922108968912055,1.220703125e-05,True
trial,359,359,358,449.74243133921715,1001.275580352029,449.7424033847757,1001.2751806944618,1884,942,0,0,1884,942,662030,331015,942000.0,331015000.0,1000.0,True,True,688,344,0,0,1884,942,2.44140625e-05,3.0757670747535237,-0.11933440958644431,-0.11933440958644431,-1.7060938197812259,False,-0.0002342529833661458,2.44140625e-05,False
trial,360,360,360,449.74235182894733,1001.275396168599,449.74235182894733,1001.275396168599,1884,942,0,0,1884,942,663914,331957,942000.0,331957000.0,1000.0,True,True,688,344,0,0,1884,942,1.220703125e-05,3.0757670747535237,0.4401584823206634,0.4401584823206634,-1.8396129440808144,False,-0.00011713014839058058,1.220703125e-05,True
trial,361,361,360,449.74239566627523,1001.2756600691202,449.74235182894733,1001.275396168599,1884,942,0,0,1884,942,665798,332899,942000.0,332899000.0,1000.0,True,True,688,344,0,0,1884,942,2.44140625e-05,3.1379940409363236,-0.20076279362031635,-0.20076279362031635,-1.208591135460374,False,-0.0002183538448704327,2.44140625e-05,False
trial,362,362,362,449.74230819540793,1001.2755352117015,449.74230819540793,1001.2755352117015,1884,942,0,0,1884,942,667682,333841,942000.0,333841000.0,1000.0,True,True,688,344,0,0,1884,942,1.220703125e-05,3.1379940409363236,0.39955995608304135,0.39955995608304135,-1.2732420220680294,False,-0.00010920398488718975,1.220703125e-05,True
trial,363,363,362,449.74233612494595,1001.2759066582682,449.74230819540793,1001.2755352117015,1884,942,0,0,1884,942,669566,334783,942000.0,334783000.0,1000.0,True,True,688,344,0,0,1884,942,2.44140625e-05,3.0759756113538153,-0.11924190647988317,-0.11924190647988317,-1.5858478125402067,False,-0.00023422585939374105,2.44140625e-05,False
trial,364,364,364,449.74225663413586,1001.2757242186649,449.74225663413586,1001.2757242186649,1884,942,0,0,1884,942,671450,335725,942000.0,335725000.0,1000.0,True,True,688,344,0,0,1884,942,1.220703125e-05,3.0759756113538153,0.4402369408073356,0.4402369408073356,-1.613766379632074,False,-0.00011712163903994431,1.220703125e-05,True
trial,365,365,364,449.7423004533276,1001.2760551950362,449.74225663413586,1001.2757242186649,1884,942,0,0,1884,942,673334,336667,942000.0,336667000.0,1000.0,True,True,688,344,0,0,1884,942,2.44140625e-05,3.13972965771098,-0.20070673960652557,-0.20070673960652557,-1.5159838820649452,False,-0.00021832446584915736,2.44140625e-05,False
trial,366,366,366,449.74221300084605,1001.2760132528151,449.74221300084605,1001.2760132528151,1884,942,0,0,1884,942,675218,337609,942000.0,337609000.0,1000.0,True,True,688,344,0,0,1884,942,1.220703125e-05,3.13972965771098,0.39967020568667094,0.39967020568667094,-2.6474817458241806,False,-0.000109173236296662,1.220703125e-05,True
trial,367,367,366,449.7422408539089,1001.2763111495578,449.74221300084605,1001.2760132528151,1884,942,0,0,1884,942,677102,338551,942000.0,338551000.0,1000.0,True,True,688,344,0,0,1884,942,2.44140625e-05,3.0671826035692313,-0.11889116609991598,-0.11889116609991598,-1.271576173825811,False,-0.00023427361164390787,2.44140625e-05,False
trial,368,368,368,449.74216139079925,1001.2761483882962,449.74216139079925,1001.2761483882962,1884,942,0,0,1884,942,678986,339493,942000.0,339493000.0,1000.0,True,True,688,344,0,0,1884,942,1.220703125e-05,3.0671826035692313,0.44051541107788844,0.44051541107788844,-1.1534432864434474,False,-0.00011715832295158456,1.220703125e-05,True
trial,369,369,368,449.74220515921263,1001.2764213464603,449.74216139079925,1001.2761483882962,1884,942,0,0,1884,942,680870,340435,942000.0,340435000.0,1000.0,True,True,688,344,0,0,1884,942,2.44140625e-05,3.133124731360661,-0.20046165715605252,-0.20046165715605252,-1.2501628845322281,False,-0.00021833808020001156,2.44140625e-05,False
trial,370,370,370,449.7421177486649,1001.2762709882497,449.7421177486649,1001.2762709882497,1884,942,0,0,1884,942,682754,341377,942000.0,341377000.0,1000.0,True,True,688,344,0,0,1884,942,1.220703125e-05,3.133124731360661,0.39967381710915,0.39967381710915,-1.1227679886919284,False,-0.0001091943792405233,1.220703125e-05,True
trial,371,371,370,449.7421455856229,1001.2767048624299,449.7421177486649,1001.2762709882497,1884,942,0,0,1884,942,684638,342319,942000.0,342319000.0,1000.0,True,True,688,344,0,0,1884,942,2.44140625e-05,3.076256543993201,-0.11884178953519864,-0.11884178953519864,-1.8522995225753514,False,-0.00023423543272298715,2.44140625e-05,False
trial,372,372,372,449.7420661367481,1001.2764722470644,449.7420661367481,1001.2764722470644,1884,942,0,0,1884,942,686522,343261,942000.0,343261000.0,1000.0,True,True,688,344,0,0,1884,942,1.220703125e-05,3.076256543993201,0.44054276162644607,0.44054276162644607,-1.7178806666972546,False,-0.00011715529403687574,1.220703125e-05,True
trial,373,373,372,449.7421098813022,1001.2766193321179,449.7420661367481,1001.2764722470644,1884,942,0,0,1884,942,688406,344203,942000.0,344203000.0,1000.0,True,True,688,344,0,0,1884,942,2.44140625e-05,3.138615163982772,-0.2003843303357189,-0.2003843303357189,-0.6737647820583034,False,-0.0002183032676146608,2.44140625e-05,False
trial,374,374,374,449.742022497153,1001.2766408388026,449.742022497153,1001.2766408388026,1884,942,0,0,1884,942,690290,345145,942000.0,345145000.0,1000.0,True,True,688,344,0,0,1884,942,1.220703125e-05,3.138615163982772,0.39971507915519006,0.39971507915519006,-1.5442091022451625,False,-0.00010917675459678367,1.220703125e-05,True
trial,375,375,374,449.74205026360823,1001.2770510112755,449.742022497153,1001.2766408388026,1884,942,0,0,1884,942,692174,346087,942000.0,346087000.0,1000.0,True,True,688,344,0,0,1884,942,2.44140625e-05,3.075020464715097,-0.11852028420708277,-0.11852028420708277,-1.750808941301911,False,-0.00023427597566430636,2.44140625e-05,False
trial,376,376,376,449.7419709064666,1001.2769276396236,449.7419709064666,1001.2769276396236,1884,942,0,0,1884,942,694058,347029,942000.0,347029000.0,1000.0,True,True,688,344,0,0,1884,942,1.220703125e-05,3.075020464715097,0.440493964042752,0.440493964042752,-2.44877591837273,False,-0.00011712007575734443,1.220703125e-05,True
trial,377,377,376,449.7420145595529,1001.2771783246378,449.7419709064666,1001.2769276396236,1884,942,0,0,1884,942,695942,347971,942000.0,347971000.0,1000.0,True,True,688,344,0,0,1884,942,2.44140625e-05,3.15244443409233,-0.1999146726157864,-0.1999146726157864,-1.1480428249473575,False,-0.00021835859145010787,2.44140625e-05,False
trial,378,378,378,449.74192723207335,1001.2768514900656,449.74192723207335,1001.2768514900656,1884,942,0,0,1884,942,697826,348913,942000.0,348913000.0,1000.0,True,True,688,344,0,0,1884,942,1.220703125e-05,3.15244443409233,0.39993277208407646,0.39993277208407646,0.697312580330987,False,-0.00010920433701372127,1.220703125e-05,True
trial,379,379,378,449.74195494708295,1001.2774898031055,449.74192723207335,1001.2768514900656,1884,942,0,0,1884,942,699710,349855,942000.0,349855000.0,1000.0,True,True,688,344,0,0,1884,942,2.44140625e-05,3.084020061748495,-0.11831150990163447,-0.11831150990163447,-2.72486932689137,False,-0.00023425455069433704,2.44140625e-05,False
trial,380,380,380,449.7418755885034,1001.2772829102872,449.7418755885034,1001.2772829102872,1884,942,0,0,1884,942,701594,350797,942000.0,350797000.0,1000.0,True,True,688,344,0,0,1884,942,1.220703125e-05,3.084020061748495,0.4408061145114146,0.4408061145114146,-3.6824075427793126,False,-0.00011715710893065542,1.220703125e-05,True
trial,381,381,380,449.7419192097526,1001.2775936460674,449.7418755885034,1001.2772829102872,1884,942,0,0,1884,942,703478,351739,942000.0,351739000.0,1000.0,True,True,688,344,0,0,1884,942,2.44140625e-05,3.1481360026738794,-0.19978422168080556,-0.19978422168080556,-1.4231620388612345,False,-0.00021834181331334976,2.44140625e-05,False
trial,382,382,382,449.7418319029945,1001.2773934184861,449.7418319029945,1001.2773934184861,1884,942,0,0,1884,942,705362,352681,942000.0,352681000.0,1000.0,True,True,688,344,0,0,1884,942,1.220703125e-05,3.1481360026738794,0.4000634527761796,0.4000634527761796,-1.012012740953559,False,-0.0001091964502032543,1.220703125e-05,True
trial,383,383,382,449.74185952501836,1001.2778515903206,449.7418319029945,1001.2773934184861,1884,942,0,0,1884,942,707246,353623,942000.0,353623000.0,1000.0,True,True,688,344,0,0,1884,942,2.44140625e-05,3.0758980565498706,-0.11789545048263661,-0.11789545048263661,-1.9555545624807944,False,-0.0002342925343240143,2.44140625e-05,False
trial,384,384,384,449.7417802499585,1001.2776187016717,449.7417802499585,1001.2776187016717,1884,942,0,0,1884,942,709130,354565,942000.0,354565000.0,1000.0,True,True,688,344,0,0,1884,942,1.220703125e-05,3.0758980565498706,0.4409020640750717,0.4409020640750717,-1.9229812850955597,False,-0.00011715308274713348,1.220703125e-05,True
trial,385,385,384,449.7418238190641,1001.2779493105196,449.7417802499585,1001.2776187016717,1884,942,0,0,1884,942,711014,355507,942000.0,355507000.0,1000.0,True,True,678,339,0,0,1884,942,2.44140625e-05,3.1376314213091443,-0.199546625526827,-0.199546625526827,-1.5141894471881658,False,-0.00021834047813720867,2.44140625e-05,False
trial,386,386,386,449.74173655052834,1001.277773527957,449.74173655052834,1001.277773527957,1884,942,0,0,1884,942,712898,356449,942000.0,356449000.0,1000.0,True,True,678,339,0,0,1884,942,1.220703125e-05,3.1376314213091443,0.40018769253072,0.40018769253072,-1.4178577082905344,False,-0.00010919733653067714,1.220703125e-05,True
trial,387,387,386,449.7417641450546,1001.2784540935922,449.74173655052834,1001.277773527957,1884,942,0,0,1884,942,714782,357391,942000.0,357391000.0,1000.0,True,True,688,344,0,0,1884,942,2.44140625e-05,3.0770658074650297,-0.11779818065169824,-0.11779818065169824,-2.905264357455672,False,-0.00023425256757121627,2.44140625e-05,False
trial,388,388,388,449.74168487547837,1001.277988550484,449.74168487547837,1001.277988550484,1884,942,0,0,1884,942,716666,358333,942000.0,358333000.0,1000.0,True,True,688,344,0,0,1884,942,1.220703125e-05,3.0770658074650297,0.4410483423352019,0.4410483423352019,-1.8352247192276923,False,-0.00011716414055784179,1.220703125e-05,True
trial,389,389,388,449.741728401968,1001.2783216420086,449.74168487547837,1001.277988550484,1884,942,0,0,1884,942,718550,359275,942000.0,359275000.0,1000.0,True,True,678,339,0,0,1884,942,2.44140625e-05,3.13820615547423,-0.19934688683380064,-0.19934688683380064,-1.5255252388830758,False,-0.000218345469532073,2.44140625e-05,False
trial,390,390,390,449.74164116841433,1001.2781641944009,449.74164116841433,1001.2781641944009,1884,942,0,0,1884,942,720434,360217,942000.0,360217000.0,1000.0,True,True,678,339,0,0,1884,942,1.220703125e-05,3.13820615547423,0.40027463402799524,0.40027463402799524,-1.6085684571202465,False,-0.00010919269002261596,1.220703125e-05,True
trial,391,391,390,449.74166870558406,1001.2786059617713,449.74164116841433,1001.2781641944009,1884,942,0,0,1884,942,722318,361159,942000.0,361159000.0,1000.0,True,True,678,339,0,0,1884,942,2.44140625e-05,3.0759673004618366,-0.11754109549873852,-0.11754109549873852,-1.8856629487180032,False,-0.00023427695319354032,2.44140625e-05,False
trial,392,392,392,449.7415894760142,1001.2783865577119,449.7415894760142,1001.2783865577119,1884,942,0,0,1884,942,724202,362101,942000.0,362101000.0,1000.0,True,True,678,339,0,0,1884,942,1.220703125e-05,3.0759673004618366,0.44118762683641716,0.44118762683641716,-1.8978407122318948,False,-0.0001171664774260312,1.220703125e-05,True
trial,393,393,392,449.74163293231743,1001.278715648203,449.7415894760142,1001.2783865577119,1884,942,0,0,1884,942,726086,363043,942000.0,363043000.0,1000.0,True,True,676,338,0,0,1884,942,2.44140625e-05,3.135970392258928,-0.1990170874993409,-0.1990170874993409,-1.5071376584367182,False,-0.00021835463358074866,2.44140625e-05,False
trial,394,394,394,449.7415457580977,1001.2785110600831,449.7415457580977,1001.2785110600831,1884,942,0,0,1884,942,727970,363985,942000.0,363985000.0,1000.0,True,True,676,338,0,0,1884,942,1.220703125e-05,3.135970392258928,0.4003558050960198,0.4003558050960198,-1.140156051317504,False,-0.00010919765860653695,1.220703125e-05,True
trial,395,395,394,449.7415732325893,1001.2790258187023,449.7415457580977,1001.2785110600831,1884,942,0,0,1884,942,729854,364927,942000.0,364927000.0,1000.0,True,True,678,339,0,0,1884,942,2.44140625e-05,3.075488604628104,-0.1172595171061923,-0.1172595171061923,-2.1969595634055628,False,-0.00023430500393417327,2.44140625e-05,False
trial,396,396,396,449.7414940454622,1001.2787833827751,449.7414940454622,1001.2787833827751,1884,942,0,0,1884,942,731738,365869,942000.0,365869000.0,1000.0,True,True,678,339,0,0,1884,942,1.220703125e-05,3.075488604628104,0.44133713140529773,0.44133713140529773,-2.32411507597114,False,-0.00011717263694384983,1.220703125e-05,True
trial,397,397,396,449.7415374575678,1001.2791464155401,449.7414940454622,1001.2787833827751,1884,942,0,0,1884,942,733622,366811,942000.0,366811000.0,1000.0,True,True,678,339,0,0,1884,942,2.44140625e-05,3.1370049173557937,-0.19883179816738383,-0.19883179816738383,-1.6627264788878675,False,-0.00021833582949686643,2.44140625e-05,False
trial,398,398,398,449.7414503173933,1001.2789249091877,449.7414503173933,1001.2789249091877,1884,942,0,0,1884,942,735506,367753,942000.0,367753000.0,1000.0,True,True,678,339,0,0,1884,942,1.220703125e-05,3.1370049173557937,0.4004709186121786,0.4004709186121786,-1.2961288671598183,False,-0.00010919162141085721,1.220703125e-05,True
trial,399,399,398,449.7414777245199,1001.2793783813274,449.7414503173933,1001.2789249091877,1884,942,0,0,1884,942,737390,368695,942000.0,368695000.0,1000.0,True,True,688,344,0,0,1884,942,2.44140625e-05,3.0760791280045843,-0.11696240690064993,-0.11696240690064993,-1.9352336240356003,False,-0.00023432423563376792,2.44140625e-05,False
trial,400,400,400,449.74139858944613,1001.2792399157066,449.74139858944613,1001.2792399157066,1884,942,0,0,1884,942,739274,369637,942000.0,369637000.0,1000.0,True,True,688,344,0,0,1884,942,1.220703125e-05,3.0760791280045843,0.4415097498022337,0.4415097498022337,-2.688652015199593,False,-0.00011716150589093118,1.220703125e-05,True
trial,401,401,400,449.7414419785787,1001.2795864973212,449.74139858944613,1001.2792399157066,1884,942,0,0,1884,942,741158,370579,942000.0,370579000.0,1000.0,True,True,688,344,0,0,1884,942,2.44140625e-05,3.1291223106063186,-0.19875036158112253,-0.19875036158112253,-1.5875685266439334,False,-0.00021830970367900702,2.44140625e-05,False
trial,402,402,402,449.7413548435593,1001.2793930536883,449.7413548435593,1001.2793930536883,1884,942,0,0,1884,942,743042,371521,942000.0,371521000.0,1000.0,True,True,688,344,0,0,1884,942,1.220703125e-05,3.1291223106063186,0.4006331779299124,0.4006331779299124,-1.4024668531671225,False,-0.00010919187239533778,1.220703125e-05,True
trial,403,403,402,449.7413822409704,1001.2799161260418,449.7413548435593,1001.2793930536883,1884,942,0,0,1884,942,744926,372463,942000.0,372463000.0,1000.0,True,True,688,344,0,0,1884,942,2.44140625e-05,3.064228313125641,-0.11695114007874023,-0.11695114007874023,-2.2328353541142922,False,-0.00023426373671785606,2.44140625e-05,False
trial,404,404,404,449.741303110335,1001.2796043748478,449.741303110335,1001.2796043748478,1884,942,0,0,1884,942,746810,373405,942000.0,373405000.0,1000.0,True,True,688,344,0,0,1884,942,1.220703125e-05,3.064228313125641,0.44151576113556207,0.44151576113556207,-1.8035145484324715,False,-0.00011717186298159639,1.220703125e-05,True
trial,405,405,404,449.7413464479656,1001.2800491425663,449.741303110335,1001.2796043748478,1884,942,0,0,1884,942,748694,374347,942000.0,374347000.0,1000.0,True,True,688,344,0,0,1884,942,2.44140625e-05,3.12726904282601,-0.1985023200336881,-0.1985023200336881,-2.037200068374743,False,-0.00021832304317167766,2.44140625e-05,False
trial,406,406,406,449.7412593558165,1001.2798088746108,449.7412593558165,1001.2798088746108,1884,942,0,0,1884,942,750578,375289,942000.0,375289000.0,1000.0,True,True,688,344,0,0,1884,942,1.220703125e-05,3.12726904282601,0.40074156253458043,0.40074156253458043,-1.872984947090774,False,-0.00010918387960130797,1.220703125e-05,True
trial,407,407,406,449.7412866566874,1001.2802046177612,449.7412593558165,1001.2798088746108,1884,942,0,0,1884,942,752462,376231,942000.0,376231000.0,1000.0,True,True,688,344,0,0,1884,942,2.44140625e-05,3.0785194370576074,-0.11649802800149739,-0.11649802800149739,-1.688711572334188,False,-0.00023434620624613223,2.44140625e-05,False
trial,408,408,408,449.7412076025432,1001.2799860619623,449.7412076025432,1001.2799860619623,1884,942,0,0,1884,942,754346,377173,942000.0,377173000.0,1000.0,True,True,688,344,0,0,1884,942,1.220703125e-05,3.0785194370576074,0.44164832176904545,0.44164832176904545,-1.5120685409263215,False,-0.000117182089757714,1.220703125e-05,True
trial,409,409,408,449.7412509024982,1001.2803452863784,449.7412076025432,1001.2799860619623,1884,942,0,0,1884,942,756230,378115,942000.0,378115000.0,1000.0,True,True,688,344,0,0,1884,942,2.44140625e-05,3.125286875769486,-0.1983273509075111,-0.1983273509075111,-1.6453602974062596,False,-0.0002183256862838777,2.44140625e-05,False
trial,410,410,410,449.74116386130856,1001.280238952394,449.74116386130856,1001.280238952394,1884,942,0,0,1884,942,758114,379057,942000.0,379057000.0,1000.0,True,True,688,344,0,0,1884,942,1.220703125e-05,3.125286875769486,0.400755896779353,0.400755896779353,-2.3169746473711608,False,-0.00010914682731882086,1.220703125e-05,True
trial,411,411,410,449.741191116595,1001.2807933555376,449.74116386130856,1001.280238952394,1884,942,0,0,1884,942,759998,379999,942000.0,379999000.0,1000.0,True,True,688,344,0,0,1884,942,2.44140625e-05,3.0583444423162804,-0.11632288344419747,-0.11632288344419747,-2.3661381201447824,False,-0.00023430717712129686,2.44140625e-05,False
trial,412,412,412,449.74111206669147,1001.280451207082,449.74111206669147,1001.280451207082,1884,942,0,0,1884,942,761882,380941,942000.0,380941000.0,1000.0,True,True,688,344,0,0,1884,942,1.220703125e-05,3.0583444423162804,0.4418992295993098,0.4418992295993098,-1.8109060046753893,False,-0.00011720911380633494,1.220703125e-05,True
trial,413,413,412,449.74115530572897,1001.2807868538735,449.74111206669147,1001.280451207082,1884,942,0,0,1884,942,763766,381883,942000.0,381883000.0,1000.0,True,True,678,339,0,0,1884,942,2.44140625e-05,3.117327785262053,-0.19805342150664795,-0.19805342150664795,-1.5374069200088385,False,-0.00021832007327334666,2.44140625e-05,False
trial,414,414,414,449.7410683004083,1001.2806237637637,449.7410683004083,1001.2806237637637,1884,942,0,0,1884,942,765650,382825,942000.0,382825000.0,1000.0,True,True,678,339,0,0,1884,942,1.220703125e-05,3.117327785262053,0.4008633148419647,0.4008633148419647,-1.580477902660411,False,-0.00010918006599655523,1.220703125e-05,True
trial,415,415,414,449.7410955156879,1001.2810879705305,449.7410683004083,1001.2806237637637,1884,942,0,0,1884,942,767534,383767,942000.0,383767000.0,1000.0,True,True,688,344,0,0,1884,942,2.44140625e-05,3.057555682299762,-0.11614343892029547,-0.11614343892029547,-1.9810404688690557,False,-0.00023432472685912722,2.44140625e-05,False
trial,416,416,416,449.74101650203977,1001.2807793818242,449.74101650203977,1001.2807793818242,1884,942,0,0,1884,942,769418,384709,942000.0,384709000.0,1000.0,True,True,688,344,0,0,1884,942,1.220703125e-05,3.057555682299762,0.4420319678412859,0.4420319678412859,-1.3279985347063294,False,-0.0001171824037620439,1.220703125e-05,True
trial,417,417,416,449.74105970791214,1001.2812715993322,449.74101650203977,1001.2807793818242,1884,942,0,0,1884,942,771302,385651,942000.0,385651000.0,1000.0,True,True,688,344,0,0,1884,942,2.44140625e-05,3.1119252375508433,-0.19791279758798277,-0.19791279758798277,-2.2546968425223803,False,-0.0002183076228507002,2.44140625e-05,False
trial,418,418,418,449.74097269271704,1001.281037846514,449.74097269271704,1001.281037846514,1884,942,0,0,1884,942,773186,386593,942000.0,386593000.0,1000.0,True,True,688,344,0,0,1884,942,1.220703125e-05,3.1119252375508433,0.40116438630182105,0.40116438630182105,-2.366775429881619,False,-0.00010920541361343019,1.220703125e-05,True
trial,419,419,418,449.7409998316608,1001.2814600025217,449.74097269271704,1001.281037846514,1884,942,0,0,1884,942,775070,387535,942000.0,387535000.0,1000.0,True,True,688,344,0,0,1884,942,2.44140625e-05,3.0529543660835974,-0.11580594691344666,-0.11580594691344666,-1.8014030546300976,False,-0.00023434844670598443,2.44140625e-05,False
trial,420,420,420,449.7409208843672,1001.281219526792,449.7409208843672,1001.281219526792,1884,942,0,0,1884,942,776954,388477,942000.0,388477000.0,1000.0,True,True,688,344,0,0,1884,942,1.220703125e-05,3.0529543660835974,0.4420392711221777,0.4420392711221777,-1.5501327090433834,False,-0.00011720304783381293,1.220703125e-05,True
trial,421,421,420,449.7409640652912,1001.2816446481927,449.7409208843672,1001.281219526792,1884,942,0,0,1884,942,778838,389419,942000.0,389419000.0,1000.0,True,True,688,344,0,0,1884,942,2.44140625e-05,3.1148030795506316,-0.19781133321468236,-0.19781133321468236,-1.947476413365575,False,-0.0002182934785497665,2.44140625e-05,False
trial,422,422,422,449.7408770867223,1001.2814155853646,449.7408770867223,1001.2814155853646,1884,942,0,0,1884,942,780722,390361,942000.0,390361000.0,1000.0,True,True,688,344,0,0,1884,942,1.220703125e-05,3.1148030795506316,0.40118390619269184,0.40118390619269184,-1.7958852399394067,False,-0.00010917099166212453,1.220703125e-05,True
trial,423,423,422,449.7409041459791,1001.281895001093,449.7408770867223,1001.2814155853646,1884,942,0,0,1884,942,782606,391303,942000.0,391303000.0,1000.0,True,True,688,344,0,0,1884,942,2.44140625e-05,3.0531474561681646,-0.11545311371020218,-0.11545311371020218,-2.045512155382627,False,-0.00023437442163446652,2.44140625e-05,False
trial,424,424,424,449.7408252465009,1001.2816601254303,449.7408252465009,1001.2816601254303,1884,942,0,0,1884,942,784490,392245,942000.0,392245000.0,1000.0,True,True,688,344,0,0,1884,942,1.220703125e-05,3.0531474561681646,0.44225498333748225,0.44225498333748225,-2.0861998602304843,False,-0.00011721794752861361,1.220703125e-05,True
trial,425,425,424,449.7408683520765,1001.2820151586468,449.7408252465009,1001.2816601254303,1884,942,0,0,1884,942,786374,393187,942000.0,393187000.0,1000.0,True,True,678,339,0,0,1884,942,2.44140625e-05,3.1119638771029297,-0.19744410351365263,-0.19744410351365263,-1.626221529841167,False,-0.00021831786749231715,2.44140625e-05,False
trial,426,426,426,449.7407814353006,1001.2818501700812,449.7407814353006,1001.2818501700812,1884,942,0,0,1884,942,788258,394129,942000.0,394129000.0,1000.0,True,True,678,339,0,0,1884,942,1.220703125e-05,3.1119638771029297,0.4012666710065855,0.4012666710065855,-1.7406184698377611,False,-0.00010918225568371267,1.220703125e-05,True
trial,427,427,426,449.7408084308645,1001.2822758482188,449.7407814353006,1001.2818501700812,1884,942,0,0,1884,942,790142,395071,942000.0,395071000.0,1000.0,True,True,688,344,0,0,1884,942,2.44140625e-05,3.054428005827744,-0.11517116955001785,-0.11517116955001785,-1.8160705660654113,False,-0.00023439515268358643,2.44140625e-05,False
trial,428,428,428,449.74072958780266,1001.2820438115923,449.74072958780266,1001.2820438115923,1884,942,0,0,1884,942,792026,396013,942000.0,396013000.0,1000.0,True,True,688,344,0,0,1884,942,1.220703125e-05,3.054428005827744,0.4423324691140661,0.4423324691140661,-1.6520358960983919,False,-0.0001172138641800657,1.220703125e-05,True
trial,429,429,428,449.740772671199,1001.2824371262809,449.74072958780266,1001.2820438115923,1884,942,0,0,1884,942,793910,396955,942000.0,396955000.0,1000.0,True,True,688,344,0,0,1884,942,2.44140625e-05,3.1118591693503768,-0.19736342199527324,-0.19736342199527324,-1.8017598296017283,False,-0.00021829473725991055,2.44140625e-05,False
trial,430,430,430,449.7406857587427,1001.2821341476707,449.7406857587427,1001.2821341476707,1884,942,0,0,1884,942,795794,397897,942000.0,397897000.0,1000.0,True,True,688,344,0,0,1884,942,1.220703125e-05,3.1118591693503768,0.40140934958402097,0.40140934958402097,-0.8273448372413684,False,-0.00010918793996011408,1.220703125e-05,True
trial,431,431,430,449.7407127156158,1001.2826905178381,449.7406857587427,1001.2821341476707,1884,942,0,0,1884,942,797678,398839,942000.0,398839000.0,1000.0,True,True,688,344,0,0,1884,942,2.44140625e-05,3.0554090215166507,-0.11501141082680738,-0.11501141082680738,-2.3737514963476913,False,-0.00023438433560955607,2.44140625e-05,False
trial,432,432,432,449.7406338863269,1001.2824617322142,449.7406338863269,1001.2824617322142,1884,942,0,0,1884,942,799562,399781,942000.0,399781000.0,1000.0,True,True,688,344,0,0,1884,942,1.220703125e-05,3.0554090215166507,0.4424990448710841,0.4424990448710841,-2.7944688022791104,False,-0.00011722605140657413,1.220703125e-05,True
trial,433,433,432,449.740676886934,1001.2828543852504,449.7406338863269,1001.2824617322142,1884,942,0,0,1884,942,801446,400723,942000.0,400723000.0,1000.0,True,True,678,339,0,0,1884,942,2.44140625e-05,3.1110509071417294,-0.19696582335166005,-0.19696582335166005,-1.7985613180450244,False,-0.00021831506786871863,2.44140625e-05,False
trial,434,434,434,449.74059005272926,1001.2826136539975,449.74059005272926,1001.2826136539975,1884,942,0,0,1884,942,803330,401665,942000.0,401665000.0,1000.0,True,True,678,339,0,0,1884,942,1.220703125e-05,3.1110509071417294,0.4014237091099615,0.4014237091099615,-1.3912845170058907,False,-0.0001091953381513947,1.220703125e-05,True
trial,435,435,434,449.740616997438,1001.2830598798776,449.74059005272926,1001.2826136539975,1884,942,0,0,1884,942,805214,402607,942000.0,402607000.0,1000.0,True,True,678,339,0,0,1884,942,2.44140625e-05,3.0517025122194434,-0.1149782676335877,-0.1149782676335877,-1.9041318711533302,False,-0.00023434610114388634,2.44140625e-05,False
trial,436,436,436,449.7405381555778,1001.2828362132968,449.7405381555778,1001.2828362132968,1884,942,0,0,1884,942,807098,403549,942000.0,403549000.0,1000.0,True,True,678,339,0,0,1884,942,1.220703125e-05,3.0517025122194434,0.44271320317366236,0.44271320317366236,-1.8985616262293485,False,-0.00011722521738073039,1.220703125e-05,True
trial,437,437,436,449.7405811296416,1001.2831874148937,449.7405381555778,1001.2828362132968,1884,942,0,0,1884,942,808982,404491,942000.0,404491000.0,1000.0,True,True,688,344,0,0,1884,942,2.44140625e-05,3.1117651531746042,-0.19685575973466118,-0.19685575973466118,-1.608785649230127,False,-0.00021830229346069961,2.44140625e-05,False
trial,438,438,438,449.7404943111322,1001.2829920726479,449.7404943111322,1001.2829920726479,1884,942,0,0,1884,942,810866,405433,942000.0,405433000.0,1000.0,True,True,688,344,0,0,1884,942,1.220703125e-05,3.1117651531746042,0.4015582882418882,0.4015582882418882,-1.4274696224007546,False,-0.00010918575679616051,1.220703125e-05,True
trial,439,439,438,449.7405211453682,1001.2835080584118,449.7404943111322,1001.2829920726479,1884,942,0,0,1884,942,812750,406375,942000.0,406375000.0,1000.0,True,True,688,344,0,0,1884,942,2.44140625e-05,3.051575634641541,-0.11447953898259712,-0.11447953898259712,-2.201285417242775,False,-0.0002344020270731513,2.44140625e-05,False
trial,440,440,440,449.74044240584067,1001.2832262989615,449.74044240584067,1001.2832262989615,1884,942,0,0,1884,942,814634,407317,942000.0,407317000.0,1000.0,True,True,688,344,0,0,1884,942,1.220703125e-05,3.051575634641541,0.4427546654549982,0.4427546654549982,-1.9979618669049757,False,-0.00011723262466457737,1.220703125e-05,True
trial,441,441,440,449.74048533970245,1001.2836514027354,449.74044240584067,1001.2832262989615,1884,942,0,0,1884,942,816518,408259,942000.0,408259000.0,1000.0,True,True,688,344,0,0,1884,942,2.44140625e-05,3.1096025505210174,-0.19669852941886098,-0.19669852941886098,-1.9475836485955071,False,-0.00021827240856670172,2.44140625e-05,False
trial,442,442,442,449.7403985421846,1001.2834163956454,449.7403985421846,1001.2834163956454,1884,942,0,0,1884,942,818402,409201,942000.0,409201000.0,1000.0,True,True,688,344,0,0,1884,942,1.220703125e-05,3.1096025505210174,0.4017521392015467,0.4017521392015467,-1.7411168215504718,False,-0.00010918088985764918,1.220703125e-05,True
trial,443,443,442,449.74042530418274,1001.2839059497971,449.7403985421846,1001.2834163956454,1884,942,0,0,1884,942,820286,410143,942000.0,410143000.0,1000.0,True,True,688,344,0,0,1884,942,2.44140625e-05,3.0468150254735793,-0.11416329000848707,-0.11416329000848707,-2.0883759250620066,False,-0.0002344185957385036,2.44140625e-05,False
trial,444,444,444,449.7403466330688,1001.2837491626015,449.7403466330688,1001.2837491626015,1884,942,0,0,1884,942,822170,411085,942000.0,411085000.0,1000.0,True,True,688,344,0,0,1884,942,1.220703125e-05,3.0468150254735793,0.44281233137759807,0.44281233137759807,-2.8386788960753893,False,-0.00011722599428028604,1.220703125e-05,True
trial,445,445,444,449.7403895053974,1001.284015160419,449.7403466330688,1001.2837491626015,1884,942,0,0,1884,942,824054,412027,942000.0,412027000.0,1000.0,True,True,688,344,0,0,1884,942,2.44140625e-05,3.1084399293752045,-0.19638932711903528,-0.19638932711903528,-1.2184813399397876,False,-0.00021830274198327598,2.44140625e-05,False
trial,446,446,446,449.74030277119874,1001.2838260883788,449.74030277119874,1001.2838260883788,1884,942,0,0,1884,942,825938,412969,942000.0,412969000.0,1000.0,True,True,688,344,0,0,1884,942,1.220703125e-05,3.1084399293752045,0.4017428385492401,0.4017428385492401,-0.7045841890647748,False,-0.0001091789717980061,1.220703125e-05,True
trial,447,447,446,449.7403294742259,1001.2843332292792,449.74030277119874,1001.2838260883788,1884,942,0,0,1884,942,827822,413911,942000.0,413911000.0,1000.0,True,True,688,344,0,0,1884,942,2.44140625e-05,3.0448492598280943,-0.11391129972731946,-0.11391129972731946,-2.163390642624712,False,-0.00023441947584003324,2.44140625e-05,False
trial,448,448,448,449.74025083846766,1001.2840813711573,449.74025083846766,1001.2840813711573,1884,942,0,0,1884,942,829706,414853,942000.0,414853000.0,1000.0,True,True,688,344,0,0,1884,942,1.220703125e-05,3.0448492598280943,0.44298196868207923,0.44298196868207923,-2.1775413202918457,False,-0.00011723441303293069,1.220703125e-05,True
trial,449,449,448,449.7402936793653,1001.2844558149015,449.74025083846766,1001.2840813711573,1884,942,0,0,1884,942,831590,415795,942000.0,415795000.0,1000.0,True,True,688,344,0,0,1884,942,2.44140625e-05,3.101000454316244,-0.19627702077730136,-0.19627702077730136,-1.7155266714484405,False,-0.0002182675154406503,2.44140625e-05,False
trial,450,450,450,449.74020697865575,1001.2839860281533,449.74020697865575,1001.2839860281533,1884,942,0,0,1884,942,833474,416737,942000.0,416737000.0,1000.0,True,True,688,344,0,0,1884,942,1.220703125e-05,3.101000454316244,0.4018495298380832,0.4018495298380832,0.8735454999189488,False,-0.00010914486307355914,1.220703125e-05,True
trial,451,451,450,449.74023360660703,1001.2847740344434,449.74020697865575,1001.2839860281533,1884,942,0,0,1884,942,835358,417679,942000.0,417679000.0,1000.0,True,True,688,344,0,0,1884,942,2.44140625e-05,3.042627354615426,-0.11357370201410417,-0.11357370201410417,-3.3610092875444466,False,-0.00023445525516471548,2.44140625e-05,False
trial,452,452,452,449.7401550213327,1001.28455577758,449.7401550213327,1001.28455577758,1884,942,0,0,1884,942,837242,418621,942000.0,418621000.0,1000.0,True,True,688,344,0,0,1884,942,1.220703125e-05,3.042627354615426,0.44317383749693934,0.44317383749693934,-4.8597199608903905,False,-0.000117239147773254,1.220703125e-05,True
trial,453,453,452,449.7401978265822,1001.2849520361247,449.7401550213327,1001.28455577758,1884,942,0,0,1884,942,839126,419563,942000.0,419563000.0,1000.0,True,True,688,344,0,0,1884,942,2.44140625e-05,3.0936955879740506,-0.1961120835728194,-0.1961120835728194,-1.815456978589838,False,-0.00021826931145724147,2.44140625e-05,False
trial,454,454,454,449.74011112670047,1001.2847415384081,449.74011112670047,1001.2847415384081,1884,942,0,0,1884,942,841010,420505,942000.0,420505000.0,1000.0,True,True,688,344,0,0,1884,942,1.220703125e-05,3.0936955879740506,0.40205182218135505,0.40205182218135505,-1.7014718109194749,False,-0.00010917655345501675,1.220703125e-05,True
trial,455,455,454,449.7401377225342,1001.2852371214708,449.74011112670047,1001.2847415384081,1884,942,0,0,1884,942,842894,421447,942000.0,421447000.0,1000.0,True,True,688,344,0,0,1884,942,2.44140625e-05,3.034395337578505,-0.113447170901186,-0.113447170901186,-2.1139587870086056,False,-0.00023443364448502276,2.44140625e-05,False
trial,456,456,456,449.74005916156784,1001.2849552429003,449.74005916156784,1001.2849552429003,1884,942,0,0,1884,942,844778,422389,942000.0,422389000.0,1000.0,True,True,688,344,0,0,1884,942,1.220703125e-05,3.034395337578505,0.44326838845743527,0.44326838845743527,-1.8229232004588747,False,-0.00011723175841167412,1.220703125e-05,True
trial,457,457,456,449.7401018854241,1001.2853488447646,449.74005916156784,1001.2849552429003,1884,942,0,0,1884,942,846662,423331,942000.0,423331000.0,1000.0,True,True,688,344,0,0,1884,942,2.44140625e-05,3.0894637096722435,-0.19572275158199132,-0.19572275158199132,-1.8031340481849565,False,-0.00021828763351517929,2.44140625e-05,False
trial,458,458,458,449.7400152700278,1001.2851568181302,449.7400152700278,1001.2851568181302,1884,942,0,0,1884,942,848546,424273,942000.0,424273000.0,1000.0,True,True,688,344,0,0,1884,942,1.220703125e-05,3.0894637096722435,0.40209035671971716,0.40209035671971716,-1.8466304903248876,False,-0.00010915840008946601,1.220703125e-05,True
trial,459,459,458,449.74004182523834,1001.2856379633763,449.7400152700278,1001.2851568181302,1884,942,0,0,1884,942,850430,425215,942000.0,425215000.0,1000.0,True,True,688,344,0,0,1884,942,2.44140625e-05,3.0292745160972085,-0.11328043222215413,-0.11328043222215413,-2.052491408060212,False,-0.00023442010242925778,2.44140625e-05,False
trial,460,460,460,449.73996327953694,1001.285394155502,449.73996327953694,1001.285394155502,1884,942,0,0,1884,942,852314,426157,942000.0,426157000.0,1000.0,True,True,688,344,0,0,1884,942,1.220703125e-05,3.0292745160972085,0.44339734500025973,0.44339734500025973,-2.0241155402835243,False,-0.00011725485382462417,1.220703125e-05,True
trial,461,461,460,449.740005969805,1001.2857882807127,449.73996327953694,1001.285394155502,1884,942,0,0,1884,942,854198,427099,942000.0,427099000.0,1000.0,True,True,678,339,0,0,1884,942,2.44140625e-05,3.084694097523985,-0.19556883826478286,-0.19556883826478286,-1.8055311689591975,False,-0.00021828768038363401,2.44140625e-05,False
trial,462,462,462,449.7399193620373,1001.2855724828825,449.7399193620373,1001.2855724828825,1884,942,0,0,1884,942,856082,428041,942000.0,428041000.0,1000.0,True,True,678,339,0,0,1884,942,1.220703125e-05,3.084694097523985,0.4022273630004835,0.4022273630004835,-1.633247625879079,False,-0.00010918575826592897,1.220703125e-05,True
trial,463,463,462,449.7399458470263,1001.2860323836197,449.7399193620373,1001.2855724828825,1884,942,0,0,1884,942,857966,428983,942000.0,428983000.0,1000.0,True,True,678,339,0,0,1884,942,2.44140625e-05,3.0292318815585406,-0.11296611175547727,-0.11296611175547727,-1.961609199404094,False,-0.00023445074452581674,2.44140625e-05,False
trial,464,464,464,449.7398673789514,1001.2858044577193,449.7398673789514,1001.2858044577193,1884,942,0,0,1884,942,859850,429925,942000.0,429925000.0,1000.0,True,True,678,339,0,0,1884,942,1.220703125e-05,3.0292318815585406,0.44339872294724814,0.44339872294724814,-1.9786694954774449,False,-0.00011723778903414849,1.220703125e-05,True
trial,465,465,464,449.73991006851037,1001.2862330939213,449.7398673789514,1001.2858044577193,1884,942,0,0,1884,942,861734,430867,942000.0,430867000.0,1000.0,True,True,678,339,0,0,1884,942,2.44140625e-05,3.084735160969487,-0.19561662250641498,-0.19561662250641498,-1.964142241847753,False,-0.00021823073340270313,2.44140625e-05,False
trial,466,466,466,449.7398234691191,1001.2859824254771,449.7398234691191,1001.2859824254771,1884,942,0,0,1884,942,863618,431809,942000.0,431809000.0,1000.0,True,True,678,339,0,0,1884,942,1.220703125e-05,3.084735160969487,0.4022376601086753,0.4022376601086753,-1.6302802970759356,False,-0.00010916390148077233,1.220703125e-05,True
trial,467,467,466,449.73984991667754,1001.2865119055722,449.7398234691191,1001.2859824254771,1884,942,0,0,1884,942,865502,432751,942000.0,432751000.0,1000.0,True,True,678,339,0,0,1884,942,2.44140625e-05,3.026795122746199,-0.11281898149691405,-0.11281898149691405,-2.258635901087303,False,-0.00023442472284074934,2.44140625e-05,False
trial,468,468,468,449.73977149761464,1001.2862025053645,449.73977149761464,1001.2862025053645,1884,942,0,0,1884,942,867386,433693,942000.0,433693000.0,1000.0,True,True,678,339,0,0,1884,942,1.220703125e-05,3.026795122746199,0.44340316880738156,0.44340316880738156,-1.877646616805486,False,-0.0001172104939465258,1.220703125e-05,True
trial,469,469,468,449.73981409631807,1001.2866129937831,449.73977149761464,1001.2862025053645,1884,942,0,0,1884,942,869270,434635,942000.0,434635000.0,1000.0,True,True,678,339,0,0,1884,942,2.44140625e-05,3.101957614653412,-0.195167919890375,-0.195167919890375,-1.8806715781406107,False,-0.00021826693369695615,2.44140625e-05,False
trial,470,470,470,449.7397275855448,1001.2864162344742,449.7397275855448,1001.2864162344742,1884,942,0,0,1884,942,871154,435577,942000.0,435577000.0,1000.0,True,True,678,339,0,0,1884,942,1.220703125e-05,3.101957614653412,0.4022998691592388,0.4022998691592388,-1.9580765204122754,False,-0.0001091525829208637,1.220703125e-05,True
trial,471,471,470,449.73975396452045,1001.2868962719361,449.7397275855448,1001.2864162344742,1884,942,0,0,1884,942,873038,436519,942000.0,436519000.0,1000.0,True,True,678,339,0,0,1884,942,2.44140625e-05,3.024593085647925,-0.11251602232606099,-0.11251602232606099,-2.0475361337508944,False,-0.00023444639339217932,2.44140625e-05,False
trial,472,472,472,449.7396755566704,1001.2866836256669,449.7396755566704,1001.2866836256669,1884,942,0,0,1884,942,874922,437461,942000.0,437461000.0,1000.0,True,True,678,339,0,0,1884,942,1.220703125e-05,3.024593085647925,0.44372868453220154,0.44372868453220154,-2.2804479927993895,False,-0.00011725379991529918,1.220703125e-05,True
trial,473,473,472,449.739718117046,1001.2870702324295,449.7396755566704,1001.2866836256669,1884,942,0,0,1884,942,876806,438403,942000.0,438403000.0,1000.0,True,True,688,344,0,0,1884,942,2.44140625e-05,3.07827194524852,-0.19500748516416075,-0.19500748516416075,-1.7713944374481905,False,-0.00021824995858891547,2.44140625e-05,False
trial,474,474,474,449.73963163232384,1001.28657590459,449.73963163232384,1001.28657590459,1884,942,0,0,1884,942,878690,439345,942000.0,439345000.0,1000.0,True,True,688,344,0,0,1884,942,1.220703125e-05,3.07827194524852,0.4024308234880477,0.4024308234880477,0.9869305991003158,False,-0.00010914757026843263,1.220703125e-05,True
trial,475,475,474,449.7396579874146,1001.2873703329535,449.73963163232384,1001.28657590459,1884,942,0,0,1884,942,880574,440287,942000.0,440287000.0,1000.0,True,True,688,344,0,0,1884,942,2.44140625e-05,3.038129112363396,-0.11242407262404976,-0.11242407262404976,-3.388828094834522,False,-0.0002344256897334653,2.44140625e-05,False
trial,476,476,476,449.73957959425286,1001.2871015447172,449.73957959425286,1001.2871015447172,1884,942,0,0,1884,942,882458,441229,942000.0,441229000.0,1000.0,True,True,688,344,0,0,1884,942,1.220703125e-05,3.038129112363396,0.44382699199290226,0.44382699199290226,-4.48312691358755,False,-0.00011724854935524184,1.220703125e-05,True
trial,477,477,476,449.73962215906226,1001.2874850012522,449.73957959425286,1001.2871015447172,1884,942,0,0,1884,942,884342,442171,942000.0,442171000.0,1000.0,True,True,688,344,0,0,1884,942,2.44140625e-05,3.0749946746433805,-0.1950767704990354,-0.1950767704990354,-1.7574015606714226,False,-0.00021819517155340475,2.44140625e-05,False
trial,478,478,478,449.7395356880536,1001.2873195342884,449.7395356880536,1001.2873195342884,1884,942,0,0,1884,942,886226,443113,942000.0,443113000.0,1000.0,True,True,688,344,0,0,1884,942,1.220703125e-05,3.0749946746433805,0.40237880282273075,0.40237880282273075,-1.9977676078982023,False,-0.00010911658108857484,1.220703125e-05,True
trial,479,479,478,449.7395619857633,1001.2877961340301,449.7395356880536,1001.2873195342884,1884,942,0,0,1884,942,888110,444055,942000.0,444055000.0,1000.0,True,True,688,344,0,0,1884,942,2.44140625e-05,3.013915999767237,-0.11217353992251929,-0.11217353992251929,-2.032948143498224,False,-0.00023443772695223907,2.44140625e-05,False
trial,480,480,480,449.7394836493503,1001.287548768235,449.7394836493503,1001.287548768235,1884,942,0,0,1884,942,889994,444997,942000.0,444997000.0,1000.0,True,True,688,344,0,0,1884,942,1.220703125e-05,3.013915999767237,0.44385270356112305,0.44385270356112305,-1.955200658030823,False,-0.00011724318199380635,1.220703125e-05,True
trial,481,481,480,449.73952623890125,1001.2881377215181,449.7394836493503,1001.287548768235,1884,942,0,0,1884,942,891878,445939,942000.0,445939000.0,1000.0,True,True,688,344,0,0,1884,942,2.44140625e-05,3.0676923071935294,-0.19524966377071473,-0.19524966377071473,-2.700026835646617,False,-0.000218128677588615,2.44140625e-05,False
trial,482,482,482,449.7394397050183,1001.2877834007994,449.7394397050183,1001.2877834007994,1884,942,0,0,1884,942,893762,446881,942000.0,446881000.0,1000.0,True,True,688,344,0,0,1884,942,1.220703125e-05,3.0676923071935294,0.4026082073808847,0.4026082073808847,-2.1496514314150126,False,-0.00010914912112156393,1.220703125e-05,True
trial,483,483,482,449.73946598512526,1001.2884229648207,449.7394397050183,1001.2877834007994,1884,942,0,0,1884,942,895646,447823,942000.0,447823000.0,1000.0,True,True,688,344,0,0,1884,942,2.44140625e-05,3.030372171411093,-0.11211628089600688,-0.11211628089600688,-2.728510182918367,False,-0.0002344004524163235,2.44140625e-05,False
trial,484,484,484,449.73938763355386,1001.2879903345741,449.73938763355386,1001.2879903345741,1884,942,0,0,1884,942,897530,448765,942000.0,448765000.0,1000.0,True,True,688,344,0,0,1884,942,1.220703125e-05,3.030372171411093,0.4440938528275333,0.4440938528275333,-1.7648441097943783,False,-0.00011725328803033051,1.220703125e-05,True
trial,485,485,484,449.7394301737552,1001.2884716089823,449.73938763355386,1001.2879903345741,1884,942,0,0,1884,942,899414,449707,942000.0,449707000.0,1000.0,True,True,688,344,0,0,1884,942,2.44140625e-05,3.0658376019561806,-0.19501917378630274,-0.19501917378630274,-2.2063303539131516,False,-0.00021813343013788318,2.44140625e-05,False
trial,486,486,486,449.73934367990586,1001.2881833562952,449.73934367990586,1001.2881833562952,1884,942,0,0,1884,942,901298,450649,942000.0,450649000.0,1000.0,True,True,688,344,0,0,1884,942,1.220703125e-05,3.0658376019561806,0.4027045910036986,0.4027045910036986,-1.7684705770126705,False,-0.00010914613089827402,1.220703125e-05,True
trial,487,487,486,449.73936994085113,1001.2889028203996,449.73934367990586,1001.2881833562952,1884,942,0,0,1884,942,903182,451591,942000.0,451591000.0,1000.0,True,True,688,344,0,0,1884,942,2.44140625e-05,3.007300658292975,-0.11205466372151751,-0.11205466372151751,-3.069931696094635,False,-0.00023435834265140459,2.44140625e-05,False
trial,488,488,488,449.7392916248692,1001.288466494432,449.7392916248692,1001.288466494432,1884,942,0,0,1884,942,905066,452533,942000.0,452533000.0,1000.0,True,True,688,344,0,0,1884,942,1.220703125e-05,3.007300658292975,0.44403730599020086,0.44403730599020086,-2.4152109689615204,False,-0.00011723122343765536,1.220703125e-05,True
trial,489,489,488,449.7393341080185,1001.2892296934506,449.7392916248692,1001.288466494432,1884,942,0,0,1884,942,906950,453475,942000.0,453475000.0,1000.0,True,True,688,344,0,0,1884,942,2.44140625e-05,3.0591904202290325,-0.1947453276393641,-0.1947453276393641,-3.49855049416697,False,-0.00021814720692619568,2.44140625e-05,False
trial,490,490,490,449.7392476423106,1001.2886379741744,449.7392476423106,1001.2886379741744,1884,942,0,0,1884,942,908834,454417,942000.0,454417000.0,1000.0,True,True,688,344,0,0,1884,942,1.220703125e-05,3.0591904202290325,0.4029104295901791,0.4029104295901791,-1.5708721561327863,False,-0.00010916212486094872,1.220703125e-05,True
trial,491,491,490,449.7392738709451,1001.2892177493632,449.7392476423106,1001.2886379741744,1884,942,0,0,1884,942,910718,455359,942000.0,455359000.0,1000.0,True,True,688,344,0,0,1884,942,2.44140625e-05,3.0034868458388186,-0.1119243650863354,-0.1119243650863354,-2.474050635953705,False,-0.0002343424909338075,2.44140625e-05,False
trial,492,492,492,449.73919553845155,1001.2888358790136,449.73919553845155,1001.2888358790136,1884,942,0,0,1884,942,912602,456301,942000.0,456301000.0,1000.0,True,True,688,344,0,0,1884,942,1.220703125e-05,3.0034868458388186,0.4443079064914444,0.4443079064914444,-1.687604073652347,False,-0.00011726970933106882,1.220703125e-05,True
trial,493,493,492,449.73923797128106,1001.2893527372419,449.73919553845155,1001.2888358790136,1884,942,0,0,1884,942,914486,457243,942000.0,457243000.0,1000.0,True,True,688,344,0,0,1884,942,2.44140625e-05,3.060223356694549,-0.19452369854185808,-0.19452369854185808,-2.3694195122045185,False,-0.00021813706926525505,2.44140625e-05,False
trial,494,494,494,449.7391515449268,1001.2891125931512,449.7391515449268,1001.2891125931512,1884,942,0,0,1884,942,916370,458185,942000.0,458185000.0,1000.0,True,True,688,344,0,0,1884,942,1.220703125e-05,3.060223356694549,0.4030239254045585,0.4030239254045585,-2.5349734673712967,False,-0.0001091585932453523,1.220703125e-05,True
trial,495,495,494,449.7391776458947,1001.2897531312886,449.7391515449268,1001.2891125931512,1884,942,0,0,1884,942,918254,459127,942000.0,459127000.0,1000.0,True,True,688,344,0,0,1884,942,2.44140625e-05,2.9989798599267017,-0.1113364949067369,-0.1113364949067369,-2.7322845414815626,False,-0.00023443317403194278,2.44140625e-05,False
trial,496,496,496,449.7390994580627,1001.2892982698573,449.7390994580627,1001.2892982698573,1884,942,0,0,1884,942,920138,460069,942000.0,460069000.0,1000.0,True,True,688,344,0,0,1884,942,1.220703125e-05,2.9989798599267017,0.44427375861706864,0.44427375861706864,-1.583725369361401,False,-0.00011724046965591383,1.220703125e-05,True
trial,497,497,496,449.7391418456019,1001.2896919060395,449.7390994580627,1001.2892982698573,1884,942,0,0,1884,942,922022,461011,942000.0,461011000.0,1000.0,True,True,688,344,0,0,1884,942,2.44140625e-05,3.050962034343938,-0.19432202183989017,-0.19432202183989017,-1.8045911648153836,False,-0.0002181303941932493,2.44140625e-05,False
trial,498,498,498,449.7390554669689,1001.2895779068269,449.7390554669689,1001.2895779068269,1884,942,0,0,1884,942,923906,461953,942000.0,461953000.0,1000.0,True,True,688,344,0,0,1884,942,1.220703125e-05,3.050962034343938,0.40307007735688016,0.40307007735688016,-2.5621844171651356,False,-0.00010914006334630611,1.220703125e-05,True
trial,499,499,498,449.73908153324373,1001.290176623583,449.7390554669689,1001.2895779068269,1884,942,0,0,1884,942,925790,462895,942000.0,462895000.0,1000.0,True,True,688,344,0,0,1884,942,2.44140625e-05,2.9946566368783913,-0.11119602310107071,-0.11119602310107071,-2.554063544234395,False,-0.0002344173297419259,2.44140625e-05,False
trial,500,500,500,449.7390033233907,1001.2898100730528,449.7390033233907,1001.2898100730528,1884,942,0,0,1884,942,927674,463837,942000.0,463837000.0,1000.0,True,True,688,344,0,0,1884,942,1.220703125e-05,2.9946566368783913,0.4446224042264434,0.4446224042264434,-1.979655195123533,False,-0.00011727609252364559,1.220703125e-05,True
trial,501,501,500,449.7390457265417,1001.2903767779577,449.7390033233907,1001.2898100730528,1884,942,0,0,1884,942,929558,464779,942000.0,464779000.0,1000.0,True,True,688,344,0,0,1884,942,2.44140625e-05,3.047832362275205,-0.19445766439779003,-0.19445766439779003,-2.598866113892508,False,-0.00021805852248845263,2.44140625e-05,False
trial,502,502,502,449.73895932804544,1001.2900475052676,449.73895932804544,1001.2900475052676,1884,942,0,0,1884,942,931442,465721,942000.0,465721000.0,1000.0,True,True,688,344,0,0,1884,942,1.220703125e-05,3.047832362275205,0.40313904736154355,0.40313904736154355,-2.1756437258656613,False,-0.00010913193736378832,1.220703125e-05,True
trial,503,503,502,449.7389853627782,1001.290589425706,449.73895932804544,1001.2900475052676,1884,942,0,0,1884,942,933326,466663,942000.0,466663000.0,1000.0,True,True,688,344,0,0,1884,942,2.44140625e-05,2.9892511125235646,-0.11107336694458299,-0.11107336694458299,-2.312024029975711,False,-0.0002343922171207655,2.44140625e-05,False
trial,504,504,504,449.73890720156186,1001.2902952391628,449.73890720156186,1001.2902952391628,1884,942,0,0,1884,942,935210,467605,942000.0,467605000.0,1000.0,True,True,688,344,0,0,1884,942,1.220703125e-05,2.9892511125235646,0.44463173681073825,0.44463173681073825,-2.1131360591715196,False,-0.00011723518423358387,1.220703125e-05,True
trial,505,505,504,449.73894945904067,1001.2907675283082,449.73890720156186,1001.2902952391628,1884,942,0,0,1884,942,937094,468547,942000.0,468547000.0,1000.0,True,True,688,344,0,0,1884,942,2.44140625e-05,3.0407849639285818,-0.19373651758354868,-0.19373651758354868,-2.1652890066138606,False,-0.00021811829456543595,2.44140625e-05,False
trial,506,506,506,449.7388632395235,1001.2905261621223,449.7388632395235,1001.2905261621223,1884,942,0,0,1884,942,938978,469489,942000.0,469489000.0,1000.0,True,True,688,344,0,0,1884,942,1.220703125e-05,3.0407849639285818,0.4030441076068686,0.4030441076068686,-2.117102427199603,False,-0.00010907500580246008,1.220703125e-05,True
trial,507,507,506,449.73888923931105,1001.2913374810508,449.7388632395235,1001.2905261621223,1884,942,0,0,1884,942,940862,470431,942000.0,470431000.0,1000.0,True,True,688,344,0,0,1884,942,2.44140625e-05,2.9798705356515245,-0.11092517250290938,-0.11092517250290938,-3.4614010544743885,False,-0.00023439032800838346,2.44140625e-05,False
trial,508,508,508,449.73881107686157,1001.2907853751307,449.73881107686157,1001.2907853751307,1884,942,0,0,1884,942,942746,471373,942000.0,471373000.0,1000.0,True,True,688,344,0,0,1884,942,1.220703125e-05,2.9798705356515245,0.444781997773188,0.444781997773188,-2.2102644969978047,False,-0.00011727691807953874,1.220703125e-05,True
trial,509,509,508,449.7388534057331,1001.2911761410437,449.73881107686157,1001.2907853751307,1884,942,0,0,1884,942,944630,472315,942000.0,472315000.0,1000.0,True,True,688,344,0,0,1884,942,2.44140625e-05,3.0359473651463924,-0.19413312992691634,-0.19413312992691634,-1.7921717973008282,False,-0.00021804043207667508,2.44140625e-05,False
trial,510,510,510,449.73876707463603,1001.2909520070431,449.73876707463603,1001.2909520070431,1884,942,0,0,1884,942,946514,473257,942000.0,473257000.0,1000.0,True,True,688,344,0,0,1884,942,1.220703125e-05,3.0359473651463924,0.40325314831072917,0.40325314831072917,-1.527078289073472,False,-0.0001091181202687761,1.220703125e-05,True
trial,511,511,510,449.7387930707871,1001.2917794703284,449.73876707463603,1001.2909520070431,1884,942,0,0,1884,942,948398,474199,942000.0,474199000.0,1000.0,True,True,678,339,0,0,1884,942,2.44140625e-05,2.9786293276843137,-0.1109381453880878,-0.1109381453880878,-3.5311859057024053,False,-0.0002343301393359748,2.44140625e-05,False
trial,512,512,512,449.7387149005297,1001.2912545907212,449.7387149005297,1001.2912545907212,1884,942,0,0,1884,942,950282,475141,942000.0,475141000.0,1000.0,True,True,678,339,0,0,1884,942,1.220703125e-05,2.9786293276843137,0.4448746474123009,0.4448746474123009,-2.5800500791662038,False,-0.00011727821897423594,1.220703125e-05,True
trial,513,513,512,449.7387571611443,1001.2917526301808,449.7387149005297,1001.2912545907212,1884,942,0,0,1884,942,952166,476083,942000.0,476083000.0,1000.0,True,True,678,339,0,0,1884,942,2.44140625e-05,3.0318101813379594,-0.19380097408085334,-0.19380097408085334,-2.2839358432855077,False,-0.00021806193068947451,2.44140625e-05,False
trial,514,514,514,449.7386709039024,1001.2914826496066,449.7386709039024,1001.2914826496066,1884,942,0,0,1884,942,954050,477025,942000.0,477025000.0,1000.0,True,True,678,339,0,0,1884,942,1.220703125e-05,3.0318101813379594,0.403265156582092,0.403265156582092,-2.0903466407711115,False,-0.00010910098875123106,1.220703125e-05,True
trial,515,515,514,449.73869578915594,1001.29212423174,449.7386709039024,1001.2914826496066,1884,942,0,0,1884,942,955934,477967,942000.0,477967000.0,1000.0,True,True,688,344,0,0,1884,942,2.44140625e-05,2.975857991113645,-0.10624254171106218,-0.10624254171106218,-2.7391047661193126,False,-0.00023423059291550048,2.44140625e-05,False
trial,516,516,516,449.738618764183,1001.2916952950516,449.738618764183,1001.2916952950516,1884,942,0,0,1884,942,957818,478909,942000.0,478909000.0,1000.0,True,True,688,344,0,0,1884,942,1.220703125e-05,2.975857991113645,0.4448457472725451,0.4448457472725451,-1.8142487718396407,False,-0.00011720853738703305,1.220703125e-05,True
trial,517,517,516,449.7386610793733,1001.2921364042136,449.738618764183,1001.2916952950516,1884,942,0,0,1884,942,959702,479851,942000.0,479851000.0,1000.0,True,True,688,344,0,0,1884,942,2.44140625e-05,3.028000877993485,-0.19416711090582062,-0.19416711090582062,-2.024069630901043,False,-0.0002179318118690304,2.44140625e-05,False
trial,518,518,518,449.73857476379465,1001.2919502704851,449.73857476379465,1001.2919502704851,1884,942,0,0,1884,942,961586,480793,942000.0,480793000.0,1000.0,True,True,688,344,0,0,1884,942,1.220703125e-05,3.028000877993485,0.4033887258914872,0.4033887258914872,-2.3375751696683325,False,-0.00010907689167463597,1.220703125e-05,True
trial,519,519,518,449.73860069912337,1001.2925906518083,449.73857476379465,1001.2919502704851,1884,942,0,0,1884,942,963470,481735,942000.0,481735000.0,1000.0,True,True,688,344,0,0,1884,942,2.44140625e-05,2.9713824371930584,-0.11069857928657201,-0.11069857928657201,-2.7333103595057393,False,-0.00023428781913118044,2.44140625e-05,False
trial,520,520,520,449.7385225960079,1001.292394674721,449.7385225960079,1001.292394674721,1884,942,0,0,1884,942,965354,482677,942000.0,482677000.0,1000.0,True,True,688,344,0,0,1884,942,1.220703125e-05,2.9713824371930584,0.44499566925879064,0.44499566925879064,-3.790806025718343,False,-0.00011723212235999405,1.220703125e-05,True
trial,521,521,520,449.73856485084366,1001.292759653894,449.7385225960079,1001.292394674721,1884,942,0,0,1884,942,967238,483619,942000.0,483619000.0,1000.0,True,True,688,344,0,0,1884,942,2.44140625e-05,3.027651870579116,-0.19386776311354767,-0.19386776311354767,-1.6745467016824716,False,-0.0002179569985401593,2.44140625e-05,False
trial,522,522,522,449.738478606913,1001.2924969867922,449.738478606913,1001.2924969867922,1884,942,0,0,1884,942,969122,484561,942000.0,484561000.0,1000.0,True,True,688,344,0,0,1884,942,1.220703125e-05,3.027651870579116,0.40332524310053536,0.40332524310053536,-0.9380743369248358,False,-0.00010906605928937894,1.220703125e-05,True
trial,523,523,522,449.7385043789078,1001.2932880467431,449.738478606913,1001.2924969867922,1884,942,0,0,1884,942,971006,485503,942000.0,485503000.0,1000.0,True,True,688,344,0,0,1884,942,2.44140625e-05,2.966565891646257,-0.10994150414058325,-0.10994150414058325,-3.3746057140069174,False,-0.00023441551929668033,2.44140625e-05,False
trial,524,524,524,449.73842646293303,1001.292718148504,449.73842646293303,1001.292718148504,1884,942,0,0,1884,942,972890,486445,942000.0,486445000.0,1000.0,True,True,688,344,0,0,1884,942,1.220703125e-05,2.966565891646257,0.444958598656001,0.444958598656001,-1.8872323399410895,False,-0.00011718838593732475,1.220703125e-05,True
trial,525,525,524,449.7384687098775,1001.2932499308295,449.73842646293303,1001.292718148504,1884,942,0,0,1884,942,974774,487387,942000.0,487387000.0,1000.0,True,True,688,344,0,0,1884,942,2.44140625e-05,3.0279153216952577,-0.1938827711489881,-0.1938827711489881,-2.440494388039726,False,-0.00021789942563713247,2.44140625e-05,False
trial,526,526,526,449.73838248223217,1001.292912068159,449.73838248223217,1001.292912068159,1884,942,0,0,1884,942,976658,488329,942000.0,488329000.0,1000.0,True,True,688,344,0,0,1884,942,1.220703125e-05,3.0279153216952577,0.4033413185773677,0.4033413185773677,-1.7784120715603595,False,-0.00010904090119309252,1.220703125e-05,True
trial,527,527,526,449.7384082878806,1001.2936581427156,449.73838248223217,1001.292912068159,1884,942,0,0,1884,942,978542,489271,942000.0,489271000.0,1000.0,True,True,688,344,0,0,1884,942,2.44140625e-05,2.9900160415176744,-0.11013205541488134,-0.11013205541488134,-3.184059670565075,False,-0.0002343155071673328,2.44140625e-05,False
trial,528,528,528,449.7383303072492,1001.2933420686977,449.7383303072492,1001.2933420686977,1884,942,0,0,1884,942,980426,490213,942000.0,490213000.0,1000.0,True,True,688,344,0,0,1884,942,1.220703125e-05,2.9900160415176744,0.44510025084996213,0.44510025084996213,-3.668297272039624,False,-0.00011722074488809725,1.220703125e-05,True
trial,529,529,528,449.7383715777179,1001.2937222770428,449.7383303072492,1001.2933420686977,1884,942,0,0,1884,942,982310,491155,942000.0,491155000.0,1000.0,True,True,688,344,0,0,1884,942,2.44140625e-05,3.0153657901853976,-0.18950853249436503,-0.18950853249436503,-1.7458664230243828,False,-0.0002177763086852051,2.44140625e-05,False
trial,530,530,530,449.7382863214587,1001.2934732306154,449.7382863214587,1001.2934732306154,1884,942,0,0,1884,942,984194,492097,942000.0,492097000.0,1000.0,True,True,688,344,0,0,1884,942,1.220703125e-05,3.0153657901853976,0.4033868613366817,0.4033868613366817,-1.2028656002112705,False,-0.00010904120765453535,1.220703125e-05,True
trial,531,531,530,449.7383121313188,1001.2941695914772,449.7382863214587,1001.2934732306154,1884,942,0,0,1884,942,986078,493039,942000.0,493039000.0,1000.0,True,True,688,344,0,0,1884,942,2.44140625e-05,2.9590436896558536,-0.11017239989963422,-0.11017239989963422,-2.9724976028803227,False,-0.00023426793046956283,2.44140625e-05,False
trial,532,532,532,449.73823419155786,1001.2937565850314,449.73823419155786,1001.2937565850314,1884,942,0,0,1884,942,987962,493981,942000.0,493981000.0,1000.0,True,True,688,344,0,0,1884,942,1.220703125e-05,2.9590436896558536,0.4449763515003411,0.4449763515003411,-2.418688932249017,False,-0.00011715207035418594,1.220703125e-05,True
trial,533,533,532,449.73827650267697,1001.2941710235186,449.73823419155786,1001.2937565850314,1884,942,0,0,1884,942,989846,494923,942000.0,494923000.0,1000.0,True,True,688,344,0,0,1884,942,2.44140625e-05,3.013005509332842,-0.1943238547544942,-0.1943238547544942,-1.9034070975399355,False,-0.00021773507506854192,2.44140625e-05,False
trial,534,534,534,449.7381901984618,1001.2940378175869,449.7381901984618,1001.2940378175869,1884,942,0,0,1884,942,991730,495865,942000.0,495865000.0,1000.0,True,True,688,344,0,0,1884,942,1.220703125e-05,3.013005509332842,0.4034552316921179,0.4034552316921179,-2.579148910470573,False,-0.00010904083682506688,1.220703125e-05,True
trial,535,535,534,449.7382160222629,1001.2945860354031,449.7381901984618,1001.2940378175869,1884,942,0,0,1884,942,993614,496807,942000.0,496807000.0,1000.0,True,True,688,344,0,0,1884,942,2.44140625e-05,2.9623477655928965,-0.11026407376535904,-0.11026407376535904,-2.3408145611295934,False,-0.00023419959245575368,2.44140625e-05,False
trial,536,536,536,449.7381380108078,1001.2943416783614,449.7381380108078,1001.2943416783614,1884,942,0,0,1884,942,995498,497749,942000.0,497749000.0,1000.0,True,True,688,344,0,0,1884,942,1.220703125e-05,2.9623477655928965,0.44528476425643543,0.44528476425643543,-2.5926548342785396,False,-0.00011720062792851092,1.220703125e-05,True
trial,537,537,536,449.7381803180517,1001.2948872130721,449.7381380108078,1001.2943416783614,1884,942,0,0,1884,942,997382,498691,942000.0,498691000.0,1000.0,True,True,688,344,0,0,1884,942,2.44140625e-05,3.013982488177031,-0.1943470477785674,-0.1943470477785674,-2.5060261711156957,False,-0.0002176891514420518,2.44140625e-05,False
trial,538,538,538,449.73809410226045,1001.2944254411472,449.73809410226045,1001.2944254411472,1884,942,0,0,1884,942,999266,499633,942000.0,499633000.0,1000.0,True,True,688,344,0,0,1884,942,1.220703125e-05,3.013982488177031,0.4031425842340414,0.4031425842340414,-0.7690608761327855,False,-0.00010891567666536981,1.220703125e-05,True
trial,539,539,538,449.73811980587755,1001.2952371940046,449.73809410226045,1001.2944254411472,1884,942,0,0,1884,942,1001150,500575,942000.0,500575000.0,1000.0,True,True,688,344,0,0,1884,942,2.44140625e-05,2.956478148019389,-0.10971628354993784,-0.10971628354993784,-3.4649795139418864,False,-0.00023427349401751956,2.44140625e-05,False
trial,540,540,540,449.7380419146634,1001.2949071490083,449.7380419146634,1001.2949071490083,1884,942,0,0,1884,942,1003034,501517,942000.0,501517000.0,1000.0,True,True,688,344,0,0,1884,942,1.220703125e-05,2.956478148019389,0.4453195082155495,0.4453195082155495,-4.110438496243851,False,-0.000117191355999358,1.220703125e-05,True
trial,541,541,540,449.7380834171832,1001.2955278036519,449.7380419146634,1001.2949071490083,1884,942,0,0,1884,942,1004918,502459,942000.0,502459000.0,1000.0,True,True,688,344,0,0,1884,942,2.44140625e-05,3.0094465984459093,-0.1907692345021652,-0.1907692345021652,-2.852882473837471,False,-0.0002175535267638222,2.44140625e-05,False
trial,542,542,542,449.73799800100267,1001.2951105861177,449.73799800100267,1001.2951105861177,1884,942,0,0,1884,942,1006802,503401,942000.0,503401000.0,1000.0,True,True,688,344,0,0,1884,942,1.220703125e-05,3.0094465984459093,0.4032063278015305,0.4032063278015305,-1.8679182838157955,False,-0.00010891113986355654,1.220703125e-05,True
trial,543,543,542,449.7380238355928,1001.295773123291,449.73799800100267,1001.2951105861177,1884,942,0,0,1884,942,1008686,504343,942000.0,504343000.0,1000.0,True,True,688,344,0,0,1884,942,2.44140625e-05,2.9571303058023064,-0.1103621021981032,-0.1103621021981032,-2.830275024813104,False,-0.00023408932612185135,2.44140625e-05,False
trial,544,544,544,449.7379458734157,1001.2954139396841,449.7379458734157,1001.2954139396841,1884,942,0,0,1884,942,1010570,505285,942000.0,505285000.0,1000.0,True,True,688,344,0,0,1884,942,1.220703125e-05,2.9571303058023064,0.44503129695608357,0.44503129695608357,-2.589834652009445,False,-0.00011713240692340077,1.220703125e-05,True
trial,545,545,544,449.73798825352196,1001.2960289204532,449.7379458734157,1001.2954139396841,1884,942,0,0,1884,942,1012454,506227,942000.0,506227000.0,1000.0,True,True,688,344,0,0,1884,942,2.44140625e-05,3.00982229328024,-0.19484346463577337,-0.19484346463577337,-2.8273875244374715,False,-0.00021750848222931032,2.44140625e-05,False
trial,546,546,546,449.7379020050416,1001.2957678478133,449.7379020050416,1001.2957678478133,1884,942,0,0,1884,942,1014338,507169,942000.0,507169000.0,1000.0,True,True,688,344,0,0,1884,942,1.220703125e-05,3.00982229328024,0.4030043009547235,0.4030043009547235,-3.2512373909410317,False,-0.00010885336463388358,1.220703125e-05,True
trial,547,547,546,449.7379276544258,1001.296651621951,449.7379020050416,1001.2957678478133,1884,942,0,0,1884,942,1016222,508111,942000.0,508111000.0,1000.0,True,True,688,344,0,0,1884,942,2.44140625e-05,2.9683452911486503,-0.10951055419953275,-0.10951055419953275,-3.773291195028059,False,-0.0002342183764888723,2.44140625e-05,False
trial,548,548,548,449.73784984385827,1001.2959616123588,449.73784984385827,1001.2959616123588,1884,942,0,0,1884,942,1018106,509053,942000.0,509053000.0,1000.0,True,True,688,344,0,0,1884,942,1.220703125e-05,2.9683452911486503,0.445262257355407,0.445262257355407,-1.654027640423542,False,-0.00011714710250739588,1.220703125e-05,True
trial,549,549,548,449.73789207174025,1001.2963991135916,449.73784984385827,1001.2959616123588,1884,942,0,0,1884,942,1019990,509995,942000.0,509995000.0,1000.0,True,True,688,344,0,0,1884,942,2.44140625e-05,3.010314692250763,-0.19404529149759328,-0.19404529149759328,-2.0104028493476886,False,-0.00021761868917837392,2.44140625e-05,False
trial,550,550,550,449.73780599600985,1001.296042596458,449.73780599600985,1001.296042596458,1884,942,0,0,1884,942,1021874,510937,942000.0,510937000.0,1000.0,True,True,688,344,0,0,1884,942,1.220703125e-05,3.010314692250763,0.4029482258083367,0.4029482258083367,-0.7442189360425913,False,-0.00010881757409176662,1.220703125e-05,True
trial,551,551,550,449.7378316800083,1001.296921847753,449.73780599600985,1001.296042596458,1884,942,0,0,1884,942,1023758,511879,942000.0,511879000.0,1000.0,True,True,688,344,0,0,1884,942,2.44140625e-05,2.981256347324686,-0.10970081644977765,-0.10970081644977765,-3.7554349306452264,False,-0.00023412768724698378,2.44140625e-05,False
trial,552,552,552,449.7377538913133,1001.2965258414605,449.7377538913133,1001.2965258414605,1884,942,0,0,1884,942,1025642,512821,942000.0,512821000.0,1000.0,True,True,688,344,0,0,1884,942,1.220703125e-05,2.981256347324686,0.44510397457555123,0.44510397457555123,-4.128116761145628,False,-0.00011706185420691344,1.220703125e-05,True
trial,553,553,552,449.7377960816259,1001.2970509314576,449.7377538913133,1001.2965258414605,1884,942,0,0,1884,942,1027526,513763,942000.0,513763000.0,1000.0,True,True,688,344,0,0,1884,942,2.44140625e-05,3.0121384802980438,-0.19388275412155456,-0.19388275412155456,-2.41301589089573,False,-0.0002176073515037502,2.44140625e-05,False
trial,554,554,554,449.73770999678754,1001.2968120771403,449.73770999678754,1001.2968120771403,1884,942,0,0,1884,942,1029410,514705,942000.0,514705000.0,1000.0,True,True,688,344,0,0,1884,942,1.220703125e-05,3.0121384802980438,0.4031959082570107,0.4031959082570107,-2.6292357185456208,False,-0.00010886649599510023,1.220703125e-05,True
trial,555,555,554,449.73773566386467,1001.297453699131,449.73770999678754,1001.2968120771403,1884,942,0,0,1884,942,1031294,515647,942000.0,515647000.0,1000.0,True,True,688,344,0,0,1884,942,2.44140625e-05,2.9658841994429377,-0.10963474188622405,-0.10963474188622405,-2.740633886461245,False,-0.00023411444842614005,2.44140625e-05,False
trial,556,556,556,449.7376578687008,1001.2970926216402,449.7376578687008,1001.2970926216402,1884,942,0,0,1884,942,1033178,516589,942000.0,516589000.0,1000.0,True,True,688,344,0,0,1884,942,1.220703125e-05,2.9658841994429377,0.44517929673998086,0.44517929673998086,-2.3958792848603023,False,-0.00011709458889435787,1.220703125e-05,True
trial,557,557,556,449.7377002114114,1001.2976297569262,449.7376578687008,1001.2970926216402,1884,942,0,0,1884,942,1035062,517531,942000.0,517531000.0,1000.0,True,True,688,344,0,0,1884,942,2.44140625e-05,3.0197569116870757,-0.19477902280803625,-0.19477902280803625,-2.4708547163569565,False,-0.00021738845364937102,2.44140625e-05,False
trial,558,558,558,449.737614056461,1001.2973600625915,449.737614056461,1001.2973600625915,1884,942,0,0,1884,942,1036946,518473,942000.0,518473000.0,1000.0,True,True,688,344,0,0,1884,942,1.220703125e-05,3.0197569116870757,0.4028360726576261,0.4028360726576261,-2.4590128899254653,False,-0.00010875947512494433,1.220703125e-05,True
trial,559,559,558,449.7376390516412,1001.2979918193099,449.737614056461,1001.2973600625915,1884,942,0,0,1884,942,1038830,519415,942000.0,519415000.0,1000.0,True,True,688,344,0,0,1884,942,2.44140625e-05,2.9719292968806443,-0.10682392514943227,-0.10682392514943227,-2.6999898283202226,False,-0.0002339848512893941,2.44140625e-05,False
trial,560,560,560,449.73756199141565,1001.297692035087,449.73756199141565,1001.297692035087,1884,942,0,0,1884,942,1040714,520357,942000.0,520357000.0,1000.0,True,True,688,344,0,0,1884,942,1.220703125e-05,2.9719292968806443,0.4449279287213421,0.4449279287213421,-2.8369097519216497,False,-0.00011701905404723643,1.220703125e-05,True
trial,561,561,560,449.73760443768197,1001.2981225795083,449.73756199141565,1001.297692035087,1884,942,0,0,1884,942,1042598,521299,942000.0,521299000.0,1000.0,True,True,688,344,0,0,1884,942,2.44140625e-05,3.025327453211088,-0.1953984524448718,-0.1953984524448718,-1.9819814774014237,False,-0.00021722928605289195,2.44140625e-05,False
trial,562,562,562,449.7375181651686,1001.2979417656014,449.7375181651686,1001.2979417656014,1884,942,0,0,1884,942,1044482,522241,942000.0,522241000.0,1000.0,True,True,688,344,0,0,1884,942,1.220703125e-05,3.025327453211088,0.4029154825517749,0.4029154825517749,-2.295891102902956,False,-0.00010877280462806365,1.220703125e-05,True
trial,563,563,562,449.73754384648254,1001.2985950226862,449.7375181651686,1001.2979417656014,1884,942,0,0,1884,942,1046366,523183,942000.0,523183000.0,1000.0,True,True,688,344,0,0,1884,942,2.44140625e-05,2.978987827072389,-0.10975015351091329,-0.10975015351091329,-2.791721072155356,False,-0.00023399797754851897,2.44140625e-05,False
trial,564,564,564,449.73746604918676,1001.2982470270495,449.73746604918676,1001.2982470270495,1884,942,0,0,1884,942,1048250,524125,942000.0,524125000.0,1000.0,True,True,688,344,0,0,1884,942,1.220703125e-05,2.978987827072389,0.445220598300733,0.445220598300733,-2.607812033759899,False,-0.00011705653784938178,1.220703125e-05,True
trial,565,565,564,449.73750830981874,1001.2987793998437,449.73746604918676,1001.2982470270495,1884,942,0,0,1884,942,1050134,525067,942000.0,525067000.0,1000.0,True,True,688,344,0,0,1884,942,2.44140625e-05,3.0329672082162387,-0.1943913561898723,-0.1943913561898723,-2.448819732476667,False,-0.00021739974863069358,2.44140625e-05,False
trial,566,566,566,449.7374222344449,1001.2985010593259,449.7374222344449,1001.2985010593259,1884,942,0,0,1884,942,1052018,526009,942000.0,526009000.0,1000.0,True,True,688,344,0,0,1884,942,1.220703125e-05,3.0329672082162387,0.40286531046250035,0.40286531046250035,-2.3357616089877524,False,-0.00010875779250703273,1.220703125e-05,True
trial,567,567,566,449.7374479192834,1001.2991786372938,449.7374222344449,1001.2985010593259,1884,942,0,0,1884,942,1053902,526951,942000.0,526951000.0,1000.0,True,True,688,344,0,0,1884,942,2.44140625e-05,2.9878740070235774,-0.1097883571894629,-0.1097883571894629,-2.896267852273021,False,-0.00023394865479416593,2.44140625e-05,False
trial,568,568,568,449.737370163278,1001.2987971720868,449.737370163278,1001.2987971720868,1884,942,0,0,1884,942,1055786,527893,942000.0,527893000.0,1000.0,True,True,688,344,0,0,1884,942,1.220703125e-05,2.9878740070235774,0.44511528250094173,0.44511528250094173,-2.5312341362858897,False,-0.00011698355227675536,1.220703125e-05,True
trial,569,569,568,449.7374111465935,1001.2989790868035,449.737370163278,1001.2987971720868,1884,942,0,0,1884,942,1057670,528835,942000.0,528835000.0,1000.0,True,True,688,344,0,0,1884,942,2.44140625e-05,3.0442495703884527,-0.1888357503351161,-0.1888357503351161,-0.8381948019890768,False,-0.0002170315495220966,2.44140625e-05,False
trial,570,570,570,449.7373263891847,1001.2990855016312,449.7373263891847,1001.2990855016312,1884,942,0,0,1884,942,1059554,529777,942000.0,529777000.0,1000.0,True,True,688,344,0,0,1884,942,1.220703125e-05,3.0442495703884527,0.4027076551588824,0.4027076551588824,-2.652539574042085,False,-0.0001086994317701619,1.220703125e-05,True
trial,571,571,570,449.7373521356788,1001.2998467171107,449.7373263891847,1001.2990855016312,1884,942,0,0,1884,942,1061438,530719,942000.0,530719000.0,1000.0,True,True,688,344,0,0,1884,942,2.44140625e-05,3.0035395767495836,-0.11012225585774575,-0.11012225585774575,-3.2558516705113894,False,-0.00023379918880309244,2.44140625e-05,False
trial,572,572,572,449.7372743296231,1001.2994292421852,449.7372743296231,1001.2994292421852,1884,942,0,0,1884,942,1063322,531661,942000.0,531661000.0,1000.0,True,True,688,344,0,0,1884,942,1.220703125e-05,3.0035395767495836,0.44509140478395753,0.44509140478395753,-2.9388638963489555,False,-0.00011696375404502791,1.220703125e-05,True
trial,573,573,572,449.73731668515734,1001.2996204395946,449.7372743296231,1001.2994292421852,1884,942,0,0,1884,942,1065206,532603,942000.0,532603000.0,1000.0,True,True,688,344,0,0,1884,942,2.44140625e-05,3.05444288388485,-0.1950045076824834,-0.1950045076824834,-0.8802711944069305,False,-0.00021720284686168077,2.44140625e-05,False
trial,574,574,574,449.73723061161536,1001.29968156812,449.73723061161536,1001.29968156812,1884,942,0,0,1884,942,1067090,533545,942000.0,533545000.0,1000.0,True,True,688,344,0,0,1884,942,1.220703125e-05,3.05444288388485,0.4024397919143314,0.4024397919143314,-2.3227498672936204,False,-0.0001086324181606129,1.220703125e-05,True
trial,575,575,574,449.7372554775921,1001.3006155062158,449.73723061161536,1001.29968156812,1884,942,0,0,1884,942,1068974,534487,942000.0,534487000.0,1000.0,True,True,688,344,0,0,1884,942,2.44140625e-05,3.014768154596718,-0.10639834145165726,-0.10639834145165726,-3.996201936476016,False,-0.0002337064319003732,2.44140625e-05,False
trial,576,576,576,449.7371785847546,1001.300018558306,449.7371785847546,1001.300018558306,1884,942,0,0,1884,942,1070858,535429,942000.0,535429000.0,1000.0,True,True,688,344,0,0,1884,942,1.220703125e-05,3.014768154596718,0.44495379040822475,0.44495379040822475,-2.882070114085137,False,-0.00011692643571777573,1.220703125e-05,True
trial,577,577,576,449.73722106126115,1001.3005915894489,449.7371785847546,1001.300018558306,1884,942,0,0,1884,942,1072742,536371,942000.0,536371000.0,1000.0,True,True,688,344,0,0,1884,942,2.44140625e-05,3.0694691012114017,-0.19572654571456177,-0.19572654571456177,-2.6404574026317746,False,-0.00021701965060207912,2.44140625e-05,False
trial,578,578,578,449.7371349745888,1001.3003534516921,449.7371349745888,1001.3003534516921,1884,942,0,0,1884,942,1074626,537313,942000.0,537313000.0,1000.0,True,True,688,344,0,0,1884,942,1.220703125e-05,3.0694691012114017,0.40196856805249975,0.40196856805249975,-3.086817315157774,False,-0.00010849148230911238,1.220703125e-05,True
trial,579,579,578,449.7371607805809,1001.3011016961237,449.7371349745888,1001.3003534516921,1884,942,0,0,1884,942,1076510,538255,942000.0,538255000.0,1000.0,True,True,688,344,0,0,1884,942,2.44140625e-05,3.0287086751142023,-0.11044619105546469,-0.11044619105546469,-3.2023859864582223,False,-0.00023365216897583833,2.44140625e-05,False
trial,580,580,580,449.7370830110081,1001.3005724485756,449.7370830110081,1001.3005724485756,1884,942,0,0,1884,942,1078394,539197,942000.0,539197000.0,1000.0,True,True,688,344,0,0,1884,942,1.220703125e-05,3.0287086751142023,0.44472940472861294,0.44472940472861294,-1.8742810321131205,False,-0.00011684314132514388,1.220703125e-05,True
trial,581,581,580,449.73712572510436,1001.3011191250177,449.7370830110081,1001.3005724485756,1884,942,0,0,1884,942,1080278,540139,942000.0,540139000.0,1000.0,True,True,688,344,0,0,1884,942,2.44140625e-05,3.0859268580415686,-0.19711435998320603,-0.19711435998320603,-2.5227685111208755,False,-0.0002166970293617015,2.44140625e-05,False
trial,582,582,582,449.73703936909726,1001.3009301185851,449.73703936909726,1001.3009301185851,1884,942,0,0,1884,942,1082162,541081,942000.0,541081000.0,1000.0,True,True,688,344,0,0,1884,942,1.220703125e-05,3.0859268580415686,0.40212780261131365,0.40212780261131365,-3.2956635534195047,False,-0.0001085274645677366,1.220703125e-05,True
trial,583,583,582,449.7370654004849,1001.3016342134342,449.73703936909726,1001.3009301185851,1884,942,0,0,1884,942,1084046,542023,942000.0,542023000.0,1000.0,True,True,688,344,0,0,1884,942,2.44140625e-05,3.0595110272813395,-0.11155506857432773,-0.11155506857432773,-3.0173323957944684,False,-0.00023335011086790422,2.44140625e-05,False
trial,584,584,584,449.7369874048536,1001.3011595366626,449.7369874048536,1001.3011595366626,1884,942,0,0,1884,942,1085930,542965,942000.0,542965000.0,1000.0,True,True,688,344,0,0,1884,942,1.220703125e-05,3.0595110272813395,0.444752229357165,0.444752229357165,-1.963546358352378,False,-0.00011683863558830175,1.220703125e-05,True
trial,585,585,584,449.73702997420367,1001.3018266858238,449.7369874048536,1001.3011595366626,1884,942,0,0,1884,942,1087814,543907,942000.0,543907000.0,1000.0,True,True,688,344,0,0,1884,942,2.44140625e-05,3.105240679805799,-0.19633521052865077,-0.19633521052865077,-3.0769760602497196,False,-0.00021681974385948333,2.44140625e-05,False
trial,586,586,586,449.7369438398953,1001.3015452518764,449.7369438398953,1001.3015452518764,1884,942,0,0,1884,942,1089698,544849,942000.0,544849000.0,1000.0,True,True,688,344,0,0,1884,942,1.220703125e-05,3.105240679805799,0.4017499827876018,0.4017499827876018,-3.557012021867452,False,-0.00010843798431569787,1.220703125e-05,True
trial,587,587,586,449.7369698358337,1001.302199076994,449.7369438398953,1001.3015452518764,1884,942,0,0,1884,942,1091582,545791,942000.0,545791000.0,1000.0,True,True,688,344,0,0,1884,942,2.44140625e-05,3.0746617387821473,-0.1114122836890494,-0.1114122836890494,-2.802135792359795,False,-0.0002333309896760549,2.44140625e-05,False
trial,588,588,588,449.7368919304769,1001.3018549623916,449.7368919304769,1001.3018549623916,1884,942,0,0,1884,942,1093466,546733,942000.0,546733000.0,1000.0,True,True,688,344,0,0,1884,942,1.220703125e-05,3.0746617387821473,0.4445716428689655,0.4445716428689655,-2.6524765025335446,False,-0.00011676277431426049,1.220703125e-05,True
trial,589,589,588,449.7369346151255,1001.3024606090244,449.7368919304769,1001.3018549623916,1884,942,0,0,1884,942,1095350,547675,942000.0,547675000.0,1000.0,True,True,688,344,0,0,1884,942,2.44140625e-05,3.130453283889575,-0.19702064811874861,-0.19702064811874861,-2.795498989211,False,-0.00021665063556035422,2.44140625e-05,False
trial,590,590,590,449.7368484582778,1001.3020650586782,449.7368484582778,1001.3020650586782,1884,942,0,0,1884,942,1097234,548617,942000.0,548617000.0,1000.0,True,True,688,344,0,0,1884,942,1.220703125e-05,3.130453283889575,0.4013342453571299,0.4013342453571299,-1.9396036177458815,False,-0.00010831918677341588,1.220703125e-05,True
trial,591,591,590,449.7368746076451,1001.3029024831752,449.7368484582778,1001.3020650586782,1884,942,0,0,1884,942,1099118,549559,942000.0,549559000.0,1000.0,True,True,688,344,0,0,1884,942,2.44140625e-05,3.101682541485482,-0.11216656552945682,-0.11216656552945682,-3.592095691646949,False,-0.00023312978520668152,2.44140625e-05,False
trial,592,592,592,449.73679660459646,1001.302509627593,449.73679660459646,1001.302509627593,1884,942,0,0,1884,942,1101002,550501,942000.0,550501000.0,1000.0,True,True,688,344,0,0,1884,942,1.220703125e-05,3.101682541485482,0.4443738465875315,0.4443738465875315,-3.809850982954339,False,-0.00011668931852229409,1.220703125e-05,True
trial,593,593,592,449.7368395184886,1001.3028932882182,449.73679660459646,1001.302509627593,1884,942,0,0,1884,942,1102886,551443,942000.0,551443000.0,1000.0,True,True,688,344,0,0,1884,942,2.44140625e-05,3.1555770145163327,-0.19836204811105126,-0.19836204811105126,-1.7734049193924692,False,-0.00021634124332230156,2.44140625e-05,False
trial,594,594,594,449.7367531778989,1001.3027980181878,449.7367531778989,1001.3027980181878,1884,942,0,0,1884,942,1104770,552385,942000.0,552385000.0,1000.0,True,True,688,344,0,0,1884,942,1.220703125e-05,3.1555770145163327,0.40111867213778263,0.40111867213778263,-2.6637727223357963,False,-0.00010826396423188958,1.220703125e-05,True
trial,595,595,594,449.7367793859916,1001.3032427889061,449.7367531778989,1001.3027980181878,1884,942,0,0,1884,942,1106654,553327,942000.0,553327000.0,1000.0,True,True,688,344,0,0,1884,942,2.44140625e-05,3.130979046308647,-0.1124754139244731,-0.1124754139244731,-1.908790966983231,False,-0.00023301174723948598,2.44140625e-05,False
trial,596,596,596,449.73670135939733,1001.3031174374297,449.73670135939733,1001.3031174374297,1884,942,0,0,1884,942,1108538,554269,942000.0,554269000.0,1000.0,True,True,688,344,0,0,1884,942,1.220703125e-05,3.130979046308647,0.4442271606777428,0.4442271606777428,-2.7383019313470656,False,-0.00011664865669563377,1.220703125e-05,True
trial,597,597,596,449.7367442359942,1001.3035943028334,449.73670135939733,1001.3031174374297,1884,942,0,0,1884,942,1110422,555211,942000.0,555211000.0,1000.0,True,True,688,344,0,0,1884,942,2.44140625e-05,3.185260671449757,-0.19816532192720807,-0.19816532192720807,-2.2039572435599544,False,-0.00021636781071473845,2.44140625e-05,False
trial,598,598,598,449.7366579350171,1001.3032960042358,449.7366579350171,1001.3032960042358,1884,942,0,0,1884,942,1112306,556153,942000.0,556153000.0,1000.0,True,True,688,344,0,0,1884,942,1.220703125e-05,3.185260671449757,0.4011130524676266,0.4011130524676266,-1.6494300267834299,False,-0.00010825970376747085,1.220703125e-05,True
trial,599,599,598,449.73668411765186,1001.3037551937637,449.7366579350171,1001.3032960042358,1884,942,0,0,1884,942,1114190,557095,942000.0,557095000.0,1000.0,True,True,688,344,0,0,1884,942,2.44140625e-05,3.1418552188256035,-0.11236939200760637,-0.11236939200760637,-1.9707278704931677,False,-0.0002330050408018506,2.44140625e-05,False
