phase,nf,x_index,incumbent_index,active_objective,full_objective,incumbent_active_objective,incumbent_full_objective,active_residuals,active_circuits,new_residuals_revealed,new_circuits_revealed,union_residuals_revealed,union_circuits_revealed,cumulative_eval_residuals,cumulative_eval_circuits,cumulative_shots_revealed,cumulative_eval_shots,shots_per_circuit,fpr_enabled,fpr_use_union_mask,fpr_selected_residuals,fpr_selected_circuits,fpr_new_residuals,fpr_new_circuits,fpr_union_residuals,fpr_union_circuits,delta,ng,rho,rho_active,rho_full,rho_uses_full_objective,mdec,step_norm,accepted
initial,0,0,0,26458.350367899067,26458.350367899067,26458.350367899067,26458.350367899067,3836,1918,3836,1918,3836,1918,3836,1918,191800.0,191800.0,100.0,False,True,3836,1918,3836,1918,3836,1918,0.1,,,,,False,,,True
trial,1,1,1,12350.228342427732,12350.228342427732,12350.228342427732,12350.228342427732,3836,1918,0,0,3836,1918,7672,3836,191800.0,191800.0,100.0,False,True,3836,1918,0,0,3836,1918,0.1,116657.80449881907,22.534820694472888,22.534820694472888,22.534820694472888,False,-626.0587655322073,0.1,True
trial,2,2,1,17559.14506204213,17559.14506204213,12350.228342427732,12350.228342427732,3836,1918,0,0,3836,1918,11508,5754,191800.0,191800.0,100.0,False,True,3836,1918,0,0,3836,1918,0.2,69668.45409535081,-0.5578614060198762,-0.5578614060198762,-0.5578614060198762,False,-9337.295362979114,0.19360595959157464,False
trial,3,3,1,12676.825680512022,12676.825680512022,12350.228342427732,12350.228342427732,3836,1918,0,0,3836,1918,15344,7672,191800.0,191800.0,100.0,False,True,3836,1918,0,0,3836,1918,0.1,69668.45409535081,-0.03500981513805764,-0.03500981513805764,-0.03500981513805764,False,-9328.736435664867,0.1,False
trial,4,4,4,5133.618858214322,5133.618858214322,5133.618858214322,5133.618858214322,3836,1918,0,0,3836,1918,19180,9590,191800.0,191800.0,100.0,False,True,3836,1918,0,0,3836,1918,0.05,69668.45409535081,0.8099313015637981,0.8099313015637981,0.8099313015637981,False,-8910.1501204852,0.05,True
trial,5,5,4,19080.54168776005,19080.54168776005,5133.618858214322,5133.618858214322,3836,1918,0,0,3836,1918,23016,11508,191800.0,191800.0,100.0,False,True,3836,1918,0,0,3836,1918,0.1,141103.77578881185,-4.61159399028058,-4.61159399028058,-4.61159399028058,False,-3024.3171577854287,0.1,False
trial,6,6,4,9781.702595738272,9781.702595738272,5676.338714273306,5676.338714273306,3836,1918,0,0,3836,1918,26852,13426,201800.0,201800.0,105.21376433785193,False,True,3836,1918,0,0,3836,1918,0.05,163929.2136295214,-1.1789876566773583,-1.1789876566773583,-1.1789876566773583,False,-3482.109297933421,0.05,False
trial,7,7,7,3980.073395815641,3980.073395815641,3980.073395815641,3980.073395815641,3836,1918,0,0,3836,1918,30688,15344,201800.0,201800.0,105.21376433785193,False,True,3836,1918,0,0,3836,1918,0.025,163929.2136295214,0.5258214131987167,0.5258214131987167,0.5258214131987167,False,-3225.934273271253,0.025,True
trial,8,8,7,4354.305038584018,4354.305038584018,3980.073395815641,3980.073395815641,3836,1918,0,0,3836,1918,34524,17262,201800.0,201800.0,105.21376433785193,False,True,3836,1918,0,0,3836,1918,0.05,78843.06636326648,-0.13287931039269674,-0.13287931039269674,-0.13287931039269674,False,-2816.3274001228197,0.05,False
trial,9,9,9,1843.69338884249,1843.69338884249,1843.69338884249,1843.69338884249,3836,1918,0,0,3836,1918,38360,19180,201800.0,201800.0,105.21376433785193,False,True,3836,1918,0,0,3836,1918,0.025,78843.06636326648,0.760006496611661,0.760006496611661,0.760006496611661,False,-2811.002296030073,0.025,True
trial,10,10,9,5878.7667812190675,5878.7667812190675,1843.69338884249,1843.69338884249,3836,1918,0,0,3836,1918,42196,21098,201800.0,201800.0,105.21376433785193,False,True,3836,1918,0,0,3836,1918,0.05,66831.9396606922,-5.097725245995111,-5.097725245995111,-5.097725245995111,False,-791.5439137381173,0.05,False
trial,11,11,9,2292.68343910472,2292.68343910472,2090.194953483534,2090.194953483534,3836,1918,0,0,3836,1918,46032,23016,211800.0,211800.0,110.42752867570385,False,True,3836,1918,0,0,3836,1918,0.025,77603.9415530926,-0.19726334756223252,-0.19726334756223252,-0.19726334756223252,False,-1026.4881343824156,0.025,False
trial,12,12,12,1225.7350085132684,1225.7350085132684,1225.7350085132684,1225.7350085132684,3836,1918,0,0,3836,1918,49868,24934,211800.0,211800.0,110.42752867570385,False,True,3836,1918,0,0,3836,1918,0.0125,77603.9415530926,0.847716147000094,0.847716147000094,0.847716147000094,False,-1019.751656293707,0.0125,True
trial,13,13,12,2927.3211231983296,2927.3211231983296,1225.7350085132684,1225.7350085132684,3836,1918,0,0,3836,1918,53704,26852,211800.0,211800.0,110.42752867570385,False,True,3836,1918,0,0,3836,1918,0.025,23519.134720151204,-5.679831478847035,-5.679831478847035,-5.679831478847035,False,-299.58390861104755,0.025,False
trial,14,14,12,1242.7888897762086,1242.7888897762086,1225.7350085132684,1225.7350085132684,3836,1918,0,0,3836,1918,57540,28770,211800.0,211800.0,110.42752867570385,False,True,3836,1918,0,0,3836,1918,0.0125,23519.134720151204,-0.05792283127741919,-0.05792283127741919,-0.05792283127741919,False,-294.4241655118908,0.0125,False
trial,15,15,15,975.8713840879243,975.8713840879243,975.8713840879243,975.8713840879243,3836,1918,0,0,3836,1918,61376,30688,211800.0,211800.0,110.42752867570385,False,True,3836,1918,0,0,3836,1918,0.00625,23519.134720151204,0.9344967056118254,0.9344967056118254,0.9344967056118254,False,-267.37774774899356,0.00625,True
trial,16,16,15,1276.1709063066846,1276.1709063066846,974.6560086172859,974.6560086172859,3836,1918,0,0,3836,1918,65212,32606,221800.0,221800.0,115.64129301355578,False,True,3836,1918,0,0,3836,1918,0.0125,11930.654392490784,-5.6672219829297426,-5.6672219829297426,-5.6672219829297426,False,-53.20329759405802,0.0125,False
trial,17,17,15,980.6420120415879,980.6420120415879,974.6560086172859,974.6560086172859,3836,1918,0,0,3836,1918,69048,34524,221800.0,221800.0,115.64129301355578,False,True,3836,1918,0,0,3836,1918,0.00625,11930.654392490784,-0.12833008892616235,-0.12833008892616235,-0.12833008892616235,False,-46.64536177284333,0.00625,False
trial,18,18,18,949.4920985429396,949.4920985429396,949.4920985429396,949.4920985429396,3836,1918,0,0,3836,1918,72884,36442,221800.0,221800.0,115.64129301355578,False,True,3836,1918,0,0,3836,1918,0.003125,11930.654392490784,0.7009156439635462,0.7009156439635462,0.7009156439635462,False,-35.9014815706625,0.003125,True
trial,19,19,18,1015.0528401634836,1015.0528401634836,949.4920985429396,949.4920985429396,3836,1918,0,0,3836,1918,76720,38360,221800.0,221800.0,115.64129301355578,False,True,3836,1918,0,0,3836,1918,0.00625,4984.268083079169,-2.4028240870303774,-2.4028240870303774,-2.4028240870303774,False,-27.28486948937227,0.00625,False
trial,20,20,20,942.0880036446645,942.0880036446645,942.0880036446645,942.0880036446645,3836,1918,0,0,3836,1918,80556,40278,221800.0,221800.0,115.64129301355578,False,True,3836,1918,0,0,3836,1918,0.003125,4984.268083079169,0.3547644998929663,0.3547644998929663,0.3547644998929663,False,-20.870450398811048,0.003125,True
trial,21,21,20,997.5852137516858,997.5852137516858,946.9022503175358,946.9022503175358,3836,1918,0,0,3836,1918,84392,42196,231800.0,231800.0,120.85505735140772,False,True,3836,1918,0,0,3836,1918,0.00625,7271.636228010301,-1.876562508833783,-1.876562508833783,-1.876562508833783,False,-27.008406698718318,0.00625,False
trial,22,22,22,940.2604476943013,940.2604476943013,940.2604476943013,940.2604476943013,3836,1918,0,0,3836,1918,88228,44114,231800.0,231800.0,120.85505735140772,False,True,3836,1918,0,0,3836,1918,0.003125,7271.636228010301,0.2970174721151286,0.2970174721151286,0.2970174721151286,False,-22.361656288893535,0.003125,True
trial,23,23,22,1017.8244244950474,1017.8244244950474,940.2604476943013,940.2604476943013,3836,1918,0,0,3836,1918,92064,46032,231800.0,231800.0,120.85505735140772,False,True,3836,1918,0,0,3836,1918,0.00625,8066.798271513359,-4.248345203290191,-4.248345203290191,-4.248345203290191,False,-18.257456277487897,0.00625,False
trial,24,24,22,940.3137892551754,940.3137892551754,940.2604476943013,940.2604476943013,3836,1918,0,0,3836,1918,95900,47950,231800.0,231800.0,120.85505735140772,False,True,3836,1918,0,0,3836,1918,0.003125,8066.798271513359,-0.0032326850627170814,-0.0032326850627170814,-0.0032326850627170814,False,-16.50069828615658,0.003125,False
trial,25,25,25,929.0009731050063,929.0009731050063,929.0009731050063,929.0009731050063,3836,1918,0,0,3836,1918,99736,49868,231800.0,231800.0,120.85505735140772,False,True,3836,1918,0,0,3836,1918,0.0015625,8066.798271513359,0.8139426538718504,0.8139426538718504,0.8139426538718504,False,-13.833252914974674,0.0015625,True
trial,26,26,25,946.9332496498065,946.9332496498065,931.2775669745365,931.2775669745365,3836,1918,0,0,3836,1918,103572,51786,241800.0,241800.0,126.06882168925965,False,True,3836,1918,0,0,3836,1918,0.003125,5779.537716190552,-1.9758100103688503,-1.9758100103688503,-1.9758100103688503,False,-7.9236781841930926,0.003125,False
trial,27,27,27,927.4217922071673,927.4217922071673,927.4217922071673,927.4217922071673,3836,1918,0,0,3836,1918,107408,53704,241800.0,241800.0,126.06882168925965,False,True,3836,1918,0,0,3836,1918,0.0015625,5779.537716190552,0.6081519284749216,0.6081519284749216,0.6081519284749216,False,-6.340150522976123,0.0015625,True
trial,28,28,27,947.264808676651,947.264808676651,927.4217922071673,927.4217922071673,3836,1918,0,0,3836,1918,111244,55622,241800.0,241800.0,126.06882168925965,False,True,3836,1918,0,0,3836,1918,0.003125,3384.894174495125,-3.857890344079862,-3.857890344079862,-3.857890344079862,False,-5.143488979652795,0.003125,False
trial,29,29,29,926.9259036101544,926.9259036101544,926.9259036101544,926.9259036101544,3836,1918,0,0,3836,1918,115080,57540,241800.0,241800.0,126.06882168925965,False,True,3836,1918,0,0,3836,1918,0.0015625,3384.894174495125,0.12568356982558962,0.12568356982558962,0.12568356982558962,False,-3.9455324009421253,0.0015625,True
trial,30,30,29,940.1577756383758,940.1577756383758,926.9259036101544,926.9259036101544,3836,1918,0,0,3836,1918,118916,59458,241800.0,241800.0,126.06882168925965,False,True,3836,1918,0,0,3836,1918,0.003125,2961.026708525115,-2.1116322225705066,-2.1116322225705066,-2.1116322225705066,False,-6.266182096858797,0.003125,False
trial,31,31,31,928.0517990151419,928.0517990151419,928.0517990151419,928.0517990151419,3836,1918,0,0,3836,1918,122752,61376,251800.0,251800.0,131.28258602711156,False,True,3836,1918,0,0,3836,1918,0.0015625,4868.878784805016,0.414572814958814,0.414572814958814,0.414572814958814,False,-7.08635278460253,0.0015625,True
trial,32,32,31,944.788093525643,944.788093525643,928.0517990151419,928.0517990151419,3836,1918,0,0,3836,1918,126588,63294,251800.0,251800.0,131.28258602711156,False,True,3836,1918,0,0,3836,1918,0.003125,5028.926202459434,-3.0864237268663515,-3.0864237268663515,-3.0864237268663515,False,-5.422552439840624,0.003125,False
trial,33,33,33,927.2461576629299,927.2461576629299,927.2461576629299,927.2461576629299,3836,1918,0,0,3836,1918,130424,65212,251800.0,251800.0,131.28258602711156,False,True,3836,1918,0,0,3836,1918,0.0015625,5028.926202459434,0.18791221157825144,0.18791221157825144,0.18791221157825144,False,-4.287328351071472,0.0015625,True
trial,34,34,33,946.0753399764901,946.0753399764901,927.2461576629299,927.2461576629299,3836,1918,0,0,3836,1918,134260,67130,251800.0,251800.0,131.28258602711156,False,True,3836,1918,0,0,3836,1918,0.003125,3468.5452552558645,-3.225985288780083,-3.225985288780083,-3.225985288780083,False,-5.836722932075273,0.003125,False
trial,35,35,33,927.7384692140976,927.7384692140976,927.2461576629299,927.2461576629299,3836,1918,0,0,3836,1918,138096,69048,251800.0,251800.0,131.28258602711156,False,True,3836,1918,0,0,3836,1918,0.0015625,3468.5452552558645,-0.11287311106309277,-0.11287311106309277,-0.11287311106309277,False,-4.361637120929924,0.0015625,False
trial,36,36,36,930.6687197321219,930.6687197321219,930.6687197321219,930.6687197321219,3836,1918,0,0,3836,1918,141932,70966,261800.0,261800.0,136.4963503649635,False,True,3836,1918,0,0,3836,1918,0.00078125,5854.446418994695,0.7074506962970906,0.7074506962970906,0.7074506962970906,False,-4.397028357903699,0.00078125,True
trial,37,37,36,933.252656807536,933.252656807536,930.6687197321219,930.6687197321219,3836,1918,0,0,3836,1918,145768,72884,261800.0,261800.0,136.4963503649635,False,True,3836,1918,0,0,3836,1918,0.0015625,1291.6905204732345,-1.4592240716996734,-1.4592240716996734,-1.4592240716996734,False,-1.7707609993059121,0.0015625,False
trial,38,38,38,930.2417505793211,930.2417505793211,930.2417505793211,930.2417505793211,3836,1918,0,0,3836,1918,149604,74802,261800.0,261800.0,136.4963503649635,False,True,3836,1918,0,0,3836,1918,0.00078125,1291.6905204732345,0.32183208593218626,0.32183208593218626,0.32183208593218626,False,-1.3266829861418699,0.00078125,True
trial,39,39,38,934.3062255829103,934.3062255829103,930.2417505793211,930.2417505793211,3836,1918,0,0,3836,1918,153440,76720,261800.0,261800.0,136.4963503649635,False,True,3836,1918,0,0,3836,1918,0.0015625,2346.875657119545,-1.6200001048273596,-1.6200001048273596,-1.6200001048273596,False,-2.5089350250519686,0.0015625,False
trial,40,40,40,930.1615417979101,930.1615417979101,930.1615417979101,930.1615417979101,3836,1918,0,0,3836,1918,157276,78638,261800.0,261800.0,136.4963503649635,False,True,3836,1918,0,0,3836,1918,0.00078125,2346.875657119545,0.05254760451120666,0.05254760451120666,0.05254760451120666,False,-1.526402243395935,0.00078125,True
trial,41,41,40,937.9745822963349,937.9745822963349,934.2347287677807,934.2347287677807,3836,1918,0,0,3836,1918,161112,80556,271800.0,271800.0,141.71011470281545,False,True,3836,1918,0,0,3836,1918,0.0015625,6423.199328854431,-0.8524567660839547,-0.8524567660839547,-0.8524567660839547,False,-4.387147451165784,0.0015625,False
trial,42,42,42,932.8990713483357,932.8990713483357,932.8990713483357,932.8990713483357,3836,1918,0,0,3836,1918,164948,82474,271800.0,271800.0,141.71011470281545,False,True,3836,1918,0,0,3836,1918,0.00078125,6423.199328854431,0.46188420964375704,0.46188420964375704,0.46188420964375704,False,-2.891758132357698,0.00078125,True
trial,43,43,42,937.6604550007698,937.6604550007698,932.8990713483357,932.8990713483357,3836,1918,0,0,3836,1918,168784,84392,271800.0,271800.0,141.71011470281545,False,True,3836,1918,0,0,3836,1918,0.0015625,2026.0086765524263,-1.7209661791765938,-1.7209661791765938,-1.7209661791765938,False,-2.7666921698090725,0.0015625,False
trial,44,44,42,932.9437728639837,932.9437728639837,932.8990713483357,932.8990713483357,3836,1918,0,0,3836,1918,172620,86310,271800.0,271800.0,141.71011470281545,False,True,3836,1918,0,0,3836,1918,0.00078125,2026.0086765524263,-0.02724443126582393,-0.02724443126582393,-0.02724443126582393,False,-1.640757893302711,0.00078125,False
trial,45,45,45,932.3813146954776,932.3813146954776,932.3813146954776,932.3813146954776,3836,1918,0,0,3836,1918,176456,88228,271800.0,271800.0,141.71011470281545,False,True,3836,1918,0,0,3836,1918,0.000390625,2026.0086765524263,0.5591989228602852,0.5591989228602852,0.5591989228602852,False,-0.9258899323514462,0.000390625,True
trial,46,46,46,931.475568836714,931.475568836714,931.475568836714,931.475568836714,3836,1918,0,0,3836,1918,180292,90146,281800.0,281800.0,146.92387904066737,False,True,3836,1918,0,0,3836,1918,0.00078125,4287.366548529224,0.08951140282232058,0.08951140282232058,0.08951140282232058,False,-1.593675516093418,0.00078125,True
trial,47,47,46,937.1733882226508,937.1733882226508,931.475568836714,931.475568836714,3836,1918,0,0,3836,1918,184128,92064,281800.0,281800.0,146.92387904066737,False,True,3836,1918,0,0,3836,1918,0.0015625,3580.466583930188,-2.0037091295442804,-2.0037091295442804,-2.0037091295442804,False,-2.843635985844254,0.0015625,False
trial,48,48,48,931.4126756298667,931.4126756298667,931.4126756298667,931.4126756298667,3836,1918,0,0,3836,1918,187964,93982,281800.0,281800.0,146.92387904066737,False,True,3836,1918,0,0,3836,1918,0.00078125,3580.466583930188,0.03648044661479309,0.03648044661479309,0.03648044661479309,False,-1.724025133557899,0.00078125,True
trial,49,49,49,930.7886941110154,930.7886941110154,930.7886941110154,930.7886941110154,3836,1918,0,0,3836,1918,191800,95900,281800.0,281800.0,146.92387904066737,False,True,3836,1918,0,0,3836,1918,0.000390625,1298.15042948399,0.6358279255397802,0.6358279255397802,0.6358279255397802,False,-0.9813685335094622,0.000390625,True
trial,50,50,49,931.4055775797984,931.4055775797984,930.7886941110154,930.7886941110154,3836,1918,0,0,3836,1918,195636,97818,281800.0,281800.0,146.92387904066737,False,True,3836,1918,0,0,3836,1918,0.00078125,1498.417216955775,-1.0604090875810206,-1.0604090875810206,-1.0604090875810206,False,-0.5817410242968245,0.00078125,False
trial,51,51,51,929.5762434402063,929.5762434402063,929.5762434402063,929.5762434402063,3836,1918,0,0,3836,1918,199472,99736,291800.0,291800.0,152.1376433785193,False,True,3836,1918,0,0,3836,1918,0.000390625,5698.214272421736,0.7796115608944579,0.7796115608944579,0.7796115608944579,False,-1.3808651353607182,0.000390625,True
trial,52,52,51,930.3373986219983,930.3373986219983,929.5762434402063,929.5762434402063,3836,1918,0,0,3836,1918,203308,101654,291800.0,291800.0,152.1376433785193,False,True,3836,1918,0,0,3836,1918,0.00078125,871.9793169822552,-0.6725319724934158,-0.6725319724934158,-0.6725319724934158,False,-1.1317754588975226,0.00078125,False
trial,53,53,53,929.4066479679068,929.4066479679068,929.4066479679068,929.4066479679068,3836,1918,0,0,3836,1918,207144,103572,291800.0,291800.0,152.1376433785193,False,True,3836,1918,0,0,3836,1918,0.000390625,871.9793169822552,0.26424872627531765,0.26424872627531765,0.26424872627531765,False,-0.6418024211130325,0.000390625,True
trial,54,54,53,930.4405068134838,930.4405068134838,929.4066479679068,929.4066479679068,3836,1918,0,0,3836,1918,210980,105490,291800.0,291800.0,152.1376433785193,False,True,3836,1918,0,0,3836,1918,0.00078125,1186.2962231278261,-0.8374123480346297,-0.8374123480346297,-0.8374123480346297,False,-1.234587533851676,0.00078125,False
trial,55,55,55,929.2926955888349,929.2926955888349,929.2926955888349,929.2926955888349,3836,1918,0,0,3836,1918,214816,107408,291800.0,291800.0,152.1376433785193,False,True,3836,1918,0,0,3836,1918,0.000390625,1186.2962231278261,0.1704939720783946,0.1704939720783946,0.1704939720783946,False,-0.668366028914295,0.000390625,True
trial,56,56,55,933.9749801692523,933.9749801692523,933.655695388169,933.655695388169,3836,1918,0,0,3836,1918,218652,109326,301800.0,301800.0,157.35140771637123,False,True,3836,1918,0,0,3836,1918,0.00078125,6638.2662200324585,-0.15067952961590828,-0.15067952961590828,-0.15067952961590828,False,-2.1189658734479364,0.00078125,False
trial,57,57,57,932.8610998620445,932.8610998620445,932.8610998620445,932.8610998620445,3836,1918,0,0,3836,1918,222488,111244,301800.0,301800.0,157.35140771637123,False,True,3836,1918,0,0,3836,1918,0.000390625,6638.2662200324585,0.5706361043063657,0.5706361043063657,0.5706361043063657,False,-1.3924732769762627,0.000390625,True
trial,58,58,57,934.0705798016487,934.0705798016487,932.8610998620445,932.8610998620445,3836,1918,0,0,3836,1918,226324,113162,301800.0,301800.0,157.35140771637123,False,True,3836,1918,0,0,3836,1918,0.00078125,1494.878387739706,-1.045614234647985,-1.045614234647985,-1.045614234647985,False,-1.1567171711385273,0.00078125,False
trial,59,59,59,932.813743326058,932.813743326058,932.813743326058,932.813743326058,3836,1918,0,0,3836,1918,230160,115080,301800.0,301800.0,157.35140771637123,False,True,3836,1918,0,0,3836,1918,0.000390625,1494.878387739706,0.07657515380187117,0.07657515380187117,0.07657515380187117,False,-0.6184321367352729,0.000390625,True
trial,60,60,59,933.786087175476,933.786087175476,932.813743326058,932.813743326058,3836,1918,0,0,3836,1918,233996,116998,301800.0,301800.0,157.35140771637123,False,True,3836,1918,0,0,3836,1918,0.00078125,1103.9401479221265,-0.7027705863260647,-0.7027705863260647,-0.7027705863260647,False,-1.3835864339474704,0.00078125,False
trial,61,61,61,932.4842660302083,932.4842660302083,932.4842660302083,932.4842660302083,3836,1918,0,0,3836,1918,237832,118916,311800.0,311800.0,162.56517205422315,False,True,3836,1918,0,0,3836,1918,0.000390625,7239.148917166379,0.648820784070414,0.648820784070414,0.648820784070414,False,-1.6300804008144034,0.000390625,True
trial,62,62,61,933.8140730851006,933.8140730851006,932.4842660302083,932.4842660302083,3836,1918,0,0,3836,1918,241668,120834,311800.0,311800.0,162.56517205422315,False,True,3836,1918,0,0,3836,1918,0.00078125,2153.1388458156507,-1.3618281373352021,-1.3618281373352021,-1.3618281373352021,False,-0.976486693463703,0.00078125,False
trial,63,63,61,932.4908233373746,932.4908233373746,932.4842660302083,932.4842660302083,3836,1918,0,0,3836,1918,245504,122752,311800.0,311800.0,162.56517205422315,False,True,3836,1918,0,0,3836,1918,0.000390625,2153.1388458156507,-0.012341666592981988,-0.012341666592981988,-0.012341666592981988,False,-0.5313145608740268,0.000390625,False
trial,64,64,64,932.3261166823147,932.3261166823147,932.3261166823147,932.3261166823147,3836,1918,0,0,3836,1918,249340,124670,311800.0,311800.0,162.56517205422315,False,True,3836,1918,0,0,3836,1918,0.0001953125,2153.1388458156507,0.5422667731016664,0.5422667731016664,0.5422667731016664,False,-0.29164491674283427,0.0001953125,True
trial,65,65,64,932.53106158569,932.53106158569,932.3261166823147,932.3261166823147,3836,1918,0,0,3836,1918,253176,126588,311800.0,311800.0,162.56517205422315,False,True,3836,1918,0,0,3836,1918,0.000390625,696.117363726079,-0.6746616191772381,-0.6746616191772381,-0.6746616191772381,False,-0.3037743626579543,0.000390625,False
trial,66,66,66,930.4159756964882,930.4159756964882,930.4159756964882,930.4159756964882,3836,1918,0,0,3836,1918,257012,128506,321800.0,321800.0,167.77893639207508,False,True,3836,1918,0,0,3836,1918,0.0001953125,3793.7509374615497,0.8432798409617087,0.8432798409617087,0.8432798409617087,False,-0.8980738869565461,0.0001953125,True
trial,67,67,66,930.532855074045,930.532855074045,930.4159756964882,930.4159756964882,3836,1918,0,0,3836,1918,260848,130424,321800.0,321800.0,167.77893639207508,False,True,3836,1918,0,0,3836,1918,0.000390625,898.7428708573095,-0.25670972268591763,-0.25670972268591763,-0.25670972268591763,False,-0.45529782173368444,0.000390625,False
trial,68,68,68,930.3002889701585,930.3002889701585,930.3002889701585,930.3002889701585,3836,1918,0,0,3836,1918,264684,132342,321800.0,321800.0,167.77893639207508,False,True,3836,1918,0,0,3836,1918,0.0001953125,898.7428708573095,0.4509303821526657,0.4509303821526657,0.4509303821526657,False,-0.2565511904020711,0.0001953125,True
trial,69,69,68,930.4870404197763,930.4870404197763,930.3002889701585,930.3002889701585,3836,1918,0,0,3836,1918,268520,134260,321800.0,321800.0,167.77893639207508,False,True,3836,1918,0,0,3836,1918,0.000390625,413.7968397405492,-0.4944717715167579,-0.4944717715167579,-0.4944717715167579,False,-0.37767868739003174,0.000390625,False
trial,70,70,70,930.2401407823183,930.2401407823183,930.2401407823183,930.2401407823183,3836,1918,0,0,3836,1918,272356,136178,321800.0,321800.0,167.77893639207508,False,True,3836,1918,0,0,3836,1918,0.0001953125,413.7968397405492,0.3022565164103077,0.3022565164103077,0.3022565164103077,False,-0.19899715828947506,0.0001953125,True
trial,71,71,71,931.6317346235307,931.6317346235307,931.6317346235307,931.6317346235307,3836,1918,0,0,3836,1918,276192,138096,331800.0,331800.0,172.992700729927,False,True,3836,1918,0,0,3836,1918,0.000390625,13713.151165167974,0.5725930698724335,0.5725930698724335,0.5725930698724335,False,-2.0922431914827166,0.000390625,True
trial,72,72,71,931.8603954522175,931.8603954522175,931.6317346235307,931.6317346235307,3836,1918,0,0,3836,1918,280028,140014,331800.0,331800.0,172.992700729927,False,True,3836,1918,0,0,3836,1918,0.00078125,7075.372701375315,-0.10186866991271198,-0.10186866991271198,-0.10186866991271198,False,-2.24466294575852,0.00078125,False
trial,73,73,73,930.9075065845848,930.9075065845848,930.9075065845848,930.9075065845848,3836,1918,0,0,3836,1918,283864,141932,331800.0,331800.0,172.992700729927,False,True,3836,1918,0,0,3836,1918,0.000390625,7075.372701375315,0.5301320856023842,0.5301320856023842,0.5301320856023842,False,-1.3661275342786183,0.000390625,True
trial,74,74,73,932.6488394181229,932.6488394181229,930.9075065845848,930.9075065845848,3836,1918,0,0,3836,1918,287700,143850,331800.0,331800.0,172.992700729927,False,True,3836,1918,0,0,3836,1918,0.00078125,4395.013478516332,-2.0093174826728997,-2.0093174826728997,-2.0093174826728997,False,-0.866629016347217,0.00078125,False
trial,75,75,73,931.005917928069,931.005917928069,930.9075065845848,930.9075065845848,3836,1918,0,0,3836,1918,291536,145768,331800.0,331800.0,172.992700729927,False,True,3836,1918,0,0,3836,1918,0.000390625,4395.013478516332,-0.18933455176201833,-0.18933455176201833,-0.18933455176201833,False,-0.5197748776882272,0.000390625,False
trial,76,76,76,930.1672434676232,930.1672434676232,930.1672434676232,930.1672434676232,3836,1918,0,0,3836,1918,295372,147686,341800.0,341800.0,178.20646506777894,False,True,3836,1918,0,0,3836,1918,0.0001953125,4309.848934737704,0.728067914879427,0.728067914879427,0.728067914879427,False,-0.5885090052034462,0.0001953125,True
trial,77,77,76,930.2525882734933,930.2525882734933,930.1672434676232,930.1672434676232,3836,1918,0,0,3836,1918,299208,149604,341800.0,341800.0,178.20646506777894,False,True,3836,1918,0,0,3836,1918,0.000390625,765.0437356085059,-0.15409213591616475,-0.15409213591616475,-0.15409213591616475,False,-0.5538556874607065,0.000390625,False
trial,78,78,78,930.0290207981843,930.0290207981843,930.0290207981843,930.0290207981843,3836,1918,0,0,3836,1918,303044,151522,341800.0,341800.0,178.20646506777894,False,True,3836,1918,0,0,3836,1918,0.0001953125,765.0437356085059,0.4639914700902092,0.4639914700902092,0.4639914700902092,False,-0.2978991605426996,0.0001953125,True
trial,79,79,78,930.1937737777317,930.1937737777317,930.0290207981843,930.0290207981843,3836,1918,0,0,3836,1918,306880,153440,341800.0,341800.0,178.20646506777894,False,True,3836,1918,0,0,3836,1918,0.000390625,663.5807628291475,-0.3526409992947907,-0.3526409992947907,-0.3526409992947907,False,-0.46719746109184024,0.000390625,False
trial,80,80,80,929.9335537877455,929.9335537877455,929.9335537877455,929.9335537877455,3836,1918,0,0,3836,1918,310716,155358,341800.0,341800.0,178.20646506777894,False,True,3836,1918,0,0,3836,1918,0.0001953125,663.5807628291475,0.37949981890925427,0.37949981890925427,0.37949981890925427,False,-0.25156009484592723,0.0001953125,True
trial,81,81,81,924.7205863634108,924.7205863634108,924.7205863634108,924.7205863634108,3836,1918,0,0,3836,1918,314552,157276,353165.0,353165.0,184.13190823774767,False,True,3836,1918,0,0,3836,1918,0.000390625,5895.563678907092,0.2972566779884319,0.2972566779884319,0.2972566779884319,False,-0.9668707527758309,0.000390625,True
trial,82,82,81,925.3837162738753,925.3837162738753,924.7205863634108,924.7205863634108,3836,1918,0,0,3836,1918,318388,159194,353165.0,353165.0,184.13190823774767,False,True,3836,1918,0,0,3836,1918,0.00078125,1546.5496620530598,-0.3351640668280939,-0.3351640668280939,-0.3351640668280939,False,-1.9785232848502132,0.00078125,False
trial,83,83,83,924.2065360906204,924.2065360906204,924.2065360906204,924.2065360906204,3836,1918,0,0,3836,1918,322224,161112,353165.0,353165.0,184.13190823774767,False,True,3836,1918,0,0,3836,1918,0.000390625,1546.5496620530598,0.4638581010545657,0.4638581010545657,0.4638581010545657,False,-1.1082058750763473,0.000390625,True
trial,84,84,83,926.1752767732034,926.1752767732034,924.2065360906204,924.2065360906204,3836,1918,0,0,3836,1918,326060,163030,353165.0,353165.0,184.13190823774767,False,True,3836,1918,0,0,3836,1918,0.00078125,1078.2226242744018,-2.4855814234982994,-2.4855814234982994,-2.4855814234982994,False,-0.792064449778594,0.00078125,False
trial,85,85,83,924.4134060402941,924.4134060402941,924.2065360906204,924.2065360906204,3836,1918,0,0,3836,1918,329896,164948,353165.0,353165.0,184.13190823774767,False,True,3836,1918,0,0,3836,1918,0.000390625,1078.2226242744018,-0.4725323173018923,-0.4725323173018923,-0.4725323173018923,False,-0.4377900560431047,0.000390625,False
trial,86,86,86,925.2161107532498,925.2161107532498,925.2161107532498,925.2161107532498,3836,1918,0,0,3836,1918,333732,166866,366340.0,366340.0,191.00104275286756,False,True,3836,1918,0,0,3836,1918,0.0001953125,4192.635734993253,0.8176398372857272,0.8176398372857272,0.8176398372857272,False,-0.9029319062405783,0.0001953125,True
trial,87,87,86,925.2942301422122,925.2942301422122,925.2161107532498,925.2161107532498,3836,1918,0,0,3836,1918,337568,168784,366340.0,366340.0,191.00104275286756,False,True,3836,1918,0,0,3836,1918,0.000390625,925.4455645646299,-0.12299986088868584,-0.12299986088868584,-0.12299986088868584,False,-0.635117701743267,0.000390625,False
trial,88,88,88,925.0334453946218,925.0334453946218,925.0334453946218,925.0334453946218,3836,1918,0,0,3836,1918,341404,170702,366340.0,366340.0,191.00104275286756,False,True,3836,1918,0,0,3836,1918,0.0001953125,925.4455645646299,0.5049236236500088,0.5049236236500088,0.5049236236500088,False,-0.36176829538605665,0.0001953125,True
trial,89,89,88,925.1561726746487,925.1561726746487,925.0334453946218,925.0334453946218,3836,1918,0,0,3836,1918,345240,172620,366340.0,366340.0,191.00104275286756,False,True,3836,1918,0,0,3836,1918,0.000390625,872.4242794277989,-0.21747914351765693,-0.21747914351765693,-0.21747914351765693,False,-0.5643174699044884,0.000390625,False
trial,90,90,90,924.8989118755953,924.8989118755953,924.8989118755953,924.8989118755953,3836,1918,0,0,3836,1918,349076,174538,366340.0,366340.0,191.00104275286756,False,True,3836,1918,0,0,3836,1918,0.0001953125,872.4242794277989,0.4407083923073468,0.4407083923073468,0.4407083923073468,False,-0.3052665240208718,0.0001953125,True
trial,91,91,91,925.4434227271356,925.4434227271356,925.4434227271356,925.4434227271356,3836,1918,0,0,3836,1918,352912,176456,381615.0,381615.0,198.9650677789364,False,True,3836,1918,0,0,3836,1918,0.000390625,7008.3020794994445,0.5275627887919799,0.5275627887919799,0.5275627887919799,False,-1.1638493801520258,0.000390625,True
trial,92,92,91,925.7683582725372,925.7683582725372,925.4434227271356,925.4434227271356,3836,1918,0,0,3836,1918,356748,178374,381615.0,381615.0,198.9650677789364,False,True,3836,1918,0,0,3836,1918,0.00078125,2242.914556107145,-0.16531765259553086,-0.16531765259553086,-0.16531765259553086,False,-1.9655223764672711,0.00078125,False
trial,93,93,93,924.8324995511902,924.8324995511902,924.8324995511902,924.8324995511902,3836,1918,0,0,3836,1918,360584,180292,381615.0,381615.0,198.9650677789364,False,True,3836,1918,0,0,3836,1918,0.000390625,2242.914556107145,0.5461640040193361,0.5461640040193361,0.5461640040193361,False,-1.1185709264058896,0.000390625,True
trial,94,94,93,926.5482180751644,926.5482180751644,924.8324995511902,924.8324995511902,3836,1918,0,0,3836,1918,364420,182210,381615.0,381615.0,198.9650677789364,False,True,3836,1918,0,0,3836,1918,0.00078125,820.4448958212761,-1.9376793646000938,-1.9376793646000938,-1.9376793646000938,False,-0.8854501706108416,0.00078125,False
trial,95,95,93,924.8863908116938,924.8863908116938,924.8324995511902,924.8324995511902,3836,1918,0,0,3836,1918,368256,184128,381615.0,381615.0,198.9650677789364,False,True,3836,1918,0,0,3836,1918,0.000390625,820.4448958212761,-0.1025169502661001,-0.1025169502661001,-0.1025169502661001,False,-0.5256814640286229,0.000390625,False
trial,96,96,96,922.7013291404955,922.7013291404955,922.7013291404955,922.7013291404955,3836,1918,0,0,3836,1918,372092,186046,399320.0,399320.0,208.19603753910323,False,True,3836,1918,0,0,3836,1918,0.0001953125,7584.252455352901,0.8091059624401231,0.8091059624401231,0.8091059624401231,False,-1.07977807367386,0.0001953125,True
trial,97,97,97,922.6266405716964,922.6266405716964,922.6266405716964,922.6266405716964,3836,1918,0,0,3836,1918,375928,187964,399320.0,399320.0,208.19603753910323,False,True,3836,1918,0,0,3836,1918,0.000390625,3102.4911009574594,0.10269663075289986,0.10269663075289986,0.10269663075289986,False,-0.7272737990681525,0.000390625,True
trial,98,98,97,923.4365552441909,923.4365552441909,922.6266405716964,922.6266405716964,3836,1918,0,0,3836,1918,379764,189882,399320.0,399320.0,208.19603753910323,False,True,3836,1918,0,0,3836,1918,0.00078125,2626.823490688451,-0.44428201919697863,-0.44428201919697863,-0.44428201919697863,False,-1.8229742314541917,0.00078125,False
trial,99,99,99,922.1497274867442,922.1497274867442,922.1497274867442,922.1497274867442,3836,1918,0,0,3836,1918,383600,191800,399320.0,399320.0,208.19603753910323,False,True,3836,1918,0,0,3836,1918,0.000390625,2626.823490688451,0.46245300731073075,0.46245300731073075,0.46245300731073075,False,-1.0312682097703023,0.000390625,True
trial,100,100,99,924.1039015406412,924.1039015406412,922.1497274867442,922.1497274867442,3836,1918,0,0,3836,1918,387436,193718,399320.0,399320.0,208.19603753910323,False,True,3836,1918,0,0,3836,1918,0.00078125,809.9728343865975,-2.5401106955282162,-2.5401106955282162,-2.5401106955282162,False,-0.7693263357921125,0.00078125,False
trial,101,101,101,920.6516057871023,920.6516057871023,920.6516057871023,920.6516057871023,3836,1918,0,0,3836,1918,391272,195636,419845.0,419845.0,218.89728884254433,False,True,3836,1918,0,0,3836,1918,0.000390625,12911.6507614761,0.4574720768307087,0.4574720768307087,0.4574720768307087,False,-1.293497454407107,0.000390625,True
trial,102,102,101,921.6149420368967,921.6149420368967,920.6516057871023,920.6516057871023,3836,1918,0,0,3836,1918,395108,197554,419845.0,419845.0,218.89728884254433,False,True,3836,1918,0,0,3836,1918,0.00078125,3588.744744073967,-0.5692650240257789,-0.5692650240257789,-0.5692650240257789,False,-1.6922456310098435,0.00078125,False
trial,103,103,103,920.2767990390089,920.2767990390089,920.2767990390089,920.2767990390089,3836,1918,0,0,3836,1918,398944,199472,419845.0,419845.0,218.89728884254433,False,True,3836,1918,0,0,3836,1918,0.000390625,3588.744744073967,0.3917920135935274,0.3917920135935274,0.3917920135935274,False,-0.956647239068713,0.000390625,True
trial,104,104,103,922.4436861434243,922.4436861434243,920.2767990390089,920.2767990390089,3836,1918,0,0,3836,1918,402780,201390,419845.0,419845.0,218.89728884254433,False,True,3836,1918,0,0,3836,1918,0.00078125,1197.5137291504209,-3.022391111698401,-3.022391111698401,-3.022391111698401,False,-0.716944638974194,0.00078125,False
trial,105,105,103,920.4731549886272,920.4731549886272,920.2767990390089,920.2767990390089,3836,1918,0,0,3836,1918,406616,203308,419845.0,419845.0,218.89728884254433,False,True,3836,1918,0,0,3836,1918,0.000390625,1197.5137291504209,-0.48437662454491537,-0.48437662454491537,-0.48437662454491537,False,-0.40537866541935685,0.000390625,False
trial,106,106,106,917.9510508879846,917.9510508879846,917.9510508879846,917.9510508879846,3836,1918,0,0,3836,1918,410452,205226,443640.0,443640.0,231.30344108446297,False,True,3836,1918,0,0,3836,1918,0.0001953125,11004.933229933042,0.8351822314299067,0.8351822314299067,0.8351822314299067,False,-1.0600187450151934,0.0001953125,True
trial,107,107,106,918.0842553447961,918.0842553447961,917.9510508879846,917.9510508879846,3836,1918,0,0,3836,1918,414288,207144,443640.0,443640.0,231.30344108446297,False,True,3836,1918,0,0,3836,1918,0.000390625,1670.0204119846899,-0.2619652610935101,-0.2619652610935101,-0.2619652610935101,False,-0.5084813774754376,0.000390625,False
trial,108,108,108,917.8104691300647,917.8104691300647,917.8104691300647,917.8104691300647,3836,1918,0,0,3836,1918,418124,209062,443640.0,443640.0,231.30344108446297,False,True,3836,1918,0,0,3836,1918,0.0001953125,1670.0204119846899,0.47530076528650195,0.47530076528650195,0.47530076528650195,False,-0.2957743142600746,0.0001953125,True
trial,109,109,108,918.029198006657,918.029198006657,917.8104691300647,917.8104691300647,3836,1918,0,0,3836,1918,421960,210980,443640.0,443640.0,231.30344108446297,False,True,3836,1918,0,0,3836,1918,0.000390625,955.3614822168153,-0.5139554953285921,-0.5139554953285921,-0.5139554953285921,False,-0.42557941024147733,0.000390625,False
trial,110,110,110,917.7345586770564,917.7345586770564,917.7345586770564,917.7345586770564,3836,1918,0,0,3836,1918,425796,212898,443640.0,443640.0,231.30344108446297,False,True,3836,1918,0,0,3836,1918,0.0001953125,955.3614822168153,0.3341233550840962,0.3341233550840962,0.3341233550840962,False,-0.22719289703408777,0.0001953125,True
trial,111,111,111,917.2015616559386,917.2015616559386,917.2015616559386,917.2015616559386,3836,1918,0,0,3836,1918,429632,214816,471225.0,471225.0,245.68561001042752,False,True,3836,1918,0,0,3836,1918,0.000390625,6549.05651842514,0.35902834544085965,0.35902834544085965,0.35902834544085965,False,-1.1679877666365894,0.000390625,True
trial,112,112,111,918.2969528320812,918.2969528320812,917.2015616559386,917.2015616559386,3836,1918,0,0,3836,1918,433468,216734,471225.0,471225.0,245.68561001042752,False,True,3836,1918,0,0,3836,1918,0.00078125,1896.611075384786,-0.5512055116753847,-0.5512055116753847,-0.5512055116753847,False,-1.9872645554888444,0.00078125,False
trial,113,113,113,916.7345462042174,916.7345462042174,916.7345462042174,916.7345462042174,3836,1918,0,0,3836,1918,437304,218652,471225.0,471225.0,245.68561001042752,False,True,3836,1918,0,0,3836,1918,0.000390625,1896.611075384786,0.4054919328049375,0.4054919328049375,0.4054919328049375,False,-1.1517256298803848,0.000390625,True
trial,114,114,113,919.3793015575059,919.3793015575059,916.7345462042174,916.7345462042174,3836,1918,0,0,3836,1918,441140,220570,471225.0,471225.0,245.68561001042752,False,True,3836,1918,0,0,3836,1918,0.00078125,1407.5112562348102,-3.208213258860128,-3.208213258860128,-3.208213258860128,False,-0.8243701836168305,0.00078125,False
trial,115,115,113,916.9771178820274,916.9771178820274,916.7345462042174,916.7345462042174,3836,1918,0,0,3836,1918,444976,222488,471225.0,471225.0,245.68561001042752,False,True,3836,1918,0,0,3836,1918,0.000390625,1407.5112562348102,-0.5177091179491964,-0.5177091179491964,-0.5177091179491964,False,-0.46854820477359926,0.000390625,False
trial,116,116,116,915.9547590013053,915.9547590013053,915.9547590013053,915.9547590013053,3836,1918,0,0,3836,1918,448812,224406,479500.0,479500.0,250.0,False,True,3836,1918,0,0,3836,1918,0.0001953125,4854.793282713901,0.68011765096792,0.68011765096792,0.68011765096792,False,-0.5348834086965358,0.0001953125,True
trial,117,117,116,916.1945182293698,916.1945182293698,915.9547590013053,915.9547590013053,3836,1918,0,0,3836,1918,452648,226324,479500.0,479500.0,250.0,False,True,3836,1918,0,0,3836,1918,0.000390625,938.528016408489,-0.5381521329161125,-0.5381521329161125,-0.5381521329161125,False,-0.4455231400185858,0.000390625,False
trial,118,118,118,915.8624528027533,915.8624528027533,915.8624528027533,915.8624528027533,3836,1918,0,0,3836,1918,456484,228242,479500.0,479500.0,250.0,False,True,3836,1918,0,0,3836,1918,0.0001953125,938.528016408489,0.36771885514499436,0.36771885514499436,0.36771885514499436,False,-0.2510238386215644,0.0001953125,True
trial,119,119,118,916.1941965024457,916.1941965024457,915.8624528027533,915.8624528027533,3836,1918,0,0,3836,1918,460320,230160,479500.0,479500.0,250.0,False,True,3836,1918,0,0,3836,1918,0.000390625,647.2750006356453,-0.9089521421183694,-0.9089521421183694,-0.9089521421183694,False,-0.3649737805989159,0.000390625,False
trial,120,120,120,915.8355146107995,915.8355146107995,915.8355146107995,915.8355146107995,3836,1918,0,0,3836,1918,464156,232078,479500.0,479500.0,250.0,False,True,3836,1918,0,0,3836,1918,0.0001953125,647.2750006356453,0.142644508908169,0.142644508908169,0.142644508908169,False,-0.188848432792979,0.0001953125,True
trial,121,121,120,916.134244632537,916.134244632537,915.8355146107995,915.8355146107995,3836,1918,0,0,3836,1918,467992,233996,479500.0,479500.0,250.0,False,True,3836,1918,0,0,3836,1918,0.000390625,513.2910360379577,-0.7518223043105086,-0.7518223043105086,-0.7518223043105086,False,-0.397341260062172,0.000390625,False
trial,122,122,122,915.7922732277775,915.7922732277775,915.7922732277775,915.7922732277775,3836,1918,0,0,3836,1918,471828,235914,479500.0,479500.0,250.0,False,True,3836,1918,0,0,3836,1918,0.0001953125,513.2910360379577,0.21114851361691878,0.21114851361691878,0.21114851361691878,False,-0.20479132095810984,0.0001953125,True
trial,123,123,122,916.133867731671,916.133867731671,915.7922732277775,915.7922732277775,3836,1918,0,0,3836,1918,475664,237832,479500.0,479500.0,250.0,False,True,3836,1918,0,0,3836,1918,0.000390625,440.8845017686705,-0.9562522545512411,-0.9562522545512411,-0.9562522545512411,False,-0.3572221683846191,0.000390625,False
trial,124,124,124,915.7700611394181,915.7700611394181,915.7700611394181,915.7700611394181,3836,1918,0,0,3836,1918,479500,239750,479500.0,479500.0,250.0,False,True,3836,1918,0,0,3836,1918,0.0001953125,440.8845017686705,0.12057867899257192,0.12057867899257192,0.12057867899257192,False,-0.18421240425757762,0.0001953125,True
trial,125,125,124,916.0745380809253,916.0745380809253,915.7700611394181,915.7700611394181,3836,1918,0,0,3836,1918,483336,241668,479500.0,479500.0,250.0,False,True,3836,1918,0,0,3836,1918,0.000390625,524.1418758991507,-0.7797905424014567,-0.7797905424014567,-0.7797905424014567,False,-0.3904599055145755,0.000390625,False
trial,126,126,126,915.7300799962461,915.7300799962461,915.7300799962461,915.7300799962461,3836,1918,0,0,3836,1918,487172,243586,479500.0,479500.0,250.0,False,True,3836,1918,0,0,3836,1918,0.0001953125,524.1418758991507,0.1986417469702159,0.1986417469702159,0.1986417469702159,False,-0.201272611532057,0.0001953125,True
trial,127,127,126,916.0758654751342,916.0758654751342,915.7300799962461,915.7300799962461,3836,1918,0,0,3836,1918,491008,245504,479500.0,479500.0,250.0,False,True,3836,1918,0,0,3836,1918,0.000390625,431.65291151166826,-0.9879259768282561,-0.9879259768282561,-0.9879259768282561,False,-0.3500115261653446,0.000390625,False
trial,128,128,128,915.7111184771434,915.7111184771434,915.7111184771434,915.7111184771434,3836,1918,0,0,3836,1918,494844,247422,479500.0,479500.0,250.0,False,True,3836,1918,0,0,3836,1918,0.0001953125,431.65291151166826,0.10499320544054144,0.10499320544054144,0.10499320544054144,False,-0.1805975827023354,0.0001953125,True
trial,129,129,128,916.0202190700095,916.0202190700095,915.7111184771434,915.7111184771434,3836,1918,0,0,3836,1918,498680,249340,479500.0,479500.0,250.0,False,True,3836,1918,0,0,3836,1918,0.000390625,521.8886542622397,-0.8021405008960296,-0.8021405008960296,-0.8021405008960296,False,-0.38534470273080074,0.000390625,False
trial,130,130,130,915.6738884555803,915.6738884555803,915.6738884555803,915.6738884555803,3836,1918,0,0,3836,1918,502516,251258,479500.0,479500.0,250.0,False,True,3836,1918,0,0,3836,1918,0.0001953125,521.8886542622397,0.18738715463858438,0.18738715463858438,0.18738715463858438,False,-0.19867968877015313,0.0001953125,True
trial,131,131,130,916.0245824693582,916.0245824693582,915.6738884555803,915.6738884555803,3836,1918,0,0,3836,1918,506352,253176,479500.0,479500.0,250.0,False,True,3836,1918,0,0,3836,1918,0.000390625,428.123073530369,-1.0155232118460489,-1.0155232118460489,-1.0155232118460489,False,-0.3453333313183545,0.000390625,False
trial,132,132,132,915.6574273278395,915.6574273278395,915.6574273278395,915.6574273278395,3836,1918,0,0,3836,1918,510188,255094,479500.0,479500.0,250.0,False,True,3836,1918,0,0,3836,1918,0.0001953125,428.123073530369,0.0924070059772032,0.0924070059772032,0.0924070059772032,False,-0.1781372263570711,0.0001953125,True
trial,133,133,132,915.9711430763784,915.9711430763784,915.6574273278395,915.6574273278395,3836,1918,0,0,3836,1918,514024,257012,479500.0,479500.0,250.0,False,True,3836,1918,0,0,3836,1918,0.000390625,519.7953880534958,-0.8237625243645329,-0.8237625243645329,-0.8237625243645329,False,-0.38083275126036104,0.000390625,False
trial,134,134,134,915.622402229295,915.622402229295,915.622402229295,915.622402229295,3836,1918,0,0,3836,1918,517860,258930,479500.0,479500.0,250.0,False,True,3836,1918,0,0,3836,1918,0.0001953125,519.7953880534958,0.17834743939610953,0.17834743939610953,0.17834743939610953,False,-0.19638688765682114,0.0001953125,True
trial,135,135,134,915.9768280844056,915.9768280844056,915.622402229295,915.622402229295,3836,1918,0,0,3836,1918,521696,260848,479500.0,479500.0,250.0,False,True,3836,1918,0,0,3836,1918,0.000390625,427.0824042261832,-1.0399939207560767,-1.0399939207560767,-1.0399939207560767,False,-0.34079608355113683,0.000390625,False
trial,136,136,136,915.6082388494331,915.6082388494331,915.6082388494331,915.6082388494331,3836,1918,0,0,3836,1918,525532,262766,479500.0,479500.0,250.0,False,True,3836,1918,0,0,3836,1918,0.0001953125,427.0824042261832,0.08054812819554717,0.08054812819554717,0.08054812819554717,False,-0.17583747976737055,0.0001953125,True
trial,137,137,136,915.92431845128,915.92431845128,915.6082388494331,915.6082388494331,3836,1918,0,0,3836,1918,529368,264684,479500.0,479500.0,250.0,False,True,3836,1918,0,0,3836,1918,0.000390625,520.8824047327076,-0.837876777069455,-0.837876777069455,-0.837876777069455,False,-0.3772387664835848,0.000390625,False
trial,138,138,138,915.5750754320197,915.5750754320197,915.5750754320197,915.5750754320197,3836,1918,0,0,3836,1918,533204,266602,479500.0,479500.0,250.0,False,True,3836,1918,0,0,3836,1918,0.0001953125,520.8824047327076,0.1704113010785404,0.1704113010785404,0.1704113010785404,False,-0.1946080876294089,0.0001953125,True
trial,139,139,138,915.9346353479053,915.9346353479053,915.5750754320197,915.5750754320197,3836,1918,0,0,3836,1918,537040,268520,479500.0,479500.0,250.0,False,True,3836,1918,0,0,3836,1918,0.000390625,425.08376090135675,-1.0630553640794709,-1.0630553640794709,-1.0630553640794709,False,-0.33823253993638464,0.000390625,False
trial,140,140,140,915.5622829793843,915.5622829793843,915.5622829793843,915.5622829793843,3836,1918,0,0,3836,1918,540876,270438,479500.0,479500.0,250.0,False,True,3836,1918,0,0,3836,1918,0.0001953125,425.08376090135675,0.07323995037330644,0.07323995037330644,0.07323995037330644,False,-0.17466495498941925,0.0001953125,True
trial,141,141,140,915.8829812063368,915.8829812063368,915.5622829793843,915.5622829793843,3836,1918,0,0,3836,1918,544712,272356,479500.0,479500.0,250.0,False,True,3836,1918,0,0,3836,1918,0.000390625,519.6770011057715,-0.8565700667644202,-0.8565700667644202,-0.8565700667644202,False,-0.3743981250288768,0.000390625,False
trial,142,142,142,915.5304872693109,915.5304872693109,915.5304872693109,915.5304872693109,3836,1918,0,0,3836,1918,548548,274274,479500.0,479500.0,250.0,False,True,3836,1918,0,0,3836,1918,0.0001953125,519.6770011057715,0.16454156942151268,0.16454156942151268,0.16454156942151268,False,-0.19323815972590128,0.0001953125,True
trial,143,143,142,915.890564706602,915.890564706602,915.5304872693109,915.5304872693109,3836,1918,0,0,3836,1918,552384,276192,479500.0,479500.0,250.0,False,True,3836,1918,0,0,3836,1918,0.000390625,424.4897192417054,-1.0757244807231996,-1.0757244807231996,-1.0757244807231996,False,-0.3347301690569019,0.000390625,False
trial,144,144,144,915.5193090720863,915.5193090720863,915.5193090720863,915.5193090720863,3836,1918,0,0,3836,1918,556220,278110,479500.0,479500.0,250.0,False,True,3836,1918,0,0,3836,1918,0.0001953125,424.4897192417054,0.06459501574855746,0.06459501574855746,0.06459501574855746,False,-0.17305046055090453,0.0001953125,True
trial,145,145,144,915.8421028638975,915.8421028638975,915.5193090720863,915.5193090720863,3836,1918,0,0,3836,1918,560056,280028,479500.0,479500.0,250.0,False,True,3836,1918,0,0,3836,1918,0.000390625,519.4171402751795,-0.8688944877611499,-0.8688944877611499,-0.8688944877611499,False,-0.3714994125959621,0.000390625,False
trial,146,146,146,915.4889467243473,915.4889467243473,915.4889467243473,915.4889467243473,3836,1918,0,0,3836,1918,563892,281946,479500.0,479500.0,250.0,False,True,3836,1918,0,0,3836,1918,0.0001953125,519.4171402751795,0.158305543788632,0.158305543788632,0.158305543788632,False,-0.19179585889647804,0.0001953125,True
trial,147,147,146,915.8517180801969,915.8517180801969,915.4889467243473,915.4889467243473,3836,1918,0,0,3836,1918,567728,283864,479500.0,479500.0,250.0,False,True,3836,1918,0,0,3836,1918,0.000390625,424.15578197589116,-1.0906396984719209,-1.0906396984719209,-1.0906396984719209,False,-0.33262254836111793,0.000390625,False
trial,148,148,148,915.4787937677642,915.4787937677642,915.4787937677642,915.4787937677642,3836,1918,0,0,3836,1918,571564,285782,479500.0,479500.0,250.0,False,True,3836,1918,0,0,3836,1918,0.0001953125,424.15578197589116,0.0591017893464412,0.0591017893464412,0.0591017893464412,False,-0.1717876344429339,0.0001953125,True
trial,149,149,148,915.8015330837311,915.8015330837311,915.4787937677642,915.4787937677642,3836,1918,0,0,3836,1918,575400,287700,479500.0,479500.0,250.0,False,True,3836,1918,0,0,3836,1918,0.000390625,521.2166724879352,-0.8747257874876719,-0.8747257874876719,-0.8747257874876719,False,-0.36896055950733064,0.000390625,False
trial,150,150,150,915.4497583405843,915.4497583405843,915.4497583405843,915.4497583405843,3836,1918,0,0,3836,1918,579236,289618,479500.0,479500.0,250.0,False,True,3836,1918,0,0,3836,1918,0.0001953125,521.2166724879352,0.15250238059387894,0.15250238059387894,0.15250238059387894,False,-0.19039327167769762,0.0001953125,True
trial,151,151,150,915.8165248539801,915.8165248539801,915.4497583405843,915.4497583405843,3836,1918,0,0,3836,1918,583072,291536,479500.0,479500.0,250.0,False,True,3836,1918,0,0,3836,1918,0.000390625,425.17623144636525,-1.110337980665573,-1.110337980665573,-1.110337980665573,False,-0.33031970425439433,0.000390625,False
trial,152,152,152,915.4408576406729,915.4408576406729,915.4408576406729,915.4408576406729,3836,1918,0,0,3836,1918,586908,293454,479500.0,479500.0,250.0,False,True,3836,1918,0,0,3836,1918,0.0001953125,425.17623144636525,0.052132148467511755,0.052132148467511755,0.052132148467511755,False,-0.17073341830324937,0.0001953125,True
trial,153,153,152,915.7668034979874,915.7668034979874,915.4408576406729,915.4408576406729,3836,1918,0,0,3836,1918,590744,295372,479500.0,479500.0,250.0,False,True,3836,1918,0,0,3836,1918,0.000390625,519.817482289726,-0.8882807298965356,-0.8882807298965356,-0.8882807298965356,False,-0.36694014216935883,0.000390625,False
trial,154,154,154,915.4126415408535,915.4126415408535,915.4126415408535,915.4126415408535,3836,1918,0,0,3836,1918,594580,297290,479500.0,479500.0,250.0,False,True,3836,1918,0,0,3836,1918,0.0001953125,519.817482289726,0.14904595653981373,0.14904595653981373,0.14904595653981373,False,-0.18931140753102657,0.0001953125,True
trial,155,155,154,915.7809469221954,915.7809469221954,915.4126415408535,915.4126415408535,3836,1918,0,0,3836,1918,598416,299208,479500.0,479500.0,250.0,False,True,3836,1918,0,0,3836,1918,0.000390625,425.8610002398644,-1.1268398696432393,-1.1268398696432393,-1.1268398696432393,False,-0.3268480209690222,0.000390625,False
trial,156,156,156,915.405205566252,915.405205566252,915.405205566252,915.405205566252,3836,1918,0,0,3836,1918,602252,301126,479500.0,479500.0,250.0,False,True,3836,1918,0,0,3836,1918,0.0001953125,425.8610002398644,0.044045261377513426,0.044045261377513426,0.044045261377513426,False,-0.1688257571640883,0.0001953125,True
trial,157,157,157,915.347563509583,915.347563509583,915.347563509583,915.347563509583,3836,1918,0,0,3836,1918,606088,303044,479500.0,479500.0,250.0,False,True,3836,1918,0,0,3836,1918,9.765625e-05,518.6723634744219,0.5939857138604587,0.5939857138604587,0.5939857138604587,False,-0.09704283339473013,9.765625e-05,True
trial,158,158,157,915.4148305539725,915.4148305539725,915.347563509583,915.347563509583,3836,1918,0,0,3836,1918,609924,304962,479500.0,479500.0,250.0,False,True,3836,1918,0,0,3836,1918,0.0001953125,148.46686144055022,-1.0406166824697263,-1.0406166824697263,-1.0406166824697263,False,-0.06464152028569152,0.0001953125,False
trial,159,159,159,915.347064018563,915.347064018563,915.347064018563,915.347064018563,3836,1918,0,0,3836,1918,613760,306880,479500.0,479500.0,250.0,False,True,3836,1918,0,0,3836,1918,9.765625e-05,148.46686144055022,0.015221380504653945,0.015221380504653945,0.015221380504653945,False,-0.03281509320944562,9.765625e-05,True
trial,160,160,160,915.3310209158476,915.3310209158476,915.3310209158476,915.3310209158476,3836,1918,0,0,3836,1918,617596,308798,479500.0,479500.0,250.0,False,True,3836,1918,0,0,3836,1918,4.8828125e-05,194.9822946728735,0.6070795890353324,0.6070795890353324,0.6070795890353324,False,-0.02642668771130415,4.8828125e-05,True
trial,161,161,160,915.3477867029919,915.3477867029919,915.3310209158476,915.3310209158476,3836,1918,0,0,3836,1918,621432,310716,479500.0,479500.0,250.0,False,True,3836,1918,0,0,3836,1918,9.765625e-05,81.21088732895372,-0.681672070997703,-0.681672070997703,-0.681672070997703,False,-0.02459509177159618,9.765625e-05,False
trial,162,162,162,915.3289518201539,915.3289518201539,915.3289518201539,915.3289518201539,3836,1918,0,0,3836,1918,625268,312634,479500.0,479500.0,250.0,False,True,3836,1918,0,0,3836,1918,4.8828125e-05,81.21088732895372,0.1674107161430975,0.1674107161430975,0.1674107161430975,False,-0.012359398140157737,4.8828125e-05,True
trial,163,163,162,915.3380714573213,915.3380714573213,915.3289518201539,915.3289518201539,3836,1918,0,0,3836,1918,629104,314552,479500.0,479500.0,250.0,False,True,3836,1918,0,0,3836,1918,9.765625e-05,113.44544332036845,-0.27783014721308846,-0.27783014721308846,-0.27783014721308846,False,-0.03282450540002899,9.765625e-05,False
trial,164,164,164,915.3229471210723,915.3229471210723,915.3229471210723,915.3229471210723,3836,1918,0,0,3836,1918,632940,316470,479500.0,479500.0,250.0,False,True,3836,1918,0,0,3836,1918,4.8828125e-05,113.44544332036845,0.36500386197826423,0.36500386197826423,0.36500386197826423,False,-0.016451056295793035,4.8828125e-05,True
trial,165,165,164,915.3376698394505,915.3376698394505,915.3229471210723,915.3229471210723,3836,1918,0,0,3836,1918,636776,318388,479500.0,479500.0,250.0,False,True,3836,1918,0,0,3836,1918,9.765625e-05,86.06009447745488,-0.5240891611968087,-0.5240891611968087,-0.5240891611968087,False,-0.02809201080336282,9.765625e-05,False
trial,166,166,166,915.3195221960511,915.3195221960511,915.3195221960511,915.3195221960511,3836,1918,0,0,3836,1918,640612,320306,479500.0,479500.0,250.0,False,True,3836,1918,0,0,3836,1918,4.8828125e-05,86.06009447745488,0.24326901299835,0.24326901299835,0.24326901299835,False,-0.01407875577297317,4.8828125e-05,True
trial,167,167,166,915.3321029810588,915.3321029810588,915.3195221960511,915.3195221960511,3836,1918,0,0,3836,1918,644448,322224,479500.0,479500.0,250.0,False,True,3836,1918,0,0,3836,1918,9.765625e-05,100.19183555641905,-0.4158119398578605,-0.4158119398578605,-0.4158119398578605,False,-0.03025594938900961,9.765625e-05,False
trial,168,168,168,915.3150272960459,915.3150272960459,915.3150272960459,915.3150272960459,3836,1918,0,0,3836,1918,648284,324142,479500.0,479500.0,250.0,False,True,3836,1918,0,0,3836,1918,4.8828125e-05,100.19183555641905,0.29624090424374366,0.29624090424374366,0.29624090424374366,False,-0.015173124105729505,4.8828125e-05,True
trial,169,169,168,915.329945236433,915.329945236433,915.3150272960459,915.3150272960459,3836,1918,0,0,3836,1918,652120,326060,479500.0,479500.0,250.0,False,True,3836,1918,0,0,3836,1918,9.765625e-05,84.71595452334998,-0.533446447557694,-0.533446447557694,-0.533446447557694,False,-0.02796520710829621,9.765625e-05,False
trial,170,170,170,915.3116784400054,915.3116784400054,915.3116784400054,915.3116784400054,3836,1918,0,0,3836,1918,655956,327978,479500.0,479500.0,250.0,False,True,3836,1918,0,0,3836,1918,4.8828125e-05,84.71595452334998,0.23886681349042327,0.23886681349042327,0.23886681349042327,False,-0.014019762693443894,4.8828125e-05,True
trial,171,171,170,915.3244253205712,915.3244253205712,915.3116784400054,915.3116784400054,3836,1918,0,0,3836,1918,659792,329896,479500.0,479500.0,250.0,False,True,3836,1918,0,0,3836,1918,9.765625e-05,100.02621605400493,-0.42350342339102437,-0.42350342339102437,-0.42350342339102437,False,-0.03009864823231635,9.765625e-05,False
trial,172,172,172,915.3072570918515,915.3072570918515,915.3072570918515,915.3072570918515,3836,1918,0,0,3836,1918,663628,331814,479500.0,479500.0,250.0,False,True,3836,1918,0,0,3836,1918,4.8828125e-05,100.02621605400493,0.29291278011571237,0.29291278011571237,0.29291278011571237,False,-0.015094418728068009,4.8828125e-05,True
trial,173,173,172,915.3223850978767,915.3223850978767,915.3072570918515,915.3072570918515,3836,1918,0,0,3836,1918,667464,333732,479500.0,479500.0,250.0,False,True,3836,1918,0,0,3836,1918,9.765625e-05,84.58557595637731,-0.545213451313157,-0.545213451313157,-0.545213451313157,False,-0.027746942025629013,9.765625e-05,False
trial,174,174,174,915.3040032862988,915.3040032862988,915.3040032862988,915.3040032862988,3836,1918,0,0,3836,1918,671300,335650,479500.0,479500.0,250.0,False,True,3836,1918,0,0,3836,1918,4.8828125e-05,84.58557595637731,0.23367214243667345,0.23367214243667345,0.23367214243667345,False,-0.013924661788098845,4.8828125e-05,True
trial,175,175,174,915.3169084320225,915.3169084320225,915.3040032862988,915.3040032862988,3836,1918,0,0,3836,1918,675136,337568,479500.0,479500.0,250.0,False,True,3836,1918,0,0,3836,1918,9.765625e-05,99.84928830409358,-0.4309207711276004,-0.4309207711276004,-0.4309207711276004,False,-0.029947838647814164,9.765625e-05,False
trial,176,176,176,915.2996663791081,915.2996663791081,915.2996663791081,915.2996663791081,3836,1918,0,0,3836,1918,678972,339486,479500.0,479500.0,250.0,False,True,3836,1918,0,0,3836,1918,4.8828125e-05,99.84928830409358,0.28869380939941036,0.28869380939941036,0.28869380939941036,False,-0.015022515376111722,4.8828125e-05,True
trial,177,177,176,915.3149045011687,915.3149045011687,915.2996663791081,915.2996663791081,3836,1918,0,0,3836,1918,682808,341404,479500.0,479500.0,250.0,False,True,3836,1918,0,0,3836,1918,9.765625e-05,84.45458959424596,-0.5524970854727527,-0.5524970854727527,-0.5524970854727527,False,-0.027580456913332482,9.765625e-05,False
trial,178,178,178,915.2964872866041,915.2964872866041,915.2964872866041,915.2964872866041,3836,1918,0,0,3836,1918,686644,343322,479500.0,479500.0,250.0,False,True,3836,1918,0,0,3836,1918,4.8828125e-05,84.45458959424596,0.22980748185982786,0.22980748185982786,0.22980748185982786,False,-0.013833720635322804,4.8828125e-05,True
trial,179,179,178,915.3096098645406,915.3096098645406,915.2964872866041,915.2964872866041,3836,1918,0,0,3836,1918,690480,345240,479500.0,479500.0,250.0,False,True,3836,1918,0,0,3836,1918,9.765625e-05,99.71017117174381,-0.44075788530782506,-0.44075788530782506,-0.44075788530782506,False,-0.029772758182791827,9.765625e-05,False
trial,180,180,180,915.2922399408178,915.2922399408178,915.2922399408178,915.2922399408178,3836,1918,0,0,3836,1918,694316,347158,479500.0,479500.0,250.0,False,True,3836,1918,0,0,3836,1918,4.8828125e-05,99.71017117174381,0.2844692454040318,0.2844692454040318,0.2844692454040318,False,-0.01493077320289135,4.8828125e-05,True
trial,181,181,180,915.3076178793037,915.3076178793037,915.2922399408178,915.2922399408178,3836,1918,0,0,3836,1918,698152,349076,479500.0,479500.0,250.0,False,True,3836,1918,0,0,3836,1918,9.765625e-05,84.23257977151941,-0.5601619618032102,-0.5601619618032102,-0.5601619618032102,False,-0.027452664647958876,9.765625e-05,False
trial,182,182,182,915.2891375334215,915.2891375334215,915.2891375334215,915.2891375334215,3836,1918,0,0,3836,1918,701988,350994,479500.0,479500.0,250.0,False,True,3836,1918,0,0,3836,1918,4.8828125e-05,84.23257977151941,0.22548381996239766,0.22548381996239766,0.22548381996239766,False,-0.013758891422267857,4.8828125e-05,True
trial,183,183,182,915.3023961946972,915.3023961946972,915.2891375334215,915.2891375334215,3836,1918,0,0,3836,1918,705824,352912,479500.0,479500.0,250.0,False,True,3836,1918,0,0,3836,1918,9.765625e-05,99.59559141930151,-0.44795085948484803,-0.44795085948484803,-0.44795085948484803,False,-0.02959847267833627,9.765625e-05,False
trial,184,184,184,915.2849734901719,915.2849734901719,915.2849734901719,915.2849734901719,3836,1918,0,0,3836,1918,709660,354830,479500.0,479500.0,250.0,False,True,3836,1918,0,0,3836,1918,4.8828125e-05,99.59559141930151,0.28069828240417577,0.28069828240417577,0.28069828240417577,False,-0.014834587564759728,4.8828125e-05,True
trial,185,185,184,915.3005451771726,915.3005451771726,915.2849734901719,915.2849734901719,3836,1918,0,0,3836,1918,713496,356748,479500.0,479500.0,250.0,False,True,3836,1918,0,0,3836,1918,9.765625e-05,84.0869672500406,-0.5716337979530821,-0.5716337979530821,-0.5716337979530821,False,-0.027240668862608966,9.765625e-05,False
trial,186,186,186,915.2819669912958,915.2819669912958,915.2819669912958,915.2819669912958,3836,1918,0,0,3836,1918,717332,358666,479500.0,479500.0,250.0,False,True,3836,1918,0,0,3836,1918,4.8828125e-05,84.0869672500406,0.2201424350378101,0.2201424350378101,0.2201424350378101,False,-0.013657061963292262,4.8828125e-05,True
trial,187,187,186,915.2954098112014,915.2954098112014,915.2819669912958,915.2819669912958,3836,1918,0,0,3836,1918,721168,360584,479500.0,479500.0,250.0,False,True,3836,1918,0,0,3836,1918,9.765625e-05,99.42780713216462,-0.45734981660782026,-0.45734981660782026,-0.45734981660782026,False,-0.029392861694479418,9.765625e-05,False
trial,188,188,188,915.2779026113709,915.2779026113709,915.2779026113709,915.2779026113709,3836,1918,0,0,3836,1918,725004,362502,479500.0,479500.0,250.0,False,True,3836,1918,0,0,3836,1918,4.8828125e-05,99.42780713216462,0.2755764126417486,0.2755764126417486,0.2755764126417486,False,-0.01474864951588582,4.8828125e-05,True
trial,189,189,188,915.2936757964146,915.2936757964146,915.2779026113709,915.2779026113709,3836,1918,0,0,3836,1918,728840,364420,479500.0,479500.0,250.0,False,True,3836,1918,0,0,3836,1918,9.765625e-05,83.92281207137427,-0.5813706949616702,-0.5813706949616702,-0.5813706949616702,False,-0.02713102875739718,9.765625e-05,False
trial,190,190,190,915.2749711831977,915.2749711831977,915.2749711831977,915.2749711831977,3836,1918,0,0,3836,1918,732676,366338,479500.0,479500.0,250.0,False,True,3836,1918,0,0,3836,1918,4.8828125e-05,83.92281207137427,0.21549501077475275,0.21549501077475275,0.21549501077475275,False,-0.013603229896676944,4.8828125e-05,True
trial,191,191,190,915.2885790949017,915.2885790949017,915.2749711831977,915.2749711831977,3836,1918,0,0,3836,1918,736512,368256,479500.0,479500.0,250.0,False,True,3836,1918,0,0,3836,1918,9.765625e-05,99.37227702161425,-0.46526322914196083,-0.46526322914196083,-0.46526322914196083,False,-0.0292477695455385,9.765625e-05,False
trial,192,192,192,915.270983555457,915.270983555457,915.270983555457,915.270983555457,3836,1918,0,0,3836,1918,740348,370174,479500.0,479500.0,250.0,False,True,3836,1918,0,0,3836,1918,4.8828125e-05,99.37227702161425,0.2719566255326165,0.2719566255326165,0.2719566255326165,False,-0.014662734298121259,4.8828125e-05,True
trial,193,193,192,915.286932093313,915.286932093313,915.270983555457,915.270983555457,3836,1918,0,0,3836,1918,744184,372092,479500.0,479500.0,250.0,False,True,3836,1918,0,0,3836,1918,9.765625e-05,83.83734250607972,-0.5933613774439553,-0.5933613774439553,-0.5933613774439553,False,-0.02687828777253696,9.765625e-05,False
trial,194,194,194,915.2681574234227,915.2681574234227,915.2681574234227,915.2681574234227,3836,1918,0,0,3836,1918,748020,374010,479500.0,479500.0,250.0,False,True,3836,1918,0,0,3836,1918,4.8828125e-05,83.83734250607972,0.20936364043958527,0.20936364043958527,0.20936364043958527,False,-0.013498676409530874,4.8828125e-05,True
trial,195,195,194,915.2819359204868,915.2819359204868,915.2681574234227,915.2681574234227,3836,1918,0,0,3836,1918,751856,375928,479500.0,479500.0,250.0,False,True,3836,1918,0,0,3836,1918,9.765625e-05,99.22138098671792,-0.4738418384110295,-0.4738418384110295,-0.4738418384110295,False,-0.02907826187383445,9.765625e-05,False
trial,196,196,196,915.2642592314,915.2642592314,915.2642592314,915.2642592314,3836,1918,0,0,3836,1918,755692,377846,479500.0,479500.0,250.0,False,True,3836,1918,0,0,3836,1918,4.8828125e-05,99.22138098671792,0.26726862510408156,0.26726862510408156,0.26726862510408156,False,-0.01458529605250432,4.8828125e-05,True
trial,197,197,196,915.2803508787686,915.2803508787686,915.2642592314,915.2642592314,3836,1918,0,0,3836,1918,759528,379764,479500.0,479500.0,250.0,False,True,3836,1918,0,0,3836,1918,9.765625e-05,83.72904723825212,-0.6019057665913377,-0.6019057665913377,-0.6019057665913377,False,-0.0267344960983525,9.765625e-05,False
trial,198,198,198,915.2615141851868,915.2615141851868,915.2615141851868,915.2615141851868,3836,1918,0,0,3836,1918,763364,381682,479500.0,479500.0,250.0,False,True,3836,1918,0,0,3836,1918,4.8828125e-05,83.72904723825212,0.20480725235582536,0.20480725235582536,0.20480725235582536,False,-0.0134030713349939,4.8828125e-05,True
trial,199,199,198,915.2754847186156,915.2754847186156,915.2615141851868,915.2615141851868,3836,1918,0,0,3836,1918,767200,383600,479500.0,479500.0,250.0,False,True,3836,1918,0,0,3836,1918,9.765625e-05,99.1456199897882,-0.4836269212329059,-0.4836269212329059,-0.4836269212329059,False,-0.028887005283393875,9.765625e-05,False
trial,200,200,200,915.257709555416,915.257709555416,915.257709555416,915.257709555416,3836,1918,0,0,3836,1918,771036,385518,479500.0,479500.0,250.0,False,True,3836,1918,0,0,3836,1918,4.8828125e-05,99.1456199897882,0.26258604289063386,0.26258604289063386,0.26258604289063386,False,-0.014489078432788176,4.8828125e-05,True
trial,201,201,200,915.2739743520538,915.2739743520538,915.257709555416,915.257709555416,3836,1918,0,0,3836,1918,774872,387436,479500.0,479500.0,250.0,False,True,3836,1918,0,0,3836,1918,9.765625e-05,83.65443727114751,-0.6126698047543864,-0.6126698047543864,-0.6126698047543864,False,-0.02654741022250422,9.765625e-05,False
trial,202,202,202,915.2550470494705,915.2550470494705,915.2550470494705,915.2550470494705,3836,1918,0,0,3836,1918,778708,389354,479500.0,479500.0,250.0,False,True,3836,1918,0,0,3836,1918,4.8828125e-05,83.65443727114751,0.19988128056137308,0.19988128056137308,0.19988128056137308,False,-0.013320436701451072,4.8828125e-05,True
trial,203,203,202,915.2691886913003,915.2691886913003,915.2550470494705,915.2550470494705,3836,1918,0,0,3836,1918,782544,391272,479500.0,479500.0,250.0,False,True,3836,1918,0,0,3836,1918,9.765625e-05,99.05596407945973,-0.49253405914948345,-0.49253405914948345,-0.49253405914948345,False,-0.02871200796602314,9.765625e-05,False
trial,204,204,204,915.2513275621293,915.2513275621293,915.2513275621293,915.2513275621293,3836,1918,0,0,3836,1918,786380,393190,479500.0,479500.0,250.0,False,True,3836,1918,0,0,3836,1918,4.8828125e-05,99.05596407945973,0.2583870248714282,0.2583870248714282,0.2583870248714282,False,-0.01439502367828693,4.8828125e-05,True
trial,205,205,204,915.2677965123163,915.2677965123163,915.2513275621293,915.2513275621293,3836,1918,0,0,3836,1918,790216,395108,479500.0,479500.0,250.0,False,True,3836,1918,0,0,3836,1918,9.765625e-05,83.50299604217147,-0.6251173792027127,-0.6251173792027127,-0.6251173792027127,False,-0.026345372461103498,9.765625e-05,False
trial,206,206,206,915.2487826930941,915.2487826930941,915.2487826930941,915.2487826930941,3836,1918,0,0,3836,1918,794052,397026,479500.0,479500.0,250.0,False,True,3836,1918,0,0,3836,1918,4.8828125e-05,83.50299604217147,0.19272556200849775,0.19272556200849775,0.19272556200849775,False,-0.013204626354094124,4.8828125e-05,True
trial,207,207,206,915.2631437422885,915.2631437422885,915.2487826930941,915.2487826930941,3836,1918,0,0,3836,1918,797888,398944,479500.0,479500.0,250.0,False,True,3836,1918,0,0,3836,1918,9.765625e-05,98.94887085777425,-0.5036798768976702,-0.5036798768976702,-0.5036798768976702,False,-0.02851225521042693,9.765625e-05,False
trial,208,208,208,915.2451655977274,915.2451655977274,915.2451655977274,915.2451655977274,3836,1918,0,0,3836,1918,801724,400862,479500.0,479500.0,250.0,False,True,3836,1918,0,0,3836,1918,4.8828125e-05,98.94887085777425,0.2528936339253465,0.2528936339253465,0.2528936339253465,False,-0.01430283281785936,4.8828125e-05,True
trial,209,209,208,915.2618496993653,915.2618496993653,915.2451655977274,915.2451655977274,3836,1918,0,0,3836,1918,805560,402780,479500.0,479500.0,250.0,False,True,3836,1918,0,0,3836,1918,9.765625e-05,83.38730434693704,-0.6363566450104557,-0.6363566450104557,-0.6363566450104557,False,-0.026218162045958594,9.765625e-05,False
trial,210,210,210,915.2426897763318,915.2426897763318,915.2426897763318,915.2426897763318,3836,1918,0,0,3836,1918,809396,404698,479500.0,479500.0,250.0,False,True,3836,1918,0,0,3836,1918,4.8828125e-05,83.38730434693704,0.18827810678366222,0.18827810678366222,0.18827810678366222,False,-0.013149810341129007,4.8828125e-05,True
trial,211,211,210,915.2571973757521,915.2571973757521,915.2426897763318,915.2426897763318,3836,1918,0,0,3836,1918,813232,406616,479500.0,479500.0,250.0,False,True,3836,1918,0,0,3836,1918,9.765625e-05,98.93499729892321,-0.5119051709282776,-0.5119051709282776,-0.5119051709282776,False,-0.028340404129938327,9.765625e-05,False
trial,212,212,212,915.2391551752894,915.2391551752894,915.2391551752894,915.2391551752894,3836,1918,0,0,3836,1918,817068,408534,479500.0,479500.0,250.0,False,True,3836,1918,0,0,3836,1918,4.8828125e-05,98.93499729892321,0.24879181401971756,0.24879181401971756,0.24879181401971756,False,-0.014207063268089641,4.8828125e-05,True
trial,213,213,212,915.256040471841,915.256040471841,915.2391551752894,915.2391551752894,3836,1918,0,0,3836,1918,820904,410452,479500.0,479500.0,250.0,False,True,3836,1918,0,0,3836,1918,9.765625e-05,83.31519558130539,-0.6499526824527173,-0.6499526824527173,-0.6499526824527173,False,-0.02597927050293876,9.765625e-05,False
trial,214,214,214,915.2367877204613,915.2367877204613,915.2367877204613,915.2367877204613,3836,1918,0,0,3836,1918,824740,412370,479500.0,479500.0,250.0,False,True,3836,1918,0,0,3836,1918,4.8828125e-05,83.31519558130539,0.18158625327719885,0.18158625327719885,0.18158625327719885,False,-0.013037632449543559,4.8828125e-05,True
trial,215,215,214,915.2514639504316,915.2514639504316,915.2367877204613,915.2367877204613,3836,1918,0,0,3836,1918,828576,414288,479500.0,479500.0,250.0,False,True,3836,1918,0,0,3836,1918,9.765625e-05,98.79075166764709,-0.5206337590651428,-0.5206337590651428,-0.5206337590651428,False,-0.028189163139640105,9.765625e-05,False
trial,216,216,216,915.2333316240068,915.2333316240068,915.2333316240068,915.2333316240068,3836,1918,0,0,3836,1918,832412,416206,479500.0,479500.0,250.0,False,True,3836,1918,0,0,3836,1918,4.8828125e-05,98.79075166764709,0.24458135905717143,0.24458135905717143,0.24458135905717143,False,-0.01413066174693505,4.8828125e-05,True
trial,217,217,216,915.2503296966429,915.2503296966429,915.2333316240068,915.2333316240068,3836,1918,0,0,3836,1918,836248,418124,479500.0,479500.0,250.0,False,True,3836,1918,0,0,3836,1918,9.765625e-05,83.28122322310519,-0.6582593099402981,-0.6582593099402981,-0.6582593099402981,False,-0.02582276069532236,9.765625e-05,False
trial,218,218,218,915.2310398925067,915.2310398925067,915.2310398925067,915.2310398925067,3836,1918,0,0,3836,1918,840084,420042,479500.0,479500.0,250.0,False,True,3836,1918,0,0,3836,1918,4.8828125e-05,83.28122322310519,0.17695331637254277,0.17695331637254277,0.17695331637254277,False,-0.012951051424758128,4.8828125e-05,True
trial,219,219,218,915.2458871134784,915.2458871134784,915.2310398925067,915.2310398925067,3836,1918,0,0,3836,1918,843920,421960,479500.0,479500.0,250.0,False,True,3836,1918,0,0,3836,1918,9.765625e-05,98.77837933856426,-0.530446761469173,-0.530446761469173,-0.530446761469173,False,-0.027990030385967365,9.765625e-05,False
trial,220,220,220,915.2276881775339,915.2276881775339,915.2276881775339,915.2276881775339,3836,1918,0,0,3836,1918,847756,423878,479500.0,479500.0,250.0,False,True,3836,1918,0,0,3836,1918,4.8828125e-05,98.77837933856426,0.23879820737824392,0.23879820737824392,0.23879820737824392,False,-0.014035762703728654,4.8828125e-05,True
trial,221,221,220,915.2448265789021,915.2448265789021,915.2276881775339,915.2276881775339,3836,1918,0,0,3836,1918,851592,425796,479500.0,479500.0,250.0,False,True,3836,1918,0,0,3836,1918,9.765625e-05,83.12568093600844,-0.6668784061009987,-0.6668784061009987,-0.6668784061009987,False,-0.025699439675134914,9.765625e-05,False
trial,222,222,222,915.2254715795443,915.2254715795443,915.2254715795443,915.2254715795443,3836,1918,0,0,3836,1918,855428,427714,479500.0,479500.0,250.0,False,True,3836,1918,0,0,3836,1918,4.8828125e-05,83.12568093600844,0.17197748653833067,0.17197748653833067,0.17197748653833067,False,-0.012888884668429768,4.8828125e-05,True
trial,223,223,222,915.2403702695336,915.2403702695336,915.2254715795443,915.2254715795443,3836,1918,0,0,3836,1918,859264,429632,479500.0,479500.0,250.0,False,True,3836,1918,0,0,3836,1918,9.765625e-05,98.80242358890509,-0.5353057314701218,-0.5353057314701218,-0.5353057314701218,False,-0.027832113712648432,9.765625e-05,False
trial,224,224,224,915.2221646310318,915.2221646310318,915.2221646310318,915.2221646310318,3836,1918,0,0,3836,1918,863100,431550,479500.0,479500.0,250.0,False,True,3836,1918,0,0,3836,1918,4.8828125e-05,98.80242358890509,0.2370736845102362,0.2370736845102362,0.2370736845102362,False,-0.013949032425833917,4.8828125e-05,True
trial,225,225,224,915.2395885599778,915.2395885599778,915.2221646310318,915.2221646310318,3836,1918,0,0,3836,1918,866936,433468,479500.0,479500.0,250.0,False,True,3836,1918,0,0,3836,1918,9.765625e-05,82.99575239189558,-0.6845761436626628,-0.6845761436626628,-0.6845761436626628,False,-0.025452141602320972,9.765625e-05,False
trial,226,226,226,915.2200701124211,915.2200701124211,915.2200701124211,915.2200701124211,3836,1918,0,0,3836,1918,870772,435386,479500.0,479500.0,250.0,False,True,3836,1918,0,0,3836,1918,4.8828125e-05,82.99575239189558,0.16408314441312863,0.16408314441312863,0.16408314441312863,False,-0.012764983375585341,4.8828125e-05,True
trial,227,227,226,915.2351580725053,915.2351580725053,915.2200701124211,915.2200701124211,3836,1918,0,0,3836,1918,874608,437304,479500.0,479500.0,250.0,False,True,3836,1918,0,0,3836,1918,9.765625e-05,98.59133789019752,-0.5433095479570982,-0.5433095479570982,-0.5433095479570982,False,-0.02777046738996969,9.765625e-05,False
trial,228,228,228,915.2168278279937,915.2168278279937,915.2168278279937,915.2168278279937,3836,1918,0,0,3836,1918,878444,439222,479500.0,479500.0,250.0,False,True,3836,1918,0,0,3836,1918,4.8828125e-05,98.59133789019752,0.23304004656465477,0.23304004656465477,0.23304004656465477,False,-0.013912992531588779,4.8828125e-05,True
trial,229,229,228,915.2343743428107,915.2343743428107,915.2168278279937,915.2168278279937,3836,1918,0,0,3836,1918,882280,441140,479500.0,479500.0,250.0,False,True,3836,1918,0,0,3836,1918,9.765625e-05,83.0368047330318,-0.6941138172407753,-0.6941138172407753,-0.6941138172407753,False,-0.025279016756594462,9.765625e-05,False
trial,230,230,230,915.2148080316377,915.2148080316377,915.2148080316377,915.2148080316377,3836,1918,0,0,3836,1918,886116,443058,479500.0,479500.0,250.0,False,True,3836,1918,0,0,3836,1918,4.8828125e-05,83.0368047330318,0.15933022703188301,0.15933022703188301,0.15933022703188301,False,-0.01267679330904703,4.8828125e-05,True
trial,231,231,230,915.230085825958,915.230085825958,915.2148080316377,915.2148080316377,3836,1918,0,0,3836,1918,889952,444976,479500.0,479500.0,250.0,False,True,3836,1918,0,0,3836,1918,9.765625e-05,98.59937965156709,-0.5542935872602952,-0.5542935872602952,-0.5542935872602952,False,-0.027562639495351905,9.765625e-05,False
trial,232,232,232,915.2116617317788,915.2116617317788,915.2116617317788,915.2116617317788,3836,1918,0,0,3836,1918,893788,446894,479500.0,479500.0,250.0,False,True,3836,1918,0,0,3836,1918,4.8828125e-05,98.59937965156709,0.22749652794655845,0.22749652794655845,0.22749652794655845,False,-0.013830100561708528,4.8828125e-05,True
trial,233,233,232,915.2293437808021,915.2293437808021,915.2116617317788,915.2116617317788,3836,1918,0,0,3836,1918,897624,448812,479500.0,479500.0,250.0,False,True,3836,1918,0,0,3836,1918,9.765625e-05,83.01911626981081,-0.7025899314830643,-0.7025899314830643,-0.7025899314830643,False,-0.025166954764003397,9.765625e-05,False
trial,234,234,234,915.2097131267094,915.2097131267094,915.2097131267094,915.2097131267094,3836,1918,0,0,3836,1918,901460,450730,479500.0,479500.0,250.0,False,True,3836,1918,0,0,3836,1918,4.8828125e-05,83.01911626981081,0.154426699140583,0.154426699140583,0.154426699140583,False,-0.012618317170837081,4.8828125e-05,True
trial,235,235,234,915.2251164211751,915.2251164211751,915.2097131267094,915.2097131267094,3836,1918,0,0,3836,1918,905296,452648,479500.0,479500.0,250.0,False,True,3836,1918,0,0,3836,1918,9.765625e-05,98.59939201812573,-0.5611090268120874,-0.5611090268120874,-0.5611090268120874,False,-0.027451517850711565,9.765625e-05,False
trial,236,236,236,915.2066352708231,915.2066352708231,915.2066352708231,915.2066352708231,3836,1918,0,0,3836,1918,909132,454566,479500.0,479500.0,250.0,False,True,3836,1918,0,0,3836,1918,4.8828125e-05,98.59939201812573,0.22382409537776848,0.22382409537776848,0.22382409537776848,False,-0.01375122674403224,4.8828125e-05,True
trial,237,237,236,915.2245034833585,915.2245034833585,915.2066352708231,915.2066352708231,3836,1918,0,0,3836,1918,912968,456484,479500.0,479500.0,250.0,False,True,3836,1918,0,0,3836,1918,9.765625e-05,82.88407310520721,-0.7141583276211352,-0.7141583276211352,-0.7141583276211352,False,-0.025019959642455594,9.765625e-05,False
trial,238,238,238,915.204756865918,915.204756865918,915.204756865918,915.204756865918,3836,1918,0,0,3836,1918,916804,458402,479500.0,479500.0,250.0,False,True,3836,1918,0,0,3836,1918,4.8828125e-05,82.88407310520721,0.14972603636093562,0.14972603636093562,0.14972603636093562,False,-0.012545612979520459,4.8828125e-05,True
trial,239,239,238,915.2202816120574,915.2202816120574,915.204756865918,915.204756865918,3836,1918,0,0,3836,1918,920640,460320,479500.0,479500.0,250.0,False,True,3836,1918,0,0,3836,1918,9.765625e-05,98.4466407553106,-0.5681119925774866,-0.5681119925774866,-0.5681119925774866,False,-0.027326911493351466,9.765625e-05,False
trial,240,240,240,915.2017411002377,915.2017411002377,915.2017411002377,915.2017411002377,3836,1918,0,0,3836,1918,924476,462238,479500.0,479500.0,250.0,False,True,3836,1918,0,0,3836,1918,4.8828125e-05,98.4466407553106,0.22032038894165337,0.22032038894165337,0.22032038894165337,False,-0.013688091668570674,4.8828125e-05,True
trial,241,241,240,915.2196961322611,915.2196961322611,915.2017411002377,915.2017411002377,3836,1918,0,0,3836,1918,928312,464156,479500.0,479500.0,250.0,False,True,3836,1918,0,0,3836,1918,9.765625e-05,82.77020614959876,-0.7213982419442939,-0.7213982419442939,-0.7213982419442939,False,-0.024889209564829585,9.765625e-05,False
trial,242,242,242,915.199924976798,915.199924976798,915.199924976798,915.199924976798,3836,1918,0,0,3836,1918,932148,466074,479500.0,479500.0,250.0,False,True,3836,1918,0,0,3836,1918,4.8828125e-05,82.77020614959876,0.14560194937876367,0.14560194937876367,0.14560194937876367,False,-0.012473208273665246,4.8828125e-05,True
trial,243,243,242,915.2156062960719,915.2156062960719,915.199924976798,915.199924976798,3836,1918,0,0,3836,1918,935984,467992,479500.0,479500.0,250.0,False,True,3836,1918,0,0,3836,1918,9.765625e-05,98.33178677885533,-0.5773494037029184,-0.5773494037029184,-0.5773494037029184,False,-0.027160882428052084,9.765625e-05,False
trial,244,244,244,915.196988941236,915.196988941236,915.196988941236,915.196988941236,3836,1918,0,0,3836,1918,939820,469910,479500.0,479500.0,250.0,False,True,3836,1918,0,0,3836,1918,4.8828125e-05,98.33178677885533,0.2156426811542063,0.2156426811542063,0.2156426811542063,False,-0.013615280362406746,4.8828125e-05,True
trial,245,245,244,915.2150847168184,915.2150847168184,915.196988941236,915.196988941236,3836,1918,0,0,3836,1918,943656,471828,479500.0,479500.0,250.0,False,True,3836,1918,0,0,3836,1918,9.765625e-05,82.61057404536064,-0.7295986500922591,-0.7295986500922591,-0.7295986500922591,False,-0.024802369878474374,9.765625e-05,False
trial,246,246,246,915.1952280004309,915.1952280004309,915.1952280004309,915.1952280004309,3836,1918,0,0,3836,1918,947492,473746,479500.0,479500.0,250.0,False,True,3836,1918,0,0,3836,1918,4.8828125e-05,82.61057404536064,0.14164249282022606,0.14164249282022606,0.14164249282022606,False,-0.012432291821531827,4.8828125e-05,True
trial,247,247,246,915.2109717665955,915.2109717665955,915.1952280004309,915.1952280004309,3836,1918,0,0,3836,1918,951328,475664,479500.0,479500.0,250.0,False,True,3836,1918,0,0,3836,1918,9.765625e-05,98.22563229416151,-0.5813337417876763,-0.5813337417876763,-0.5813337417876763,False,-0.02708214753924067,9.765625e-05,False
trial,248,248,248,915.1923404958303,915.1923404958303,915.1923404958303,915.1923404958303,3836,1918,0,0,3836,1918,955164,477582,479500.0,479500.0,250.0,False,True,3836,1918,0,0,3836,1918,4.8828125e-05,98.22563229416151,0.21274520542653794,0.21274520542653794,0.21274520542653794,False,-0.013572595419100513,4.8828125e-05,True
trial,249,249,248,915.2104284494471,915.2104284494471,915.1923404958303,915.1923404958303,3836,1918,0,0,3836,1918,959000,479500,479500.0,479500.0,250.0,False,True,3836,1918,0,0,3836,1918,9.765625e-05,82.45237020200173,-0.7325939801645299,-0.7325939801645299,-0.7325939801645299,False,-0.024690284259181874,9.765625e-05,False
trial,250,250,250,915.1906245278755,915.1906245278755,915.1906245278755,915.1906245278755,3836,1918,0,0,3836,1918,962836,481418,479500.0,479500.0,250.0,False,True,3836,1918,0,0,3836,1918,4.8828125e-05,82.45237020200173,0.13864005443436073,0.13864005443436073,0.13864005443436073,False,-0.012377144266512971,4.8828125e-05,True
trial,251,251,250,915.206477438105,915.206477438105,915.1906245278755,915.1906245278755,3836,1918,0,0,3836,1918,966672,483336,479500.0,479500.0,250.0,False,True,3836,1918,0,0,3836,1918,9.765625e-05,98.05425336148201,-0.587286631738781,-0.587286631738781,-0.587286631738781,False,-0.026993480479256024,9.765625e-05,False
trial,252,252,252,915.1877688063264,915.1877688063264,915.1877688063264,915.1877688063264,3836,1918,0,0,3836,1918,970508,485254,479500.0,479500.0,250.0,False,True,3836,1918,0,0,3836,1918,4.8828125e-05,98.05425336148201,0.21108528479932298,0.21108528479932298,0.21108528479932298,False,-0.01352875711714618,4.8828125e-05,True
trial,253,253,252,915.2060337579094,915.2060337579094,915.1877688063264,915.1877688063264,3836,1918,0,0,3836,1918,974344,487172,479500.0,479500.0,250.0,False,True,3836,1918,0,0,3836,1918,9.765625e-05,82.33845391655802,-0.741901601302025,-0.741901601302025,-0.741901601302025,False,-0.02461910252103964,9.765625e-05,False
trial,254,254,254,915.1861050669039,915.1861050669039,915.1861050669039,915.1861050669039,3836,1918,0,0,3836,1918,978180,489090,479500.0,479500.0,250.0,False,True,3836,1918,0,0,3836,1918,4.8828125e-05,82.33845391655802,0.13487929904501433,0.13487929904501433,0.13487929904501433,False,-0.012335024234830494,4.8828125e-05,True
trial,255,255,254,915.2020299052358,915.2020299052358,915.1861050669039,915.1861050669039,3836,1918,0,0,3836,1918,982016,491008,479500.0,479500.0,250.0,False,True,3836,1918,0,0,3836,1918,9.765625e-05,97.94765050600209,-0.5912397430174764,-0.5912397430174764,-0.5912397430174764,False,-0.026934654714893636,9.765625e-05,False
trial,256,256,256,915.1832904087887,915.1832904087887,915.1832904087887,915.1832904087887,3836,1918,0,0,3836,1918,985852,492926,479500.0,479500.0,250.0,False,True,3836,1918,0,0,3836,1918,4.8828125e-05,97.94765050600209,0.20847263932399954,0.20847263932399954,0.20847263932399954,False,-0.013501331034737028,4.8828125e-05,True
trial,257,257,256,915.2016345734569,915.2016345734569,915.1832904087887,915.1832904087887,3836,1918,0,0,3836,1918,989688,494844,479500.0,479500.0,250.0,False,True,3836,1918,0,0,3836,1918,9.765625e-05,82.20483426244726,-0.7475758306446977,-0.7475758306446977,-0.7475758306446977,False,-0.024538199225032253,9.765625e-05,False
trial,258,258,258,915.181667004643,915.181667004643,915.181667004643,915.181667004643,3836,1918,0,0,3836,1918,993524,496762,479500.0,479500.0,250.0,False,True,3836,1918,0,0,3836,1918,4.8828125e-05,82.20483426244726,0.13204840566027637,0.13204840566027637,0.13204840566027637,False,-0.012294007925033847,4.8828125e-05,True
trial,259,259,258,915.197666201314,915.197666201314,915.181667004643,915.181667004643,3836,1918,0,0,3836,1918,997360,498680,479500.0,479500.0,250.0,False,True,3836,1918,0,0,3836,1918,9.765625e-05,97.80907627023512,-0.5956592058479268,-0.5956592058479268,-0.5956592058479268,False,-0.026859648124036836,9.765625e-05,False
trial,260,260,260,915.1788838188113,915.1788838188113,915.1788838188113,915.1788838188113,3836,1918,0,0,3836,1918,1001196,500598,479500.0,479500.0,250.0,False,True,3836,1918,0,0,3836,1918,4.8828125e-05,97.80907627023512,0.20680544193763184,0.20680544193763184,0.20680544193763184,False,-0.013457991267805546,4.8828125e-05,True
trial,261,261,260,915.1972219332113,915.1972219332113,915.1788838188113,915.1788838188113,3836,1918,0,0,3836,1918,1005032,502516,479500.0,479500.0,250.0,False,True,3836,1918,0,0,3836,1918,9.765625e-05,82.08966536713743,-0.7510949519731204,-0.7510949519731204,-0.7510949519731204,False,-0.02441517460847356,9.765625e-05,False
trial,262,262,262,915.1772975111438,915.1772975111438,915.1772975111438,915.1772975111438,3836,1918,0,0,3836,1918,1008868,504434,479500.0,479500.0,250.0,False,True,3836,1918,0,0,3836,1918,4.8828125e-05,82.08966536713743,0.12953064826878008,0.12953064826878008,0.12953064826878008,False,-0.012246581706198457,4.8828125e-05,True
trial,263,263,262,915.1934487304545,915.1934487304545,915.1772975111438,915.1772975111438,3836,1918,0,0,3836,1918,1012704,506352,479500.0,479500.0,250.0,False,True,3836,1918,0,0,3836,1918,9.765625e-05,97.7255365185245,-0.6035366544761737,-0.6035366544761737,-0.6035366544761737,False,-0.0267609584122412,9.765625e-05,False
trial,264,264,264,915.1745753272863,915.1745753272863,915.1745753272863,915.1745753272863,3836,1918,0,0,3836,1918,1016540,508270,479500.0,479500.0,250.0,False,True,3836,1918,0,0,3836,1918,4.8828125e-05,97.7255365185245,0.20300378452682652,0.20300378452682652,0.20300378452682652,False,-0.013409522703387262,4.8828125e-05,True
trial,265,265,264,915.1930755747173,915.1930755747173,915.1745753272863,915.1745753272863,3836,1918,0,0,3836,1918,1020376,510188,479500.0,479500.0,250.0,False,True,3836,1918,0,0,3836,1918,9.765625e-05,81.94500058061473,-0.7582573816175433,-0.7582573816175433,-0.7582573816175433,False,-0.024398374324482445,9.765625e-05,False
trial,266,266,266,915.1730144372591,915.1730144372591,915.1730144372591,915.1730144372591,3836,1918,0,0,3836,1918,1024212,512106,479500.0,479500.0,250.0,False,True,3836,1918,0,0,3836,1918,4.8828125e-05,81.94500058061473,0.12776671831765962,0.12776671831765962,0.12776671831765962,False,-0.012216718467752416,4.8828125e-05,True
trial,267,267,266,915.1892300691864,915.1892300691864,915.1730144372591,915.1730144372591,3836,1918,0,0,3836,1918,1028048,514024,479500.0,479500.0,250.0,False,True,3836,1918,0,0,3836,1918,9.765625e-05,99.35989635112612,-0.608296954185937,-0.608296954185937,-0.608296954185937,False,-0.02665742745490719,9.765625e-05,False
trial,268,268,268,915.1703398193129,915.1703398193129,915.1703398193129,915.1703398193129,3836,1918,0,0,3836,1918,1031884,515942,479500.0,479500.0,250.0,False,True,3836,1918,0,0,3836,1918,4.8828125e-05,99.35989635112612,0.20020601649506034,0.20020601649506034,0.20020601649506034,False,-0.013359328521012143,4.8828125e-05,True
trial,269,269,268,915.1888947165532,915.1888947165532,915.1703398193129,915.1703398193129,3836,1918,0,0,3836,1918,1035720,517860,479500.0,479500.0,250.0,False,True,3836,1918,0,0,3836,1918,9.765625e-05,81.81867087553162,-0.7629500162998145,-0.7629500162998145,-0.7629500162998145,False,-0.024319938192518098,9.765625e-05,False
trial,270,270,270,915.1688246651618,915.1688246651618,915.1688246651618,915.1688246651618,3836,1918,0,0,3836,1918,1039556,519778,479500.0,479500.0,250.0,False,True,3836,1918,0,0,3836,1918,4.8828125e-05,81.81867087553162,0.12430599341472666,0.12430599341472666,0.12430599341472666,False,-0.012188906660663513,4.8828125e-05,True
trial,271,271,270,915.1850853887202,915.1850853887202,915.1688246651618,915.1688246651618,3836,1918,0,0,3836,1918,1043392,521696,479500.0,479500.0,250.0,False,True,3836,1918,0,0,3836,1918,9.765625e-05,97.64432831309736,-0.6111584776341028,-0.6111584776341028,-0.6111584776341028,False,-0.026606394500714673,9.765625e-05,False
trial,272,272,272,915.166184477533,915.166184477533,915.166184477533,915.166184477533,3836,1918,0,0,3836,1918,1047228,523614,479500.0,479500.0,250.0,False,True,3836,1918,0,0,3836,1918,4.8828125e-05,97.64432831309736,0.1981031467236734,0.1981031467236734,0.1981031467236734,False,-0.013327338169351938,4.8828125e-05,True
trial,273,273,272,915.1847774879341,915.1847774879341,915.166184477533,915.166184477533,3836,1918,0,0,3836,1918,1051064,525532,479500.0,479500.0,250.0,False,True,3836,1918,0,0,3836,1918,9.765625e-05,81.63628746309261,-0.7668476036849249,-0.7668476036849249,-0.7668476036849249,False,-0.024246030517354616,9.765625e-05,False
trial,274,274,274,915.1646994632728,915.1646994632728,915.1646994632728,915.1646994632728,3836,1918,0,0,3836,1918,1054900,527450,479500.0,479500.0,250.0,False,True,3836,1918,0,0,3836,1918,4.8828125e-05,81.63628746309261,0.12226850605521768,0.12226850605521768,0.12226850605521768,False,-0.012145517338099777,4.8828125e-05,True
trial,275,275,274,915.1810421061934,915.1810421061934,915.1646994632728,915.1646994632728,3836,1918,0,0,3836,1918,1058736,529368,479500.0,479500.0,250.0,False,True,3836,1918,0,0,3836,1918,9.765625e-05,97.47265014426536,-0.6162372848699499,-0.6162372848699499,-0.6162372848699499,False,-0.02652004888689182,9.765625e-05,False
trial,276,276,276,915.1620866459494,915.1620866459494,915.1620866459494,915.1620866459494,3836,1918,0,0,3836,1918,1062572,531286,479500.0,479500.0,250.0,False,True,3836,1918,0,0,3836,1918,4.8828125e-05,97.47265014426536,0.196569534218099,0.196569534218099,0.196569534218099,False,-0.013292076687863775,4.8828125e-05,True
trial,277,277,276,915.180831325888,915.180831325888,915.1620866459494,915.1620866459494,3836,1918,0,0,3836,1918,1066408,533204,479500.0,479500.0,250.0,False,True,3836,1918,0,0,3836,1918,9.765625e-05,81.60724534632006,-0.7764473294256912,-0.7764473294256912,-0.7764473294256912,False,-0.024141598828621786,9.765625e-05,False
trial,278,278,278,915.1606631767954,915.1606631767954,915.1606631767954,915.1606631767954,3836,1918,0,0,3836,1918,1070244,535122,479500.0,479500.0,250.0,False,True,3836,1918,0,0,3836,1918,4.8828125e-05,81.60724534632006,0.1176913595826237,0.1176913595826237,0.1176913595826237,False,-0.01209493338396059,4.8828125e-05,True
trial,279,279,278,915.1771340343037,915.1771340343037,915.1606631767954,915.1606631767954,3836,1918,0,0,3836,1918,1074080,537040,479500.0,479500.0,250.0,False,True,3836,1918,0,0,3836,1918,9.765625e-05,97.34617962368216,-0.6225435705733081,-0.6225435705733081,-0.6225435705733081,False,-0.026457357021726857,9.765625e-05,False
trial,280,280,280,915.1580914517442,915.1580914517442,915.1580914517442,915.1580914517442,3836,1918,0,0,3836,1918,1077916,538958,479500.0,479500.0,250.0,False,True,3836,1918,0,0,3836,1918,4.8828125e-05,97.34617962368216,0.19388548162775399,0.19388548162775399,0.19388548162775399,False,-0.013264144533261857,4.8828125e-05,True
trial,281,281,280,915.1768799590966,915.1768799590966,915.1580914517442,915.1580914517442,3836,1918,0,0,3836,1918,1081752,540876,479500.0,479500.0,250.0,False,True,3836,1918,0,0,3836,1918,9.765625e-05,81.54364303972514,-0.7803523346229252,-0.7803523346229252,-0.7803523346229252,False,-0.02407695411260842,9.765625e-05,False
trial,282,282,282,915.1567034261122,915.1567034261122,915.1567034261122,915.1567034261122,3836,1918,0,0,3836,1918,1085588,542794,479500.0,479500.0,250.0,False,True,3836,1918,0,0,3836,1918,4.8828125e-05,81.54364303972514,0.11507102525148026,0.11507102525148026,0.11507102525148026,False,-0.012062338272685139,4.8828125e-05,True
trial,283,283,282,915.1731955081132,915.1731955081132,915.1567034261122,915.1567034261122,3836,1918,0,0,3836,1918,1089424,544712,479500.0,479500.0,250.0,False,True,3836,1918,0,0,3836,1918,9.765625e-05,97.2622468981768,-0.6253330672292396,-0.6253330672292396,-0.6253330672292396,False,-0.026373276682771507,9.765625e-05,False
trial,284,284,284,915.1541658426627,915.1541658426627,915.1541658426627,915.1541658426627,3836,1918,0,0,3836,1918,1093260,546630,479500.0,479500.0,250.0,False,True,3836,1918,0,0,3836,1918,4.8828125e-05,97.2622468981768,0.19202104866868466,0.19202104866868466,0.19202104866868466,False,-0.013215131711652109,4.8828125e-05,True
trial,285,285,284,915.1729800366498,915.1729800366498,915.1541658426627,915.1541658426627,3836,1918,0,0,3836,1918,1097096,548548,479500.0,479500.0,250.0,False,True,3836,1918,0,0,3836,1918,9.765625e-05,81.41065842467177,-0.7848422954457368,-0.7848422954457368,-0.7848422954457368,False,-0.023971942002034,9.765625e-05,False
trial,286,286,286,915.1528031051683,915.1528031051683,915.1528031051683,915.1528031051683,3836,1918,0,0,3836,1918,1100932,550466,479500.0,479500.0,250.0,False,True,3836,1918,0,0,3836,1918,4.8828125e-05,81.41065842467177,0.11330341524040093,0.11330341524040093,0.11330341524040093,False,-0.012027329374328183,4.8828125e-05,True
trial,287,287,286,915.1694501515956,915.1694501515956,915.1528031051683,915.1528031051683,3836,1918,0,0,3836,1918,1104768,552384,479500.0,479500.0,250.0,False,True,3836,1918,0,0,3836,1918,9.765625e-05,97.20563252731839,-0.6337043709025751,-0.6337043709025751,-0.6337043709025751,False,-0.026269420240115724,9.765625e-05,False
trial,288,288,288,915.1503314703677,915.1503314703677,915.1503314703677,915.1503314703677,3836,1918,0,0,3836,1918,1108604,554302,479500.0,479500.0,250.0,False,True,3836,1918,0,0,3836,1918,4.8828125e-05,97.20563252731839,0.1877535441583258,0.1877535441583258,0.1877535441583258,False,-0.013164251102047326,4.8828125e-05,True
trial,289,289,288,915.1692824404472,915.1692824404472,915.1503314703677,915.1503314703677,3836,1918,0,0,3836,1918,1112440,556220,479500.0,479500.0,250.0,False,True,3836,1918,0,0,3836,1918,9.765625e-05,81.32769485409014,-0.7909788601734946,-0.7909788601734946,-0.7909788601734946,False,-0.023958883142973057,9.765625e-05,False
trial,290,290,290,915.1489993594766,915.1489993594766,915.1489993594766,915.1489993594766,3836,1918,0,0,3836,1918,1116276,558138,479500.0,479500.0,250.0,False,True,3836,1918,0,0,3836,1918,4.8828125e-05,81.32769485409014,0.11093263600767642,0.11093263600767642,0.11093263600767642,False,-0.012008286641691776,4.8828125e-05,True
trial,291,291,290,915.165657122308,915.165657122308,915.1489993594766,915.1489993594766,3836,1918,0,0,3836,1918,1120112,560056,479500.0,479500.0,250.0,False,True,3836,1918,0,0,3836,1918,9.765625e-05,97.17195594931921,-0.6357077988642009,-0.6357077988642009,-0.6357077988642009,False,-0.02620348981255636,9.765625e-05,False
trial,292,292,292,915.1465592173865,915.1465592173865,915.1465592173865,915.1465592173865,3836,1918,0,0,3836,1918,1123948,561974,479500.0,479500.0,250.0,False,True,3836,1918,0,0,3836,1918,4.8828125e-05,97.17195594931921,0.18587778604243166,0.18587778604243166,0.18587778604243166,False,-0.013127669217835083,4.8828125e-05,True
trial,293,293,292,915.1655789029189,915.1655789029189,915.1465592173865,915.1465592173865,3836,1918,0,0,3836,1918,1127784,563892,479500.0,479500.0,250.0,False,True,3836,1918,0,0,3836,1918,9.765625e-05,81.22130804248799,-0.7962659157219956,-0.7962659157219956,-0.7962659157219956,False,-0.02388609779327186,9.765625e-05,False
trial,294,294,294,915.1452707423072,915.1452707423072,915.1452707423072,915.1452707423072,3836,1918,0,0,3836,1918,1131620,565810,479500.0,479500.0,250.0,False,True,3836,1918,0,0,3836,1918,4.8828125e-05,81.22130804248799,0.1076986916694423,0.1076986916694423,0.1076986916694423,False,-0.011963702245632129,4.8828125e-05,True
trial,295,295,294,915.1619974788226,915.1619974788226,915.1452707423072,915.1452707423072,3836,1918,0,0,3836,1918,1135456,567728,479500.0,479500.0,250.0,False,True,3836,1918,0,0,3836,1918,9.765625e-05,97.23970867722483,-0.6396346978780978,-0.6396346978780978,-0.6396346978780978,False,-0.026150452079842523,9.765625e-05,False
trial,296,296,296,915.1428462448412,915.1428462448412,915.1428462448412,915.1428462448412,3836,1918,0,0,3836,1918,1139292,569646,479500.0,479500.0,250.0,False,True,3836,1918,0,0,3836,1918,4.8828125e-05,97.23970867722483,0.18504871732583736,0.18504871732583736,0.18504871732583736,False,-0.013101941483474018,4.8828125e-05,True
trial,297,297,296,915.1619480183449,915.1619480183449,915.1428462448412,915.1428462448412,3836,1918,0,0,3836,1918,1143128,571564,479500.0,479500.0,250.0,False,True,3836,1918,0,0,3836,1918,9.765625e-05,81.24657327977587,-0.8023803682869445,-0.8023803682869445,-0.8023803682869445,False,-0.023806381933940544,9.765625e-05,False
trial,298,298,298,915.1415971858411,915.1415971858411,915.1415971858411,915.1415971858411,3836,1918,0,0,3836,1918,1146964,573482,479500.0,479500.0,250.0,False,True,3836,1918,0,0,3836,1918,4.8828125e-05,81.24657327977587,0.10471913138091453,0.10471913138091453,0.10471913138091453,False,-0.011927705889237618,4.8828125e-05,True
trial,299,299,298,915.1583982434049,915.1583982434049,915.1415971858411,915.1415971858411,3836,1918,0,0,3836,1918,1150800,575400,479500.0,479500.0,250.0,False,True,3836,1918,0,0,3836,1918,9.765625e-05,97.10001605712154,-0.6429455086456622,-0.6429455086456622,-0.6429455086456622,False,-0.026131386467307033,9.765625e-05,False
trial,300,300,300,915.1391940460542,915.1391940460542,915.1391940460542,915.1391940460542,3836,1918,0,0,3836,1918,1154636,577318,479500.0,479500.0,250.0,False,True,3836,1918,0,0,3836,1918,4.8828125e-05,97.10001605712154,0.18351908364694805,0.18351908364694805,0.18351908364694805,False,-0.013094767798262238,4.8828125e-05,True
trial,301,301,300,915.1582856485816,915.1582856485816,915.1391940460542,915.1391940460542,3836,1918,0,0,3836,1918,1158472,579236,479500.0,479500.0,250.0,False,True,3836,1918,0,0,3836,1918,9.765625e-05,81.32923298223116,-0.8037829159542526,-0.8037829159542526,-0.8037829159542526,False,-0.023752187497952482,9.765625e-05,False
trial,302,302,302,915.1379766025672,915.1379766025672,915.1379766025672,915.1379766025672,3836,1918,0,0,3836,1918,1162308,581154,479500.0,479500.0,250.0,False,True,3836,1918,0,0,3836,1918,4.8828125e-05,81.32923298223116,0.10237211939247834,0.10237211939247834,0.10237211939247834,False,-0.01189233449724824,4.8828125e-05,True
trial,303,303,302,915.1548338492155,915.1548338492155,915.1379766025672,915.1379766025672,3836,1918,0,0,3836,1918,1166144,583072,479500.0,479500.0,250.0,False,True,3836,1918,0,0,3836,1918,9.765625e-05,97.04274164569658,-0.6464158259404889,-0.6464158259404889,-0.6464158259404889,False,-0.02607802280181219,9.765625e-05,False
trial,304,304,304,915.1356046994827,915.1356046994827,915.1356046994827,915.1356046994827,3836,1918,0,0,3836,1918,1169980,584990,479500.0,479500.0,250.0,False,True,3836,1918,0,0,3836,1918,4.8828125e-05,97.04274164569658,0.1815402445817207,0.1815402445817207,0.1815402445817207,False,-0.013065439511628035,4.8828125e-05,True
trial,305,305,304,915.154763449284,915.154763449284,915.1356046994827,915.1356046994827,3836,1918,0,0,3836,1918,1173816,586908,479500.0,479500.0,250.0,False,True,3836,1918,0,0,3836,1918,9.765625e-05,81.30801082831157,-0.8083948222686298,-0.8083948222686298,-0.8083948222686298,False,-0.023699743335313907,9.765625e-05,False
trial,306,306,306,915.1343958157311,915.1343958157311,915.1343958157311,915.1343958157311,3836,1918,0,0,3836,1918,1177652,588826,479500.0,479500.0,250.0,False,True,3836,1918,0,0,3836,1918,4.8828125e-05,81.30801082831157,0.1018173023437575,0.1018173023437575,0.1018173023437575,False,-0.011873067973320564,4.8828125e-05,True
trial,307,307,306,915.1513181193168,915.1513181193168,915.1343958157311,915.1343958157311,3836,1918,0,0,3836,1918,1181488,590744,479500.0,479500.0,250.0,False,True,3836,1918,0,0,3836,1918,9.765625e-05,97.03186287576354,-0.6509995419187524,-0.6509995419187524,-0.6509995419187524,False,-0.025994340235384925,9.765625e-05,False
trial,308,308,308,915.1320589825342,915.1320589825342,915.1320589825342,915.1320589825342,3836,1918,0,0,3836,1918,1185324,592662,479500.0,479500.0,250.0,False,True,3836,1918,0,0,3836,1918,4.8828125e-05,97.03186287576354,0.17933123450561042,0.17933123450561042,0.17933123450561042,False,-0.013030820890216729,4.8828125e-05,True
trial,309,309,308,915.1512905340504,915.1512905340504,915.1320589825342,915.1320589825342,3836,1918,0,0,3836,1918,1189160,594580,479500.0,479500.0,250.0,False,True,3836,1918,0,0,3836,1918,9.765625e-05,81.13113226531708,-0.812483697042233,-0.812483697042233,-0.812483697042233,False,-0.023670076810432206,9.765625e-05,False
trial,310,310,310,915.1308754422043,915.1308754422043,915.1308754422043,915.1308754422043,3836,1918,0,0,3836,1918,1192996,596498,479500.0,479500.0,250.0,False,True,3836,1918,0,0,3836,1918,4.8828125e-05,81.13113226531708,0.09980477448411038,0.09980477448411038,0.09980477448411038,False,-0.011858554222276475,4.8828125e-05,True
trial,311,311,310,915.147882947089,915.147882947089,915.1308754422043,915.1308754422043,3836,1918,0,0,3836,1918,1196832,598416,479500.0,479500.0,250.0,False,True,3836,1918,0,0,3836,1918,9.765625e-05,97.1109890532433,-0.6559987889254824,-0.6559987889254824,-0.6559987889254824,False,-0.02592612238279238,9.765625e-05,False
trial,312,312,312,915.1285663074121,915.1285663074121,915.1285663074121,915.1285663074121,3836,1918,0,0,3836,1918,1200668,600334,479500.0,479500.0,250.0,False,True,3836,1918,0,0,3836,1918,4.8828125e-05,97.1109890532433,0.17762530048433725,0.17762530048433725,0.17762530048433725,False,-0.01300003313662341,4.8828125e-05,True
trial,313,313,312,915.1478634683874,915.1478634683874,915.1285663074121,915.1285663074121,3836,1918,0,0,3836,1918,1204504,602252,479500.0,479500.0,250.0,False,True,3836,1918,0,0,3836,1918,9.765625e-05,80.87993326104213,-0.8172343753297173,-0.8172343753297173,-0.8172343753297173,False,-0.023612762210944452,9.765625e-05,False
trial,314,314,314,915.12740566153,915.12740566153,915.12740566153,915.12740566153,3836,1918,0,0,3836,1918,1208340,604170,479500.0,479500.0,250.0,False,True,3836,1918,0,0,3836,1918,4.8828125e-05,80.87993326104213,0.09803252245175353,0.09803252245175353,0.09803252245175353,False,-0.011839396284988984,4.8828125e-05,True
trial,315,315,314,915.1443788262819,915.1443788262819,915.12740566153,915.12740566153,3836,1918,0,0,3836,1918,1212176,606088,479500.0,479500.0,250.0,False,True,3836,1918,0,0,3836,1918,9.765625e-05,97.13189573637275,-0.655508192606943,-0.655508192606943,-0.655508192606943,False,-0.025893139007768882,9.765625e-05,False
trial,316,316,316,915.1251125723284,915.1251125723284,915.1251125723284,915.1251125723284,3836,1918,0,0,3836,1918,1216012,608006,479500.0,479500.0,250.0,False,True,3836,1918,0,0,3836,1918,4.8828125e-05,97.13189573637275,0.17673167845837026,0.17673167845837026,0.17673167845837026,False,-0.012974975520292132,4.8828125e-05,True
trial,317,317,316,915.1444377820158,915.1444377820158,915.1251125723284,915.1251125723284,3836,1918,0,0,3836,1918,1219848,609924,479500.0,479500.0,250.0,False,True,3836,1918,0,0,3836,1918,9.765625e-05,81.06976141238073,-0.8206977239983126,-0.8206977239983126,-0.8206977239983126,False,-0.023547292897615677,9.765625e-05,False
trial,318,318,318,915.1239903798229,915.1239903798229,915.1239903798229,915.1239903798229,3836,1918,0,0,3836,1918,1223684,611842,479500.0,479500.0,250.0,False,True,3836,1918,0,0,3836,1918,4.8828125e-05,81.06976141238073,0.09513491899916426,0.09513491899916426,0.09513491899916426,False,-0.011795800293757732,4.8828125e-05,True
trial,319,319,318,915.1410926103092,915.1410926103092,915.1239903798229,915.1239903798229,3836,1918,0,0,3836,1918,1227520,613760,479500.0,479500.0,250.0,False,True,3836,1918,0,0,3836,1918,9.765625e-05,97.0476037227632,-0.6617923262915969,-0.6617923262915969,-0.6617923262915969,False,-0.0258422919198287,9.765625e-05,False
trial,320,320,320,915.121728679339,915.121728679339,915.121728679339,915.121728679339,3836,1918,0,0,3836,1918,1231356,615678,479500.0,479500.0,250.0,False,True,3836,1918,0,0,3836,1918,4.8828125e-05,97.0476037227632,0.17459331640325748,0.17459331640325748,0.17459331640325748,False,-0.012954106895499695,4.8828125e-05,True
trial,321,321,320,915.1411140764496,915.1411140764496,915.121728679339,915.121728679339,3836,1918,0,0,3836,1918,1235192,617596,479500.0,479500.0,250.0,False,True,3836,1918,0,0,3836,1918,9.765625e-05,81.02109784973776,-0.8248201643843037,-0.8248201643843037,-0.8248201643843037,False,-0.0235025741946456,9.765625e-05,False
trial,322,322,322,915.120633042802,915.120633042802,915.120633042802,915.120633042802,3836,1918,0,0,3836,1918,1239028,619514,479500.0,479500.0,250.0,False,True,3836,1918,0,0,3836,1918,4.8828125e-05,81.02109784973776,0.09307725192004808,0.09307725192004808,0.09307725192004808,False,-0.011771260049052584,4.8828125e-05,True
trial,323,323,322,915.1377018782437,915.1377018782437,915.120633042802,915.120633042802,3836,1918,0,0,3836,1918,1242864,621432,479500.0,479500.0,250.0,False,True,3836,1918,0,0,3836,1918,9.765625e-05,97.04153244374645,-0.6618463424967028,-0.6618463424967028,-0.6618463424967028,False,-0.025789725417709422,9.765625e-05,False
trial,324,324,324,915.1184084909205,915.1184084909205,915.1184084909205,915.1184084909205,3836,1918,0,0,3836,1918,1246700,623350,479500.0,479500.0,250.0,False,True,3836,1918,0,0,3836,1918,4.8828125e-05,97.04153244374645,0.1722135442586287,0.1722135442586287,0.1722135442586287,False,-0.012917403744466847,4.8828125e-05,True
trial,325,325,324,915.1378431794097,915.1378431794097,915.1184084909205,915.1184084909205,3836,1918,0,0,3836,1918,1250536,625268,479500.0,479500.0,250.0,False,True,3836,1918,0,0,3836,1918,9.765625e-05,81.00655295352527,-0.8286965531546082,-0.8286965531546082,-0.8286965531546082,False,-0.02345211696037456,9.765625e-05,False
trial,326,326,326,915.1173318444429,915.1173318444429,915.1173318444429,915.1173318444429,3836,1918,0,0,3836,1918,1254372,627186,479500.0,479500.0,250.0,False,True,3836,1918,0,0,3836,1918,4.8828125e-05,81.00655295352527,0.09160268476780917,0.09160268476780917,0.09160268476780917,False,-0.011753438016896475,4.8828125e-05,True
trial,327,327,326,915.1344749129366,915.1344749129366,915.1173318444429,915.1173318444429,3836,1918,0,0,3836,1918,1258208,629104,479500.0,479500.0,250.0,False,True,3836,1918,0,0,3836,1918,9.765625e-05,97.02896352882175,-0.66574176435098,-0.66574176435098,-0.66574176435098,False,-0.02575032754697338,9.765625e-05,False
trial,328,328,328,915.1151145038104,915.1151145038104,915.1151145038104,915.1151145038104,3836,1918,0,0,3836,1918,1262044,631022,479500.0,479500.0,250.0,False,True,3836,1918,0,0,3836,1918,4.8828125e-05,97.02896352882175,0.17189208716396978,0.17189208716396978,0.17189208716396978,False,-0.012899608522062699,4.8828125e-05,True
trial,329,329,328,915.134631653727,915.134631653727,915.1151145038104,915.1151145038104,3836,1918,0,0,3836,1918,1265880,632940,479500.0,479500.0,250.0,False,True,3836,1918,0,0,3836,1918,9.765625e-05,81.01430291083231,-0.8341019034456955,-0.8341019034456955,-0.8341019034456955,False,-0.023398999373918285,9.765625e-05,False
trial,330,330,330,915.1140721526243,915.1140721526243,915.1140721526243,915.1140721526243,3836,1918,0,0,3836,1918,1269716,634858,479500.0,479500.0,250.0,False,True,3836,1918,0,0,3836,1918,4.8828125e-05,81.01430291083231,0.08895926348999549,0.08895926348999549,0.08895926348999549,False,-0.011717174190030004,4.8828125e-05,True
trial,331,331,330,915.1312824093027,915.1312824093027,915.1140721526243,915.1140721526243,3836,1918,0,0,3836,1918,1273552,636776,479500.0,479500.0,250.0,False,True,3836,1918,0,0,3836,1918,9.765625e-05,96.86637133474177,-0.6692691883972682,-0.6692691883972682,-0.6692691883972682,False,-0.02571499925102198,9.765625e-05,False
trial,332,332,332,915.1118830434674,915.1118830434674,915.1118830434674,915.1118830434674,3836,1918,0,0,3836,1918,1277388,638694,479500.0,479500.0,250.0,False,True,3836,1918,0,0,3836,1918,4.8828125e-05,96.86637133474177,0.16996866837337485,0.16996866837337485,0.16996866837337485,False,-0.01287948642456309,4.8828125e-05,True
trial,333,333,332,915.1314278572536,915.1314278572536,915.1118830434674,915.1118830434674,3836,1918,0,0,3836,1918,1281224,640612,479500.0,479500.0,250.0,False,True,3836,1918,0,0,3836,1918,9.765625e-05,81.05772847468033,-0.836582685351432,-0.836582685351432,-0.836582685351432,False,-0.02336268025673125,9.765625e-05,False
trial,334,334,334,915.1108506956781,915.1108506956781,915.1108506956781,915.1108506956781,3836,1918,0,0,3836,1918,1285060,642530,479500.0,479500.0,250.0,False,True,3836,1918,0,0,3836,1918,4.8828125e-05,81.05772847468033,0.08816053411304886,0.08816053411304886,0.08816053411304886,False,-0.011709863145582694,4.8828125e-05,True
trial,335,335,334,915.1280855686364,915.1280855686364,915.1108506956781,915.1108506956781,3836,1918,0,0,3836,1918,1288896,644448,479500.0,479500.0,250.0,False,True,3836,1918,0,0,3836,1918,9.765625e-05,96.83849599578137,-0.6705120416085527,-0.6705120416085527,-0.6705120416085527,False,-0.025704046890697618,9.765625e-05,False
trial,336,336,336,915.1086667882381,915.1086667882381,915.1086667882381,915.1086667882381,3836,1918,0,0,3836,1918,1292732,646366,479500.0,479500.0,250.0,False,True,3836,1918,0,0,3836,1918,4.8828125e-05,96.83849599578137,0.1696271389338162,0.1696271389338162,0.1696271389338162,False,-0.012874752552638867,4.8828125e-05,True
trial,337,337,336,915.1282272288613,915.1282272288613,915.1086667882381,915.1086667882381,3836,1918,0,0,3836,1918,1296568,648284,479500.0,479500.0,250.0,False,True,3836,1918,0,0,3836,1918,9.765625e-05,81.04199189295964,-0.8376965569383739,-0.8376965569383739,-0.8376965569383739,False,-0.023350269809732607,9.765625e-05,False
trial,338,338,338,915.1076465894421,915.1076465894421,915.1076465894421,915.1076465894421,3836,1918,0,0,3836,1918,1300404,650202,479500.0,479500.0,250.0,False,True,3836,1918,0,0,3836,1918,4.8828125e-05,81.04199189295964,0.08722927699853962,0.08722927699853962,0.08722927699853962,False,-0.011695600733275554,4.8828125e-05,True
trial,339,339,338,915.1248943472469,915.1248943472469,915.1076465894421,915.1076465894421,3836,1918,0,0,3836,1918,1304240,652120,479500.0,479500.0,250.0,False,True,3836,1918,0,0,3836,1918,9.765625e-05,96.81128191355937,-0.67161145028859,-0.67161145028859,-0.67161145028859,False,-0.02568115507477062,9.765625e-05,False
trial,340,340,340,915.1054714390941,915.1054714390941,915.1054714390941,915.1054714390941,3836,1918,0,0,3836,1918,1308076,654038,479500.0,479500.0,250.0,False,True,3836,1918,0,0,3836,1918,4.8828125e-05,96.81128191355937,0.16907356679035004,0.16907356679035004,0.16907356679035004,False,-0.012865111851952039,4.8828125e-05,True
trial,341,341,340,915.125000174929,915.125000174929,915.1054714390941,915.1054714390941,3836,1918,0,0,3836,1918,1311912,655956,479500.0,479500.0,250.0,False,True,3836,1918,0,0,3836,1918,9.765625e-05,81.00968503075411,-0.8374839577631957,-0.8374839577631957,-0.8374839577631957,False,-0.023318340194920403,9.765625e-05,False
trial,342,342,342,915.1044599257127,915.1044599257127,915.1044599257127,915.1044599257127,3836,1918,0,0,3836,1918,1315748,657874,479500.0,479500.0,250.0,False,True,3836,1918,0,0,3836,1918,4.8828125e-05,81.00968503075411,0.0865969061553941,0.0865969061553941,0.0865969061553941,False,-0.011680710389174823,4.8828125e-05,True
trial,343,343,342,915.121748600842,915.121748600842,915.1044599257127,915.1044599257127,3836,1918,0,0,3836,1918,1319584,659792,479500.0,479500.0,250.0,False,True,3836,1918,0,0,3836,1918,9.765625e-05,96.76583762932934,-0.6738363665544477,-0.6738363665544477,-0.6738363665544477,False,-0.025657082323556343,9.765625e-05,False
trial,344,344,344,915.1023003748392,915.1023003748392,915.1023003748392,915.1023003748392,3836,1918,0,0,3836,1918,1323420,661710,479500.0,479500.0,250.0,False,True,3836,1918,0,0,3836,1918,4.8828125e-05,96.76583762932934,0.16805746018711215,0.16805746018711215,0.16805746018711215,False,-0.012850074439735263,4.8828125e-05,True
trial,345,345,344,915.1218830258888,915.1218830258888,915.1023003748392,915.1023003748392,3836,1918,0,0,3836,1918,1327256,663628,479500.0,479500.0,250.0,False,True,3836,1918,0,0,3836,1918,9.765625e-05,80.99206175830754,-0.8400565700137231,-0.8400565700137231,-0.8400565700137231,False,-0.023311109928360954,9.765625e-05,False
trial,346,346,346,915.1012957962325,915.1012957962325,915.1012957962325,915.1012957962325,3836,1918,0,0,3836,1918,1331092,665546,479500.0,479500.0,250.0,False,True,3836,1918,0,0,3836,1918,4.8828125e-05,80.99206175830754,0.08601805179974903,0.08601805179974903,0.08601805179974903,False,-0.011678695176268324,4.8828125e-05,True
trial,347,347,346,915.1185896096298,915.1185896096298,915.1012957962325,915.1012957962325,3836,1918,0,0,3836,1918,1334928,667464,479500.0,479500.0,250.0,False,True,3836,1918,0,0,3836,1918,9.765625e-05,96.64962281373747,-0.6744845587480484,-0.6744845587480484,-0.6744845587480484,False,-0.025640043456827865,9.765625e-05,False
trial,348,348,348,915.0991408763332,915.0991408763332,915.0991408763332,915.0991408763332,3836,1918,0,0,3836,1918,1338764,669382,479500.0,479500.0,250.0,False,True,3836,1918,0,0,3836,1918,4.8828125e-05,96.64962281373747,0.1677430258499861,0.1677430258499861,0.1677430258499861,False,-0.012846554355511412,4.8828125e-05,True
trial,349,349,348,915.1187280411247,915.1187280411247,915.0991408763332,915.0991408763332,3836,1918,0,0,3836,1918,1342600,671300,479500.0,479500.0,250.0,False,True,3836,1918,0,0,3836,1918,9.765625e-05,81.11374781640065,-0.8407983083221381,-0.8407983083221381,-0.8407983083221381,False,-0.02329591365442609,9.765625e-05,False
trial,350,350,350,915.0981489993302,915.0981489993302,915.0981489993302,915.0981489993302,3836,1918,0,0,3836,1918,1346436,673218,479500.0,479500.0,250.0,False,True,3836,1918,0,0,3836,1918,4.8828125e-05,81.11374781640065,0.08499513696658222,0.08499513696658222,0.08499513696658222,False,-0.01166980886674266,4.8828125e-05,True
trial,351,351,350,915.1154766849386,915.1154766849386,915.0981489993302,915.0981489993302,3836,1918,0,0,3836,1918,1350272,675136,479500.0,479500.0,250.0,False,True,3836,1918,0,0,3836,1918,9.765625e-05,96.7228942022151,-0.676489540488528,-0.676489540488528,-0.676489540488528,False,-0.02561412198018586,9.765625e-05,False
trial,352,352,352,915.0960037663157,915.0960037663157,915.0960037663157,915.0960037663157,3836,1918,0,0,3836,1918,1354108,677054,479500.0,479500.0,250.0,False,True,3836,1918,0,0,3836,1918,4.8828125e-05,96.7228942022151,0.16708187319177795,0.16708187319177795,0.16708187319177795,False,-0.012839412041151336,4.8828125e-05,True
trial,353,353,352,915.1155882275115,915.1155882275115,915.0960037663157,915.0960037663157,3836,1918,0,0,3836,1918,1357944,678972,479500.0,479500.0,250.0,False,True,3836,1918,0,0,3836,1918,9.765625e-05,80.96800006946921,-0.8417317680054247,-0.8417317680054247,-0.8417317680054247,False,-0.02326686711872412,9.765625e-05,False
trial,354,354,354,915.0950108296311,915.0950108296311,915.0950108296311,915.0950108296311,3836,1918,0,0,3836,1918,1361780,680890,479500.0,479500.0,250.0,False,True,3836,1918,0,0,3836,1918,4.8828125e-05,80.96800006946921,0.08516109740975437,0.08516109740975437,0.08516109740975437,False,-0.01165951020843863,4.8828125e-05,True
trial,355,355,354,915.1123396265014,915.1123396265014,915.0950108296311,915.0950108296311,3836,1918,0,0,3836,1918,1365616,682808,479500.0,479500.0,250.0,False,True,3836,1918,0,0,3836,1918,9.765625e-05,96.70987739644396,-0.6776241366651514,-0.6776241366651514,-0.6776241366651514,False,-0.025572874301038998,9.765625e-05,False
trial,356,356,356,915.0928841479612,915.0928841479612,915.0928841479612,915.0928841479612,3836,1918,0,0,3836,1918,1369452,684726,479500.0,479500.0,250.0,False,True,3836,1918,0,0,3836,1918,4.8828125e-05,96.70987739644396,0.16600762825213558,0.16600762825213558,0.16600762825213558,False,-0.012810746664379542,4.8828125e-05,True
trial,357,357,356,915.1125656353144,915.1125656353144,915.0928841479612,915.0928841479612,3836,1918,0,0,3836,1918,1373288,686644,479500.0,479500.0,250.0,False,True,3836,1918,0,0,3836,1918,9.765625e-05,80.8457640062733,-0.8465925139602434,-0.8465925139602434,-0.8465925139602434,False,-0.02324788729954013,9.765625e-05,False
trial,358,358,358,915.0919152986601,915.0919152986601,915.0919152986601,915.0919152986601,3836,1918,0,0,3836,1918,1377124,688562,479500.0,479500.0,250.0,False,True,3836,1918,0,0,3836,1918,4.8828125e-05,80.8457640062733,0.08319456245291441,0.08319456245291441,0.08319456245291441,False,-0.011645584429282574,4.8828125e-05,True
trial,359,359,358,915.1092645830047,915.1092645830047,915.0919152986601,915.0919152986601,3836,1918,0,0,3836,1918,1380960,690480,479500.0,479500.0,250.0,False,True,3836,1918,0,0,3836,1918,9.765625e-05,96.70072369062865,-0.6781189646804197,-0.6781189646804197,-0.6781189646804197,False,-0.025584425813536472,9.765625e-05,False
trial,360,360,360,915.0897929923249,915.0897929923249,915.0897929923249,915.0897929923249,3836,1918,0,0,3836,1918,1384796,692398,479500.0,479500.0,250.0,False,True,3836,1918,0,0,3836,1918,4.8828125e-05,96.70072369062865,0.16559000356203857,0.16559000356203857,0.16559000356203857,False,-0.01281663318764447,4.8828125e-05,True
trial,361,361,360,915.109452276253,915.109452276253,915.0897929923249,915.0897929923249,3836,1918,0,0,3836,1918,1388632,694316,479500.0,479500.0,250.0,False,True,3836,1918,0,0,3836,1918,9.765625e-05,80.90152317181946,-0.8463129771048631,-0.8463129771048631,-0.8463129771048631,False,-0.02322933059044114,9.765625e-05,False
trial,362,362,362,915.0888334060872,915.0888334060872,915.0888334060872,915.0888334060872,3836,1918,0,0,3836,1918,1392468,696234,479500.0,479500.0,250.0,False,True,3836,1918,0,0,3836,1918,4.8828125e-05,80.90152317181946,0.08244824327279027,0.08244824327279027,0.08244824327279027,False,-0.011638649891573228,4.8828125e-05,True
trial,363,363,362,915.1062134223121,915.1062134223121,915.0888334060872,915.0888334060872,3836,1918,0,0,3836,1918,1396304,698152,479500.0,479500.0,250.0,False,True,3836,1918,0,0,3836,1918,9.765625e-05,96.70156106177376,-0.6797466002224043,-0.6797466002224043,-0.6797466002224043,False,-0.025568375360955634,9.765625e-05,False
trial,364,364,364,915.0867163916733,915.0867163916733,915.0867163916733,915.0867163916733,3836,1918,0,0,3836,1918,1400140,700070,479500.0,479500.0,250.0,False,True,3836,1918,0,0,3836,1918,4.8828125e-05,96.70156106177376,0.16524714770393303,0.16524714770393303,0.16524714770393303,False,-0.012811200939399879,4.8828125e-05,True
trial,365,365,364,915.1063662990523,915.1063662990523,915.0867163916733,915.0867163916733,3836,1918,0,0,3836,1918,1403976,701988,479500.0,479500.0,250.0,False,True,3836,1918,0,0,3836,1918,9.765625e-05,80.88428062703929,-0.8468277268276956,-0.8468277268276956,-0.8468277268276956,False,-0.023204137933176584,9.765625e-05,False
trial,366,366,366,915.0857527675938,915.0857527675938,915.0857527675938,915.0857527675938,3836,1918,0,0,3836,1918,1407812,703906,479500.0,479500.0,250.0,False,True,3836,1918,0,0,3836,1918,4.8828125e-05,80.88428062703929,0.08287598438785278,0.08287598438785278,0.08287598438785278,False,-0.0116273017647908,4.8828125e-05,True
trial,367,367,366,915.103184108428,915.103184108428,915.0857527675938,915.0857527675938,3836,1918,0,0,3836,1918,1411648,705824,479500.0,479500.0,250.0,False,True,3836,1918,0,0,3836,1918,9.765625e-05,96.67018679936668,-0.6833659690465567,-0.6833659690465567,-0.6833659690465567,False,-0.0255080610151994,9.765625e-05,False
trial,368,368,368,915.0836679776758,915.0836679776758,915.0836679776758,915.0836679776758,3836,1918,0,0,3836,1918,1415484,707742,479500.0,479500.0,250.0,False,True,3836,1918,0,0,3836,1918,4.8828125e-05,96.67018679936668,0.1631344466470352,0.1631344466470352,0.1631344466470352,False,-0.01277958126507023,4.8828125e-05,True
trial,369,369,368,915.1033684314284,915.1033684314284,915.0836679776758,915.0836679776758,3836,1918,0,0,3836,1918,1419320,709660,479500.0,479500.0,250.0,False,True,3836,1918,0,0,3836,1918,9.765625e-05,80.87217839735072,-0.8478831009898236,-0.8478831009898236,-0.8478831009898236,False,-0.023234870148549667,9.765625e-05,False
trial,370,370,370,915.0827146216882,915.0827146216882,915.0827146216882,915.0827146216882,3836,1918,0,0,3836,1918,1423156,711578,479500.0,479500.0,250.0,False,True,3836,1918,0,0,3836,1918,4.8828125e-05,80.87217839735072,0.08195792918035033,0.08195792918035033,0.08195792918035033,False,-0.011632260564788131,4.8828125e-05,True
trial,371,371,370,915.1001523152888,915.1001523152888,915.0827146216882,915.0827146216882,3836,1918,0,0,3836,1918,1426992,713496,479500.0,479500.0,250.0,False,True,3836,1918,0,0,3836,1918,9.765625e-05,96.64516397615513,-0.6838870191022361,-0.6838870191022361,-0.6838870191022361,False,-0.02549791575738954,9.765625e-05,False
trial,372,372,372,915.0806349906923,915.0806349906923,915.0806349906923,915.0806349906923,3836,1918,0,0,3836,1918,1430828,715414,479500.0,479500.0,250.0,False,True,3836,1918,0,0,3836,1918,4.8828125e-05,96.64516397615513,0.1627995143619728,0.1627995143619728,0.1627995143619728,False,-0.012774184272432388,4.8828125e-05,True
trial,373,373,372,915.1003445949373,915.1003445949373,915.0806349906923,915.0806349906923,3836,1918,0,0,3836,1918,1434664,717332,479500.0,479500.0,250.0,False,True,3836,1918,0,0,3836,1918,9.765625e-05,80.87842248010395,-0.849309356155123,-0.849309356155123,-0.849309356155123,False,-0.023206625597809342,9.765625e-05,False
trial,374,374,374,915.0796868609583,915.0796868609583,915.0796868609583,915.0796868609583,3836,1918,0,0,3836,1918,1438500,719250,479500.0,479500.0,250.0,False,True,3836,1918,0,0,3836,1918,4.8828125e-05,80.87842248010395,0.08154469402773286,0.08154469402773286,0.08154469402773286,False,-0.011627117438612746,4.8828125e-05,True
trial,375,375,374,915.0971611182583,915.0971611182583,915.0796868609583,915.0796868609583,3836,1918,0,0,3836,1918,1442336,721168,479500.0,479500.0,250.0,False,True,3836,1918,0,0,3836,1918,9.765625e-05,96.64281639501269,-0.6859152580822985,-0.6859152580822985,-0.6859152580822985,False,-0.025475825321160057,9.765625e-05,False
trial,376,376,376,915.0776157615974,915.0776157615974,915.0776157615974,915.0776157615974,3836,1918,0,0,3836,1918,1446172,723086,479500.0,479500.0,250.0,False,True,3836,1918,0,0,3836,1918,4.8828125e-05,96.64281639501269,0.1622450536157745,0.1622450536157745,0.1622450536157745,False,-0.012765254254453176,4.8828125e-05,True
trial,377,377,376,915.0973523054731,915.0973523054731,915.0776157615974,915.0776157615974,3836,1918,0,0,3836,1918,1450008,725004,479500.0,479500.0,250.0,False,True,3836,1918,0,0,3836,1918,9.765625e-05,80.84899312195994,-0.8510182519896853,-0.8510182519896853,-0.8510182519896853,False,-0.023191681059257396,9.765625e-05,False
trial,378,378,378,915.0766773363423,915.0766773363423,915.0766773363423,915.0766773363423,3836,1918,0,0,3836,1918,1453844,726922,479500.0,479500.0,250.0,False,True,3836,1918,0,0,3836,1918,4.8828125e-05,80.84899312195994,0.08077536589922439,0.08077536589922439,0.08077536589922439,False,-0.011617715928919331,4.8828125e-05,True
trial,379,379,378,915.094156810676,915.094156810676,915.0766773363423,915.0766773363423,3836,1918,0,0,3836,1918,1457680,728840,479500.0,479500.0,250.0,False,True,3836,1918,0,0,3836,1918,9.765625e-05,96.61849300898591,-0.6862211414856959,-0.6862211414856959,-0.6862211414856959,False,-0.02547207201443917,9.765625e-05,False
trial,380,380,380,915.0746208098187,915.0746208098187,915.0746208098187,915.0746208098187,3836,1918,0,0,3836,1918,1461516,730758,479500.0,479500.0,250.0,False,True,3836,1918,0,0,3836,1918,4.8828125e-05,96.61849300898591,0.16127332043246992,0.16127332043246992,0.16127332043246992,False,-0.01275180865663212,4.8828125e-05,True
trial,381,381,380,915.0943839975312,915.0943839975312,915.0746208098187,915.0746208098187,3836,1918,0,0,3836,1918,1465352,732676,479500.0,479500.0,250.0,False,True,3836,1918,0,0,3836,1918,9.765625e-05,80.8185855276983,-0.8529626237909214,-0.8529626237909214,-0.8529626237909214,False,-0.02317005125571199,9.765625e-05,False
trial,382,382,382,915.0736973541923,915.0736973541923,915.0736973541923,915.0736973541923,3836,1918,0,0,3836,1918,1469188,734594,479500.0,479500.0,250.0,False,True,3836,1918,0,0,3836,1918,4.8828125e-05,80.8185855276983,0.0795836304147748,0.0795836304147748,0.0795836304147748,False,-0.011603587592344212,4.8828125e-05,True
trial,383,383,382,915.0911824556201,915.0911824556201,915.0736973541923,915.0736973541923,3836,1918,0,0,3836,1918,1473024,736512,479500.0,479500.0,250.0,False,True,3836,1918,0,0,3836,1918,9.765625e-05,96.61005378798036,-0.6868969311951895,-0.6868969311951895,-0.6868969311951895,False,-0.02545520387958881,9.765625e-05,False
trial,384,384,384,915.0716367050679,915.0716367050679,915.0716367050679,915.0716367050679,3836,1918,0,0,3836,1918,1476860,738430,479500.0,479500.0,250.0,False,True,3836,1918,0,0,3836,1918,4.8828125e-05,96.61005378798036,0.1615558383965338,0.1615558383965338,0.1615558383965338,False,-0.012755027269902623,4.8828125e-05,True
trial,385,385,384,915.0914322376847,915.0914322376847,915.0716367050679,915.0716367050679,3836,1918,0,0,3836,1918,1480696,740348,479500.0,479500.0,250.0,False,True,3836,1918,0,0,3836,1918,9.765625e-05,80.83926290452595,-0.8554204633729722,-0.8554204633729722,-0.8554204633729722,False,-0.023141289534605414,9.765625e-05,False
trial,386,386,386,915.0707231609073,915.0707231609073,915.0707231609073,915.0707231609073,3836,1918,0,0,3836,1918,1484532,742266,479500.0,479500.0,250.0,False,True,3836,1918,0,0,3836,1918,4.8828125e-05,80.83926290452595,0.07880295426494324,0.07880295426494324,0.07880295426494324,False,-0.011592765387725452,4.8828125e-05,True
trial,387,387,386,915.088234851977,915.088234851977,915.0707231609073,915.0707231609073,3836,1918,0,0,3836,1918,1488368,744184,479500.0,479500.0,250.0,False,True,3836,1918,0,0,3836,1918,9.765625e-05,96.59053584877148,-0.688350722416467,-0.688350722416467,-0.688350722416467,False,-0.02544007073631949,9.765625e-05,False
trial,388,388,388,915.0686813301843,915.0686813301843,915.0686813301843,915.0686813301843,3836,1918,0,0,3836,1918,1492204,746102,479500.0,479500.0,250.0,False,True,3836,1918,0,0,3836,1918,4.8828125e-05,96.59053584877148,0.16031938718827854,0.16031938718827854,0.16031938718827854,False,-0.012736018761034503,4.8828125e-05,True
trial,389,389,388,915.0884989161189,915.0884989161189,915.0686813301843,915.0686813301843,3836,1918,0,0,3836,1918,1496040,748020,479500.0,479500.0,250.0,False,True,3836,1918,0,0,3836,1918,9.765625e-05,80.80333683473827,-0.8576751181925318,-0.8576751181925318,-0.8576751181925318,False,-0.02310616865780685,9.765625e-05,False
trial,390,390,390,915.0677801509321,915.0677801509321,915.0677801509321,915.0677801509321,3836,1918,0,0,3836,1918,1499876,749938,479500.0,479500.0,250.0,False,True,3836,1918,0,0,3836,1918,4.8828125e-05,80.80333683473827,0.07781752163582041,0.07781752163582041,0.07781752163582041,False,-0.011580672748914578,4.8828125e-05,True
trial,391,391,390,915.0852905111834,915.0852905111834,915.0677801509321,915.0677801509321,3836,1918,0,0,3836,1918,1503712,751856,479500.0,479500.0,250.0,False,True,3836,1918,0,0,3836,1918,9.765625e-05,96.59181402033369,-0.6884895552034238,-0.6884895552034238,-0.6884895552034238,False,-0.025433007834299127,9.765625e-05,False
trial,392,392,392,915.0657455199423,915.0657455199423,915.0657455199423,915.0657455199423,3836,1918,0,0,3836,1918,1507548,753774,479500.0,479500.0,250.0,False,True,3836,1918,0,0,3836,1918,4.8828125e-05,96.59181402033369,0.15981659725534886,0.15981659725534886,0.15981659725534886,False,-0.012731036855529627,4.8828125e-05,True
trial,393,393,392,915.0855340115027,915.0855340115027,915.0657455199423,915.0657455199423,3836,1918,0,0,3836,1918,1511384,755692,479500.0,479500.0,250.0,False,True,3836,1918,0,0,3836,1918,9.765625e-05,80.79851699934258,-0.8570213822708278,-0.8570213822708278,-0.8570213822708278,False,-0.023089845795813236,9.765625e-05,False
trial,394,394,394,915.0648537202879,915.0648537202879,915.0648537202879,915.0648537202879,3836,1918,0,0,3836,1918,1515220,757610,479500.0,479500.0,250.0,False,True,3836,1918,0,0,3836,1918,4.8828125e-05,80.79851699934258,0.07707438045417431,0.07707438045417431,0.07707438045417431,False,-0.011570636690345235,4.8828125e-05,True
trial,395,395,394,915.0823929500718,915.0823929500718,915.0648537202879,915.0648537202879,3836,1918,0,0,3836,1918,1519056,759528,479500.0,479500.0,250.0,False,True,3836,1918,0,0,3836,1918,9.765625e-05,96.58140181202532,-0.6903986755298371,-0.6903986755298371,-0.6903986755298371,False,-0.02540449512078265,9.765625e-05,False
trial,396,396,396,915.0628192879715,915.0628192879715,915.0628192879715,915.0628192879715,3836,1918,0,0,3836,1918,1522892,761446,479500.0,479500.0,250.0,False,True,3836,1918,0,0,3836,1918,4.8828125e-05,96.58140181202532,0.15984303364723174,0.15984303364723174,0.15984303364723174,False,-0.012727688345514842,4.8828125e-05,True
trial,397,397,396,915.0826131671627,915.0826131671627,915.0628192879715,915.0628192879715,3836,1918,0,0,3836,1918,1526728,763364,479500.0,479500.0,250.0,False,True,3836,1918,0,0,3836,1918,9.765625e-05,80.77592612439611,-0.8574944208176749,-0.8574944208176749,-0.8574944208176749,False,-0.02308339122755935,9.765625e-05,False
trial,398,398,398,915.0619267334343,915.0619267334343,915.0619267334343,915.0619267334343,3836,1918,0,0,3836,1918,1530564,765282,479500.0,479500.0,250.0,False,True,3836,1918,0,0,3836,1918,4.8828125e-05,80.77592612439611,0.07720841030179013,0.07720841030179013,0.07720841030179013,False,-0.011560327866386905,4.8828125e-05,True
trial,399,399,398,915.079448021466,915.079448021466,915.0619267334343,915.0619267334343,3836,1918,0,0,3836,1918,1534400,767200,479500.0,479500.0,250.0,False,True,3836,1918,0,0,3836,1918,9.765625e-05,96.56626631296683,-0.6908812621574285,-0.6908812621574285,-0.6908812621574285,False,-0.025360780486219307,9.765625e-05,False
trial,400,400,400,915.0599083279333,915.0599083279333,915.0599083279333,915.0599083279333,3836,1918,0,0,3836,1918,1538236,769118,479500.0,479500.0,250.0,False,True,3836,1918,0,0,3836,1918,4.8828125e-05,96.56626631296683,0.1588715722131869,0.1588715722131869,0.1588715722131869,False,-0.012704636033735738,4.8828125e-05,True
trial,401,401,400,915.0797391026473,915.0797391026473,915.0599083279333,915.0599083279333,3836,1918,0,0,3836,1918,1542072,771036,479500.0,479500.0,250.0,False,True,3836,1918,0,0,3836,1918,9.765625e-05,80.67532883066067,-0.8597656169384815,-0.8597656169384815,-0.8597656169384815,False,-0.023065326553344055,9.765625e-05,False
trial,402,402,402,915.0590310943206,915.0590310943206,915.0590310943206,915.0590310943206,3836,1918,0,0,3836,1918,1545908,772954,479500.0,479500.0,250.0,False,True,3836,1918,0,0,3836,1918,4.8828125e-05,80.67532883066067,0.07594666865370102,0.07594666865370102,0.07594666865370102,False,-0.011550652954130585,4.8828125e-05,True
trial,403,403,402,915.0765949315767,915.0765949315767,915.0590310943206,915.0590310943206,3836,1918,0,0,3836,1918,1549744,774872,479500.0,479500.0,250.0,False,True,3836,1918,0,0,3836,1918,9.765625e-05,96.61674617036535,-0.6930394545804393,-0.6930394545804393,-0.6930394545804393,False,-0.025343199640296507,9.765625e-05,False
trial,404,404,404,915.057018306431,915.057018306431,915.057018306431,915.057018306431,3836,1918,0,0,3836,1918,1553580,776790,479500.0,479500.0,250.0,False,True,3836,1918,0,0,3836,1918,4.8828125e-05,96.61674617036535,0.15848138985820542,0.15848138985820542,0.15848138985820542,False,-0.012700468436153654,4.8828125e-05,True
trial,405,405,404,915.0768817649216,915.0768817649216,915.057018306431,915.057018306431,3836,1918,0,0,3836,1918,1557416,778708,479500.0,479500.0,250.0,False,True,3836,1918,0,0,3836,1918,9.765625e-05,80.66465711883176,-0.8623951605854885,-0.8623951605854885,-0.8623951605854885,False,-0.023032896517073277,9.765625e-05,False
trial,406,406,406,915.0561516752251,915.0561516752251,915.0561516752251,915.0561516752251,3836,1918,0,0,3836,1918,1561252,780626,479500.0,479500.0,250.0,False,True,3836,1918,0,0,3836,1918,4.8828125e-05,80.66465711883176,0.07510157710457445,0.07510157710457445,0.07510157710457445,False,-0.011539454154047748,4.8828125e-05,True
trial,407,407,406,915.073760751595,915.073760751595,915.0561516752251,915.0561516752251,3836,1918,0,0,3836,1918,1565088,782544,479500.0,479500.0,250.0,False,True,3836,1918,0,0,3836,1918,9.765625e-05,96.58717765131817,-0.6948248039092073,-0.6948248039092073,-0.6948248039092073,False,-0.025343189061257414,9.765625e-05,False
trial,408,408,408,915.0541571490896,915.0541571490896,915.0541571490896,915.0541571490896,3836,1918,0,0,3836,1918,1568924,784462,479500.0,479500.0,250.0,False,True,3836,1918,0,0,3836,1918,4.8828125e-05,96.58717765131817,0.1571419743057064,0.1571419743057064,0.1571419743057064,False,-0.012692510351246944,4.8828125e-05,True
trial,409,409,408,915.0740509048766,915.0740509048766,915.0541571490896,915.0541571490896,3836,1918,0,0,3836,1918,1572760,786380,479500.0,479500.0,250.0,False,True,3836,1918,0,0,3836,1918,9.765625e-05,80.72375579959444,-0.863417213158169,-0.863417213158169,-0.863417213158169,False,-0.023040721778260633,9.765625e-05,False
trial,410,410,410,915.0532953539396,915.0532953539396,915.0532953539396,915.0532953539396,3836,1918,0,0,3836,1918,1576596,788298,479500.0,479500.0,250.0,False,True,3836,1918,0,0,3836,1918,4.8828125e-05,80.72375579959444,0.07464210872130686,0.07464210872130686,0.07464210872130686,False,-0.011545696722957662,4.8828125e-05,True
trial,411,411,410,915.0708897451151,915.0708897451151,915.0532953539396,915.0532953539396,3836,1918,0,0,3836,1918,1580432,790216,479500.0,479500.0,250.0,False,True,3836,1918,0,0,3836,1918,9.765625e-05,96.55859627511643,-0.6944794350460574,-0.6944794350460574,-0.6944794350460574,False,-0.02533464676942428,9.765625e-05,False
trial,412,412,412,915.0513029320366,915.0513029320366,915.0513029320366,915.0513029320366,3836,1918,0,0,3836,1918,1584268,792134,479500.0,479500.0,250.0,False,True,3836,1918,0,0,3836,1918,4.8828125e-05,96.55859627511643,0.1570040849575018,0.1570040849575018,0.1570040849575018,False,-0.012690255183540687,4.8828125e-05,True
trial,413,413,412,915.0712199645322,915.0712199645322,915.0513029320366,915.0513029320366,3836,1918,0,0,3836,1918,1588104,794052,479500.0,479500.0,250.0,False,True,3836,1918,0,0,3836,1918,9.765625e-05,80.75215176276755,-0.8651702376995343,-0.8651702376995343,-0.8651702376995343,False,-0.023020940420465846,9.765625e-05,False
trial,414,414,414,915.0504591486908,915.0504591486908,915.0504591486908,915.0504591486908,3836,1918,0,0,3836,1918,1591940,795970,479500.0,479500.0,250.0,False,True,3836,1918,0,0,3836,1918,4.8828125e-05,80.75215176276755,0.07321390605535684,0.07321390605535684,0.07321390605535684,False,-0.011524905461729787,4.8828125e-05,True
trial,415,415,414,915.0681046126927,915.0681046126927,915.0504591486908,915.0504591486908,3836,1918,0,0,3836,1918,1595776,797888,479500.0,479500.0,250.0,False,True,3836,1918,0,0,3836,1918,9.765625e-05,96.52863351285988,-0.6968766257930522,-0.6968766257930522,-0.6968766257930522,False,-0.025320786131599306,9.765625e-05,False
trial,416,416,416,915.0484728223835,915.0484728223835,915.0484728223835,915.0484728223835,3836,1918,0,0,3836,1918,1599612,799806,479500.0,479500.0,250.0,False,True,3836,1918,0,0,3836,1918,4.8828125e-05,96.52863351285988,0.15660372720975874,0.15660372720975874,0.15660372720975874,False,-0.012683774152448838,4.8828125e-05,True
trial,417,417,416,915.068363506355,915.068363506355,915.0484728223835,915.0484728223835,3836,1918,0,0,3836,1918,1603448,801724,479500.0,479500.0,250.0,False,True,3836,1918,0,0,3836,1918,9.765625e-05,80.75485812369632,-0.8649445679690321,-0.8649445679690321,-0.8649445679690321,False,-0.022996484061683014,9.765625e-05,False
trial,418,418,418,915.0476431137298,915.0476431137298,915.0476431137298,915.0476431137298,3836,1918,0,0,3836,1918,1607284,803642,479500.0,479500.0,250.0,False,True,3836,1918,0,0,3836,1918,4.8828125e-05,80.75485812369632,0.07206548434884118,0.07206548434884118,0.07206548434884118,False,-0.011513259935259779,4.8828125e-05,True
trial,419,419,418,915.065285907192,915.065285907192,915.0476431137298,915.0476431137298,3836,1918,0,0,3836,1918,1611120,805560,479500.0,479500.0,250.0,False,True,3836,1918,0,0,3836,1918,9.765625e-05,96.52625786441295,-0.6970113126105622,-0.6970113126105622,-0.6970113126105622,False,-0.025312061860385437,9.765625e-05,False
trial,420,420,420,915.0456606335254,915.0456606335254,915.0456606335254,915.0456606335254,3836,1918,0,0,3836,1918,1614956,807478,479500.0,479500.0,250.0,False,True,3836,1918,0,0,3836,1918,4.8828125e-05,96.52625786441295,0.15633748836769465,0.15633748836769465,0.15633748836769465,False,-0.01268077301961094,4.8828125e-05,True
trial,421,421,420,915.0655646849846,915.0655646849846,915.0456606335254,915.0456606335254,3836,1918,0,0,3836,1918,1618792,809396,479500.0,479500.0,250.0,False,True,3836,1918,0,0,3836,1918,9.765625e-05,80.75626172162133,-0.866089014695991,-0.866089014695991,-0.866089014695991,False,-0.02298153090672052,9.765625e-05,False
trial,422,422,422,915.0448193422646,915.0448193422646,915.0448193422646,915.0448193422646,3836,1918,0,0,3836,1918,1622628,811314,479500.0,479500.0,250.0,False,True,3836,1918,0,0,3836,1918,4.8828125e-05,80.75626172162133,0.07307278006833917,0.07307278006833917,0.07307278006833917,False,-0.01151305944465173,4.8828125e-05,True
trial,423,423,422,915.0624614580663,915.0624614580663,915.0448193422646,915.0448193422646,3836,1918,0,0,3836,1918,1626464,813232,479500.0,479500.0,250.0,False,True,3836,1918,0,0,3836,1918,9.765625e-05,96.52114794169587,-0.6982809473893937,-0.6982809473893937,-0.6982809473893937,False,-0.025265068261737477,9.765625e-05,False
trial,424,424,424,915.0428493400238,915.0428493400238,915.0428493400238,915.0428493400238,3836,1918,0,0,3836,1918,1630300,815150,479500.0,479500.0,250.0,False,True,3836,1918,0,0,3836,1918,4.8828125e-05,96.52114794169587,0.15561267777053867,0.15561267777053867,0.15561267777053867,False,-0.012659651315177038,4.8828125e-05,True
trial,425,425,424,915.0628273782205,915.0628273782205,915.0428493400238,915.0428493400238,3836,1918,0,0,3836,1918,1634136,817068,479500.0,479500.0,250.0,False,True,3836,1918,0,0,3836,1918,9.765625e-05,80.64716589207657,-0.8698366607451962,-0.8698366607451962,-0.8698366607451962,False,-0.022967574371422137,9.765625e-05,False
trial,426,426,426,915.0420289125263,915.0420289125263,915.0420289125263,915.0420289125263,3836,1918,0,0,3836,1918,1637972,818986,479500.0,479500.0,250.0,False,True,3836,1918,0,0,3836,1918,4.8828125e-05,80.64716589207657,0.0713227082276107,0.0713227082276107,0.0713227082276107,False,-0.011503033436184557,4.8828125e-05,True
trial,427,427,426,915.0597148824088,915.0597148824088,915.0420289125263,915.0420289125263,3836,1918,0,0,3836,1918,1641808,820904,479500.0,479500.0,250.0,False,True,3836,1918,0,0,3836,1918,9.765625e-05,96.48056810650942,-0.6995514087708034,-0.6995514087708034,-0.6995514087708034,False,-0.025281873012773248,9.765625e-05,False
trial,428,428,428,915.0400634074463,915.0400634074463,915.0400634074463,915.0400634074463,3836,1918,0,0,3836,1918,1645644,822822,479500.0,479500.0,250.0,False,True,3836,1918,0,0,3836,1918,4.8828125e-05,96.48056810650942,0.15520145002061775,0.15520145002061775,0.15520145002061775,False,-0.012664218535446692,4.8828125e-05,True
trial,429,429,428,915.0600433170173,915.0600433170173,915.0400634074463,915.0400634074463,3836,1918,0,0,3836,1918,1649480,824740,479500.0,479500.0,250.0,False,True,3836,1918,0,0,3836,1918,9.765625e-05,80.75997995825375,-0.8701329208804937,-0.8701329208804937,-0.8701329208804937,False,-0.022961905119970243,9.765625e-05,False
trial,430,430,430,915.0392475211893,915.0392475211893,915.0392475211893,915.0392475211893,3836,1918,0,0,3836,1918,1653316,826658,479500.0,479500.0,250.0,False,True,3836,1918,0,0,3836,1918,4.8828125e-05,80.75997995825375,0.070939662253743,0.070939662253743,0.070939662253743,False,-0.011501129707508481,4.8828125e-05,True
trial,431,431,430,915.0569405680783,915.0569405680783,915.0392475211893,915.0392475211893,3836,1918,0,0,3836,1918,1657152,828576,479500.0,479500.0,250.0,False,True,3836,1918,0,0,3836,1918,9.765625e-05,96.46456269336444,-0.7000205721581512,-0.7000205721581512,-0.7000205721581512,False,-0.025275038467027323,9.765625e-05,False
trial,432,432,432,915.0372833465667,915.0372833465667,915.0372833465667,915.0372833465667,3836,1918,0,0,3836,1918,1660988,830494,479500.0,479500.0,250.0,False,True,3836,1918,0,0,3836,1918,4.8828125e-05,96.46456269336444,0.15510177841412878,0.15510177841412878,0.15510177841412878,False,-0.012663778859628258,4.8828125e-05,True
trial,433,433,432,915.057270873055,915.057270873055,915.0372833465667,915.0372833465667,3836,1918,0,0,3836,1918,1664824,832412,479500.0,479500.0,250.0,False,True,3836,1918,0,0,3836,1918,9.765625e-05,80.74616963483439,-0.8708644494832372,-0.8708644494832372,-0.8708644494832372,False,-0.022951363441426512,9.765625e-05,False
trial,434,434,434,915.0364742871836,915.0364742871836,915.0364742871836,915.0364742871836,3836,1918,0,0,3836,1918,1668660,834330,479500.0,479500.0,250.0,False,True,3836,1918,0,0,3836,1918,4.8828125e-05,80.74616963483439,0.07038523265563046,0.07038523265563046,0.07038523265563046,False,-0.011494731956508528,4.8828125e-05,True
trial,435,435,434,915.0541236521981,915.0541236521981,915.0364742871836,915.0364742871836,3836,1918,0,0,3836,1918,1672496,836248,479500.0,479500.0,250.0,False,True,3836,1918,0,0,3836,1918,9.765625e-05,96.45726163089651,-0.6989073517255924,-0.6989073517255924,-0.6989073517255924,False,-0.025252796341136384,9.765625e-05,False
trial,436,436,436,915.034515596132,915.034515596132,915.034515596132,915.034515596132,3836,1918,0,0,3836,1918,1676332,838166,479500.0,479500.0,250.0,False,True,3836,1918,0,0,3836,1918,4.8828125e-05,96.45726163089651,0.15471423756369218,0.15471423756369218,0.15471423756369218,False,-0.01266005690545823,4.8828125e-05,True
trial,437,437,436,915.0545322949795,915.0545322949795,915.034515596132,915.034515596132,3836,1918,0,0,3836,1918,1680168,840084,479500.0,479500.0,250.0,False,True,3836,1918,0,0,3836,1918,9.765625e-05,80.7554429129958,-0.8729599266304938,-0.8729599266304938,-0.8729599266304938,False,-0.022929688106928952,9.765625e-05,False
trial,438,438,438,915.0337109586917,915.0337109586917,915.0337109586917,915.0337109586917,3836,1918,0,0,3836,1918,1684004,842002,479500.0,479500.0,250.0,False,True,3836,1918,0,0,3836,1918,4.8828125e-05,80.7554429129958,0.07001919574680061,0.07001919574680061,0.07001919574680061,False,-0.011491669273184135,4.8828125e-05,True
trial,439,439,438,915.0514186051382,915.0514186051382,915.0337109586917,915.0337109586917,3836,1918,0,0,3836,1918,1687840,843920,479500.0,479500.0,250.0,False,True,3836,1918,0,0,3836,1918,9.765625e-05,96.4712203420933,-0.7011980583738426,-0.7011980583738426,-0.7011980583738426,False,-0.02525341625672849,9.765625e-05,False
trial,440,440,440,915.0317504441086,915.0317504441086,915.0317504441086,915.0317504441086,3836,1918,0,0,3836,1918,1691676,845838,479500.0,479500.0,250.0,False,True,3836,1918,0,0,3836,1918,4.8828125e-05,96.4712203420933,0.15500812906933467,0.15500812906933467,0.15500812906933467,False,-0.012647817858533602,4.8828125e-05,True
trial,441,441,440,915.0517925838531,915.0517925838531,915.0317504441086,915.0317504441086,3836,1918,0,0,3836,1918,1695512,847756,479500.0,479500.0,250.0,False,True,3836,1918,0,0,3836,1918,9.765625e-05,81.27777903966732,-0.8758255196894736,-0.8758255196894736,-0.8758255196894736,False,-0.022883712901543236,9.765625e-05,False
trial,442,442,442,915.030960930075,915.030960930075,915.030960930075,915.030960930075,3836,1918,0,0,3836,1918,1699348,849674,479500.0,479500.0,250.0,False,True,3836,1918,0,0,3836,1918,4.8828125e-05,81.27777903966732,0.06882303738771298,0.06882303738771298,0.06882303738771298,False,-0.01147165344019111,4.8828125e-05,True
trial,443,443,442,915.048664013211,915.048664013211,915.030960930075,915.030960930075,3836,1918,0,0,3836,1918,1703184,851592,479500.0,479500.0,250.0,False,True,3836,1918,0,0,3836,1918,9.765625e-05,96.43049101127342,-0.7005770818632204,-0.7005770818632204,-0.7005770818632204,False,-0.025269286698477333,9.765625e-05,False
trial,444,444,444,915.0290048840391,915.0290048840391,915.0290048840391,915.0290048840391,3836,1918,0,0,3836,1918,1707020,853510,479500.0,479500.0,250.0,False,True,3836,1918,0,0,3836,1918,4.8828125e-05,96.43049101127342,0.154559735827541,0.154559735827541,0.154559735827541,False,-0.012655598985622536,4.8828125e-05,True
trial,445,445,444,915.0490585954567,915.0490585954567,915.0290048840391,915.0290048840391,3836,1918,0,0,3836,1918,1710856,855428,479500.0,479500.0,250.0,False,True,3836,1918,0,0,3836,1918,9.765625e-05,80.7145343562908,-0.8762593272397927,-0.8762593272397927,-0.8762593272397927,False,-0.022885589681310804,9.765625e-05,False
trial,446,446,446,915.0282325213602,915.0282325213602,915.0282325213602,915.0282325213602,3836,1918,0,0,3836,1918,1714692,857346,479500.0,479500.0,250.0,False,True,3836,1918,0,0,3836,1918,4.8828125e-05,80.7145343562908,0.06741695915222462,0.06741695915222462,0.06741695915222462,False,-0.01145650424696206,4.8828125e-05,True
trial,447,447,446,915.0459473244536,915.0459473244536,915.0282325213602,915.0282325213602,3836,1918,0,0,3836,1918,1718528,859264,479500.0,479500.0,250.0,False,True,3836,1918,0,0,3836,1918,9.765625e-05,96.44091177951653,-0.7013619862068877,-0.7013619862068877,-0.7013619862068877,False,-0.02525771775731972,9.765625e-05,False
trial,448,448,448,915.0262805706225,915.0262805706225,915.0262805706225,915.0262805706225,3836,1918,0,0,3836,1918,1722364,861182,479500.0,479500.0,250.0,False,True,3836,1918,0,0,3836,1918,4.8828125e-05,96.44091177951653,0.1542824447337712,0.1542824447337712,0.1542824447337712,False,-0.012651800670623246,4.8828125e-05,True
trial,449,449,448,915.0463420917569,915.0463420917569,915.0262805706225,915.0262805706225,3836,1918,0,0,3836,1918,1726200,863100,479500.0,479500.0,250.0,False,True,3836,1918,0,0,3836,1918,9.765625e-05,80.71132492174276,-0.8765355317047469,-0.8765355317047469,-0.8765355317047469,False,-0.02288728797492461,9.765625e-05,False
trial,450,450,450,915.0255039441768,915.0255039441768,915.0255039441768,915.0255039441768,3836,1918,0,0,3836,1918,1730036,865018,479500.0,479500.0,250.0,False,True,3836,1918,0,0,3836,1918,4.8828125e-05,80.71132492174276,0.06776574800254587,0.06776574800254587,0.06776574800254587,False,-0.011460457068724663,4.8828125e-05,True
trial,451,451,450,915.0432280971336,915.0432280971336,915.0255039441768,915.0255039441768,3836,1918,0,0,3836,1918,1733872,866936,479500.0,479500.0,250.0,False,True,3836,1918,0,0,3836,1918,9.765625e-05,96.45015057849318,-0.7020742131234461,-0.7020742131234461,-0.7020742131234461,False,-0.02524541227338875,9.765625e-05,False
trial,452,452,452,915.023558787562,915.023558787562,915.023558787562,915.023558787562,3836,1918,0,0,3836,1918,1737708,868854,479500.0,479500.0,250.0,False,True,3836,1918,0,0,3836,1918,4.8828125e-05,96.45015057849318,0.15379421355174397,0.15379421355174397,0.15379421355174397,False,-0.012647788039721702,4.8828125e-05,True
trial,453,453,452,915.0436376422942,915.0436376422942,915.023558787562,915.023558787562,3836,1918,0,0,3836,1918,1741544,870772,479500.0,479500.0,250.0,False,True,3836,1918,0,0,3836,1918,9.765625e-05,80.74585236284888,-0.8776786421046943,-0.8776786421046943,-0.8776786421046943,False,-0.022877228371502207,9.765625e-05,False
trial,454,454,454,915.022791491896,915.022791491896,915.022791491896,915.022791491896,3836,1918,0,0,3836,1918,1745380,872690,479500.0,479500.0,250.0,False,True,3836,1918,0,0,3836,1918,4.8828125e-05,80.74585236284888,0.06698827583071412,0.06698827583071412,0.06698827583071412,False,-0.011454178459171,4.8828125e-05,True
trial,455,455,454,915.0404545011106,915.0404545011106,915.022791491896,915.022791491896,3836,1918,0,0,3836,1918,1749216,874608,479500.0,479500.0,250.0,False,True,3836,1918,0,0,3836,1918,9.765625e-05,96.51352915772614,-0.7006023864674454,-0.7006023864674454,-0.7006023864674454,False,-0.025211174777307797,9.765625e-05,False
trial,456,456,456,915.0208527071275,915.0208527071275,915.0208527071275,915.0208527071275,3836,1918,0,0,3836,1918,1753052,876526,479500.0,479500.0,250.0,False,True,3836,1918,0,0,3836,1918,4.8828125e-05,96.51352915772614,0.15337609017187606,0.15337609017187606,0.15337609017187606,False,-0.01264072363791491,4.8828125e-05,True
trial,457,457,456,915.0408805354789,915.0408805354789,915.0208527071275,915.0208527071275,3836,1918,0,0,3836,1918,1756888,878444,479500.0,479500.0,250.0,False,True,3836,1918,0,0,3836,1918,9.765625e-05,80.68622187414599,-0.8759071067291275,-0.8759071067291275,-0.8759071067291275,False,-0.022865242441313317,9.765625e-05,False
trial,458,458,458,915.0200720612995,915.0200720612995,915.0200720612995,915.0200720612995,3836,1918,0,0,3836,1918,1760724,880362,479500.0,479500.0,250.0,False,True,3836,1918,0,0,3836,1918,4.8828125e-05,80.68622187414599,0.06813154936175174,0.06813154936175174,0.06813154936175174,False,-0.011457919792778513,4.8828125e-05,True
trial,459,459,458,915.0378294046097,915.0378294046097,915.0200720612995,915.0200720612995,3836,1918,0,0,3836,1918,1764560,882280,479500.0,479500.0,250.0,False,True,3836,1918,0,0,3836,1918,9.765625e-05,96.56900786939828,-0.7050966244994954,-0.7050966244994954,-0.7050966244994954,False,-0.025184269351491134,9.765625e-05,False
trial,460,460,460,915.0181449454574,915.0181449454574,915.0181449454574,915.0181449454574,3836,1918,0,0,3836,1918,1768396,884198,479500.0,479500.0,250.0,False,True,3836,1918,0,0,3836,1918,4.8828125e-05,96.56900786939828,0.1526962832270286,0.1526962832270286,0.1526962832270286,False,-0.012620581204788626,4.8828125e-05,True
trial,461,461,460,915.0381791523843,915.0381791523843,915.0181449454574,915.0181449454574,3836,1918,0,0,3836,1918,1772232,886116,479500.0,479500.0,250.0,False,True,3836,1918,0,0,3836,1918,9.765625e-05,80.63052202740168,-0.8757993080083735,-0.8757993080083735,-0.8757993080083735,False,-0.022875339982214755,9.765625e-05,False
trial,462,462,462,915.017369240519,915.017369240519,915.017369240519,915.017369240519,3836,1918,0,0,3836,1918,1776068,888034,479500.0,479500.0,250.0,False,True,3836,1918,0,0,3836,1918,4.8828125e-05,80.63052202740168,0.06772311228775045,0.06772311228775045,0.06772311228775045,False,-0.011454065121955482,4.8828125e-05,True
trial,463,463,462,915.0351297081359,915.0351297081359,915.017369240519,915.017369240519,3836,1918,0,0,3836,1918,1779904,889952,479500.0,479500.0,250.0,False,True,3836,1918,0,0,3836,1918,9.765625e-05,96.57237895890414,-0.7051456807646217,-0.7051456807646217,-0.7051456807646217,False,-0.025186948032671387,9.765625e-05,False
trial,464,464,464,915.0154502952518,915.0154502952518,915.0154502952518,915.0154502952518,3836,1918,0,0,3836,1918,1783740,891870,479500.0,479500.0,250.0,False,True,3836,1918,0,0,3836,1918,4.8828125e-05,96.57237895890414,0.15211172064108403,0.15211172064108403,0.15211172064108403,False,-0.012615367567556896,4.8828125e-05,True
trial,465,465,464,915.0354995177368,915.0354995177368,915.0154502952518,915.0154502952518,3836,1918,0,0,3836,1918,1787576,893788,479500.0,479500.0,250.0,False,True,3836,1918,0,0,3836,1918,9.765625e-05,80.59020910666008,-0.8769066624120585,-0.8769066624120585,-0.8769066624120585,False,-0.02286357641513549,9.765625e-05,False
trial,466,466,466,915.0146727104582,915.0146727104582,915.0146727104582,915.0146727104582,3836,1918,0,0,3836,1918,1791412,895706,479500.0,479500.0,250.0,False,True,3836,1918,0,0,3836,1918,4.8828125e-05,80.59020910666008,0.0678742290945373,0.0678742290945373,0.0678742290945373,False,-0.011456259672559452,4.8828125e-05,True
trial,467,467,466,915.0324283764496,915.0324283764496,915.0146727104582,915.0146727104582,3836,1918,0,0,3836,1918,1795248,897624,479500.0,479500.0,250.0,False,True,3836,1918,0,0,3836,1918,9.765625e-05,96.55706092403392,-0.704949303648987,-0.704949303648987,-0.704949303648987,False,-0.02518715303290153,9.765625e-05,False
trial,468,468,468,915.0127564787415,915.0127564787415,915.0127564787415,915.0127564787415,3836,1918,0,0,3836,1918,1799084,899542,479500.0,479500.0,250.0,False,True,3836,1918,0,0,3836,1918,4.8828125e-05,96.55706092403392,0.151940143930712,0.151940143930712,0.151940143930712,False,-0.012611753991435425,4.8828125e-05,True
trial,469,469,468,915.0328328843592,915.0328328843592,915.0127564787415,915.0127564787415,3836,1918,0,0,3836,1918,1802920,901460,479500.0,479500.0,250.0,False,True,3836,1918,0,0,3836,1918,9.765625e-05,80.65540484538533,-0.8773709875879875,-0.8773709875879875,-0.8773709875879875,False,-0.022882458961753147,9.765625e-05,False
trial,470,470,470,915.0119800622904,915.0119800622904,915.0119800622904,915.0119800622904,3836,1918,0,0,3836,1918,1806756,903378,479500.0,479500.0,250.0,False,True,3836,1918,0,0,3836,1918,4.8828125e-05,80.65540484538533,0.06772401255840146,0.06772401255840146,0.06772401255840146,False,-0.01146441892301815,4.8828125e-05,True
trial,471,471,470,915.0297774475388,915.0297774475388,915.0119800622904,915.0119800622904,3836,1918,0,0,3836,1918,1810592,905296,479500.0,479500.0,250.0,False,True,3836,1918,0,0,3836,1918,9.765625e-05,96.60714414646367,-0.7063892413665743,-0.7063892413665743,-0.7063892413665743,False,-0.025194870202113313,9.765625e-05,False
trial,472,472,472,915.0100622377656,915.0100622377656,915.0100622377656,915.0100622377656,3836,1918,0,0,3836,1918,1814428,907214,479500.0,479500.0,250.0,False,True,3836,1918,0,0,3836,1918,4.8828125e-05,96.60714414646367,0.15191155902669085,0.15191155902669085,0.15191155902669085,False,-0.012624612222010868,4.8828125e-05,True
trial,473,473,472,915.0301294691594,915.0301294691594,915.0100622377656,915.0100622377656,3836,1918,0,0,3836,1918,1818264,909132,479500.0,479500.0,250.0,False,True,3836,1918,0,0,3836,1918,9.765625e-05,80.57804117207537,-0.8765973177250566,-0.8765973177250566,-0.8765973177250566,False,-0.02289218890821406,9.765625e-05,False
trial,474,474,474,915.0092819317566,915.0092819317566,915.0092819317566,915.0092819317566,3836,1918,0,0,3836,1918,1822100,911050,479500.0,479500.0,250.0,False,True,3836,1918,0,0,3836,1918,4.8828125e-05,80.57804117207537,0.06804804601092346,0.06804804601092346,0.06804804601092346,False,-0.011466986265560253,4.8828125e-05,True
trial,475,475,474,915.0271056378265,915.0271056378265,915.0092819317566,915.0092819317566,3836,1918,0,0,3836,1918,1825936,912968,479500.0,479500.0,250.0,False,True,3836,1918,0,0,3836,1918,9.765625e-05,96.59106456630002,-0.7078382965098778,-0.7078382965098778,-0.7078382965098778,False,-0.025180477176418678,9.765625e-05,False
trial,476,476,476,915.0073751633304,915.0073751633304,915.0073751633304,915.0073751633304,3836,1918,0,0,3836,1918,1829772,914886,479500.0,479500.0,250.0,False,True,3836,1918,0,0,3836,1918,4.8828125e-05,96.59106456630002,0.15116805023373056,0.15116805023373056,0.15116805023373056,False,-0.012613567637407393,4.8828125e-05,True
trial,477,477,476,915.0274528894247,915.0274528894247,915.0073751633304,915.0073751633304,3836,1918,0,0,3836,1918,1833608,916804,479500.0,479500.0,250.0,False,True,3836,1918,0,0,3836,1918,9.765625e-05,80.57424791785905,-0.8776544449533941,-0.8776544449533941,-0.8776544449533941,False,-0.022876573131672927,9.765625e-05,False
trial,478,478,478,915.0066015503509,915.0066015503509,915.0066015503509,915.0066015503509,3836,1918,0,0,3836,1918,1837444,918722,479500.0,479500.0,250.0,False,True,3836,1918,0,0,3836,1918,4.8828125e-05,80.57424791785905,0.06748658960223176,0.06748658960223176,0.06748658960223176,False,-0.011463210455211002,4.8828125e-05,True
trial,479,479,478,915.0244020434809,915.0244020434809,915.0066015503509,915.0066015503509,3836,1918,0,0,3836,1918,1841280,920640,479500.0,479500.0,250.0,False,True,3836,1918,0,0,3836,1918,9.765625e-05,96.58461463225969,-0.7070066597196047,-0.7070066597196047,-0.7070066597196047,False,-0.025177263729168932,9.765625e-05,False
trial,480,480,480,915.004692190694,915.004692190694,915.004692190694,915.004692190694,3836,1918,0,0,3836,1918,1845116,922558,479500.0,479500.0,250.0,False,True,3836,1918,0,0,3836,1918,4.8828125e-05,96.58461463225969,0.15138233201738366,0.15138233201738366,0.15138233201738366,False,-0.01261283025212718,4.8828125e-05,True
trial,481,481,480,915.024713146075,915.024713146075,915.004692190694,915.004692190694,3836,1918,0,0,3836,1918,1848952,924476,479500.0,479500.0,250.0,False,True,3836,1918,0,0,3836,1918,9.765625e-05,80.60160047322303,-0.8756833242253708,-0.8756833242253708,-0.8756833242253708,False,-0.022863237002644476,9.765625e-05,False
trial,482,482,482,915.0039158276568,915.0039158276568,915.0039158276568,915.0039158276568,3836,1918,0,0,3836,1918,1852788,926394,479500.0,479500.0,250.0,False,True,3836,1918,0,0,3836,1918,4.8828125e-05,80.60160047322303,0.06771579709400632,0.06771579709400632,0.06771579709400632,False,-0.01146502102157578,4.8828125e-05,True
trial,483,483,482,915.0217344663688,915.0217344663688,915.0039158276568,915.0039158276568,3836,1918,0,0,3836,1918,1856624,928312,479500.0,479500.0,250.0,False,True,3836,1918,0,0,3836,1918,9.765625e-05,96.77460597381071,-0.7076402054605551,-0.7076402054605551,-0.7076402054605551,False,-0.02518036507043576,9.765625e-05,False
trial,484,484,484,915.0020051860654,915.0020051860654,915.0020051860654,915.0020051860654,3836,1918,0,0,3836,1918,1860460,930230,479500.0,479500.0,250.0,False,True,3836,1918,0,0,3836,1918,4.8828125e-05,96.77460597381071,0.15145652995417128,0.15145652995417128,0.15145652995417128,False,-0.012615115320362903,4.8828125e-05,True
trial,485,485,484,915.0220913063886,915.0220913063886,915.0020051860654,915.0020051860654,3836,1918,0,0,3836,1918,1864296,932148,479500.0,479500.0,250.0,False,True,3836,1918,0,0,3836,1918,9.765625e-05,80.74014717429873,-0.8781543729542448,-0.8781543729542448,-0.8781543729542448,False,-0.022873108580684372,9.765625e-05,False
trial,486,486,486,915.0012317877629,915.0012317877629,915.0012317877629,915.0012317877629,3836,1918,0,0,3836,1918,1868132,934066,479500.0,479500.0,250.0,False,True,3836,1918,0,0,3836,1918,4.8828125e-05,80.74014717429873,0.06748383907209803,0.06748383907209803,0.06748383907209803,False,-0.011460496514918756,4.8828125e-05,True
trial,487,487,486,915.0190139647441,915.0190139647441,915.0012317877629,915.0012317877629,3836,1918,0,0,3836,1918,1871968,935984,479500.0,479500.0,250.0,False,True,3836,1918,0,0,3836,1918,9.765625e-05,96.54864425522815,-0.706816412793268,-0.706816412793268,-0.706816412793268,False,-0.025158126862004367,9.765625e-05,False
trial,488,488,488,914.9993181625084,914.9993181625084,914.9993181625084,914.9993181625084,3836,1918,0,0,3836,1918,1875804,937902,479500.0,479500.0,250.0,False,True,3836,1918,0,0,3836,1918,4.8828125e-05,96.54864425522815,0.15173300360137817,0.15173300360137817,0.15173300360137817,False,-0.012611793143575824,4.8828125e-05,True
trial,489,489,488,915.01942066121,915.01942066121,914.9993181625084,914.9993181625084,3836,1918,0,0,3836,1918,1879640,939820,479500.0,479500.0,250.0,False,True,3836,1918,0,0,3836,1918,9.765625e-05,80.61299719899948,-0.8791457806683264,-0.8791457806683264,-0.8791457806683264,False,-0.022865944583511454,9.765625e-05,False
trial,490,490,490,914.998554576373,914.998554576373,914.998554576373,914.998554576373,3836,1918,0,0,3836,1918,1883476,941738,479500.0,479500.0,250.0,False,True,3836,1918,0,0,3836,1918,4.8828125e-05,80.61299719899948,0.06666587805988214,0.06666587805988214,0.06666587805988214,False,-0.011453927521617818,4.8828125e-05,True
trial,491,491,490,915.0163798480082,915.0163798480082,914.998554576373,914.998554576373,3836,1918,0,0,3836,1918,1887312,943656,479500.0,479500.0,250.0,False,True,3836,1918,0,0,3836,1918,9.765625e-05,96.58233079977575,-0.7083528747731888,-0.7083528747731888,-0.7083528747731888,False,-0.02516439513425006,9.765625e-05,False
trial,492,492,492,914.9966442488447,914.9966442488447,914.9966442488447,914.9966442488447,3836,1918,0,0,3836,1918,1891148,945574,479500.0,479500.0,250.0,False,True,3836,1918,0,0,3836,1918,4.8828125e-05,96.58233079977575,0.15140160366929872,0.15140160366929872,0.15140160366929872,False,-0.012617617527885682,4.8828125e-05,True
trial,493,493,492,915.0167563896982,915.0167563896982,914.9966442488447,914.9966442488447,3836,1918,0,0,3836,1918,1894984,947492,479500.0,479500.0,250.0,False,True,3836,1918,0,0,3836,1918,9.765625e-05,80.620743327022,-0.8794369129216424,-0.8794369129216424,-0.8794369129216424,False,-0.022869338957661592,9.765625e-05,False
trial,494,494,494,914.9958786533002,914.9958786533002,914.9958786533002,914.9958786533002,3836,1918,0,0,3836,1918,1898820,949410,479500.0,479500.0,250.0,False,True,3836,1918,0,0,3836,1918,4.8828125e-05,80.620743327022,0.06683175326182197,0.06683175326182197,0.06683175326182197,False,-0.011455565762614119,4.8828125e-05,True
trial,495,495,494,915.0136800312255,915.0136800312255,914.9958786533002,914.9958786533002,3836,1918,0,0,3836,1918,1902656,951328,479500.0,479500.0,250.0,False,True,3836,1918,0,0,3836,1918,9.765625e-05,96.589460181218,-0.7071496874774844,-0.7071496874774844,-0.7071496874774844,False,-0.025173422601306283,9.765625e-05,False
trial,496,496,496,914.9939736798065,914.9939736798065,914.9939736798065,914.9939736798065,3836,1918,0,0,3836,1918,1906492,953246,479500.0,479500.0,250.0,False,True,3836,1918,0,0,3836,1918,4.8828125e-05,96.589460181218,0.151023587674312,0.151023587674312,0.151023587674312,False,-0.012613748111145587,4.8828125e-05,True
trial,497,497,496,915.0140820264576,915.0140820264576,914.9939736798065,914.9939736798065,3836,1918,0,0,3836,1918,1910328,955164,479500.0,479500.0,250.0,False,True,3836,1918,0,0,3836,1918,9.765625e-05,80.5799254258378,-0.8792043763909709,-0.8792043763909709,-0.8792043763909709,False,-0.022871072063649148,9.765625e-05,False
trial,498,498,498,914.9932088696203,914.9932088696203,914.9932088696203,914.9932088696203,3836,1918,0,0,3836,1918,1914164,957082,479500.0,479500.0,250.0,False,True,3836,1918,0,0,3836,1918,4.8828125e-05,80.5799254258378,0.0667532827595754,0.0667532827595754,0.0667532827595754,False,-0.011457267037156046,4.8828125e-05,True
trial,499,499,498,915.0110300860721,915.0110300860721,914.9932088696203,914.9932088696203,3836,1918,0,0,3836,1918,1918000,959000,479500.0,479500.0,250.0,False,True,3836,1918,0,0,3836,1918,9.765625e-05,96.58828227726556,-0.7078157441386665,-0.7078157441386665,-0.7078157441386665,False,-0.025177762149800272,9.765625e-05,False
trial,500,500,500,914.991307195726,914.991307195726,914.991307195726,914.991307195726,3836,1918,0,0,3836,1918,1921836,960918,479500.0,479500.0,250.0,False,True,3836,1918,0,0,3836,1918,4.8828125e-05,96.58828227726556,0.15080475674373447,0.15080475674373447,0.15080475674373447,False,-0.012610171823111173,4.8828125e-05,True
trial,501,501,500,915.0114228743846,915.0114228743846,914.991307195726,914.991307195726,3836,1918,0,0,3836,1918,1925672,962836,479500.0,479500.0,250.0,False,True,3836,1918,0,0,3836,1918,9.765625e-05,80.61855084456556,-0.8799857102531802,-0.8799857102531802,-0.8799857102531802,False,-0.0228590969424095,9.765625e-05,False
trial,502,502,502,914.9905423581192,914.9905423581192,914.9905423581192,914.9905423581192,3836,1918,0,0,3836,1918,1929508,964754,479500.0,479500.0,250.0,False,True,3836,1918,0,0,3836,1918,4.8828125e-05,80.61855084456556,0.06675829985169258,0.06675829985169258,0.06675829985169258,False,-0.011456816732383964,4.8828125e-05,True
trial,503,503,502,915.0083744341584,915.0083744341584,914.9905423581192,914.9905423581192,3836,1918,0,0,3836,1918,1933344,966672,479500.0,479500.0,250.0,False,True,3836,1918,0,0,3836,1918,9.765625e-05,96.58126079888252,-0.7085052867821885,-0.7085052867821885,-0.7085052867821885,False,-0.025168585714018192,9.765625e-05,False
trial,504,504,504,914.9886401462763,914.9886401462763,914.9886401462763,914.9886401462763,3836,1918,0,0,3836,1918,1937180,968590,479500.0,479500.0,250.0,False,True,3836,1918,0,0,3836,1918,4.8828125e-05,96.58126079888252,0.15083709770579692,0.15083709770579692,0.15083709770579692,False,-0.012611034498950026,4.8828125e-05,True
trial,505,505,504,915.0087466268751,915.0087466268751,914.9886401462763,914.9886401462763,3836,1918,0,0,3836,1918,1941016,970508,479500.0,479500.0,250.0,False,True,3836,1918,0,0,3836,1918,9.765625e-05,80.59377911170367,-0.8792160965608717,-0.8792160965608717,-0.8792160965608717,False,-0.02286864478188929,9.765625e-05,False
trial,506,506,506,914.9878743843989,914.9878743843989,914.9878743843989,914.9878743843989,3836,1918,0,0,3836,1918,1944852,972426,479500.0,479500.0,250.0,False,True,3836,1918,0,0,3836,1918,4.8828125e-05,80.59377911170367,0.0668497760313428,0.0668497760313428,0.0668497760313428,False,-0.011454965490102843,4.8828125e-05,True
trial,507,507,506,915.0057152723939,915.0057152723939,914.9878743843989,914.9878743843989,3836,1918,0,0,3836,1918,1948688,974344,479500.0,479500.0,250.0,False,True,3836,1918,0,0,3836,1918,9.765625e-05,96.62726210550277,-0.7089475164046561,-0.7089475164046561,-0.7089475164046561,False,-0.025165315601215602,9.765625e-05,False
trial,508,508,508,914.9859790261249,914.9859790261249,914.9859790261249,914.9859790261249,3836,1918,0,0,3836,1918,1952524,976262,479500.0,479500.0,250.0,False,True,3836,1918,0,0,3836,1918,4.8828125e-05,96.62726210550277,0.1503802700750504,0.1503802700750504,0.1503802700750504,False,-0.012603769583572802,4.8828125e-05,True
trial,509,509,508,915.0060862407361,915.0060862407361,914.9859790261249,914.9859790261249,3836,1918,0,0,3836,1918,1956360,978180,479500.0,479500.0,250.0,False,True,3836,1918,0,0,3836,1918,9.765625e-05,80.6254609145513,-0.8794302611919954,-0.8794302611919954,-0.8794302611919954,False,-0.022863910304697043,9.765625e-05,False
trial,510,510,510,914.9852144804912,914.9852144804912,914.9852144804912,914.9852144804912,3836,1918,0,0,3836,1918,1960196,980098,479500.0,479500.0,250.0,False,True,3836,1918,0,0,3836,1918,4.8828125e-05,80.6254609145513,0.06672028948448605,0.06672028948448605,0.06672028948448605,False,-0.0114589675739702,4.8828125e-05,True
trial,511,511,510,915.0030714869006,915.0030714869006,914.9852144804912,914.9852144804912,3836,1918,0,0,3836,1918,1964032,982016,479500.0,479500.0,250.0,False,True,3836,1918,0,0,3836,1918,9.765625e-05,96.58049183030559,-0.7099436600034105,-0.7099436600034105,-0.7099436600034105,False,-0.02515270917312812,9.765625e-05,False
trial,512,512,512,914.983315807279,914.983315807279,914.983315807279,914.983315807279,3836,1918,0,0,3836,1918,1967868,983934,479500.0,479500.0,250.0,False,True,3836,1918,0,0,3836,1918,4.8828125e-05,96.58049183030559,0.15058934873605126,0.15058934873605126,0.15058934873605126,False,-0.012608283574527332,4.8828125e-05,True
trial,513,513,512,915.0034389155478,915.0034389155478,914.983315807279,914.983315807279,3836,1918,0,0,3836,1918,1971704,985852,479500.0,479500.0,250.0,False,True,3836,1918,0,0,3836,1918,9.765625e-05,80.6492992963296,-0.8798946328816865,-0.8798946328816865,-0.8798946328816865,False,-0.02286990682379643,9.765625e-05,False
trial,514,514,514,914.9825563178216,914.9825563178216,914.9825563178216,914.9825563178216,3836,1918,0,0,3836,1918,1975540,987770,479500.0,479500.0,250.0,False,True,3836,1918,0,0,3836,1918,4.8828125e-05,80.6492992963296,0.06632885881200548,0.06632885881200548,0.06632885881200548,False,-0.011450362195878609,4.8828125e-05,True
trial,515,515,514,915.000371782709,915.000371782709,914.9825563178216,914.9825563178216,3836,1918,0,0,3836,1918,1979376,989688,479500.0,479500.0,250.0,False,True,3836,1918,0,0,3836,1918,9.765625e-05,96.57448644417313,-0.7086528284033934,-0.7086528284033934,-0.7086528284033934,False,-0.025139905145778213,9.765625e-05,False
trial,516,516,516,914.9806586124885,914.9806586124885,914.9806586124885,914.9806586124885,3836,1918,0,0,3836,1918,1983212,991606,479500.0,479500.0,250.0,False,True,3836,1918,0,0,3836,1918,4.8828125e-05,96.57448644417313,0.150605624305557,0.150605624305557,0.150605624305557,False,-0.012600494449565321,4.8828125e-05,True
trial,517,517,516,915.0007963919,915.0007963919,914.9806586124885,914.9806586124885,3836,1918,0,0,3836,1918,1987048,993524,479500.0,479500.0,250.0,False,True,3836,1918,0,0,3836,1918,9.765625e-05,80.657598314619,-0.8810927218108839,-0.8810927218108839,-0.8810927218108839,False,-0.022855459945459143,9.765625e-05,False
trial,518,518,518,914.9799011909081,914.9799011909081,914.9799011909081,914.9799011909081,3836,1918,0,0,3836,1918,1990884,995442,479500.0,479500.0,250.0,False,True,3836,1918,0,0,3836,1918,4.8828125e-05,80.657598314619,0.06613813113003199,0.06613813113003199,0.06613813113003199,False,-0.011452116463423243,4.8828125e-05,True
trial,519,519,518,914.9977417467832,914.9977417467832,914.9799011909081,914.9799011909081,3836,1918,0,0,3836,1918,1994720,997360,479500.0,479500.0,250.0,False,True,3836,1918,0,0,3836,1918,9.765625e-05,96.50354524949553,-0.7088557800126921,-0.7088557800126921,-0.7088557800126921,False,-0.02516810383453294,9.765625e-05,False
trial,520,520,520,914.9780079754432,914.9780079754432,914.9780079754432,914.9780079754432,3836,1918,0,0,3836,1918,1998556,999278,479500.0,479500.0,250.0,False,True,3836,1918,0,0,3836,1918,4.8828125e-05,96.50354524949553,0.15018231300591434,0.15018231300591434,0.15018231300591434,False,-0.012606114707971171,4.8828125e-05,True
trial,521,521,520,914.9981431072326,914.9981431072326,914.9780079754432,914.9780079754432,3836,1918,0,0,3836,1918,2002392,1001196,479500.0,479500.0,250.0,False,True,3836,1918,0,0,3836,1918,9.765625e-05,80.64893842567662,-0.8812207866443851,-0.8812207866443851,-0.8812207866443851,False,-0.022849133945279695,9.765625e-05,False
trial,522,522,522,914.9772480525126,914.9772480525126,914.9772480525126,914.9772480525126,3836,1918,0,0,3836,1918,2006228,1003114,479500.0,479500.0,250.0,False,True,3836,1918,0,0,3836,1918,4.8828125e-05,80.64893842567662,0.0663488125662915,0.0663488125662915,0.0663488125662915,False,-0.011453451859807152,4.8828125e-05,True
trial,523,523,522,914.9951124441111,914.9951124441111,914.9772480525126,914.9772480525126,3836,1918,0,0,3836,1918,2010064,1005032,479500.0,479500.0,250.0,False,True,3836,1918,0,0,3836,1918,9.765625e-05,96.62731737021986,-0.710190401935292,-0.710190401935292,-0.710190401935292,False,-0.02515436923657276,9.765625e-05,False
trial,524,524,524,914.9753573581113,914.9753573581113,914.9753573581113,914.9753573581113,3836,1918,0,0,3836,1918,2013900,1006950,479500.0,479500.0,250.0,False,True,3836,1918,0,0,3836,1918,4.8828125e-05,96.62731737021986,0.15004858564249723,0.15004858564249723,0.15004858564249723,False,-0.012600547970235144,4.8828125e-05,True
trial,525,525,524,914.9954869174562,914.9954869174562,914.9753573581113,914.9753573581113,3836,1918,0,0,3836,1918,2017736,1008868,479500.0,479500.0,250.0,False,True,3836,1918,0,0,3836,1918,9.765625e-05,80.65513032196553,-0.8806738260705834,-0.8806738260705834,-0.8806738260705834,False,-0.02285699739112013,9.765625e-05,False
trial,526,526,526,914.9745991932697,914.9745991932697,914.9745991932697,914.9745991932697,3836,1918,0,0,3836,1918,2021572,1010786,479500.0,479500.0,250.0,False,True,3836,1918,0,0,3836,1918,4.8828125e-05,80.65513032196553,0.06619237531001626,0.06619237531001626,0.06619237531001626,False,-0.011453960340033015,4.8828125e-05,True
trial,527,527,526,914.9924659382339,914.9924659382339,914.9745991932697,914.9745991932697,3836,1918,0,0,3836,1918,2025408,1012704,479500.0,479500.0,250.0,False,True,3836,1918,0,0,3836,1918,9.765625e-05,96.7247221321886,-0.7101064449183825,-0.7101064449183825,-0.7101064449183825,False,-0.025160657380365384,9.765625e-05,False
trial,528,528,528,914.9727060392488,914.9727060392488,914.9727060392488,914.9727060392488,3836,1918,0,0,3836,1918,2029244,1014622,479500.0,479500.0,250.0,False,True,3836,1918,0,0,3836,1918,4.8828125e-05,96.7247221321886,0.15018775509793986,0.15018775509793986,0.15018775509793986,False,-0.012605248807682807,4.8828125e-05,True
trial,529,529,528,914.9928282704461,914.9928282704461,914.9727060392488,914.9727060392488,3836,1918,0,0,3836,1918,2033080,1016540,479500.0,479500.0,250.0,False,True,3836,1918,0,0,3836,1918,9.765625e-05,80.67362645318248,-0.8802186290352029,-0.8802186290352029,-0.8802186290352029,False,-0.022860492306752748,9.765625e-05,False
trial,530,530,530,914.9719521653417,914.9719521653417,914.9719521653417,914.9719521653417,3836,1918,0,0,3836,1918,2036916,1018458,479500.0,479500.0,250.0,False,True,3836,1918,0,0,3836,1918,4.8828125e-05,80.67362645318248,0.06585994043447725,0.06585994043447725,0.06585994043447725,False,-0.011446622972049838,4.8828125e-05,True
trial,531,531,530,914.989811247749,914.989811247749,914.9719521653417,914.9719521653417,3836,1918,0,0,3836,1918,2040752,1020376,479500.0,479500.0,250.0,False,True,3836,1918,0,0,3836,1918,9.765625e-05,96.5882314275034,-0.7099191822115601,-0.7099191822115601,-0.7099191822115601,False,-0.025156500704316066,9.765625e-05,False
trial,532,532,532,914.9700632791091,914.9700632791091,914.9700632791091,914.9700632791091,3836,1918,0,0,3836,1918,2044588,1022294,479500.0,479500.0,250.0,False,True,3836,1918,0,0,3836,1918,4.8828125e-05,96.5882314275034,0.14991145053483604,0.14991145053483604,0.14991145053483604,False,-0.012600013046534806,4.8828125e-05,True
trial,533,533,532,914.9901923433437,914.9901923433437,914.9700632791091,914.9700632791091,3836,1918,0,0,3836,1918,2048424,1024212,479500.0,479500.0,250.0,False,True,3836,1918,0,0,3836,1918,9.765625e-05,80.63295594563482,-0.8804405774152257,-0.8804405774152257,-0.8804405774152257,False,-0.022862490383658594,9.765625e-05,False
trial,534,534,534,914.9693065562252,914.9693065562252,914.9693065562252,914.9693065562252,3836,1918,0,0,3836,1918,2052260,1026130,479500.0,479500.0,250.0,False,True,3836,1918,0,0,3836,1918,4.8828125e-05,80.63295594563482,0.06606487442345849,0.06606487442345849,0.06606487442345849,False,-0.011454239344652454,4.8828125e-05,True
trial,535,535,534,914.9871697208584,914.9871697208584,914.9693065562252,914.9693065562252,3836,1918,0,0,3836,1918,2056096,1028048,479500.0,479500.0,250.0,False,True,3836,1918,0,0,3836,1918,9.765625e-05,96.65130544140155,-0.710156688884802,-0.710156688884802,-0.710156688884802,False,-0.025153835643359306,9.765625e-05,False
trial,536,536,536,914.9674200838597,914.9674200838597,914.9674200838597,914.9674200838597,3836,1918,0,0,3836,1918,2059932,1029966,479500.0,479500.0,250.0,False,True,3836,1918,0,0,3836,1918,4.8828125e-05,96.65130544140155,0.14972477625978886,0.14972477625978886,0.14972477625978886,False,-0.012599600498007985,4.8828125e-05,True
trial,537,537,536,914.9875578879072,914.9875578879072,914.9674200838597,914.9674200838597,3836,1918,0,0,3836,1918,2063768,1031884,479500.0,479500.0,250.0,False,True,3836,1918,0,0,3836,1918,9.765625e-05,80.69653226207086,-0.8812596302743161,-0.8812596302743161,-0.8812596302743161,False,-0.022851159131450884,9.765625e-05,False
trial,538,538,538,914.9666623120194,914.9666623120194,914.9666623120194,914.9666623120194,3836,1918,0,0,3836,1918,2067604,1033802,479500.0,479500.0,250.0,False,True,3836,1918,0,0,3836,1918,4.8828125e-05,80.69653226207086,0.06616258151000184,0.06616258151000184,0.06616258151000184,False,-0.011453178262068237,4.8828125e-05,True
trial,539,539,538,914.984480887465,914.984480887465,914.9666623120194,914.9666623120194,3836,1918,0,0,3836,1918,2071440,1035720,479500.0,479500.0,250.0,False,True,3836,1918,0,0,3836,1918,9.765625e-05,96.64945780054765,-0.7086152837128182,-0.7086152837128182,-0.7086152837128182,False,-0.02514562676699502,9.765625e-05,False
trial,540,540,540,914.9647703278818,914.9647703278818,914.9647703278818,914.9647703278818,3836,1918,0,0,3836,1918,2075276,1037638,479500.0,479500.0,250.0,False,True,3836,1918,0,0,3836,1918,4.8828125e-05,96.64945780054765,0.1502270949920642,0.1502270949920642,0.1502270949920642,False,-0.012594160445654258,4.8828125e-05,True
trial,541,541,540,914.9849013116461,914.9849013116461,914.9647703278818,914.9647703278818,3836,1918,0,0,3836,1918,2079112,1039556,479500.0,479500.0,250.0,False,True,3836,1918,0,0,3836,1918,9.765625e-05,80.68521592500102,-0.881988880775782,-0.881988880775782,-0.881988880775782,False,-0.022824532375814048,9.765625e-05,False
trial,542,542,542,914.9640270714569,914.9640270714569,914.9640270714569,914.9640270714569,3836,1918,0,0,3836,1918,2082948,1041474,479500.0,479500.0,250.0,False,True,3836,1918,0,0,3836,1918,4.8828125e-05,80.68521592500102,0.0650090588286811,0.0650090588286811,0.0650090588286811,False,-0.011433120832754993,4.8828125e-05,True
trial,543,543,542,914.9818515471006,914.9818515471006,914.9640270714569,914.9640270714569,3836,1918,0,0,3836,1918,2086784,1043392,479500.0,479500.0,250.0,False,True,3836,1918,0,0,3836,1918,9.765625e-05,96.56886060747554,-0.7084364939042183,-0.7084364939042183,-0.7084364939042183,False,-0.025160301307264942,9.765625e-05,False
trial,544,544,544,914.9621256171669,914.9621256171669,914.9621256171669,914.9621256171669,3836,1918,0,0,3836,1918,2090620,1045310,479500.0,479500.0,250.0,False,True,3836,1918,0,0,3836,1918,4.8828125e-05,96.56886060747554,0.1508291807196993,0.1508291807196993,0.1508291807196993,False,-0.012606673861150039,4.8828125e-05,True
trial,545,545,544,914.9822541698384,914.9822541698384,914.9621256171669,914.9621256171669,3836,1918,0,0,3836,1918,2094456,1047228,479500.0,479500.0,250.0,False,True,3836,1918,0,0,3836,1918,9.765625e-05,80.77997480381735,-0.8817799762574989,-0.8817799762574989,-0.8817799762574989,False,-0.02282718275928539,9.765625e-05,False
trial,546,546,546,914.9613810013859,914.9613810013859,914.9613810013859,914.9613810013859,3836,1918,0,0,3836,1918,2098292,1049146,479500.0,479500.0,250.0,False,True,3836,1918,0,0,3836,1918,4.8828125e-05,80.77997480381735,0.06514858029331698,0.06514858029331698,0.06514858029331698,False,-0.011429501266074513,4.8828125e-05,True
trial,547,547,546,914.9792161123121,914.9792161123121,914.9613810013859,914.9613810013859,3836,1918,0,0,3836,1918,2102128,1051064,479500.0,479500.0,250.0,False,True,3836,1918,0,0,3836,1918,9.765625e-05,96.58667858195832,-0.7094356241593385,-0.7094356241593385,-0.7094356241593385,False,-0.025139858105244283,9.765625e-05,False
trial,548,548,548,914.9594873290674,914.9594873290674,914.9594873290674,914.9594873290674,3836,1918,0,0,3836,1918,2105964,1052982,479500.0,479500.0,250.0,False,True,3836,1918,0,0,3836,1918,4.8828125e-05,96.58667858195832,0.15031549990314255,0.15031549990314255,0.15031549990314255,False,-0.012597984370927311,4.8828125e-05,True
trial,549,549,548,914.9796153342389,914.9796153342389,914.9594873290674,914.9594873290674,3836,1918,0,0,3836,1918,2109800,1054900,479500.0,479500.0,250.0,False,True,3836,1918,0,0,3836,1918,9.765625e-05,80.75295886970363,-0.8816752341475981,-0.8816752341475981,-0.8816752341475981,False,-0.022829273628129046,9.765625e-05,False
trial,550,550,550,914.9587375353909,914.9587375353909,914.9587375353909,914.9587375353909,3836,1918,0,0,3836,1918,2113636,1056818,479500.0,479500.0,250.0,False,True,3836,1918,0,0,3836,1918,4.8828125e-05,80.75295886970363,0.06554387155321915,0.06554387155321915,0.06554387155321915,False,-0.011439569539251987,4.8828125e-05,True
trial,551,551,550,914.9765753457593,914.9765753457593,914.9587375353909,914.9587375353909,3836,1918,0,0,3836,1918,2117472,1058736,479500.0,479500.0,250.0,False,True,3836,1918,0,0,3836,1918,9.765625e-05,96.59105589531252,-0.7094023807311065,-0.7094023807311065,-0.7094023807311065,False,-0.025144841422750534,9.765625e-05,False
trial,552,552,552,914.9568450066209,914.9568450066209,914.9568450066209,914.9568450066209,3836,1918,0,0,3836,1918,2121308,1060654,479500.0,479500.0,250.0,False,True,3836,1918,0,0,3836,1918,4.8828125e-05,96.59105589531252,0.1502364656944969,0.1502364656944969,0.1502364656944969,False,-0.012597000077426106,4.8828125e-05,True
trial,553,553,552,914.9769948878754,914.9769948878754,914.9568450066209,914.9568450066209,3836,1918,0,0,3836,1918,2125144,1062572,479500.0,479500.0,250.0,False,True,3836,1918,0,0,3836,1918,9.765625e-05,80.76951970182773,-0.8828843523240497,-0.8828843523240497,-0.8828843523240497,False,-0.02282278670072203,9.765625e-05,False
trial,554,554,554,914.9560962086634,914.9560962086634,914.9560962086634,914.9560962086634,3836,1918,0,0,3836,1918,2128980,1064490,479500.0,479500.0,250.0,False,True,3836,1918,0,0,3836,1918,4.8828125e-05,80.76951970182773,0.06544377133786773,0.06544377133786773,0.06544377133786773,False,-0.01144185217616974,4.8828125e-05,True
trial,555,555,554,914.9739376756177,914.9739376756177,914.9560962086634,914.9560962086634,3836,1918,0,0,3836,1918,2132816,1066408,479500.0,479500.0,250.0,False,True,3836,1918,0,0,3836,1918,9.765625e-05,96.61083905540488,-0.7093514188839826,-0.7093514188839826,-0.7093514188839826,False,-0.0251518027302932,9.765625e-05,False
trial,556,556,556,914.9542025057648,914.9542025057648,914.9542025057648,914.9542025057648,3836,1918,0,0,3836,1918,2136652,1068326,479500.0,479500.0,250.0,False,True,3836,1918,0,0,3836,1918,4.8828125e-05,96.61083905540488,0.15027441421188006,0.15027441421188006,0.15027441421188006,False,-0.012601632211226673,4.8828125e-05,True
trial,557,557,556,914.9743463878458,914.9743463878458,914.9542025057648,914.9542025057648,3836,1918,0,0,3836,1918,2140488,1070244,479500.0,479500.0,250.0,False,True,3836,1918,0,0,3836,1918,9.765625e-05,80.79946924460265,-0.8822584655174118,-0.8822584655174118,-0.8822584655174118,False,-0.022832177721527132,9.765625e-05,False
trial,558,558,558,914.953458025708,914.953458025708,914.953458025708,914.953458025708,3836,1918,0,0,3836,1918,2144324,1072162,479500.0,479500.0,250.0,False,True,3836,1918,0,0,3836,1918,4.8828125e-05,80.79946924460265,0.06509207460700538,0.06509207460700538,0.06509207460700538,False,-0.011437337975759975,4.8828125e-05,True
trial,559,559,558,914.9712865548165,914.9712865548165,914.953458025708,914.953458025708,3836,1918,0,0,3836,1918,2148160,1074080,479500.0,479500.0,250.0,False,True,3836,1918,0,0,3836,1918,9.765625e-05,96.63250214727428,-0.7088101574210336,-0.7088101574210336,-0.7088101574210336,False,-0.02515275623789581,9.765625e-05,False
trial,560,560,560,914.9515626329129,914.9515626329129,914.9515626329129,914.9515626329129,3836,1918,0,0,3836,1918,2151996,1075998,479500.0,479500.0,250.0,False,True,3836,1918,0,0,3836,1918,4.8828125e-05,96.63250214727428,0.15040792993367383,0.15040792993367383,0.15040792993367383,False,-0.012601681280363113,4.8828125e-05,True
trial,561,561,560,914.9716954936177,914.9716954936177,914.9515626329129,914.9515626329129,3836,1918,0,0,3836,1918,2155832,1077916,479500.0,479500.0,250.0,False,True,3836,1918,0,0,3836,1918,9.765625e-05,81.01586136491379,-0.8820269821733182,-0.8820269821733182,-0.8820269821733182,False,-0.022825674397443766,9.765625e-05,False
trial,562,562,562,914.9508147393792,914.9508147393792,914.9508147393792,914.9508147393792,3836,1918,0,0,3836,1918,2159668,1079834,479500.0,479500.0,250.0,False,True,3836,1918,0,0,3836,1918,4.8828125e-05,81.01586136491379,0.0653879403130257,0.0653879403130257,0.0653879403130257,False,-0.011437790058909202,4.8828125e-05,True
trial,563,563,562,914.9686555757825,914.9686555757825,914.9508147393792,914.9508147393792,3836,1918,0,0,3836,1918,2163504,1081752,479500.0,479500.0,250.0,False,True,3836,1918,0,0,3836,1918,9.765625e-05,96.68837370160861,-0.7093355152950741,-0.7093355152950741,-0.7093355152950741,False,-0.025151477711968954,9.765625e-05,False
trial,564,564,564,914.9489201602239,914.9489201602239,914.9489201602239,914.9489201602239,3836,1918,0,0,3836,1918,2167340,1083670,479500.0,479500.0,250.0,False,True,3836,1918,0,0,3836,1918,4.8828125e-05,96.68837370160861,0.1503217001971342,0.1503217001971342,0.1503217001971342,False,-0.01260349738474571,4.8828125e-05,True
trial,565,565,564,914.9690660287066,914.9690660287066,914.9489201602239,914.9489201602239,3836,1918,0,0,3836,1918,2171176,1085588,479500.0,479500.0,250.0,False,True,3836,1918,0,0,3836,1918,9.765625e-05,80.79564869219438,-0.8822883355658866,-0.8822883355658866,-0.8822883355658866,False,-0.022833656153664346,9.765625e-05,False
trial,566,566,566,914.9481754022775,914.9481754022775,914.9481754022775,914.9481754022775,3836,1918,0,0,3836,1918,2175012,1087506,479500.0,479500.0,250.0,False,True,3836,1918,0,0,3836,1918,4.8828125e-05,80.79564869219438,0.06510910424614827,0.06510910424614827,0.06510910424614827,False,-0.011438614538975779,4.8828125e-05,True
trial,567,567,566,914.9660217628018,914.9660217628018,914.9481754022775,914.9481754022775,3836,1918,0,0,3836,1918,2178848,1089424,479500.0,479500.0,250.0,False,True,3836,1918,0,0,3836,1918,9.765625e-05,96.67424340816541,-0.7093259084646425,-0.7093259084646425,-0.7093259084646425,False,-0.025159606199883583,9.765625e-05,False
trial,568,568,568,914.9462824885002,914.9462824885002,914.9462824885002,914.9462824885002,3836,1918,0,0,3836,1918,2182684,1091342,479500.0,479500.0,250.0,False,True,3836,1918,0,0,3836,1918,4.8828125e-05,96.67424340816541,0.15022902054094286,0.15022902054094286,0.15022902054094286,False,-0.012600187170674314,4.8828125e-05,True
trial,569,569,568,914.9664092346104,914.9664092346104,914.9462824885002,914.9462824885002,3836,1918,0,0,3836,1918,2186520,1093260,479500.0,479500.0,250.0,False,True,3836,1918,0,0,3836,1918,9.765625e-05,80.80978461105363,-0.8816206230661605,-0.8816206230661605,-0.8816206230661605,False,-0.022829259642586346,9.765625e-05,False
trial,570,570,570,914.9455378799826,914.9455378799826,914.9455378799826,914.9455378799826,3836,1918,0,0,3836,1918,2190356,1095178,479500.0,479500.0,250.0,False,True,3836,1918,0,0,3836,1918,4.8828125e-05,80.80978461105363,0.06509728140737274,0.06509728140737274,0.06509728140737274,False,-0.011438396527611612,4.8828125e-05,True
trial,571,571,570,914.963381383129,914.963381383129,914.9455378799826,914.9455378799826,3836,1918,0,0,3836,1918,2194192,1097096,479500.0,479500.0,250.0,False,True,3836,1918,0,0,3836,1918,9.765625e-05,96.6945622291418,-0.7091589938640142,-0.7091589938640142,-0.7091589938640142,False,-0.02516149876235632,9.765625e-05,False
trial,572,572,572,914.9436391715467,914.9436391715467,914.9436391715467,914.9436391715467,3836,1918,0,0,3836,1918,2198028,1099014,479500.0,479500.0,250.0,False,True,3836,1918,0,0,3836,1918,4.8828125e-05,96.6945622291418,0.15061545676852367,0.15061545676852367,0.15061545676852367,False,-0.012606331890572219,4.8828125e-05,True
trial,573,573,572,914.9637808770188,914.9637808770188,914.9436391715467,914.9436391715467,3836,1918,0,0,3836,1918,2201864,1100932,479500.0,479500.0,250.0,False,True,3836,1918,0,0,3836,1918,9.765625e-05,80.88714409157232,-0.8825452876795635,-0.8825452876795635,-0.8825452876795635,False,-0.022822291108837787,9.765625e-05,False
trial,574,574,574,914.9428911288281,914.9428911288281,914.9428911288281,914.9428911288281,3836,1918,0,0,3836,1918,2205700,1102850,479500.0,479500.0,250.0,False,True,3836,1918,0,0,3836,1918,4.8828125e-05,80.88714409157232,0.06539438944728307,0.06539438944728307,0.06539438944728307,False,-0.011438943384563268,4.8828125e-05,True
trial,575,575,574,914.9607573589982,914.9607573589982,914.9428911288281,914.9428911288281,3836,1918,0,0,3836,1918,2209536,1104768,479500.0,479500.0,250.0,False,True,3836,1918,0,0,3836,1918,9.765625e-05,96.6880096562406,-0.7103348492331586,-0.7103348492331586,-0.7103348492331586,False,-0.02515184238721277,9.765625e-05,False
trial,576,576,576,914.941006806411,914.941006806411,914.941006806411,914.941006806411,3836,1918,0,0,3836,1918,2213372,1106686,479500.0,479500.0,250.0,False,True,3836,1918,0,0,3836,1918,4.8828125e-05,96.6880096562406,0.1495151506447016,0.1495151506447016,0.1495151506447016,False,-0.01260288612234571,4.8828125e-05,True
trial,577,577,576,914.961151432625,914.961151432625,914.941006806411,914.941006806411,3836,1918,0,0,3836,1918,2217208,1108604,479500.0,479500.0,250.0,False,True,3836,1918,0,0,3836,1918,9.765625e-05,80.83353908482802,-0.8811356059618001,-0.8811356059618001,-0.8811356059618001,False,-0.0228621180187316,9.765625e-05,False
trial,578,578,578,914.9402597052158,914.9402597052158,914.9402597052158,914.9402597052158,3836,1918,0,0,3836,1918,2221044,1110522,479500.0,479500.0,250.0,False,True,3836,1918,0,0,3836,1918,4.8828125e-05,80.83353908482802,0.06526058240793502,0.06526058240793502,0.06526058240793502,False,-0.011447970086016413,4.8828125e-05,True
trial,579,579,578,914.9581047475001,914.9581047475001,914.9402597052158,914.9402597052158,3836,1918,0,0,3836,1918,2224880,1112440,479500.0,479500.0,250.0,False,True,3836,1918,0,0,3836,1918,9.765625e-05,96.70715418231495,-0.709516371275465,-0.709516371275465,-0.709516371275465,False,-0.025150994405143668,9.765625e-05,False
trial,580,580,580,914.9383652363988,914.9383652363988,914.9383652363988,914.9383652363988,3836,1918,0,0,3836,1918,2228716,1114358,479500.0,479500.0,250.0,False,True,3836,1918,0,0,3836,1918,4.8828125e-05,96.70715418231495,0.15034321024025568,0.15034321024025568,0.15034321024025568,False,-0.012600960256017242,4.8828125e-05,True
trial,581,581,580,914.9585174595736,914.9585174595736,914.9383652363988,914.9383652363988,3836,1918,0,0,3836,1918,2232552,1116276,479500.0,479500.0,250.0,False,True,3836,1918,0,0,3836,1918,9.765625e-05,80.85685305263151,-0.8828519377291072,-0.8828519377291072,-0.8828519377291072,False,-0.022826277333269043,9.765625e-05,False
trial,582,582,582,914.937624060552,914.937624060552,914.937624060552,914.937624060552,3836,1918,0,0,3836,1918,2236388,1118194,479500.0,479500.0,250.0,False,True,3836,1918,0,0,3836,1918,4.8828125e-05,80.85685305263151,0.06482874782999117,0.06482874782999117,0.06482874782999117,False,-0.01143282681802484,4.8828125e-05,True
trial,583,583,582,914.9555095898619,914.9555095898619,914.937624060552,914.937624060552,3836,1918,0,0,3836,1918,2240224,1120112,479500.0,479500.0,250.0,False,True,3836,1918,0,0,3836,1918,9.765625e-05,96.66235141235208,-0.7112043923591352,-0.7112043923591352,-0.7112043923591352,False,-0.02514822672922043,9.765625e-05,False
trial,584,584,584,914.9357377809883,914.9357377809883,914.9357377809883,914.9357377809883,3836,1918,0,0,3836,1918,2244060,1122030,479500.0,479500.0,250.0,False,True,3836,1918,0,0,3836,1918,4.8828125e-05,96.66235141235208,0.14967171657073847,0.14967171657073847,0.14967171657073847,False,-0.01260277898119994,4.8828125e-05,True
trial,585,585,584,914.9558927283374,914.9558927283374,914.9357377809883,914.9357377809883,3836,1918,0,0,3836,1918,2247896,1123948,479500.0,479500.0,250.0,False,True,3836,1918,0,0,3836,1918,9.765625e-05,80.81197882392104,-0.8818367072158922,-0.8818367072158922,-0.8818367072158922,False,-0.02285564570416722,9.765625e-05,False
trial,586,586,586,914.934987446126,914.934987446126,914.934987446126,914.934987446126,3836,1918,0,0,3836,1918,2251732,1125866,479500.0,479500.0,250.0,False,True,3836,1918,0,0,3836,1918,4.8828125e-05,80.81197882392104,0.06552316187942668,0.06552316187942668,0.06552316187942668,False,-0.01145144466206651,4.8828125e-05,True
trial,587,587,586,914.9528668325354,914.9528668325354,914.934987446126,914.934987446126,3836,1918,0,0,3836,1918,2255568,1127784,479500.0,479500.0,250.0,False,True,3836,1918,0,0,3836,1918,9.765625e-05,96.7746000798413,-0.7106041397453663,-0.7106041397453663,-0.7106041397453663,False,-0.025160825007010595,9.765625e-05,False
trial,588,588,588,914.9331028922868,914.9331028922868,914.9331028922868,914.9331028922868,3836,1918,0,0,3836,1918,2259404,1129702,479500.0,479500.0,250.0,False,True,3836,1918,0,0,3836,1918,4.8828125e-05,96.7746000798413,0.14952451721114748,0.14952451721114748,0.14952451721114748,False,-0.012603644367853366,4.8828125e-05,True
trial,589,589,588,914.953254905422,914.953254905422,914.9331028922868,914.9331028922868,3836,1918,0,0,3836,1918,2263240,1131620,479500.0,479500.0,250.0,False,True,3836,1918,0,0,3836,1918,9.765625e-05,80.87006275992327,-0.881520103974101,-0.881520103974101,-0.881520103974101,False,-0.022860525862487553,9.765625e-05,False
trial,590,590,590,914.9323478951752,914.9323478951752,914.9323478951752,914.9323478951752,3836,1918,0,0,3836,1918,2267076,1133538,479500.0,479500.0,250.0,False,True,3836,1918,0,0,3836,1918,4.8828125e-05,80.87006275992327,0.06589810861731644,0.06589810861731644,0.06589810861731644,False,-0.01145703765140542,4.8828125e-05,True
trial,591,591,590,914.9502400998856,914.9502400998856,914.9323478951752,914.9323478951752,3836,1918,0,0,3836,1918,2270912,1135456,479500.0,479500.0,250.0,False,True,3836,1918,0,0,3836,1918,9.765625e-05,96.74744286890126,-0.7112785199030617,-0.7112785199030617,-0.7112785199030617,False,-0.025154990920899616,9.765625e-05,False
trial,592,592,592,914.9304636010162,914.9304636010162,914.9304636010162,914.9304636010162,3836,1918,0,0,3836,1918,2274748,1137374,479500.0,479500.0,250.0,False,True,3836,1918,0,0,3836,1918,4.8828125e-05,96.74744286890126,0.14949123073813453,0.14949123073813453,0.14949123073813453,False,-0.012604713665962162,4.8828125e-05,True
trial,593,593,592,914.9506070776969,914.9506070776969,914.9304636010162,914.9304636010162,3836,1918,0,0,3836,1918,2278584,1139292,479500.0,479500.0,250.0,False,True,3836,1918,0,0,3836,1918,9.765625e-05,80.75569128099798,-0.8807642718895768,-0.8807642718895768,-0.8807642718895768,False,-0.02287045163341091,9.765625e-05,False
trial,594,594,594,914.9297081001034,914.9297081001034,914.9297081001034,914.9297081001034,3836,1918,0,0,3836,1918,2282420,1141210,479500.0,479500.0,250.0,False,True,3836,1918,0,0,3836,1918,4.8828125e-05,80.75569128099798,0.0659360307958723,0.0659360307958723,0.0659360307958723,False,-0.011458089054509697,4.8828125e-05,True
trial,595,595,594,914.947600954458,914.947600954458,914.9297081001034,914.9297081001034,3836,1918,0,0,3836,1918,2286256,1143128,479500.0,479500.0,250.0,False,True,3836,1918,0,0,3836,1918,9.765625e-05,96.80856474047157,-0.7114525233178323,-0.7114525233178323,-0.7114525233178323,False,-0.025149751765825304,9.765625e-05,False
trial,596,596,596,914.9278285946365,914.9278285946365,914.9278285946365,914.9278285946365,3836,1918,0,0,3836,1918,2290092,1145046,479500.0,479500.0,250.0,False,True,3836,1918,0,0,3836,1918,4.8828125e-05,96.80856474047157,0.14915561941769864,0.14915561941769864,0.14915561941769864,False,-0.012600969874839022,4.8828125e-05,True
trial,597,597,596,914.947970938617,914.947970938617,914.9278285946365,914.9278285946365,3836,1918,0,0,3836,1918,2293928,1146964,479500.0,479500.0,250.0,False,True,3836,1918,0,0,3836,1918,9.765625e-05,80.92228791564051,-0.8806187356314821,-0.8806187356314821,-0.8806187356314821,False,-0.022872945084549096,9.765625e-05,False
trial,598,598,598,914.927075784214,914.927075784214,914.927075784214,914.927075784214,3836,1918,0,0,3836,1918,2297764,1148882,479500.0,479500.0,250.0,False,True,3836,1918,0,0,3836,1918,4.8828125e-05,80.92228791564051,0.0657216354384194,0.0657216354384194,0.0657216354384194,False,-0.01145452966033024,4.8828125e-05,True
trial,599,599,598,914.9449459245277,914.9449459245277,914.927075784214,914.927075784214,3836,1918,0,0,3836,1918,2301600,1150800,479500.0,479500.0,250.0,False,True,3836,1918,0,0,3836,1918,9.765625e-05,96.78402571786388,-0.7106842865248264,-0.7106842865248264,-0.7106842865248264,False,-0.025144977386595643,9.765625e-05,False
