phase,nf,x_index,incumbent_index,active_objective,full_objective,incumbent_active_objective,incumbent_full_objective,active_residuals,active_circuits,new_residuals_revealed,new_circuits_revealed,union_residuals_revealed,union_circuits_revealed,cumulative_eval_residuals,cumulative_eval_circuits,cumulative_shots_revealed,cumulative_eval_shots,shots_per_circuit,fpr_enabled,fpr_use_union_mask,fpr_selected_residuals,fpr_selected_circuits,fpr_new_residuals,fpr_new_circuits,fpr_union_residuals,fpr_union_circuits,delta,ng,rho,rho_active,rho_full,rho_uses_full_objective,mdec,step_norm,accepted
initial,0,0,0,18605.91833261013,18605.91833261013,18605.91833261013,18605.91833261013,3836,1918,3836,1918,3836,1918,3836,1918,90146.0,90146.0,47.0,False,True,3836,1918,3836,1918,3836,1918,0.1,,,,,False,,,True
trial,1,1,1,6778.64980180601,6778.64980180601,6778.64980180601,6778.64980180601,3836,1918,0,0,3836,1918,7672,3836,90146.0,90146.0,47.0,False,True,3836,1918,0,0,3836,1918,0.1,56024.58378777139,33.43023539896104,33.43023539896104,33.43023539896104,False,-353.7895677268158,0.1,True
trial,2,2,1,10454.228504356906,10454.228504356906,6778.64980180601,6778.64980180601,3836,1918,0,0,3836,1918,11508,5754,90146.0,90146.0,47.0,False,True,3836,1918,0,0,3836,1918,0.2,27805.520535613872,-0.8240296821652434,-0.8240296821652434,-0.8240296821652434,False,-4460.493089148006,0.19999933007986062,False
trial,3,3,3,4989.006151756975,4989.006151756975,4989.006151756975,4989.006151756975,3836,1918,0,0,3836,1918,15344,7672,90146.0,90146.0,47.0,False,True,3836,1918,0,0,3836,1918,0.1,27805.520535613872,0.4037447155130295,0.4037447155130295,0.4037447155130295,False,-4432.611948307422,0.1,True
trial,4,4,3,12105.047125336436,12105.047125336436,4989.006151756975,4989.006151756975,3836,1918,0,0,3836,1918,19180,9590,90146.0,90146.0,47.0,False,True,3836,1918,0,0,3836,1918,0.2,37087.37767247513,-2.0804063611058985,-2.0804063611058985,-2.0804063611058985,False,-3420.5052948389994,0.2,False
trial,5,5,3,7320.628968533176,7320.628968533176,4989.006151756975,4989.006151756975,3836,1918,0,0,3836,1918,23016,11508,90146.0,90146.0,47.0,False,True,3836,1918,0,0,3836,1918,0.1,37087.37767247513,-0.6841197918694993,-0.6841197918694993,-0.6841197918694993,False,-3408.2083934519096,0.1,False
trial,6,6,6,3746.7120023601215,3746.7120023601215,3746.7120023601215,3746.7120023601215,3836,1918,0,0,3836,1918,26852,13426,100146.0,100146.0,52.21376433785193,False,True,3836,1918,0,0,3836,1918,0.05,46730.668881631886,0.5808231394443195,0.5808231394443195,0.5808231394443195,False,-4078.8611521827543,0.05,True
trial,7,7,6,6750.578319295262,6750.578319295262,3746.7120023601215,3746.7120023601215,3836,1918,0,0,3836,1918,30688,15344,100146.0,100146.0,52.21376433785193,False,True,3836,1918,0,0,3836,1918,0.1,82619.24961649966,-1.1683422304861033,-1.1683422304861033,-1.1683422304861033,False,-2571.05002160655,0.1,False
trial,8,8,8,3175.7435462425074,3175.7435462425074,3175.7435462425074,3175.7435462425074,3836,1918,0,0,3836,1918,34524,17262,100146.0,100146.0,52.21376433785193,False,True,3836,1918,0,0,3836,1918,0.05,82619.24961649966,0.22315194378205178,0.22315194378205178,0.22315194378205178,False,-2558.6532944354185,0.05,True
trial,9,9,8,5241.214406729694,5241.214406729694,3175.7435462425074,3175.7435462425074,3836,1918,0,0,3836,1918,38360,19180,100146.0,100146.0,52.21376433785193,False,True,3836,1918,0,0,3836,1918,0.1,92058.86603823815,-1.0750328238589246,-1.0750328238589246,-1.0750328238589246,False,-1921.3095773885284,0.1,False
trial,10,10,8,3425.0865168605155,3425.0865168605155,3175.7435462425074,3175.7435462425074,3836,1918,0,0,3836,1918,42196,21098,100146.0,100146.0,52.21376433785193,False,True,3836,1918,0,0,3836,1918,0.05,92058.86603823815,-0.13020593741406736,-0.13020593741406736,-0.13020593741406736,False,-1914.9892514123503,0.05,False
trial,11,11,11,2532.5172598675126,2532.5172598675126,2532.5172598675126,2532.5172598675126,3836,1918,0,0,3836,1918,46032,23016,110146.0,110146.0,57.42752867570386,False,True,3836,1918,0,0,3836,1918,0.025,149555.1292866218,0.6138312126794491,0.6138312126794491,0.6138312126794491,False,-2492.2844883675366,0.025,True
trial,12,12,11,2717.1612733095144,2717.1612733095144,2532.5172598675126,2532.5172598675126,3836,1918,0,0,3836,1918,49868,24934,110146.0,110146.0,57.42752867570386,False,True,3836,1918,0,0,3836,1918,0.05,147053.4283457526,-0.12178496055162015,-0.12178496055162015,-0.12178496055162015,False,-1516.1479102646504,0.05,False
trial,13,13,13,1622.8684873140223,1622.8684873140223,1622.8684873140223,1622.8684873140223,3836,1918,0,0,3836,1918,53704,26852,110146.0,110146.0,57.42752867570386,False,True,3836,1918,0,0,3836,1918,0.025,147053.4283457526,0.6092214324034217,0.6092214324034217,0.6092214324034217,False,-1493.1332421527939,0.025,True
trial,14,14,13,2692.9701942485417,2692.9701942485417,1622.8684873140223,1622.8684873140223,3836,1918,0,0,3836,1918,57540,28770,110146.0,110146.0,57.42752867570386,False,True,3836,1918,0,0,3836,1918,0.05,113228.65353489015,-1.786052327042177,-1.786052327042177,-1.786052327042177,False,-599.1435361284626,0.04993605320323933,False
trial,15,15,15,1474.551470481555,1474.551470481555,1474.551470481555,1474.551470481555,3836,1918,0,0,3836,1918,61376,30688,110146.0,110146.0,57.42752867570386,False,True,3836,1918,0,0,3836,1918,0.025,113228.65353489015,0.2478084148664435,0.2478084148664435,0.2478084148664435,False,-598.514852340276,0.025,True
trial,16,16,15,4169.675607723469,4169.675607723469,1638.9289607582273,1638.9289607582273,3836,1918,0,0,3836,1918,65212,32606,120146.0,120146.0,62.64129301355579,False,True,3836,1918,0,0,3836,1918,0.05,32253.04370053711,-3.7203590898418355,-3.7203590898418355,-3.7203590898418355,False,-680.2425749372574,0.05,False
trial,17,17,17,1405.8422848398277,1405.8422848398277,1405.8422848398277,1405.8422848398277,3836,1918,0,0,3836,1918,69048,34524,120146.0,120146.0,62.64129301355579,False,True,3836,1918,0,0,3836,1918,0.025,32253.04370053711,0.344639391143573,0.344639391143573,0.344639391143573,False,-676.3204726684833,0.025,True
trial,18,18,17,2277.506676201406,2277.506676201406,1405.8422848398277,1405.8422848398277,3836,1918,0,0,3836,1918,72884,36442,120146.0,120146.0,62.64129301355579,False,True,3836,1918,0,0,3836,1918,0.05,24849.30929263625,-1.9820096279031827,-1.9820096279031827,-1.9820096279031827,False,-439.7881721108156,0.05,False
trial,19,19,17,1445.5543464481539,1445.5543464481539,1405.8422848398277,1405.8422848398277,3836,1918,0,0,3836,1918,76720,38360,120146.0,120146.0,62.64129301355579,False,True,3836,1918,0,0,3836,1918,0.025,24849.30929263625,-0.09035823067536322,-0.09035823067536322,-0.09035823067536322,False,-439.4957859567067,0.025,False
trial,20,20,20,999.5761698920062,999.5761698920062,999.5761698920062,999.5761698920062,3836,1918,0,0,3836,1918,80556,40278,120146.0,120146.0,62.64129301355579,False,True,3836,1918,0,0,3836,1918,0.0125,24849.30929263625,0.9399999798936672,0.9399999798936672,0.9399999798936672,False,-432.19800386993444,0.0125,True
trial,21,21,20,1307.3703456447874,1307.3703456447874,1018.2908698411684,1018.2908698411684,3836,1918,0,0,3836,1918,84392,42196,130146.0,130146.0,67.85505735140772,False,True,3836,1918,0,0,3836,1918,0.025,10028.774958010206,-4.6125805583927795,-4.6125805583927795,-4.6125805583927795,False,-62.67196250429212,0.025,False
trial,22,22,20,1027.0485672044967,1027.0485672044967,1018.2908698411684,1018.2908698411684,3836,1918,0,0,3836,1918,88228,44114,130146.0,130146.0,67.85505735140772,False,True,3836,1918,0,0,3836,1918,0.0125,10028.774958010206,-0.14054413026767543,-0.14054413026767543,-0.14054413026767543,False,-62.31279347382746,0.0125,False
trial,23,23,23,978.4595695807059,978.4595695807059,978.4595695807059,978.4595695807059,3836,1918,0,0,3836,1918,92064,46032,130146.0,130146.0,67.85505735140772,False,True,3836,1918,0,0,3836,1918,0.00625,10028.774958010206,0.6516499921536084,0.6516499921536084,0.6516499921536084,False,-61.12376389175707,0.00625,True
trial,24,24,23,1073.6648452117602,1073.6648452117602,978.4595695807059,978.4595695807059,3836,1918,0,0,3836,1918,95900,47950,130146.0,130146.0,67.85505735140772,False,True,3836,1918,0,0,3836,1918,0.0125,4706.5437275311015,-4.327787339645579,-4.327787339645579,-4.327787339645579,False,-21.998603017968776,0.0125,False
trial,25,25,23,986.7177982011331,986.7177982011331,978.4595695807059,978.4595695807059,3836,1918,0,0,3836,1918,99736,49868,130146.0,130146.0,67.85505735140772,False,True,3836,1918,0,0,3836,1918,0.00625,4706.5437275311015,-0.3864140187881174,-0.3864140187881174,-0.3864140187881174,False,-21.371451911415846,0.00625,False
trial,26,26,26,969.095104415434,969.095104415434,969.095104415434,969.095104415434,3836,1918,0,0,3836,1918,103572,51786,140146.0,140146.0,73.06882168925965,False,True,3836,1918,0,0,3836,1918,0.003125,6935.392887616929,0.6932685480976595,0.6932685480976595,0.6932685480976595,False,-21.73891072947817,0.003125,True
trial,27,27,26,993.6538568299998,993.6538568299998,969.095104415434,969.095104415434,3836,1918,0,0,3836,1918,107408,53704,140146.0,140146.0,73.06882168925965,False,True,3836,1918,0,0,3836,1918,0.00625,2490.2531347591707,-2.825415450995176,-2.825415450995176,-2.825415450995176,False,-8.69208540850714,0.00625,False
trial,28,28,28,968.3877769634821,968.3877769634821,968.3877769634821,968.3877769634821,3836,1918,0,0,3836,1918,111244,55622,140146.0,140146.0,73.06882168925965,False,True,3836,1918,0,0,3836,1918,0.003125,2490.2531347591707,0.08684170325216646,0.08684170325216646,0.08684170325216646,False,-8.145020485123007,0.003125,True
trial,29,29,28,992.7605523341622,992.7605523341622,968.3877769634821,968.3877769634821,3836,1918,0,0,3836,1918,115080,57540,140146.0,140146.0,73.06882168925965,False,True,3836,1918,0,0,3836,1918,0.00625,2999.6627356264953,-3.0684053343102984,-3.0684053343102984,-3.0684053343102984,False,-7.943140724645647,0.00625,False
trial,30,30,30,967.1137988432848,967.1137988432848,967.1137988432848,967.1137988432848,3836,1918,0,0,3836,1918,118916,59458,140146.0,140146.0,73.06882168925965,False,True,3836,1918,0,0,3836,1918,0.003125,2999.6627356264953,0.17338289674947943,0.17338289674947943,0.17338289674947943,False,-7.347772727768257,0.003125,True
trial,31,31,30,988.65292178554,988.65292178554,968.668169574614,968.668169574614,3836,1918,0,0,3836,1918,122752,61376,150146.0,150146.0,78.28258602711158,False,True,3836,1918,0,0,3836,1918,0.00625,6067.963374690012,-1.94034611763929,-1.94034611763929,-1.94034611763929,False,-10.299581105272246,0.00625,False
trial,32,32,32,964.1119204324826,964.1119204324826,964.1119204324826,964.1119204324826,3836,1918,0,0,3836,1918,126588,63294,150146.0,150146.0,78.28258602711158,False,True,3836,1918,0,0,3836,1918,0.003125,6067.963374690012,0.46292099311065477,0.46292099311065477,0.46292099311065477,False,-9.842390407734804,0.003125,True
trial,33,33,32,974.949387061044,974.949387061044,964.1119204324826,964.1119204324826,3836,1918,0,0,3836,1918,130424,65212,150146.0,150146.0,78.28258602711158,False,True,3836,1918,0,0,3836,1918,0.00625,2986.307626712333,-1.7114835249327953,-1.7114835249327953,-1.7114835249327953,False,-6.332206223829678,0.00625,False
trial,34,34,32,967.0100486306092,967.0100486306092,964.1119204324826,964.1119204324826,3836,1918,0,0,3836,1918,134260,67130,150146.0,150146.0,78.28258602711158,False,True,3836,1918,0,0,3836,1918,0.003125,2986.307626712333,-0.5021831941280313,-0.5021831941280313,-0.5021831941280313,False,-5.771057717609826,0.003125,False
trial,35,35,35,961.5841234270509,961.5841234270509,961.5841234270509,961.5841234270509,3836,1918,0,0,3836,1918,138096,69048,150146.0,150146.0,78.28258602711158,False,True,3836,1918,0,0,3836,1918,0.0015625,2986.307626712333,0.5608808743508781,0.5608808743508781,0.5608808743508781,False,-4.5068340195361065,0.0015625,True
trial,36,36,35,960.7698245254699,960.7698245254699,959.4436179484505,959.4436179484505,3836,1918,0,0,3836,1918,141932,70966,160146.0,160146.0,83.4963503649635,False,True,3836,1918,0,0,3836,1918,0.003125,2985.84108022318,-0.3506312822977856,-0.3506312822977856,-0.3506312822977856,False,-3.782339579995016,0.003125,False
trial,37,37,37,957.2846726539403,957.2846726539403,957.2846726539403,957.2846726539403,3836,1918,0,0,3836,1918,145768,72884,160146.0,160146.0,83.4963503649635,False,True,3836,1918,0,0,3836,1918,0.0015625,2985.84108022318,0.6438488449089175,0.6438488449089175,0.6438488449089175,False,-3.353186561693095,0.0015625,True
trial,38,38,37,963.303057356662,963.303057356662,957.2846726539403,957.2846726539403,3836,1918,0,0,3836,1918,149604,74802,160146.0,160146.0,83.4963503649635,False,True,3836,1918,0,0,3836,1918,0.003125,2460.918008633221,-3.5413005241029634,-3.5413005241029634,-3.5413005241029634,False,-1.699484317063466,0.003125,False
trial,39,39,37,958.8376756108435,958.8376756108435,957.2846726539403,957.2846726539403,3836,1918,0,0,3836,1918,153440,76720,160146.0,160146.0,83.4963503649635,False,True,3836,1918,0,0,3836,1918,0.0015625,2460.918008633221,-1.0871959230709005,-1.0871959230709005,-1.0871959230709005,False,-1.428448105762305,0.0015625,False
trial,40,40,40,957.0487111631819,957.0487111631819,957.0487111631819,957.0487111631819,3836,1918,0,0,3836,1918,157276,78638,160146.0,160146.0,83.4963503649635,False,True,3836,1918,0,0,3836,1918,0.00078125,2460.918008633221,0.23774610881907113,0.23774610881907113,0.23774610881907113,False,-0.9924935971843731,0.00078125,True
trial,41,41,41,952.7244136773149,952.7244136773149,952.7244136773149,952.7244136773149,3836,1918,0,0,3836,1918,161112,80556,170146.0,170146.0,88.71011470281543,False,True,3836,1918,0,0,3836,1918,0.0015625,9069.987842505752,0.44203610436758317,0.44203610436758317,0.44203610436758317,False,-2.886799056990229,0.0015625,True
trial,42,42,41,956.182386858357,956.182386858357,952.7244136773149,952.7244136773149,3836,1918,0,0,3836,1918,164948,82474,170146.0,170146.0,88.71011470281543,False,True,3836,1918,0,0,3836,1918,0.003125,3119.834331641792,-1.6413518579440856,-1.6413518579440856,-1.6413518579440856,False,-2.1067836029828326,0.003125,False
trial,43,43,41,953.1107791342118,953.1107791342118,952.7244136773149,952.7244136773149,3836,1918,0,0,3836,1918,168784,84392,170146.0,170146.0,88.71011470281543,False,True,3836,1918,0,0,3836,1918,0.0015625,3119.834331641792,-0.20446356966659393,-0.20446356966659393,-0.20446356966659393,False,-1.8896542671485148,0.0015625,False
trial,44,44,44,951.8646829288296,951.8646829288296,951.8646829288296,951.8646829288296,3836,1918,0,0,3836,1918,172620,86310,170146.0,170146.0,88.71011470281543,False,True,3836,1918,0,0,3836,1918,0.00078125,3119.834331641792,0.6141280113671804,0.6141280113671804,0.6141280113671804,False,-1.3999210792737582,0.00078125,True
trial,45,45,44,953.3896878209437,953.3896878209437,951.8646829288296,951.8646829288296,3836,1918,0,0,3836,1918,176456,88228,170146.0,170146.0,88.71011470281543,False,True,3836,1918,0,0,3836,1918,0.0015625,1367.3670053069104,-1.7225612853765884,-1.7225612853765884,-1.7225612853765884,False,-0.8853124153319823,0.0015625,False
trial,46,46,46,954.076401535103,954.076401535103,954.076401535103,954.076401535103,3836,1918,0,0,3836,1918,180292,90146,180146.0,180146.0,93.92387904066736,False,True,3836,1918,0,0,3836,1918,0.00078125,12030.030416427086,0.7054243053179778,0.7054243053179778,0.7054243053179778,False,-2.309833655692335,0.00078125,True
trial,47,47,46,954.8864131006002,954.8864131006002,954.076401535103,954.076401535103,3836,1918,0,0,3836,1918,184128,92064,180146.0,180146.0,93.92387904066736,False,True,3836,1918,0,0,3836,1918,0.0015625,992.302896779547,-0.6721603698639589,-0.6721603698639589,-0.6721603698639589,False,-1.2050867647272563,0.0015625,False
trial,48,48,48,953.7730467882456,953.7730467882456,953.7730467882456,953.7730467882456,3836,1918,0,0,3836,1918,187964,93982,180146.0,180146.0,93.92387904066736,False,True,3836,1918,0,0,3836,1918,0.00078125,992.302896779547,0.3147582739365528,0.3147582739365528,0.3147582739365528,False,-0.9637705248013363,0.00078125,True
trial,49,49,48,954.7083189551252,954.7083189551252,953.7730467882456,953.7730467882456,3836,1918,0,0,3836,1918,191800,95900,180146.0,180146.0,93.92387904066736,False,True,3836,1918,0,0,3836,1918,0.0015625,1545.6725922252265,-1.0914393304377192,-1.0914393304377192,-1.0914393304377192,False,-0.8569163129795868,0.0015625,False
trial,50,50,48,953.829782139673,953.829782139673,953.7730467882456,953.7730467882456,3836,1918,0,0,3836,1918,195636,97818,180146.0,180146.0,93.92387904066736,False,True,3836,1918,0,0,3836,1918,0.00078125,1545.6725922252265,-0.08657494157006011,-0.08657494157006011,-0.08657494157006011,False,-0.65533225201751,0.00078125,False
trial,51,51,51,958.0154363256895,958.0154363256895,958.0154363256895,958.0154363256895,3836,1918,0,0,3836,1918,199472,99736,190146.0,190146.0,99.13764337851929,False,True,3836,1918,0,0,3836,1918,0.000390625,2765.1155944073153,0.9776146890990168,0.9776146890990168,0.9776146890990168,False,-1.1739878748270027,0.000390625,True
trial,52,52,52,957.850522947372,957.850522947372,957.850522947372,957.850522947372,3836,1918,0,0,3836,1918,203308,101654,190146.0,190146.0,99.13764337851929,False,True,3836,1918,0,0,3836,1918,0.00078125,430.01827137253645,0.5453697122739102,0.5453697122739102,0.5453697122739102,False,-0.30238822326575693,0.00078125,True
trial,53,53,52,958.0448071671964,958.0448071671964,957.850522947372,957.850522947372,3836,1918,0,0,3836,1918,207144,103572,190146.0,190146.0,99.13764337851929,False,True,3836,1918,0,0,3836,1918,0.0015625,411.7174077587831,-0.42586023473745116,-0.42586023473745116,-0.42586023473745116,False,-0.45621592244722897,0.0015625,False
trial,54,54,54,957.6700971072551,957.6700971072551,957.6700971072551,957.6700971072551,3836,1918,0,0,3836,1918,210980,105490,190146.0,190146.0,99.13764337851929,False,True,3836,1918,0,0,3836,1918,0.00078125,411.7174077587831,0.6433203109902493,0.6433203109902493,0.6433203109902493,False,-0.2804603508309199,0.00078125,True
trial,55,55,54,958.0624266921739,958.0624266921739,957.6700971072551,957.6700971072551,3836,1918,0,0,3836,1918,214816,107408,190146.0,190146.0,99.13764337851929,False,True,3836,1918,0,0,3836,1918,0.0015625,457.37132327148896,-1.4846771107640935,-1.4846771107640935,-1.4846771107640935,False,-0.26425246410438996,0.0015625,False
trial,56,56,56,958.4246368590277,958.4246368590277,958.4246368590277,958.4246368590277,3836,1918,0,0,3836,1918,218652,109326,200146.0,200146.0,104.35140771637121,False,True,3836,1918,0,0,3836,1918,0.00078125,6909.434404541979,0.8091708518363343,0.8091708518363343,0.8091708518363343,False,-0.8960475645002102,0.00078125,True
trial,57,57,56,958.7810659678414,958.7810659678414,958.4246368590277,958.4246368590277,3836,1918,0,0,3836,1918,222488,111244,200146.0,200146.0,104.35140771637121,False,True,3836,1918,0,0,3836,1918,0.0015625,732.866318581109,-0.8085361622084402,-0.8085361622084402,-0.8085361622084402,False,-0.44083261265661544,0.0015625,False
trial,58,58,58,958.288212202338,958.288212202338,958.288212202338,958.288212202338,3836,1918,0,0,3836,1918,226324,113162,200146.0,200146.0,104.35140771637121,False,True,3836,1918,0,0,3836,1918,0.00078125,732.866318581109,0.46633889633450787,0.46633889633450787,0.46633889633450787,False,-0.2925440227312946,0.00078125,True
trial,59,59,58,959.2027521852567,959.2027521852567,958.288212202338,958.288212202338,3836,1918,0,0,3836,1918,230160,115080,200146.0,200146.0,104.35140771637121,False,True,3836,1918,0,0,3836,1918,0.0015625,370.1465876436654,-3.0477678511440267,-3.0477678511440267,-3.0477678511440267,False,-0.3000687806899339,0.0015625,False
trial,60,60,60,958.2818128923182,958.2818128923182,958.2818128923182,958.2818128923182,3836,1918,0,0,3836,1918,233996,116998,200146.0,200146.0,104.35140771637121,False,True,3836,1918,0,0,3836,1918,0.00078125,370.1465876436654,0.03609668378803632,0.03609668378803632,0.03609668378803632,False,-0.17728249102784932,0.00078125,True
trial,61,61,61,957.6819953810564,957.6819953810564,957.6819953810564,957.6819953810564,3836,1918,0,0,3836,1918,237832,118916,210146.0,210146.0,109.56517205422315,False,True,3836,1918,0,0,3836,1918,0.000390625,3624.7938754218244,0.9911520364864717,0.9911520364864717,0.9911520364864717,False,-0.9589823068791417,0.000390625,True
trial,62,62,62,957.4259385567516,957.4259385567516,957.4259385567516,957.4259385567516,3836,1918,0,0,3836,1918,241668,120834,210146.0,210146.0,109.56517205422315,False,True,3836,1918,0,0,3836,1918,0.00078125,258.6268878713716,0.7916539058893596,0.7916539058893596,0.7916539058893596,False,-0.3234454126985188,0.00078125,True
trial,63,63,62,957.6602384789691,957.6602384789691,957.4259385567516,957.4259385567516,3836,1918,0,0,3836,1918,245504,122752,210146.0,210146.0,109.56517205422315,False,True,3836,1918,0,0,3836,1918,0.0015625,476.51454013059583,-0.648982856168719,-0.648982856168719,-0.648982856168719,False,-0.3610263660902654,0.0015625,False
trial,64,64,64,957.2727940608594,957.2727940608594,957.2727940608594,957.2727940608594,3836,1918,0,0,3836,1918,249340,124670,210146.0,210146.0,109.56517205422315,False,True,3836,1918,0,0,3836,1918,0.00078125,476.51454013059583,0.6850981691475286,0.6850981691475286,0.6850981691475286,False,-0.22353657152925266,0.00078125,True
trial,65,65,64,957.7454638532247,957.7454638532247,957.2727940608594,957.2727940608594,3836,1918,0,0,3836,1918,253176,126588,210146.0,210146.0,109.56517205422315,False,True,3836,1918,0,0,3836,1918,0.0015625,454.6346457202868,-2.2629266788489786,-2.2629266788489786,-2.2629266788489786,False,-0.20887543409304327,0.0015625,False
trial,66,66,66,958.244026702095,958.244026702095,958.244026702095,958.244026702095,3836,1918,0,0,3836,1918,257012,128506,220146.0,220146.0,114.77893639207508,False,True,3836,1918,0,0,3836,1918,0.00078125,3790.659712967705,0.8529766856002448,0.8529766856002448,0.8529766856002448,False,-1.0250753774753145,0.00078125,True
trial,67,67,66,958.61450461911,958.61450461911,958.244026702095,958.244026702095,3836,1918,0,0,3836,1918,260848,130424,220146.0,220146.0,114.77893639207508,False,True,3836,1918,0,0,3836,1918,0.0015625,661.4669993529685,-0.9284826096387727,-0.9284826096387727,-0.9284826096387727,False,-0.399014384511906,0.0015625,False
trial,68,68,68,958.0885581106746,958.0885581106746,958.0885581106746,958.0885581106746,3836,1918,0,0,3836,1918,264684,132342,220146.0,220146.0,114.77893639207508,False,True,3836,1918,0,0,3836,1918,0.00078125,661.4669993529685,0.5344392420970872,0.5344392420970872,0.5344392420970872,False,-0.2909004039641646,0.00078125,True
trial,69,69,68,959.1209580790755,959.1209580790755,958.0885581106746,958.0885581106746,3836,1918,0,0,3836,1918,268520,134260,220146.0,220146.0,114.77893639207508,False,True,3836,1918,0,0,3836,1918,0.0015625,529.1134491616847,-4.284268555277436,-4.284268555277436,-4.284268555277436,False,-0.24097461563869083,0.0015625,False
trial,70,70,70,958.0807330264283,958.0807330264283,958.0807330264283,958.0807330264283,3836,1918,0,0,3836,1918,272356,136178,220146.0,220146.0,114.77893639207508,False,True,3836,1918,0,0,3836,1918,0.00078125,529.1134491616847,0.048145939919694535,0.048145939919694535,0.048145939919694535,False,-0.16252843457504532,0.00078125,True
trial,71,71,71,957.078018013496,957.078018013496,957.078018013496,957.078018013496,3836,1918,0,0,3836,1918,276192,138096,230146.0,230146.0,119.99270072992701,False,True,3836,1918,0,0,3836,1918,0.000390625,4471.26348615574,0.9155707219458523,0.9155707219458523,0.9155707219458523,False,-0.8842171998651798,0.000390625,True
trial,72,72,72,957.0016529748575,957.0016529748575,957.0016529748575,957.0016529748575,3836,1918,0,0,3836,1918,280028,140014,230146.0,230146.0,119.99270072992701,False,True,3836,1918,0,0,3836,1918,0.00078125,309.01804158623827,0.2604671902990837,0.2604671902990837,0.2604671902990837,False,-0.29318486735638805,0.00078125,True
trial,73,73,72,957.8322193874599,957.8322193874599,957.0016529748575,957.0016529748575,3836,1918,0,0,3836,1918,283864,141932,230146.0,230146.0,119.99270072992701,False,True,3836,1918,0,0,3836,1918,0.0015625,926.8806544556641,-1.706064579601694,-1.706064579601694,-1.706064579601694,False,-0.48683175451440047,0.0015625,False
trial,74,74,74,956.9161843378338,956.9161843378338,956.9161843378338,956.9161843378338,3836,1918,0,0,3836,1918,287700,143850,230146.0,230146.0,119.99270072992701,False,True,3836,1918,0,0,3836,1918,0.00078125,926.8806544556641,0.27462859920466637,0.27462859920466637,0.27462859920466637,False,-0.31121535510592574,0.00078125,True
trial,75,75,74,957.8701607860871,957.8701607860871,956.9161843378338,956.9161843378338,3836,1918,0,0,3836,1918,291536,145768,230146.0,230146.0,119.99270072992701,False,True,3836,1918,0,0,3836,1918,0.0015625,775.9764846065567,-3.7611445558613044,-3.7611445558613044,-3.7611445558613044,False,-0.2536399316975685,0.0015625,False
trial,76,76,76,959.2313466902375,959.2313466902375,959.2313466902375,959.2313466902375,3836,1918,0,0,3836,1918,295372,147686,240146.0,240146.0,125.20646506777894,False,True,3836,1918,0,0,3836,1918,0.00078125,7463.097126852827,0.8027926923722124,0.8027926923722124,0.8027926923722124,False,-1.3866205171727137,0.00078125,True
trial,77,77,76,960.1011273757169,960.1011273757169,959.2313466902375,959.2313466902375,3836,1918,0,0,3836,1918,299208,149604,240146.0,240146.0,125.20646506777894,False,True,3836,1918,0,0,3836,1918,0.0015625,769.0682518587547,-1.7773844176229652,-1.7773844176229652,-1.7773844176229652,False,-0.4893599138461371,0.0015625,False
trial,78,78,78,959.1251858104578,959.1251858104578,959.1251858104578,959.1251858104578,3836,1918,0,0,3836,1918,303044,151522,240146.0,240146.0,125.20646506777894,False,True,3836,1918,0,0,3836,1918,0.00078125,769.0682518587547,0.31241118310508315,0.31241118310508315,0.31241118310508315,False,-0.339811394472482,0.00078125,True
trial,79,79,78,960.857504287134,960.857504287134,959.1251858104578,959.1251858104578,3836,1918,0,0,3836,1918,306880,153440,240146.0,240146.0,125.20646506777894,False,True,3836,1918,0,0,3836,1918,0.0015625,572.4041719746054,-6.01556189881979,-6.01556189881979,-6.01556189881979,False,-0.2879728453988851,0.0015625,False
trial,80,80,78,959.2267864499499,959.2267864499499,959.1251858104578,959.1251858104578,3836,1918,0,0,3836,1918,310716,155358,240146.0,240146.0,125.20646506777894,False,True,3836,1918,0,0,3836,1918,0.00078125,572.4041719746054,-0.41747480849355373,-0.41747480849355373,-0.41747480849355373,False,-0.2433695097886244,0.00078125,False
trial,81,81,81,958.6570784523432,958.6570784523432,958.6570784523432,958.6570784523432,3836,1918,0,0,3836,1918,314552,157276,251511.0,251511.0,131.13190823774767,False,True,3836,1918,0,0,3836,1918,0.000390625,4498.861194380732,0.9778862429575168,0.9778862429575168,0.9778862429575168,False,-1.3731911791737708,0.000390625,True
trial,82,82,82,958.6161671958205,958.6161671958205,958.6161671958205,958.6161671958205,3836,1918,0,0,3836,1918,318388,159194,251511.0,251511.0,131.13190823774767,False,True,3836,1918,0,0,3836,1918,0.00078125,241.03209407037235,0.1722591635653549,0.1722591635653549,0.1722591635653549,False,-0.23749828848535473,0.00078125,True
trial,83,83,82,960.2806055724677,960.2806055724677,958.6161671958205,958.6161671958205,3836,1918,0,0,3836,1918,322224,161112,251511.0,251511.0,131.13190823774767,False,True,3836,1918,0,0,3836,1918,0.0015625,656.8436991845762,-3.82998141540964,-3.82998141540964,-3.82998141540964,False,-0.43458131936371763,0.0015625,False
trial,84,84,84,958.5057387372424,958.5057387372424,958.5057387372424,958.5057387372424,3836,1918,0,0,3836,1918,326060,163030,251511.0,251511.0,131.13190823774767,False,True,3836,1918,0,0,3836,1918,0.00078125,656.8436991845762,0.336581913084006,0.336581913084006,0.336581913084006,False,-0.32808791644884805,0.00078125,True
trial,85,85,84,960.3924433646755,960.3924433646755,958.5057387372424,958.5057387372424,3836,1918,0,0,3836,1918,329896,164948,251511.0,251511.0,131.13190823774767,False,True,3836,1918,0,0,3836,1918,0.0015625,584.4601473266675,-7.393852509189295,-7.393852509189295,-7.393852509189295,False,-0.25517206694186384,0.0015625,False
trial,86,86,86,954.059023936584,954.059023936584,954.059023936584,954.059023936584,3836,1918,0,0,3836,1918,333732,166866,261511.0,261511.0,136.3456725755996,False,True,3836,1918,0,0,3836,1918,0.00078125,9294.169108377911,0.7276244194461207,0.7276244194461207,0.7276244194461207,False,-1.2900861971876076,0.00078125,True
trial,87,87,86,955.6614490693676,955.6614490693676,954.059023936584,954.059023936584,3836,1918,0,0,3836,1918,337568,168784,261511.0,261511.0,136.3456725755996,False,True,3836,1918,0,0,3836,1918,0.0015625,565.2063081785595,-2.76715281027889,-2.76715281027889,-2.76715281027889,False,-0.5790880528285807,0.0015625,False
trial,88,88,88,953.8989277398607,953.8989277398607,953.8989277398607,953.8989277398607,3836,1918,0,0,3836,1918,341404,170702,261511.0,261511.0,136.3456725755996,False,True,3836,1918,0,0,3836,1918,0.00078125,565.2063081785595,0.3431848361856884,0.3431848361856884,0.3431848361856884,False,-0.46650137139710973,0.00078125,True
trial,89,89,88,956.0886379830206,956.0886379830206,953.8989277398607,953.8989277398607,3836,1918,0,0,3836,1918,345240,172620,261511.0,261511.0,136.3456725755996,False,True,3836,1918,0,0,3836,1918,0.0015625,536.068862305167,-5.366750967974957,-5.366750967974957,-5.366750967974957,False,-0.4080141329878263,0.0015625,False
trial,90,90,88,953.9207438442213,953.9207438442213,953.8989277398607,953.8989277398607,3836,1918,0,0,3836,1918,349076,174538,261511.0,261511.0,136.3456725755996,False,True,3836,1918,0,0,3836,1918,0.00078125,536.068862305167,-0.07335209466371931,-0.07335209466371931,-0.07335209466371931,False,-0.2974162423119795,0.00078125,False
trial,91,91,91,955.3240837700805,955.3240837700805,955.3240837700805,955.3240837700805,3836,1918,0,0,3836,1918,352912,176456,276786.0,276786.0,144.3096976016684,False,True,3836,1918,0,0,3836,1918,0.000390625,8811.257860612857,0.9529570069293996,0.9529570069293996,0.9529570069293996,False,-1.2940152233013806,0.000390625,True
trial,92,92,91,955.3663003694294,955.3663003694294,955.3240837700805,955.3240837700805,3836,1918,0,0,3836,1918,356748,178374,276786.0,276786.0,144.3096976016684,False,True,3836,1918,0,0,3836,1918,0.00078125,473.19778470095434,-0.15838746737878684,-0.15838746737878684,-0.15838746737878684,False,-0.26654002395223775,0.00078125,False
trial,93,93,93,955.2038872529101,955.2038872529101,955.2038872529101,955.2038872529101,3836,1918,0,0,3836,1918,360584,180292,276786.0,276786.0,144.3096976016684,False,True,3836,1918,0,0,3836,1918,0.000390625,473.19778470095434,0.7205485798090142,0.7205485798090142,0.7205485798090142,False,-0.16681250999374575,0.000390625,True
trial,94,94,93,955.2335108364633,955.2335108364633,955.2038872529101,955.2038872529101,3836,1918,0,0,3836,1918,364420,182210,276786.0,276786.0,144.3096976016684,False,True,3836,1918,0,0,3836,1918,0.00078125,201.4592946526068,-0.2355846550749322,-0.2355846550749322,-0.2355846550749322,False,-0.12574496222500778,0.00078125,False
trial,95,95,95,955.1578569172457,955.1578569172457,955.1578569172457,955.1578569172457,3836,1918,0,0,3836,1918,368256,184128,276786.0,276786.0,144.3096976016684,False,True,3836,1918,0,0,3836,1918,0.000390625,201.4592946526068,0.5755700861779743,0.5755700861779743,0.5755700861779743,False,-0.07997346764512227,0.000390625,True
trial,96,96,96,955.9560335345236,955.9560335345236,955.9560335345236,955.9560335345236,3836,1918,0,0,3836,1918,372092,186046,286786.0,286786.0,149.52346193952033,False,True,3836,1918,0,0,3836,1918,0.00078125,4570.44611030528,0.41307141343817483,0.41307141343817483,0.41307141343817483,False,-0.6085985681853937,0.00078125,True
trial,97,97,96,956.6757488820442,956.6757488820442,955.9560335345236,955.9560335345236,3836,1918,0,0,3836,1918,375928,187964,286786.0,286786.0,149.52346193952033,False,True,3836,1918,0,0,3836,1918,0.0015625,878.432663745006,-1.462115021896859,-1.462115021896859,-1.462115021896859,False,-0.49224263258501383,0.0015625,False
trial,98,98,98,955.7831523579509,955.7831523579509,955.7831523579509,955.7831523579509,3836,1918,0,0,3836,1918,379764,189882,286786.0,286786.0,149.52346193952033,False,True,3836,1918,0,0,3836,1918,0.00078125,878.432663745006,0.4124306554535147,0.4124306554535147,0.4124306554535147,False,-0.41917634949460914,0.00078125,True
trial,99,99,98,957.8607369833367,957.8607369833367,955.7831523579509,955.7831523579509,3836,1918,0,0,3836,1918,383600,191800,286786.0,286786.0,149.52346193952033,False,True,3836,1918,0,0,3836,1918,0.0015625,658.7097236620262,-7.411927571667834,-7.411927571667834,-7.411927571667834,False,-0.2803028773955257,0.0015625,False
trial,100,100,98,955.9272238464728,955.9272238464728,955.7831523579509,955.7831523579509,3836,1918,0,0,3836,1918,387436,193718,286786.0,286786.0,149.52346193952033,False,True,3836,1918,0,0,3836,1918,0.00078125,658.7097236620262,-0.6859910255584485,-0.6859910255584485,-0.6859910255584485,False,-0.21001949464943248,0.00078125,False
trial,101,101,101,955.4853870418106,955.4853870418106,955.4853870418106,955.4853870418106,3836,1918,0,0,3836,1918,391272,195636,307311.0,307311.0,160.22471324296143,False,True,3836,1918,0,0,3836,1918,0.000390625,8791.317753258692,0.9767404508390956,0.9767404508390956,0.9767404508390956,False,-1.289900913698492,0.000390625,True
trial,102,102,101,955.5988413562366,955.5988413562366,955.4853870418106,955.4853870418106,3836,1918,0,0,3836,1918,395108,197554,307311.0,307311.0,160.22471324296143,False,True,3836,1918,0,0,3836,1918,0.00078125,244.10120509893864,-0.6137567109967175,-0.6137567109967175,-0.6137567109967175,False,-0.1848522588726767,0.00078125,False
trial,103,103,103,955.4142677743034,955.4142677743034,955.4142677743034,955.4142677743034,3836,1918,0,0,3836,1918,398944,199472,307311.0,307311.0,160.22471324296143,False,True,3836,1918,0,0,3836,1918,0.000390625,244.10120509893864,0.6079502046408818,0.6079502046408818,0.6079502046408818,False,-0.1169820603138693,0.000390625,True
trial,104,104,103,955.4345591779226,955.4345591779226,955.4142677743034,955.4142677743034,3836,1918,0,0,3836,1918,402780,201390,307311.0,307311.0,160.22471324296143,False,True,3836,1918,0,0,3836,1918,0.00078125,183.20585421944742,-0.1513423895287089,-0.1513423895287089,-0.1513423895287089,False,-0.13407614140568846,0.00078125,False
trial,105,105,105,955.3590729622993,955.3590729622993,955.3590729622993,955.3590729622993,3836,1918,0,0,3836,1918,406616,203308,307311.0,307311.0,160.22471324296143,False,True,3836,1918,0,0,3836,1918,0.000390625,183.20585421944742,0.6048021202086976,0.6048021202086976,0.6048021202086976,False,-0.09126094330676018,0.000390625,True
trial,106,106,106,955.7780718633937,955.7780718633937,955.7780718633937,955.7780718633937,3836,1918,0,0,3836,1918,410452,205226,317311.0,317311.0,165.43847758081336,False,True,3836,1918,0,0,3836,1918,0.00078125,3951.403680206966,0.8223053826209705,0.8223053826209705,0.8223053826209705,False,-0.9129919066075991,0.00078125,True
trial,107,107,106,957.0787114005069,957.0787114005069,955.7780718633937,955.7780718633937,3836,1918,0,0,3836,1918,414288,207144,317311.0,317311.0,165.43847758081336,False,True,3836,1918,0,0,3836,1918,0.0015625,638.4169363582507,-3.784277386694033,-3.784277386694033,-3.784277386694033,False,-0.3436956132461042,0.0015625,False
trial,108,108,108,955.7404379414868,955.7404379414868,955.7404379414868,955.7404379414868,3836,1918,0,0,3836,1918,418124,209062,317311.0,317311.0,165.43847758081336,False,True,3836,1918,0,0,3836,1918,0.00078125,638.4169363582507,0.15003441020400932,0.15003441020400932,0.15003441020400932,False,-0.25083527076070283,0.00078125,True
trial,109,109,108,957.3099857334528,957.3099857334528,955.7404379414868,955.7404379414868,3836,1918,0,0,3836,1918,421960,210980,317311.0,317311.0,165.43847758081336,False,True,3836,1918,0,0,3836,1918,0.0015625,585.4209236944102,-5.601019014005991,-5.601019014005991,-5.601019014005991,False,-0.2802253997069379,0.0015625,False
trial,110,110,108,955.8078925679943,955.8078925679943,955.7404379414868,955.7404379414868,3836,1918,0,0,3836,1918,425796,212898,317311.0,317311.0,165.43847758081336,False,True,3836,1918,0,0,3836,1918,0.00078125,585.4209236944102,-0.29947516213910336,-0.29947516213910336,-0.29947516213910336,False,-0.22524280820369855,0.00078125,False
trial,111,111,111,960.8693075919592,960.8693075919592,960.8693075919592,960.8693075919592,3836,1918,0,0,3836,1918,429632,214816,344896.0,344896.0,179.8206465067779,False,True,3836,1918,0,0,3836,1918,0.000390625,14053.318413503875,0.9658597407527063,0.9658597407527063,0.9658597407527063,False,-1.5792569631909055,0.000390625,True
trial,112,112,112,960.741346615157,960.741346615157,960.741346615157,960.741346615157,3836,1918,0,0,3836,1918,433468,216734,344896.0,344896.0,179.8206465067779,False,True,3836,1918,0,0,3836,1918,0.00078125,451.32886425596007,0.3990592602169149,0.3990592602169149,0.3990592602169149,False,-0.320656578004663,0.00078125,True
trial,113,113,112,962.5538842981438,962.5538842981438,960.741346615157,960.741346615157,3836,1918,0,0,3836,1918,437304,218652,344896.0,344896.0,179.8206465067779,False,True,3836,1918,0,0,3836,1918,0.0015625,759.4142974152182,-3.373646026500517,-3.373646026500517,-3.373646026500517,False,-0.5372637404010394,0.0015625,False
trial,114,114,114,960.6967754822169,960.6967754822169,960.6967754822169,960.6967754822169,3836,1918,0,0,3836,1918,441140,220570,344896.0,344896.0,179.8206465067779,False,True,3836,1918,0,0,3836,1918,0.00078125,759.4142974152182,0.12820767660433033,0.12820767660433033,0.12820767660433033,False,-0.34764792655604787,0.00078125,True
trial,115,115,114,962.4812056062328,962.4812056062328,960.6967754822169,960.6967754822169,3836,1918,0,0,3836,1918,444976,222488,344896.0,344896.0,179.8206465067779,False,True,3836,1918,0,0,3836,1918,0.0015625,935.467945455228,-4.131580926138201,-4.131580926138201,-4.131580926138201,False,-0.43190007794033686,0.0015625,False
trial,116,116,116,963.1619830325775,963.1619830325775,963.1619830325775,963.1619830325775,3836,1918,0,0,3836,1918,448812,224406,354896.0,354896.0,185.03441084462983,False,True,3836,1918,0,0,3836,1918,0.00078125,3928.885984733516,0.5328028863343766,0.5328028863343766,0.5328028863343766,False,-0.8193498138329479,0.00078125,True
trial,117,117,116,964.3573198369318,964.3573198369318,963.1619830325775,963.1619830325775,3836,1918,0,0,3836,1918,452648,226324,354896.0,354896.0,185.03441084462983,False,True,3836,1918,0,0,3836,1918,0.0015625,989.6708148113789,-1.7074489133222592,-1.7074489133222592,-1.7074489133222592,False,-0.7000717825451361,0.0015625,False
trial,118,118,118,963.0433045709194,963.0433045709194,963.0433045709194,963.0433045709194,3836,1918,0,0,3836,1918,456484,228242,354896.0,354896.0,185.03441084462983,False,True,3836,1918,0,0,3836,1918,0.00078125,989.6708148113789,0.2498519932501397,0.2498519932501397,0.2498519932501397,False,-0.47499505653037927,0.00078125,True
trial,119,119,118,964.9134782939848,964.9134782939848,963.0433045709194,963.0433045709194,3836,1918,0,0,3836,1918,460320,230160,354896.0,354896.0,185.03441084462983,False,True,3836,1918,0,0,3836,1918,0.0015625,928.8220677699995,-3.737022491018163,-3.737022491018163,-3.737022491018163,False,-0.5004448668854088,0.0015625,False
trial,120,120,118,963.0650191177378,963.0650191177378,963.0433045709194,963.0433045709194,3836,1918,0,0,3836,1918,464156,232078,354896.0,354896.0,185.03441084462983,False,True,3836,1918,0,0,3836,1918,0.00078125,928.8220677699995,-0.060388191844505786,-0.060388191844505786,-0.060388191844505786,False,-0.359582662689138,0.00078125,False
trial,121,121,121,964.1451133690466,964.1451133690466,964.1451133690466,964.1451133690466,3836,1918,0,0,3836,1918,467992,233996,387666.0,387666.0,202.1199165797706,False,True,3836,1918,0,0,3836,1918,0.000390625,8430.908889448505,0.9784985776881712,0.9784985776881712,0.9784985776881712,False,-1.5993669602307345,0.000390625,True
trial,122,122,122,963.7097196695192,963.7097196695192,963.7097196695192,963.7097196695192,3836,1918,0,0,3836,1918,471828,235914,387666.0,387666.0,202.1199165797706,False,True,3836,1918,0,0,3836,1918,0.00078125,540.7956084171152,0.63189556584681,0.63189556584681,0.63189556584681,False,-0.6890279392036742,0.00078125,True
trial,123,123,122,965.4534453189494,965.4534453189494,963.7097196695192,963.7097196695192,3836,1918,0,0,3836,1918,475664,237832,387666.0,387666.0,202.1199165797706,False,True,3836,1918,0,0,3836,1918,0.0015625,817.5213355311788,-2.1881253305084094,-2.1881253305084094,-2.1881253305084094,False,-0.7969039182161635,0.0015625,False
trial,124,124,124,963.5757294222053,963.5757294222053,963.5757294222053,963.5757294222053,3836,1918,0,0,3836,1918,479500,239750,387666.0,387666.0,202.1199165797706,False,True,3836,1918,0,0,3836,1918,0.00078125,817.5213355311788,0.2507647560171469,0.2507647560171469,0.2507647560171469,False,-0.5343264717182578,0.00078125,True
trial,125,125,124,965.3841926642124,965.3841926642124,963.5757294222053,963.5757294222053,3836,1918,0,0,3836,1918,483336,241668,387666.0,387666.0,202.1199165797706,False,True,3836,1918,0,0,3836,1918,0.0015625,881.2607619889973,-3.080152604192999,-3.080152604192999,-3.080152604192999,False,-0.5871342996269766,0.0015625,False
trial,126,126,126,961.9258472843558,961.9258472843558,961.9258472843558,961.9258472843558,3836,1918,0,0,3836,1918,487172,243586,397666.0,397666.0,207.33368091762253,False,True,3836,1918,0,0,3836,1918,0.00078125,6958.258938851188,0.5700135811789016,0.5700135811789016,0.5700135811789016,False,-0.9670405308028006,0.00078125,True
trial,127,127,126,963.7405036941482,963.7405036941482,961.9258472843558,961.9258472843558,3836,1918,0,0,3836,1918,491008,245504,397666.0,397666.0,207.33368091762253,False,True,3836,1918,0,0,3836,1918,0.0015625,734.9179679765962,-2.6102763019796433,-2.6102763019796433,-2.6102763019796433,False,-0.6951970595665153,0.0015625,False
trial,128,128,126,961.9433532204546,961.9433532204546,961.9258472843558,961.9258472843558,3836,1918,0,0,3836,1918,494844,247422,397666.0,397666.0,207.33368091762253,False,True,3836,1918,0,0,3836,1918,0.00078125,734.9179679765962,-0.037542097570399745,-0.037542097570399745,-0.037542097570399745,False,-0.46630149170506097,0.00078125,False
trial,129,129,129,961.7162590521478,961.7162590521478,961.7162590521478,961.7162590521478,3836,1918,0,0,3836,1918,498680,249340,397666.0,397666.0,207.33368091762253,False,True,3836,1918,0,0,3836,1918,0.000390625,734.9179679765962,0.6933084633327764,0.6933084633327764,0.6933084633327764,False,-0.30230156314610246,0.000390625,True
trial,130,130,129,961.9586460429579,961.9586460429579,961.7162590521478,961.7162590521478,3836,1918,0,0,3836,1918,502516,251258,397666.0,397666.0,207.33368091762253,False,True,3836,1918,0,0,3836,1918,0.00078125,321.03187703838614,-2.093113602669839,-2.093113602669839,-2.093113602669839,False,-0.11580211914959879,0.00078125,False
trial,131,131,131,966.9060161563937,966.9060161563937,966.9060161563937,966.9060161563937,3836,1918,0,0,3836,1918,506352,253176,430436.0,430436.0,224.4191866527633,False,True,3836,1918,0,0,3836,1918,0.000390625,18357.263312408795,0.9322681040899455,0.9322681040899455,0.9322681040899455,False,-1.4557875463576577,0.000390625,True
trial,132,132,131,967.0797293294781,967.0797293294781,966.9060161563937,966.9060161563937,3836,1918,0,0,3836,1918,510188,255094,430436.0,430436.0,224.4191866527633,False,True,3836,1918,0,0,3836,1918,0.00078125,566.5364333866211,-0.4827236331737989,-0.4827236331737989,-0.4827236331737989,False,-0.3598605105417245,0.00078125,False
trial,133,133,133,966.8066974474935,966.8066974474935,966.8066974474935,966.8066974474935,3836,1918,0,0,3836,1918,514024,257012,430436.0,430436.0,224.4191866527633,False,True,3836,1918,0,0,3836,1918,0.000390625,566.5364333866211,0.4634294325316342,0.4634294325316342,0.4634294325316342,False,-0.2143124754885618,0.000390625,True
trial,134,134,133,967.1409589683767,967.1409589683767,966.8066974474935,966.8066974474935,3836,1918,0,0,3836,1918,517860,258930,430436.0,430436.0,224.4191866527633,False,True,3836,1918,0,0,3836,1918,0.00078125,334.97364653701345,-1.575498896340989,-1.575498896340989,-1.575498896340989,False,-0.21216233261696635,0.00078125,False
trial,135,135,135,966.7921649211601,966.7921649211601,966.7921649211601,966.7921649211601,3836,1918,0,0,3836,1918,521696,260848,430436.0,430436.0,224.4191866527633,False,True,3836,1918,0,0,3836,1918,0.000390625,334.97364653701345,0.10922706778705392,0.10922706778705392,0.10922706778705392,False,-0.133048763716836,0.000390625,True
trial,136,136,136,966.3304602097799,966.3304602097799,966.3304602097799,966.3304602097799,3836,1918,0,0,3836,1918,525532,262766,440436.0,440436.0,229.63295099061523,False,True,3836,1918,0,0,3836,1918,0.00078125,6077.571200140571,0.006946533125539082,0.006946533125539082,0.006946533125539082,False,-0.5599497515199842,0.00078125,True
trial,137,137,137,965.9793941607377,965.9793941607377,965.9793941607377,965.9793941607377,3836,1918,0,0,3836,1918,529368,264684,440436.0,440436.0,229.63295099061523,False,True,3836,1918,0,0,3836,1918,0.000390625,1062.4333099370817,0.7585863424385286,0.7585863424385286,0.7585863424385286,False,-0.46278983604377577,0.000390625,True
trial,138,138,137,966.2450254792935,966.2450254792935,965.9793941607377,965.9793941607377,3836,1918,0,0,3836,1918,533204,266602,440436.0,440436.0,229.63295099061523,False,True,3836,1918,0,0,3836,1918,0.00078125,355.92896571772997,-1.8239071356642995,-1.8239071356642995,-1.8239071356642995,False,-0.1456386201697159,0.00078125,False
trial,139,139,139,965.9785166963592,965.9785166963592,965.9785166963592,965.9785166963592,3836,1918,0,0,3836,1918,537040,268520,440436.0,440436.0,229.63295099061523,False,True,3836,1918,0,0,3836,1918,0.000390625,355.92896571772997,0.009484904928119195,0.009484904928119195,0.009484904928119195,False,-0.09251166829339552,0.000390625,True
trial,140,140,140,965.9383786898889,965.9383786898889,965.9383786898889,965.9383786898889,3836,1918,0,0,3836,1918,540876,270438,440436.0,440436.0,229.63295099061523,False,True,3836,1918,0,0,3836,1918,0.0001953125,289.9746525000281,0.613069425642787,0.613069425642787,0.613069425642787,False,-0.06547057281195406,0.0001953125,True
trial,141,141,141,963.0619552144673,963.0619552144673,963.0619552144673,963.0619552144673,3836,1918,0,0,3836,1918,544712,272356,473206.0,473206.0,246.718456725756,False,True,3836,1918,0,0,3836,1918,0.000390625,6023.12745426205,0.935851145663432,0.935851145663432,0.935851145663432,False,-1.1102498076828227,0.000390625,True
trial,142,142,142,962.6449229931216,962.6449229931216,962.6449229931216,962.6449229931216,3836,1918,0,0,3836,1918,548548,274274,473206.0,473206.0,246.718456725756,False,True,3836,1918,0,0,3836,1918,0.00078125,634.137358977383,0.41557895328497146,0.41557895328497146,0.41557895328497146,False,-1.0034969722341862,0.00078125,True
trial,143,143,142,964.7286840742073,964.7286840742073,962.6449229931216,962.6449229931216,3836,1918,0,0,3836,1918,552384,276192,473206.0,473206.0,246.718456725756,False,True,3836,1918,0,0,3836,1918,0.0015625,1241.550060745169,-1.197666213489948,-1.197666213489948,-1.197666213489948,False,-1.7398512687552263,0.0015625,False
trial,144,144,144,962.0394855527559,962.0394855527559,962.0394855527559,962.0394855527559,3836,1918,0,0,3836,1918,556220,278110,473206.0,473206.0,246.718456725756,False,True,3836,1918,0,0,3836,1918,0.00078125,1241.550060745169,0.5109365747521531,0.5109365747521531,0.5109365747521531,False,-1.1849561575414018,0.00078125,True
trial,145,145,144,965.025236390437,965.025236390437,962.0394855527559,962.0394855527559,3836,1918,0,0,3836,1918,560056,280028,473206.0,473206.0,246.718456725756,False,True,3836,1918,0,0,3836,1918,0.0015625,1261.770002747407,-3.462049891317278,-3.462049891317278,-3.462049891317278,False,-0.8624228221463082,0.0015625,False
trial,146,146,146,960.8663284895028,960.8663284895028,960.8663284895028,960.8663284895028,3836,1918,0,0,3836,1918,563892,281946,483206.0,483206.0,251.93222106360793,False,True,3836,1918,0,0,3836,1918,0.00078125,4866.366535933721,0.4679702084814858,0.4679702084814858,0.4679702084814858,False,-1.0192346156398395,0.00078125,True
trial,147,147,146,963.5686469512832,963.5686469512832,960.8663284895028,960.8663284895028,3836,1918,0,0,3836,1918,567728,283864,483206.0,483206.0,251.93222106360793,False,True,3836,1918,0,0,3836,1918,0.0015625,1231.0598206767813,-2.859256910866873,-2.859256910866873,-2.859256910866873,False,-0.9451121553680389,0.0015625,False
trial,148,148,148,960.6768866549187,960.6768866549187,960.6768866549187,960.6768866549187,3836,1918,0,0,3836,1918,571564,285782,483206.0,483206.0,251.93222106360793,False,True,3836,1918,0,0,3836,1918,0.00078125,1231.0598206767813,0.2661438365119787,0.2661438365119787,0.2661438365119787,False,-0.7118024488823065,0.00078125,True
trial,149,149,148,963.6287678416247,963.6287678416247,960.6768866549187,960.6768866549187,3836,1918,0,0,3836,1918,575400,287700,483206.0,483206.0,251.93222106360793,False,True,3836,1918,0,0,3836,1918,0.0015625,1192.15694711345,-3.8520795604513522,-3.8520795604513522,-3.8520795604513522,False,-0.7663084680317862,0.0015625,False
trial,150,150,148,960.8391007608315,960.8391007608315,960.6768866549187,960.6768866549187,3836,1918,0,0,3836,1918,579236,289618,483206.0,483206.0,251.93222106360793,False,True,3836,1918,0,0,3836,1918,0.00078125,1192.15694711345,-0.3062205476808787,-0.3062205476808787,-0.3062205476808787,False,-0.5297296577296149,0.00078125,False
trial,151,151,151,957.5996290883763,957.5996290883763,957.5996290883763,957.5996290883763,3836,1918,0,0,3836,1918,583072,291536,515976.0,515976.0,269.0177267987487,False,True,3836,1918,0,0,3836,1918,0.000390625,6562.479295037897,0.9367929742623281,0.9367929742623281,0.9367929742623281,False,-1.673740355657124,0.000390625,True
trial,152,152,152,957.5917654950056,957.5917654950056,957.5917654950056,957.5917654950056,3836,1918,0,0,3836,1918,586908,293454,515976.0,515976.0,269.0177267987487,False,True,3836,1918,0,0,3836,1918,0.00078125,591.6559615601777,0.013454864613815875,0.013454864613815875,0.013454864613815875,False,-0.5844424003109469,0.00078125,True
trial,153,153,153,957.13790327708,957.13790327708,957.13790327708,957.13790327708,3836,1918,0,0,3836,1918,590744,295372,515976.0,515976.0,269.0177267987487,False,True,3836,1918,0,0,3836,1918,0.000390625,1413.0923009636247,0.7895537827054396,0.7895537827054396,0.7895537827054396,False,-0.5748338211621217,0.000390625,True
trial,154,154,153,957.3314908170155,957.3314908170155,957.13790327708,957.13790327708,3836,1918,0,0,3836,1918,594580,297290,515976.0,515976.0,269.0177267987487,False,True,3836,1918,0,0,3836,1918,0.00078125,493.28107053652843,-0.9136086707903446,-0.9136086707903446,-0.9136086707903446,False,-0.2118932822386898,0.00078125,False
trial,155,155,155,957.066573443494,957.066573443494,957.066573443494,957.066573443494,3836,1918,0,0,3836,1918,598416,299208,515976.0,515976.0,269.0177267987487,False,True,3836,1918,0,0,3836,1918,0.000390625,493.28107053652843,0.49807715996868884,0.49807715996868884,0.49807715996868884,False,-0.143210408585039,0.000390625,True
trial,156,156,155,958.7354319634155,958.7354319634155,958.7183222068436,958.7183222068436,3836,1918,0,0,3836,1918,602252,301126,525976.0,525976.0,274.23149113660065,False,True,3836,1918,0,0,3836,1918,0.00078125,3265.6222766974633,-0.03132617667051882,-0.03132617667051882,-0.03132617667051882,False,-0.5461808107603676,0.00078125,False
trial,157,157,157,958.3813865377106,958.3813865377106,958.3813865377106,958.3813865377106,3836,1918,0,0,3836,1918,606088,303044,525976.0,525976.0,274.23149113660065,False,True,3836,1918,0,0,3836,1918,0.000390625,3265.6222766974633,0.7770229785108801,0.7770229785108801,0.7770229785108801,False,-0.43362381609195727,0.000390625,True
trial,158,158,157,958.6560223691315,958.6560223691315,958.3813865377106,958.3813865377106,3836,1918,0,0,3836,1918,609924,304962,525976.0,525976.0,274.23149113660065,False,True,3836,1918,0,0,3836,1918,0.00078125,376.39990771015385,-1.6293531960400376,-1.6293531960400376,-1.6293531960400376,False,-0.1685551248731149,0.00078125,False
trial,159,159,159,958.3702412364655,958.3702412364655,958.3702412364655,958.3702412364655,3836,1918,0,0,3836,1918,613760,306880,525976.0,525976.0,274.23149113660065,False,True,3836,1918,0,0,3836,1918,0.000390625,376.39990771015385,0.10660631649051655,0.10660631649051655,0.10660631649051655,False,-0.10454634970942409,0.000390625,True
trial,160,160,159,958.7563066842678,958.7563066842678,958.3702412364655,958.3702412364655,3836,1918,0,0,3836,1918,617596,308798,525976.0,525976.0,274.23149113660065,False,True,3836,1918,0,0,3836,1918,0.00078125,360.1126595633593,-1.7774817694063232,-1.7774817694063232,-1.7774817694063232,False,-0.21719797887502268,0.00078125,False
trial,161,161,161,960.7266131905686,960.7266131905686,960.7266131905686,960.7266131905686,3836,1918,0,0,3836,1918,621432,310716,558746.0,558746.0,291.3169968717414,False,True,3836,1918,0,0,3836,1918,0.000390625,7276.372659695234,0.907222540606005,0.907222540606005,0.907222540606005,False,-0.9461794009704456,0.000390625,True
trial,162,162,161,961.0059921903792,961.0059921903792,960.7266131905686,960.7266131905686,3836,1918,0,0,3836,1918,625268,312634,558746.0,558746.0,291.3169968717414,False,True,3836,1918,0,0,3836,1918,0.00078125,382.1943032920437,-1.345523972548884,-1.345523972548884,-1.345523972548884,False,-0.20763583965085888,0.00078125,False
trial,163,163,163,960.6506639818817,960.6506639818817,960.6506639818817,960.6506639818817,3836,1918,0,0,3836,1918,629104,314552,558746.0,558746.0,291.3169968717414,False,True,3836,1918,0,0,3836,1918,0.000390625,382.1943032920437,0.5010953038956452,0.5010953038956452,0.5010953038956452,False,-0.15156639484833373,0.000390625,True
trial,164,164,163,961.1242315746379,961.1242315746379,960.6506639818817,960.6506639818817,3836,1918,0,0,3836,1918,632940,316470,558746.0,558746.0,291.3169968717414,False,True,3836,1918,0,0,3836,1918,0.00078125,335.1612405666472,-2.597622818580395,-2.597622818580395,-2.597622818580395,False,-0.18230806619374074,0.00078125,False
trial,165,165,163,960.6594201495177,960.6594201495177,960.6506639818817,960.6506639818817,3836,1918,0,0,3836,1918,636776,318388,558746.0,558746.0,291.3169968717414,False,True,3836,1918,0,0,3836,1918,0.000390625,335.1612405666472,-0.08294456600945864,-0.08294456600945864,-0.08294456600945864,False,-0.10556650130602918,0.000390625,False
trial,166,166,166,960.0964474342845,960.0964474342845,960.0964474342845,960.0964474342845,3836,1918,0,0,3836,1918,640612,320306,689821.0,689821.0,359.65641293013556,False,True,3836,1918,0,0,3836,1918,0.0001953125,26731.320060964936,0.9906258687069648,0.9906258687069648,0.9906258687069648,False,-3.5652569207127875,0.0001953125,True
trial,167,167,167,959.2609368396154,959.2609368396154,959.2609368396154,959.2609368396154,3836,1918,0,0,3836,1918,644448,322224,689821.0,689821.0,359.65641293013556,False,True,3836,1918,0,0,3836,1918,0.000390625,1339.5446790743852,0.9114921028755192,0.9114921028755192,0.9114921028755192,False,-0.9166405194661738,0.000390625,True
trial,168,168,168,958.762712175659,958.762712175659,958.762712175659,958.762712175659,3836,1918,0,0,3836,1918,648284,324142,689821.0,689821.0,359.65641293013556,False,True,3836,1918,0,0,3836,1918,0.00078125,669.134027909503,0.5971166883757825,0.5971166883757825,0.5971166883757825,False,-0.834384088831351,0.00078125,True
trial,169,169,168,960.9322404042645,960.9322404042645,958.762712175659,958.762712175659,3836,1918,0,0,3836,1918,652120,326060,689821.0,689821.0,359.65641293013556,False,True,3836,1918,0,0,3836,1918,0.0015625,1285.5821594505164,-2.2412922228759653,-2.2412922228759653,-2.2412922228759653,False,-0.9679809738605198,0.0015625,False
trial,170,170,170,958.3789523945952,958.3789523945952,958.3789523945952,958.3789523945952,3836,1918,0,0,3836,1918,655956,327978,689821.0,689821.0,359.65641293013556,False,True,3836,1918,0,0,3836,1918,0.00078125,1285.5821594505164,0.5149272362050378,0.5149272362050378,0.5149272362050378,False,-0.7452699218088175,0.00078125,True
trial,171,171,170,961.8746107002252,961.8746107002252,959.7184269374877,959.7184269374877,3836,1918,0,0,3836,1918,659792,329896,699821.0,699821.0,364.8701772679875,False,True,3836,1918,0,0,3836,1918,0.0015625,8101.237765746752,-2.625901107871837,-2.625901107871837,-2.625901107871837,False,-0.8211214642751424,0.0015625,False
trial,172,172,172,959.3974986060445,959.3974986060445,959.3974986060445,959.3974986060445,3836,1918,0,0,3836,1918,663628,331814,699821.0,699821.0,364.8701772679875,False,True,3836,1918,0,0,3836,1918,0.00078125,8101.237765746752,0.46391952426492006,0.46391952426492006,0.46391952426492006,False,-0.6917758677041673,0.00078125,True
trial,173,173,172,961.2187374891325,961.2187374891325,959.3974986060445,959.3974986060445,3836,1918,0,0,3836,1918,667464,333732,699821.0,699821.0,364.8701772679875,False,True,3836,1918,0,0,3836,1918,0.0015625,1086.1700698163504,-3.6377495371971578,-3.6377495371971578,-3.6377495371971578,False,-0.5006498837991271,0.0015625,False
trial,174,174,174,959.2918829019019,959.2918829019019,959.2918829019019,959.2918829019019,3836,1918,0,0,3836,1918,671300,335650,699821.0,699821.0,364.8701772679875,False,True,3836,1918,0,0,3836,1918,0.00078125,1086.1700698163504,0.24885737858717055,0.24885737858717055,0.24885737858717055,False,-0.4244025423002257,0.00078125,True
trial,175,175,174,962.8873578487595,962.8873578487595,959.2918829019019,959.2918829019019,3836,1918,0,0,3836,1918,675136,337568,699821.0,699821.0,364.8701772679875,False,True,3836,1918,0,0,3836,1918,0.0015625,1069.1750005139656,-8.273014285349747,-8.273014285349747,-8.273014285349747,False,-0.4346027726828251,0.0015625,False
trial,176,176,176,957.9846194023911,957.9846194023911,957.9846194023911,957.9846194023911,3836,1918,0,0,3836,1918,678972,339486,709821.0,709821.0,370.0839416058394,False,True,3836,1918,0,0,3836,1918,0.00078125,9030.232651845517,0.4967475786923408,0.4967475786923408,0.4967475786923408,False,-0.5609428784616906,0.00078125,True
trial,177,177,176,960.0767646536666,960.0767646536666,957.9846194023911,957.9846194023911,3836,1918,0,0,3836,1918,682808,341404,709821.0,709821.0,370.0839416058394,False,True,3836,1918,0,0,3836,1918,0.0015625,1036.1334606667074,-5.8401926429080575,-5.8401926429080575,-5.8401926429080575,False,-0.35823223294116147,0.0015625,False
trial,178,178,178,957.9518639537275,957.9518639537275,957.9518639537275,957.9518639537275,3836,1918,0,0,3836,1918,686644,343322,709821.0,709821.0,370.0839416058394,False,True,3836,1918,0,0,3836,1918,0.00078125,1036.1334606667074,0.1123105138822793,0.1123105138822793,0.1123105138822793,False,-0.29165077721852806,0.00078125,True
trial,179,179,178,960.9727871042733,960.9727871042733,957.9518639537275,957.9518639537275,3836,1918,0,0,3836,1918,690480,345240,709821.0,709821.0,370.0839416058394,False,True,3836,1918,0,0,3836,1918,0.0015625,1077.4179244949553,-9.849380341742995,-9.849380341742995,-9.849380341742995,False,-0.3067120007278695,0.0015625,False
trial,180,180,178,958.0718709705193,958.0718709705193,957.9518639537275,957.9518639537275,3836,1918,0,0,3836,1918,694316,347158,709821.0,709821.0,370.0839416058394,False,True,3836,1918,0,0,3836,1918,0.00078125,1077.4179244949553,-0.4623098424878774,-0.4623098424878774,-0.4623098424878774,False,-0.25958135813408945,0.00078125,False
trial,181,181,181,961.5934506716582,961.5934506716582,961.5934506716582,961.5934506716582,3836,1918,0,0,3836,1918,698152,349076,742591.0,742591.0,387.1694473409802,False,True,3836,1918,0,0,3836,1918,0.000390625,15196.349735578471,0.9682825522270858,0.9682825522270858,0.9682825522270858,False,-1.5614019074310521,0.000390625,True
trial,182,182,181,961.6637673045936,961.6637673045936,961.5934506716582,961.5934506716582,3836,1918,0,0,3836,1918,701988,350994,742591.0,742591.0,387.1694473409802,False,True,3836,1918,0,0,3836,1918,0.00078125,446.4518132804906,-0.3461043294881968,-0.3461043294881968,-0.3461043294881968,False,-0.20316600211117897,0.00078125,False
trial,183,183,183,961.4921668324737,961.4921668324737,961.4921668324737,961.4921668324737,3836,1918,0,0,3836,1918,705824,352912,742591.0,742591.0,387.1694473409802,False,True,3836,1918,0,0,3836,1918,0.000390625,446.4518132804906,0.7168650318905424,0.7168650318905424,0.7168650318905424,False,-0.14128718054131592,0.000390625,True
trial,184,184,183,961.7238615441389,961.7238615441389,961.4921668324737,961.4921668324737,3836,1918,0,0,3836,1918,709660,354830,742591.0,742591.0,387.1694473409802,False,True,3836,1918,0,0,3836,1918,0.00078125,328.6161282415502,-1.6351993755041847,-1.6351993755041847,-1.6351993755041847,False,-0.14169202553284263,0.00078125,False
trial,185,185,185,961.4464466207535,961.4464466207535,961.4464466207535,961.4464466207535,3836,1918,0,0,3836,1918,713496,356748,742591.0,742591.0,387.1694473409802,False,True,3836,1918,0,0,3836,1918,0.000390625,328.6161282415502,0.49232907650922425,0.49232907650922425,0.49232907650922425,False,-0.09286514630494726,0.000390625,True
trial,186,186,185,958.934065815425,958.934065815425,958.8547837122607,958.8547837122607,3836,1918,0,0,3836,1918,717332,358666,752591.0,752591.0,392.38321167883214,False,True,3836,1918,0,0,3836,1918,0.00078125,7005.199985643945,-0.1684240389245934,-0.1684240389245934,-0.1684240389245934,False,-0.4707291409859603,0.00078125,False
trial,187,187,187,958.5191748974682,958.5191748974682,958.5191748974682,958.5191748974682,3836,1918,0,0,3836,1918,721168,360584,752591.0,752591.0,392.38321167883214,False,True,3836,1918,0,0,3836,1918,0.000390625,7005.199985643945,0.8067003113142691,0.8067003113142691,0.8067003113142691,False,-0.41602663354082187,0.000390625,True
trial,188,188,187,958.684662933508,958.684662933508,958.5191748974682,958.5191748974682,3836,1918,0,0,3836,1918,725004,362502,752591.0,752591.0,392.38321167883214,False,True,3836,1918,0,0,3836,1918,0.00078125,527.293013937903,-0.9420664841107339,-0.9420664841107339,-0.9420664841107339,False,-0.17566492262586508,0.00078125,False
trial,189,189,189,958.4408170174777,958.4408170174777,958.4408170174777,958.4408170174777,3836,1918,0,0,3836,1918,728840,364420,752591.0,752591.0,392.38321167883214,False,True,3836,1918,0,0,3836,1918,0.000390625,527.293013937903,0.625845744970463,0.625845744970463,0.625845744970463,False,-0.12520318404379466,0.000390625,True
trial,190,190,189,958.6112416524177,958.6112416524177,958.4408170174777,958.4408170174777,3836,1918,0,0,3836,1918,732676,366338,752591.0,752591.0,392.38321167883214,False,True,3836,1918,0,0,3836,1918,0.00078125,358.90922194122766,-1.8652132030260673,-1.8652132030260673,-1.8652132030260673,False,-0.09137005606838886,0.00078125,False
trial,191,191,191,956.8826014071665,956.8826014071665,956.8826014071665,956.8826014071665,3836,1918,0,0,3836,1918,736512,368256,785361.0,785361.0,409.4687174139729,False,True,3836,1918,0,0,3836,1918,0.000390625,4630.051772713061,0.9276396538510218,0.9276396538510218,0.9276396538510218,False,-0.7290121638306772,0.000390625,True
trial,192,192,191,957.1314877066147,957.1314877066147,956.8826014071665,956.8826014071665,3836,1918,0,0,3836,1918,740348,370174,785361.0,785361.0,409.4687174139729,False,True,3836,1918,0,0,3836,1918,0.00078125,521.581424316354,-1.2550596161793135,-1.2550596161793135,-1.2550596161793135,False,-0.1983063563194912,0.00078125,False
trial,193,193,193,956.8108517133259,956.8108517133259,956.8108517133259,956.8108517133259,3836,1918,0,0,3836,1918,744184,372092,785361.0,785361.0,409.4687174139729,False,True,3836,1918,0,0,3836,1918,0.000390625,521.581424316354,0.5496517339151882,0.5496517339151882,0.5496517339151882,False,-0.13053664604956333,0.000390625,True
trial,194,194,193,957.117771716031,957.117771716031,956.8108517133259,956.8108517133259,3836,1918,0,0,3836,1918,748020,374010,785361.0,785361.0,409.4687174139729,False,True,3836,1918,0,0,3836,1918,0.00078125,464.44361504731097,-2.0024599965992746,-2.0024599965992746,-2.0024599965992746,False,-0.15327147769563612,0.00078125,False
trial,195,195,195,956.7801888129821,956.7801888129821,956.7801888129821,956.7801888129821,3836,1918,0,0,3836,1918,751856,375928,785361.0,785361.0,409.4687174139729,False,True,3836,1918,0,0,3836,1918,0.000390625,464.44361504731097,0.31312343368252415,0.31312343368252415,0.31312343368252415,False,-0.09792592008556883,0.000390625,True
trial,196,196,195,956.295983258908,956.295983258908,956.1097240806299,956.1097240806299,3836,1918,0,0,3836,1918,755692,377846,795361.0,795361.0,414.6824817518248,False,True,3836,1918,0,0,3836,1918,0.00078125,1551.3405952737983,-0.6191790418299886,-0.6191790418299886,-0.6191790418299886,False,-0.3008163482529831,0.00078125,False
trial,197,197,197,955.9575975031926,955.9575975031926,955.9575975031926,955.9575975031926,3836,1918,0,0,3836,1918,759528,379764,795361.0,795361.0,414.6824817518248,False,True,3836,1918,0,0,3836,1918,0.000390625,1551.3405952737983,0.6885212463119879,0.6885212463119879,0.6885212463119879,False,-0.22094681645947428,0.000390625,True
trial,198,198,197,956.5002359727868,956.5002359727868,955.9575975031926,955.9575975031926,3836,1918,0,0,3836,1918,763364,381682,795361.0,795361.0,414.6824817518248,False,True,3836,1918,0,0,3836,1918,0.00078125,463.89200654586074,-3.6418231407134973,-3.6418231407134973,-3.6418231407134973,False,-0.1490018731354066,0.00078125,False
trial,199,199,197,955.9695141089846,955.9695141089846,955.9575975031926,955.9575975031926,3836,1918,0,0,3836,1918,767200,383600,795361.0,795361.0,414.6824817518248,False,True,3836,1918,0,0,3836,1918,0.000390625,463.89200654586074,-0.1213294804650576,-0.1213294804650576,-0.1213294804650576,False,-0.09821690282023818,0.000390625,False
trial,200,200,200,955.914556114677,955.914556114677,955.914556114677,955.914556114677,3836,1918,0,0,3836,1918,771036,385518,795361.0,795361.0,414.6824817518248,False,True,3836,1918,0,0,3836,1918,0.0001953125,463.89200654586074,0.6752182995076518,0.6752182995076518,0.6752182995076518,False,-0.06374440465692394,0.0001953125,True
trial,201,201,201,954.5523751259882,954.5523751259882,954.5523751259882,954.5523751259882,3836,1918,0,0,3836,1918,774872,387436,828131.0,828131.0,431.7679874869656,False,True,3836,1918,0,0,3836,1918,0.000390625,13830.707249433442,0.8362803282326481,0.8362803282326481,0.8362803282326481,False,-0.6454632845198173,0.000390625,True
trial,202,202,201,954.9488179610711,954.9488179610711,954.5523751259882,954.5523751259882,3836,1918,0,0,3836,1918,778708,389354,828131.0,828131.0,431.7679874869656,False,True,3836,1918,0,0,3836,1918,0.00078125,516.6921658170352,-1.5088844488024975,-1.5088844488024975,-1.5088844488024975,False,-0.26273902908703484,0.00078125,False
trial,203,203,203,954.511263292158,954.511263292158,954.511263292158,954.511263292158,3836,1918,0,0,3836,1918,782544,391272,828131.0,828131.0,431.7679874869656,False,True,3836,1918,0,0,3836,1918,0.000390625,516.6921658170352,0.23307274088063995,0.23307274088063995,0.23307274088063995,False,-0.1763905709216091,0.000390625,True
trial,204,204,203,955.1032608244645,955.1032608244645,954.511263292158,954.511263292158,3836,1918,0,0,3836,1918,786380,393190,828131.0,828131.0,431.7679874869656,False,True,3836,1918,0,0,3836,1918,0.00078125,619.610830518021,-3.249483037405899,-3.249483037405899,-3.249483037405899,False,-0.18218206572918402,0.00078125,False
trial,205,205,203,954.520712772623,954.520712772623,954.511263292158,954.511263292158,3836,1918,0,0,3836,1918,790216,395108,828131.0,828131.0,431.7679874869656,False,True,3836,1918,0,0,3836,1918,0.000390625,619.610830518021,-0.073331035770763,-0.073331035770763,-0.073331035770763,False,-0.1288605890495847,0.000390625,False
trial,206,206,206,949.3879044693376,949.3879044693376,949.3879044693376,949.3879044693376,3836,1918,0,0,3836,1918,794052,397026,959206.0,959206.0,500.1074035453598,False,True,3836,1918,0,0,3836,1918,0.0001953125,25587.281585791083,0.9934769504363222,0.9934769504363222,0.9934769504363222,False,-2.1432891206894404,0.0001953125,True
trial,207,207,207,948.8149033063598,948.8149033063598,948.8149033063598,948.8149033063598,3836,1918,0,0,3836,1918,797888,398944,959206.0,959206.0,500.1074035453598,False,True,3836,1918,0,0,3836,1918,0.000390625,956.9352705730172,0.9166844102635151,0.9166844102635151,0.9166844102635151,False,-0.6250800783369612,0.000390625,True
trial,208,208,207,949.0065743467931,949.0065743467931,948.8149033063598,948.8149033063598,3836,1918,0,0,3836,1918,801724,400862,959206.0,959206.0,500.1074035453598,False,True,3836,1918,0,0,3836,1918,0.00078125,723.1799487341848,-0.6820867171874553,-0.6820867171874553,-0.6820867171874553,False,-0.2810068508936298,0.00078125,False
trial,209,209,209,948.6672743894593,948.6672743894593,948.6672743894593,948.6672743894593,3836,1918,0,0,3836,1918,805560,402780,959206.0,959206.0,500.1074035453598,False,True,3836,1918,0,0,3836,1918,0.000390625,723.1799487341848,0.6816057922968156,0.6816057922968156,0.6816057922968156,False,-0.21658988020491582,0.000390625,True
trial,210,210,209,949.0959919991311,949.0959919991311,948.6672743894593,948.6672743894593,3836,1918,0,0,3836,1918,809396,404698,959206.0,959206.0,500.1074035453598,False,True,3836,1918,0,0,3836,1918,0.00078125,676.503784520286,-3.1101329740962647,-3.1101329740962647,-3.1101329740962647,False,-0.13784542758863777,0.00078125,False
trial,211,211,211,950.2648121462115,950.2648121462115,950.2648121462115,950.2648121462115,3836,1918,0,0,3836,1918,813232,406616,991976.0,991976.0,517.1929092805005,False,True,3836,1918,0,0,3836,1918,0.000390625,9663.170924361622,0.8261668265334291,0.8261668265334291,0.8261668265334291,False,-0.5738285523250594,0.000390625,True
trial,212,212,211,950.4949390974862,950.4949390974862,950.2648121462115,950.2648121462115,3836,1918,0,0,3836,1918,817068,408534,991976.0,991976.0,517.1929092805005,False,True,3836,1918,0,0,3836,1918,0.00078125,1210.9324698155674,-0.732127577167454,-0.732127577167454,-0.732127577167454,False,-0.31432629838231124,0.00078125,False
trial,213,213,213,950.1300072005445,950.1300072005445,950.1300072005445,950.1300072005445,3836,1918,0,0,3836,1918,820904,410452,991976.0,991976.0,517.1929092805005,False,True,3836,1918,0,0,3836,1918,0.000390625,1210.9324698155674,0.6239835247063291,0.6239835247063291,0.6239835247063291,False,-0.2160392707972327,0.000390625,True
trial,214,214,213,950.5891394083684,950.5891394083684,950.1300072005445,950.1300072005445,3836,1918,0,0,3836,1918,824740,412370,991976.0,991976.0,517.1929092805005,False,True,3836,1918,0,0,3836,1918,0.00078125,650.0690403691043,-3.165338064871609,-3.165338064871609,-3.165338064871609,False,-0.1450499752046391,0.00078125,False
trial,215,215,215,950.0980504944483,950.0980504944483,950.0980504944483,950.0980504944483,3836,1918,0,0,3836,1918,828576,414288,991976.0,991976.0,517.1929092805005,False,True,3836,1918,0,0,3836,1918,0.000390625,650.0690403691043,0.3260275221488433,0.3260275221488433,0.3260275221488433,False,-0.0980184307309786,0.000390625,True
trial,216,216,215,951.7889037465733,951.7889037465733,951.2491376562227,951.2491376562227,3836,1918,0,0,3836,1918,832412,416206,1001976.0,1001976.0,522.4066736183524,False,True,3836,1918,0,0,3836,1918,0.00078125,5921.583301237838,-1.458110528530697,-1.458110528530697,-1.458110528530697,False,-0.37018187564591776,0.00078125,False
trial,217,217,217,951.084818268811,951.084818268811,951.084818268811,951.084818268811,3836,1918,0,0,3836,1918,836248,418124,1001976.0,1001976.0,522.4066736183524,False,True,3836,1918,0,0,3836,1918,0.000390625,5921.583301237838,0.5465402848111774,0.5465402848111774,0.5465402848111774,False,-0.30065375230029323,0.000390625,True
trial,218,218,217,951.5151554202104,951.5151554202104,951.084818268811,951.084818268811,3836,1918,0,0,3836,1918,840084,420042,1001976.0,1001976.0,522.4066736183524,False,True,3836,1918,0,0,3836,1918,0.00078125,777.7886706623855,-1.823639908349141,-1.823639908349141,-1.823639908349141,False,-0.23597704208444858,0.00078125,False
trial,219,219,219,951.0487855297192,951.0487855297192,951.0487855297192,951.0487855297192,3836,1918,0,0,3836,1918,843920,421960,1001976.0,1001976.0,522.4066736183524,False,True,3836,1918,0,0,3836,1918,0.000390625,777.7886706623855,0.2288149726212072,0.2288149726212072,0.2288149726212072,False,-0.15747544262062968,0.000390625,True
trial,220,220,219,951.8037582673014,951.8037582673014,951.0487855297192,951.0487855297192,3836,1918,0,0,3836,1918,847756,423878,1001976.0,1001976.0,522.4066736183524,False,True,3836,1918,0,0,3836,1918,0.00078125,721.3196789436578,-4.072370443148851,-4.072370443148851,-4.072370443148851,False,-0.18538901313664155,0.00078125,False
trial,221,221,221,952.1817601032171,952.1817601032171,952.1817601032171,952.1817601032171,3836,1918,0,0,3836,1918,851592,425796,1034746.0,1034746.0,539.4921793534933,False,True,3836,1918,0,0,3836,1918,0.000390625,11335.355374595541,0.8946249900361233,0.8946249900361233,0.8946249900361233,False,-0.8142125084300786,0.000390625,True
trial,222,222,221,952.5853223996603,952.5853223996603,952.1817601032171,952.1817601032171,3836,1918,0,0,3836,1918,855428,427714,1034746.0,1034746.0,539.4921793534933,False,True,3836,1918,0,0,3836,1918,0.00078125,815.3391736626212,-2.3302590298372765,-2.3302590298372765,-2.3302590298372765,False,-0.17318344925428764,0.00078125,False
trial,223,223,221,952.2442864415677,952.2442864415677,952.1817601032171,952.1817601032171,3836,1918,0,0,3836,1918,859264,429632,1034746.0,1034746.0,539.4921793534933,False,True,3836,1918,0,0,3836,1918,0.000390625,815.3391736626212,-0.5678604349010841,-0.5678604349010841,-0.5678604349010841,False,-0.11010863674892152,0.000390625,False
trial,224,224,224,952.1546395395745,952.1546395395745,952.1546395395745,952.1546395395745,3836,1918,0,0,3836,1918,863100,431550,1034746.0,1034746.0,539.4921793534933,False,True,3836,1918,0,0,3836,1918,0.0001953125,815.3391736626212,0.4039596613827977,0.4039596613827977,0.4039596613827977,False,-0.06713681150677493,0.0001953125,True
trial,225,225,224,952.1773613088757,952.1773613088757,952.1546395395745,952.1546395395745,3836,1918,0,0,3836,1918,866936,433468,1034746.0,1034746.0,539.4921793534933,False,True,3836,1918,0,0,3836,1918,0.000390625,254.93906133800684,-0.19211315278639474,-0.19211315278639474,-0.19211315278639474,False,-0.11827284582855324,0.000390625,False
trial,226,226,226,949.3032879811377,949.3032879811377,949.3032879811377,949.3032879811377,3836,1918,0,0,3836,1918,870772,435386,1165821.0,1165821.0,607.8315954118874,False,True,3836,1918,0,0,3836,1918,0.0001953125,25836.932941592404,0.9944203330190655,0.9944203330190655,0.9944203330190655,False,-1.7717409479661286,0.0001953125,True
trial,227,227,227,949.043107047411,949.043107047411,949.043107047411,949.043107047411,3836,1918,0,0,3836,1918,874608,437304,1165821.0,1165821.0,607.8315954118874,False,True,3836,1918,0,0,3836,1918,0.000390625,497.09392844714773,0.7870106678992773,0.7870106678992773,0.7870106678992773,False,-0.33059390976387587,0.000390625,True
trial,228,228,227,949.2658259338912,949.2658259338912,949.043107047411,949.043107047411,3836,1918,0,0,3836,1918,878444,439222,1165821.0,1165821.0,607.8315954118874,False,True,3836,1918,0,0,3836,1918,0.00078125,626.7596194986652,-0.9510631915426259,-0.9510631915426259,-0.9510631915426259,False,-0.23417885211065897,0.00078125,False
trial,229,229,229,948.9570779474691,948.9570779474691,948.9570779474691,948.9570779474691,3836,1918,0,0,3836,1918,882280,441140,1165821.0,1165821.0,607.8315954118874,False,True,3836,1918,0,0,3836,1918,0.000390625,626.7596194986652,0.5314390140496213,0.5314390140496213,0.5314390140496213,False,-0.161879533996524,0.000390625,True
trial,230,230,229,949.8228765068875,949.8228765068875,948.9570779474691,948.9570779474691,3836,1918,0,0,3836,1918,886116,443058,1165821.0,1165821.0,607.8315954118874,False,True,3836,1918,0,0,3836,1918,0.00078125,678.1656499557008,-4.408966730413192,-4.408966730413192,-4.408966730413192,False,-0.1963722142528549,0.00078125,False
trial,231,231,231,949.7806691502775,949.7806691502775,949.7806691502775,949.7806691502775,3836,1918,0,0,3836,1918,889952,444976,1198591.0,1198591.0,624.9171011470281,False,True,3836,1918,0,0,3836,1918,0.000390625,21162.67303328882,0.915009860503898,0.915009860503898,0.915009860503898,False,-0.9104040474702345,0.000390625,True
trial,232,232,231,950.1062916662937,950.1062916662937,949.7806691502775,949.7806691502775,3836,1918,0,0,3836,1918,893788,446894,1198591.0,1198591.0,624.9171011470281,False,True,3836,1918,0,0,3836,1918,0.00078125,592.5941132476437,-2.0121661285001466,-2.0121661285001466,-2.0121661285001466,False,-0.1618268548526492,0.00078125,False
trial,233,233,233,949.7369191693879,949.7369191693879,949.7369191693879,949.7369191693879,3836,1918,0,0,3836,1918,897624,448812,1198591.0,1198591.0,624.9171011470281,False,True,3836,1918,0,0,3836,1918,0.000390625,592.5941132476437,0.36491319555544705,0.36491319555544705,0.36491319555544705,False,-0.11989147397927266,0.000390625,True
trial,234,234,233,949.9756861923502,949.9756861923502,949.7369191693879,949.7369191693879,3836,1918,0,0,3836,1918,901460,450730,1198591.0,1198591.0,624.9171011470281,False,True,3836,1918,0,0,3836,1918,0.00078125,667.7586016534906,-2.1187330185111004,-2.1187330185111004,-2.1187330185111004,False,-0.1126933034394686,0.00078125,False
trial,235,235,235,949.7189025138402,949.7189025138402,949.7189025138402,949.7189025138402,3836,1918,0,0,3836,1918,905296,452648,1198591.0,1198591.0,624.9171011470281,False,True,3836,1918,0,0,3836,1918,0.000390625,667.7586016534906,0.2272000550898641,0.2272000550898641,0.2272000550898641,False,-0.07929864075297038,0.000390625,True
trial,236,236,235,949.819101792566,949.819101792566,949.6007972638711,949.6007972638711,3836,1918,0,0,3836,1918,909132,454566,1208591.0,1208591.0,630.1308654848801,False,True,3836,1918,0,0,3836,1918,0.00078125,4764.124607576101,-1.1185225055027137,-1.1185225055027137,-1.1185225055027137,False,-0.19517222730965783,0.00078125,False
trial,237,237,237,949.5046078867028,949.5046078867028,949.5046078867028,949.5046078867028,3836,1918,0,0,3836,1918,912968,456484,1208591.0,1208591.0,630.1308654848801,False,True,3836,1918,0,0,3836,1918,0.000390625,4764.124607576101,0.6054330719286146,0.6054330719286146,0.6054330719286146,False,-0.1588769785268211,0.000390625,True
trial,238,238,237,949.7810495408015,949.7810495408015,949.5046078867028,949.5046078867028,3836,1918,0,0,3836,1918,916804,458402,1208591.0,1208591.0,630.1308654848801,False,True,3836,1918,0,0,3836,1918,0.00078125,534.1927953996441,-2.635235875227815,-2.635235875227815,-2.635235875227815,False,-0.10490205324590823,0.00078125,False
trial,239,239,237,949.5107312806679,949.5107312806679,949.5046078867028,949.5046078867028,3836,1918,0,0,3836,1918,920640,460320,1208591.0,1208591.0,630.1308654848801,False,True,3836,1918,0,0,3836,1918,0.000390625,534.1927953996441,-0.0857793983729177,-0.0857793983729177,-0.0857793983729177,False,-0.07138536852876506,0.000390625,False
trial,240,240,240,949.4707638523699,949.4707638523699,949.4707638523699,949.4707638523699,3836,1918,0,0,3836,1918,924476,462238,1208591.0,1208591.0,630.1308654848801,False,True,3836,1918,0,0,3836,1918,0.0001953125,534.1927953996441,0.692953999734488,0.692953999734488,0.692953999734488,False,-0.04884023231826188,0.0001953125,True
trial,241,241,241,949.2585246681679,949.2585246681679,949.2585246681679,949.2585246681679,3836,1918,0,0,3836,1918,928312,464156,1241361.0,1241361.0,647.2163712200208,False,True,3836,1918,0,0,3836,1918,0.000390625,9710.55512587614,0.8963543756672779,0.8963543756672779,0.8963543756672779,False,-0.4255902140510112,0.000390625,True
trial,242,242,241,949.5379176685767,949.5379176685767,949.2585246681679,949.2585246681679,3836,1918,0,0,3836,1918,932148,466074,1241361.0,1241361.0,647.2163712200208,False,True,3836,1918,0,0,3836,1918,0.00078125,452.1454277128198,-2.4455286063432085,-2.4455286063432085,-2.4455286063432085,False,-0.1142464658496147,0.00078125,False
trial,243,243,243,949.2583091383933,949.2583091383933,949.2583091383933,949.2583091383933,3836,1918,0,0,3836,1918,935984,467992,1241361.0,1241361.0,647.2163712200208,False,True,3836,1918,0,0,3836,1918,0.000390625,452.1454277128198,0.0029265868073264866,0.0029265868073264866,0.0029265868073264866,False,-0.07364544048744515,0.000390625,True
trial,244,244,244,949.2207941612033,949.2207941612033,949.2207941612033,949.2207941612033,3836,1918,0,0,3836,1918,939820,469910,1241361.0,1241361.0,647.2163712200208,False,True,3836,1918,0,0,3836,1918,0.0001953125,541.9444047218357,0.6969103338618978,0.6969103338618978,0.6969103338618978,False,-0.053830421744622214,0.0001953125,True
trial,245,245,244,949.226277187491,949.226277187491,949.2207941612033,949.2207941612033,3836,1918,0,0,3836,1918,943656,471828,1241361.0,1241361.0,647.2163712200208,False,True,3836,1918,0,0,3836,1918,0.000390625,146.04958082829623,-0.2538104368254071,-0.2538104368254071,-0.2538104368254071,False,-0.021602840120315325,0.000390625,False
trial,246,246,246,946.6638356580439,946.6638356580439,946.6638356580439,946.6638356580439,3836,1918,0,0,3836,1918,947492,473746,1372436.0,1372436.0,715.555787278415,False,True,3836,1918,0,0,3836,1918,0.0001953125,26810.57278722393,0.9896457526277916,0.9896457526277916,0.9896457526277916,False,-1.78127787707357,0.0001953125,True
trial,247,247,247,946.3991647324967,946.3991647324967,946.3991647324967,946.3991647324967,3836,1918,0,0,3836,1918,951328,475664,1372436.0,1372436.0,715.555787278415,False,True,3836,1918,0,0,3836,1918,0.000390625,625.9095512901732,0.7909754065483411,0.7909754065483411,0.7909754065483411,False,-0.33461334367166284,0.000390625,True
trial,248,248,247,946.6201662873967,946.6201662873967,946.3991647324967,946.3991647324967,3836,1918,0,0,3836,1918,955164,477582,1372436.0,1372436.0,715.555787278415,False,True,3836,1918,0,0,3836,1918,0.00078125,565.2079227485806,-1.0136313743412866,-1.0136313743412866,-1.0136313743412866,False,-0.21802951299097073,0.00078125,False
trial,249,249,249,946.3381449811395,946.3381449811395,946.3381449811395,946.3381449811395,3836,1918,0,0,3836,1918,959000,479500,1372436.0,1372436.0,715.555787278415,False,True,3836,1918,0,0,3836,1918,0.000390625,565.2079227485806,0.45330444070697684,0.45330444070697684,0.45330444070697684,False,-0.13461097195968488,0.000390625,True
trial,250,250,249,946.8267775651788,946.8267775651788,946.3381449811395,946.3381449811395,3836,1918,0,0,3836,1918,962836,481418,1372436.0,1372436.0,715.555787278415,False,True,3836,1918,0,0,3836,1918,0.00078125,551.4477162878702,-3.1682288133048395,-3.1682288133048395,-3.1682288133048395,False,-0.15422894394093192,0.00078125,False
trial,251,251,251,949.6765128584998,949.6765128584998,949.6765128584998,949.6765128584998,3836,1918,0,0,3836,1918,966672,483336,1405206.0,1405206.0,732.6412930135558,False,True,3836,1918,0,0,3836,1918,0.000390625,7126.362637105292,0.8191893970735225,0.8191893970735225,0.8191893970735225,False,-0.6639792280498445,0.000390625,True
trial,252,252,251,950.2860243121854,950.2860243121854,949.6765128584998,949.6765128584998,3836,1918,0,0,3836,1918,970508,485254,1405206.0,1405206.0,732.6412930135558,False,True,3836,1918,0,0,3836,1918,0.00078125,834.0496952915629,-1.9130188533596997,-1.9130188533596997,-1.9130188533596997,False,-0.31861236109366375,0.00078125,False
trial,253,253,253,949.6476425404676,949.6476425404676,949.6476425404676,949.6476425404676,3836,1918,0,0,3836,1918,974344,487172,1405206.0,1405206.0,732.6412930135558,False,True,3836,1918,0,0,3836,1918,0.000390625,834.0496952915629,0.13700662577174003,0.13700662577174003,0.13700662577174003,False,-0.21072205719673687,0.000390625,True
trial,254,254,253,950.5181114524307,950.5181114524307,949.6476425404676,949.6476425404676,3836,1918,0,0,3836,1918,978180,489090,1405206.0,1405206.0,732.6412930135558,False,True,3836,1918,0,0,3836,1918,0.00078125,862.698418724334,-2.6488391496474595,-2.6488391496474595,-2.6488391496474595,False,-0.32862279013015827,0.00078125,False
trial,255,255,255,949.5903350197591,949.5903350197591,949.5903350197591,949.5903350197591,3836,1918,0,0,3836,1918,982016,491008,1405206.0,1405206.0,732.6412930135558,False,True,3836,1918,0,0,3836,1918,0.000390625,862.698418724334,0.2467269048363058,0.2467269048363058,0.2467269048363058,False,-0.23227106401919417,0.000390625,True
trial,256,256,255,949.9433323926812,949.9433323926812,949.5297090249985,949.5297090249985,3836,1918,0,0,3836,1918,985852,492926,1415206.0,1415206.0,737.8550573514077,False,True,3836,1918,0,0,3836,1918,0.00078125,3377.104637899939,-1.146487679379403,-1.146487679379403,-1.146487679379403,False,-0.36077436776869576,0.00078125,False
trial,257,257,257,949.4204756766219,949.4204756766219,949.4204756766219,949.4204756766219,3836,1918,0,0,3836,1918,989688,494844,1415206.0,1415206.0,737.8550573514077,False,True,3836,1918,0,0,3836,1918,0.000390625,3377.104637899939,0.4104370152728162,0.4104370152728162,0.4104370152728162,False,-0.2661391256439496,0.000390625,True
trial,258,258,257,950.2524529621946,950.2524529621946,949.4204756766219,949.4204756766219,3836,1918,0,0,3836,1918,993524,496762,1415206.0,1415206.0,737.8550573514077,False,True,3836,1918,0,0,3836,1918,0.00078125,839.7121311903476,-3.0897730203037175,-3.0897730203037175,-3.0897730203037175,False,-0.26926809189723794,0.00078125,False
trial,259,259,259,949.395933683941,949.395933683941,949.395933683941,949.395933683941,3836,1918,0,0,3836,1918,997360,498680,1415206.0,1415206.0,737.8550573514077,False,True,3836,1918,0,0,3836,1918,0.000390625,839.7121311903476,0.13268326015385346,0.13268326015385346,0.13268326015385346,False,-0.18496675957751074,0.000390625,True
trial,260,260,259,950.2683826014572,950.2683826014572,949.395933683941,949.395933683941,3836,1918,0,0,3836,1918,1001196,500598,1415206.0,1415206.0,737.8550573514077,False,True,3836,1918,0,0,3836,1918,0.00078125,819.4313132174351,-3.1527766933601487,-3.1527766933601487,-3.1527766933601487,False,-0.27672398091294786,0.00078125,False
trial,261,261,261,949.1424072176376,949.1424072176376,949.1424072176376,949.1424072176376,3836,1918,0,0,3836,1918,1005032,502516,1447976.0,1447976.0,754.9405630865485,False,True,3836,1918,0,0,3836,1918,0.000390625,13299.971077119159,0.7575742482547482,0.7575742482547482,0.7575742482547482,False,-0.7192767913620842,0.000390625,True
trial,262,262,261,950.1331558951824,950.1331558951824,949.1424072176376,949.1424072176376,3836,1918,0,0,3836,1918,1008868,504434,1447976.0,1447976.0,754.9405630865485,False,True,3836,1918,0,0,3836,1918,0.00078125,948.6103593393489,-3.8560990913265627,-3.8560990913265627,-3.8560990913265627,False,-0.256930295119571,0.00078125,False
trial,263,263,263,949.1418076719658,949.1418076719658,949.1418076719658,949.1418076719658,3836,1918,0,0,3836,1918,1012704,506352,1447976.0,1447976.0,754.9405630865485,False,True,3836,1918,0,0,3836,1918,0.000390625,948.6103593393489,0.0032811232974512055,0.0032811232974512055,0.0032811232974512055,False,-0.18272573671379222,0.000390625,True
trial,264,264,264,949.0278150633158,949.0278150633158,949.0278150633158,949.0278150633158,3836,1918,0,0,3836,1918,1016540,508270,1447976.0,1447976.0,754.9405630865485,False,True,3836,1918,0,0,3836,1918,0.0001953125,940.3766926237931,0.7582718355509128,0.7582718355509128,0.7582718355509128,False,-0.15033211482427145,0.0001953125,True
trial,265,265,264,949.0693768751217,949.0693768751217,949.0278150633158,949.0278150633158,3836,1918,0,0,3836,1918,1020376,510188,1447976.0,1447976.0,754.9405630865485,False,True,3836,1918,0,0,3836,1918,0.000390625,247.51767919462753,-0.9333167587382472,-0.9333167587382472,-0.9333167587382472,False,-0.044531303458194144,0.000390625,False
trial,266,266,266,949.8333012328958,949.8333012328958,949.8333012328958,949.8333012328958,3836,1918,0,0,3836,1918,1024212,512106,1579051.0,1579051.0,823.2799791449427,False,True,3836,1918,0,0,3836,1918,0.0001953125,18749.953568741323,0.9741065075374878,0.9741065075374878,0.9741065075374878,False,-1.3828447284817371,0.0001953125,True
trial,267,267,267,949.4098591231043,949.4098591231043,949.4098591231043,949.4098591231043,3836,1918,0,0,3836,1918,1028048,514024,1579051.0,1579051.0,823.2799791449427,False,True,3836,1918,0,0,3836,1918,0.000390625,874.2873764020967,0.8291257198727662,0.8291257198727662,0.8291257198727662,False,-0.5107091718931046,0.000390625,True
trial,268,268,267,950.2750610611068,950.2750610611068,949.4098591231043,949.4098591231043,3836,1918,0,0,3836,1918,1031884,515942,1579051.0,1579051.0,823.2799791449427,False,True,3836,1918,0,0,3836,1918,0.00078125,777.6797114928662,-1.7531304491249513,-1.7531304491249513,-1.7531304491249513,False,-0.49351828806258813,0.00078125,False
trial,269,269,269,949.2377677689742,949.2377677689742,949.2377677689742,949.2377677689742,3836,1918,0,0,3836,1918,1035720,517860,1579051.0,1579051.0,823.2799791449427,False,True,3836,1918,0,0,3836,1918,0.000390625,777.6797114928662,0.5445769214536216,0.5445769214536216,0.5445769214536216,False,-0.31600926765447734,0.000390625,True
trial,270,270,269,949.5574863932528,949.5574863932528,949.2377677689742,949.2377677689742,3836,1918,0,0,3836,1918,1039556,519778,1579051.0,1579051.0,823.2799791449427,False,True,3836,1918,0,0,3836,1918,0.00078125,896.0414324928721,-1.2065509547072786,-1.2065509547072786,-1.2065509547072786,False,-0.2649855963656126,0.00078125,False
trial,271,271,271,949.3459947074853,949.3459947074853,949.3459947074853,949.3459947074853,3836,1918,0,0,3836,1918,1043392,521696,1611821.0,1611821.0,840.3654848800834,False,True,3836,1918,0,0,3836,1918,0.000390625,13285.053636866234,0.8052917157555431,0.8052917157555431,0.8052917157555431,False,-0.6004901060484744,0.000390625,True
trial,272,272,271,949.6940436101199,949.6940436101199,949.3459947074853,949.3459947074853,3836,1918,0,0,3836,1918,1047228,523614,1611821.0,1611821.0,840.3654848800834,False,True,3836,1918,0,0,3836,1918,0.00078125,972.0553214315307,-1.2835407223404667,-1.2835407223404667,-1.2835407223404667,False,-0.27116311666374315,0.00078125,False
trial,273,273,273,949.276009959979,949.276009959979,949.276009959979,949.276009959979,3836,1918,0,0,3836,1918,1051064,525532,1611821.0,1611821.0,840.3654848800834,False,True,3836,1918,0,0,3836,1918,0.000390625,972.0553214315307,0.42295723329449497,0.42295723329449497,0.42295723329449497,False,-0.16546530475707405,0.000390625,True
trial,274,274,273,949.7756315675006,949.7756315675006,949.276009959979,949.276009959979,3836,1918,0,0,3836,1918,1054900,527450,1611821.0,1611821.0,840.3654848800834,False,True,3836,1918,0,0,3836,1918,0.00078125,728.8391005698776,-3.041226210722729,-3.041226210722729,-3.041226210722729,False,-0.1642829480293272,0.00078125,False
trial,275,275,275,949.2706989949381,949.2706989949381,949.2706989949381,949.2706989949381,3836,1918,0,0,3836,1918,1058736,529368,1611821.0,1611821.0,840.3654848800834,False,True,3836,1918,0,0,3836,1918,0.000390625,728.8391005698776,0.046846388734791244,0.046846388734791244,0.046846388734791244,False,-0.11336978546874496,0.000390625,True
trial,276,276,276,946.7487918028346,946.7487918028346,946.7487918028346,946.7487918028346,3836,1918,0,0,3836,1918,1062572,531286,1742896.0,1742896.0,908.7049009384776,False,True,3836,1918,0,0,3836,1918,0.0001953125,17190.997259635857,0.9879306550084035,0.9879306550084035,0.9879306550084035,False,-1.3672572420524278,0.0001953125,True
trial,277,277,277,946.7400821508306,946.7400821508306,946.7400821508306,946.7400821508306,3836,1918,0,0,3836,1918,1066408,533204,1742896.0,1742896.0,908.7049009384776,False,True,3836,1918,0,0,3836,1918,0.000390625,553.8783964162908,0.08043233553518074,0.08043233553518074,0.08043233553518074,False,-0.10828545442600832,0.000390625,True
trial,278,278,277,947.8539116573309,947.8539116573309,946.7400821508306,946.7400821508306,3836,1918,0,0,3836,1918,1070244,535122,1742896.0,1742896.0,908.7049009384776,False,True,3836,1918,0,0,3836,1918,0.00078125,1218.5770524211136,-3.840929035842823,-3.840929035842823,-3.840929035842823,False,-0.28998960827085785,0.00078125,False
trial,279,279,279,946.7134548850643,946.7134548850643,946.7134548850643,946.7134548850643,3836,1918,0,0,3836,1918,1074080,537040,1742896.0,1742896.0,908.7049009384776,False,True,3836,1918,0,0,3836,1918,0.000390625,1218.5770524211136,0.1487875422654519,0.1487875422654519,0.1487875422654519,False,-0.17896166144648828,0.000390625,True
trial,280,280,279,947.4757806178708,947.4757806178708,946.7134548850643,946.7134548850643,3836,1918,0,0,3836,1918,1077916,538958,1742896.0,1742896.0,908.7049009384776,False,True,3836,1918,0,0,3836,1918,0.00078125,1485.6172570545114,-4.508906580450706,-4.508906580450706,-4.508906580450706,False,-0.16907108612800648,0.00078125,False
trial,281,281,281,947.6129683326881,947.6129683326881,947.6129683326881,947.6129683326881,3836,1918,0,0,3836,1918,1081752,540876,1775666.0,1775666.0,925.7904066736183,False,True,3836,1918,0,0,3836,1918,0.000390625,11325.380227483694,0.7252343367491989,0.7252343367491989,0.7252343367491989,False,-0.4084876590272925,0.000390625,True
trial,282,282,281,948.2886886786241,948.2886886786241,947.6129683326881,947.6129683326881,3836,1918,0,0,3836,1918,1085588,542794,1775666.0,1775666.0,925.7904066736183,False,True,3836,1918,0,0,3836,1918,0.00078125,1185.9513192116758,-2.8150990965076965,-2.8150990965076965,-2.8150990965076965,False,-0.2400343017317988,0.00078125,False
trial,283,283,283,947.545986693408,947.545986693408,947.545986693408,947.545986693408,3836,1918,0,0,3836,1918,1089424,544712,1775666.0,1775666.0,925.7904066736183,False,True,3836,1918,0,0,3836,1918,0.000390625,1185.9513192116758,0.43456370844847386,0.43456370844847386,0.43456370844847386,False,-0.15413537296789193,0.000390625,True
trial,284,284,283,948.2996831333726,948.2996831333726,947.545986693408,947.545986693408,3836,1918,0,0,3836,1918,1093260,546630,1775666.0,1775666.0,925.7904066736183,False,True,3836,1918,0,0,3836,1918,0.00078125,1060.130505168055,-7.082940135701549,-7.082940135701549,-7.082940135701549,False,-0.10641011014134126,0.00078125,False
trial,285,285,283,947.6047722300523,947.6047722300523,947.545986693408,947.545986693408,3836,1918,0,0,3836,1918,1097096,548548,1775666.0,1775666.0,925.7904066736183,False,True,3836,1918,0,0,3836,1918,0.000390625,1060.130505168055,-0.7492814184480332,-0.7492814184480332,-0.7492814184480332,False,-0.07845588479423876,0.000390625,False
trial,286,286,286,947.5627321707063,947.5627321707063,947.5627321707063,947.5627321707063,3836,1918,0,0,3836,1918,1100932,550466,1786000.0,1786000.0,931.1783107403545,False,True,3836,1918,0,0,3836,1918,0.0001953125,6613.301284280945,0.8047762752925591,0.8047762752925591,0.8047762752925591,False,-0.18668958370740718,0.0001953125,True
trial,287,287,286,947.7034099415363,947.7034099415363,947.5627321707063,947.5627321707063,3836,1918,0,0,3836,1918,1104768,552384,1786000.0,1786000.0,931.1783107403545,False,True,3836,1918,0,0,3836,1918,0.000390625,442.3649254550869,-1.5762009462618232,-1.5762009462618232,-1.5762009462618232,False,-0.08925116506469263,0.000390625,False
trial,288,288,288,947.5549987367167,947.5549987367167,947.5549987367167,947.5549987367167,3836,1918,0,0,3836,1918,1108604,554302,1786000.0,1786000.0,931.1783107403545,False,True,3836,1918,0,0,3836,1918,0.0001953125,442.3649254550869,0.15577917915487824,0.15577917915487824,0.15577917915487824,False,-0.049643566178723585,0.0001953125,True
trial,289,289,288,947.7012201545183,947.7012201545183,947.5549987367167,947.5549987367167,3836,1918,0,0,3836,1918,1112440,556220,1786000.0,1786000.0,931.1783107403545,False,True,3836,1918,0,0,3836,1918,0.000390625,396.7584346011217,-2.417412357179264,-2.417412357179264,-2.417412357179264,False,-0.06048675037477491,0.000390625,False
trial,290,290,288,947.5569887656741,947.5569887656741,947.5549987367167,947.5549987367167,3836,1918,0,0,3836,1918,1116276,558138,1786000.0,1786000.0,931.1783107403545,False,True,3836,1918,0,0,3836,1918,0.0001953125,396.7584346011217,-0.05174816180333727,-0.05174816180333727,-0.05174816180333727,False,-0.038456031828582274,0.0001953125,False
trial,291,291,291,947.5413601176166,947.5413601176166,947.5413601176166,947.5413601176166,3836,1918,0,0,3836,1918,1120112,560056,1786000.0,1786000.0,931.1783107403545,False,True,3836,1918,0,0,3836,1918,9.765625e-05,396.7584346011217,0.58194508457949,0.58194508457949,0.58194508457949,False,-0.02343626479801223,9.765625e-05,True
trial,292,292,291,947.5522238513003,947.5522238513003,947.5413601176166,947.5413601176166,3836,1918,0,0,3836,1918,1123948,561974,1786000.0,1786000.0,931.1783107403545,False,True,3836,1918,0,0,3836,1918,0.0001953125,139.97111720262228,-0.9511633348128105,-0.9511633348128105,-0.9511633348128105,False,-0.011421522766961636,0.0001953125,False
trial,293,293,293,947.5393375341562,947.5393375341562,947.5393375341562,947.5393375341562,3836,1918,0,0,3836,1918,1127784,563892,1786000.0,1786000.0,931.1783107403545,False,True,3836,1918,0,0,3836,1918,9.765625e-05,139.97111720262228,0.303444415578583,0.303444415578583,0.303444415578583,False,-0.006665416651546133,9.765625e-05,True
trial,294,294,293,947.5604015980213,947.5604015980213,947.5393375341562,947.5393375341562,3836,1918,0,0,3836,1918,1131620,565810,1786000.0,1786000.0,931.1783107403545,False,True,3836,1918,0,0,3836,1918,0.0001953125,102.47445844281208,-1.3416736011771,-1.3416736011771,-1.3416736011771,False,-0.015699842231823514,0.0001953125,False
trial,295,295,293,947.5395023234219,947.5395023234219,947.5393375341562,947.5393375341562,3836,1918,0,0,3836,1918,1135456,567728,1786000.0,1786000.0,931.1783107403545,False,True,3836,1918,0,0,3836,1918,9.765625e-05,102.47445844281208,-0.01905801633572317,-0.01905801633572317,-0.01905801633572317,False,-0.008646716572127542,9.765625e-05,False
trial,296,296,296,947.5368621019443,947.5368621019443,947.5368621019443,947.5368621019443,3836,1918,0,0,3836,1918,1139292,569646,1786000.0,1786000.0,931.1783107403545,False,True,3836,1918,0,0,3836,1918,4.8828125e-05,102.47445844281208,0.5210008546201884,0.5210008546201884,0.5210008546201884,False,-0.004751301634043897,4.8828125e-05,True
trial,297,297,297,947.5354997735282,947.5354997735282,947.5354997735282,947.5354997735282,3836,1918,0,0,3836,1918,1143128,571564,1786000.0,1786000.0,931.1783107403545,False,True,3836,1918,0,0,3836,1918,9.765625e-05,32.87360130222186,0.30344487967496847,0.30344487967496847,0.30344487967496847,False,-0.004489541618169715,9.765625e-05,True
trial,298,298,297,947.5373387688271,947.5373387688271,947.5354997735282,947.5354997735282,3836,1918,0,0,3836,1918,1146964,573482,1786000.0,1786000.0,931.1783107403545,False,True,3836,1918,0,0,3836,1918,0.0001953125,68.2538583347915,-0.1679743138106723,-0.1679743138106723,-0.1679743138106723,False,-0.01094807448373612,0.0001953125,False
trial,299,299,299,947.532836755386,947.532836755386,947.532836755386,947.532836755386,3836,1918,0,0,3836,1918,1150800,575400,1786000.0,1786000.0,931.1783107403545,False,True,3836,1918,0,0,3836,1918,9.765625e-05,68.2538583347915,0.45327683276056363,0.45327683276056363,0.45327683276056363,False,-0.005875036952387893,9.765625e-05,True
trial,300,300,299,947.5572532741439,947.5572532741439,947.532836755386,947.532836755386,3836,1918,0,0,3836,1918,1154636,577318,1786000.0,1786000.0,931.1783107403545,False,True,3836,1918,0,0,3836,1918,0.0001953125,67.67374283283065,-2.435247423769192,-2.435247423769192,-2.435247423769192,False,-0.01002629897873449,0.0001953125,False
trial,301,301,299,947.5354210119204,947.5354210119204,947.532836755386,947.532836755386,3836,1918,0,0,3836,1918,1158472,579236,1786000.0,1786000.0,931.1783107403545,False,True,3836,1918,0,0,3836,1918,9.765625e-05,67.67374283283065,-0.48545214086206595,-0.48545214086206595,-0.48545214086206595,False,-0.0053234012519340415,9.765625e-05,False
trial,302,302,302,947.5319960574275,947.5319960574275,947.5319960574275,947.5319960574275,3836,1918,0,0,3836,1918,1162308,581154,1786000.0,1786000.0,931.1783107403545,False,True,3836,1918,0,0,3836,1918,4.8828125e-05,67.67374283283065,0.30082492912546255,0.30082492912546255,0.30082492912546255,False,-0.002794641923445613,4.8828125e-05,True
trial,303,303,302,947.5357852308885,947.5357852308885,947.5319960574275,947.5319960574275,3836,1918,0,0,3836,1918,1166144,583072,1786000.0,1786000.0,931.1783107403545,False,True,3836,1918,0,0,3836,1918,9.765625e-05,27.691455834992745,-0.9089720153187615,-0.9089720153187615,-0.9089720153187615,False,-0.004168635994414152,9.765625e-05,False
trial,304,304,304,947.5317893182269,947.5317893182269,947.5317893182269,947.5317893182269,3836,1918,0,0,3836,1918,1169980,584990,1786000.0,1786000.0,931.1783107403545,False,True,3836,1918,0,0,3836,1918,4.8828125e-05,27.691455834992745,0.09435960513028803,0.09435960513028803,0.09435960513028803,False,-0.002190971447322499,4.8828125e-05,True
trial,305,305,304,947.5344988174986,947.5344988174986,947.5317893182269,947.5317893182269,3836,1918,0,0,3836,1918,1173816,586908,1786000.0,1786000.0,931.1783107403545,False,True,3836,1918,0,0,3836,1918,9.765625e-05,31.39294266744307,-0.5191145163514713,-0.5191145163514713,-0.5191145163514713,False,-0.005219463502586489,9.765625e-05,False
trial,306,306,306,947.5310333235801,947.5310333235801,947.5310333235801,947.5310333235801,3836,1918,0,0,3836,1918,1177652,588826,1786000.0,1786000.0,931.1783107403545,False,True,3836,1918,0,0,3836,1918,4.8828125e-05,31.39294266744307,0.2776554998986534,0.2776554998986534,0.2776554998986534,False,-0.0027227792966971285,4.8828125e-05,True
trial,307,307,306,947.5349182761753,947.5349182761753,947.5310333235801,947.5310333235801,3836,1918,0,0,3836,1918,1181488,590744,1786000.0,1786000.0,931.1783107403545,False,True,3836,1918,0,0,3836,1918,9.765625e-05,27.598980590039986,-0.9444391789966458,-0.9444391789966458,-0.9444391789966458,False,-0.004113502151932275,9.765625e-05,False
trial,308,308,308,947.5308473050006,947.5308473050006,947.5308473050006,947.5308473050006,3836,1918,0,0,3836,1918,1185324,592662,1786000.0,1786000.0,931.1783107403545,False,True,3836,1918,0,0,3836,1918,4.8828125e-05,27.598980590039986,0.0878460164833321,0.0878460164833321,0.0878460164833321,False,-0.0021175528149220742,4.8828125e-05,True
trial,309,309,308,947.5337406158258,947.5337406158258,947.5308473050006,947.5308473050006,3836,1918,0,0,3836,1918,1189160,594580,1786000.0,1786000.0,931.1783107403545,False,True,3836,1918,0,0,3836,1918,9.765625e-05,30.77359405864254,-0.5740403239868013,-0.5740403239868013,-0.5740403239868013,False,-0.005040257111268671,9.765625e-05,False
trial,310,310,310,947.5301869453385,947.5301869453385,947.5301869453385,947.5301869453385,3836,1918,0,0,3836,1918,1192996,596498,1786000.0,1786000.0,931.1783107403545,False,True,3836,1918,0,0,3836,1918,4.8828125e-05,30.77359405864254,0.25129964759831463,0.25129964759831463,0.25129964759831463,False,-0.0026277779074395775,4.8828125e-05,True
trial,311,311,310,947.5340777169732,947.5340777169732,947.5301869453385,947.5301869453385,3836,1918,0,0,3836,1918,1196832,598416,1786000.0,1786000.0,931.1783107403545,False,True,3836,1918,0,0,3836,1918,9.765625e-05,29.009476267929067,-0.9315364439155496,-0.9315364439155496,-0.9315364439155496,False,-0.0041767250869402615,9.765625e-05,False
trial,312,312,312,947.5300012434296,947.5300012434296,947.5300012434296,947.5300012434296,3836,1918,0,0,3836,1918,1200668,600334,1786000.0,1786000.0,931.1783107403545,False,True,3836,1918,0,0,3836,1918,4.8828125e-05,29.009476267929067,0.08537554028258314,0.08537554028258314,0.08537554028258314,False,-0.0021751184036501747,4.8828125e-05,True
trial,313,313,312,947.5329578045922,947.5329578045922,947.5300012434296,947.5300012434296,3836,1918,0,0,3836,1918,1204504,602252,1786000.0,1786000.0,931.1783107403545,False,True,3836,1918,0,0,3836,1918,9.765625e-05,34.73217003715098,-0.5937524861545596,-0.5937524861545596,-0.5937524861545596,False,-0.004979450581738904,9.765625e-05,False
trial,314,314,314,947.5293705424028,947.5293705424028,947.5293705424028,947.5293705424028,3836,1918,0,0,3836,1918,1208340,604170,1786000.0,1786000.0,931.1783107403545,False,True,3836,1918,0,0,3836,1918,4.8828125e-05,34.73217003715098,0.24262028622671258,0.24262028622671258,0.24262028622671258,False,-0.002599539538165628,4.8828125e-05,True
trial,315,315,314,947.5333418946323,947.5333418946323,947.5293705424028,947.5293705424028,3836,1918,0,0,3836,1918,1212176,606088,1786000.0,1786000.0,931.1783107403545,False,True,3836,1918,0,0,3836,1918,9.765625e-05,27.989758263458565,-0.9737559762955771,-0.9737559762955771,-0.9737559762955771,False,-0.004078385474496247,9.765625e-05,False
trial,316,316,316,947.5292317210681,947.5292317210681,947.5292317210681,947.5292317210681,3836,1918,0,0,3836,1918,1216012,608006,1786000.0,1786000.0,931.1783107403545,False,True,3836,1918,0,0,3836,1918,4.8828125e-05,27.989758263458565,0.06523942321099056,0.06523942321099056,0.06523942321099056,False,-0.0021278749554424366,4.8828125e-05,True
trial,317,317,316,947.5322494459485,947.5322494459485,947.5292317210681,947.5292317210681,3836,1918,0,0,3836,1918,1219848,609924,1786000.0,1786000.0,931.1783107403545,False,True,3836,1918,0,0,3836,1918,9.765625e-05,31.055638219402717,-0.6162789841329676,-0.6162789841329676,-0.6162789841329676,False,-0.004896686335508256,9.765625e-05,False
trial,318,318,318,947.5286457048272,947.5286457048272,947.5286457048272,947.5286457048272,3836,1918,0,0,3836,1918,1223684,611842,1786000.0,1786000.0,931.1783107403545,False,True,3836,1918,0,0,3836,1918,4.8828125e-05,31.055638219402717,0.22936757132384783,0.22936757132384783,0.22936757132384783,False,-0.0025549219423782656,4.8828125e-05,True
trial,319,319,318,947.5326909639213,947.5326909639213,947.5286457048272,947.5286457048272,3836,1918,0,0,3836,1918,1227520,613760,1786000.0,1786000.0,931.1783107403545,False,True,3836,1918,0,0,3836,1918,9.765625e-05,27.81454303559231,-1.0126648323555951,-1.0126648323555951,-1.0126648323555951,False,-0.003994667302327289,9.765625e-05,False
trial,320,320,320,947.5285386835185,947.5285386835185,947.5285386835185,947.5285386835185,3836,1918,0,0,3836,1918,1231356,615678,1786000.0,1786000.0,931.1783107403545,False,True,3836,1918,0,0,3836,1918,4.8828125e-05,27.81454303559231,0.05113506627027415,0.05113506627027415,0.05113506627027415,False,-0.0020929142473445823,4.8828125e-05,True
trial,321,321,320,947.5316511782328,947.5316511782328,947.5285386835185,947.5285386835185,3836,1918,0,0,3836,1918,1235192,617596,1786000.0,1786000.0,931.1783107403545,False,True,3836,1918,0,0,3836,1918,9.765625e-05,30.311066344625626,-0.6453769370707838,-0.6453769370707838,-0.6453769370707838,False,-0.004822754789494007,9.765625e-05,False
trial,322,322,322,947.5279936554516,947.5279936554516,947.5279936554516,947.5279936554516,3836,1918,0,0,3836,1918,1239028,619514,1786000.0,1786000.0,931.1783107403545,False,True,3836,1918,0,0,3836,1918,4.8828125e-05,30.311066344625626,0.21678287664600265,0.21678287664600265,0.21678287664600265,False,-0.0025141656726470475,4.8828125e-05,True
trial,323,323,322,947.5321280081342,947.5321280081342,947.5279936554516,947.5279936554516,3836,1918,0,0,3836,1918,1242864,621432,1786000.0,1786000.0,931.1783107403545,False,True,3836,1918,0,0,3836,1918,9.765625e-05,27.748276963017524,-1.0523219112383286,-1.0523219112383286,-1.0523219112383286,False,-0.0039287908371703545,9.765625e-05,False
trial,324,324,324,947.5279274809387,947.5279274809387,947.5279274809387,947.5279274809387,3836,1918,0,0,3836,1918,1246700,623350,1786000.0,1786000.0,931.1783107403545,False,True,3836,1918,0,0,3836,1918,4.8828125e-05,27.748276963017524,0.03219220318064113,0.03219220318064113,0.03219220318064113,False,-0.002055606834661399,4.8828125e-05,True
trial,325,325,325,947.5271475418949,947.5271475418949,947.5271475418949,947.5271475418949,3836,1918,0,0,3836,1918,1250536,625268,1786000.0,1786000.0,931.1783107403545,False,True,3836,1918,0,0,3836,1918,2.44140625e-05,33.301196703446514,0.6003887408183286,0.6003887408183286,0.6003887408183286,False,-0.0012990567457118,2.44140625e-05,True
trial,326,326,326,947.5268206892279,947.5268206892279,947.5268206892279,947.5268206892279,3836,1918,0,0,3836,1918,1254372,627186,1786000.0,1786000.0,931.1783107403545,False,True,3836,1918,0,0,3836,1918,4.8828125e-05,8.555763101446852,0.5027887580572012,0.5027887580572012,0.5027887580572012,False,-0.0006500795052003414,4.8828125e-05,True
trial,327,327,326,947.5312328022235,947.5312328022235,947.5268206892279,947.5268206892279,3836,1918,0,0,3836,1918,1258208,629104,1786000.0,1786000.0,931.1783107403545,False,True,3836,1918,0,0,3836,1918,9.765625e-05,17.47791608216153,-2.263729848382064,-2.263729848382064,-2.263729848382064,False,-0.0019490457303362682,9.765625e-05,False
trial,328,328,326,947.5273456375005,947.5273456375005,947.5268206892279,947.5268206892279,3836,1918,0,0,3836,1918,1262044,631022,1786000.0,1786000.0,931.1783107403545,False,True,3836,1918,0,0,3836,1918,4.8828125e-05,17.47791608216153,-0.5113566228037161,-0.5113566228037161,-0.5113566228037161,False,-0.0010265795908988727,4.8828125e-05,False
trial,329,329,329,947.5266535235637,947.5266535235637,947.5266535235637,947.5266535235637,3836,1918,0,0,3836,1918,1265880,632940,1786000.0,1786000.0,931.1783107403545,False,True,3836,1918,0,0,3836,1918,2.44140625e-05,17.47791608216153,0.3164451675995576,0.3164451675995576,0.3164451675995576,False,-0.0005282610741697861,2.44140625e-05,True
trial,330,330,329,947.5272193381408,947.5272193381408,947.5266535235637,947.5266535235637,3836,1918,0,0,3836,1918,1269716,634858,1786000.0,1786000.0,931.1783107403545,False,True,3836,1918,0,0,3836,1918,4.8828125e-05,13.744873866297384,-0.4259586417602978,-0.4259586417602978,-0.4259586417602978,False,-0.0013283321937212161,4.8828125e-05,False
trial,331,331,331,947.5264439371447,947.5264439371447,947.5264439371447,947.5264439371447,3836,1918,0,0,3836,1918,1273552,636776,1786000.0,1786000.0,931.1783107403545,False,True,3836,1918,0,0,3836,1918,2.44140625e-05,13.744873866297384,0.30691056733583444,0.30691056733583444,0.30691056733583444,False,-0.0006828908527056676,2.44140625e-05,True
trial,332,332,331,947.5274188343067,947.5274188343067,947.5264439371447,947.5264439371447,3836,1918,0,0,3836,1918,1277388,638694,1786000.0,1786000.0,931.1783107403545,False,True,3836,1918,0,0,3836,1918,4.8828125e-05,13.357295605155926,-0.9607809247184639,-0.9607809247184639,-0.9607809247184639,False,-0.0010146924620524562,4.8828125e-05,False
trial,333,333,333,947.5264090050096,947.5264090050096,947.5264090050096,947.5264090050096,3836,1918,0,0,3836,1918,1281224,640612,1786000.0,1786000.0,931.1783107403545,False,True,3836,1918,0,0,3836,1918,2.44140625e-05,13.357295605155926,0.06516419827799445,0.06516419827799445,0.06516419827799445,False,-0.0005360632992562441,2.44140625e-05,True
trial,334,334,333,947.5270240528744,947.5270240528744,947.5264090050096,947.5264090050096,3836,1918,0,0,3836,1918,1285060,642530,1786000.0,1786000.0,931.1783107403545,False,True,3836,1918,0,0,3836,1918,4.8828125e-05,13.07640264812422,-0.46026563264344567,-0.46026563264344567,-0.46026563264344567,False,-0.0013362889192485672,4.8828125e-05,False
trial,335,335,335,947.5262112289136,947.5262112289136,947.5262112289136,947.5262112289136,3836,1918,0,0,3836,1918,1288896,644448,1786000.0,1786000.0,931.1783107403545,False,True,3836,1918,0,0,3836,1918,2.44140625e-05,13.07640264812422,0.2834837566218235,0.2834837566218235,0.2834837566218235,False,-0.0006976628867858878,2.44140625e-05,True
trial,336,336,335,947.5272100397387,947.5272100397387,947.5262112289136,947.5262112289136,3836,1918,0,0,3836,1918,1292732,646366,1786000.0,1786000.0,931.1783107403545,False,True,3836,1918,0,0,3836,1918,4.8828125e-05,11.063644087232571,-0.999825410767088,-0.999825410767088,-0.999825410767088,False,-0.0009989852372608598,4.8828125e-05,False
trial,337,337,337,947.5261870560214,947.5261870560214,947.5261870560214,947.5261870560214,3836,1918,0,0,3836,1918,1296568,648284,1786000.0,1786000.0,931.1783107403545,False,True,3836,1918,0,0,3836,1918,2.44140625e-05,11.063644087232571,0.045924589260275976,0.045924589260275976,0.045924589260275976,False,-0.0005263605520068943,2.44140625e-05,True
trial,338,338,338,947.5259610220471,947.5259610220471,947.5259610220471,947.5259610220471,3836,1918,0,0,3836,1918,1300404,650202,1786000.0,1786000.0,931.1783107403545,False,True,3836,1918,0,0,3836,1918,1.220703125e-05,12.218527172054229,0.6333030720793205,0.6333030720793205,0.6333030720793205,False,-0.00035691280249750646,1.220703125e-05,True
trial,339,339,338,947.5259904149054,947.5259904149054,947.5259610220471,947.5259610220471,3836,1918,0,0,3836,1918,1304240,652120,1786000.0,1786000.0,931.1783107403545,False,True,3836,1918,0,0,3836,1918,2.44140625e-05,4.643198031941616,-0.12727796121689025,-0.12727796121689025,-0.12727796121689025,False,-0.00023093438991511937,2.44140625e-05,False
trial,340,340,340,947.525903383812,947.525903383812,947.525903383812,947.525903383812,3836,1918,0,0,3836,1918,1308076,654038,1786000.0,1786000.0,931.1783107403545,False,True,3836,1918,0,0,3836,1918,1.220703125e-05,4.643198031941616,0.4769560929757794,0.4769560929757794,0.4769560929757794,False,-0.00012084599818958112,1.220703125e-05,True
trial,341,341,341,947.5258901683908,947.5258901683908,947.5258901683908,947.5258901683908,3836,1918,0,0,3836,1918,1311912,655956,1786000.0,1786000.0,931.1783107403545,False,True,3836,1918,0,0,3836,1918,2.44140625e-05,5.04326517156363,0.036566295356745514,0.036566295356745514,0.036566295356745514,False,-0.00036140990078448377,2.44140625e-05,True
trial,342,342,342,947.5256830507188,947.5256830507188,947.5256830507188,947.5256830507188,3836,1918,0,0,3836,1918,1315748,657874,1786000.0,1786000.0,931.1783107403545,False,True,3836,1918,0,0,3836,1918,1.220703125e-05,11.452370205619884,0.6207236767355028,0.6207236767355028,0.6207236767355028,False,-0.0003336712932194285,1.220703125e-05,True
trial,343,343,342,947.5257508876304,947.5257508876304,947.5256830507188,947.5256830507188,3836,1918,0,0,3836,1918,1319584,659792,1786000.0,1786000.0,931.1783107403545,False,True,3836,1918,0,0,3836,1918,2.44140625e-05,4.604752223946901,-0.2706820880960321,-0.2706820880960321,-0.2706820880960321,False,-0.0002506147044649082,2.44140625e-05,False
trial,344,344,344,947.5256356531534,947.5256356531534,947.5256356531534,947.5256356531534,3836,1918,0,0,3836,1918,1323420,661710,1786000.0,1786000.0,931.1783107403545,False,True,3836,1918,0,0,3836,1918,1.220703125e-05,4.604752223946901,0.3592277062858961,0.3592277062858961,0.3592277062858961,False,-0.00013194295610264266,1.220703125e-05,True
trial,345,345,345,947.5256272012584,947.5256272012584,947.5256272012584,947.5256272012584,3836,1918,0,0,3836,1918,1327256,663628,1786000.0,1786000.0,931.1783107403545,False,True,3836,1918,0,0,3836,1918,2.44140625e-05,5.054039666526574,0.024313353318769975,0.024313353318769975,0.024313353318769975,False,-0.0003476235802243323,2.44140625e-05,True
trial,346,346,346,947.5254477276536,947.5254477276536,947.5254477276536,947.5254477276536,3836,1918,0,0,3836,1918,1331092,665546,1786000.0,1786000.0,931.1783107403545,False,True,3836,1918,0,0,3836,1918,1.220703125e-05,10.822887860480991,0.5874750779048221,0.5874750779048221,0.5874750779048221,False,-0.00030549994640951503,1.220703125e-05,True
trial,347,347,346,947.5256179036683,947.5256179036683,947.5254477276536,947.5254477276536,3836,1918,0,0,3836,1918,1334928,667464,1786000.0,1786000.0,931.1783107403545,False,True,3836,1918,0,0,3836,1918,2.44140625e-05,6.178034565235945,-0.6778041960423498,-0.6778041960423498,-0.6778041960423498,False,-0.00025106957974368576,2.44140625e-05,False
trial,348,348,348,947.5254254236663,947.5254254236663,947.5254254236663,947.5254254236663,3836,1918,0,0,3836,1918,1338764,669382,1786000.0,1786000.0,931.1783107403545,False,True,3836,1918,0,0,3836,1918,1.220703125e-05,6.178034565235945,0.17076596695876284,0.17076596695876284,0.17076596695876284,False,-0.00013061143090011636,1.220703125e-05,True
trial,349,349,348,947.525547540788,947.525547540788,947.5254254236663,947.5254254236663,3836,1918,0,0,3836,1918,1342600,671300,1786000.0,1786000.0,931.1783107403545,False,True,3836,1918,0,0,3836,1918,2.44140625e-05,5.310227064846103,-0.3512845540935466,-0.3512845540935466,-0.3512845540935466,False,-0.0003476302053937453,2.44140625e-05,False
trial,350,350,350,947.5253658549252,947.5253658549252,947.5253658549252,947.5253658549252,3836,1918,0,0,3836,1918,1346436,673218,1786000.0,1786000.0,931.1783107403545,False,True,3836,1918,0,0,3836,1918,1.220703125e-05,5.310227064846103,0.33373404971486215,0.33373404971486215,0.33373404971486215,False,-0.00017849164973933828,1.220703125e-05,True
trial,351,351,350,947.5255550475368,947.5255550475368,947.5253658549252,947.5253658549252,3836,1918,0,0,3836,1918,1350272,675136,1786000.0,1786000.0,931.1783107403545,False,True,3836,1918,0,0,3836,1918,2.44140625e-05,4.4796519134162525,-0.7098738193041856,-0.7098738193041856,-0.7098738193041856,False,-0.00026651583208701354,2.44140625e-05,False
trial,352,352,352,947.5253469662805,947.5253469662805,947.5253469662805,947.5253469662805,3836,1918,0,0,3836,1918,1354108,677054,1786000.0,1786000.0,931.1783107403545,False,True,3836,1918,0,0,3836,1918,1.220703125e-05,4.4796519134162525,0.13601103540254533,0.13601103540254533,0.13601103540254533,False,-0.00013887582475759423,1.220703125e-05,True
trial,353,353,352,947.5254751994894,947.5254751994894,947.5253469662805,947.5253469662805,3836,1918,0,0,3836,1918,1357944,678972,1786000.0,1786000.0,931.1783107403545,False,True,3836,1918,0,0,3836,1918,2.44140625e-05,5.473890625539341,-0.37235503265084213,-0.37235503265084213,-0.37235503265084213,False,-0.00034438425065654753,2.44140625e-05,False
trial,354,354,354,947.5252901675465,947.5252901675465,947.5252901675465,947.5252901675465,3836,1918,0,0,3836,1918,1361780,680890,1786000.0,1786000.0,931.1783107403545,False,True,3836,1918,0,0,3836,1918,1.220703125e-05,5.473890625539341,0.31910071167150134,0.31910071167150134,0.31910071167150134,False,-0.00017799626244751027,1.220703125e-05,True
trial,355,355,354,947.5254823375442,947.5254823375442,947.5252901675465,947.5252901675465,3836,1918,0,0,3836,1918,1365616,682808,1786000.0,1786000.0,931.1783107403545,False,True,3836,1918,0,0,3836,1918,2.44140625e-05,4.500583155195414,-0.7237333066284453,-0.7237333066284453,-0.7237333066284453,False,-0.0002655259830622745,2.44140625e-05,False
trial,356,356,356,947.5252729501185,947.5252729501185,947.5252729501185,947.5252729501185,3836,1918,0,0,3836,1918,1369452,684726,1786000.0,1786000.0,931.1783107403545,False,True,3836,1918,0,0,3836,1918,1.220703125e-05,4.500583155195414,0.12423317320136071,0.12423317320136071,0.12423317320136071,False,-0.00013858961759747901,1.220703125e-05,True
trial,357,357,356,947.525410373123,947.525410373123,947.5252729501185,947.5252729501185,3836,1918,0,0,3836,1918,1373288,686644,1786000.0,1786000.0,931.1783107403545,False,True,3836,1918,0,0,3836,1918,2.44140625e-05,5.461633404885036,-0.4055580056974396,-0.4055580056974396,-0.4055580056974396,False,-0.0003388491968410477,2.44140625e-05,False
trial,358,358,358,947.5252190535407,947.5252190535407,947.5252190535407,947.5252190535407,3836,1918,0,0,3836,1918,1377124,688562,1786000.0,1786000.0,931.1783107403545,False,True,3836,1918,0,0,3836,1918,1.220703125e-05,5.461633404885036,0.30767667427775114,0.30767667427775114,0.30767667427775114,False,-0.00017517277816733333,1.220703125e-05,True
trial,359,359,358,947.5254197312418,947.5254197312418,947.5252190535407,947.5252190535407,3836,1918,0,0,3836,1918,1380960,690480,1786000.0,1786000.0,931.1783107403545,False,True,3836,1918,0,0,3836,1918,2.44140625e-05,4.474819571134227,-0.7714313896882083,-0.7714313896882083,-0.7714313896882083,False,-0.00026013681027467283,2.44140625e-05,False
trial,360,360,360,947.5252043592717,947.5252043592717,947.5252043592717,947.5252043592717,3836,1918,0,0,3836,1918,1384796,692398,1786000.0,1786000.0,931.1783107403545,False,True,3836,1918,0,0,3836,1918,1.220703125e-05,4.474819571134227,0.10809788890333183,0.10809788890333183,0.10809788890333183,False,-0.0001359348378317398,1.220703125e-05,True
trial,361,361,360,947.5253451124513,947.5253451124513,947.5252043592717,947.5252043592717,3836,1918,0,0,3836,1918,1388632,694316,1786000.0,1786000.0,931.1783107403545,False,True,3836,1918,0,0,3836,1918,2.44140625e-05,7.048885282118643,-0.42349993586661466,-0.42349993586661466,-0.42349993586661466,False,-0.00033235702697232897,2.44140625e-05,False
trial,362,362,362,947.5251532221866,947.5251532221866,947.5251532221866,947.5251532221866,3836,1918,0,0,3836,1918,1392468,696234,1786000.0,1786000.0,931.1783107403545,False,True,3836,1918,0,0,3836,1918,1.220703125e-05,7.048885282118643,0.29668648952597737,0.29668648952597737,0.29668648952597737,False,-0.00017236067989978476,1.220703125e-05,True
trial,363,363,362,947.5253576657946,947.5253576657946,947.5251532221866,947.5251532221866,3836,1918,0,0,3836,1918,1396304,698152,1786000.0,1786000.0,931.1783107403545,False,True,3836,1918,0,0,3836,1918,2.44140625e-05,4.495779301034166,-0.7980727390261034,-0.7980727390261034,-0.7980727390261034,False,-0.0002561716469135978,2.44140625e-05,False
trial,364,364,364,947.5251407431869,947.5251407431869,947.5251407431869,947.5251407431869,3836,1918,0,0,3836,1918,1400140,700070,1786000.0,1786000.0,931.1783107403545,False,True,3836,1918,0,0,3836,1918,1.220703125e-05,4.495779301034166,0.0935296916901554,0.0935296916901554,0.0935296916901554,False,-0.00013342286889986093,1.220703125e-05,True
trial,365,365,364,947.5252880119485,947.5252880119485,947.5251407431869,947.5251407431869,3836,1918,0,0,3836,1918,1403976,701988,1786000.0,1786000.0,931.1783107403545,False,True,3836,1918,0,0,3836,1918,2.44140625e-05,5.387018003441244,-0.4537982019455012,-0.4537982019455012,-0.4537982019455012,False,-0.00032452478006376876,2.44140625e-05,False
trial,366,366,366,947.525093291466,947.525093291466,947.525093291466,947.525093291466,3836,1918,0,0,3836,1918,1407812,703906,1786000.0,1786000.0,931.1783107403545,False,True,3836,1918,0,0,3836,1918,1.220703125e-05,5.387018003441244,0.28125346495476145,0.28125346495476145,0.28125346495476145,False,-0.00016871515128261672,1.220703125e-05,True
trial,367,367,366,947.5253031544017,947.5253031544017,947.525093291466,947.525093291466,3836,1918,0,0,3836,1918,1411648,705824,1786000.0,1786000.0,931.1783107403545,False,True,3836,1918,0,0,3836,1918,2.44140625e-05,6.853843760283132,-0.8315965471467806,-0.8315965471467806,-0.8315965471467806,False,-0.0002523614804512062,2.44140625e-05,False
trial,368,368,368,947.525083185285,947.525083185285,947.525083185285,947.525083185285,3836,1918,0,0,3836,1918,1415484,707742,1786000.0,1786000.0,931.1783107403545,False,True,3836,1918,0,0,3836,1918,1.220703125e-05,6.853843760283132,0.07686245936986566,0.07686245936986566,0.07686245936986566,False,-0.00013148396581278492,1.220703125e-05,True
trial,369,369,368,947.5252362384927,947.5252362384927,947.525083185285,947.525083185285,3836,1918,0,0,3836,1918,1419320,709660,1786000.0,1786000.0,931.1783107403545,False,True,3836,1918,0,0,3836,1918,2.44140625e-05,5.513688760690514,-0.4780343189481321,-0.4780343189481321,-0.4780343189481321,False,-0.00032017200774484515,2.44140625e-05,False
trial,370,370,370,947.5250386980936,947.5250386980936,947.5250386980936,947.5250386980936,3836,1918,0,0,3836,1918,1423156,711578,1786000.0,1786000.0,931.1783107403545,False,True,3836,1918,0,0,3836,1918,1.220703125e-05,5.513688760690514,0.26841158901667117,0.26841158901667117,0.26841158901667117,False,-0.00016574243899042932,1.220703125e-05,True
trial,371,371,370,947.5252536402852,947.5252536402852,947.5250386980936,947.5250386980936,3836,1918,0,0,3836,1918,1426992,713496,1786000.0,1786000.0,931.1783107403545,False,True,3836,1918,0,0,3836,1918,2.44140625e-05,4.45260028028452,-0.8725274708524766,-0.8725274708524766,-0.8725274708524766,False,-0.00024634432589597347,2.44140625e-05,False
trial,372,372,372,947.5250312533328,947.5250312533328,947.5250312533328,947.5250312533328,3836,1918,0,0,3836,1918,1430828,715414,1786000.0,1786000.0,931.1783107403545,False,True,3836,1918,0,0,3836,1918,1.220703125e-05,4.45260028028452,0.05780586988786718,0.05780586988786718,0.05780586988786718,False,-0.00012878900974535386,1.220703125e-05,True
trial,373,373,372,947.5251924357252,947.5251924357252,947.5250312533328,947.5250312533328,3836,1918,0,0,3836,1918,1434664,717332,1786000.0,1786000.0,931.1783107403545,False,True,3836,1918,0,0,3836,1918,2.44140625e-05,5.171916638793589,-0.510639727201523,-0.510639727201523,-0.510639727201523,False,-0.00031564796823158536,2.44140625e-05,False
trial,374,374,374,947.5249890416605,947.5249890416605,947.5249890416605,947.5249890416605,3836,1918,0,0,3836,1918,1438500,719250,1786000.0,1786000.0,931.1783107403545,False,True,3836,1918,0,0,3836,1918,1.220703125e-05,5.171916638793589,0.25825268718698324,0.25825268718698324,0.25825268718698324,False,-0.0001634510476542809,1.220703125e-05,True
trial,375,375,374,947.52520861078,947.52520861078,947.5249890416605,947.5249890416605,3836,1918,0,0,3836,1918,1442336,721168,1786000.0,1786000.0,931.1783107403545,False,True,3836,1918,0,0,3836,1918,2.44140625e-05,4.584454919824726,-0.9058927217258945,-0.9058927217258945,-0.9058927217258945,False,-0.00024237872127955514,2.44140625e-05,False
trial,376,376,376,947.5249836597229,947.5249836597229,947.5249836597229,947.5249836597229,3836,1918,0,0,3836,1918,1446172,723086,1786000.0,1786000.0,931.1783107403545,False,True,3836,1918,0,0,3836,1918,1.220703125e-05,4.584454919824726,0.042462235962370594,0.042462235962370594,0.042462235962370594,False,-0.0001267464490328489,1.220703125e-05,True
trial,377,377,377,947.5249328170179,947.5249328170179,947.5249328170179,947.5249328170179,3836,1918,0,0,3836,1918,1450008,725004,1786000.0,1786000.0,931.1783107403545,False,True,3836,1918,0,0,3836,1918,6.103515625e-06,5.325802440861304,0.6175739220586638,0.6175739220586638,0.6175739220586638,False,-8.232650897372723e-05,6.103515625e-06,True
trial,378,378,377,947.5249456720314,947.5249456720314,947.5249328170179,947.5249328170179,3836,1918,0,0,3836,1918,1453844,726922,1786000.0,1786000.0,931.1783107403545,False,True,3836,1918,0,0,3836,1918,1.220703125e-05,2.5482418428827343,-0.22826801709188105,-0.22826801709188105,-0.22826801709188105,False,-5.6315438821382184e-05,1.220703125e-05,False
trial,379,379,379,947.5249179101334,947.5249179101334,947.5249179101334,947.5249179101334,3836,1918,0,0,3836,1918,1457680,728840,1786000.0,1786000.0,931.1783107403545,False,True,3836,1918,0,0,3836,1918,6.103515625e-06,2.5482418428827343,0.49954963050041057,0.49954963050041057,0.49954963050041057,False,-2.9840647695778496e-05,6.103515625e-06,True
trial,380,380,379,947.5249231874122,947.5249231874122,947.5249179101334,947.5249179101334,3836,1918,0,0,3836,1918,1461516,730758,1786000.0,1786000.0,931.1783107403545,False,True,3836,1918,0,0,3836,1918,1.220703125e-05,2.2780749559784526,-0.0638028473483139,-0.0638028473483139,-0.0638028473483139,False,-8.271227863626688e-05,1.220703125e-05,False
trial,381,381,381,947.5248984109611,947.5248984109611,947.5248984109611,947.5248984109611,3836,1918,0,0,3836,1918,1465352,732676,1786000.0,1786000.0,931.1783107403545,False,True,3836,1918,0,0,3836,1918,6.103515625e-06,2.2780749559784526,0.458572191410522,0.458572191410522,0.458572191410522,False,-4.2521488696834636e-05,6.103515625e-06,True
trial,382,382,381,947.5249475667819,947.5249475667819,947.5248984109611,947.5248984109611,3836,1918,0,0,3836,1918,1469188,734594,1786000.0,1786000.0,931.1783107403545,False,True,3836,1918,0,0,3836,1918,1.220703125e-05,2.4684937514002034,-0.681855019040133,-0.681855019040133,-0.681855019040133,False,-7.209130883947847e-05,1.220703125e-05,False
trial,383,383,383,947.5248920209729,947.5248920209729,947.5248920209729,947.5248920209729,3836,1918,0,0,3836,1918,1473024,736512,1786000.0,1786000.0,931.1783107403545,False,True,3836,1918,0,0,3836,1918,6.103515625e-06,2.4684937514002034,0.17064607867861875,0.17064607867861875,0.17064607867861875,False,-3.744585455996012e-05,6.103515625e-06,True
trial,384,384,383,947.5248946883864,947.5248946883864,947.5248920209729,947.5248920209729,3836,1918,0,0,3836,1918,1476860,738430,1786000.0,1786000.0,931.1783107403545,False,True,3836,1918,0,0,3836,1918,1.220703125e-05,2.689271375904335,-0.03035580403508426,-0.03035580403508426,-0.03035580403508426,False,-8.787161688667186e-05,1.220703125e-05,False
trial,385,385,385,947.524870441401,947.524870441401,947.524870441401,947.524870441401,3836,1918,0,0,3836,1918,1480696,740348,1786000.0,1786000.0,931.1783107403545,False,True,3836,1918,0,0,3836,1918,6.103515625e-06,2.689271375904335,0.47522330330800905,0.47522330330800905,0.47522330330800905,False,-4.540933000863302e-05,6.103515625e-06,True
trial,386,386,385,947.5248874755986,947.5248874755986,947.524870441401,947.524870441401,3836,1918,0,0,3836,1918,1484532,742266,1786000.0,1786000.0,931.1783107403545,False,True,3836,1918,0,0,3836,1918,1.220703125e-05,2.7496876504064462,-0.24745600484574112,-0.24745600484574112,-0.24745600484574112,False,-6.883727690067064e-05,1.220703125e-05,False
trial,387,387,387,947.5248572904889,947.5248572904889,947.5248572904889,947.5248572904889,3836,1918,0,0,3836,1918,1488368,744184,1786000.0,1786000.0,931.1783107403545,False,True,3836,1918,0,0,3836,1918,6.103515625e-06,2.7496876504064462,0.36896802723986954,0.36896802723986954,0.36896802723986954,False,-3.564241675368834e-05,6.103515625e-06,True
trial,388,388,387,947.5248688383504,947.5248688383504,947.5248572904889,947.5248572904889,3836,1918,0,0,3836,1918,1492204,746102,1786000.0,1786000.0,931.1783107403545,False,True,3836,1918,0,0,3836,1918,1.220703125e-05,2.323820421996935,-0.15181376649769215,-0.15181376649769215,-0.15181376649769215,False,-7.606597063477793e-05,1.220703125e-05,False
trial,389,389,389,947.5248414462988,947.5248414462988,947.5248414462988,947.5248414462988,3836,1918,0,0,3836,1918,1496040,748020,1786000.0,1786000.0,931.1783107403545,False,True,3836,1918,0,0,3836,1918,6.103515625e-06,2.323820421996935,0.40074856357409977,0.40074856357409977,0.40074856357409977,False,-3.953648632158774e-05,6.103515625e-06,True
trial,390,390,389,947.5248945600176,947.5248945600176,947.5248414462988,947.5248414462988,3836,1918,0,0,3836,1918,1499876,749938,1786000.0,1786000.0,931.1783107403545,False,True,3836,1918,0,0,3836,1918,1.220703125e-05,2.6706149327534425,-0.7857215717931989,-0.7857215717931989,-0.7857215717931989,False,-6.759865171585747e-05,1.220703125e-05,False
trial,391,391,391,947.524837440959,947.524837440959,947.524837440959,947.524837440959,3836,1918,0,0,3836,1918,1503712,751856,1786000.0,1786000.0,931.1783107403545,False,True,3836,1918,0,0,3836,1918,6.103515625e-06,2.6706149327534425,0.11429770550732374,0.11429770550732374,0.11429770550732374,False,-3.5043045957954696e-05,6.103515625e-06,True
trial,392,392,391,947.5248676405691,947.5248676405691,947.524837440959,947.524837440959,3836,1918,0,0,3836,1918,1507548,753774,1786000.0,1786000.0,931.1783107403545,False,True,3836,1918,0,0,3836,1918,1.220703125e-05,2.83959992584516,-0.34952381384135867,-0.34952381384135867,-0.34952381384135867,False,-8.640215327579217e-05,1.220703125e-05,False
trial,393,393,393,947.5248241383199,947.5248241383199,947.5248241383199,947.5248241383199,3836,1918,0,0,3836,1918,1511384,755692,1786000.0,1786000.0,931.1783107403545,False,True,3836,1918,0,0,3836,1918,6.103515625e-06,2.83959992584516,0.29633240902539104,0.29633240902539104,0.29633240902539104,False,-4.489093564821812e-05,6.103515625e-06,True
trial,394,394,393,947.5248782703692,947.5248782703692,947.5248241383199,947.5248241383199,3836,1918,0,0,3836,1918,1515220,757610,1786000.0,1786000.0,931.1783107403545,False,True,3836,1918,0,0,3836,1918,1.220703125e-05,2.921113336401971,-0.8148050305348631,-0.8148050305348631,-0.8148050305348631,False,-6.643558551693371e-05,1.220703125e-05,False
trial,395,395,395,947.5248208502185,947.5248208502185,947.5248208502185,947.5248208502185,3836,1918,0,0,3836,1918,1519056,759528,1786000.0,1786000.0,931.1783107403545,False,True,3836,1918,0,0,3836,1918,6.103515625e-06,2.921113336401971,0.0948429983240246,0.0948429983240246,0.0948429983240246,False,-3.466888945961651e-05,6.103515625e-06,True
trial,396,396,395,947.5248541623632,947.5248541623632,947.5248208502185,947.5248208502185,3836,1918,0,0,3836,1918,1522892,761446,1786000.0,1786000.0,931.1783107403545,False,True,3836,1918,0,0,3836,1918,1.220703125e-05,2.842686986093766,-0.3891465942575278,-0.3891465942575278,-0.3891465942575278,False,-8.560307411829072e-05,1.220703125e-05,False
trial,397,397,397,947.5248081583184,947.5248081583184,947.5248081583184,947.5248081583184,3836,1918,0,0,3836,1918,1526728,763364,1786000.0,1786000.0,931.1783107403545,False,True,3836,1918,0,0,3836,1918,6.103515625e-06,2.842686986093766,0.2864527873586551,0.2864527873586551,0.2864527873586551,False,-4.430712728429055e-05,6.103515625e-06,True
trial,398,398,397,947.5248643587241,947.5248643587241,947.5248081583184,947.5248081583184,3836,1918,0,0,3836,1918,1530564,765282,1786000.0,1786000.0,931.1783107403545,False,True,3836,1918,0,0,3836,1918,1.220703125e-05,2.662009633838886,-0.8625162756786106,-0.8625162756786106,-0.8625162756786106,False,-6.51586611758447e-05,1.220703125e-05,False
trial,399,399,399,947.5248056499054,947.5248056499054,947.5248056499054,947.5248056499054,3836,1918,0,0,3836,1918,1534400,767200,1786000.0,1786000.0,931.1783107403545,False,True,3836,1918,0,0,3836,1918,6.103515625e-06,2.662009633838886,0.0740053588872698,0.0740053588872698,0.0740053588872698,False,-3.389501825172897e-05,6.103515625e-06,True
trial,400,400,399,947.524839706718,947.524839706718,947.5248056499054,947.5248056499054,3836,1918,0,0,3836,1918,1538236,769118,1786000.0,1786000.0,931.1783107403545,False,True,3836,1918,0,0,3836,1918,1.220703125e-05,2.832074564410264,-0.40263495201266525,-0.40263495201266525,-0.40263495201266525,False,-8.458483911377269e-05,1.220703125e-05,False
trial,401,401,401,947.524793608229,947.524793608229,947.524793608229,947.524793608229,3836,1918,0,0,3836,1918,1542072,771036,1786000.0,1786000.0,931.1783107403545,False,True,3836,1918,0,0,3836,1918,6.103515625e-06,2.832074564410264,0.27663279139469593,0.27663279139469593,0.27663279139469593,False,-4.352946144538005e-05,6.103515625e-06,True
trial,402,402,401,947.524849775548,947.524849775548,947.524793608229,947.524793608229,3836,1918,0,0,3836,1918,1545908,772954,1786000.0,1786000.0,931.1783107403545,False,True,3836,1918,0,0,3836,1918,1.220703125e-05,2.978579199367154,-0.8878730146765248,-0.8878730146765248,-0.8878730146765248,False,-6.326053174499034e-05,1.220703125e-05,False
trial,403,403,403,947.5247919301694,947.5247919301694,947.5247919301694,947.5247919301694,3836,1918,0,0,3836,1918,1549744,774872,1786000.0,1786000.0,931.1783107403545,False,True,3836,1918,0,0,3836,1918,6.103515625e-06,2.978579199367154,0.05074111809168795,0.05074111809168795,0.05074111809168795,False,-3.3071000889162945e-05,6.103515625e-06,True
trial,404,404,403,947.5248274036987,947.5248274036987,947.5247919301694,947.5247919301694,3836,1918,0,0,3836,1918,1553580,776790,1786000.0,1786000.0,931.1783107403545,False,True,3836,1918,0,0,3836,1918,1.220703125e-05,3.1797595453118297,-0.42385923356483074,-0.42385923356483074,-0.42385923356483074,False,-8.369176967774447e-05,1.220703125e-05,False
trial,405,405,405,947.5247803473868,947.5247803473868,947.5247803473868,947.5247803473868,3836,1918,0,0,3836,1918,1557416,778708,1786000.0,1786000.0,931.1783107403545,False,True,3836,1918,0,0,3836,1918,6.103515625e-06,3.1797595453118297,0.2679671102382969,0.2679671102382969,0.2679671102382969,False,-4.322464262992685e-05,6.103515625e-06,True
trial,406,406,405,947.5248371798477,947.5248371798477,947.5247803473868,947.5247803473868,3836,1918,0,0,3836,1918,1561252,780626,1786000.0,1786000.0,931.1783107403545,False,True,3836,1918,0,0,3836,1918,1.220703125e-05,2.625345373903845,-0.9230396932711245,-0.9230396932711245,-0.9230396932711245,False,-6.157098263691586e-05,1.220703125e-05,False
trial,407,407,407,947.5247794320162,947.5247794320162,947.5247794320162,947.5247794320162,3836,1918,0,0,3836,1918,1565088,782544,1786000.0,1786000.0,931.1783107403545,False,True,3836,1918,0,0,3836,1918,6.103515625e-06,2.625345373903845,0.028348200225212145,0.028348200225212145,0.028348200225212145,False,-3.229025471488181e-05,6.103515625e-06,True
trial,408,408,408,947.524765801481,947.524765801481,947.524765801481,947.524765801481,3836,1918,0,0,3836,1918,1568924,784462,1786000.0,1786000.0,931.1783107403545,False,True,3836,1918,0,0,3836,1918,3.0517578125e-06,2.841578165664148,0.6210609395769953,0.6210609395769953,0.6210609395769953,False,-2.1947178418779508e-05,3.0517578125e-06,True
trial,409,409,409,947.5247588969149,947.5247588969149,947.5247588969149,947.5247588969149,3836,1918,0,0,3836,1918,1572760,786380,1786000.0,1786000.0,931.1783107403545,False,True,3836,1918,0,0,3836,1918,6.103515625e-06,1.9423193641941603,0.38262848745144357,0.38262848745144357,0.38262848745144357,False,-1.8045091381296706e-05,6.103515625e-06,True
trial,410,410,409,947.5247845529852,947.5247845529852,947.5247588969149,947.5247588969149,3836,1918,0,0,3836,1918,1576596,788298,1786000.0,1786000.0,931.1783107403545,False,True,3836,1918,0,0,3836,1918,1.220703125e-05,2.1947098387084365,-0.3888702065123512,-0.3888702065123512,-0.3888702065123512,False,-6.59759217260914e-05,1.220703125e-05,False
trial,411,411,411,947.5247486282433,947.5247486282433,947.5247486282433,947.5247486282433,3836,1918,0,0,3836,1918,1580432,790216,1786000.0,1786000.0,931.1783107403545,False,True,3836,1918,0,0,3836,1918,6.103515625e-06,2.1947098387084365,0.30351991303836345,0.30351991303836345,0.30351991303836345,False,-3.38319536987194e-05,6.103515625e-06,True
trial,412,412,411,947.5248100123579,947.5248100123579,947.5247486282433,947.5247486282433,3836,1918,0,0,3836,1918,1584268,792134,1786000.0,1786000.0,931.1783107403545,False,True,3836,1918,0,0,3836,1918,1.220703125e-05,2.356067462110161,-0.9836632702835605,-0.9836632702835605,-0.9836632702835605,False,-6.240358509074572e-05,1.220703125e-05,False
trial,413,413,413,947.5247479528517,947.5247479528517,947.5247479528517,947.5247479528517,3836,1918,0,0,3836,1918,1588104,794052,1786000.0,1786000.0,931.1783107403545,False,True,3836,1918,0,0,3836,1918,6.103515625e-06,2.356067462110161,0.020922022581315217,0.020922022581315217,0.020922022581315217,False,-3.228137044205329e-05,6.103515625e-06,True
trial,414,414,414,947.524735443335,947.524735443335,947.524735443335,947.524735443335,3836,1918,0,0,3836,1918,1591940,795970,1786000.0,1786000.0,931.1783107403545,False,True,3836,1918,0,0,3836,1918,3.0517578125e-06,3.065536104449747,0.6006367195898192,0.6006367195898192,0.6006367195898192,False,-2.082709288738208e-05,3.0517578125e-06,True
trial,415,415,414,947.5247361339405,947.5247361339405,947.524735443335,947.524735443335,3836,1918,0,0,3836,1918,1595776,797888,1786000.0,1786000.0,931.1783107403545,False,True,3836,1918,0,0,3836,1918,6.103515625e-06,1.5602159668306133,-0.05475075619473094,-0.05475075619473094,-0.05475075619473094,False,-1.2613624414110327e-05,6.103515625e-06,False
trial,416,416,416,947.5247315491833,947.5247315491833,947.5247315491833,947.5247315491833,3836,1918,0,0,3836,1918,1599612,799806,1786000.0,1786000.0,931.1783107403545,False,True,3836,1918,0,0,3836,1918,3.0517578125e-06,1.5602159668306133,0.5592248549846935,0.5592248549846935,0.5592248549846935,False,-6.963480963973197e-06,3.0517578125e-06,True
trial,417,417,416,947.5247341773555,947.5247341773555,947.5247315491833,947.5247315491833,3836,1918,0,0,3836,1918,1603448,801724,1786000.0,1786000.0,931.1783107403545,False,True,3836,1918,0,0,3836,1918,6.103515625e-06,1.2671550849135944,-0.13101263304836863,-0.13101263304836863,-0.13101263304836863,False,-2.0060448537236156e-05,6.103515625e-06,False
trial,418,418,418,947.5247269852085,947.5247269852085,947.5247269852085,947.5247269852085,3836,1918,0,0,3836,1918,1607284,803642,1786000.0,1786000.0,931.1783107403545,False,True,3836,1918,0,0,3836,1918,3.0517578125e-06,1.2671550849135944,0.4401589759403611,0.4401589759403611,0.4401589759403611,False,-1.0368923642983511e-05,3.0517578125e-06,True
trial,419,419,418,947.5247320303556,947.5247320303556,947.5247269852085,947.5247269852085,3836,1918,0,0,3836,1918,1611120,805560,1786000.0,1786000.0,931.1783107403545,False,True,3836,1918,0,0,3836,1918,6.103515625e-06,1.1925740783093501,-0.2969446213004056,-0.2969446213004056,-0.2969446213004056,False,-1.699019519163001e-05,6.103515625e-06,False
trial,420,420,420,947.5247238404629,947.5247238404629,947.5247238404629,947.5247238404629,3836,1918,0,0,3836,1918,1614956,807478,1786000.0,1786000.0,931.1783107403545,False,True,3836,1918,0,0,3836,1918,3.0517578125e-06,1.1925740783093501,0.3587621217014139,0.3587621217014139,0.3587621217014139,False,-8.765545271478822e-06,3.0517578125e-06,True
trial,421,421,420,947.5247345591762,947.5247345591762,947.5247238404629,947.5247238404629,3836,1918,0,0,3836,1918,1618792,809396,1786000.0,1786000.0,931.1783107403545,False,True,3836,1918,0,0,3836,1918,6.103515625e-06,1.1640525180784604,-0.5319150752962108,-0.5319150752962108,-0.5319150752962108,False,-2.0151174064551087e-05,6.103515625e-06,False
trial,422,422,422,947.5247213390792,947.5247213390792,947.5247213390792,947.5247213390792,3836,1918,0,0,3836,1918,1622628,811314,1786000.0,1786000.0,931.1783107403545,False,True,3836,1918,0,0,3836,1918,3.0517578125e-06,1.1640525180784604,0.24044403051960242,0.24044403051960242,0.24044403051960242,False,-1.0403185005790808e-05,3.0517578125e-06,True
trial,423,423,422,947.524726101025,947.524726101025,947.5247213390792,947.5247213390792,3836,1918,0,0,3836,1918,1626464,813232,1786000.0,1786000.0,931.1783107403545,False,True,3836,1918,0,0,3836,1918,6.103515625e-06,1.64165626629426,-0.2524880082675508,-0.2524880082675508,-0.2524880082675508,False,-1.8860086889922777e-05,6.103515625e-06,False
trial,424,424,424,947.5247176161862,947.5247176161862,947.5247176161862,947.5247176161862,3836,1918,0,0,3836,1918,1630300,815150,1786000.0,1786000.0,931.1783107403545,False,True,3836,1918,0,0,3836,1918,3.0517578125e-06,1.64165626629426,0.3807187639670743,0.3807187639670743,0.3807187639670743,False,-9.778590751142608e-06,3.0517578125e-06,True
trial,425,425,424,947.5247202436494,947.5247202436494,947.5247176161862,947.5247176161862,3836,1918,0,0,3836,1918,1634136,817068,1786000.0,1786000.0,931.1783107403545,False,True,3836,1918,0,0,3836,1918,6.103515625e-06,1.1299625416418695,-0.13542000884257757,-0.13542000884257757,-0.13542000884257757,False,-1.940232654192877e-05,6.103515625e-06,False
trial,426,426,426,947.524713288785,947.524713288785,947.524713288785,947.524713288785,3836,1918,0,0,3836,1918,1637972,818986,1786000.0,1786000.0,931.1783107403545,False,True,3836,1918,0,0,3836,1918,3.0517578125e-06,1.1299625416418695,0.43030887483864394,0.43030887483864394,0.43030887483864394,False,-1.0056499868433069e-05,3.0517578125e-06,True
trial,427,427,426,947.5247207259692,947.5247207259692,947.524713288785,947.524713288785,3836,1918,0,0,3836,1918,1641808,820904,1786000.0,1786000.0,931.1783107403545,False,True,3836,1918,0,0,3836,1918,6.103515625e-06,1.1288325193893094,-0.4665284348437745,-0.4665284348437745,-0.4665284348437745,False,-1.5941545336254885e-05,6.103515625e-06,False
trial,428,428,428,947.5247110313551,947.5247110313551,947.5247110313551,947.5247110313551,3836,1918,0,0,3836,1918,1645644,822822,1786000.0,1786000.0,931.1783107403545,False,True,3836,1918,0,0,3836,1918,3.0517578125e-06,1.1288325193893094,0.27276814464428134,0.27276814464428134,0.27276814464428134,False,-8.276002947927852e-06,3.0517578125e-06,True
trial,429,429,428,947.5247230196774,947.5247230196774,947.5247110313551,947.5247110313551,3836,1918,0,0,3836,1918,1649480,824740,1786000.0,1786000.0,931.1783107403545,False,True,3836,1918,0,0,3836,1918,6.103515625e-06,1.105669648243986,-0.6280565235259136,-0.6280565235259136,-0.6280565235259136,False,-1.9087967143153454e-05,6.103515625e-06,False
trial,430,430,430,947.5247090921596,947.5247090921596,947.5247090921596,947.5247090921596,3836,1918,0,0,3836,1918,1653316,826658,1786000.0,1786000.0,931.1783107403545,False,True,3836,1918,0,0,3836,1918,3.0517578125e-06,1.105669648243986,0.19639205157822648,0.19639205157822648,0.19639205157822648,False,-9.874103782236647e-06,3.0517578125e-06,True
trial,431,431,430,947.5247216232074,947.5247216232074,947.5247090921596,947.5247090921596,3836,1918,0,0,3836,1918,1657152,828576,1786000.0,1786000.0,931.1783107403545,False,True,3836,1918,0,0,3836,1918,6.103515625e-06,1.4005886695997547,-0.6724371780694863,-0.6724371780694863,-0.6724371780694863,False,-1.8635269130946224e-05,6.103515625e-06,False
trial,432,432,432,947.524707441366,947.524707441366,947.524707441366,947.524707441366,3836,1918,0,0,3836,1918,1660988,830494,1786000.0,1786000.0,931.1783107403545,False,True,3836,1918,0,0,3836,1918,3.0517578125e-06,1.4005886695997547,0.1715805726876967,0.1715805726876967,0.1715805726876967,False,-9.62109851150753e-06,3.0517578125e-06,True
trial,433,433,432,947.524719516548,947.524719516548,947.524707441366,947.524707441366,3836,1918,0,0,3836,1918,1664824,832412,1786000.0,1786000.0,931.1783107403545,False,True,3836,1918,0,0,3836,1918,6.103515625e-06,1.1058333674399454,-0.6388578680549225,-0.6388578680549225,-0.6388578680549225,False,-1.890120258164343e-05,6.103515625e-06,False
trial,434,434,434,947.5247056062435,947.5247056062435,947.5247056062435,947.5247056062435,3836,1918,0,0,3836,1918,1668660,834330,1786000.0,1786000.0,931.1783107403545,False,True,3836,1918,0,0,3836,1918,3.0517578125e-06,1.1058333674399454,0.1878121133699662,0.1878121133699662,0.1878121133699662,False,-9.771054924973319e-06,3.0517578125e-06,True
trial,435,435,434,947.5247184416428,947.5247184416428,947.5247056062435,947.5247056062435,3836,1918,0,0,3836,1918,1672496,836248,1786000.0,1786000.0,931.1783107403545,False,True,3836,1918,0,0,3836,1918,6.103515625e-06,1.359313453180404,-0.6982884879151524,-0.6982884879151524,-0.6982884879151524,False,-1.8381227096143078e-05,6.103515625e-06,False
trial,436,436,436,947.5247041482744,947.5247041482744,947.5247041482744,947.5247041482744,3836,1918,0,0,3836,1918,1676332,838166,1786000.0,1786000.0,931.1783107403545,False,True,3836,1918,0,0,3836,1918,3.0517578125e-06,1.359313453180404,0.1547516321634178,0.1547516321634178,0.1547516321634178,False,-9.42134890129161e-06,3.0517578125e-06,True
trial,437,437,436,947.5247165101129,947.5247165101129,947.5247041482744,947.5247041482744,3836,1918,0,0,3836,1918,1680168,840084,1786000.0,1786000.0,931.1783107403545,False,True,3836,1918,0,0,3836,1918,6.103515625e-06,1.1379236355007223,-0.6605182668717536,-0.6605182668717536,-0.6605182668717536,False,-1.87153619782693e-05,6.103515625e-06,False
trial,438,438,438,947.5247024626456,947.5247024626456,947.5247024626456,947.5247024626456,3836,1918,0,0,3836,1918,1684004,842002,1786000.0,1786000.0,931.1783107403545,False,True,3836,1918,0,0,3836,1918,3.0517578125e-06,1.1379236355007223,0.17521643410097734,0.17521643410097734,0.17521643410097734,False,-9.62026672801371e-06,3.0517578125e-06,True
trial,439,439,438,947.5247155996972,947.5247155996972,947.5247024626456,947.5247024626456,3836,1918,0,0,3836,1918,1687840,843920,1786000.0,1786000.0,931.1783107403545,False,True,3836,1918,0,0,3836,1918,6.103515625e-06,1.8929885156371726,-0.7262613887432955,-0.7262613887432955,-0.7262613887432955,False,-1.8088599798529156e-05,6.103515625e-06,False
trial,440,440,440,947.5247010945599,947.5247010945599,947.5247010945599,947.5247010945599,3836,1918,0,0,3836,1918,1691676,845838,1786000.0,1786000.0,931.1783107403545,False,True,3836,1918,0,0,3836,1918,3.0517578125e-06,1.8929885156371726,0.14650251268628994,0.14650251268628994,0.14650251268628994,False,-9.33830871478255e-06,3.0517578125e-06,True
trial,441,441,440,947.5247137936869,947.5247137936869,947.5247010945599,947.5247010945599,3836,1918,0,0,3836,1918,1695512,847756,1786000.0,1786000.0,931.1783107403545,False,True,3836,1918,0,0,3836,1918,6.103515625e-06,1.1235985099035488,-0.6908385277843134,-0.6908385277843134,-0.6908385277843134,False,-1.8382192883416695e-05,6.103515625e-06,False
trial,442,442,442,947.524699517337,947.524699517337,947.524699517337,947.524699517337,3836,1918,0,0,3836,1918,1699348,849674,1786000.0,1786000.0,931.1783107403545,False,True,3836,1918,0,0,3836,1918,3.0517578125e-06,1.1235985099035488,0.16580750693988355,0.16580750693988355,0.16580750693988355,False,-9.512373051553571e-06,3.0517578125e-06,True
trial,443,443,442,947.524712900132,947.524712900132,947.524699517337,947.524699517337,3836,1918,0,0,3836,1918,1703184,851592,1786000.0,1786000.0,931.1783107403545,False,True,3836,1918,0,0,3836,1918,6.103515625e-06,1.3624263466085205,-0.7530145732339529,-0.7530145732339529,-0.7530145732339529,False,-1.77722922076829e-05,6.103515625e-06,False
trial,444,444,444,947.5246983042823,947.5246983042823,947.5246983042823,947.5246983042823,3836,1918,0,0,3836,1918,1707020,853510,1786000.0,1786000.0,931.1783107403545,False,True,3836,1918,0,0,3836,1918,3.0517578125e-06,1.3624263466085205,0.1321307050702844,0.1321307050702844,0.1321307050702844,False,-9.180717694462754e-06,3.0517578125e-06,True
trial,445,445,444,947.5247112115574,947.5247112115574,947.5246983042823,947.5246983042823,3836,1918,0,0,3836,1918,1710856,855428,1786000.0,1786000.0,931.1783107403545,False,True,3836,1918,0,0,3836,1918,6.103515625e-06,1.1585218145218406,-0.7100642528249101,-0.7100642528249101,-0.7100642528249101,False,-1.8177615614792652e-05,6.103515625e-06,False
trial,446,446,446,947.5246968309334,947.5246968309334,947.5246968309334,947.5246968309334,3836,1918,0,0,3836,1918,1714692,857346,1786000.0,1786000.0,931.1783107403545,False,True,3836,1918,0,0,3836,1918,3.0517578125e-06,1.1585218145218406,0.15657717304794078,0.15657717304794078,0.15657717304794078,False,-9.409729871578698e-06,3.0517578125e-06,True
trial,447,447,446,947.524710559872,947.524710559872,947.5246968309334,947.5246968309334,3836,1918,0,0,3836,1918,1718528,859264,1786000.0,1786000.0,931.1783107403545,False,True,3836,1918,0,0,3836,1918,6.103515625e-06,1.3778348981239987,-0.7858608088715141,-0.7858608088715141,-0.7858608088715141,False,-1.746993671466865e-05,6.103515625e-06,False
trial,448,448,448,947.5246957611305,947.5246957611305,947.5246957611305,947.5246957611305,3836,1918,0,0,3836,1918,1722364,861182,1786000.0,1786000.0,931.1783107403545,False,True,3836,1918,0,0,3836,1918,3.0517578125e-06,1.3778348981239987,0.11829981442640713,0.11829981442640713,0.11829981442640713,False,-9.043149604380506e-06,3.0517578125e-06,True
trial,449,449,448,947.5247088467029,947.5247088467029,947.5246957611305,947.5246957611305,3836,1918,0,0,3836,1918,1726200,863100,1786000.0,1786000.0,931.1783107403545,False,True,3836,1918,0,0,3836,1918,6.103515625e-06,1.1038702947397276,-0.7268798743926971,-0.7268798743926971,-0.7268798743926971,False,-1.8002386435481696e-05,6.103515625e-06,False
trial,450,450,450,947.5246943933328,947.5246943933328,947.5246943933328,947.5246943933328,3836,1918,0,0,3836,1918,1730036,865018,1786000.0,1786000.0,931.1783107403545,False,True,3836,1918,0,0,3836,1918,3.0517578125e-06,1.1038702947397276,0.14699816190213488,0.14699816190213488,0.14699816190213488,False,-9.304862758124794e-06,3.0517578125e-06,True
trial,451,451,450,947.5247083923734,947.5247083923734,947.5246943933328,947.5246943933328,3836,1918,0,0,3836,1918,1733872,866936,1786000.0,1786000.0,931.1783107403545,False,True,3836,1918,0,0,3836,1918,6.103515625e-06,1.3431458012347375,-0.8122448879733492,-0.8122448879733492,-0.8122448879733492,False,-1.7235000038037827e-05,6.103515625e-06,False
trial,452,452,452,947.5246934591695,947.5246934591695,947.5246934591695,947.5246934591695,3836,1918,0,0,3836,1918,1737708,868854,1786000.0,1786000.0,931.1783107403545,False,True,3836,1918,0,0,3836,1918,3.0517578125e-06,1.3431458012347375,0.10485954172251122,0.10485954172251122,0.10485954172251122,False,-8.908710187783346e-06,3.0517578125e-06,True
trial,453,453,452,947.5247067146241,947.5247067146241,947.5246934591695,947.5246934591695,3836,1918,0,0,3836,1918,1741544,870772,1786000.0,1786000.0,931.1783107403545,False,True,3836,1918,0,0,3836,1918,6.103515625e-06,1.1017600038399336,-0.7432867441368457,-0.7432867441368457,-0.7432867441368457,False,-1.7833567915962582e-05,6.103515625e-06,False
trial,454,454,454,947.5246921894645,947.5246921894645,947.5246921894645,947.5246921894645,3836,1918,0,0,3836,1918,1745380,872690,1786000.0,1786000.0,931.1783107403545,False,True,3836,1918,0,0,3836,1918,3.0517578125e-06,1.1017600038399336,0.1378866538297353,0.1378866538297353,0.1378866538297353,False,-9.20832387819035e-06,3.0517578125e-06,True
trial,455,455,454,947.5247065051517,947.5247065051517,947.5246921894645,947.5246921894645,3836,1918,0,0,3836,1918,1749216,874608,1786000.0,1786000.0,931.1783107403545,False,True,3836,1918,0,0,3836,1918,6.103515625e-06,1.3436369520332065,-0.8463098157785351,-0.8463098157785351,-0.8463098157785351,False,-1.6915421398114425e-05,6.103515625e-06,False
trial,456,456,456,947.524691414128,947.524691414128,947.524691414128,947.524691414128,3836,1918,0,0,3836,1918,1753052,876526,1786000.0,1786000.0,931.1783107403545,False,True,3836,1918,0,0,3836,1918,3.0517578125e-06,1.3436369520332065,0.08860524320082612,0.08860524320082612,0.08860524320082612,False,-8.750458489224342e-06,3.0517578125e-06,True
trial,457,457,456,947.5247048952866,947.5247048952866,947.524691414128,947.524691414128,3836,1918,0,0,3836,1918,1756888,878444,1786000.0,1786000.0,931.1783107403545,False,True,3836,1918,0,0,3836,1918,6.103515625e-06,1.1001470813325325,-0.7655551618845301,-0.7655551618845301,-0.7655551618845301,False,-1.760965017369988e-05,6.103515625e-06,False
trial,458,458,458,947.5246902830015,947.5246902830015,947.5246902830015,947.5246902830015,3836,1918,0,0,3836,1918,1760724,880362,1786000.0,1786000.0,931.1783107403545,False,True,3836,1918,0,0,3836,1918,3.0517578125e-06,1.1001470813325325,0.12472874067153654,0.12472874067153654,0.12472874067153654,False,-9.068691816338676e-06,3.0517578125e-06,True
trial,459,459,458,947.524704812462,947.524704812462,947.5246902830015,947.5246902830015,3836,1918,0,0,3836,1918,1764560,882280,1786000.0,1786000.0,931.1783107403545,False,True,3836,1918,0,0,3836,1918,6.103515625e-06,1.3661169882652826,-0.8699374855884477,-0.8699374855884477,-0.8699374855884477,False,-1.670172940814593e-05,6.103515625e-06,False
trial,460,460,460,947.5246896239894,947.5246896239894,947.5246896239894,947.5246896239894,3836,1918,0,0,3836,1918,1768396,884198,1786000.0,1786000.0,931.1783107403545,False,True,3836,1918,0,0,3836,1918,3.0517578125e-06,1.3661169882652826,0.07632686786977204,0.07632686786977204,0.07632686786977204,False,-8.634077993664001e-06,3.0517578125e-06,True
trial,461,461,460,947.5247031071297,947.5247031071297,947.5246896239894,947.5246896239894,3836,1918,0,0,3836,1918,1772232,886116,1786000.0,1786000.0,931.1783107403545,False,True,3836,1918,0,0,3836,1918,6.103515625e-06,1.313214158915211,-0.7731003395910645,-0.7731003395910645,-0.7731003395910645,False,-1.744034968585974e-05,6.103515625e-06,False
trial,462,462,462,947.5246885672027,947.5246885672027,947.5246885672027,947.5246885672027,3836,1918,0,0,3836,1918,1776068,888034,1786000.0,1786000.0,931.1783107403545,False,True,3836,1918,0,0,3836,1918,3.0517578125e-06,1.313214158915211,0.11747240305645935,0.11747240305645935,0.11747240305645935,False,-8.99604212655901e-06,3.0517578125e-06,True
trial,463,463,462,947.5247033063766,947.5247033063766,947.5246885672027,947.5246885672027,3836,1918,0,0,3836,1918,1779904,889952,1786000.0,1786000.0,931.1783107403545,False,True,3836,1918,0,0,3836,1918,6.103515625e-06,1.3380024430294732,-0.893501529539221,-0.893501529539221,-0.893501529539221,False,-1.6495969449864085e-05,6.103515625e-06,False
trial,464,464,464,947.5246880278087,947.5246880278087,947.5246880278087,947.5246880278087,3836,1918,0,0,3836,1918,1783740,891870,1786000.0,1786000.0,931.1783107403545,False,True,3836,1918,0,0,3836,1918,3.0517578125e-06,1.3380024430294732,0.06335557412930114,0.06335557412930114,0.06335557412930114,False,-8.513757947795279e-06,3.0517578125e-06,True
trial,465,465,464,947.5247018357381,947.5247018357381,947.5246880278087,947.5246880278087,3836,1918,0,0,3836,1918,1787576,893788,1786000.0,1786000.0,931.1783107403545,False,True,3836,1918,0,0,3836,1918,6.103515625e-06,1.1020701882883643,-0.7989591993051686,-0.7989591993051686,-0.7989591993051686,False,-1.728239624118004e-05,6.103515625e-06,False
trial,466,466,466,947.5246870209627,947.5246870209627,947.5246870209627,947.5246870209627,3836,1918,0,0,3836,1918,1791412,895706,1786000.0,1786000.0,931.1783107403545,False,True,3836,1918,0,0,3836,1918,3.0517578125e-06,1.1020701882883643,0.11252933876600318,0.11252933876600318,0.11252933876600318,False,-8.947408760330745e-06,3.0517578125e-06,True
trial,467,467,466,947.5247019835849,947.5247019835849,947.5246870209627,947.5246870209627,3836,1918,0,0,3836,1918,1795248,897624,1786000.0,1786000.0,931.1783107403545,False,True,3836,1918,0,0,3836,1918,6.103515625e-06,1.3389951156297355,-0.9195578846100793,-0.9195578846100793,-0.9195578846100793,False,-1.627153927057111e-05,6.103515625e-06,False
trial,468,468,468,947.5246865700545,947.5246865700545,947.5246865700545,947.5246865700545,3836,1918,0,0,3836,1918,1799084,899542,1786000.0,1786000.0,931.1783107403545,False,True,3836,1918,0,0,3836,1918,3.0517578125e-06,1.3389951156297355,0.05350052227391794,0.05350052227391794,0.05350052227391794,False,-8.428107375625145e-06,3.0517578125e-06,True
trial,469,469,468,947.524700297703,947.524700297703,947.5246865700545,947.5246865700545,3836,1918,0,0,3836,1918,1802920,901460,1786000.0,1786000.0,931.1783107403545,False,True,3836,1918,0,0,3836,1918,6.103515625e-06,1.1033260365225108,-0.7989148954270818,-0.7989148954270818,-0.7989148954270818,False,-1.7182867108705878e-05,6.103515625e-06,False
trial,470,470,470,947.5246855978947,947.5246855978947,947.5246855978947,947.5246855978947,3836,1918,0,0,3836,1918,1806756,903378,1786000.0,1786000.0,931.1783107403545,False,True,3836,1918,0,0,3836,1918,3.0517578125e-06,1.1033260365225108,0.10905628289713634,0.10905628289713634,0.10905628289713634,False,-8.914294256083729e-06,3.0517578125e-06,True
trial,471,471,470,947.5247006649611,947.5247006649611,947.5246855978947,947.5246855978947,3836,1918,0,0,3836,1918,1810592,905296,1786000.0,1786000.0,931.1783107403545,False,True,3836,1918,0,0,3836,1918,6.103515625e-06,1.331401407201958,-0.9322397942466343,-0.9322397942466343,-0.9322397942466343,False,-1.6162221803658484e-05,6.103515625e-06,False
trial,472,472,472,947.524685230936,947.524685230936,947.524685230936,947.524685230936,3836,1918,0,0,3836,1918,1814428,907214,1786000.0,1786000.0,931.1783107403545,False,True,3836,1918,0,0,3836,1918,3.0517578125e-06,1.331401407201958,0.04397511076771253,0.04397511076771253,0.04397511076771253,False,-8.344691109403057e-06,3.0517578125e-06,True
trial,473,473,473,947.5246827522897,947.5246827522897,947.5246827522897,947.5246827522897,3836,1918,0,0,3836,1918,1818264,909132,1786000.0,1786000.0,931.1783107403545,False,True,3836,1918,0,0,3836,1918,1.52587890625e-06,1.105193730334189,0.543547928815898,0.543547928815898,0.543547928815898,False,-4.56012475457089e-06,1.52587890625e-06,True
trial,474,474,473,947.5246832483579,947.5246832483579,947.5246827522897,947.5246827522897,3836,1918,0,0,3836,1918,1822100,911050,1786000.0,1786000.0,931.1783107403545,False,True,3836,1918,0,0,3836,1918,3.0517578125e-06,0.7490473844057064,-0.15118972234429423,-0.15118972234429423,-0.15118972234429423,False,-3.281097343169764e-06,3.0517578125e-06,False
trial,475,475,475,947.5246818443298,947.5246818443298,947.5246818443298,947.5246818443298,3836,1918,0,0,3836,1918,1825936,912968,1786000.0,1786000.0,931.1783107403545,False,True,3836,1918,0,0,3836,1918,1.52587890625e-06,0.7490473844057064,0.5238011140572035,0.5238011140572035,0.5238011140572035,False,-1.733405659915591e-06,1.52587890625e-06,True
trial,476,476,475,947.5246828669724,947.5246828669724,947.5246818443298,947.5246818443298,3836,1918,0,0,3836,1918,1829772,914886,1786000.0,1786000.0,931.1783107403545,False,True,3836,1918,0,0,3836,1918,3.0517578125e-06,0.5452074283333085,-0.2180084732917183,-0.2180084732917183,-0.2180084732917183,False,-4.6908385474930725e-06,3.0517578125e-06,False
trial,477,477,477,947.5246809102085,947.5246809102085,947.5246809102085,947.5246809102085,3836,1918,0,0,3836,1918,1833608,916804,1786000.0,1786000.0,931.1783107403545,False,True,3836,1918,0,0,3836,1918,1.52587890625e-06,0.5452074283333085,0.3893451657702044,0.3893451657702044,0.3893451657702044,False,-2.3992112893931178e-06,1.52587890625e-06,True
trial,478,478,477,947.5246821464888,947.5246821464888,947.5246809102085,947.5246809102085,3836,1918,0,0,3836,1918,1837444,918722,1786000.0,1786000.0,931.1783107403545,False,True,3836,1918,0,0,3836,1918,3.0517578125e-06,0.7228268591924095,-0.2857945597864132,-0.2857945597864132,-0.2857945597864132,False,-4.325765479126075e-06,3.0517578125e-06,False
trial,479,479,479,947.5246801219107,947.5246801219107,947.5246801219107,947.5246801219107,3836,1918,0,0,3836,1918,1841280,920640,1786000.0,1786000.0,931.1783107403545,False,True,3836,1918,0,0,3836,1918,1.52587890625e-06,0.7228268591924095,0.35345972213067106,0.35345972213067106,0.35345972213067106,False,-2.230233816985894e-06,1.52587890625e-06,True
trial,480,480,479,947.5246816368692,947.5246816368692,947.5246801219107,947.5246801219107,3836,1918,0,0,3836,1918,1845116,922558,1786000.0,1786000.0,931.1783107403545,False,True,3836,1918,0,0,3836,1918,3.0517578125e-06,0.5485555680515886,-0.3706807871995606,-0.3706807871995606,-0.3706807871995606,False,-4.086962596204765e-06,3.0517578125e-06,False
trial,481,481,481,947.5246797476636,947.5246797476636,947.5246797476636,947.5246797476636,3836,1918,0,0,3836,1918,1848952,924476,1786000.0,1786000.0,931.1783107403545,False,True,3836,1918,0,0,3836,1918,1.52587890625e-06,0.5485555680515886,0.1776295271687643,0.1776295271687643,0.1776295271687643,False,-2.106896704072581e-06,1.52587890625e-06,True
trial,482,482,481,947.5246807297115,947.5246807297115,947.5246797476636,947.5246797476636,3836,1918,0,0,3836,1918,1852788,926394,1786000.0,1786000.0,931.1783107403545,False,True,3836,1918,0,0,3836,1918,3.0517578125e-06,0.7823208184067717,-0.21629042800949272,-0.21629042800949272,-0.21629042800949272,False,-4.54041277579958e-06,3.0517578125e-06,False
trial,483,483,483,947.524678835488,947.524678835488,947.524678835488,947.524678835488,3836,1918,0,0,3836,1918,1856624,928312,1786000.0,1786000.0,931.1783107403545,False,True,3836,1918,0,0,3836,1918,1.52587890625e-06,0.7823208184067717,0.3879533889815796,0.3879533889815796,0.3879533889815796,False,-2.351250667443945e-06,1.52587890625e-06,True
trial,484,484,483,947.5246801818084,947.5246801818084,947.524678835488,947.524678835488,3836,1918,0,0,3836,1918,1860460,930230,1786000.0,1786000.0,931.1783107403545,False,True,3836,1918,0,0,3836,1918,3.0517578125e-06,0.5641630540400613,-0.3115160514931162,-0.3115160514931162,-0.3115160514931162,False,-4.3218333472960946e-06,3.0517578125e-06,False
trial,485,485,485,947.524678103019,947.524678103019,947.524678103019,947.524678103019,3836,1918,0,0,3836,1918,1864296,932148,1786000.0,1786000.0,931.1783107403545,False,True,3836,1918,0,0,3836,1918,1.52587890625e-06,0.5641630540400613,0.3282202459583891,0.3282202459583891,0.3282202459583891,False,-2.2316385315552416e-06,1.52587890625e-06,True
trial,486,486,485,947.5246794482935,947.5246794482935,947.524678103019,947.524678103019,3836,1918,0,0,3836,1918,1868132,934066,1786000.0,1786000.0,931.1783107403545,False,True,3836,1918,0,0,3836,1918,3.0517578125e-06,0.6612516550233485,-0.31930485073839904,-0.31930485073839904,-0.31930485073839904,False,-4.2131349519310635e-06,3.0517578125e-06,False
trial,487,487,487,947.5246773646256,947.5246773646256,947.5246773646256,947.5246773646256,3836,1918,0,0,3836,1918,1871968,935984,1786000.0,1786000.0,931.1783107403545,False,True,3836,1918,0,0,3836,1918,1.52587890625e-06,0.6612516550233485,0.3369723102784842,0.3369723102784842,0.3369723102784842,False,-2.191258372518495e-06,1.52587890625e-06,True
trial,488,488,487,947.5246808405013,947.5246808405013,947.5246773646256,947.5246773646256,3836,1918,0,0,3836,1918,1875804,937902,1786000.0,1786000.0,931.1783107403545,False,True,3836,1918,0,0,3836,1918,3.0517578125e-06,0.5617676755276803,-0.8591649546979994,-0.8591649546979994,-0.8591649546979994,False,-4.04564418280309e-06,3.0517578125e-06,False
trial,489,489,489,947.524677205863,947.524677205863,947.524677205863,947.524677205863,3836,1918,0,0,3836,1918,1879640,939820,1786000.0,1786000.0,931.1783107403545,False,True,3836,1918,0,0,3836,1918,1.52587890625e-06,0.5617676755276803,0.07607396303029687,0.07607396303029687,0.07607396303029687,False,-2.0869511640069177e-06,1.52587890625e-06,True
trial,490,490,489,947.5246802325789,947.5246802325789,947.524677205863,947.524677205863,3836,1918,0,0,3836,1918,1883476,941738,1786000.0,1786000.0,931.1783107403545,False,True,3836,1918,0,0,3836,1918,3.0517578125e-06,0.7439338803965566,-0.6427881729261326,-0.6427881729261326,-0.6427881729261326,False,-4.7087299860614874e-06,3.0517578125e-06,False
trial,491,491,491,947.5246767735159,947.5246767735159,947.5246767735159,947.5246767735159,3836,1918,0,0,3836,1918,1887312,943656,1786000.0,1786000.0,931.1783107403545,False,True,3836,1918,0,0,3836,1918,1.52587890625e-06,0.7439338803965566,0.17810090402972625,0.17810090402972625,0.17810090402972625,False,-2.427539978931403e-06,1.52587890625e-06,True
trial,492,492,491,947.5246802508525,947.5246802508525,947.5246767735159,947.5246767735159,3836,1918,0,0,3836,1918,1891148,945574,1786000.0,1786000.0,931.1783107403545,False,True,3836,1918,0,0,3836,1918,3.0517578125e-06,0.6659974062156856,-0.8744541184195339,-0.8744541184195339,-0.8744541184195339,False,-3.976579792650315e-06,3.0517578125e-06,False
trial,493,493,493,947.5246766053695,947.5246766053695,947.5246766053695,947.5246766053695,3836,1918,0,0,3836,1918,1894984,947492,1786000.0,1786000.0,931.1783107403545,False,True,3836,1918,0,0,3836,1918,1.52587890625e-06,0.6659974062156856,0.08145616655540573,0.08145616655540573,0.08145616655540573,False,-2.064257110045874e-06,1.52587890625e-06,True
trial,494,494,493,947.5246796486192,947.5246796486192,947.5246766053695,947.5246766053695,3836,1918,0,0,3836,1918,1898820,949410,1786000.0,1786000.0,931.1783107403545,False,True,3836,1918,0,0,3836,1918,3.0517578125e-06,0.6873801236406208,-0.6484419324310853,-0.6484419324310853,-0.6484419324310853,False,-4.693172372434063e-06,3.0517578125e-06,False
trial,495,495,495,947.5246761977387,947.5246761977387,947.5246761977387,947.5246761977387,3836,1918,0,0,3836,1918,1902656,951328,1786000.0,1786000.0,931.1783107403545,False,True,3836,1918,0,0,3836,1918,1.52587890625e-06,0.6873801236406208,0.16850802955125335,0.16850802955125335,0.16850802955125335,False,-2.4190583177133247e-06,1.52587890625e-06,True
trial,496,496,495,947.5246795494454,947.5246795494454,947.5246761977387,947.5246761977387,3836,1918,0,0,3836,1918,1906492,953246,1786000.0,1786000.0,931.1783107403545,False,True,3836,1918,0,0,3836,1918,3.0517578125e-06,0.5793350265013448,-0.8289645607409172,-0.8289645607409172,-0.8289645607409172,False,-4.043244872269699e-06,3.0517578125e-06,False
trial,497,497,497,947.5246760476489,947.5246760476489,947.5246760476489,947.5246760476489,3836,1918,0,0,3836,1918,1910328,955164,1786000.0,1786000.0,931.1783107403545,False,True,3836,1918,0,0,3836,1918,1.52587890625e-06,0.5793350265013448,0.07174566351131594,0.07174566351131594,0.07174566351131594,False,-2.0919705883513887e-06,1.52587890625e-06,True
trial,498,498,497,947.5246791300658,947.5246791300658,947.5246760476489,947.5246760476489,3836,1918,0,0,3836,1918,1914164,957082,1786000.0,1786000.0,931.1783107403545,False,True,3836,1918,0,0,3836,1918,3.0517578125e-06,0.7985379023850858,-0.6512511433918727,-0.6512511433918727,-0.6512511433918727,False,-4.733069501141343e-06,3.0517578125e-06,False
trial,499,499,499,947.5246756240783,947.5246756240783,947.5246756240783,947.5246756240783,3836,1918,0,0,3836,1918,1918000,959000,1786000.0,1786000.0,931.1783107403545,False,True,3836,1918,0,0,3836,1918,1.52587890625e-06,0.7985379023850858,0.17353305044643788,0.17353305044643788,0.17353305044643788,False,-2.4408638789038767e-06,1.52587890625e-06,True
trial,500,500,499,947.5246789642579,947.5246789642579,947.5246756240783,947.5246756240783,3836,1918,0,0,3836,1918,1921836,960918,1786000.0,1786000.0,931.1783107403545,False,True,3836,1918,0,0,3836,1918,3.0517578125e-06,0.5311056648300343,-0.8356305569392074,-0.8356305569392074,-0.8356305569392074,False,-3.997196510524533e-06,3.0517578125e-06,False
trial,501,501,501,947.5246754799234,947.5246754799234,947.5246754799234,947.5246754799234,3836,1918,0,0,3836,1918,1925672,962836,1786000.0,1786000.0,931.1783107403545,False,True,3836,1918,0,0,3836,1918,1.52587890625e-06,0.5311056648300343,0.06958628541005753,0.06958628541005753,0.06958628541005753,False,-2.0715994449414016e-06,1.52587890625e-06,True
trial,502,502,501,947.5246785725953,947.5246785725953,947.5246754799234,947.5246754799234,3836,1918,0,0,3836,1918,1929508,964754,1786000.0,1786000.0,931.1783107403545,False,True,3836,1918,0,0,3836,1918,3.0517578125e-06,0.6836176005531588,-0.6520570506314123,-0.6520570506314123,-0.6520570506314123,False,-4.742946846271482e-06,3.0517578125e-06,False
trial,503,503,503,947.5246750586955,947.5246750586955,947.5246750586955,947.5246750586955,3836,1918,0,0,3836,1918,1933344,966672,1786000.0,1786000.0,931.1783107403545,False,True,3836,1918,0,0,3836,1918,1.52587890625e-06,0.6836176005531588,0.17249779330518708,0.17249779330518708,0.17249779330518708,False,-2.44193224493821e-06,1.52587890625e-06,True
trial,504,504,503,947.5246786190473,947.5246786190473,947.5246750586955,947.5246750586955,3836,1918,0,0,3836,1918,1937180,968590,1786000.0,1786000.0,931.1783107403545,False,True,3836,1918,0,0,3836,1918,3.0517578125e-06,0.5729291533920642,-0.8883123551914021,-0.8883123551914021,-0.8883123551914021,False,-4.007995410479827e-06,3.0517578125e-06,False
trial,505,505,505,947.524674903523,947.524674903523,947.524674903523,947.524674903523,3836,1918,0,0,3836,1918,1941016,970508,1786000.0,1786000.0,931.1783107403545,False,True,3836,1918,0,0,3836,1918,1.52587890625e-06,0.5729291533920642,0.0747013905269055,0.0747013905269055,0.0747013905269055,False,-2.0772374912137313e-06,1.52587890625e-06,True
trial,506,506,505,947.5246779548727,947.5246779548727,947.524674903523,947.524674903523,3836,1918,0,0,3836,1918,1944852,972426,1786000.0,1786000.0,931.1783107403545,False,True,3836,1918,0,0,3836,1918,3.0517578125e-06,1.035349141463818,-0.6474449491940786,-0.6474449491940786,-0.6474449491940786,False,-4.71290991770891e-06,3.0517578125e-06,False
trial,507,507,507,947.5246744914471,947.5246744914471,947.5246744914471,947.5246744914471,3836,1918,0,0,3836,1918,1948688,974344,1786000.0,1786000.0,931.1783107403545,False,True,3836,1918,0,0,3836,1918,1.52587890625e-06,1.035349141463818,0.16924738952489868,0.16924738952489868,0.16924738952489868,False,-2.4347548697744325e-06,1.52587890625e-06,True
trial,508,508,507,947.5246778423362,947.5246778423362,947.5246744914471,947.5246744914471,3836,1918,0,0,3836,1918,1952524,976262,1786000.0,1786000.0,931.1783107403545,False,True,3836,1918,0,0,3836,1918,3.0517578125e-06,0.6034034927858261,-0.8338103546243696,-0.8338103546243696,-0.8338103546243696,False,-4.0187665802837525e-06,3.0517578125e-06,False
trial,509,509,509,947.524674345423,947.524674345423,947.524674345423,947.524674345423,3836,1918,0,0,3836,1918,1956360,978180,1786000.0,1786000.0,931.1783107403545,False,True,3836,1918,0,0,3836,1918,1.52587890625e-06,0.6034034927858261,0.06991544024084805,0.06991544024084805,0.06991544024084805,False,-2.088580648665869e-06,1.52587890625e-06,True
trial,510,510,509,947.5246773212526,947.5246773212526,947.524674345423,947.524674345423,3836,1918,0,0,3836,1918,1960196,980098,1786000.0,1786000.0,931.1783107403545,False,True,3836,1918,0,0,3836,1918,3.0517578125e-06,0.6815784170040343,-0.626259456189866,-0.626259456189866,-0.626259456189866,False,-4.751751966184648e-06,3.0517578125e-06,False
trial,511,511,511,947.5246739037809,947.5246739037809,947.5246739037809,947.5246739037809,3836,1918,0,0,3836,1918,1964032,982016,1786000.0,1786000.0,931.1783107403545,False,True,3836,1918,0,0,3836,1918,1.52587890625e-06,0.6815784170040343,0.18074697973780673,0.18074697973780673,0.18074697973780673,False,-2.443427277782207e-06,1.52587890625e-06,True
trial,512,512,511,947.5246775233053,947.5246775233053,947.5246739037809,947.5246739037809,3836,1918,0,0,3836,1918,1967868,983934,1786000.0,1786000.0,931.1783107403545,False,True,3836,1918,0,0,3836,1918,3.0517578125e-06,0.5251892880587514,-0.9112023663310382,-0.9112023663310382,-0.9112023663310382,False,-3.9722508385913355e-06,3.0517578125e-06,False
trial,513,513,513,947.52467379066,947.52467379066,947.52467379066,947.52467379066,3836,1918,0,0,3836,1918,1971704,985852,1786000.0,1786000.0,931.1783107403545,False,True,3836,1918,0,0,3836,1918,1.52587890625e-06,0.5251892880587514,0.05523715113882962,0.05523715113882962,0.05523715113882962,False,-2.0479134479460533e-06,1.52587890625e-06,True
trial,514,514,513,947.5246767818476,947.5246767818476,947.52467379066,947.52467379066,3836,1918,0,0,3836,1918,1975540,987770,1786000.0,1786000.0,931.1783107403545,False,True,3836,1918,0,0,3836,1918,3.0517578125e-06,0.7059052431837204,-0.6235118802136008,-0.6235118802136008,-0.6235118802136008,False,-4.7973224763175726e-06,3.0517578125e-06,False
trial,515,515,515,947.5246733447949,947.5246733447949,947.5246733447949,947.5246733447949,3836,1918,0,0,3836,1918,1979376,989688,1786000.0,1786000.0,931.1783107403545,False,True,3836,1918,0,0,3836,1918,1.52587890625e-06,0.7059052431837204,0.18080824834053513,0.18080824834053513,0.18080824834053513,False,-2.465955596795382e-06,1.52587890625e-06,True
trial,516,516,515,947.5246769279536,947.5246769279536,947.5246733447949,947.5246733447949,3836,1918,0,0,3836,1918,1983212,991606,1786000.0,1786000.0,931.1783107403545,False,True,3836,1918,0,0,3836,1918,3.0517578125e-06,0.5225902931341467,-0.9071218163462719,-0.9071218163462719,-0.9071218163462719,False,-3.950030313805232e-06,3.0517578125e-06,False
trial,517,517,517,947.5246732363402,947.5246732363402,947.5246732363402,947.5246732363402,3836,1918,0,0,3836,1918,1987048,993524,1786000.0,1786000.0,931.1783107403545,False,True,3836,1918,0,0,3836,1918,1.52587890625e-06,0.5225902931341467,0.052891951866564035,0.052891951866564035,0.052891951866564035,False,-2.0504961198936605e-06,1.52587890625e-06,True
trial,518,518,517,947.524676268313,947.524676268313,947.5246732363402,947.5246732363402,3836,1918,0,0,3836,1918,1990884,995442,1786000.0,1786000.0,931.1783107403545,False,True,3836,1918,0,0,3836,1918,3.0517578125e-06,0.6934538198128998,-0.6295052984112605,-0.6295052984112605,-0.6295052984112605,False,-4.816437338289716e-06,3.0517578125e-06,False
trial,519,519,519,947.5246727799633,947.5246727799633,947.5246727799633,947.5246727799633,3836,1918,0,0,3836,1918,1994720,997360,1786000.0,1786000.0,931.1783107403545,False,True,3836,1918,0,0,3836,1918,1.52587890625e-06,0.6934538198128998,0.18370319076080965,0.18370319076080965,0.18370319076080965,False,-2.484316262779303e-06,1.52587890625e-06,True
trial,520,520,519,947.5246761985711,947.5246761985711,947.5246727799633,947.5246727799633,3836,1918,0,0,3836,1918,1998556,999278,1786000.0,1786000.0,931.1783107403545,False,True,3836,1918,0,0,3836,1918,3.0517578125e-06,0.7205645578827826,-0.8706671717179973,-0.8706671717179973,-0.8706671717179973,False,-3.926423191980233e-06,3.0517578125e-06,False
trial,521,521,521,947.5246726754228,947.5246726754228,947.5246726754228,947.5246726754228,3836,1918,0,0,3836,1918,2002392,1001196,1786000.0,1786000.0,931.1783107403545,False,True,3836,1918,0,0,3836,1918,1.52587890625e-06,0.7205645578827826,0.051127652080097424,0.051127652080097424,0.051127652080097424,False,-2.044695971750506e-06,1.52587890625e-06,True
trial,522,522,521,947.5246756408397,947.5246756408397,947.5246726754228,947.5246726754228,3836,1918,0,0,3836,1918,2006228,1003114,1786000.0,1786000.0,931.1783107403545,False,True,3836,1918,0,0,3836,1918,3.0517578125e-06,0.6923397774509803,-0.6151661320646107,-0.6151661320646107,-0.6151661320646107,False,-4.820513933668095e-06,3.0517578125e-06,False
trial,523,523,523,947.5246722204743,947.5246722204743,947.5246722204743,947.5246722204743,3836,1918,0,0,3836,1918,2010064,1005032,1786000.0,1786000.0,931.1783107403545,False,True,3836,1918,0,0,3836,1918,1.52587890625e-06,0.6923397774509803,0.18327986404720353,0.18327986404720353,0.18327986404720353,False,-2.4822616437125896e-06,1.52587890625e-06,True
trial,524,524,523,947.5246756856761,947.5246756856761,947.5246722204743,947.5246722204743,3836,1918,0,0,3836,1918,2013900,1006950,1786000.0,1786000.0,931.1783107403545,False,True,3836,1918,0,0,3836,1918,3.0517578125e-06,0.5202692975754241,-0.8821716673461966,-0.8821716673461966,-0.8821716673461966,False,-3.928035777488149e-06,3.0517578125e-06,False
trial,525,525,525,947.5246721092252,947.5246721092252,947.5246721092252,947.5246721092252,3836,1918,0,0,3836,1918,2017736,1008868,1786000.0,1786000.0,931.1783107403545,False,True,3836,1918,0,0,3836,1918,1.52587890625e-06,0.5202692975754241,0.05455909116065607,0.05455909116065607,0.05455909116065607,False,-2.039056158995843e-06,1.52587890625e-06,True
trial,526,526,525,947.5246750971253,947.5246750971253,947.5246721092252,947.5246721092252,3836,1918,0,0,3836,1918,2021572,1010786,1786000.0,1786000.0,931.1783107403545,False,True,3836,1918,0,0,3836,1918,3.0517578125e-06,0.6971852316522064,-0.622678781097254,-0.622678781097254,-0.622678781097254,False,-4.7984613666266415e-06,3.0517578125e-06,False
trial,527,527,527,947.5246716408769,947.5246716408769,947.5246716408769,947.5246716408769,3836,1918,0,0,3836,1918,2025408,1012704,1786000.0,1786000.0,931.1783107403545,False,True,3836,1918,0,0,3836,1918,1.52587890625e-06,0.6971852316522064,0.18914031923568134,0.18914031923568134,0.18914031923568134,False,-2.4761948039946826e-06,1.52587890625e-06,True
trial,528,528,527,947.5246751173582,947.5246751173582,947.5246716408769,947.5246716408769,3836,1918,0,0,3836,1918,2029244,1014622,1786000.0,1786000.0,931.1783107403545,False,True,3836,1918,0,0,3836,1918,3.0517578125e-06,0.5326026352726877,-0.8891316647400243,-0.8891316647400243,-0.8891316647400243,False,-3.909973571623144e-06,3.0517578125e-06,False
trial,529,529,529,947.5246715127912,947.5246715127912,947.5246715127912,947.5246715127912,3836,1918,0,0,3836,1918,2033080,1016540,1786000.0,1786000.0,931.1783107403545,False,True,3836,1918,0,0,3836,1918,1.52587890625e-06,0.5326026352726877,0.0632901194179262,0.0632901194179262,0.0632901194179262,False,-2.023787151049849e-06,1.52587890625e-06,True
trial,530,530,529,947.5246745234806,947.5246745234806,947.5246715127912,947.5246715127912,3836,1918,0,0,3836,1918,2036916,1018458,1786000.0,1786000.0,931.1783107403545,False,True,3836,1918,0,0,3836,1918,3.0517578125e-06,0.6800638938990416,-0.6335907559891427,-0.6335907559891427,-0.6335907559891427,False,-4.751788704117543e-06,3.0517578125e-06,False
trial,531,531,531,947.5246710666145,947.5246710666145,947.5246710666145,947.5246710666145,3836,1918,0,0,3836,1918,2040752,1020376,1786000.0,1786000.0,931.1783107403545,False,True,3836,1918,0,0,3836,1918,1.52587890625e-06,0.6800638938990416,0.182066518431252,0.182066518431252,0.182066518431252,False,-2.4506248123417732e-06,1.52587890625e-06,True
trial,532,532,531,947.5246746681415,947.5246746681415,947.5246710666145,947.5246710666145,3836,1918,0,0,3836,1918,2044588,1022294,1786000.0,1786000.0,931.1783107403545,False,True,3836,1918,0,0,3836,1918,3.0517578125e-06,0.5198746630934195,-0.9102582299183856,-0.9102582299183856,-0.9102582299183856,False,-3.9565992779603145e-06,3.0517578125e-06,False
trial,533,533,533,947.5246709601818,947.5246709601818,947.5246709601818,947.5246709601818,3836,1918,0,0,3836,1918,2048424,1024212,1786000.0,1786000.0,931.1783107403545,False,True,3836,1918,0,0,3836,1918,1.52587890625e-06,0.5198746630934195,0.051953584862032755,0.051953584862032755,0.051953584862032755,False,-2.0486114338965526e-06,1.52587890625e-06,True
trial,534,534,533,947.5246739718416,947.5246739718416,947.5246709601818,947.5246709601818,3836,1918,0,0,3836,1918,2052260,1026130,1786000.0,1786000.0,931.1783107403545,False,True,3836,1918,0,0,3836,1918,3.0517578125e-06,0.7093228053634177,-0.6243077177275626,-0.6243077177275626,-0.6243077177275626,False,-4.823999035526152e-06,3.0517578125e-06,False
trial,535,535,535,947.5246705084521,947.5246705084521,947.5246705084521,947.5246705084521,3836,1918,0,0,3836,1918,2056096,1028048,1786000.0,1786000.0,931.1783107403545,False,True,3836,1918,0,0,3836,1918,1.52587890625e-06,0.7093228053634177,0.18223912673930615,0.18223912673930615,0.18223912673930615,False,-2.478774210283518e-06,1.52587890625e-06,True
trial,536,536,535,947.5246741557582,947.5246741557582,947.5246705084521,947.5246705084521,3836,1918,0,0,3836,1918,2059932,1029966,1786000.0,1786000.0,931.1783107403545,False,True,3836,1918,0,0,3836,1918,3.0517578125e-06,0.5181194643340786,-0.9226851299936002,-0.9226851299936002,-0.9226851299936002,False,-3.952926097368713e-06,3.0517578125e-06,False
trial,537,537,537,947.52467040601,947.52467040601,947.52467040601,947.52467040601,3836,1918,0,0,3836,1918,2063768,1031884,1786000.0,1786000.0,931.1783107403545,False,True,3836,1918,0,0,3836,1918,1.52587890625e-06,0.5181194643340786,0.050107849383440074,0.050107849383440074,0.050107849383440074,False,-2.044431638218076e-06,1.52587890625e-06,True
trial,538,538,537,947.524673392186,947.524673392186,947.52467040601,947.52467040601,3836,1918,0,0,3836,1918,2067604,1033802,1786000.0,1786000.0,931.1783107403545,False,True,3836,1918,0,0,3836,1918,3.0517578125e-06,0.6990011780436082,-0.6182828991326624,-0.6182828991326624,-0.6182828991326624,False,-4.8297889275629526e-06,3.0517578125e-06,False
trial,539,539,539,947.5246699423661,947.5246699423661,947.5246699423661,947.5246699423661,3836,1918,0,0,3836,1918,2071440,1035720,1786000.0,1786000.0,931.1783107403545,False,True,3836,1918,0,0,3836,1918,1.52587890625e-06,0.6990011780436082,0.18604553247905944,0.18604553247905944,0.18604553247905944,False,-2.4920991554825706e-06,1.52587890625e-06,True
trial,540,540,539,947.5246734057503,947.5246734057503,947.5246699423661,947.5246699423661,3836,1918,0,0,3836,1918,2075276,1037638,1786000.0,1786000.0,931.1783107403545,False,True,3836,1918,0,0,3836,1918,3.0517578125e-06,0.5175262330923526,-0.8809243667231912,-0.8809243667231912,-0.8809243667231912,False,-3.931534037657272e-06,3.0517578125e-06,False
trial,541,541,541,947.5246698299445,947.5246698299445,947.5246698299445,947.5246698299445,3836,1918,0,0,3836,1918,2079112,1039556,1786000.0,1786000.0,931.1783107403545,False,True,3836,1918,0,0,3836,1918,1.52587890625e-06,0.5175262330923526,0.05514311285815892,0.05514311285815892,0.05514311285815892,False,-2.0387245310903477e-06,1.52587890625e-06,True
trial,542,542,541,947.5246727665761,947.5246727665761,947.5246698299445,947.5246698299445,3836,1918,0,0,3836,1918,2082948,1041474,1786000.0,1786000.0,931.1783107403545,False,True,3836,1918,0,0,3836,1918,3.0517578125e-06,0.6880947099636401,-0.6121153844108237,-0.6121153844108237,-0.6121153844108237,False,-4.797513191123773e-06,3.0517578125e-06,False
trial,543,543,543,947.5246693589467,947.5246693589467,947.5246693589467,947.5246693589467,3836,1918,0,0,3836,1918,2086784,1043392,1786000.0,1786000.0,931.1783107403545,False,True,3836,1918,0,0,3836,1918,1.52587890625e-06,0.6880947099636401,0.19021452783688,0.19021452783688,0.19021452783688,False,-2.476140316480651e-06,1.52587890625e-06,True
trial,544,544,543,947.5246728259793,947.5246728259793,947.5246693589467,947.5246693589467,3836,1918,0,0,3836,1918,2090620,1045310,1786000.0,1786000.0,931.1783107403545,False,True,3836,1918,0,0,3836,1918,3.0517578125e-06,0.5340506829553162,-0.8880451288280631,-0.8880451288280631,-0.8880451288280631,False,-3.9041176754522405e-06,3.0517578125e-06,False
trial,545,545,545,947.5246692687721,947.5246692687721,947.5246692687721,947.5246692687721,3836,1918,0,0,3836,1918,2094456,1047228,1786000.0,1786000.0,931.1783107403545,False,True,3836,1918,0,0,3836,1918,1.52587890625e-06,0.5340506829553162,0.04449027112330023,0.04449027112330023,0.04449027112330023,False,-2.0268381921403147e-06,1.52587890625e-06,True
trial,546,546,546,947.5246685291543,947.5246685291543,947.5246685291543,947.5246685291543,3836,1918,0,0,3836,1918,2098292,1049146,1786000.0,1786000.0,931.1783107403545,False,True,3836,1918,0,0,3836,1918,7.62939453125e-07,0.7018343292150383,0.5759174976660808,0.5759174976660808,0.5759174976660808,False,-1.2842426327455042e-06,7.62939453125e-07,True
trial,547,547,547,947.5246679594397,947.5246679594397,947.5246679594397,947.5246679594397,3836,1918,0,0,3836,1918,2102128,1051064,1786000.0,1786000.0,931.1783107403545,False,True,3836,1918,0,0,3836,1918,1.52587890625e-06,0.30402086995069416,0.6431829169328135,0.6431829169328135,0.6431829169328135,False,-8.857737274667278e-07,1.52587890625e-06,True
trial,548,548,547,947.5246704732112,947.5246704732112,947.5246679594397,947.5246679594397,3836,1918,0,0,3836,1918,2105964,1052982,1786000.0,1786000.0,931.1783107403545,False,True,3836,1918,0,0,3836,1918,3.0517578125e-06,0.308766166893021,-1.038858384764648,-1.038858384764648,-1.038858384764648,False,-2.4197441561666033e-06,3.0517578125e-06,False
trial,549,549,547,947.524668007791,947.524668007791,947.5246679594397,947.5246679594397,3836,1918,0,0,3836,1918,2109800,1054900,1786000.0,1786000.0,931.1783107403545,False,True,3836,1918,0,0,3836,1918,1.52587890625e-06,0.308766166893021,-0.03884605719949434,-0.03884605719949434,-0.03884605719949434,False,-1.2446884688546495e-06,1.52587890625e-06,False
trial,550,550,550,947.5246676645899,947.5246676645899,947.5246676645899,947.5246676645899,3836,1918,0,0,3836,1918,2113636,1056818,1786000.0,1786000.0,931.1783107403545,False,True,3836,1918,0,0,3836,1918,7.62939453125e-07,0.308766166893021,0.4641552856678622,0.4641552856678622,0.4641552856678622,False,-6.352397404057934e-07,7.62939453125e-07,True
trial,551,551,551,947.5246675547728,947.5246675547728,947.5246675547728,947.5246675547728,3836,1918,0,0,3836,1918,2117472,1058736,1786000.0,1786000.0,931.1783107403545,False,True,3836,1918,0,0,3836,1918,1.52587890625e-06,0.3740264294175277,0.07013471663095508,0.07013471663095508,0.07013471663095508,False,-1.565801599089094e-06,1.52587890625e-06,True
trial,552,552,551,947.5246686372778,947.5246686372778,947.5246675547728,947.5246675547728,3836,1918,0,0,3836,1918,2121308,1060654,1786000.0,1786000.0,931.1783107403545,False,True,3836,1918,0,0,3836,1918,3.0517578125e-06,0.607208516660918,-0.22785227704069128,-0.22785227704069128,-0.22785227704069128,False,-4.750907257893801e-06,3.0517578125e-06,False
trial,553,553,553,947.5246666062046,947.5246666062046,947.5246666062046,947.5246666062046,3836,1918,0,0,3836,1918,2125144,1062572,1786000.0,1786000.0,931.1783107403545,False,True,3836,1918,0,0,3836,1918,1.52587890625e-06,0.607208516660918,0.38862162884419377,0.38862162884419377,0.38862162884419377,False,-2.4408527868044147e-06,1.52587890625e-06,True
trial,554,554,553,947.5246690487754,947.5246690487754,947.5246666062046,947.5246666062046,3836,1918,0,0,3836,1918,2128980,1064490,1786000.0,1786000.0,931.1783107403545,False,True,3836,1918,0,0,3836,1918,3.0517578125e-06,0.4291286533447435,-0.7798360258214617,-0.7798360258214617,-0.7798360258214617,False,-3.132159482915641e-06,3.0517578125e-06,False
trial,555,555,555,947.5246664188462,947.5246664188462,947.5246664188462,947.5246664188462,3836,1918,0,0,3836,1918,2132816,1066408,1786000.0,1786000.0,931.1783107403545,False,True,3836,1918,0,0,3836,1918,1.52587890625e-06,0.4291286533447435,0.11432975696460662,0.11432975696460662,0.11432975696460662,False,-1.6387545521823698e-06,1.52587890625e-06,True
trial,556,556,555,947.5246693399973,947.5246693399973,947.5246664188462,947.5246664188462,3836,1918,0,0,3836,1918,2136652,1068326,1786000.0,1786000.0,931.1783107403545,False,True,3836,1918,0,0,3836,1918,3.0517578125e-06,0.6080199169118798,-0.6169005566704795,-0.6169005566704795,-0.6169005566704795,False,-4.7352058452464586e-06,3.0517578125e-06,False
trial,557,557,557,947.5246659238863,947.5246659238863,947.5246659238863,947.5246659238863,3836,1918,0,0,3836,1918,2140488,1070244,1786000.0,1786000.0,931.1783107403545,False,True,3836,1918,0,0,3836,1918,1.52587890625e-06,0.6080199169118798,0.20297387493961683,0.20297387493961683,0.20297387493961683,False,-2.438539755250457e-06,1.52587890625e-06,True
trial,558,558,557,947.524669731125,947.524669731125,947.5246659238863,947.5246659238863,3836,1918,0,0,3836,1918,2144324,1072162,1786000.0,1786000.0,931.1783107403545,False,True,3836,1918,0,0,3836,1918,3.0517578125e-06,0.5832350771520076,-0.9406829543686346,-0.9406829543686346,-0.9406829543686346,False,-4.047313279762714e-06,3.0517578125e-06,False
trial,559,559,559,947.5246658614226,947.5246658614226,947.5246658614226,947.5246658614226,3836,1918,0,0,3836,1918,2148160,1074080,1786000.0,1786000.0,931.1783107403545,False,True,3836,1918,0,0,3836,1918,1.52587890625e-06,0.5832350771520076,0.029837942088148522,0.029837942088148522,0.029837942088148522,False,-2.093433751989948e-06,1.52587890625e-06,True
trial,560,560,560,947.5246651084896,947.5246651084896,947.5246651084896,947.5246651084896,3836,1918,0,0,3836,1918,2151996,1075998,1786000.0,1786000.0,931.1783107403545,False,True,3836,1918,0,0,3836,1918,7.62939453125e-07,0.6221244474883033,0.6031228528489895,0.6031228528489895,0.6031228528489895,False,-1.248390820705714e-06,7.62939453125e-07,True
trial,561,561,560,947.5246654489813,947.5246654489813,947.5246651084896,947.5246651084896,3836,1918,0,0,3836,1918,2155832,1077916,1786000.0,1786000.0,931.1783107403545,False,True,3836,1918,0,0,3836,1918,1.52587890625e-06,0.32057130671807427,-0.3363639857737883,-0.3363639857737883,-0.3363639857737883,False,-1.0122716828094507e-06,1.52587890625e-06,False
trial,562,562,562,947.5246649193787,947.5246649193787,947.5246649193787,947.5246649193787,3836,1918,0,0,3836,1918,2159668,1079834,1786000.0,1786000.0,931.1783107403545,False,True,3836,1918,0,0,3836,1918,7.62939453125e-07,0.32057130671807427,0.3593116604133843,0.3593116604133843,0.3593116604133843,False,-5.263143758306137e-07,7.62939453125e-07,True
trial,563,563,563,947.5246648809234,947.5246648809234,947.5246648809234,947.5246648809234,3836,1918,0,0,3836,1918,2163504,1081752,1786000.0,1786000.0,931.1783107403545,False,True,3836,1918,0,0,3836,1918,1.52587890625e-06,0.33622350287891317,0.026799898055342754,0.026799898055342754,0.026799898055342754,False,-1.4349030321291323e-06,1.52587890625e-06,True
trial,564,564,564,947.5246641555595,947.5246641555595,947.5246641555595,947.5246641555595,3836,1918,0,0,3836,1918,2167340,1083670,1786000.0,1786000.0,931.1783107403545,False,True,3836,1918,0,0,3836,1918,7.62939453125e-07,0.5855056479129946,0.6038796780603418,0.6038796780603418,0.6038796780603418,False,-1.201172829246476e-06,7.62939453125e-07,True
trial,565,565,564,947.5246645255611,947.5246645255611,947.5246641555595,947.5246641555595,3836,1918,0,0,3836,1918,2171176,1085588,1786000.0,1786000.0,931.1783107403545,False,True,3836,1918,0,0,3836,1918,1.52587890625e-06,0.28533792750072823,-0.3894554977291682,-0.3894554977291682,-0.3894554977291682,False,-9.500483270293124e-07,1.52587890625e-06,False
trial,566,566,566,947.5246640015313,947.5246640015313,947.5246640015313,947.5246640015313,3836,1918,0,0,3836,1918,2175012,1087506,1786000.0,1786000.0,931.1783107403545,False,True,3836,1918,0,0,3836,1918,7.62939453125e-07,0.28533792750072823,0.310785111880621,0.310785111880621,0.310785111880621,False,-4.956101986178274e-07,7.62939453125e-07,True
trial,567,567,567,947.5246639669922,947.5246639669922,947.5246639669922,947.5246639669922,3836,1918,0,0,3836,1918,2178848,1089424,1786000.0,1786000.0,931.1783107403545,False,True,3836,1918,0,0,3836,1918,1.52587890625e-06,0.3211156381807785,0.024114127896091533,0.024114127896091533,0.024114127896091533,False,-1.4323173796786825e-06,1.52587890625e-06,True
trial,568,568,568,947.524663304483,947.524663304483,947.524663304483,947.524663304483,3836,1918,0,0,3836,1918,2182684,1091342,1786000.0,1786000.0,931.1783107403545,False,True,3836,1918,0,0,3836,1918,7.62939453125e-07,0.689243907175736,0.5829975390278715,0.5829975390278715,0.5829975390278715,False,-1.1363841062394996e-06,7.62939453125e-07,True
trial,569,569,568,947.5246640978262,947.5246640978262,947.524663304483,947.524663304483,3836,1918,0,0,3836,1918,2186520,1093260,1786000.0,1786000.0,931.1783107403545,False,True,3836,1918,0,0,3836,1918,1.52587890625e-06,0.29448266996400485,-0.8167343205188113,-0.8167343205188113,-0.8167343205188113,False,-9.713601026409113e-07,1.52587890625e-06,False
trial,570,570,570,947.5246632450055,947.5246632450055,947.5246632450055,947.5246632450055,3836,1918,0,0,3836,1918,2190356,1095178,1786000.0,1786000.0,931.1783107403545,False,True,3836,1918,0,0,3836,1918,7.62939453125e-07,0.29448266996400485,0.11798283737674715,0.11798283737674715,0.11798283737674715,False,-5.041202959112771e-07,7.62939453125e-07,True
trial,571,571,570,947.5246636913989,947.5246636913989,947.5246632450055,947.5246632450055,3836,1918,0,0,3836,1918,2194192,1097096,1786000.0,1786000.0,931.1783107403545,False,True,3836,1918,0,0,3836,1918,1.52587890625e-06,0.31780407920976006,-0.32636113812245054,-0.32636113812245054,-0.32636113812245054,False,-1.3677897351538152e-06,1.52587890625e-06,False
trial,572,572,572,947.5246630194134,947.5246630194134,947.5246630194134,947.5246630194134,3836,1918,0,0,3836,1918,2198028,1099014,1786000.0,1786000.0,931.1783107403545,False,True,3836,1918,0,0,3836,1918,7.62939453125e-07,0.31780407920976006,0.32214619972787584,0.32214619972787584,0.32214619972787584,False,-7.00278597729414e-07,7.62939453125e-07,True
trial,573,573,572,947.5246638515632,947.5246638515632,947.5246630194134,947.5246630194134,3836,1918,0,0,3836,1918,2201864,1100932,1786000.0,1786000.0,931.1783107403545,False,True,3836,1918,0,0,3836,1918,1.52587890625e-06,0.2699870732557892,-0.8104369117993147,-0.8104369117993147,-0.8104369117993147,False,-1.0267915766049537e-06,1.52587890625e-06,False
trial,574,574,574,947.5246629661078,947.5246629661078,947.5246629661078,947.5246629661078,3836,1918,0,0,3836,1918,2205700,1102850,1786000.0,1786000.0,931.1783107403545,False,True,3836,1918,0,0,3836,1918,7.62939453125e-07,0.2699870732557892,0.10079331639469873,0.10079331639469873,0.10079331639469873,False,-5.288604449625261e-07,7.62939453125e-07,True
trial,575,575,574,947.5246634521457,947.5246634521457,947.5246629661078,947.5246629661078,3836,1918,0,0,3836,1918,2209536,1104768,1786000.0,1786000.0,931.1783107403545,False,True,3836,1918,0,0,3836,1918,1.52587890625e-06,0.37011904365039516,-0.3500593121716234,-0.3500593121716234,-0.3500593121716234,False,-1.3884442352490423e-06,1.52587890625e-06,False
trial,576,576,576,947.5246627373484,947.5246627373484,947.5246627373484,947.5246627373484,3836,1918,0,0,3836,1918,2213372,1106686,1786000.0,1786000.0,931.1783107403545,False,True,3836,1918,0,0,3836,1918,7.62939453125e-07,0.37011904365039516,0.32126460904627535,0.32126460904627535,0.32126460904627535,False,-7.120591495818017e-07,7.62939453125e-07,True
trial,577,577,576,947.5246635698609,947.5246635698609,947.5246627373484,947.5246627373484,3836,1918,0,0,3836,1918,2217208,1108604,1786000.0,1786000.0,931.1783107403545,False,True,3836,1918,0,0,3836,1918,1.52587890625e-06,0.2754603184063855,-0.8093083421275112,-0.8093083421275112,-0.8093083421275112,False,-1.028671536029259e-06,1.52587890625e-06,False
trial,578,578,578,947.5246626836946,947.5246626836946,947.5246626836946,947.5246626836946,3836,1918,0,0,3836,1918,2221044,1110522,1786000.0,1786000.0,931.1783107403545,False,True,3836,1918,0,0,3836,1918,7.62939453125e-07,0.2754603184063855,0.10088795669600258,0.10088795669600258,0.10088795669600258,False,-5.318159143946291e-07,7.62939453125e-07,True
trial,579,579,578,947.5246631637286,947.5246631637286,947.5246626836946,947.5246626836946,3836,1918,0,0,3836,1918,2224880,1112440,1786000.0,1786000.0,931.1783107403545,False,True,3836,1918,0,0,3836,1918,1.52587890625e-06,0.3423386249630602,-0.3458285675426041,-0.3458285675426041,-0.3458285675426041,False,-1.3880693416709115e-06,1.52587890625e-06,False
trial,580,580,580,947.5246624531129,947.5246624531129,947.5246624531129,947.5246624531129,3836,1918,0,0,3836,1918,2228716,1114358,1786000.0,1786000.0,931.1783107403545,False,True,3836,1918,0,0,3836,1918,7.62939453125e-07,0.3423386249630602,0.32276667314246305,0.32276667314246305,0.32276667314246305,False,-7.143912609846378e-07,7.62939453125e-07,True
trial,581,581,580,947.5246632841179,947.5246632841179,947.5246624531129,947.5246624531129,3836,1918,0,0,3836,1918,2232552,1116276,1786000.0,1786000.0,931.1783107403545,False,True,3836,1918,0,0,3836,1918,1.52587890625e-06,0.27894295480550535,-0.8097992393511941,-0.8097992393511941,-0.8097992393511941,False,-1.0261864022189093e-06,1.52587890625e-06,False
trial,582,582,582,947.5246624003083,947.5246624003083,947.5246624003083,947.5246624003083,3836,1918,0,0,3836,1918,2236388,1118194,1786000.0,1786000.0,931.1783107403545,False,True,3836,1918,0,0,3836,1918,7.62939453125e-07,0.27894295480550535,0.09945181174809063,0.09945181174809063,0.09945181174809063,False,-5.309564434850396e-07,7.62939453125e-07,True
trial,583,583,582,947.5246628326137,947.5246628326137,947.5246624003083,947.5246624003083,3836,1918,0,0,3836,1918,2240224,1120112,1786000.0,1786000.0,931.1783107403545,False,True,3836,1918,0,0,3836,1918,1.52587890625e-06,0.36673260876017055,-0.31096626841980557,-0.31096626841980557,-0.31096626841980557,False,-1.3902001138043947e-06,1.52587890625e-06,False
trial,584,584,584,947.5246621705635,947.5246621705635,947.5246621705635,947.5246621705635,3836,1918,0,0,3836,1918,2244060,1122030,1786000.0,1786000.0,931.1783107403545,False,True,3836,1918,0,0,3836,1918,7.62939453125e-07,0.36673260876017055,0.32177586864143304,0.32177586864143304,0.32177586864143304,False,-7.139902777283934e-07,7.62939453125e-07,True
trial,585,585,584,947.5246629734941,947.5246629734941,947.5246621705635,947.5246621705635,3836,1918,0,0,3836,1918,2247896,1123948,1786000.0,1786000.0,931.1783107403545,False,True,3836,1918,0,0,3836,1918,1.52587890625e-06,0.2776118520247109,-0.7846965954390289,-0.7846965954390289,-0.7846965954390289,False,-1.0232369765272351e-06,1.52587890625e-06,False
trial,586,586,586,947.5246621177732,947.5246621177732,947.5246621177732,947.5246621177732,3836,1918,0,0,3836,1918,2251732,1125866,1786000.0,1786000.0,931.1783107403545,False,True,3836,1918,0,0,3836,1918,7.62939453125e-07,0.2776118520247109,0.09941506010304951,0.09941506010304951,0.09941506010304951,False,-5.310086386070358e-07,7.62939453125e-07,True
trial,587,587,586,947.5246625670084,947.5246625670084,947.5246621177732,947.5246621177732,3836,1918,0,0,3836,1918,2255568,1127784,1786000.0,1786000.0,931.1783107403545,False,True,3836,1918,0,0,3836,1918,1.52587890625e-06,0.33327998868885206,-0.3230603159017892,-0.3230603159017892,-0.3230603159017892,False,-1.390561170036316e-06,1.52587890625e-06,False
trial,588,588,588,947.5246618853009,947.5246618853009,947.5246618853009,947.5246618853009,3836,1918,0,0,3836,1918,2259404,1129702,1786000.0,1786000.0,931.1783107403545,False,True,3836,1918,0,0,3836,1918,7.62939453125e-07,0.33327998868885206,0.32458007595786903,0.32458007595786903,0.32458007595786903,False,-7.162248084862311e-07,7.62939453125e-07,True
trial,589,589,588,947.5246627146033,947.5246627146033,947.5246618853009,947.5246618853009,3836,1918,0,0,3836,1918,2263240,1131620,1786000.0,1786000.0,931.1783107403545,False,True,3836,1918,0,0,3836,1918,1.52587890625e-06,0.27442296369447855,-0.8135465443394065,-0.8135465443394065,-0.8135465443394065,False,-1.0193668692196087e-06,1.52587890625e-06,False
trial,590,590,590,947.5246618334058,947.5246618334058,947.5246618334058,947.5246618334058,3836,1918,0,0,3836,1918,2267076,1133538,1786000.0,1786000.0,931.1783107403545,False,True,3836,1918,0,0,3836,1918,7.62939453125e-07,0.27442296369447855,0.0980934746920817,0.0980934746920817,0.0980934746920817,False,-5.29037081467826e-07,7.62939453125e-07,True
trial,591,591,590,947.5246623125678,947.5246623125678,947.5246618334058,947.5246618334058,3836,1918,0,0,3836,1918,2270912,1135456,1786000.0,1786000.0,931.1783107403545,False,True,3836,1918,0,0,3836,1918,1.52587890625e-06,0.35684059535531387,-0.3426714730180454,-0.3426714730180454,-0.3426714730180454,False,-1.3983128975619783e-06,1.52587890625e-06,False
trial,592,592,592,947.5246616016357,947.5246616016357,947.5246616016357,947.5246616016357,3836,1918,0,0,3836,1918,2274748,1137374,1786000.0,1786000.0,931.1783107403545,False,True,3836,1918,0,0,3836,1918,7.62939453125e-07,0.35684059535531387,0.32391060399807897,0.32391060399807897,0.32391060399807897,False,-7.155374661120294e-07,7.62939453125e-07,True
trial,593,593,592,947.5246624007033,947.5246624007033,947.5246616016357,947.5246616016357,3836,1918,0,0,3836,1918,2278584,1139292,1786000.0,1786000.0,931.1783107403545,False,True,3836,1918,0,0,3836,1918,1.52587890625e-06,0.27352474514074954,-0.7841600974107632,-0.7841600974107632,-0.7841600974107632,False,-1.0190107981619625e-06,1.52587890625e-06,False
trial,594,594,594,947.5246615477229,947.5246615477229,947.5246615477229,947.5246615477229,3836,1918,0,0,3836,1918,2282420,1141210,1786000.0,1786000.0,931.1783107403545,False,True,3836,1918,0,0,3836,1918,7.62939453125e-07,0.27352474514074954,0.10224446956208894,0.10224446956208894,0.10224446956208894,False,-5.272930632720543e-07,7.62939453125e-07,True
trial,595,595,594,947.524662036139,947.524662036139,947.5246615477229,947.5246615477229,3836,1918,0,0,3836,1918,2286256,1143128,1786000.0,1786000.0,931.1783107403545,False,True,3836,1918,0,0,3836,1918,1.52587890625e-06,0.33369468837446525,-0.3521049366603144,-0.3521049366603144,-0.3521049366603144,False,-1.387132390865228e-06,1.52587890625e-06,False
trial,596,596,596,947.5246613198358,947.5246613198358,947.5246613198358,947.5246613198358,3836,1918,0,0,3836,1918,2290092,1145046,1786000.0,1786000.0,931.1783107403545,False,True,3836,1918,0,0,3836,1918,7.62939453125e-07,0.33369468837446525,0.3201825582064016,0.3201825582064016,0.3201825582064016,False,-7.117410969509412e-07,7.62939453125e-07,True
trial,597,597,596,947.5246621076503,947.5246621076503,947.5246613198358,947.5246613198358,3836,1918,0,0,3836,1918,2293928,1146964,1786000.0,1786000.0,931.1783107403545,False,True,3836,1918,0,0,3836,1918,1.52587890625e-06,0.272256465593021,-0.7655083241703663,-0.7655083241703663,-0.7655083241703663,False,-1.0291390930920495e-06,1.52587890625e-06,False
trial,598,598,598,947.5246612653331,947.5246612653331,947.5246612653331,947.5246612653331,3836,1918,0,0,3836,1918,2297764,1148882,1786000.0,1786000.0,931.1783107403545,False,True,3836,1918,0,0,3836,1918,7.62939453125e-07,0.272256465593021,0.10237123692813922,0.10237123692813922,0.10237123692813922,False,-5.324026767129573e-07,7.62939453125e-07,True
trial,599,599,598,947.5246617547775,947.5246617547775,947.5246612653331,947.5246612653331,3836,1918,0,0,3836,1918,2301600,1150800,1786000.0,1786000.0,931.1783107403545,False,True,3836,1918,0,0,3836,1918,1.52587890625e-06,0.33440672643635855,-0.3525129713933561,-0.3525129713933561,-0.3525129713933561,False,-1.3884438298473584e-06,1.52587890625e-06,False
