sequence_index,iteration,nf,incumbent_index,incumbent_full_objective,mean_gate_entanglement_infidelity_to_truth,mean_gate_average_infidelity_to_truth,mean_spam_vector_l2_error_to_truth,mean_spam_tracedist_to_truth,mean_gate_eigenvalue_nonunitarity_excess_to_truth,mean_gate_eigenvalue_diamondnorm_to_truth,mean_gate_eigenvalue_nonunitary_diamondnorm_to_truth,mean_gate_diamond_distance_to_truth
0,0,0,0,11435.7442756132,0.002273422622213639,0.0015156150814757592,0.0069771033542395085,0.004937894532976495,-0.003850330725303386,0.008134373632380808,0.004513942584111835,0.015113464757287321
1,1,1,1,3511.551881666279,0.013767184287378664,0.009178122858252443,0.018677429655530434,0.01366718237892578,0.023839952713789567,0.03054581433971612,0.02937108744079306,0.05551012052439132
2,2,2,1,3511.551881666279,0.013767184287378664,0.009178122858252443,0.018677429655530434,0.01366718237892578,0.023839952713789567,0.03054581433971612,0.02937108744079306,0.05551012052439132
3,3,3,1,3511.551881666279,0.013767184287378664,0.009178122858252443,0.018677429655530434,0.01366718237892578,0.023839952713789567,0.03054581433971612,0.02937108744079306,0.05551012052439132
4,4,4,4,2163.9024891772187,0.005264110565114971,0.003509407043409981,0.028502520758973998,0.02000556366526029,0.002073197335190846,0.022434292384380508,0.008772801582569018,0.040266438639447774
5,5,5,4,2163.9024891772187,0.005264110565114971,0.003509407043409981,0.028502520758973998,0.02000556366526029,0.002073197335190846,0.022434292384380508,0.008772801582569018,0.040266438639447774
6,6,6,4,3174.5501430312534,0.005264110565114971,0.003509407043409981,0.028502520758973998,0.02000556366526029,0.002073197335190846,0.022434292384380508,0.008772801582569018,0.040266438639447774
7,7,7,7,1889.456358474119,0.0034077197462027142,0.002271813164135143,0.02290468605985121,0.014750975840689925,0.00523891457304352,0.01335007695997561,0.007306186564510771,0.02452402624653347
8,8,8,7,1889.456358474119,0.0034077197462027142,0.002271813164135143,0.02290468605985121,0.014750975840689925,0.00523891457304352,0.01335007695997561,0.007306186564510771,0.02452402624653347
9,9,9,9,1341.0090574826695,0.0022996731972285134,0.001533115464819009,0.007698852867035977,0.005803574617320301,0.004438184390753393,0.00658148547169859,0.005822466182488259,0.012832299541606664
10,10,10,9,1341.0090574826695,0.0022996731972285134,0.001533115464819009,0.007698852867035977,0.005803574617320301,0.004438184390753393,0.00658148547169859,0.005822466182488259,0.012832299541606664
11,11,11,9,1400.2984222838256,0.0022996731972285134,0.001533115464819009,0.007698852867035977,0.005803574617320301,0.004438184390753393,0.00658148547169859,0.005822466182488259,0.012832299541606664
12,12,12,12,1151.2119766071712,0.0014935705210521177,0.0009957136807014118,0.008827673844968817,0.007114751288095446,0.0015906070437269187,0.0036511326050559416,0.0026690452749000906,0.00750266539664546
13,13,13,12,1151.2119766071712,0.0014935705210521177,0.0009957136807014118,0.008827673844968817,0.007114751288095446,0.0015906070437269187,0.0036511326050559416,0.0026690452749000906,0.00750266539664546
14,14,14,14,1031.68358298396,0.0008704700331527704,0.0005803133554351803,0.008722465267839532,0.007259029541313704,0.001109167865553512,0.001970112030266513,0.0015063961975079962,0.00503579940769581
15,15,15,14,1031.68358298396,0.0008704700331527704,0.0005803133554351803,0.008722465267839532,0.007259029541313704,0.001109167865553512,0.001970112030266513,0.0015063961975079962,0.00503579940769581
16,16,16,16,1031.1508257321152,0.000490449191270198,0.0003269661275134654,0.008058452194145855,0.0068248330310944,0.0007421987438232386,0.001357232927745543,0.0008886679143553164,0.004233526402573881
17,17,17,16,1031.1508257321152,0.000490449191270198,0.0003269661275134654,0.008058452194145855,0.0068248330310944,0.0007421987438232386,0.001357232927745543,0.0008886679143553164,0.004233526402573881
18,18,18,16,1031.1508257321152,0.000490449191270198,0.0003269661275134654,0.008058452194145855,0.0068248330310944,0.0007421987438232386,0.001357232927745543,0.0008886679143553164,0.004233526402573881
19,19,19,19,963.4682653991003,0.0003979286349156397,0.0002652857566104264,0.007944887465401722,0.0068661076818563,0.00031755191935604193,0.0006592952582620563,0.0004579743802820349,0.0032966317076115184
20,20,20,19,963.4682653991003,0.0003979286349156397,0.0002652857566104264,0.007944887465401722,0.0068661076818563,0.00031755191935604193,0.0006592952582620563,0.0004579743802820349,0.0032966317076115184
21,21,21,19,963.909363076186,0.0003979286349156397,0.0002652857566104264,0.007944887465401722,0.0068661076818563,0.00031755191935604193,0.0006592952582620563,0.0004579743802820349,0.0032966317076115184
22,22,22,22,955.4896421163417,0.00033922597059096726,0.0002261506470606448,0.008147609752026637,0.006824161255075424,0.00023797480226803863,0.0005385858216284378,0.00041190594436004563,0.003335327245397929
23,23,23,22,955.4896421163417,0.00033922597059096726,0.0002261506470606448,0.008147609752026637,0.006824161255075424,0.00023797480226803863,0.0005385858216284378,0.00041190594436004563,0.003335327245397929
24,24,24,24,955.4227021209996,0.0002613747943709388,0.0001742498629139592,0.008316263232871874,0.00698465969082267,0.00021862087559549465,0.0005179442731265476,0.0004022348273643936,0.0032481184517583438
25,25,25,25,953.2435913031978,0.0002338508508157311,0.0001559005672104874,0.00823174437017327,0.006897942406582335,0.00016727677270630265,0.0004965110069752469,0.0003763697984510636,0.0032254670345144183
26,26,26,26,954.7978049971489,0.00017022692535059725,0.00011348461690039816,0.008042666501233859,0.006652830564876332,0.00017175150149193602,0.0005001440534695704,0.00041466732118149857,0.0033181532108044437
27,27,27,26,954.7978049971489,0.00017022692535059725,0.00011348461690039816,0.008042666501233859,0.006652830564876332,0.00017175150149193602,0.0005001440534695704,0.00041466732118149857,0.0033181532108044437
28,28,28,26,954.7978049971489,0.00017022692535059725,0.00011348461690039816,0.008042666501233859,0.006652830564876332,0.00017175150149193602,0.0005001440534695704,0.00041466732118149857,0.0033181532108044437
29,29,29,29,951.7826911652132,0.00013558104949573657,9.038736633049105e-05,0.008081047103349366,0.006657834265348869,0.00012071940916656698,0.00046759583983623876,0.0003769414547202393,0.003201804180123366
30,30,30,29,951.7826911652132,0.00013558104949573657,9.038736633049105e-05,0.008081047103349366,0.006657834265348869,0.00012071940916656698,0.00046759583983623876,0.0003769414547202393,0.003201804180123366
31,31,31,31,959.2484429080694,0.00010682504407277804,7.12166960485187e-05,0.006434174204344843,0.005366190459575105,0.00013368209300611972,0.0004511166680629013,0.00036123385905609956,0.002450989183815669
32,32,32,31,959.2484429080694,0.00010682504407277804,7.12166960485187e-05,0.006434174204344843,0.005366190459575105,0.00013368209300611972,0.0004511166680629013,0.00036123385905609956,0.002450989183815669
33,33,33,33,959.2143625464674,9.951156147960938e-05,6.634104098640625e-05,0.006352656071940299,0.00530352924015415,0.0001185520384340763,0.0004334589377547153,0.00035058042363601133,0.0023628067556659303
34,34,34,34,958.2814771831816,9.265689150672607e-05,6.177126100448405e-05,0.006368132118957891,0.005310095211554953,0.00010902311458001884,0.0004331590113959866,0.000347413972950919,0.0023409893357252435
35,35,35,34,958.2814771831816,9.265689150672607e-05,6.177126100448405e-05,0.006368132118957891,0.005310095211554953,0.00010902311458001884,0.0004331590113959866,0.000347413972950919,0.0023409893357252435
36,36,36,36,966.1612103184887,8.294597599772802e-05,5.529731733181868e-05,0.005180359439106595,0.004234539099325109,0.00012536461332497695,0.00035084959597665884,0.0002864882161877774,0.002208762210665185
37,37,37,37,966.1182619050671,7.427758296496556e-05,4.9518388643310374e-05,0.0050096584635978625,0.003938971381313912,0.00012706644980092774,0.00034761371332337203,0.0002844354814426353,0.002076479891146249
38,38,38,37,966.1182619050671,7.427758296496556e-05,4.9518388643310374e-05,0.0050096584635978625,0.003938971381313912,0.00012706644980092774,0.00034761371332337203,0.0002844354814426353,0.002076479891146249
39,39,39,39,965.8025036604859,7.418714357448897e-05,4.945809571632598e-05,0.0050720617590276,0.003979643223663575,0.00012464199217822325,0.00034212690530126895,0.0002796444926607064,0.0020612713283039165
40,40,40,39,965.8025036604859,7.418714357448897e-05,4.945809571632598e-05,0.0050720617590276,0.003979643223663575,0.00012464199217822325,0.00034212690530126895,0.0002796444926607064,0.0020612713283039165
41,41,41,41,964.3283921860218,7.02533319772991e-05,4.683555465153274e-05,0.005171839839028727,0.004471048974794293,9.742900122403086e-05,0.000301096745956121,0.0002272279186714618,0.002090681543867298
42,42,42,41,964.3283921860218,7.02533319772991e-05,4.683555465153274e-05,0.005171839839028727,0.004471048974794293,9.742900122403086e-05,0.000301096745956121,0.0002272279186714618,0.002090681543867298
43,43,43,41,964.3283921860218,7.02533319772991e-05,4.683555465153274e-05,0.005171839839028727,0.004471048974794293,9.742900122403086e-05,0.000301096745956121,0.0002272279186714618,0.002090681543867298
44,44,44,44,963.9115668316151,6.758444496843263e-05,4.505629664562175e-05,0.005239768413992804,0.004488779438761603,8.389779310509493e-05,0.00028075697065733116,0.0002133581041275645,0.002083801419281309
45,45,45,44,963.9115668316151,6.758444496843263e-05,4.505629664562175e-05,0.005239768413992804,0.004488779438761603,8.389779310509493e-05,0.00028075697065733116,0.0002133581041275645,0.002083801419281309
46,46,46,46,963.6109364841399,6.917087511135178e-05,4.611391674090119e-05,0.005215852215027389,0.004504807572736586,8.282277483246531e-05,0.0002850105081452374,0.00021298007211493358,0.002110195674776414
47,47,47,46,963.6109364841399,6.917087511135178e-05,4.611391674090119e-05,0.005215852215027389,0.004504807572736586,8.282277483246531e-05,0.0002850105081452374,0.00021298007211493358,0.002110195674776414
48,48,48,46,963.6109364841399,6.917087511135178e-05,4.611391674090119e-05,0.005215852215027389,0.004504807572736586,8.282277483246531e-05,0.0002850105081452374,0.00021298007211493358,0.002110195674776414
49,49,49,49,963.5177846495772,7.071166728792044e-05,4.714111152528029e-05,0.0052222378372071025,0.0045011245712888856,7.930037805202461e-05,0.00027658636567238484,0.00020836622981619535,0.0021134817776875415
50,50,50,49,963.5177846495772,7.071166728792044e-05,4.714111152528029e-05,0.0052222378372071025,0.0045011245712888856,7.930037805202461e-05,0.00027658636567238484,0.00020836622981619535,0.0021134817776875415
51,51,51,51,963.4734927374304,7.218393399796574e-05,4.812262266531049e-05,0.005211961139307569,0.004505655000659136,7.91214072720578e-05,0.0002794716849056407,0.00020837346793084466,0.002127987464426429
52,52,52,51,963.4734927374304,7.218393399796574e-05,4.812262266531049e-05,0.005211961139307569,0.004505655000659136,7.91214072720578e-05,0.0002794716849056407,0.00020837346793084466,0.002127987464426429
53,53,53,53,963.4506353943966,7.488588829174248e-05,4.992392552782831e-05,0.005230300849776673,0.0045138463355526475,7.865968522429573e-05,0.0002753346870976079,0.00020743873952941416,0.0021379436171437543
54,54,54,53,963.4506353943966,7.488588829174248e-05,4.992392552782831e-05,0.005230300849776673,0.0045138463355526475,7.865968522429573e-05,0.0002753346870976079,0.00020743873952941416,0.0021379436171437543
55,55,55,55,963.3985994354135,7.620151228371341e-05,5.080100818914228e-05,0.005205718003835392,0.004509157920817718,7.741283279507488e-05,0.0002769763950496246,0.00020619478781856715,0.0021507898352721437
56,56,56,55,963.3985994354135,7.620151228371341e-05,5.080100818914228e-05,0.005205718003835392,0.004509157920817718,7.741283279507488e-05,0.0002769763950496246,0.00020619478781856715,0.0021507898352721437
57,57,57,57,963.3899503997621,7.883703103181428e-05,5.2558020687876184e-05,0.00522756991281192,0.004521949519320478,7.705292958398724e-05,0.0002730049466542608,0.0002055084861074183,0.0021602791146291996
58,58,58,57,963.3899503997621,7.883703103181428e-05,5.2558020687876184e-05,0.00522756991281192,0.004521949519320478,7.705292958398724e-05,0.0002730049466542608,0.0002055084861074183,0.0021602791146291996
59,59,59,59,963.337933998135,8.103327305181152e-05,5.4022182034541004e-05,0.005204523612878038,0.004520329087123025,7.675961123119329e-05,0.00027575455544863654,0.00020555502404361048,0.002176137037804347
60,60,60,59,963.337933998135,8.103327305181152e-05,5.4022182034541004e-05,0.005204523612878038,0.004520329087123025,7.675961123119329e-05,0.00027575455544863654,0.00020555502404361048,0.002176137037804347
61,61,61,61,963.3337555076639,8.400305296446531e-05,5.600203530964354e-05,0.005228785436468511,0.004536389757876173,7.648063380553266e-05,0.0002717704394533952,0.00020477231228686887,0.0021865681111904976
62,62,62,62,963.2660123415509,8.484097324126805e-05,5.6560648827512036e-05,0.005210033200793544,0.004528751353248794,7.50738422059874e-05,0.0002723538622425405,0.00020374800694653028,0.0021931045155974896
63,63,63,63,963.2545256975063,8.741008788165638e-05,5.8273391921104256e-05,0.00518316255344452,0.004516279605988721,7.433597731571623e-05,0.0002713316201302594,0.00020266819373570416,0.0022051671783116676
64,64,64,63,963.2545256975063,8.741008788165638e-05,5.8273391921104256e-05,0.00518316255344452,0.004516279605988721,7.433597731571623e-05,0.0002713316201302594,0.00020266819373570416,0.0022051671783116676
65,65,65,63,963.2545256975063,8.741008788165638e-05,5.8273391921104256e-05,0.00518316255344452,0.004516279605988721,7.433597731571623e-05,0.0002713316201302594,0.00020266819373570416,0.0022051671783116676
66,66,66,66,963.2383832041346,8.896217209281021e-05,5.930811472854014e-05,0.005184668308115756,0.004517627963992172,7.356139352725222e-05,0.00026952755521984415,0.00020167068770896718,0.002210794865583785
67,67,67,66,963.2383832041346,8.896217209281021e-05,5.930811472854014e-05,0.005184668308115756,0.004517627963992172,7.356139352725222e-05,0.00026952755521984415,0.00020167068770896718,0.002210794865583785
68,68,68,68,963.2178094828353,9.046228160036751e-05,6.0308187733578336e-05,0.005183201811008605,0.0045230567121799245,7.39925785230855e-05,0.00027175949963156415,0.00020338692312703993,0.0022200650847888736
69,69,69,68,963.2178094828353,9.046228160036751e-05,6.0308187733578336e-05,0.005183201811008605,0.0045230567121799245,7.39925785230855e-05,0.00027175949963156415,0.00020338692312703993,0.0022200650847888736
70,70,70,68,963.2178094828353,9.046228160036751e-05,6.0308187733578336e-05,0.005183201811008605,0.0045230567121799245,7.39925785230855e-05,0.00027175949963156415,0.00020338692312703993,0.0022200650847888736
71,71,71,71,963.2069096209641,9.13328466794483e-05,6.088856445296554e-05,0.005179007924456504,0.004518297152316372,7.322292833042421e-05,0.0002695789468954122,0.00020228146378149792,0.002221234154614345
72,72,72,72,963.2067150785963,9.29384674059619e-05,6.195897827064126e-05,0.005179825831468239,0.0045242518408159845,7.414813868800163e-05,0.000271867347197256,0.00020374897611644127,0.002230501227686895
73,73,73,73,963.1917299955388,9.376798234059236e-05,6.251198822706157e-05,0.005177352296191404,0.0045221849999816785,7.314650615340007e-05,0.00026963337526210234,0.00020259803230784912,0.002231995252690035
74,74,74,74,963.1886324631287,9.5174608367804e-05,6.344973891186934e-05,0.005163281946262707,0.004516695206307098,7.28528510224799e-05,0.0002695844038378557,0.00020241186799038746,0.0022386589125107806
75,75,75,74,963.1886324631287,9.5174608367804e-05,6.344973891186934e-05,0.005163281946262707,0.004516695206307098,7.28528510224799e-05,0.0002695844038378557,0.00020241186799038746,0.0022386589125107806
76,76,76,74,963.1886324631287,9.5174608367804e-05,6.344973891186934e-05,0.005163281946262707,0.004516695206307098,7.28528510224799e-05,0.0002695844038378557,0.00020241186799038746,0.0022386589125107806
77,77,77,77,963.1794929550948,9.607436722855467e-05,6.404957815236978e-05,0.0051613355791120235,0.0045143396762368886,7.259573002311309e-05,0.0002686939330272028,0.00020184819293286166,0.0022411905207720085
78,78,78,77,963.1794929550948,9.607436722855467e-05,6.404957815236978e-05,0.0051613355791120235,0.0045143396762368886,7.259573002311309e-05,0.0002686939330272028,0.00020184819293286166,0.0022411905207720085
79,79,79,79,963.1750247319344,9.699086059411499e-05,6.466057372940999e-05,0.005166626504878795,0.004521631878118537,7.331408052482086e-05,0.00027023660155577674,0.0002028856546659047,0.0022465919449295157
80,80,80,79,963.1750247319344,9.699086059411499e-05,6.466057372940999e-05,0.005166626504878795,0.004521631878118537,7.331408052482086e-05,0.00027023660155577674,0.0002028856546659047,0.0022465919449295157
81,81,81,81,963.1718962657271,9.785669422940346e-05,6.523779615293564e-05,0.0051634587169799954,0.004519391941363078,7.242970396169335e-05,0.0002682444088620939,0.00020177934137424053,0.0022484674972939453
82,82,82,81,963.1718962657271,9.785669422940346e-05,6.523779615293564e-05,0.0051634587169799954,0.004519391941363078,7.242970396169335e-05,0.0002682444088620939,0.00020177934137424053,0.0022484674972939453
83,83,83,83,963.1671116738673,9.875551419996631e-05,6.58370094666442e-05,0.0051654199184020776,0.004523526409712944,7.318226956542356e-05,0.0002700545435786036,0.00020284766229802798,0.0022538714187680547
84,84,84,83,963.1671116738673,9.875551419996631e-05,6.58370094666442e-05,0.0051654199184020776,0.004523526409712944,7.318226956542356e-05,0.0002700545435786036,0.00020284766229802798,0.0022538714187680547
85,85,85,85,963.1643450271829,9.957498573970325e-05,6.638332382646883e-05,0.005160973684896011,0.004520314997541646,7.222869093388706e-05,0.0002679833138183442,0.0002017131162622629,0.002255513715037804
86,86,86,85,963.1643450271829,9.957498573970325e-05,6.638332382646883e-05,0.005160973684896011,0.004520314997541646,7.222869093388706e-05,0.0002679833138183442,0.0002017131162622629,0.002255513715037804
87,87,87,87,963.1596902493245,0.00010046944609370945,6.697963072913964e-05,0.005164435110687209,0.004525813376149283,7.300968663901536e-05,0.0002697882276758764,0.0002027800933639759,0.00226098170917541
88,88,88,87,963.1596902493245,0.00010046944609370945,6.697963072913964e-05,0.005164435110687209,0.004525813376149283,7.300968663901536e-05,0.0002697882276758764,0.0002027800933639759,0.00226098170917541
89,89,89,89,963.15730618,0.00010128776749240842,6.752517832827228e-05,0.0051593802129337495,0.004521915988842127,7.206840254655317e-05,0.0002676995207916311,0.00020162456254736033,0.0022625623549269508
90,90,90,89,963.15730618,0.00010128776749240842,6.752517832827228e-05,0.0051593802129337495,0.004521915988842127,7.206840254655317e-05,0.0002676995207916311,0.00020162456254736033,0.0022625623549269508
91,91,91,91,963.1528017328235,0.00010182582962861564,6.788388641907708e-05,0.005164723549733447,0.004528316561175836,7.287050522622462e-05,0.00026955853986961894,0.00020269828889929453,0.002266232281946504
92,92,92,91,963.1528017328235,0.00010182582962861564,6.788388641907708e-05,0.005164723549733447,0.004528316561175836,7.287050522622462e-05,0.00026955853986961894,0.00020269828889929453,0.002266232281946504
93,93,93,93,963.1506377197786,0.00010210774085134267,6.807182723422844e-05,0.005160180227624965,0.004524193192164443,7.192632697195639e-05,0.0002675187118706421,0.00020152405754381153,0.002265541099471544
94,94,94,93,963.1506377197786,0.00010210774085134267,6.807182723422844e-05,0.005160180227624965,0.004524193192164443,7.192632697195639e-05,0.0002675187118706421,0.00020152405754381153,0.002265541099471544
95,95,95,95,963.1461437477118,0.00010253061509965522,6.835374339977014e-05,0.005165417338930583,0.004530426523996769,7.273055936249384e-05,0.0002693856740930209,0.00020259225752971427,0.002268774237225068
96,96,96,95,963.1461437477118,0.00010253061509965522,6.835374339977014e-05,0.005165417338930583,0.004530426523996769,7.273055936249384e-05,0.0002693856740930209,0.00020259225752971427,0.002268774237225068
97,97,97,97,963.1440769983923,0.00010280367653431322,6.853578435620881e-05,0.005160579364280129,0.004525834627750882,7.17838091744763e-05,0.0002673553457577097,0.0002014317384340797,0.002268415953323214
98,98,98,97,963.1440769983923,0.00010280367653431322,6.853578435620881e-05,0.005160579364280129,0.004525834627750882,7.17838091744763e-05,0.0002673553457577097,0.0002014317384340797,0.002268415953323214
99,99,99,99,963.1396489808927,0.00010322230488563067,6.881486992375378e-05,0.0051662495703448785,0.004532378658023479,7.259727479329986e-05,0.0002692090452223163,0.00020249046687911831,0.0022716372278022887
100,100,100,99,963.1396489808927,0.00010322230488563067,6.881486992375378e-05,0.0051662495703448785,0.004532378658023479,7.259727479329986e-05,0.0002692090452223163,0.00020249046687911831,0.0022716372278022887
101,101,101,101,963.1377335917391,0.00010350708083914362,6.900472055942908e-05,0.005161524927160466,0.0045280219646707115,7.165269288275655e-05,0.000267184249351528,0.0002013296313136126,0.002271197558547158
102,102,102,101,963.1377335917391,0.00010350708083914362,6.900472055942908e-05,0.005161524927160466,0.0045280219646707115,7.165269288275655e-05,0.000267184249351528,0.0002013296313136126,0.002271197558547158
103,103,103,103,963.1333047557714,0.00010389751324743624,6.926500883162416e-05,0.005167491851748754,0.00453481007431943,7.246602100433736e-05,0.0002690267056233589,0.00020237912618828457,0.0022743500186242025
104,104,104,103,963.1333047557714,0.00010389751324743624,6.926500883162416e-05,0.005167491851748754,0.00453481007431943,7.246602100433736e-05,0.0002690267056233589,0.00020237912618828457,0.0022743500186242025
105,105,105,105,963.1315532215647,0.00010421905307148038,6.947936871432026e-05,0.005162861350289215,0.004530512499816675,7.151614406096518e-05,0.0002669933361745246,0.00020122558817221858,0.0022741708052988535
106,106,106,105,963.1315532215647,0.00010421905307148038,6.947936871432026e-05,0.005162861350289215,0.004530512499816675,7.151614406096518e-05,0.0002669933361745246,0.00020122558817221858,0.0022741708052988535
107,107,107,107,963.1271238703554,0.00010463252377856946,6.975501585237964e-05,0.005168589067810972,0.004537080412619125,7.233053792293775e-05,0.0002688490127833806,0.00020228225450587972,0.0022773558762176132
108,108,108,107,963.1271238703554,0.00010463252377856946,6.975501585237964e-05,0.005168589067810972,0.004537080412619125,7.233053792293775e-05,0.0002688490127833806,0.00020228225450587972,0.0022773558762176132
109,109,109,109,963.12550542013,0.0001049292466854812,6.995283112365414e-05,0.005163552666122542,0.004532434779167085,7.138234642715957e-05,0.00026681826506158704,0.0002011183495235283,0.002276822212923419
110,110,110,109,963.12550542013,0.0001049292466854812,6.995283112365414e-05,0.005163552666122542,0.004532434779167085,7.138234642715957e-05,0.00026681826506158704,0.0002011183495235283,0.002276822212923419
111,111,111,111,963.1210745473832,0.00010532123345460831,7.021415563640554e-05,0.00516960394136334,0.004539339577549743,7.219278033022969e-05,0.0002686702077559621,0.00020217129951416446,0.0022799776492191215
112,112,112,111,963.1210745473832,0.00010532123345460831,7.021415563640554e-05,0.00516960394136334,0.004539339577549743,7.219278033022969e-05,0.0002686702077559621,0.00020217129951416446,0.0022799776492191215
113,113,113,113,963.1196202626718,0.00010565171836010578,7.04344789067372e-05,0.005165032952907831,0.004535068966807873,7.124462792018615e-05,0.0002666346600849768,0.00020101949928291035,0.002279905126276857
114,114,114,113,963.1196202626718,0.00010565171836010578,7.04344789067372e-05,0.005165032952907831,0.004535068966807873,7.124462792018615e-05,0.0002666346600849768,0.00020101949928291035,0.002279905126276857
115,115,115,115,963.115192145891,0.00010602193065331611,7.068128710221075e-05,0.005171121275464911,0.004541846636856289,7.205977209946701e-05,0.0002684808948191914,0.00020205965484617477,0.0022829805033990286
116,116,116,115,963.115192145891,0.00010602193065331611,7.068128710221075e-05,0.005171121275464911,0.004541846636856289,7.205977209946701e-05,0.0002684808948191914,0.00020205965484617477,0.0022829805033990286
117,117,117,117,963.1138733289556,0.00010633128151602,7.088752101068001e-05,0.005165918640916722,0.004537194595020377,7.111589571347915e-05,0.0002664578405941673,0.00020089871726566844,0.002282406767047069
118,118,118,117,963.1138733289556,0.00010633128151602,7.088752101068001e-05,0.005165918640916722,0.004537194595020377,7.111589571347915e-05,0.0002664578405941673,0.00020089871726566844,0.002282406767047069
119,119,119,119,963.109447689236,0.00010667224537672104,7.111483025114737e-05,0.00517233913975074,0.004544270155629209,7.192482426843227e-05,0.0002682974784320149,0.0002019423849828339,0.0022854425511602936
120,120,120,119,963.109447689236,0.00010667224537672104,7.111483025114737e-05,0.00517233913975074,0.004544270155629209,7.192482426843227e-05,0.0002682974784320149,0.0002019423849828339,0.0022854425511602936
121,121,121,121,963.1082916746243,0.00010708271481604803,7.138847654403202e-05,0.00516702896149448,0.0045395085190760584,7.097104534128235e-05,0.00026627433058577885,0.00020080455562306032,0.002285459504915657
122,122,122,121,963.1082916746243,0.00010708271481604803,7.138847654403202e-05,0.00516702896149448,0.0045395085190760584,7.097104534128235e-05,0.00026627433058577885,0.00020080455562306032,0.002285459504915657
123,123,123,123,963.1038638036337,0.00010740185586460838,7.160123724307225e-05,0.005173451228836592,0.004546417070385972,7.178955391087122e-05,0.0002681182141703825,0.00020183876242721444,0.0022883795819329273
124,124,124,123,963.1038638036337,0.00010740185586460838,7.160123724307225e-05,0.005173451228836592,0.004546417070385972,7.178955391087122e-05,0.0002681182141703825,0.00020183876242721444,0.0022883795819329273
125,125,125,125,963.1028070188712,0.00010774737646229715,7.18315843081981e-05,0.005168289926030179,0.0045419115471137745,7.084438689923533e-05,0.00026608663932564387,0.00020068552409378132,0.0022880554396233167
126,126,126,125,963.1028070188712,0.00010774737646229715,7.18315843081981e-05,0.005168289926030179,0.0045419115471137745,7.084438689923533e-05,0.00026608663932564387,0.00020068552409378132,0.0022880554396233167
127,127,127,127,963.098442596498,0.00010805554562634545,7.203703041756364e-05,0.005175029051112951,0.0045491437188543956,7.1664860866065e-05,0.00026791840686060106,0.00020171344636395888,0.0022909861011039608
128,128,128,127,963.098442596498,0.00010805554562634545,7.203703041756364e-05,0.005175029051112951,0.0045491437188543956,7.1664860866065e-05,0.00026791840686060106,0.00020171344636395888,0.0022909861011039608
129,129,129,129,963.0975186465744,0.00010844559590722502,7.229706393815001e-05,0.00516958670813432,0.004544391526179185,7.07069677186381e-05,0.00026589332335623806,0.0002005715033643607,0.0022909045187947384
130,130,130,129,963.0975186465744,0.00010844559590722502,7.229706393815001e-05,0.00516958670813432,0.004544391526179185,7.07069677186381e-05,0.00026589332335623806,0.0002005715033643607,0.0022909045187947384
131,131,131,131,963.0931527864605,0.00010872333938866108,7.248222625910739e-05,0.005176370399056837,0.0045516094453077706,7.152884640955481e-05,0.00026771525560917756,0.00020159173006123465,0.002293763163971558
132,132,132,131,963.0931527864605,0.00010872333938866108,7.248222625910739e-05,0.005176370399056837,0.0045516094453077706,7.152884640955481e-05,0.00026771525560917756,0.00020159173006123465,0.002293763163971558
133,133,133,133,963.0923555213978,0.00010907765293768912,7.271843529179274e-05,0.005171223921363288,0.004547074369758009,7.058214536293655e-05,0.0002656849814281392,0.00020044201617784585,0.002293547930468998
134,134,134,133,963.0923555213978,0.00010907765293768912,7.271843529179274e-05,0.005171223921363288,0.004547074369758009,7.058214536293655e-05,0.0002656849814281392,0.00020044201617784585,0.002293547930468998
135,135,135,135,963.0880161516416,0.0001093215953313631,7.288106355424206e-05,0.00517790335878536,0.00455439512206818,7.140161425307767e-05,0.00026749998960765725,0.00020145190734299767,0.0022963160009602636
136,136,136,135,963.0880161516416,0.0001093215953313631,7.288106355424206e-05,0.00517790335878536,0.00455439512206818,7.140161425307767e-05,0.00026749998960765725,0.00020145190734299767,0.0022963160009602636
137,137,137,137,963.087357727842,0.00010969788292172766,7.313192194781845e-05,0.0051730134588176815,0.004549860576187138,7.04582122267039e-05,0.0002654818268143785,0.0002003102205727289,0.0022962367469178324
138,138,138,137,963.087357727842,0.00010969788292172766,7.313192194781845e-05,0.0051730134588176815,0.004549860576187138,7.04582122267039e-05,0.0002654818268143785,0.0002003102205727289,0.0022962367469178324
139,139,139,139,963.0830322928662,0.0001099120347740623,7.327468984937487e-05,0.005179737196897051,0.004557107862812879,7.127691952030918e-05,0.0002672823921981889,0.00020131303858090394,0.0022989353559870872
140,140,140,139,963.0830322928662,0.0001099120347740623,7.327468984937487e-05,0.005179737196897051,0.004557107862812879,7.127691952030918e-05,0.0002672823921981889,0.00020131303858090394,0.0022989353559870872
141,141,141,141,963.0825095565231,0.00011027698489532445,7.35179899302163e-05,0.005175049242361614,0.004552821385551487,7.034053498090193e-05,0.0002652641106780547,0.00020016724154883758,0.002298837541516014
142,142,142,141,963.0825095565231,0.00011027698489532445,7.35179899302163e-05,0.005175049242361614,0.004552821385551487,7.034053498090193e-05,0.0002652641106780547,0.00020016724154883758,0.002298837541516014
143,143,143,143,963.078212528738,0.00011051593790001313,7.367729193334208e-05,0.005182060940061726,0.004560121371048639,7.116302199989405e-05,0.0002670801497313927,0.00020118132533061828,0.0023015706624873555
144,144,144,143,963.078212528738,0.00011051593790001313,7.367729193334208e-05,0.005182060940061726,0.004560121371048639,7.116302199989405e-05,0.0002670801497313927,0.00020118132533061828,0.0023015706624873555
145,145,145,145,963.0778165379506,0.00011085480854738927,7.390320569825952e-05,0.005176746055652098,0.004555452528298604,7.021667037480916e-05,0.0002650470131830922,0.00020002383049366051,0.002301366728388275
146,146,146,146,963.0727345261203,0.0001110145207071922,7.400968047146148e-05,0.005180578157525134,0.004559290842557594,7.060270044536437e-05,0.00026598847383451057,0.00020049258523004154,0.0023029551335755774
147,147,147,147,963.0725769482301,0.00011121872385380649,7.414581590253766e-05,0.0051841008434947355,0.004563112368056068,7.09090718590405e-05,0.0002664325554685025,0.00020096067441745247,0.002303962854133651
148,148,148,148,963.0696275267575,0.00011134340408650023,7.422893605766682e-05,0.005187731129384936,0.004566012402846694,7.073423843236698e-05,0.00026589922426524244,0.00020060923243574863,0.002304151103914351
149,149,149,148,963.0696275267575,0.00011134340408650023,7.422893605766682e-05,0.005187731129384936,0.004566012402846694,7.073423843236698e-05,0.00026589922426524244,0.00020060923243574863,0.002304151103914351
150,150,150,150,963.0687629849933,0.0001116554137618464,7.44369425078976e-05,0.005183409067942422,0.004563473320753281,7.074325358578243e-05,0.000266255523245019,0.00020084166668239006,0.002305324025234381
151,151,151,150,963.0687629849933,0.0001116554137618464,7.44369425078976e-05,0.005183409067942422,0.004563473320753281,7.074325358578243e-05,0.000266255523245019,0.00020084166668239006,0.002305324025234381
152,152,152,152,963.0673219821894,0.00011178823271418281,7.452548847612187e-05,0.00518596789826854,0.004564755284208804,7.063422562662153e-05,0.0002657920558501326,0.0002005439898246017,0.0023054248021956132
153,153,153,152,963.0673219821894,0.00011178823271418281,7.452548847612187e-05,0.00518596789826854,0.004564755284208804,7.063422562662153e-05,0.0002657920558501326,0.0002005439898246017,0.0023054248021956132
154,154,154,154,963.066523873584,0.00011204330591213507,7.469553727475671e-05,0.005183776252262003,0.004564361561287464,7.067403754130314e-05,0.00026616979017718477,0.000200787171530957,0.0023066150065856376
155,155,155,154,963.066523873584,0.00011204330591213507,7.469553727475671e-05,0.005183776252262003,0.004564361561287464,7.067403754130314e-05,0.00026616979017718477,0.000200787171530957,0.0023066150065856376
156,156,156,156,963.0651124571791,0.0001122046618997341,7.480310793315607e-05,0.00518643711451859,0.004565736411387908,7.056050366602284e-05,0.0002657029475939142,0.0002004962556984291,0.002306829426751535
157,157,157,156,963.0651124571791,0.0001122046618997341,7.480310793315607e-05,0.00518643711451859,0.004565736411387908,7.056050366602284e-05,0.0002657029475939142,0.0002004962556984291,0.002306829426751535
158,158,158,158,963.064322569879,0.00011240441430301895,7.493627620201264e-05,0.005184220975486361,0.004565421157185065,7.060174268507663e-05,0.00026608507408950807,0.0002007351736467919,0.002307888029711
159,159,159,158,963.064322569879,0.00011240441430301895,7.493627620201264e-05,0.005184220975486361,0.004565421157185065,7.060174268507663e-05,0.00026608507408950807,0.0002007351736467919,0.002307888029711
160,160,160,160,963.0629399654836,0.00011257485428625702,7.504990285750468e-05,0.005187048761753386,0.004566868066928746,7.049074194041827e-05,0.00026562475724189316,0.000200451594756193,0.0023081411405810976
161,161,161,160,963.0629399654836,0.00011257485428625702,7.504990285750468e-05,0.005187048761753386,0.004566868066928746,7.049074194041827e-05,0.00026562475724189316,0.000200451594756193,0.0023081411405810976
162,162,162,162,963.0621568594995,0.00011276692567291358,7.517795044860905e-05,0.005184679217114733,0.004566480273363091,7.052971647158318e-05,0.0002659976055018524,0.00020068441451551872,0.0023091840728970327
163,163,163,162,963.0621568594995,0.00011276692567291358,7.517795044860905e-05,0.005184679217114733,0.004566480273363091,7.052971647158318e-05,0.0002659976055018524,0.00020068441451551872,0.0023091840728970327
164,164,164,164,963.0608028977159,0.00011293693812750027,7.529129208500018e-05,0.005187553988624346,0.00456804176869455,7.041517232603961e-05,0.0002655240522021797,0.000200390941902287,0.0023094740866764192
165,165,165,164,963.0608028977159,0.00011293693812750027,7.529129208500018e-05,0.005187553988624346,0.00456804176869455,7.041517232603961e-05,0.0002655240522021797,0.000200390941902287,0.0023094740866764192
166,166,166,166,963.0600272740253,0.00011312923268733122,7.54194884582208e-05,0.005185173059098107,0.004567550095256301,7.045814917249621e-05,0.00026590630732903505,0.00020063294471289045,0.0023104866335211085
167,167,167,166,963.0600272740253,0.00011312923268733122,7.54194884582208e-05,0.005185173059098107,0.004567550095256301,7.045814917249621e-05,0.00026590630732903505,0.00020063294471289045,0.0023104866335211085
168,168,168,168,963.0586969102885,0.00011329274183499716,7.552849455666477e-05,0.0051874013469137,0.004568400291446144,7.034449786775393e-05,0.0002654442123800211,0.00020034034097488052,0.0023107043478572415
169,169,169,168,963.0586969102885,0.00011329274183499716,7.552849455666477e-05,0.0051874013469137,0.004568400291446144,7.034449786775393e-05,0.0002654442123800211,0.00020034034097488052,0.0023107043478572415
170,170,170,170,963.0579244878802,0.00011349255719952933,7.566170479968623e-05,0.005185615528480727,0.004568565314296524,7.038509681239757e-05,0.0002658192193177325,0.00020058185632341324,0.0023117849071133453
171,171,171,170,963.0579244878802,0.00011349255719952933,7.566170479968623e-05,0.005185615528480727,0.004568565314296524,7.038509681239757e-05,0.0002658192193177325,0.00020058185632341324,0.0023117849071133453
172,172,172,172,963.0566263716175,0.0001136485872206272,7.576572481375146e-05,0.005187857621870298,0.004569425770769981,7.027220432916093e-05,0.00026534786284582304,0.00020028529117936678,0.0023119750973445924
173,173,173,172,963.0566263716175,0.0001136485872206272,7.576572481375146e-05,0.005187857621870298,0.004569425770769981,7.027220432916093e-05,0.00026534786284582304,0.00020028529117936678,0.0023119750973445924
174,174,174,174,963.0558485008532,0.00011385233728430921,7.590155818953948e-05,0.005186128856343519,0.0045696428566914605,7.031323842118103e-05,0.000265731422174161,0.0002005307815862445,0.00231306904863255
175,175,175,174,963.0558485008532,0.00011385233728430921,7.590155818953948e-05,0.005186128856343519,0.0045696428566914605,7.031323842118103e-05,0.000265731422174161,0.0002005307815862445,0.00231306904863255
176,176,176,176,963.054589492785,0.00011400826592256053,7.600551061504035e-05,0.005190347052981941,0.004572639145433651,7.020673369709934e-05,0.0002652304457779333,0.00020022736802950691,0.0023133967436868106
177,177,177,176,963.054589492785,0.00011400826592256053,7.600551061504035e-05,0.005190347052981941,0.004572639145433651,7.020673369709934e-05,0.0002652304457779333,0.00020022736802950691,0.0023133967436868106
178,178,178,178,963.0538108345492,0.00011421300676267565,7.614200450845043e-05,0.005186579972961185,0.004570668973422698,7.024044103041971e-05,0.00026564189304115963,0.0002004788773790206,0.0023143366245990454
179,179,179,178,963.0538108345492,0.00011421300676267565,7.614200450845043e-05,0.005186579972961185,0.004570668973422698,7.024044103041971e-05,0.00026564189304115963,0.0002004788773790206,0.0023143366245990454
180,180,180,180,963.0525884208132,0.00011436703023467998,7.624468682312e-05,0.005190746167146272,0.004573753892278309,7.013486531258495e-05,0.00026514060478384656,0.00020017419547897763,0.0023146770881643797
181,181,181,180,963.0525884208132,0.00011436703023467998,7.624468682312e-05,0.005190746167146272,0.004573753892278309,7.013486531258495e-05,0.00026514060478384656,0.00020017419547897763,0.0023146770881643797
182,182,182,182,963.0518058413074,0.00011457322306188122,7.638214870792082e-05,0.005187000640035089,0.004571774960555469,7.016861283307141e-05,0.00026555375202539375,0.00020042644373594737,0.002315608156623348
183,183,183,182,963.0518058413074,0.00011457322306188122,7.638214870792082e-05,0.005187000640035089,0.004571774960555469,7.016861283307141e-05,0.00026555375202539375,0.00020042644373594737,0.002315608156623348
184,184,184,184,963.0506226130765,0.00011472369581222441,7.648246387481628e-05,0.005191391674524219,0.004574837164690398,7.006208448463724e-05,0.0002650491947687604,0.0002001158651257634,0.002315946231719449
185,185,185,184,963.0506226130765,0.00011472369581222441,7.648246387481628e-05,0.005191391674524219,0.004574837164690398,7.006208448463724e-05,0.0002650491947687604,0.0002001158651257634,0.002315946231719449
186,186,186,186,963.049838740405,0.00011492849414193596,7.661899609462397e-05,0.005187656118744719,0.004572865115455825,7.009604187857565e-05,0.0002654670412484527,0.0002003753994382837,0.0023168663051493506
187,187,187,186,963.049838740405,0.00011492849414193596,7.661899609462397e-05,0.005187656118744719,0.004572865115455825,7.009604187857565e-05,0.0002654670412484527,0.0002003753994382837,0.0023168663051493506
188,188,188,188,963.0486910389349,0.00011507604061203325,7.671736040802216e-05,0.005191952817971345,0.004575951883958786,6.999310155774568e-05,0.00026495282404971404,0.00020006161468300032,0.002317199254772128
189,189,189,188,963.0486910389349,0.00011507604061203325,7.671736040802216e-05,0.005191952817971345,0.004575951883958786,6.999310155774568e-05,0.00026495282404971404,0.00020006161468300032,0.002317199254772128
190,190,190,190,963.0478729575593,0.0001152919878368297,7.686132522455313e-05,0.00518809943664689,0.004573923127664038,7.00237488459321e-05,0.00026537519708916214,0.00020032142865560737,0.0023181359167675315
191,191,191,190,963.0478729575593,0.0001152919878368297,7.686132522455313e-05,0.00518809943664689,0.004573923127664038,7.00237488459321e-05,0.00026537519708916214,0.00020032142865560737,0.0023181359167675315
192,192,192,192,963.046805906684,0.00011543057946233892,7.695371964155928e-05,0.005192090590201725,0.004577007493776838,6.99205772350317e-05,0.00026486342257035236,0.000200004389435314,0.002318456398680354
193,193,193,192,963.046805906684,0.00011543057946233892,7.695371964155928e-05,0.005192090590201725,0.004577007493776838,6.99205772350317e-05,0.00026486342257035236,0.000200004389435314,0.002318456398680354
194,194,194,194,963.0459747044381,0.00011565306344551995,7.710204229701331e-05,0.005188386536019896,0.0045750529066582645,6.995182640089082e-05,0.00026528674493979235,0.0002002705139908939,0.0023194013010683014
195,195,195,194,963.0459747044381,0.00011565306344551995,7.710204229701331e-05,0.005188386536019896,0.0045750529066582645,6.995182640089082e-05,0.00026528674493979235,0.0002002705139908939,0.0023194013010683014
196,196,196,196,963.0449406338607,0.00011578076646123758,7.718717764082506e-05,0.005192611567384686,0.004577807094210931,6.984703762712846e-05,0.00026476613379266444,0.00019994641518795292,0.002319678990630165
197,197,197,196,963.0449406338607,0.00011578076646123758,7.718717764082506e-05,0.005192611567384686,0.004577807094210931,6.984703762712846e-05,0.00026476613379266444,0.00019994641518795292,0.002319678990630165
198,198,198,198,963.0441085159632,0.00011601217969720024,7.734145313146683e-05,0.005189156215097252,0.004576080860988871,6.988056294415096e-05,0.0002652020117607553,0.00020022033812634732,0.002320642040772137
199,199,199,198,963.0441085159632,0.00011601217969720024,7.734145313146683e-05,0.005189156215097252,0.004576080860988871,6.988056294415096e-05,0.0002652020117607553,0.00020022033812634732,0.002320642040772137
200,200,200,200,963.0431091698624,0.00011614009524418822,7.742673016279214e-05,0.005193383753691375,0.004579146719730773,6.977934958666415e-05,0.00026467991697524967,0.00019989795527185217,0.002320899219611687
201,201,201,200,963.0431091698624,0.00011614009524418822,7.742673016279214e-05,0.005193383753691375,0.004579146719730773,6.977934958666415e-05,0.00026467991697524967,0.00019989795527185217,0.002320899219611687
202,202,202,202,963.0422754201788,0.00011636968367317868,7.757978911545245e-05,0.0051896531572323745,0.004577139184335971,6.980809429098928e-05,0.00026511367897171336,0.00020016850522323187,0.002321859821106351
203,203,203,202,963.0422754201788,0.00011636968367317868,7.757978911545245e-05,0.0051896531572323745,0.004577139184335971,6.980809429098928e-05,0.00026511367897171336,0.00020016850522323187,0.002321859821106351
204,204,204,204,963.0413106358305,0.00011650208148003549,7.766805432002366e-05,0.005193860218787839,0.004580188612290587,6.970873734760824e-05,0.000264593743199862,0.00019984611883450132,0.0023221243019212515
205,205,205,204,963.0413106358305,0.00011650208148003549,7.766805432002366e-05,0.005193860218787839,0.004580188612290587,6.970873734760824e-05,0.000264593743199862,0.00019984611883450132,0.0023221243019212515
206,206,206,206,963.0404659247181,0.00011672795755213183,7.781863836808789e-05,0.005190142709376687,0.004578196134019684,6.973619111043383e-05,0.00026502996617701997,0.00020011705299338017,0.002323071578063154
207,207,207,206,963.0404659247181,0.00011672795755213183,7.781863836808789e-05,0.005190142709376687,0.004578196134019684,6.973619111043383e-05,0.00026502996617701997,0.00020011705299338017,0.002323071578063154
208,208,208,208,963.0395514580139,0.0001168606385170412,7.790709234469413e-05,0.005194316596253964,0.004581220497961867,6.963813845144162e-05,0.0002645115921279084,0.00019979374320670817,0.002323341160842607
209,209,209,208,963.0395514580139,0.0001168606385170412,7.790709234469413e-05,0.005194316596253964,0.004581220497961867,6.963813845144162e-05,0.0002645115921279084,0.00019979374320670817,0.002323341160842607
210,210,210,210,963.0387010642112,0.00011708472280905213,7.805648187270142e-05,0.005190543537233875,0.004579219773948469,6.966404358949713e-05,0.00026494391325862786,0.0002000654838206356,0.0023242773646591766
211,211,211,210,963.0387010642112,0.00011708472280905213,7.805648187270142e-05,0.005190543537233875,0.004579219773948469,6.966404358949713e-05,0.00026494391325862786,0.0002000654838206356,0.0023242773646591766
212,212,212,212,963.037812862461,0.00011721975043857413,7.814650029238275e-05,0.005194763200631051,0.00458224273899625,6.956830733041014e-05,0.0002644250710132312,0.00019974358432778283,0.00232453388462626
213,213,213,212,963.037812862461,0.00011721975043857413,7.814650029238275e-05,0.005194763200631051,0.00458224273899625,6.956830733041014e-05,0.0002644250710132312,0.00019974358432778283,0.00232453388462626
214,214,214,214,963.0369682146093,0.0001174431679128729,7.82954452752486e-05,0.005191040131514938,0.004580261178509496,6.959232449475078e-05,0.0002648568589439853,0.0002000126220952636,0.00232547151999423
215,215,215,214,963.0369682146093,0.0001174431679128729,7.82954452752486e-05,0.005191040131514938,0.004580261178509496,6.959232449475078e-05,0.0002648568589439853,0.0002000126220952636,0.00232547151999423
216,216,216,216,963.0361089264832,0.0001175827067319557,7.838847115463712e-05,0.005195075602048048,0.004583300502914173,6.94966892025653e-05,0.00026433859983053813,0.00019969125455574638,0.0023257361557138677
217,217,217,216,963.0361089264832,0.0001175827067319557,7.838847115463712e-05,0.005195075602048048,0.004583300502914173,6.94966892025653e-05,0.00026433859983053813,0.00019969125455574638,0.0023257361557138677
218,218,218,218,963.0352702758853,0.00011780150031912018,7.853433354608012e-05,0.005191547001375638,0.004581286173642515,6.952073979425016e-05,0.0002647733680201473,0.00019996226311021909,0.002326663255721675
219,219,219,218,963.0352702758853,0.00011780150031912018,7.853433354608012e-05,0.005191547001375638,0.004581286173642515,6.952073979425016e-05,0.0002647733680201473,0.00019996226311021909,0.002326663255721675
220,220,220,220,963.0344273719779,0.00011794373028833904,7.862915352555935e-05,0.005195766325345977,0.004584261177005902,6.942639571936443e-05,0.0002642534952101641,0.00019963925856823078,0.0023269271300295703
221,221,221,220,963.0344273719779,0.00011794373028833904,7.862915352555935e-05,0.005195766325345977,0.004584261177005902,6.942639571936443e-05,0.0002642534952101641,0.00019963925856823078,0.0023269271300295703
222,222,222,222,963.0336081412072,0.00011816081963253455,7.877387975502304e-05,0.0051921026452804225,0.004582297684918874,6.944890309759644e-05,0.00026468820866169725,0.00019991039197520682,0.002327849707303027
223,223,223,222,963.0336081412072,0.00011816081963253455,7.877387975502304e-05,0.0051921026452804225,0.004582297684918874,6.944890309759644e-05,0.00026468820866169725,0.00019991039197520682,0.002327849707303027
224,224,224,224,963.0327832753194,0.00011830373691459894,7.886915794306597e-05,0.005196089465771803,0.004585261326460738,6.935666175673927e-05,0.00026417229840973466,0.00019958749757692518,0.0023281115275220043
225,225,225,224,963.0327832753194,0.00011830373691459894,7.886915794306597e-05,0.005196089465771803,0.004585261326460738,6.935666175673927e-05,0.00026417229840973466,0.00019958749757692518,0.0023281115275220043
226,226,226,226,963.0319761006599,0.0001185166521210923,7.901110141406154e-05,0.0051924763720036975,0.004583333506941916,6.937650635776421e-05,0.0002646025368017782,0.00019985844021525034,0.0023290148839287548
227,227,227,226,963.0319761006599,0.0001185166521210923,7.901110141406154e-05,0.0051924763720036975,0.004583333506941916,6.937650635776421e-05,0.0002646025368017782,0.00019985844021525034,0.0023290148839287548
228,228,228,228,963.0311709127872,0.00011866548014705103,7.911032009803402e-05,0.005196580449308028,0.004586287340175702,6.928314410056813e-05,0.00026408494275467005,0.0001995378633993447,0.0023292780907521182
229,229,229,228,963.0311709127872,0.00011866548014705103,7.911032009803402e-05,0.005196580449308028,0.004586287340175702,6.928314410056813e-05,0.00026408494275467005,0.0001995378633993447,0.0023292780907521182
230,230,230,230,963.030375156816,0.00011887514779945763,7.925009853297175e-05,0.005192937041557865,0.00458435113026529,6.930459073439116e-05,0.00026451900687110786,0.00019980679895727216,0.002330184088324479
231,231,231,230,963.030375156816,0.00011887514779945763,7.925009853297175e-05,0.005192937041557865,0.00458435113026529,6.930459073439116e-05,0.00026451900687110786,0.00019980679895727216,0.002330184088324479
232,232,232,232,963.0295899708378,0.00011902554943446497,7.935036628964331e-05,0.0051971030679126414,0.004587257542637547,6.921572925217695e-05,0.0002640027942628468,0.00019948462259285205,0.002330444723402947
233,233,233,232,963.0295899708378,0.00011902554943446497,7.935036628964331e-05,0.0051971030679126414,0.004587257542637547,6.921572925217695e-05,0.0002640027942628468,0.00019948462259285205,0.002330444723402947
234,234,234,234,963.0288036280414,0.000119232150740195,7.948810049346333e-05,0.005193505029791814,0.004585350697062783,6.923359603878965e-05,0.0002644356813480636,0.00019975568709201114,0.0023313475353238067
235,235,235,234,963.0288036280414,0.000119232150740195,7.948810049346333e-05,0.005193505029791814,0.004585350697062783,6.923359603878965e-05,0.0002644356813480636,0.00019975568709201114,0.0023313475353238067
236,236,236,236,963.028039759691,0.00011938303226147196,7.958868817431464e-05,0.005197438292725375,0.004588313419073448,6.91465999460017e-05,0.00026392190548835695,0.00019943355343488706,0.0023315984435477435
237,237,237,236,963.028039759691,0.00011938303226147196,7.958868817431464e-05,0.005197438292725375,0.004588313419073448,6.91465999460017e-05,0.00026392190548835695,0.00019943355343488706,0.0023315984435477435
238,238,238,238,963.0272633259788,0.00011959214547116459,7.972809698077639e-05,0.0051937912047638314,0.004586374378669912,6.91618019038609e-05,0.0002643498852570276,0.0001997029620092114,0.002332495178030332
239,239,239,238,963.0272633259788,0.00011959214547116459,7.972809698077639e-05,0.0051937912047638314,0.004586374378669912,6.91618019038609e-05,0.0002643498852570276,0.0001997029620092114,0.002332495178030332
240,240,240,240,963.0264804237623,0.00011974513187021363,7.983008791347576e-05,0.005196942927011044,0.0045883547263244956,6.907179649092571e-05,0.0002638416432080585,0.0001993801571931464,0.0023326880089544763
241,241,241,240,963.0264804237623,0.00011974513187021363,7.983008791347576e-05,0.005196942927011044,0.0045883547263244956,6.907179649092571e-05,0.0002638416432080585,0.0001993801571931464,0.0023326880089544763
242,242,242,242,963.0257758782618,0.00011995736158099124,7.997157438732749e-05,0.00519412277756584,0.004587280594676404,6.909176408845946e-05,0.0002642666189364161,0.00019965176154067982,0.0023336554541741866
243,243,243,242,963.0257758782618,0.00011995736158099124,7.997157438732749e-05,0.00519412277756584,0.004587280594676404,6.909176408845946e-05,0.0002642666189364161,0.00019965176154067982,0.0023336554541741866
244,244,244,244,963.0249867694208,0.00012010457395705831,8.006971597137222e-05,0.005198143192591094,0.004590191774342863,6.900131609557242e-05,0.0002637533935394332,0.00019932657927317077,0.0023338626840898433
245,245,245,244,963.0249867694208,0.00012010457395705831,8.006971597137222e-05,0.005198143192591094,0.004590191774342863,6.900131609557242e-05,0.0002637533935394332,0.00019932657927317077,0.0023338626840898433
246,246,246,246,963.0242831104301,0.00012031701441556075,8.021134294370717e-05,0.0051944593713083125,0.004588220362444199,6.902077288924863e-05,0.00026418368911088703,0.00019960120219544852,0.0023347781233226303
247,247,247,246,963.0242831104301,0.00012031701441556075,8.021134294370717e-05,0.0051944593713083125,0.004588220362444199,6.902077288924863e-05,0.00026418368911088703,0.00019960120219544852,0.0023347781233226303
248,248,248,248,963.0235278252842,0.00012046768475496017,8.031178983664011e-05,0.005199080855761263,0.0045917548264010665,6.893542410803949e-05,0.00026366435628891996,0.00019927965328007946,0.002335047554583285
249,249,249,248,963.0235278252842,0.00012046768475496017,8.031178983664011e-05,0.005199080855761263,0.0045917548264010665,6.893542410803949e-05,0.00026366435628891996,0.00019927965328007946,0.002335047554583285
250,250,250,250,963.0228129500528,0.00012067731559625705,8.045154373083804e-05,0.005194931656048382,0.004589251026141749,6.895322015654931e-05,0.0002641006887819168,0.00019954938246781462,0.0023359079148247922
251,251,251,250,963.0228129500528,0.00012067731559625705,8.045154373083804e-05,0.005194931656048382,0.004589251026141749,6.895322015654931e-05,0.0002641006887819168,0.00019954938246781462,0.0023359079148247922
252,252,252,252,963.0220989904501,0.000120831049004122,8.055403266941466e-05,0.005199017163490148,0.004592242423595308,6.886710211177066e-05,0.00026359010028653446,0.00019922854275358087,0.0023361455506632324
253,253,253,252,963.0220989904501,0.000120831049004122,8.055403266941466e-05,0.005199017163490148,0.004592242423595308,6.886710211177066e-05,0.00026359010028653446,0.00019922854275358087,0.0023361455506632324
254,254,254,254,963.0213850206368,0.00012103949576922068,8.069299717948046e-05,0.005195349034862215,0.004590233760598073,6.88857431538556e-05,0.000264023697843264,0.0001995014751322577,0.002337016448649463
255,255,255,254,963.0213850206368,0.00012103949576922068,8.069299717948046e-05,0.005195349034862215,0.004590233760598073,6.88857431538556e-05,0.000264023697843264,0.0001995014751322577,0.002337016448649463
256,256,256,256,963.0206964479058,0.0001211929462406891,8.079529749379274e-05,0.005199854646672715,0.004593676737967864,6.87984010428952e-05,0.0002635027497757159,0.00019917814502967007,0.0023372825938568756
257,257,257,256,963.0206964479058,0.0001211929462406891,8.079529749379274e-05,0.005199854646672715,0.004593676737967864,6.87984010428952e-05,0.0002635027497757159,0.00019917814502967007,0.0023372825938568756
258,258,258,258,963.0199844831595,0.0001214017840929782,8.093452272865212e-05,0.005195742255787857,0.004591181117773462,6.881752418113479e-05,0.00026394432720468366,0.00019945931993998328,0.002338113265990689
259,259,259,258,963.0199844831595,0.0001214017840929782,8.093452272865212e-05,0.005195742255787857,0.004591181117773462,6.881752418113479e-05,0.00026394432720468366,0.00019945931993998328,0.002338113265990689
260,260,260,260,963.0193195757681,0.0001215521071752379,8.103473811682527e-05,0.005200109807259417,0.004594501983982551,6.872846943605654e-05,0.00026342343312314124,0.00019912698654715733,0.0023383868286698025
261,261,261,260,963.0193195757681,0.0001215521071752379,8.103473811682527e-05,0.005200109807259417,0.004594501983982551,6.872846943605654e-05,0.00026342343312314124,0.00019912698654715733,0.0023383868286698025
262,262,262,262,963.0185876164728,0.00012176658770104987,8.117772513403324e-05,0.005196388626004023,0.00459224124772568,6.875641441280583e-05,0.0002638735419602405,0.0001994056466814373,0.002339248652393246
263,263,263,262,963.0185876164728,0.00012176658770104987,8.117772513403324e-05,0.005196388626004023,0.00459224124772568,6.875641441280583e-05,0.0002638735419602405,0.0001994056466814373,0.002339248652393246
264,264,264,264,963.017979297756,0.00012191013560430841,8.127342373620561e-05,0.005200811164422461,0.004595695376128854,6.866814127962778e-05,0.0002633423421801083,0.00019907933738425032,0.0023394870606153802
265,265,265,264,963.017979297756,0.00012191013560430841,8.127342373620561e-05,0.005200811164422461,0.004595695376128854,6.866814127962778e-05,0.0002633423421801083,0.00019907933738425032,0.0023394870606153802
266,266,266,266,963.0172459013872,0.00012211977447770805,8.14131829851387e-05,0.0051967621434724385,0.004593246033012837,6.868596665821763e-05,0.00026378221603066184,0.0001993479795780323,0.002340325346763833
267,267,267,266,963.0172459013872,0.00012211977447770805,8.14131829851387e-05,0.0051967621434724385,0.004593246033012837,6.868596665821763e-05,0.00026378221603066184,0.0001993479795780323,0.002340325346763833
268,268,268,268,963.0166604387357,0.0001222700835948054,8.15133890632036e-05,0.005201247229071713,0.0045967267232273476,6.859848794667223e-05,0.00026326882794235605,0.00019903111455774752,0.0023405688302089453
269,269,269,268,963.0166604387357,0.0001222700835948054,8.15133890632036e-05,0.005201247229071713,0.0045967267232273476,6.859848794667223e-05,0.00026326882794235605,0.00019903111455774752,0.0023405688302089453
270,270,270,270,963.0159320115532,0.00012247585933841676,8.165057289227784e-05,0.0051971364697137885,0.004594206324265312,6.861690723832664e-05,0.0002637143408286045,0.00019930381777754497,0.0023413888343880463
271,271,271,270,963.0159320115532,0.00012247585933841676,8.165057289227784e-05,0.0051971364697137885,0.004594206324265312,6.861690723832664e-05,0.0002637143408286045,0.00019930381777754497,0.0023413888343880463
272,272,272,272,963.0153701109203,0.00012262732559911727,8.175155039941151e-05,0.005201210889704353,0.0045972542550432195,6.852808974733976e-05,0.0002631907719215763,0.00019897897004807902,0.0023416165024266146
273,273,273,272,963.0153701109203,0.00012262732559911727,8.175155039941151e-05,0.005201210889704353,0.0045972542550432195,6.852808974733976e-05,0.0002631907719215763,0.00019897897004807902,0.0023416165024266146
274,274,274,274,963.01464724154,0.00012282945601876927,8.188630401251284e-05,0.005197535931462497,0.0045951754472517755,6.854605426171584e-05,0.0002636225057811971,0.00019924802712925627,0.0023424539777975447
275,275,275,274,963.01464724154,0.00012282945601876927,8.188630401251284e-05,0.005197535931462497,0.0045951754472517755,6.854605426171584e-05,0.0002636225057811971,0.00019924802712925627,0.0023424539777975447
276,276,276,276,963.0141078743361,0.00012297736171271167,8.198490780847445e-05,0.005201558114837818,0.004598161358265244,6.845956531442016e-05,0.00026311680788048655,0.00019893071713062566,0.0023426768234504594
277,277,277,276,963.0141078743361,0.00012297736171271167,8.198490780847445e-05,0.005201558114837818,0.004598161358265244,6.845956531442016e-05,0.00026311680788048655,0.00019893071713062566,0.0023426768234504594
278,278,278,278,963.0133759860863,0.00012319408362768125,8.212938908512082e-05,0.005198025634604663,0.004596199031886964,6.847896813037824e-05,0.0002635468671394958,0.00019920414965487326,0.002343546750411798
279,279,279,278,963.0133759860863,0.00012319408362768125,8.212938908512082e-05,0.005198025634604663,0.004596199031886964,6.847896813037824e-05,0.0002635468671394958,0.00019920414965487326,0.002343546750411798
280,280,280,280,963.0128721431902,0.00012334394481144928,8.222929654096618e-05,0.005202178428798168,0.004599310724635615,6.839627842506607e-05,0.00026303214381549343,0.00019887896025257146,0.0023437681806958476
281,281,281,280,963.0128721431902,0.00012334394481144928,8.222929654096618e-05,0.005202178428798168,0.004599310724635615,6.839627842506607e-05,0.00026303214381549343,0.00019887896025257146,0.0023437681806958476
282,282,282,282,963.0121347612422,0.00012354489933152912,8.236326622101942e-05,0.005198393526616492,0.004597134770187982,6.841394270441781e-05,0.0002634705483828021,0.0001991528675329285,0.00234458549417397
283,283,283,282,963.0121347612422,0.00012354489933152912,8.236326622101942e-05,0.005198393526616492,0.004597134770187982,6.841394270441781e-05,0.0002634705483828021,0.0001991528675329285,0.00234458549417397
284,284,284,284,963.0116716623523,0.0001236992393250369,8.24661595500246e-05,0.005202414690764597,0.004600079520686652,6.832761853027558e-05,0.0002629549471378287,0.0001988286681001289,0.0023447963021738347
285,285,285,284,963.0116716623523,0.0001236992393250369,8.24661595500246e-05,0.005202414690764597,0.004600079520686652,6.832761853027558e-05,0.0002629549471378287,0.0001988286681001289,0.0023447963021738347
286,286,286,286,963.0109117528925,0.00012390713741999848,8.2604758279999e-05,0.005198868424744819,0.004598145878928941,6.835252575045775e-05,0.00026340225251100997,0.00019910980516869153,0.0023456462469398434
287,287,287,286,963.0109117528925,0.00012390713741999848,8.2604758279999e-05,0.005198868424744819,0.004598145878928941,6.835252575045775e-05,0.00026340225251100997,0.00019910980516869153,0.0023456462469398434
288,288,288,288,963.0104937637991,0.00012406373621365319,8.270915747576879e-05,0.005203344704995067,0.004601572045540042,6.826478840792072e-05,0.0002628783810661073,0.00019878270849873342,0.002345897427208291
289,289,289,288,963.0104937637991,0.00012406373621365319,8.270915747576879e-05,0.005203344704995067,0.004601572045540042,6.826478840792072e-05,0.0002628783810661073,0.00019878270849873342,0.002345897427208291
290,290,290,290,963.0097328140711,0.00012425877317182032,8.283918211454688e-05,0.005199241112251757,0.004599078283304643,6.828327721090932e-05,0.0002633176721258344,0.00019905497498581837,0.0023466795639804135
291,291,291,290,963.0097328140711,0.00012425877317182032,8.283918211454688e-05,0.005199241112251757,0.004599078283304643,6.828327721090932e-05,0.0002633176721258344,0.00019905497498581837,0.0023466795639804135
292,292,292,292,963.0093337353483,0.0001244170693280311,8.294471288535407e-05,0.0052037260976595225,0.004602515382204614,6.819837986544314e-05,0.0002627982800084527,0.00019873247977284653,0.002346916240849552
293,293,293,292,963.0093337353483,0.0001244170693280311,8.294471288535407e-05,0.0052037260976595225,0.004602515382204614,6.819837986544314e-05,0.0002627982800084527,0.00019873247977284653,0.002346916240849552
294,294,294,294,963.0085813079914,0.00012461735121327422,8.307823414218282e-05,0.0051996339643789035,0.004599998558048847,6.82157387973184e-05,0.00026324330269711084,0.000199008532346584,0.0023477084939561256
295,295,295,294,963.0085813079914,0.00012461735121327422,8.307823414218282e-05,0.0051996339643789035,0.004599998558048847,6.82157387973184e-05,0.00026324330269711084,0.000199008532346584,0.0023477084939561256
296,296,296,296,963.0082039558677,0.00012479110276955585,8.319406851303723e-05,0.0052040668042016985,0.004603456812767579,6.812834398045586e-05,0.00026271432052090896,0.000198679435818222,0.0023479969323980717
297,297,297,296,963.0082039558677,0.00012479110276955585,8.319406851303723e-05,0.0052040668042016985,0.004603456812767579,6.812834398045586e-05,0.00026271432052090896,0.000198679435818222,0.0023479969323980717
298,298,298,298,963.0074423975045,0.00012498266493407573,8.332177662271716e-05,0.005200035017223093,0.0046009404131072155,6.815360761012329e-05,0.0002631667652765896,0.00019895968769032685,0.002348760951225136
299,299,299,298,963.0074423975045,0.00012498266493407573,8.332177662271716e-05,0.005200035017223093,0.0046009404131072155,6.815360761012329e-05,0.0002631667652765896,0.00019895968769032685,0.002348760951225136
300,300,300,300,963.0071041481751,0.0001251379462474389,8.34252974982926e-05,0.005204294429374435,0.004604198143318975,6.806403869906441e-05,0.0002626434893013488,0.00019863317644674278,0.0023489866125809334
301,301,301,300,963.0071041481751,0.0001251379462474389,8.34252974982926e-05,0.005204294429374435,0.004604198143318975,6.806403869906441e-05,0.0002626434893013488,0.00019863317644674278,0.0023489866125809334
302,302,302,302,963.0063348973995,0.0001253243330939513,8.354955539596753e-05,0.0052004871686275956,0.004601939995252197,6.808575837087549e-05,0.0002630857000411527,0.00019891044120785156,0.002349763521988248
303,303,303,302,963.0063348973995,0.0001253243330939513,8.354955539596753e-05,0.0052004871686275956,0.004601939995252197,6.808575837087549e-05,0.0002630857000411527,0.00019891044120785156,0.002349763521988248
304,304,304,304,963.006023610812,0.00012549635130024162,8.366423420016109e-05,0.005204678286212206,0.0046051418833042935,6.799888662120668e-05,0.00026255938476349325,0.00019858355738663208,0.002350000880906703
305,305,305,304,963.006023610812,0.00012549635130024162,8.366423420016109e-05,0.005204678286212206,0.0046051418833042935,6.799888662120668e-05,0.00026255938476349325,0.00019858355738663208,0.002350000880906703
306,306,306,306,963.0052490354891,0.00012568565070514293,8.379043380342861e-05,0.005200906227311988,0.004602892082799425,6.802241883390597e-05,0.0002630183168003503,0.00019886401439974527,0.0023507779103056087
307,307,307,306,963.0052490354891,0.00012568565070514293,8.379043380342861e-05,0.005200906227311988,0.004602892082799425,6.802241883390597e-05,0.0002630183168003503,0.00019886401439974527,0.0023507779103056087
308,308,308,308,963.0049685057827,0.00012585786952881706,8.39052463525447e-05,0.0052052389167062405,0.004606250581743392,6.793061895404157e-05,0.0002624841063854675,0.00019853347808078403,0.002351058191666655
309,309,309,308,963.0049685057827,0.00012585786952881706,8.39052463525447e-05,0.0052052389167062405,0.004606250581743392,6.793061895404157e-05,0.0002624841063854675,0.00019853347808078403,0.002351058191666655
310,310,310,310,963.0041963339931,0.0001260373436685891,8.402489577905939e-05,0.005201269550186588,0.004603826173149899,6.795224130488886e-05,0.00026293346834819586,0.000198811717336711,0.0023517904861524858
311,311,311,310,963.0041963339931,0.0001260373436685891,8.402489577905939e-05,0.005201269550186588,0.004603826173149899,6.795224130488886e-05,0.00026293346834819586,0.000198811717336711,0.0023517904861524858
312,312,312,312,963.0039400001087,0.00012620393369958127,8.413595579972084e-05,0.00520555089624196,0.0046070799065295424,6.786580550834781e-05,0.00026241176235906676,0.0001984852093267278,0.002352031948989759
313,313,313,312,963.0039400001087,0.00012620393369958127,8.413595579972084e-05,0.00520555089624196,0.0046070799065295424,6.786580550834781e-05,0.00026241176235906676,0.0001984852093267278,0.002352031948989759
314,314,314,314,963.0031556985546,0.00012639665864733196,8.42644390982213e-05,0.005201725122523628,0.004604762217263247,6.78902429507508e-05,0.0002628585538093853,0.00019876382794097036,0.0023527989063689063
315,315,315,314,963.0031556985546,0.00012639665864733196,8.42644390982213e-05,0.005201725122523628,0.004604762217263247,6.78902429507508e-05,0.0002628585538093853,0.00019876382794097036,0.0023527989063689063
316,316,316,316,963.0029364244685,0.0001265597908509386,8.437319390062574e-05,0.005205561489665925,0.004607592424608817,6.780110528471078e-05,0.000262340882446525,0.00019843762000180953,0.002352994358899343
317,317,317,316,963.0029364244685,0.0001265597908509386,8.437319390062574e-05,0.005205561489665925,0.004607592424608817,6.780110528471078e-05,0.000262340882446525,0.00019843762000180953,0.002352994358899343
318,318,318,318,963.0021393476842,0.0001267489747994177,8.449931653294515e-05,0.005202041241627479,0.004605636286338394,6.782533823598141e-05,0.00026278610445946613,0.00019871988412382274,0.002353779101225689
319,319,319,318,963.0021393476842,0.0001267489747994177,8.449931653294515e-05,0.005202041241627479,0.004605636286338394,6.782533823598141e-05,0.00026278610445946613,0.00019871988412382274,0.002353779101225689
320,320,320,320,963.0019349169186,0.000126911200924118,8.460746728274535e-05,0.005205228493257337,0.004607774697218929,6.773250259755476e-05,0.00026226874718325685,0.00019838675068082484,0.0023539482332334974
321,321,321,320,963.0019349169186,0.000126911200924118,8.460746728274535e-05,0.005205228493257337,0.004607774697218929,6.773250259755476e-05,0.00026226874718325685,0.00019838675068082484,0.0023539482332334974
322,322,322,322,963.0011554771783,0.00012710953616662524,8.473969077775016e-05,0.005202450172570739,0.004606565400527883,6.776113735299655e-05,0.00026271274583659947,0.00019867048090405764,0.002354778551819097
323,323,323,322,963.0011554771783,0.00012710953616662524,8.473969077775016e-05,0.005202450172570739,0.004606565400527883,6.776113735299655e-05,0.00026271274583659947,0.00019867048090405764,0.002354778551819097
324,324,324,324,963.0009737521865,0.0001272773145321593,8.485154302143952e-05,0.005206034471831327,0.004609099433528863,6.766745311435896e-05,0.00026218589504961457,0.00019833755088215221,0.002354998948399632
325,325,325,324,963.0009737521865,0.0001272773145321593,8.485154302143952e-05,0.005206034471831327,0.004609099433528863,6.766745311435896e-05,0.00026218589504961457,0.00019833755088215221,0.002354998948399632
326,326,326,326,963.0001807746419,0.0001274643951093557,8.497626340623714e-05,0.005202874227782155,0.004607512693284965,6.769643946522019e-05,0.00026263940220056696,0.00019862282743051546,0.0023557788514146196
327,327,327,326,963.0001807746419,0.0001274643951093557,8.497626340623714e-05,0.005202874227782155,0.004607512693284965,6.769643946522019e-05,0.00026263940220056696,0.00019862282743051546,0.0023557788514146196
328,328,328,328,963.0000377779711,0.00012763278013147583,8.508852008765055e-05,0.005206715561836881,0.004610319596231395,6.760339651343955e-05,0.00026211142705104745,0.00019829189913374984,0.0023559928830827353
329,329,329,328,963.0000377779711,0.00012763278013147583,8.508852008765055e-05,0.005206715561836881,0.004610319596231395,6.760339651343955e-05,0.00026211142705104745,0.00019829189913374984,0.0023559928830827353
330,330,330,330,962.9992399744621,0.00012781925523450144,8.521283682300096e-05,0.005203244719300213,0.0046084191129894606,6.762881934101184e-05,0.0002625610667998154,0.00019857259065246546,0.002356763151518827
331,331,331,330,962.9992399744621,0.00012781925523450144,8.521283682300096e-05,0.005203244719300213,0.0046084191129894606,6.762881934101184e-05,0.0002625610667998154,0.00019857259065246546,0.002356763151518827
332,332,332,332,962.9991221976372,0.00012798966536264889,8.532644357509926e-05,0.005207086721225137,0.004611213918893176,6.753587253282428e-05,0.0002620362356482991,0.00019824081417681855,0.002356979899854015
333,333,333,332,962.9991221976372,0.00012798966536264889,8.532644357509926e-05,0.005207086721225137,0.004611213918893176,6.753587253282428e-05,0.0002620362356482991,0.00019824081417681855,0.002356979899854015
334,334,334,334,962.9983006448288,0.00012817735107295558,8.545156738197039e-05,0.005203734912469421,0.0046094084546854765,6.756674444828581e-05,0.0002624888177493642,0.0001985260773149089,0.0023577569433408324
335,335,335,334,962.9983006448288,0.00012817735107295558,8.545156738197039e-05,0.005203734912469421,0.0046094084546854765,6.756674444828581e-05,0.0002624888177493642,0.0001985260773149089,0.0023577569433408324
336,336,336,336,962.9982403239641,0.00012834793830795999,8.556529220530665e-05,0.0052075822869677,0.0046121993288042685,6.747377153079603e-05,0.0002619561384165355,0.00019819079209107415,0.0023579835892579386
337,337,337,337,962.9971860855933,0.0001284582990545846,8.563886603638973e-05,0.005205329881169584,0.004610593728338067,6.747739018558851e-05,0.0002622327590313173,0.00019832739610342598,0.0023583939427247675
338,338,338,338,962.9967575108087,0.00012867934806584658,8.578623204389771e-05,0.005208775761795083,0.004613506540509135,6.766114628723591e-05,0.0002624037248695788,0.00019861639963299205,0.0023592159908908793
339,339,339,338,962.9967575108087,0.00012867934806584658,8.578623204389771e-05,0.005208775761795083,0.004613506540509135,6.766114628723591e-05,0.0002624037248695788,0.00019861639963299205,0.0023592159908908793
340,340,340,340,962.9962730523494,0.00012874214219521507,8.582809479681004e-05,0.005209468639026225,0.004613949657892542,6.755471111639239e-05,0.00026215632386220473,0.00019841106174598583,0.002359189262761564
341,341,341,340,962.9962730523494,0.00012874214219521507,8.582809479681004e-05,0.005209468639026225,0.004613949657892542,6.755471111639239e-05,0.00026215632386220473,0.00019841106174598583,0.002359189262761564
342,342,342,342,962.9958755640114,0.00012893033911878793,8.595355941252528e-05,0.0052123070073566745,0.004616467181036831,6.768176024486011e-05,0.00026239969021850124,0.00019859819893506409,0.00236001503724337
343,343,343,342,962.9958755640114,0.00012893033911878793,8.595355941252528e-05,0.0052123070073566745,0.004616467181036831,6.768176024486011e-05,0.00026239969021850124,0.00019859819893506409,0.00236001503724337
344,344,344,344,962.9954475818304,0.00012911414019897705,8.607609346598469e-05,0.005211143850993915,0.00461564540191005,6.75052528985795e-05,0.00026204465319552145,0.000198334037395817,0.0023601849791214766
345,345,345,344,962.9954475818304,0.00012911414019897705,8.607609346598469e-05,0.005211143850993915,0.00461564540191005,6.75052528985795e-05,0.00026204465319552145,0.000198334037395817,0.0023601849791214766
346,346,346,346,962.9951778019642,0.00012930525530838177,8.620350353892117e-05,0.005213783899365806,0.004618252747837452,6.770125569028479e-05,0.0002624870125843892,0.00019865360899845586,0.0023611738357584605
347,347,347,346,962.9951778019642,0.00012930525530838177,8.620350353892117e-05,0.005213783899365806,0.004618252747837452,6.770125569028479e-05,0.0002624870125843892,0.00019865360899845586,0.0023611738357584605
348,348,348,346,962.9951778019642,0.00012930525530838177,8.620350353892117e-05,0.005213783899365806,0.004618252747837452,6.770125569028479e-05,0.0002624870125843892,0.00019865360899845586,0.0023611738357584605
349,349,349,349,962.9946808290022,0.00012937816357830312,8.625210905220207e-05,0.005213670896186153,0.004618069844470498,6.749780313710513e-05,0.00026198313857613025,0.00019835513518075276,0.002360964043832017
350,350,350,349,962.9946808290022,0.00012937816357830312,8.625210905220207e-05,0.005213670896186153,0.004618069844470498,6.749780313710513e-05,0.00026198313857613025,0.00019835513518075276,0.002360964043832017
351,351,351,351,962.994582818766,0.00012943281869426393,8.628854579617595e-05,0.00521195840111685,0.004617250790781066,6.75335730089821e-05,0.0002622697414374439,0.00019852363287446717,0.002361359568526643
352,352,352,351,962.994582818766,0.00012943281869426393,8.628854579617595e-05,0.00521195840111685,0.004617250790781066,6.75335730089821e-05,0.0002622697414374439,0.00019852363287446717,0.002361359568526643
353,353,353,353,962.9942846118098,0.00012954101854087408,8.636067902724939e-05,0.005213880528928295,0.004618592547830657,6.74925252254141e-05,0.0002620035011896605,0.00019835889650604566,0.002361491219278078
354,354,354,353,962.9942846118098,0.00012954101854087408,8.636067902724939e-05,0.005213880528928295,0.004618592547830657,6.74925252254141e-05,0.0002620035011896605,0.00019835889650604566,0.002361491219278078
355,355,355,355,962.9941664881503,0.0001296253655932167,8.641691039547779e-05,0.005212154940117435,0.004617729346478405,6.75023819839693e-05,0.00026223089812914426,0.0001985006030757533,0.0023618647731856283
356,356,356,355,962.9941664881503,0.0001296253655932167,8.641691039547779e-05,0.005212154940117435,0.004617729346478405,6.75023819839693e-05,0.00026223089812914426,0.0001985006030757533,0.0023618647731856283
357,357,357,357,962.9938791054867,0.00012972696298968467,8.648464199312311e-05,0.005214062437221033,0.004619063153944932,6.745651292687505e-05,0.0002619620484342588,0.00019833284007515772,0.0023619915455845198
358,358,358,357,962.9938791054867,0.00012972696298968467,8.648464199312311e-05,0.005214062437221033,0.004619063153944932,6.745651292687505e-05,0.0002619620484342588,0.00019833284007515772,0.0023619915455845198
359,359,359,359,962.9937570489838,0.00012980811503821021,8.653874335880682e-05,0.005212254831149801,0.0046180758257839336,6.746860516729236e-05,0.00026219188684795645,0.00019847512531170897,0.0023623519827365687
360,360,360,359,962.9937570489838,0.00012980811503821021,8.653874335880682e-05,0.005212254831149801,0.0046180758257839336,6.746860516729236e-05,0.00026219188684795645,0.00019847512531170897,0.0023623519827365687
361,361,361,361,962.9934793109211,0.00012990746394145325,8.660497596096883e-05,0.005214156058063507,0.004619429784792571,6.742162030883014e-05,0.0002619217616485186,0.0001983073712460287,0.002362476370115405
362,362,362,361,962.9934793109211,0.00012990746394145325,8.660497596096883e-05,0.005214156058063507,0.004619429784792571,6.742162030883014e-05,0.0002619217616485186,0.0001983073712460287,0.002362476370115405
363,363,363,363,962.9933524856583,0.00012998911062014895,8.665940708009931e-05,0.005212391295920819,0.004618471196749016,6.7434857660649e-05,0.0002621522889527107,0.00019845007198183995,0.002362838001064268
364,364,364,363,962.9933524856583,0.00012998911062014895,8.665940708009931e-05,0.005212391295920819,0.004618471196749016,6.7434857660649e-05,0.0002621522889527107,0.00019845007198183995,0.002362838001064268
365,365,365,365,962.9930853070044,0.00013008470991840437,8.67231399456029e-05,0.005214241143407082,0.00461984216538666,6.73861435283793e-05,0.0002618830176513925,0.00019827806745848636,0.002362983305821751
366,366,366,365,962.9930853070044,0.00013008470991840437,8.67231399456029e-05,0.005214241143407082,0.00461984216538666,6.73861435283793e-05,0.0002618830176513925,0.00019827806745848636,0.002362983305821751
367,367,367,367,962.9929545401153,0.00013017231996215184,8.678154664143456e-05,0.005212690157298902,0.004619047620692381,6.74013385922323e-05,0.00026211226818456006,0.00019842560563945039,0.002363336966548555
368,368,368,367,962.9929545401153,0.00013017231996215184,8.678154664143456e-05,0.005212690157298902,0.004619047620692381,6.74013385922323e-05,0.00026211226818456006,0.00019842560563945039,0.002363336966548555
369,369,369,369,962.9926970181835,0.0001302711286837177,8.684741912247847e-05,0.005214901201254883,0.004620732909934833,6.735360302873028e-05,0.00026183756236648374,0.00019825732214233394,0.0023634856077330386
370,370,370,369,962.9926970181835,0.0001302711286837177,8.684741912247847e-05,0.005214901201254883,0.004620732909934833,6.735360302873028e-05,0.00026183756236648374,0.00019825732214233394,0.0023634856077330386
371,371,371,371,962.992561532323,0.00013035151828902358,8.69010121926824e-05,0.005212847899951928,0.004619458390900754,6.736730427570059e-05,0.00026207275603711645,0.00019840024670345763,0.0023638200099327504
372,372,372,371,962.992561532323,0.00013035151828902358,8.69010121926824e-05,0.005212847899951928,0.004619458390900754,6.736730427570059e-05,0.00026207275603711645,0.00019840024670345763,0.0023638200099327504
373,373,373,373,962.9923141514931,0.00013045231829583726,8.696821219722484e-05,0.005215054575429519,0.004621136792728051,6.731889661182322e-05,0.0002617983197203408,0.00019823176217856342,0.002363970077045572
374,374,374,373,962.9923141514931,0.00013045231829583726,8.696821219722484e-05,0.005215054575429519,0.004621136792728051,6.731889661182322e-05,0.0002617983197203408,0.00019823176217856342,0.002363970077045572
375,375,375,375,962.9921742958063,0.00013053326148834699,8.702217432556467e-05,0.0052131575993827756,0.004620032135543516,6.733379710509996e-05,0.0002620337541981388,0.00019837604849835128,0.0023643154994671027
376,376,376,375,962.9921742958063,0.00013053326148834699,8.702217432556467e-05,0.0052131575993827756,0.004620032135543516,6.733379710509996e-05,0.0002620337541981388,0.00019837604849835128,0.0023643154994671027
377,377,377,377,962.9919370257977,0.0001306301734466664,8.708678229777758e-05,0.00521526806879062,0.0046216199642819585,6.728553576265672e-05,0.0002617604221320066,0.00019820771225657202,0.0023644612436933905
378,378,378,377,962.9919370257977,0.0001306301734466664,8.708678229777758e-05,0.00521526806879062,0.0046216199642819585,6.728553576265672e-05,0.0002617604221320066,0.00019820771225657202,0.0023644612436933905
379,379,379,379,962.9917918962767,0.00013071203162659528,8.714135441773019e-05,0.005213212120100549,0.0046203339184290445,6.730085811521014e-05,0.00026199631841783574,0.00019835070311609998,0.002364783655106672
380,380,380,379,962.9917918962767,0.00013071203162659528,8.714135441773019e-05,0.005213212120100549,0.0046203339184290445,6.730085811521014e-05,0.00026199631841783574,0.00019835070311609998,0.002364783655106672
381,381,381,381,962.99156530202,0.00013080779217153338,8.720519478102226e-05,0.005215251315107877,0.004621844616394685,6.725189854610292e-05,0.00026172494697587615,0.00019818213704066862,0.0023649247289619386
382,382,382,381,962.99156530202,0.00013080779217153338,8.720519478102226e-05,0.005215251315107877,0.004621844616394685,6.725189854610292e-05,0.00026172494697587615,0.00019818213704066862,0.0023649247289619386
383,383,383,383,962.9914157249398,0.0001308955958733704,8.726373058224693e-05,0.00521360154775893,0.0046209864282860825,6.726764396769447e-05,0.0002619544541537842,0.00019832639311979233,0.0023652845838969317
384,384,384,383,962.9914157249398,0.0001308955958733704,8.726373058224693e-05,0.00521360154775893,0.0046209864282860825,6.726764396769447e-05,0.0002619544541537842,0.00019832639311979233,0.0023652845838969317
385,385,385,385,962.9911993741325,0.00013099616337561293,8.733077558374194e-05,0.005215790822264939,0.0046226480088639365,6.721864906433089e-05,0.0002616769577194776,0.0001981557240024745,0.0023654401944013365
386,386,386,385,962.9911993741325,0.00013099616337561293,8.733077558374194e-05,0.005215790822264939,0.0046226480088639365,6.721864906433089e-05,0.0002616769577194776,0.0001981557240024745,0.0023654401944013365
387,387,387,387,962.9910448334724,0.00013107333782122477,8.738222521414984e-05,0.005213788648330488,0.004621427027296836,6.723367988735462e-05,0.0002619145501788526,0.00019830025824398717,0.0023657628578985677
388,388,388,387,962.9910448334724,0.00013107333782122477,8.738222521414984e-05,0.005213788648330488,0.004621427027296836,6.723367988735462e-05,0.0002619145501788526,0.00019830025824398717,0.0023657628578985677
389,389,389,389,962.9908389097125,0.00013117728037215226,8.745152024810152e-05,0.005215974552347639,0.004623085592026132,6.718500793823773e-05,0.00026163906628220285,0.0001981313773143506,0.0023659198652962493
390,390,390,389,962.9908389097125,0.00013117728037215226,8.745152024810152e-05,0.005215974552347639,0.004623085592026132,6.718500793823773e-05,0.00026163906628220285,0.0001981313773143506,0.0023659198652962493
391,391,391,391,962.9906795173465,0.0001312555065391685,8.750367102611234e-05,0.005213963711186359,0.004621839703235622,6.719957296848211e-05,0.00026187649148003963,0.000198275232620726,0.002366248591851688
392,392,392,391,962.9906795173465,0.0001312555065391685,8.750367102611234e-05,0.005213963711186359,0.004621839703235622,6.719957296848211e-05,0.00026187649148003963,0.000198275232620726,0.002366248591851688
393,393,393,393,962.9904813364262,0.00013135156787685842,8.756771191790562e-05,0.005216069616541734,0.004623468174755925,6.714970026705513e-05,0.00026161428530104214,0.00019810530982718177,0.0023663888201749966
394,394,394,393,962.9904813364262,0.00013135156787685842,8.756771191790562e-05,0.005216069616541734,0.004623468174755925,6.714970026705513e-05,0.00026161428530104214,0.00019810530982718177,0.0023663888201749966
395,395,395,395,962.9903223329983,0.0001314375709103588,8.762504727357254e-05,0.005214165675160795,0.004622302651622568,6.716721534581749e-05,0.0002618394869156063,0.00019825143240038978,0.002366728419796223
396,396,396,395,962.9903223329983,0.0001314375709103588,8.762504727357254e-05,0.005214165675160795,0.004622302651622568,6.716721534581749e-05,0.0002618394869156063,0.00019825143240038978,0.002366728419796223
397,397,397,397,962.9901315068087,0.00013154013785524055,8.769342523682702e-05,0.005216304911921379,0.004623928048599531,6.711798493292537e-05,0.00026156428690574763,0.00019808079880859197,0.002366892855262453
398,398,398,397,962.9901315068087,0.00013154013785524055,8.769342523682702e-05,0.005216304911921379,0.004623928048599531,6.711798493292537e-05,0.00026156428690574763,0.00019808079880859197,0.002366892855262453
399,399,399,399,962.9899683384665,0.00013161883069620628,8.77458871308042e-05,0.005214395620528531,0.004622777918569784,6.713333768108148e-05,0.00026179800493122073,0.0001982252882907834,0.0023672134668152062
400,400,400,399,962.9899683384665,0.00013161883069620628,8.77458871308042e-05,0.005214395620528531,0.004622777918569784,6.713333768108148e-05,0.00026179800493122073,0.0001982252882907834,0.0023672134668152062
401,401,401,401,962.9897868364446,0.00013172021478602414,8.78134765240161e-05,0.0052165466330176095,0.004624422883276242,6.708591521881191e-05,0.00026152601596305395,0.00019805838458417796,0.002367364385415241
402,402,402,401,962.9897868364446,0.00013172021478602414,8.78134765240161e-05,0.0052165466330176095,0.004624422883276242,6.708591521881191e-05,0.00026152601596305395,0.00019805838458417796,0.002367364385415241
403,403,403,403,962.989619804192,0.00013179444389666006,8.786296259777338e-05,0.0052146344209302855,0.004623263499737654,6.709966521305927e-05,0.00026176092454579657,0.00019820063161173074,0.002367686628529499
404,404,404,403,962.989619804192,0.00013179444389666006,8.786296259777338e-05,0.0052146344209302855,0.004623263499737654,6.709966521305927e-05,0.00026176092454579657,0.00019820063161173074,0.002367686628529499
405,405,405,405,962.9894475625777,0.0001318987660768045,8.793251071786967e-05,0.005216815403918512,0.0046249166650997,6.705161907159807e-05,0.00026148344903075883,0.00019802957004223798,0.0023678367635957785
406,406,406,405,962.9894475625777,0.0001318987660768045,8.793251071786967e-05,0.005216815403918512,0.0046249166650997,6.705161907159807e-05,0.00026148344903075883,0.00019802957004223798,0.0023678367635957785
407,407,407,407,962.9892766867911,0.0001319752555628273,8.798350370855154e-05,0.005214876822727733,0.004623750244861655,6.706510721898873e-05,0.00026172019758366634,0.00019817391159492742,0.0023681628293769985
408,408,408,407,962.9892766867911,0.0001319752555628273,8.798350370855154e-05,0.005214876822727733,0.004623750244861655,6.706510721898873e-05,0.00026172019758366634,0.00019817391159492742,0.0023681628293769985
409,409,409,409,962.9891136512167,0.00013208165020126006,8.80544334675067e-05,0.005217105669833516,0.004625446394521598,6.701721359075874e-05,0.00026144284685254834,0.00019800394411745997,0.002368324178164285
410,410,410,409,962.9891136512167,0.00013208165020126006,8.80544334675067e-05,0.005217105669833516,0.004625446394521598,6.701721359075874e-05,0.00026144284685254834,0.00019800394411745997,0.002368324178164285
411,411,411,411,962.988939255903,0.0001321562569848722,8.810417132324813e-05,0.005214991891653131,0.004624110199459583,6.703301369025833e-05,0.000261685947775718,0.00019815072185504906,0.0023686370346512374
412,412,412,411,962.988939255903,0.0001321562569848722,8.810417132324813e-05,0.005214991891653131,0.004624110199459583,6.703301369025833e-05,0.000261685947775718,0.00019815072185504906,0.0023686370346512374
413,413,413,413,962.9887850863417,0.00013226303723953836,8.817535815969224e-05,0.005217158242600605,0.004625749200568846,6.698362983090234e-05,0.00026140646370181094,0.00019797896253409553,0.0023687948189362444
414,414,414,413,962.9887850863417,0.00013226303723953836,8.817535815969224e-05,0.005217158242600605,0.004625749200568846,6.698362983090234e-05,0.00026140646370181094,0.00019797896253409553,0.0023687948189362444
415,415,415,415,962.9886066210488,0.0001323326048137674,8.822173654251161e-05,0.005215347423625176,0.004624707663836164,6.699829850825845e-05,0.000261643703180429,0.00019812532363891466,0.002369107886535486
416,416,416,415,962.9886066210488,0.0001323326048137674,8.822173654251161e-05,0.005215347423625176,0.004624707663836164,6.699829850825845e-05,0.000261643703180429,0.00019812532363891466,0.002369107886535486
417,417,417,417,962.9884619140119,0.00013243417067479446,8.828944711652964e-05,0.00521746226968917,0.0046262908524827735,6.695251876511626e-05,0.0002613702938245702,0.00019795561789768407,0.0023692510027837413
418,418,418,417,962.9884619140119,0.00013243417067479446,8.828944711652964e-05,0.00521746226968917,0.0046262908524827735,6.695251876511626e-05,0.0002613702938245702,0.00019795561789768407,0.0023692510027837413
419,419,419,419,962.988278421644,0.00013246232364708121,8.830821576472081e-05,0.005215512722505314,0.004625045338316803,6.697922496642916e-05,0.0002616222226393244,0.0001981075843899699,0.0023693568188512936
420,420,420,419,962.988278421644,0.00013246232364708121,8.830821576472081e-05,0.005215512722505314,0.004625045338316803,6.697922496642916e-05,0.0002616222226393244,0.0001981075843899699,0.0023693568188512936
421,421,421,421,962.9881429742181,0.00013254926549369217,8.836617699579477e-05,0.005217775270971417,0.004626707225744687,6.694806255078123e-05,0.00026135799598080877,0.0001979420527123757,0.0023693623538496023
422,422,422,421,962.9881429742181,0.00013254926549369217,8.836617699579477e-05,0.005217775270971417,0.004626707225744687,6.694806255078123e-05,0.00026135799598080877,0.0001979420527123757,0.0023693623538496023
423,423,423,423,962.9879530209921,0.00013254816365634858,8.836544243756572e-05,0.0052158421726929,0.004625525747610344,6.6971867389444e-05,0.00026161295661711597,0.000198097682439273,0.0023694093972448987
424,424,424,423,962.9879530209921,0.00013254816365634858,8.836544243756572e-05,0.0052158421726929,0.004625525747610344,6.6971867389444e-05,0.00026161295661711597,0.000198097682439273,0.0023694093972448987
425,425,425,425,962.9878243374422,0.00013264120313175032,8.842746875450022e-05,0.005217898096266461,0.004626955392444937,6.694373237793594e-05,0.0002613528302333916,0.00019793179897745206,0.0023694163527712003
426,426,426,425,962.9878243374422,0.00013264120313175032,8.842746875450022e-05,0.005217898096266461,0.004626955392444937,6.694373237793594e-05,0.0002613528302333916,0.00019793179897745206,0.0023694163527712003
427,427,427,427,962.9876314311209,0.00013263659344533996,8.842439563022664e-05,0.00521602004587917,0.004625851741313993,6.696504711811713e-05,0.00026160591291539794,0.00019808795088383652,0.0023694569846170635
428,428,428,427,962.9876314311209,0.00013263659344533996,8.842439563022664e-05,0.00521602004587917,0.004625851741313993,6.696504711811713e-05,0.00026160591291539794,0.00019808795088383652,0.0023694569846170635
429,429,429,429,962.9875095336919,0.00013273079985953729,8.848719990635819e-05,0.005217979358221811,0.004627172156279873,6.693878522685132e-05,0.00026134631950394064,0.00019792326144506267,0.0023694328801971893
430,430,430,429,962.9875095336919,0.00013273079985953729,8.848719990635819e-05,0.005217979358221811,0.004627172156279873,6.693878522685132e-05,0.00026134631950394064,0.00019792326144506267,0.0023694328801971893
431,431,431,431,962.9873113982165,0.00013273082131409764,8.848721420939842e-05,0.005216145154071268,0.004626151808480997,6.695901997139792e-05,0.000261593500455851,0.00019807893631876294,0.0023695088099186926
432,432,432,431,962.9873113982165,0.00013273082131409764,8.848721420939842e-05,0.005216145154071268,0.004626151808480997,6.695901997139792e-05,0.000261593500455851,0.00019807893631876294,0.0023695088099186926
433,433,433,433,962.9871871923783,0.00013281856583818863,8.854571055879243e-05,0.005217652489298727,0.004627012800007536,6.693054490276157e-05,0.00026134289615504586,0.00019791206966805752,0.0023694600182660513
434,434,434,433,962.9871871923783,0.00013281856583818863,8.854571055879243e-05,0.005217652489298727,0.004627012800007536,6.693054490276157e-05,0.00026134289615504586,0.00019791206966805752,0.0023694600182660513
435,435,435,435,962.98700195289,0.00013283063760985425,8.85537584065695e-05,0.005216202310480529,0.004626385870487003,6.69521520609076e-05,0.0002615872363404621,0.00019806888481609108,0.0023695591175445915
436,436,436,435,962.98700195289,0.00013283063760985425,8.85537584065695e-05,0.005216202310480529,0.004626385870487003,6.69521520609076e-05,0.0002615872363404621,0.00019806888481609108,0.0023695591175445915
437,437,437,437,962.9868774647625,0.00013291720449537525,8.861146966358349e-05,0.005218203595582868,0.00462775006774205,6.69232539239617e-05,0.00026132684217293587,0.00019790425908856185,0.0023695199157059248
438,438,438,437,962.9868774647625,0.00013291720449537525,8.861146966358349e-05,0.005218203595582868,0.00462775006774205,6.69232539239617e-05,0.00026132684217293587,0.00019790425908856185,0.0023695199157059248
439,439,439,439,962.9866864049993,0.00013293767874270057,8.862511916180038e-05,0.0052161622037861545,0.004626563077946626,6.694690079121768e-05,0.000261580495285919,0.00019805934706518952,0.0023696238057387764
440,440,440,439,962.9866864049993,0.00013293767874270057,8.862511916180038e-05,0.0052161622037861545,0.004626563077946626,6.694690079121768e-05,0.000261580495285919,0.00019805934706518952,0.0023696238057387764
441,441,441,441,962.9865695855333,0.00013300960503453974,8.867307002302649e-05,0.005218056467997141,0.0046277957588799,6.691602605759378e-05,0.00026131964243998455,0.00019789463724182582,0.0023695550061153528
442,442,442,441,962.9865695855333,0.00013300960503453974,8.867307002302649e-05,0.005218056467997141,0.0046277957588799,6.691602605759378e-05,0.00026131964243998455,0.00019789463724182582,0.0023695550061153528
443,443,443,443,962.9863733238647,0.00013304023411592203,8.86934894106147e-05,0.005216169922142994,0.004626738114622718,6.694111151155785e-05,0.0002615724943028952,0.00019804941213747568,0.0023696751221438644
444,444,444,443,962.9863733238647,0.00013304023411592203,8.86934894106147e-05,0.005216169922142994,0.004626738114622718,6.694111151155785e-05,0.0002615724943028952,0.00019804941213747568,0.0023696751221438644
445,445,445,445,962.9862642474463,0.00013311260340470588,8.874173560313725e-05,0.0052181543430861255,0.004628104607877752,6.690924438947088e-05,0.00026131069352107835,0.00019788575945552805,0.0023696225761607737
446,446,446,445,962.9862642474463,0.00013311260340470588,8.874173560313725e-05,0.0052181543430861255,0.004628104607877752,6.690924438947088e-05,0.00026131069352107835,0.00019788575945552805,0.0023696225761607737
447,447,447,447,962.9860623888651,0.00013314523400723144,8.876348933815428e-05,0.00521628335655418,0.004627046834793591,6.693436806411157e-05,0.0002615601486618475,0.00019803971297108897,0.0023697487216988553
448,448,448,447,962.9860623888651,0.00013314523400723144,8.876348933815428e-05,0.00521628335655418,0.004627046834793591,6.693436806411157e-05,0.0002615601486618475,0.00019803971297108897,0.0023697487216988553
449,449,449,449,962.9859604489031,0.00013320886604309412,8.880591069539609e-05,0.005218297512314639,0.00462844313890925,6.690191672122786e-05,0.00026130059435862743,0.00019787701178531486,0.0023696722417485376
450,450,450,449,962.9859604489031,0.00013320886604309412,8.880591069539609e-05,0.005218297512314639,0.00462844313890925,6.690191672122786e-05,0.00026130059435862743,0.00019787701178531486,0.0023696722417485376
451,451,451,451,962.9857525307268,0.0001332487896275325,8.883252641835501e-05,0.005216242221979102,0.004627180774402168,6.692941180096168e-05,0.00026155547988362563,0.0001980316099235227,0.0023698050135660944
452,452,452,451,962.9857525307268,0.0001332487896275325,8.883252641835501e-05,0.005216242221979102,0.004627180774402168,6.692941180096168e-05,0.00026155547988362563,0.0001980316099235227,0.0023698050135660944
453,453,453,453,962.9856596338749,0.00013330530777724836,8.887020518483224e-05,0.005218524340337829,0.004628875395065846,6.689411016347346e-05,0.0002612896428195037,0.00019786903489481256,0.002369731325936527
454,454,454,453,962.9856596338749,0.00013330530777724836,8.887020518483224e-05,0.005218524340337829,0.004628875395065846,6.689411016347346e-05,0.0002612896428195037,0.00019786903489481256,0.002369731325936527
455,455,455,455,962.9854455746058,0.00013335233573091854,8.89015571539457e-05,0.005216408046075157,0.0046275155802578865,6.692335091454393e-05,0.00026154709864548815,0.00019802517419884036,0.0023698751864152288
456,456,456,455,962.9854455746058,0.00013335233573091854,8.89015571539457e-05,0.005216408046075157,0.0046275155802578865,6.692335091454393e-05,0.00026154709864548815,0.00019802517419884036,0.0023698751864152288
457,457,457,457,962.9853607298095,0.00013340235308850756,8.893490205900503e-05,0.005218656717189058,0.00462918233622005,6.688964042391582e-05,0.0002612840800887666,0.00019786640758552576,0.0023697921263147966
458,458,458,457,962.9853607298095,0.00013340235308850756,8.893490205900503e-05,0.005218656717189058,0.00462918233622005,6.688964042391582e-05,0.0002612840800887666,0.00019786640758552576,0.0023697921263147966
459,459,459,459,962.9851402398943,0.00013345079257856551,8.896719505237702e-05,0.00521647694856062,0.004627765709221571,6.692252190632769e-05,0.0002615487080122361,0.00019802903416333423,0.0023699333325159612
460,460,460,459,962.9851402398943,0.00013345079257856551,8.896719505237702e-05,0.00521647694856062,0.004627765709221571,6.692252190632769e-05,0.0002615487080122361,0.00019802903416333423,0.0023699333325159612
461,461,461,461,962.9850634512659,0.0001334921416288326,8.89947610858884e-05,0.005218490127081356,0.004629184608211602,6.688634187954068e-05,0.0002612947038047999,0.00019787291960347148,0.0023698219085995795
462,462,462,461,962.9850634512659,0.0001334921416288326,8.89947610858884e-05,0.005218490127081356,0.004629184608211602,6.688634187954068e-05,0.0002612947038047999,0.00019787291960347148,0.0023698219085995795
463,463,463,463,962.9848374177791,0.00013354239321103356,8.902826214068904e-05,0.005216518009144085,0.004627962401632783,6.692319170822913e-05,0.0002615610296186435,0.0001980408534511119,0.002369985654305245
464,464,464,463,962.9848374177791,0.00013354239321103356,8.902826214068904e-05,0.005216518009144085,0.004627962401632783,6.692319170822913e-05,0.0002615610296186435,0.0001980408534511119,0.002369985654305245
465,465,465,465,962.9847685229081,0.0001335905227741463,8.906034851609754e-05,0.005218747028538843,0.00462959998396772,6.688876297979846e-05,0.00026130776278206165,0.00019788777773030453,0.0023699005959332787
466,466,466,465,962.9847685229081,0.0001335905227741463,8.906034851609754e-05,0.005218747028538843,0.00462959998396772,6.688876297979846e-05,0.00026130776278206165,0.00019788777773030453,0.0023699005959332787
467,467,467,467,962.9845362152571,0.0001336250753777024,8.908338358513493e-05,0.005216633041795538,0.004628219229799783,6.692727025144063e-05,0.000261581160470246,0.00019806095691248665,0.002370010771713205
468,468,468,467,962.9845362152571,0.0001336250753777024,8.908338358513493e-05,0.005216633041795538,0.004628219229799783,6.692727025144063e-05,0.000261581160470246,0.00019806095691248665,0.002370010771713205
469,469,469,469,962.9844690321597,0.00013367255092630592,8.911503395087061e-05,0.005218754494743353,0.004629747597322269,6.689055912421915e-05,0.00026133020158561966,0.00019790618622445022,0.0023699133664500335
470,470,470,469,962.9844690321597,0.00013367255092630592,8.911503395087061e-05,0.005218754494743353,0.004629747597322269,6.689055912421915e-05,0.00026133020158561966,0.00019790618622445022,0.0023699133664500335
471,471,471,471,962.9842401342944,0.00013371546926305156,8.91436461753677e-05,0.005216771143874789,0.004628497203374807,6.693440663546601e-05,0.0002616064367806446,0.00019808606313040378,0.0023700625815525206
472,472,472,471,962.9842401342944,0.00013371546926305156,8.91436461753677e-05,0.005216771143874789,0.004628497203374807,6.693440663546601e-05,0.0002616064367806446,0.00019808606313040378,0.0023700625815525206
473,473,473,473,962.9841783724321,0.00013376376138418689,8.917584092279125e-05,0.00521894008740052,0.0046300937478924485,6.689395227951755e-05,0.0002613460970060042,0.00019792852806195527,0.0023699982250371043
474,474,474,473,962.9841783724321,0.00013376376138418689,8.917584092279125e-05,0.00521894008740052,0.0046300937478924485,6.689395227951755e-05,0.0002613460970060042,0.00019792852806195527,0.0023699982250371043
475,475,475,475,962.9839430632726,0.00013379818483891248,8.919878989260832e-05,0.005216778881679619,0.004628647912442415,6.692814872163305e-05,0.000261606393830101,0.00019808361657967094,0.0023700950738607222
476,476,476,475,962.9839430632726,0.00013379818483891248,8.919878989260832e-05,0.005216778881679619,0.004628647912442415,6.692814872163305e-05,0.000261606393830101,0.00019808361657967094,0.0023700950738607222
477,477,477,477,962.9838893671733,0.00013384359147203262,8.922906098135508e-05,0.0052189195323329935,0.004630210153587069,6.688838960861032e-05,0.00026134047235443274,0.00019791976552590435,0.002370006075616142
478,478,478,477,962.9838893671733,0.00013384359147203262,8.922906098135508e-05,0.0052189195323329935,0.004630210153587069,6.688838960861032e-05,0.00026134047235443274,0.00019791976552590435,0.002370006075616142
479,479,479,479,962.9836484063462,0.0001338975116341179,8.92650077560786e-05,0.005216872618626891,0.004628892390823886,6.692178838856033e-05,0.0002615960344101679,0.00019807259906350072,0.002370165894557543
480,480,480,479,962.9836484063462,0.0001338975116341179,8.92650077560786e-05,0.005216872618626891,0.004628892390823886,6.692178838856033e-05,0.0002615960344101679,0.00019807259906350072,0.002370165894557543
481,481,481,481,962.9836017416825,0.00013392419079333306,8.928279386222204e-05,0.005219192210064409,0.004630617369438111,6.688736727341466e-05,0.00026134071607292637,0.00019791587139197236,0.0023700609896516755
482,482,482,481,962.9836017416825,0.00013392419079333306,8.928279386222204e-05,0.005219192210064409,0.004630617369438111,6.688736727341466e-05,0.00026134071607292637,0.00019791587139197236,0.0023700609896516755
483,483,483,483,962.983355998778,0.0001339713521637531,8.931423477583542e-05,0.005217131198996058,0.004629272278694006,6.691638242798531e-05,0.00026158847901535786,0.00019806641714745915,0.002370214358629457
484,484,484,483,962.983355998778,0.0001339713521637531,8.931423477583542e-05,0.005217131198996058,0.004629272278694006,6.691638242798531e-05,0.00026158847901535786,0.00019806641714745915,0.002370214358629457
485,485,485,485,962.9833166040817,0.00013400724183904034,8.933816122602689e-05,0.005219362295338085,0.004630872754834113,6.688043362328144e-05,0.0002613204445738083,0.00019790250436579893,0.0023701666974398922
486,486,486,485,962.9833166040817,0.00013400724183904034,8.933816122602689e-05,0.005219362295338085,0.004630872754834113,6.688043362328144e-05,0.0002613204445738083,0.00019790250436579893,0.0023701666974398922
487,487,487,487,962.9830642842725,0.00013404160251301311,8.936106834200874e-05,0.005217292754357232,0.004629520086324413,6.691125966283573e-05,0.0002615764414399057,0.00019805739687542984,0.0023703029658105287
488,488,488,487,962.9830642842725,0.00013404160251301311,8.936106834200874e-05,0.005217292754357232,0.004629520086324413,6.691125966283573e-05,0.0002615764414399057,0.00019805739687542984,0.0023703029658105287
489,489,489,489,962.9830316794007,0.00013408598647637882,8.939065765091922e-05,0.005219488220470399,0.004631090020919292,6.687554655723793e-05,0.0002613125731295975,0.00019789414852034587,0.0023702628838437175
490,490,490,489,962.9830316794007,0.00013408598647637882,8.939065765091922e-05,0.005219488220470399,0.004631090020919292,6.687554655723793e-05,0.0002613125731295975,0.00019789414852034587,0.0023702628838437175
491,491,491,491,962.9827742360239,0.00013411407125335506,8.940938083557004e-05,0.0052175517838996726,0.004629866686138142,6.690539030479448e-05,0.00026156366212779387,0.00019804678658045388,0.002370402959444134
492,492,492,491,962.9827742360239,0.00013411407125335506,8.940938083557004e-05,0.0052175517838996726,0.004629866686138142,6.690539030479448e-05,0.00026156366212779387,0.00019804678658045388,0.002370402959444134
493,493,493,493,962.9827477564822,0.0001341511269746798,8.943408464978653e-05,0.0052197856378279435,0.004631389331195282,6.686409818438405e-05,0.00026129274163861965,0.00019787718603751087,0.00237040428590543
494,494,494,494,962.9824568691627,0.0001341535442379027,8.943569615860181e-05,0.005218440356460174,0.0046303996740274635,6.688502750253761e-05,0.00026145819320247865,0.0001979621913221971,0.002370431488033105
495,495,495,495,962.9824274345196,0.00013419893023497442,8.946595348998296e-05,0.0052180809068967495,0.004630368997563309,6.696494496601785e-05,0.00026164878539454493,0.00019809541273064363,0.0023705551918778655
496,496,496,495,962.9824274345196,0.00013419893023497442,8.946595348998296e-05,0.0052180809068967495,0.004630368997563309,6.696494496601785e-05,0.00026164878539454493,0.00019809541273064363,0.0023705551918778655
497,497,497,497,962.9822527957069,0.00013422765041384843,8.948510027589895e-05,0.005219893618653603,0.0046318322786590965,6.686386927495097e-05,0.00026131090695718254,0.00019788931272058524,0.002370511708301879
498,498,498,497,962.9822527957069,0.00013422765041384843,8.948510027589895e-05,0.005219893618653603,0.0046318322786590965,6.686386927495097e-05,0.00026131090695718254,0.00019788931272058524,0.002370511708301879
499,499,499,499,962.9821446623718,0.00013427110746022652,8.951407164015102e-05,0.005218307763874694,0.004630845528260017,6.693993561775885e-05,0.0002616257742845446,0.00019806953186288223,0.002370750730179912
500,500,500,499,962.9821446623718,0.00013427110746022652,8.951407164015102e-05,0.005218307763874694,0.004630845528260017,6.693993561775885e-05,0.0002616257742845446,0.00019806953186288223,0.002370750730179912
501,501,501,501,962.9819912132122,0.0001343061043335425,8.953740288902834e-05,0.005220440665253875,0.004632427541435705,6.688595254406016e-05,0.0002613345924399222,0.00019789820352713455,0.0023707674483671223
502,502,502,501,962.9819912132122,0.0001343061043335425,8.953740288902834e-05,0.005220440665253875,0.004632427541435705,6.688595254406016e-05,0.0002613345924399222,0.00019789820352713455,0.0023707674483671223
503,503,503,503,962.981860053312,0.00013432550517622488,8.955033678414992e-05,0.0052184192197704295,0.004631119052160569,6.691782271751878e-05,0.0002615878758519629,0.0001980484932237389,0.002370840194506566
504,504,504,503,962.981860053312,0.00013432550517622488,8.955033678414992e-05,0.0052184192197704295,0.004631119052160569,6.691782271751878e-05,0.0002615878758519629,0.0001980484932237389,0.002370840194506566
505,505,505,505,962.9817072951038,0.000134358320224931,8.957221348328734e-05,0.005220580871279374,0.004632552926561836,6.688083167468578e-05,0.00026132218446485596,0.00019788327404177825,0.00237082624310192
506,506,506,505,962.9817072951038,0.000134358320224931,8.957221348328734e-05,0.005220580871279374,0.004632552926561836,6.688083167468578e-05,0.00026132218446485596,0.00019788327404177825,0.00237082624310192
507,507,507,507,962.9815699870198,0.00013437899451576585,8.95859963438439e-05,0.00521859269152532,0.004631303682448963,6.69143904129324e-05,0.00026157905443197445,0.0001980408887437765,0.0023708948319177223
508,508,508,507,962.9815699870198,0.00013437899451576585,8.95859963438439e-05,0.00521859269152532,0.004631303682448963,6.69143904129324e-05,0.00026157905443197445,0.0001980408887437765,0.0023708948319177223
509,509,509,509,962.9814246963886,0.00013442250685963275,8.96150045730885e-05,0.005220777861613517,0.004632827301551235,6.687387103578718e-05,0.0002613104622249971,0.00019787797756160713,0.0023709617975749826
510,510,510,509,962.9814246963886,0.00013442250685963275,8.96150045730885e-05,0.005220777861613517,0.004632827301551235,6.687387103578718e-05,0.0002613104622249971,0.00019787797756160713,0.0023709617975749826
511,511,511,511,962.9812799693757,0.00013443913319791112,8.962608879860742e-05,0.005218751177868159,0.004631530500678777,6.690375804357246e-05,0.00026156168518839495,0.00019802925227532103,0.002371028253554948
512,512,512,511,962.9812799693757,0.00013443913319791112,8.962608879860742e-05,0.005218751177868159,0.004631530500678777,6.690375804357246e-05,0.00026156168518839495,0.00019802925227532103,0.002371028253554948
513,513,513,513,962.9811430620691,0.00013447290437546,8.964860291697332e-05,0.005220945500338046,0.0046330771579117915,6.687121413073704e-05,0.00026130023876335306,0.00019786897800457004,0.0023710246756076924
514,514,514,513,962.9811430620691,0.00013447290437546,8.964860291697332e-05,0.005220945500338046,0.0046330771579117915,6.687121413073704e-05,0.00026130023876335306,0.00019786897800457004,0.0023710246756076924
515,515,515,515,962.980991024767,0.00013448834351320604,8.96588956754707e-05,0.005218977962746413,0.0046317465707525415,6.690960411397107e-05,0.00026155348523497057,0.0001980216798995113,0.002371090267206193
516,516,516,515,962.980991024767,0.00013448834351320604,8.96588956754707e-05,0.005218977962746413,0.0046317465707525415,6.690960411397107e-05,0.00026155348523497057,0.0001980216798995113,0.002371090267206193
517,517,517,517,962.9808620333367,0.00013452348269660241,8.968232179773494e-05,0.005221177562711315,0.00463337490099194,6.686255556678788e-05,0.0002612848973757634,0.00019785927183080948,0.0023711301878652467
518,518,518,517,962.9808620333367,0.00013452348269660241,8.968232179773494e-05,0.005221177562711315,0.00463337490099194,6.686255556678788e-05,0.0002612848973757634,0.00019785927183080948,0.0023711301878652467
519,519,519,519,962.9807026031056,0.00013454267761811578,8.96951184120772e-05,0.005219212389209311,0.004632141234141519,6.689281546441717e-05,0.00026153260317799093,0.0001980126745082869,0.0023712208924037475
520,520,520,519,962.9807026031056,0.00013454267761811578,8.96951184120772e-05,0.005219212389209311,0.004632141234141519,6.689281546441717e-05,0.00026153260317799093,0.0001980126745082869,0.0023712208924037475
521,521,521,521,962.9805814670287,0.0001345687259283468,8.971248395223119e-05,0.005221320870390585,0.004633592677533108,6.685545969391943e-05,0.00026127047472164803,0.00019784831780587236,0.002371220979675515
522,522,522,521,962.9805814670287,0.0001345687259283468,8.971248395223119e-05,0.005221320870390585,0.004633592677533108,6.685545969391943e-05,0.00026127047472164803,0.00019784831780587236,0.002371220979675515
523,523,523,523,962.9804148270916,0.00013459121876752134,8.972747917834756e-05,0.005219397991527894,0.004632390439087536,6.688760571066377e-05,0.00026152619388363315,0.00019800405839005136,0.0023713118909429657
524,524,524,523,962.9804148270916,0.00013459121876752134,8.972747917834756e-05,0.005219397991527894,0.004632390439087536,6.688760571066377e-05,0.00026152619388363315,0.00019800405839005136,0.0023713118909429657
525,525,525,525,962.9803013742836,0.00013463633073448888,8.975755382299258e-05,0.0052213907603327865,0.004633749206932688,6.685100639877012e-05,0.0002612646630281069,0.00019783961608640238,0.002371324740522996
526,526,526,525,962.9803013742836,0.00013463633073448888,8.975755382299258e-05,0.0052213907603327865,0.004633749206932688,6.685100639877012e-05,0.0002612646630281069,0.00019783961608640238,0.002371324740522996
527,527,527,527,962.9801281356226,0.00013465546111798843,8.97703074119923e-05,0.00521951552184089,0.004632606634679767,6.687850399436646e-05,0.0002615138194320087,0.0001979941598091381,0.002371407990028102
528,528,528,527,962.9801281356226,0.00013465546111798843,8.97703074119923e-05,0.00521951552184089,0.004632606634679767,6.687850399436646e-05,0.0002615138194320087,0.0001979941598091381,0.002371407990028102
529,529,529,529,962.9800225167362,0.00013469225632423143,8.979483754948762e-05,0.005221720697035889,0.004634154115632437,6.684281549433624e-05,0.0002612422741506856,0.00019783087698714563,0.0023714497244408865
530,530,530,529,962.9800225167362,0.00013469225632423143,8.979483754948762e-05,0.005221720697035889,0.004634154115632437,6.684281549433624e-05,0.0002612422741506856,0.00019783087698714563,0.0023714497244408865
531,531,531,531,962.9798416632364,0.00013471074776405523,8.980716517603682e-05,0.005219757593859693,0.004632914229049427,6.687468163547872e-05,0.00026149703359508897,0.0001979849196123845,0.002371524268654729
532,532,532,531,962.9798416632364,0.00013471074776405523,8.980716517603682e-05,0.005219757593859693,0.004632914229049427,6.687468163547872e-05,0.00026149703359508897,0.0001979849196123845,0.002371524268654729
533,533,533,533,962.9797443795651,0.00013473627067303595,8.982418044869064e-05,0.005221777842428617,0.004634324414370006,6.683329461502213e-05,0.00026122604404086664,0.00019781382032325184,0.0023715209479993555
534,534,534,533,962.9797443795651,0.00013473627067303595,8.982418044869064e-05,0.005221777842428617,0.004634324414370006,6.683329461502213e-05,0.00026122604404086664,0.00019781382032325184,0.0023715209479993555
535,535,535,535,962.9795564240374,0.00013476237341411568,8.984158227607711e-05,0.005219944579779169,0.004633191444130365,6.68664393445248e-05,0.0002614817979453062,0.00019797344181650411,0.002371628842690829
536,536,536,535,962.9795564240374,0.00013476237341411568,8.984158227607711e-05,0.005219944579779169,0.004633191444130365,6.68664393445248e-05,0.0002614817979453062,0.00019797344181650411,0.002371628842690829
537,537,537,537,962.9794622255815,0.00013479377721301034,8.986251814200688e-05,0.0052219323956481664,0.004634529150181258,6.682815250844826e-05,0.00026121335294529056,0.00019780719576191486,0.0023716432491583794
538,538,538,537,962.9794622255815,0.00013479377721301034,8.986251814200688e-05,0.0052219323956481664,0.004634529150181258,6.682815250844826e-05,0.00026121335294529056,0.00019780719576191486,0.0023716432491583794
539,539,539,539,962.979274876599,0.00013481714471627604,8.987809647751735e-05,0.005220039441410561,0.004633362435482994,6.68585552781667e-05,0.0002614617188280527,0.00019796422078414977,0.002371739825822941
540,540,540,539,962.979274876599,0.00013481714471627604,8.987809647751735e-05,0.005220039441410561,0.004633362435482994,6.68585552781667e-05,0.0002614617188280527,0.00019796422078414977,0.002371739825822941
541,541,541,541,962.9791851210907,0.0001348476657356268,8.989844382375119e-05,0.005222173119327615,0.0046348427036767646,6.682162167205574e-05,0.00026120087816170113,0.00019779986795850912,0.0023717577387308837
542,542,542,541,962.9791851210907,0.0001348476657356268,8.989844382375119e-05,0.005222173119327615,0.0046348427036767646,6.682162167205574e-05,0.00026120087816170113,0.00019779986795850912,0.0023717577387308837
543,543,543,543,962.9789909944961,0.0001348715980067916,8.99143986711944e-05,0.005220302790568949,0.004633708900613116,6.685222870152913e-05,0.0002614546593395589,0.0001979548711059098,0.002371850968221615
544,544,544,543,962.9789909944961,0.0001348715980067916,8.99143986711944e-05,0.005220302790568949,0.004633708900613116,6.685222870152913e-05,0.0002614546593395589,0.0001979548711059098,0.002371850968221615
545,545,545,545,962.9789083728858,0.00013490051601974806,8.993367734649871e-05,0.0052223082031956835,0.0046350501306675045,6.681491473642387e-05,0.00026118617727304537,0.00019778983482175022,0.002371857770097868
546,546,546,545,962.9789083728858,0.00013490051601974806,8.993367734649871e-05,0.0052223082031956835,0.0046350501306675045,6.681491473642387e-05,0.00026118617727304537,0.00019778983482175022,0.002371857770097868
547,547,547,547,962.9787069474153,0.00013492236777645772,8.994824518430514e-05,0.005220388453199495,0.004633862088821963,6.684409519193413e-05,0.00026144094132921764,0.00019794316833274261,0.0023719552805800447
548,548,548,547,962.9787069474153,0.00013492236777645772,8.994824518430514e-05,0.005220388453199495,0.004633862088821963,6.684409519193413e-05,0.00026144094132921764,0.00019794316833274261,0.0023719552805800447
549,549,549,549,962.9786321505024,0.0001349498647437164,8.996657649581094e-05,0.0052224368903781146,0.004635260642858694,6.680742942871687e-05,0.0002611716142066633,0.00019778012986178956,0.0023719577335256847
550,550,550,549,962.9786321505024,0.0001349498647437164,8.996657649581094e-05,0.0052224368903781146,0.004635260642858694,6.680742942871687e-05,0.0002611716142066633,0.00019778012986178956,0.0023719577335256847
551,551,551,551,962.97842339872,0.00013497433979908768,8.998289319939179e-05,0.0052205676043813225,0.004634113594435935,6.68366363186651e-05,0.0002614249791906762,0.00019793245480698857,0.0023720621486710246
552,552,552,551,962.97842339872,0.00013497433979908768,8.998289319939179e-05,0.0052205676043813225,0.004634113594435935,6.68366363186651e-05,0.0002614249791906762,0.00019793245480698857,0.0023720621486710246
553,553,553,553,962.9783566325884,0.00013500249556003263,9.000166370668841e-05,0.005222584945057905,0.004635488079033207,6.680077132015239e-05,0.000261160653774387,0.00019777009349848662,0.002372070742372906
554,554,554,553,962.9783566325884,0.00013500249556003263,9.000166370668841e-05,0.005222584945057905,0.004635488079033207,6.680077132015239e-05,0.000261160653774387,0.00019777009349848662,0.002372070742372906
555,555,555,555,962.9781410221775,0.0001350286930513478,9.001912870089854e-05,0.0052208684307139585,0.004634490010939632,6.683107450665415e-05,0.0002614102477318628,0.0001979240688862391,0.0023721786184378443
556,556,556,555,962.9781410221775,0.0001350286930513478,9.001912870089854e-05,0.0052208684307139585,0.004634490010939632,6.683107450665415e-05,0.0002614102477318628,0.0001979240688862391,0.0023721786184378443
557,557,557,557,962.9780815994106,0.00013505562556942463,9.003708371294976e-05,0.005222734168335393,0.004635717939467399,6.679422190168649e-05,0.00026114843887851914,0.0001977632106423266,0.0023721663482091215
558,558,558,557,962.9780815994106,0.00013505562556942463,9.003708371294976e-05,0.005222734168335393,0.004635717939467399,6.679422190168649e-05,0.00026114843887851914,0.0001977632106423266,0.0023721663482091215
559,559,559,559,962.9778595564061,0.00013507653113267737,9.005102075511824e-05,0.005220918004555782,0.004634610278069914,6.682393505231393e-05,0.0002613990219528529,0.00019791491331674904,0.0023722656660781186
560,560,560,559,962.9778595564061,0.00013507653113267737,9.005102075511824e-05,0.005220918004555782,0.004634610278069914,6.682393505231393e-05,0.0002613990219528529,0.00019791491331674904,0.0023722656660781186
561,561,561,561,962.9778071500953,0.0001351053376624778,9.007022510831852e-05,0.005222919571899256,0.004635955939454506,6.678747228246878e-05,0.00026112980783310653,0.00019775118459121332,0.0023722716297109744
562,562,562,561,962.9778071500953,0.0001351053376624778,9.007022510831852e-05,0.005222919571899256,0.004635955939454506,6.678747228246878e-05,0.00026112980783310653,0.00019775118459121332,0.0023722716297109744
563,563,563,563,962.9775773362115,0.00013513058929787158,9.00870595319144e-05,0.005221073284744995,0.004634813335188702,6.681768540561794e-05,0.0002613825868808949,0.00019790376627714518,0.0023723711124381936
564,564,564,563,962.9775773362115,0.00013513058929787158,9.00870595319144e-05,0.005221073284744995,0.004634813335188702,6.681768540561794e-05,0.0002613825868808949,0.00019790376627714518,0.0023723711124381936
565,565,565,565,962.9775321218485,0.0001351583261841871,9.010555078945806e-05,0.005223072857814484,0.004636205363006686,6.678071219083648e-05,0.0002611124694023846,0.00019774022704908967,0.0023723733801291336
566,566,566,565,962.9775321218485,0.0001351583261841871,9.010555078945806e-05,0.005223072857814484,0.004636205363006686,6.678071219083648e-05,0.0002611124694023846,0.00019774022704908967,0.0023723733801291336
567,567,567,567,962.9772962678684,0.00013518377574417428,9.012251716278286e-05,0.005221259431363488,0.004635091385816773,6.681208142964717e-05,0.00026137090034905223,0.00019789655696699632,0.0023724733261773307
568,568,568,567,962.9772962678684,0.00013518377574417428,9.012251716278286e-05,0.005221259431363488,0.004635091385816773,6.681208142964717e-05,0.00026137090034905223,0.00019789655696699632,0.0023724733261773307
569,569,569,569,962.9772588341875,0.00013520627689644904,9.013751793096603e-05,0.00522325889992425,0.004636438525769884,6.677520520857044e-05,0.00026110391221415463,0.000197732115124645,0.0023724609390639267
570,570,570,569,962.9772588341875,0.00013520627689644904,9.013751793096603e-05,0.00522325889992425,0.004636438525769884,6.677520520857044e-05,0.00026110391221415463,0.000197732115124645,0.0023724609390639267
571,571,571,571,962.9770160101389,0.00013523752112554188,9.015834741702793e-05,0.005221544148138114,0.004635456658698437,6.680713968750668e-05,0.0002613566535002239,0.00019788780182819488,0.002372573326939096
572,572,572,571,962.9770160101389,0.00013523752112554188,9.015834741702793e-05,0.005221544148138114,0.004635456658698437,6.680713968750668e-05,0.0002613566535002239,0.00019788780182819488,0.002372573326939096
573,573,573,573,962.9769847568642,0.00013526013095291334,9.017342063527556e-05,0.0052233706759953645,0.0046366054420141425,6.677079571101169e-05,0.00026109417012606733,0.0001977252824032355,0.002372546608145871
574,574,574,573,962.9769847568642,0.00013526013095291334,9.017342063527556e-05,0.0052233706759953645,0.0046366054420141425,6.677079571101169e-05,0.00026109417012606733,0.0001977252824032355,0.002372546608145871
575,575,575,575,962.9767364862756,0.00013528888906458314,9.01925927097221e-05,0.005221715033225938,0.004635685450855962,6.680419880444877e-05,0.0002613539212543112,0.00019788242356059277,0.002372662639898144
576,576,576,575,962.9767364862756,0.00013528888906458314,9.01925927097221e-05,0.005221715033225938,0.004635685450855962,6.680419880444877e-05,0.0002613539212543112,0.00019788242356059277,0.002372662639898144
577,577,577,577,962.9767112396698,0.00013530725091140394,9.020483394093595e-05,0.005223589137858725,0.004636903114862231,6.676555383110239e-05,0.000261081333911512,0.00019771669336215297,0.0023726342550261254
578,578,578,578,962.9764318653606,0.00013531671047153915,9.021114031435942e-05,0.005222718367398463,0.004636332951177456,6.678223810329537e-05,0.0002612372088066728,0.00019779313942155236,0.0023727027882057277
579,579,579,579,962.9764162153981,0.000135364853890374,9.0243235926916e-05,0.0052214542752021175,0.00463571564103079,6.678853638850124e-05,0.0002613209174697537,0.0001978509200288303,0.0023727598692169353
580,580,580,579,962.9764162153981,0.000135364853890374,9.0243235926916e-05,0.0052214542752021175,0.00463571564103079,6.678853638850124e-05,0.0002613209174697537,0.0001978509200288303,0.0023727598692169353
581,581,581,581,962.976317331035,0.00013538713450930717,9.025808967287145e-05,0.005223458025754634,0.004637114373568183,6.675793712090233e-05,0.000261089623302349,0.0001976893805889432,0.0023727812035157316
582,582,582,581,962.976317331035,0.00013538713450930717,9.025808967287145e-05,0.005223458025754634,0.004637114373568183,6.675793712090233e-05,0.000261089623302349,0.0001976893805889432,0.0023727812035157316
583,583,583,583,962.9761449800725,0.00013541933943397866,9.027955962265244e-05,0.005221738742815559,0.00463607441863622,6.67903424622085e-05,0.00026134331614016595,0.00019784755262870074,0.002372890156994524
584,584,584,583,962.9761449800725,0.00013541933943397866,9.027955962265244e-05,0.005221738742815559,0.00463607441863622,6.67903424622085e-05,0.00026134331614016595,0.00019784755262870074,0.002372890156994524
585,585,585,585,962.9760473217484,0.00013543865027340618,9.029243351560412e-05,0.005223610132997808,0.004637321998991566,6.675353226127945e-05,0.00026107521102876027,0.00019768162647005455,0.0023728607631687305
586,586,586,585,962.9760473217484,0.00013543865027340618,9.029243351560412e-05,0.005223610132997808,0.004637321998991566,6.675353226127945e-05,0.00026107521102876027,0.00019768162647005455,0.0023728607631687305
587,587,587,587,962.97586351459,0.00013546980206227688,9.031320137485126e-05,0.005221979018516739,0.004636403969930574,6.678516418885672e-05,0.0002613319331710743,0.00019784010400542007,0.002372978499438464
588,588,588,587,962.97586351459,0.00013546980206227688,9.031320137485126e-05,0.005221979018516739,0.004636403969930574,6.678516418885672e-05,0.0002613319331710743,0.00019784010400542007,0.002372978499438464
589,589,589,589,962.9757761471694,0.0001354886579559289,9.032577197061928e-05,0.005223840689259945,0.004637604131760806,6.674807714862618e-05,0.00026106019171923795,0.00019767351325722382,0.002372956512809215
590,590,590,589,962.9757761471694,0.0001354886579559289,9.032577197061928e-05,0.005223840689259945,0.004637604131760806,6.674807714862618e-05,0.00026106019171923795,0.00019767351325722382,0.002372956512809215
591,591,591,591,962.9755841031104,0.000135517770790905,9.034518052727e-05,0.005222060795418392,0.0046365581219964345,6.67770728256939e-05,0.00026131613400559215,0.0001978280181750211,0.0023730685202446988
592,592,592,591,962.9755841031104,0.000135517770790905,9.034518052727e-05,0.005222060795418392,0.0046365581219964345,6.67770728256939e-05,0.00026131613400559215,0.0001978280181750211,0.0023730685202446988
593,593,593,593,962.975503319747,0.00013553841616947837,9.035894411298559e-05,0.00522388232842553,0.004637773440582539,6.674269827975504e-05,0.0002610519736359312,0.0001976657387800576,0.0023730410237659217
594,594,594,593,962.975503319747,0.00013553841616947837,9.035894411298559e-05,0.00522388232842553,0.004637773440582539,6.674269827975504e-05,0.0002610519736359312,0.0001976657387800576,0.0023730410237659217
595,595,595,595,962.9753054859538,0.00013556740777592724,9.037827185061817e-05,0.0052221619606992245,0.004636789000834051,6.677190308474606e-05,0.0002613034538482389,0.0001978188129219821,0.002373158715910922
596,596,596,595,962.9753054859538,0.00013556740777592724,9.037827185061817e-05,0.0052221619606992245,0.004636789000834051,6.677190308474606e-05,0.0002613034538482389,0.0001978188129219821,0.002373158715910922
597,597,597,597,962.9752312945668,0.00013558869005866891,9.039246003911261e-05,0.005224085842384231,0.004637965247746926,6.673801351403386e-05,0.0002610299700525563,0.00019764688886557413,0.002373156504338811
598,598,598,597,962.9752312945668,0.00013558869005866891,9.039246003911261e-05,0.005224085842384231,0.004637965247746926,6.673801351403386e-05,0.0002610299700525563,0.00019764688886557413,0.002373156504338811
599,599,599,599,962.975027571476,0.00013562147954349069,9.041431969566047e-05,0.005222499074001813,0.004637124674047585,6.676809728775601e-05,0.00026128812038553036,0.0001978129008826865,0.002373261065084217
