phase,nf,x_index,incumbent_index,active_objective,full_objective,incumbent_active_objective,incumbent_full_objective,active_residuals,active_circuits,new_residuals_revealed,new_circuits_revealed,union_residuals_revealed,union_circuits_revealed,cumulative_eval_residuals,cumulative_eval_circuits,cumulative_shots_revealed,cumulative_eval_shots,shots_per_circuit,fpr_enabled,fpr_use_union_mask,fpr_selected_residuals,fpr_selected_circuits,fpr_new_residuals,fpr_new_circuits,fpr_union_residuals,fpr_union_circuits,delta,ng,rho,rho_active,rho_full,rho_uses_full_objective,mdec,step_norm,accepted
initial,0,0,0,123029.28852145569,123029.28852145569,123029.28852145569,123029.28852145569,3836,1918,3836,1918,3836,1918,3836,1918,920640.0,920640.0,480.0,False,True,3836,1918,3836,1918,3836,1918,0.1,,,,,False,,,True
trial,1,1,1,53340.47939763801,53340.47939763801,53340.47939763801,53340.47939763801,3836,1918,0,0,3836,1918,7672,3836,920640.0,920640.0,480.0,False,True,3836,1918,0,0,3836,1918,0.1,576727.4509191694,22.546073698126055,22.546073698126055,22.546073698126055,False,-3090.9510035714093,0.1,True
trial,2,2,1,95403.83768367907,95403.83768367907,53340.47939763801,53340.47939763801,3836,1918,0,0,3836,1918,11508,5754,920640.0,920640.0,480.0,False,True,3836,1918,0,0,3836,1918,0.2,336327.63658457453,-0.9667199885768176,-0.9667199885768176,-0.9667199885768176,False,-43511.41880076954,0.19999997150045015,False
trial,3,3,1,60208.552793650335,60208.552793650335,53340.47939763801,53340.47939763801,3836,1918,0,0,3836,1918,15344,7672,920640.0,920640.0,480.0,False,True,3836,1918,0,0,3836,1918,0.1,336327.63658457453,-0.1580933600801555,-0.1580933600801555,-0.1580933600801555,False,-43443.14898823149,0.1,False
trial,4,4,4,20244.907908589703,20244.907908589703,20244.907908589703,20244.907908589703,3836,1918,0,0,3836,1918,19180,9590,920640.0,920640.0,480.0,False,True,3836,1918,0,0,3836,1918,0.05,336327.63658457453,0.7880871852035153,0.7880871852035153,0.7880871852035153,False,-41994.80985152895,0.05,True
trial,5,5,4,87391.74577874006,87391.74577874006,20244.907908589703,20244.907908589703,3836,1918,0,0,3836,1918,23016,11508,920640.0,920640.0,480.0,False,True,3836,1918,0,0,3836,1918,0.1,649079.3282761854,-4.77193855553447,-4.77193855553447,-4.77193855553447,False,-14071.186602407905,0.1,False
trial,6,6,4,40100.7086725487,40100.7086725487,20825.3720302265,20825.3720302265,3836,1918,0,0,3836,1918,26852,13426,930640.0,930640.0,485.21376433785196,False,True,3836,1918,0,0,3836,1918,0.05,653147.0198032715,-1.3396677513485427,-1.3396677513485427,-1.3396677513485427,False,-14388.147078198437,0.05,False
trial,7,7,7,15047.524290372132,15047.524290372132,15047.524290372132,15047.524290372132,3836,1918,0,0,3836,1918,30688,15344,930640.0,930640.0,485.21376433785196,False,True,3836,1918,0,0,3836,1918,0.025,653147.0198032715,0.4253840786713621,0.4253840786713621,0.4253840786713621,False,-13582.661010493872,0.025,True
trial,8,8,7,19503.663515146407,19503.663515146407,15047.524290372132,15047.524290372132,3836,1918,0,0,3836,1918,34524,17262,930640.0,930640.0,485.21376433785196,False,True,3836,1918,0,0,3836,1918,0.05,333519.0831368652,-0.34931013567969854,-0.34931013567969854,-0.34931013567969854,False,-12756.970868032158,0.05,False
trial,9,9,9,4936.300584432366,4936.300584432366,4936.300584432366,4936.300584432366,3836,1918,0,0,3836,1918,38360,19180,930640.0,930640.0,485.21376433785196,False,True,3836,1918,0,0,3836,1918,0.025,333519.0831368652,0.7952356591154403,0.7952356591154403,0.7952356591154403,False,-12714.751394808834,0.025,True
trial,10,10,9,5995.522061869543,5995.522061869543,4936.300584432366,4936.300584432366,3836,1918,0,0,3836,1918,42196,21098,930640.0,930640.0,485.21376433785196,False,True,3836,1918,0,0,3836,1918,0.05,253481.4239852191,-0.2965542636730472,-0.2965542636730472,-0.2965542636730472,False,-3571.762767184405,0.04823679881447503,False
trial,11,11,11,3514.330386371248,3514.330386371248,3514.330386371248,3514.330386371248,3836,1918,0,0,3836,1918,46032,23016,940640.0,940640.0,490.42752867570385,False,True,3836,1918,0,0,3836,1918,0.025,260977.38633293813,0.44405401882869555,0.44405401882869555,0.44405401882869555,False,-3847.8529545628494,0.025,True
trial,12,12,12,1520.5201208383353,1520.5201208383353,1520.5201208383353,1520.5201208383353,3836,1918,0,0,3836,1918,49868,24934,940640.0,940640.0,490.42752867570385,False,True,3836,1918,0,0,3836,1918,0.05,190811.92197221148,0.8069619619403993,0.8069619619403993,0.8069619619403993,False,-2470.7611505487193,0.023966770581154737,True
trial,13,13,12,4144.7095939539395,4144.7095939539395,1520.5201208383353,1520.5201208383353,3836,1918,0,0,3836,1918,53704,26852,940640.0,940640.0,490.42752867570385,False,True,3836,1918,0,0,3836,1918,0.025,86860.79434619163,-5.092899165863881,-5.092899165863881,-5.092899165863881,False,-515.2643686143897,0.025,False
trial,14,14,12,1829.7332951531423,1829.7332951531423,1520.5201208383353,1520.5201208383353,3836,1918,0,0,3836,1918,57540,28770,940640.0,940640.0,490.42752867570385,False,True,3836,1918,0,0,3836,1918,0.0125,86860.79434619163,-0.6016018601798857,-0.6016018601798857,-0.6016018601798857,False,-513.9830754884116,0.0125,False
trial,15,15,15,1166.1731706505857,1166.1731706505857,1166.1731706505857,1166.1731706505857,3836,1918,0,0,3836,1918,61376,30688,940640.0,940640.0,490.42752867570385,False,True,3836,1918,0,0,3836,1918,0.00625,86860.79434619163,0.6998951214471882,0.6998951214471882,0.6998951214471882,False,-506.28578386867275,0.00625,True
trial,16,16,15,1771.3549913206214,1771.3549913206214,1205.1601045407233,1205.1601045407233,3836,1918,0,0,3836,1918,65212,32606,950640.0,950640.0,495.6412930135558,False,True,3836,1918,0,0,3836,1918,0.0125,33906.46209059432,-2.8244790764712304,-2.8244790764712304,-2.8244790764712304,False,-200.45993312411966,0.0125,False
trial,17,17,17,1101.8827747796367,1101.8827747796367,1101.8827747796367,1101.8827747796367,3836,1918,0,0,3836,1918,69048,34524,950640.0,950640.0,495.6412930135558,False,True,3836,1918,0,0,3836,1918,0.00625,33906.46209059432,0.5193468704602673,0.5193468704602673,0.5193468704602673,False,-198.86002137561314,0.00625,True
trial,18,18,17,1850.6137416797549,1850.6137416797549,1101.8827747796367,1101.8827747796367,3836,1918,0,0,3836,1918,72884,36442,950640.0,950640.0,495.6412930135558,False,True,3836,1918,0,0,3836,1918,0.0125,23466.732644220636,-7.517950397353566,-7.517950397353566,-7.517950397353566,False,-99.59243242196476,0.0125,False
trial,19,19,17,1119.3022454020297,1119.3022454020297,1101.8827747796367,1101.8827747796367,3836,1918,0,0,3836,1918,76720,38360,950640.0,950640.0,495.6412930135558,False,True,3836,1918,0,0,3836,1918,0.00625,23466.732644220636,-0.17912292162058593,-0.17912292162058593,-0.17912292162058593,False,-97.2486963968268,0.00625,False
trial,20,20,20,1024.3625178153147,1024.3625178153147,1024.3625178153147,1024.3625178153147,3836,1918,0,0,3836,1918,80556,40278,950640.0,950640.0,495.6412930135558,False,True,3836,1918,0,0,3836,1918,0.003125,23466.732644220636,0.8266591099663871,0.8266591099663871,0.8266591099663871,False,-93.7753616088185,0.003125,True
trial,21,21,20,1159.9931032144514,1159.9931032144514,1027.8634522680477,1027.8634522680477,3836,1918,0,0,3836,1918,84392,42196,960640.0,960640.0,500.8550573514077,False,True,3836,1918,0,0,3836,1918,0.00625,13794.007509275163,-4.8517131686786605,-4.8517131686786605,-4.8517131686786605,False,-27.233607254319306,0.00625,False
trial,22,22,20,1034.7297310960043,1034.7297310960043,1027.8634522680477,1027.8634522680477,3836,1918,0,0,3836,1918,88228,44114,960640.0,960640.0,500.8550573514077,False,True,3836,1918,0,0,3836,1918,0.003125,13794.007509275163,-0.2592735457356886,-0.2592735457356886,-0.2592735457356886,False,-26.482759004485338,0.003125,False
trial,23,23,23,1010.9947716301773,1010.9947716301773,1010.9947716301773,1010.9947716301773,3836,1918,0,0,3836,1918,92064,46032,960640.0,960640.0,500.8550573514077,False,True,3836,1918,0,0,3836,1918,0.0015625,13794.007509275163,0.7468048424379964,0.7468048424379964,0.7468048424379964,False,-22.58780296978447,0.0015625,True
trial,24,24,23,1046.6896057733543,1046.6896057733543,1010.9947716301773,1010.9947716301773,3836,1918,0,0,3836,1918,95900,47950,960640.0,960640.0,500.8550573514077,False,True,3836,1918,0,0,3836,1918,0.003125,4474.433723274566,-3.9941377175786785,-3.9941377175786785,-3.9941377175786785,False,-8.936806056055541,0.003125,False
trial,25,25,25,1010.8028514847263,1010.8028514847263,1010.8028514847263,1010.8028514847263,3836,1918,0,0,3836,1918,99736,49868,960640.0,960640.0,500.8550573514077,False,True,3836,1918,0,0,3836,1918,0.0015625,4474.433723274566,0.02709157136429954,0.02709157136429954,0.02709157136429954,False,-7.084127490070301,0.0015625,True
trial,26,26,26,1006.928071884465,1006.928071884465,1006.928071884465,1006.928071884465,3836,1918,0,0,3836,1918,103572,51786,970640.0,970640.0,506.06882168925966,False,True,3836,1918,0,0,3836,1918,0.00078125,10469.065159453812,0.8080512126253713,0.8080512126253713,0.8080512126253713,False,-5.782096421077129,0.00078125,True
trial,27,27,26,1013.5802466886855,1013.5802466886855,1006.928071884465,1006.928071884465,3836,1918,0,0,3836,1918,107408,53704,970640.0,970640.0,506.06882168925966,False,True,3836,1918,0,0,3836,1918,0.0015625,2323.7820246184147,-2.695141156989179,-2.695141156989179,-2.695141156989179,False,-2.4682101666436873,0.0015625,False
trial,28,28,26,1007.0416388494172,1007.0416388494172,1006.928071884465,1006.928071884465,3836,1918,0,0,3836,1918,111244,55622,970640.0,970640.0,506.06882168925966,False,True,3836,1918,0,0,3836,1918,0.00078125,2323.7820246184147,-0.0756183422692419,-0.0756183422692419,-0.0756183422692419,False,-1.501844149767217,0.00078125,False
trial,29,29,29,1006.3610603908141,1006.3610603908141,1006.3610603908141,1006.3610603908141,3836,1918,0,0,3836,1918,115080,57540,970640.0,970640.0,506.06882168925966,False,True,3836,1918,0,0,3836,1918,0.000390625,2323.7820246184147,0.6150860451064848,0.6150860451064848,0.6150860451064848,False,-0.9218409329262063,0.000390625,True
trial,30,30,30,1005.9063870230809,1005.9063870230809,1005.9063870230809,1005.9063870230809,3836,1918,0,0,3836,1918,118916,59458,970640.0,970640.0,506.06882168925966,False,True,3836,1918,0,0,3836,1918,0.00078125,640.6459355365197,0.5347650763723142,0.5347650763723142,0.5347650763723142,False,-0.850230106306846,0.00078125,True
trial,31,31,30,1017.7788901817507,1017.7788901817507,1010.5977373148595,1010.5977373148595,3836,1918,0,0,3836,1918,122752,61376,980640.0,980640.0,511.28258602711156,False,True,3836,1918,0,0,3836,1918,0.0015625,9909.361383996045,-2.40269676784016,-2.40269676784016,-2.40269676784016,False,-2.9887886657235336,0.0015625,False
trial,32,32,30,1010.6126224500113,1010.6126224500113,1010.5977373148595,1010.5977373148595,3836,1918,0,0,3836,1918,126588,63294,980640.0,980640.0,511.28258602711156,False,True,3836,1918,0,0,3836,1918,0.00078125,9909.361383996045,-0.007005629329513151,-0.007005629329513151,-0.007005629329513151,False,-2.124739184965164,0.00078125,False
trial,33,33,33,1009.7455099250597,1009.7455099250597,1009.7455099250597,1009.7455099250597,3836,1918,0,0,3836,1918,130424,65212,980640.0,980640.0,511.28258602711156,False,True,3836,1918,0,0,3836,1918,0.000390625,9909.361383996045,0.5708725874199909,0.5708725874199909,0.5708725874199909,False,-1.4928504338444728,0.000390625,True
trial,34,34,33,1010.4297452100585,1010.4297452100585,1009.7455099250597,1009.7455099250597,3836,1918,0,0,3836,1918,134260,67130,980640.0,980640.0,511.28258602711156,False,True,3836,1918,0,0,3836,1918,0.00078125,2310.9098845142335,-0.4616927181360172,-0.4616927181360172,-0.4616927181360172,False,-1.482014461396126,0.00078125,False
trial,35,35,35,1009.361901767616,1009.361901767616,1009.361901767616,1009.361901767616,3836,1918,0,0,3836,1918,138096,69048,980640.0,980640.0,511.28258602711156,False,True,3836,1918,0,0,3836,1918,0.000390625,2310.9098845142335,0.43433128205780347,0.43433128205780347,0.43433128205780347,False,-0.8832155851776275,0.000390625,True
trial,36,36,35,1006.4701031544205,1006.4701031544205,1006.1224558726224,1006.1224558726224,3836,1918,0,0,3836,1918,141932,70966,990640.0,990640.0,516.4963503649635,False,True,3836,1918,0,0,3836,1918,0.00078125,7420.698851474663,-0.3392681524602446,-0.3392681524602446,-0.3392681524602446,False,-1.024697659586114,0.00078125,False
trial,37,37,37,1005.6286065061518,1005.6286065061518,1005.6286065061518,1005.6286065061518,3836,1918,0,0,3836,1918,145768,72884,990640.0,990640.0,516.4963503649635,False,True,3836,1918,0,0,3836,1918,0.000390625,7420.698851474663,0.6654308402871782,0.6654308402871782,0.6654308402871782,False,-0.7421498021604824,0.000390625,True
trial,38,38,37,1006.1483421112916,1006.1483421112916,1005.6286065061518,1005.6286065061518,3836,1918,0,0,3836,1918,149604,74802,990640.0,990640.0,516.4963503649635,False,True,3836,1918,0,0,3836,1918,0.00078125,612.287679173109,-1.0463424420190273,-1.0463424420190273,-1.0463424420190273,False,-0.49671654734467363,0.00078125,False
trial,39,39,39,1005.5396253113634,1005.5396253113634,1005.5396253113634,1005.5396253113634,3836,1918,0,0,3836,1918,153440,76720,990640.0,990640.0,516.4963503649635,False,True,3836,1918,0,0,3836,1918,0.000390625,612.287679173109,0.2805259721205131,0.2805259721205131,0.2805259721205131,False,-0.3171941411192282,0.000390625,True
trial,40,40,39,1006.2807481955617,1006.2807481955617,1005.5396253113634,1005.5396253113634,3836,1918,0,0,3836,1918,157276,78638,990640.0,990640.0,516.4963503649635,False,True,3836,1918,0,0,3836,1918,0.00078125,504.33723495446435,-1.702245242439087,-1.702245242439087,-1.702245242439087,False,-0.43537961847168793,0.00078125,False
trial,41,41,41,1008.1355709775951,1008.1355709775951,1008.1355709775951,1008.1355709775951,3836,1918,0,0,3836,1918,161112,80556,1000640.0,1000640.0,521.7101147028154,False,True,3836,1918,0,0,3836,1918,0.000390625,7950.50923444513,0.5455561147417144,0.5455561147417144,0.5455561147417144,False,-0.6887194164476422,0.000390625,True
trial,42,42,41,1008.8358211773702,1008.8358211773702,1008.1355709775951,1008.1355709775951,3836,1918,0,0,3836,1918,164948,82474,1000640.0,1000640.0,521.7101147028154,False,True,3836,1918,0,0,3836,1918,0.00078125,1468.0233653752553,-1.0773521077081152,-1.0773521077081152,-1.0773521077081152,False,-0.6499733882405625,0.00078125,False
trial,43,43,43,1008.0080755867161,1008.0080755867161,1008.0080755867161,1008.0080755867161,3836,1918,0,0,3836,1918,168784,84392,1000640.0,1000640.0,521.7101147028154,False,True,3836,1918,0,0,3836,1918,0.000390625,1468.0233653752553,0.32295041556936904,0.32295041556936904,0.32295041556936904,False,-0.39478317640239335,0.000390625,True
trial,44,44,43,1008.8627730296895,1008.8627730296895,1008.0080755867161,1008.0080755867161,3836,1918,0,0,3836,1918,172620,86310,1000640.0,1000640.0,521.7101147028154,False,True,3836,1918,0,0,3836,1918,0.00078125,525.0990379988696,-1.5404496492909237,-1.5404496492909237,-1.5404496492909237,False,-0.5548363384462337,0.00078125,False
trial,45,45,45,1007.9657630044514,1007.9657630044514,1007.9657630044514,1007.9657630044514,3836,1918,0,0,3836,1918,176456,88228,1000640.0,1000640.0,521.7101147028154,False,True,3836,1918,0,0,3836,1918,0.000390625,525.0990379988696,0.13051977639642384,0.13051977639642384,0.13051977639642384,False,-0.3241852187684609,0.000390625,True
trial,46,46,45,1006.7906362652081,1006.7906362652081,1006.5741944229476,1006.5741944229476,3836,1918,0,0,3836,1918,180292,90146,1010640.0,1010640.0,526.9238790406673,False,True,3836,1918,0,0,3836,1918,0.00078125,8244.633796071937,-0.14974051153978085,-0.14974051153978085,-0.14974051153978085,False,-1.44544612566696,0.00078125,False
trial,47,47,47,1005.8154415198317,1005.8154415198317,1005.8154415198317,1005.8154415198317,3836,1918,0,0,3836,1918,184128,92064,1010640.0,1010640.0,526.9238790406673,False,True,3836,1918,0,0,3836,1918,0.000390625,8244.633796071937,0.6728419344549933,0.6728419344549933,0.6728419344549933,False,-1.1276837311433545,0.000390625,True
trial,48,48,47,1007.0742161933917,1007.0742161933917,1005.8154415198317,1005.8154415198317,3836,1918,0,0,3836,1918,187964,93982,1010640.0,1010640.0,526.9238790406673,False,True,3836,1918,0,0,3836,1918,0.00078125,1149.045767401931,-1.7338536996601526,-1.7338536996601526,-1.7338536996601526,False,-0.7259982049274467,0.00078125,False
trial,49,49,49,1005.7926055793126,1005.7926055793126,1005.7926055793126,1005.7926055793126,3836,1918,0,0,3836,1918,191800,95900,1010640.0,1010640.0,526.9238790406673,False,True,3836,1918,0,0,3836,1918,0.000390625,1149.045767401931,0.053900074631320516,0.053900074631320516,0.053900074631320516,False,-0.42367177921792254,0.000390625,True
trial,50,50,49,1006.8261645218395,1006.8261645218395,1005.7926055793126,1005.7926055793126,3836,1918,0,0,3836,1918,195636,97818,1010640.0,1010640.0,526.9238790406673,False,True,3836,1918,0,0,3836,1918,0.00078125,711.4951749159759,-1.3997935790354785,-1.3997935790354785,-1.3997935790354785,False,-0.7383652547106319,0.00078125,False
trial,51,51,51,1002.9117315656474,1002.9117315656474,1002.9117315656474,1002.9117315656474,3836,1918,0,0,3836,1918,199472,99736,1020640.0,1020640.0,532.1376433785193,False,True,3836,1918,0,0,3836,1918,0.000390625,8937.702445050501,0.5731829628725612,0.5731829628725612,0.5731829628725612,False,-1.02654840800565,0.000390625,True
trial,52,52,51,1004.5105075040808,1004.5105075040808,1002.9117315656474,1002.9117315656474,3836,1918,0,0,3836,1918,203308,101654,1020640.0,1020640.0,532.1376433785193,False,True,3836,1918,0,0,3836,1918,0.00078125,2570.246258834561,-2.0086185040404616,-2.0086185040404616,-2.0086185040404616,False,-0.7959579856589759,0.00078125,False
trial,53,53,51,1002.9304600401886,1002.9304600401886,1002.9117315656474,1002.9117315656474,3836,1918,0,0,3836,1918,207144,103572,1020640.0,1020640.0,532.1376433785193,False,True,3836,1918,0,0,3836,1918,0.000390625,2570.246258834561,-0.040148343133708374,-0.040148343133708374,-0.040148343133708374,False,-0.46648187893523685,0.000390625,False
trial,54,54,54,1002.7486929321727,1002.7486929321727,1002.7486929321727,1002.7486929321727,3836,1918,0,0,3836,1918,210980,105490,1020640.0,1020640.0,532.1376433785193,False,True,3836,1918,0,0,3836,1918,0.0001953125,2570.246258834561,0.5994282538591504,0.5994282538591504,0.5994282538591504,False,-0.27199023807275224,0.0001953125,True
trial,55,55,54,1002.9162339916597,1002.9162339916597,1002.7486929321727,1002.7486929321727,3836,1918,0,0,3836,1918,214816,107408,1020640.0,1020640.0,532.1376433785193,False,True,3836,1918,0,0,3836,1918,0.000390625,364.9507939856367,-0.9324983041962049,-0.9324983041962049,-0.9324983041962049,False,-0.17966902323905493,0.000390625,False
trial,56,56,56,1003.8932152173074,1003.8932152173074,1003.8932152173074,1003.8932152173074,3836,1918,0,0,3836,1918,218652,109326,1030640.0,1030640.0,537.3514077163712,False,True,3836,1918,0,0,3836,1918,0.0001953125,4643.954692828955,0.8382546016204311,0.8382546016204311,0.8382546016204311,False,-0.3442778075141738,0.0001953125,True
trial,57,57,56,1003.9252729860076,1003.9252729860076,1003.8932152173074,1003.8932152173074,3836,1918,0,0,3836,1918,222488,111244,1030640.0,1030640.0,537.3514077163712,False,True,3836,1918,0,0,3836,1918,0.000390625,563.8245705061353,-0.145749280122612,-0.145749280122612,-0.145749280122612,False,-0.21995147196052894,0.000390625,False
trial,58,58,58,1003.8222129288133,1003.8222129288133,1003.8222129288133,1003.8222129288133,3836,1918,0,0,3836,1918,226324,113162,1030640.0,1030640.0,537.3514077163712,False,True,3836,1918,0,0,3836,1918,0.0001953125,563.8245705061353,0.5459843323056897,0.5459843323056897,0.5459843323056897,False,-0.13004455309969384,0.0001953125,True
trial,59,59,58,1004.1290029205153,1004.1290029205153,1003.8222129288133,1003.8222129288133,3836,1918,0,0,3836,1918,230160,115080,1030640.0,1030640.0,537.3514077163712,False,True,3836,1918,0,0,3836,1918,0.000390625,349.5580118306275,-1.936396173045519,-1.936396173045519,-1.936396173045519,False,-0.158433483794519,0.000390625,False
trial,60,60,58,1003.8335506142378,1003.8335506142378,1003.8222129288133,1003.8222129288133,3836,1918,0,0,3836,1918,233996,116998,1030640.0,1030640.0,537.3514077163712,False,True,3836,1918,0,0,3836,1918,0.0001953125,349.5580118306275,-0.13428239953087606,-0.13428239953087606,-0.13428239953087606,False,-0.08443165644983702,0.0001953125,False
trial,61,61,61,1003.4352294679984,1003.4352294679984,1003.4352294679984,1003.4352294679984,3836,1918,0,0,3836,1918,237832,118916,1040640.0,1040640.0,542.5651720542231,False,True,3836,1918,0,0,3836,1918,9.765625e-05,8448.155296597624,0.9058574016976798,0.9058574016976798,0.9058574016976798,False,-0.3480938456573983,9.765625e-05,True
trial,62,62,62,1003.4062357228327,1003.4062357228327,1003.4062357228327,1003.4062357228327,3836,1918,0,0,3836,1918,241668,120834,1040640.0,1040640.0,542.5651720542231,False,True,3836,1918,0,0,3836,1918,0.0001953125,977.9168315779209,0.27961089371170034,0.27961089371170034,0.27961089371170034,False,-0.10369318870540814,0.0001953125,True
trial,63,63,62,1003.492411672114,1003.492411672114,1003.4062357228327,1003.4062357228327,3836,1918,0,0,3836,1918,245504,122752,1040640.0,1040640.0,542.5651720542231,False,True,3836,1918,0,0,3836,1918,0.000390625,352.4590435906203,-0.24475322042458814,-0.24475322042458814,-0.24475322042458814,False,-0.35209321916939174,0.000390625,False
trial,64,64,64,1003.3319809009298,1003.3319809009298,1003.3319809009298,1003.3319809009298,3836,1918,0,0,3836,1918,249340,124670,1040640.0,1040640.0,542.5651720542231,False,True,3836,1918,0,0,3836,1918,0.0001953125,352.4590435906203,0.4012270654690632,0.4012270654690632,0.4012270654690632,False,-0.18506932431401585,0.0001953125,True
trial,65,65,64,1003.5924595554135,1003.5924595554135,1003.3319809009298,1003.3319809009298,3836,1918,0,0,3836,1918,253176,126588,1040640.0,1040640.0,542.5651720542231,False,True,3836,1918,0,0,3836,1918,0.000390625,318.21385175731274,-1.1324352023896516,-1.1324352023896516,-1.1324352023896516,False,-0.2300163876343812,0.000390625,False
trial,66,66,66,1003.136583957206,1003.136583957206,1003.136583957206,1003.136583957206,3836,1918,0,0,3836,1918,257012,128506,1050640.0,1050640.0,547.778936392075,False,True,3836,1918,0,0,3836,1918,0.0001953125,6744.487231048423,0.7748102279084802,0.7748102279084802,0.7748102279084802,False,-0.44441061579271374,0.0001953125,True
trial,67,67,66,1003.2741294268362,1003.2741294268362,1003.136583957206,1003.136583957206,3836,1918,0,0,3836,1918,260848,130424,1050640.0,1050640.0,547.778936392075,False,True,3836,1918,0,0,3836,1918,0.000390625,1361.8612225323718,-0.4104105970592465,-0.4104105970592465,-0.4104105970592465,False,-0.3351411260231132,0.000390625,False
trial,68,68,68,1003.0594021427619,1003.0594021427619,1003.0594021427619,1003.0594021427619,3836,1918,0,0,3836,1918,264684,132342,1050640.0,1050640.0,547.778936392075,False,True,3836,1918,0,0,3836,1918,0.0001953125,1361.8612225323718,0.41192708098944236,0.41192708098944236,0.41192708098944236,False,-0.18736766288513748,0.0001953125,True
trial,69,69,68,1003.26691337122,1003.26691337122,1003.0594021427619,1003.0594021427619,3836,1918,0,0,3836,1918,268520,134260,1050640.0,1050640.0,547.778936392075,False,True,3836,1918,0,0,3836,1918,0.000390625,304.4073841123192,-0.7887786740638938,-0.7887786740638938,-0.7887786740638938,False,-0.2630791567791285,0.000390625,False
trial,70,70,70,1003.0263588630937,1003.0263588630937,1003.0263588630937,1003.0263588630937,3836,1918,0,0,3836,1918,272356,136178,1050640.0,1050640.0,547.778936392075,False,True,3836,1918,0,0,3836,1918,0.0001953125,304.4073841123192,0.23221793084092632,0.23221793084092632,0.23221793084092632,False,-0.14229426448037177,0.0001953125,True
trial,71,71,71,1004.159604551291,1004.159604551291,1004.159604551291,1004.159604551291,3836,1918,0,0,3836,1918,276192,138096,1060640.0,1060640.0,552.992700729927,False,True,3836,1918,0,0,3836,1918,0.000390625,3315.9550331870046,0.15416582712587035,0.15416582712587035,0.15416582712587035,False,-0.5603112544100542,0.000390625,True
trial,72,72,71,1005.515703280884,1005.515703280884,1004.159604551291,1004.159604551291,3836,1918,0,0,3836,1918,280028,140014,1060640.0,1060640.0,552.992700729927,False,True,3836,1918,0,0,3836,1918,0.00078125,1264.787296429743,-1.046578103378679,-1.046578103378679,-1.046578103378679,False,-1.2957453678948492,0.00078125,False
trial,73,73,73,1003.9268818661709,1003.9268818661709,1003.9268818661709,1003.9268818661709,3836,1918,0,0,3836,1918,283864,141932,1060640.0,1060640.0,552.992700729927,False,True,3836,1918,0,0,3836,1918,0.000390625,1264.787296429743,0.30671583437615,0.30671583437615,0.30671583437615,False,-0.758756669975655,0.000390625,True
trial,74,74,73,1005.7359555166034,1005.7359555166034,1003.9268818661709,1003.9268818661709,3836,1918,0,0,3836,1918,287700,143850,1060640.0,1060640.0,552.992700729927,False,True,3836,1918,0,0,3836,1918,0.00078125,1233.2146503200383,-2.1083686769156165,-2.1083686769156165,-2.1083686769156165,False,-0.8580442643831512,0.00078125,False
trial,75,75,73,1004.0056356257368,1004.0056356257368,1003.9268818661709,1003.9268818661709,3836,1918,0,0,3836,1918,291536,145768,1060640.0,1060640.0,552.992700729927,False,True,3836,1918,0,0,3836,1918,0.000390625,1233.2146503200383,-0.16496192361204326,-0.16496192361204326,-0.16496192361204326,False,-0.4774056815140156,0.000390625,False
trial,76,76,76,1005.4281883879647,1005.4281883879647,1005.4281883879647,1005.4281883879647,3836,1918,0,0,3836,1918,295372,147686,1070640.0,1070640.0,558.2064650677789,False,True,3836,1918,0,0,3836,1918,0.0001953125,9717.819955991932,0.7164994176990349,0.7164994176990349,0.7164994176990349,False,-0.5709128151518026,0.0001953125,True
trial,77,77,76,1005.6013625982815,1005.6013625982815,1005.4281883879647,1005.4281883879647,3836,1918,0,0,3836,1918,299208,149604,1070640.0,1070640.0,558.2064650677789,False,True,3836,1918,0,0,3836,1918,0.000390625,1017.8676472606825,-0.5703176750457303,-0.5703176750457303,-0.5703176750457303,False,-0.3036451751261539,0.000390625,False
trial,78,78,78,1005.3659699137954,1005.3659699137954,1005.3659699137954,1005.3659699137954,3836,1918,0,0,3836,1918,303044,151522,1070640.0,1070640.0,558.2064650677789,False,True,3836,1918,0,0,3836,1918,0.0001953125,1017.8676472606825,0.33977991105216643,0.33977991105216643,0.33977991105216643,False,-0.18311404572634266,0.0001953125,True
trial,79,79,78,1005.5798562178331,1005.5798562178331,1005.3659699137954,1005.3659699137954,3836,1918,0,0,3836,1918,306880,153440,1070640.0,1070640.0,558.2064650677789,False,True,3836,1918,0,0,3836,1918,0.000390625,602.5589336057826,-0.6978792065681751,-0.6978792065681751,-0.6978792065681751,False,-0.30648040810601257,0.000390625,False
trial,80,80,80,1005.3242456765568,1005.3242456765568,1005.3242456765568,1005.3242456765568,3836,1918,0,0,3836,1918,310716,155358,1070640.0,1070640.0,558.2064650677789,False,True,3836,1918,0,0,3836,1918,0.0001953125,602.5589336057826,0.24974405341993303,0.24974405341993303,0.24974405341993303,False,-0.16706799087828839,0.0001953125,True
trial,81,81,81,1001.8971904366304,1001.8971904366304,1001.8971904366304,1001.8971904366304,3836,1918,0,0,3836,1918,314552,157276,1082005.0,1082005.0,564.1319082377477,False,True,3836,1918,0,0,3836,1918,0.000390625,10914.919484676575,0.3406234978916028,0.3406234978916028,0.3406234978916028,False,-0.7207379865500154,0.000390625,True
trial,82,82,81,1003.0387125199085,1003.0387125199085,1001.8971904366304,1001.8971904366304,3836,1918,0,0,3836,1918,318388,159194,1082005.0,1082005.0,564.1319082377477,False,True,3836,1918,0,0,3836,1918,0.00078125,2285.0071860413545,-0.8667980216765192,-0.8667980216765192,-0.8667980216765192,False,-1.316941265129149,0.00078125,False
trial,83,83,83,1001.6806935523724,1001.6806935523724,1001.6806935523724,1001.6806935523724,3836,1918,0,0,3836,1918,322224,161112,1082005.0,1082005.0,564.1319082377477,False,True,3836,1918,0,0,3836,1918,0.000390625,2285.0071860413545,0.2947212263403328,0.2947212263403328,0.2947212263403328,False,-0.7345819198238991,0.000390625,True
trial,84,84,83,1003.5853645583524,1003.5853645583524,1001.6806935523724,1001.6806935523724,3836,1918,0,0,3836,1918,326060,163030,1082005.0,1082005.0,564.1319082377477,False,True,3836,1918,0,0,3836,1918,0.00078125,1183.4580640005556,-2.8165869951660043,-2.8165869951660043,-2.8165869951660043,False,-0.676233686106215,0.00078125,False
trial,85,85,83,1001.7756141561541,1001.7756141561541,1001.6806935523724,1001.6806935523724,3836,1918,0,0,3836,1918,329896,164948,1082005.0,1082005.0,564.1319082377477,False,True,3836,1918,0,0,3836,1918,0.000390625,1183.4580640005556,-0.22213354254587023,-0.22213354254587023,-0.22213354254587023,False,-0.42731324001687465,0.000390625,False
trial,86,86,86,999.0602460938185,999.0602460938185,999.0602460938185,999.0602460938185,3836,1918,0,0,3836,1918,333732,166866,1095180.0,1095180.0,571.0010427528675,False,True,3836,1918,0,0,3836,1918,0.0001953125,5690.846488557905,0.7757028997976819,0.7757028997976819,0.7757028997976819,False,-0.6948181542631762,0.0001953125,True
trial,87,87,86,999.2563721044914,999.2563721044914,999.0602460938185,999.0602460938185,3836,1918,0,0,3836,1918,337568,168784,1095180.0,1095180.0,571.0010427528675,False,True,3836,1918,0,0,3836,1918,0.000390625,906.5056502582696,-0.5036563478971234,-0.5036563478971234,-0.5036563478971234,False,-0.3894044252432022,0.000390625,False
trial,88,88,88,998.921475961817,998.921475961817,998.921475961817,998.921475961817,3836,1918,0,0,3836,1918,341404,170702,1095180.0,1095180.0,571.0010427528675,False,True,3836,1918,0,0,3836,1918,0.0001953125,906.5056502582696,0.5589686297463264,0.5589686297463264,0.5589686297463264,False,-0.24826103759068868,0.0001953125,True
trial,89,89,88,999.2059013040644,999.2059013040644,998.921475961817,998.921475961817,3836,1918,0,0,3836,1918,345240,172620,1095180.0,1095180.0,571.0010427528675,False,True,3836,1918,0,0,3836,1918,0.000390625,565.6209845920923,-0.8845461408772658,-0.8845461408772658,-0.8845461408772658,False,-0.32154946938693485,0.000390625,False
trial,90,90,90,998.9040238917564,998.9040238917564,998.9040238917564,998.9040238917564,3836,1918,0,0,3836,1918,349076,174538,1095180.0,1095180.0,571.0010427528675,False,True,3836,1918,0,0,3836,1918,0.0001953125,565.6209845920923,0.10185622545720138,0.10185622545720138,0.10185622545720138,False,-0.17134023946252044,0.0001953125,True
trial,91,91,91,1000.025358211205,1000.025358211205,1000.025358211205,1000.025358211205,3836,1918,0,0,3836,1918,352912,176456,1110455.0,1110455.0,578.9650677789364,False,True,3836,1918,0,0,3836,1918,0.000390625,17627.61587382931,0.4356652151185321,0.4356652151185321,0.4356652151185321,False,-1.0866227570564067,0.000390625,True
trial,92,92,91,1001.4362562319295,1001.4362562319295,1000.025358211205,1000.025358211205,3836,1918,0,0,3836,1918,356748,178374,1110455.0,1110455.0,578.9650677789364,False,True,3836,1918,0,0,3836,1918,0.00078125,2235.3229639796145,-0.9741598215114514,-0.9741598215114514,-0.9741598215114514,False,-1.4483229441093628,0.00078125,False
trial,93,93,93,999.7758095308069,999.7758095308069,999.7758095308069,999.7758095308069,3836,1918,0,0,3836,1918,360584,180292,1110455.0,1110455.0,578.9650677789364,False,True,3836,1918,0,0,3836,1918,0.000390625,2235.3229639796145,0.28648796890283296,0.28648796890283296,0.28648796890283296,False,-0.8710616412752227,0.000390625,True
trial,94,94,93,1001.9734652630822,1001.9734652630822,999.7758095308069,999.7758095308069,3836,1918,0,0,3836,1918,364420,182210,1110455.0,1110455.0,578.9650677789364,False,True,3836,1918,0,0,3836,1918,0.00078125,1781.4468828523056,-2.1046875346642095,-2.1046875346642095,-2.1046875346642095,False,-1.0441719714113775,0.00078125,False
trial,95,95,93,999.8574769542079,999.8574769542079,999.7758095308069,999.7758095308069,3836,1918,0,0,3836,1918,368256,184128,1110455.0,1110455.0,578.9650677789364,False,True,3836,1918,0,0,3836,1918,0.000390625,1781.4468828523056,-0.13942093219435026,-0.13942093219435026,-0.13942093219435026,False,-0.5857615647493271,0.000390625,False
trial,96,96,96,1000.7614230893481,1000.7614230893481,1000.7614230893481,1000.7614230893481,3836,1918,0,0,3836,1918,372092,186046,1128160.0,1128160.0,588.1960375391033,False,True,3836,1918,0,0,3836,1918,0.0001953125,4825.194840367845,0.7716279231653476,0.7716279231653476,0.7716279231653476,False,-0.7153203223741555,0.0001953125,True
trial,97,97,96,1000.9348778586952,1000.9348778586952,1000.7614230893481,1000.7614230893481,3836,1918,0,0,3836,1918,375928,187964,1128160.0,1128160.0,588.1960375391033,False,True,3836,1918,0,0,3836,1918,0.000390625,688.6878587063268,-0.5284060059537357,-0.5284060059537357,-0.5284060059537357,False,-0.32826040467510903,0.000390625,False
trial,98,98,98,1000.6494043478137,1000.6494043478137,1000.6494043478137,1000.6494043478137,3836,1918,0,0,3836,1918,379764,189882,1128160.0,1128160.0,588.1960375391033,False,True,3836,1918,0,0,3836,1918,0.0001953125,688.6878587063268,0.5198297218422235,0.5198297218422235,0.5198297218422235,False,-0.21549122112023097,0.0001953125,True
trial,99,99,98,1000.9061409236518,1000.9061409236518,1000.6494043478137,1000.6494043478137,3836,1918,0,0,3836,1918,383600,191800,1128160.0,1128160.0,588.1960375391033,False,True,3836,1918,0,0,3836,1918,0.000390625,500.97865851797155,-0.6377295497402219,-0.6377295497402219,-0.6377295497402219,False,-0.4025790806505225,0.000390625,False
trial,100,100,100,1000.589497384522,1000.589497384522,1000.589497384522,1000.589497384522,3836,1918,0,0,3836,1918,387436,193718,1128160.0,1128160.0,588.1960375391033,False,True,3836,1918,0,0,3836,1918,0.0001953125,500.97865851797155,0.27549314991533014,0.27549314991533014,0.27549314991533014,False,-0.2174535494263116,0.0001953125,True
trial,101,101,101,1001.2264981979072,1001.2264981979072,1001.2264981979072,1001.2264981979072,3836,1918,0,0,3836,1918,391272,195636,1148685.0,1148685.0,598.8972888425443,False,True,3836,1918,0,0,3836,1918,0.000390625,8704.752618633824,0.5958122013867215,0.5958122013867215,0.5958122013867215,False,-1.6640413526794693,0.000390625,True
trial,102,102,101,1002.1626058028371,1002.1626058028371,1001.2264981979072,1001.2264981979072,3836,1918,0,0,3836,1918,395108,197554,1148685.0,1148685.0,598.8972888425443,False,True,3836,1918,0,0,3836,1918,0.00078125,2721.499637830662,-0.5599404040913654,-0.5599404040913654,-0.5599404040913654,False,-1.6717986380157441,0.00078125,False
trial,103,103,103,1000.8805982387884,1000.8805982387884,1000.8805982387884,1000.8805982387884,3836,1918,0,0,3836,1918,398944,199472,1148685.0,1148685.0,598.8972888425443,False,True,3836,1918,0,0,3836,1918,0.000390625,2721.499637830662,0.3604945134648182,0.3604945134648182,0.3604945134648182,False,-0.959515183169543,0.000390625,True
trial,104,104,103,1003.2582859536597,1003.2582859536597,1000.8805982387884,1000.8805982387884,3836,1918,0,0,3836,1918,402780,201390,1148685.0,1148685.0,598.8972888425443,False,True,3836,1918,0,0,3836,1918,0.00078125,1544.5856777476486,-3.4454554034134595,-3.4454554034134595,-3.4454554034134595,False,-0.6900938878836389,0.00078125,False
trial,105,105,103,1001.1409412576779,1001.1409412576779,1000.8805982387884,1000.8805982387884,3836,1918,0,0,3836,1918,406616,203308,1148685.0,1148685.0,598.8972888425443,False,True,3836,1918,0,0,3836,1918,0.000390625,1544.5856777476486,-0.6076400314028242,-0.6076400314028242,-0.6076400314028242,False,-0.4284494197798622,0.000390625,False
trial,106,106,106,1000.7857194670764,1000.7857194670764,1000.7857194670764,1000.7857194670764,3836,1918,0,0,3836,1918,410452,205226,1172480.0,1172480.0,611.303441084463,False,True,3836,1918,0,0,3836,1918,0.0001953125,7382.802291958587,0.7455762241897496,0.7455762241897496,0.7455762241897496,False,-0.662291190353191,0.0001953125,True
trial,107,107,106,1000.8753223561596,1000.8753223561596,1000.7857194670764,1000.7857194670764,3836,1918,0,0,3836,1918,414288,207144,1172480.0,1172480.0,611.303441084463,False,True,3836,1918,0,0,3836,1918,0.000390625,1066.8366651525353,-0.1925467116217496,-0.1925467116217496,-0.1925467116217496,False,-0.46535663127384064,0.000390625,False
trial,108,108,108,1000.6459635845979,1000.6459635845979,1000.6459635845979,1000.6459635845979,3836,1918,0,0,3836,1918,418124,209062,1172480.0,1172480.0,611.303441084463,False,True,3836,1918,0,0,3836,1918,0.0001953125,1066.8366651525353,0.530590655343562,0.530590655343562,0.530590655343562,False,-0.2633968033003636,0.0001953125,True
trial,109,109,108,1000.9099479388337,1000.9099479388337,1000.6459635845979,1000.6459635845979,3836,1918,0,0,3836,1918,421960,210980,1172480.0,1172480.0,611.303441084463,False,True,3836,1918,0,0,3836,1918,0.000390625,631.436226908978,-1.0023248147146737,-1.0023248147146737,-1.0023248147146737,False,-0.2633720629883755,0.000390625,False
trial,110,110,110,1000.602432955108,1000.602432955108,1000.602432955108,1000.602432955108,3836,1918,0,0,3836,1918,425796,212898,1172480.0,1172480.0,611.303441084463,False,True,3836,1918,0,0,3836,1918,0.0001953125,631.436226908978,0.2819392482567725,0.2819392482567725,0.2819392482567725,False,-0.15439719641376792,0.0001953125,True
trial,111,111,111,1000.1425730677875,1000.1425730677875,1000.1425730677875,1000.1425730677875,3836,1918,0,0,3836,1918,429632,214816,1200065.0,1200065.0,625.6856100104276,False,True,3836,1918,0,0,3836,1918,0.000390625,15510.43476126686,0.4011269150574607,0.4011269150574607,0.4011269150574607,False,-0.9663224637137137,0.000390625,True
trial,112,112,111,1001.7305717218095,1001.7305717218095,1000.1425730677875,1000.1425730677875,3836,1918,0,0,3836,1918,433468,216734,1200065.0,1200065.0,625.6856100104276,False,True,3836,1918,0,0,3836,1918,0.00078125,1642.7250972180718,-1.0567882254986636,-1.0567882254986636,-1.0567882254986636,False,-1.5026649764882836,0.00078125,False
trial,113,113,113,999.8386396144507,999.8386396144507,999.8386396144507,999.8386396144507,3836,1918,0,0,3836,1918,437304,218652,1200065.0,1200065.0,625.6856100104276,False,True,3836,1918,0,0,3836,1918,0.000390625,1642.7250972180718,0.33908922601930575,0.33908922601930575,0.33908922601930575,False,-0.896322943977729,0.000390625,True
trial,114,114,113,1002.2480817611504,1002.2480817611504,999.8386396144507,999.8386396144507,3836,1918,0,0,3836,1918,441140,220570,1200065.0,1200065.0,625.6856100104276,False,True,3836,1918,0,0,3836,1918,0.00078125,1709.2527604469778,-2.677087839098712,-2.677087839098712,-2.677087839098712,False,-0.9000235672173049,0.00078125,False
trial,115,115,113,999.988539118564,999.988539118564,999.8386396144507,999.8386396144507,3836,1918,0,0,3836,1918,444976,222488,1200065.0,1200065.0,625.6856100104276,False,True,3836,1918,0,0,3836,1918,0.000390625,1709.2527604469778,-0.28650084044626445,-0.28650084044626445,-0.28650084044626445,False,-0.5232079036129917,0.000390625,False
trial,116,116,116,995.7620594838302,995.7620594838302,995.7620594838302,995.7620594838302,3836,1918,0,0,3836,1918,448812,224406,1232045.0,1232045.0,642.359228362878,False,True,3836,1918,0,0,3836,1918,0.0001953125,9092.022494844821,0.846848848837239,0.846848848837239,0.846848848837239,False,-1.120724494775314,0.0001953125,True
trial,117,117,116,995.9344991601938,995.9344991601938,995.7620594838302,995.7620594838302,3836,1918,0,0,3836,1918,452648,226324,1232045.0,1232045.0,642.359228362878,False,True,3836,1918,0,0,3836,1918,0.000390625,692.3650648638156,-0.3473565798564696,-0.3473565798564696,-0.3473565798564696,False,-0.49643417273077467,0.000390625,False
trial,118,118,118,995.6232916028462,995.6232916028462,995.6232916028462,995.6232916028462,3836,1918,0,0,3836,1918,456484,228242,1232045.0,1232045.0,642.359228362878,False,True,3836,1918,0,0,3836,1918,0.0001953125,692.3650648638156,0.47337448451103853,0.47337448451103853,0.47337448451103853,False,-0.29314609368382527,0.0001953125,True
trial,119,119,118,995.8271852270399,995.8271852270399,995.6232916028462,995.6232916028462,3836,1918,0,0,3836,1918,460320,230160,1232045.0,1232045.0,642.359228362878,False,True,3836,1918,0,0,3836,1918,0.000390625,686.714703231643,-0.39753541074113496,-0.39753541074113496,-0.39753541074113496,False,-0.5128942445997124,0.000390625,False
trial,120,120,120,995.5220696363175,995.5220696363175,995.5220696363175,995.5220696363175,3836,1918,0,0,3836,1918,464156,232078,1232045.0,1232045.0,642.359228362878,False,True,3836,1918,0,0,3836,1918,0.0001953125,686.714703231643,0.3669011872282024,0.3669011872282024,0.3669011872282024,False,-0.27588345323535857,0.0001953125,True
trial,121,121,121,998.5314707939746,998.5314707939746,998.5314707939746,998.5314707939746,3836,1918,0,0,3836,1918,467992,233996,1264815.0,1264815.0,659.4447340980188,False,True,3836,1918,0,0,3836,1918,0.000390625,13226.656439670813,0.5216740934667493,0.5216740934667493,0.5216740934667493,False,-1.357173531440246,0.000390625,True
trial,122,122,121,1000.3171830690931,1000.3171830690931,998.5314707939746,998.5314707939746,3836,1918,0,0,3836,1918,471828,235914,1264815.0,1264815.0,659.4447340980188,False,True,3836,1918,0,0,3836,1918,0.00078125,2125.7142273720624,-0.9688289897630201,-0.9688289897630201,-0.9688289897630201,False,-1.843165609191042,0.00078125,False
trial,123,123,123,998.2060353432471,998.2060353432471,998.2060353432471,998.2060353432471,3836,1918,0,0,3836,1918,475664,237832,1264815.0,1264815.0,659.4447340980188,False,True,3836,1918,0,0,3836,1918,0.000390625,2125.7142273720624,0.29571693095408214,0.29571693095408214,0.29571693095408214,False,-1.1004965108947409,0.000390625,True
trial,124,124,123,1001.3531660048901,1001.3531660048901,998.2060353432471,998.2060353432471,3836,1918,0,0,3836,1918,479500,239750,1264815.0,1264815.0,659.4447340980188,False,True,3836,1918,0,0,3836,1918,0.00078125,1605.1836799915934,-2.508065555777382,-2.508065555777382,-2.508065555777382,False,-1.2548039880351358,0.00078125,False
trial,125,125,123,998.3274445014761,998.3274445014761,998.2060353432471,998.2060353432471,3836,1918,0,0,3836,1918,483336,241668,1264815.0,1264815.0,659.4447340980188,False,True,3836,1918,0,0,3836,1918,0.000390625,1605.1836799915934,-0.16947249074948229,-0.16947249074948229,-0.16947249074948229,False,-0.7163944879316174,0.000390625,False
trial,126,126,126,996.9722832291029,996.9722832291029,996.9722832291029,996.9722832291029,3836,1918,0,0,3836,1918,487172,243586,1307790.0,1307790.0,681.8508863399375,False,True,3836,1918,0,0,3836,1918,0.0001953125,13977.882996143213,0.8294515078319826,0.8294515078319826,0.8294515078319826,False,-1.337282819864054,0.0001953125,True
trial,127,127,126,996.991405326343,996.991405326343,996.9722832291029,996.9722832291029,3836,1918,0,0,3836,1918,491008,245504,1307790.0,1307790.0,681.8508863399375,False,True,3836,1918,0,0,3836,1918,0.000390625,1135.5631274037216,-0.04074164270760686,-0.04074164270760686,-0.04074164270760686,False,-0.4693501775904629,0.000390625,False
trial,128,128,128,996.7580819025022,996.7580819025022,996.7580819025022,996.7580819025022,3836,1918,0,0,3836,1918,494844,247422,1307790.0,1307790.0,681.8508863399375,False,True,3836,1918,0,0,3836,1918,0.0001953125,1135.5631274037216,0.6900464913093968,0.6900464913093968,0.6900464913093968,False,-0.31041578980313284,0.0001953125,True
trial,129,129,128,997.2686304988815,997.2686304988815,996.7580819025022,996.7580819025022,3836,1918,0,0,3836,1918,498680,249340,1307790.0,1307790.0,681.8508863399375,False,True,3836,1918,0,0,3836,1918,0.000390625,540.848676556152,-1.5044150561290015,-1.5044150561290015,-1.5044150561290015,False,-0.3393668484633376,0.000390625,False
trial,130,130,128,996.7816554909157,996.7816554909157,996.7580819025022,996.7580819025022,3836,1918,0,0,3836,1918,502516,251258,1307790.0,1307790.0,681.8508863399375,False,True,3836,1918,0,0,3836,1918,0.0001953125,540.848676556152,-0.12871310790911022,-0.12871310790911022,-0.12871310790911022,False,-0.18314831174849644,0.0001953125,False
trial,131,131,131,995.6427276772155,995.6427276772155,995.6427276772155,995.6427276772155,3836,1918,0,0,3836,1918,506352,253176,1357610.0,1357610.0,707.8258602711157,False,True,3836,1918,0,0,3836,1918,9.765625e-05,20911.153873081916,0.8858714315875635,0.8858714315875635,0.8858714315875635,False,-0.9038328065070724,9.765625e-05,True
trial,132,132,132,995.5855370865493,995.5855370865493,995.5855370865493,995.5855370865493,3836,1918,0,0,3836,1918,510188,255094,1357610.0,1357610.0,707.8258602711157,False,True,3836,1918,0,0,3836,1918,0.0001953125,4432.114297917492,0.20369128285475072,0.20369128285475072,0.20369128285475072,False,-0.2807709287539386,0.0001953125,True
trial,133,133,132,995.7451983554283,995.7451983554283,995.5855370865493,995.5855370865493,3836,1918,0,0,3836,1918,514024,257012,1357610.0,1357610.0,707.8258602711157,False,True,3836,1918,0,0,3836,1918,0.000390625,1228.8887772263954,-0.1781233609941394,-0.1781233609941394,-0.1781233609941394,False,-0.8963522133647367,0.000390625,False
trial,134,134,134,995.3543181203895,995.3543181203895,995.3543181203895,995.3543181203895,3836,1918,0,0,3836,1918,517860,258930,1357610.0,1357610.0,707.8258602711157,False,True,3836,1918,0,0,3836,1918,0.0001953125,1228.8887772263954,0.48319299272854094,0.48319299272854094,0.48319299272854094,False,-0.4785230117971888,0.0001953125,True
trial,135,135,134,996.1161839633038,996.1161839633038,995.3543181203895,995.3543181203895,3836,1918,0,0,3836,1918,521696,260848,1357610.0,1357610.0,707.8258602711157,False,True,3836,1918,0,0,3836,1918,0.000390625,600.4226449516007,-2.224464957075357,-2.224464957075357,-2.224464957075357,False,-0.3424939738839322,0.000390625,False
trial,136,136,136,991.7928734874122,991.7928734874122,991.7928734874122,991.7928734874122,3836,1918,0,0,3836,1918,525532,262766,1415365.0,1415365.0,737.9379562043796,False,True,3836,1918,0,0,3836,1918,0.0001953125,8803.99722473021,0.877563386038983,0.877563386038983,0.877563386038983,False,-1.5060046766372466,0.0001953125,True
trial,137,137,136,992.019308873403,992.019308873403,991.7928734874122,991.7928734874122,3836,1918,0,0,3836,1918,529368,264684,1415365.0,1415365.0,737.9379562043796,False,True,3836,1918,0,0,3836,1918,0.000390625,1185.7498334806503,-0.24946104894386165,-0.24946104894386165,-0.24946104894386165,False,-0.9076983639309413,0.000390625,False
trial,138,138,138,991.5218745348325,991.5218745348325,991.5218745348325,991.5218745348325,3836,1918,0,0,3836,1918,533204,266602,1415365.0,1415365.0,737.9379562043796,False,True,3836,1918,0,0,3836,1918,0.0001953125,1185.7498334806503,0.5306900983038667,0.5306900983038667,0.5306900983038667,False,-0.5106538702075651,0.0001953125,True
trial,139,139,138,991.8297361710516,991.8297361710516,991.5218745348325,991.5218745348325,3836,1918,0,0,3836,1918,537040,268520,1415365.0,1415365.0,737.9379562043796,False,True,3836,1918,0,0,3836,1918,0.000390625,805.8214123003903,-0.3965940700512602,-0.3965940700512602,-0.3965940700512602,False,-0.776263841210185,0.000390625,False
trial,140,140,140,991.3517144196496,991.3517144196496,991.3517144196496,991.3517144196496,3836,1918,0,0,3836,1918,540876,270438,1415365.0,1415365.0,737.9379562043796,False,True,3836,1918,0,0,3836,1918,0.0001953125,805.8214123003903,0.39727665095303444,0.39727665095303444,0.39727665095303444,False,-0.42831642578201456,0.0001953125,True
trial,141,141,141,992.5168146261913,992.5168146261913,992.5168146261913,992.5168146261913,3836,1918,0,0,3836,1918,544712,272356,1448135.0,1448135.0,755.0234619395203,False,True,3836,1918,0,0,3836,1918,0.000390625,17380.994009935544,0.17503763442236023,0.17503763442236023,0.17503763442236023,False,-1.441659779224108,0.000390625,True
trial,142,142,141,994.7148622420045,994.7148622420045,992.5168146261913,992.5168146261913,3836,1918,0,0,3836,1918,548548,274274,1448135.0,1448135.0,755.0234619395203,False,True,3836,1918,0,0,3836,1918,0.00078125,2114.6357273850836,-0.8209147081846658,-0.8209147081846658,-0.8209147081846658,False,-2.677559061737279,0.00078125,False
trial,143,143,143,991.8456040157158,991.8456040157158,991.8456040157158,991.8456040157158,3836,1918,0,0,3836,1918,552384,276192,1448135.0,1448135.0,755.0234619395203,False,True,3836,1918,0,0,3836,1918,0.000390625,2114.6357273850836,0.3972800814066286,0.3972800814066286,0.3972800814066286,False,-1.6895148835524831,0.000390625,True
trial,144,144,143,996.3126088905599,996.3126088905599,991.8456040157158,991.8456040157158,3836,1918,0,0,3836,1918,556220,278110,1448135.0,1448135.0,755.0234619395203,False,True,3836,1918,0,0,3836,1918,0.00078125,1485.4980046215462,-3.1025083995292286,-3.1025083995292286,-3.1025083995292286,False,-1.4398042807948186,0.00078125,False
trial,145,145,143,992.1724792192663,992.1724792192663,991.8456040157158,991.8456040157158,3836,1918,0,0,3836,1918,560056,280028,1448135.0,1448135.0,755.0234619395203,False,True,3836,1918,0,0,3836,1918,0.000390625,1485.4980046215462,-0.3925377541009037,-0.3925377541009037,-0.3925377541009037,False,-0.8327229677541611,0.000390625,False
trial,146,146,146,991.9378179247681,991.9378179247681,991.9378179247681,991.9378179247681,3836,1918,0,0,3836,1918,563892,281946,1525755.0,1525755.0,795.492700729927,False,True,3836,1918,0,0,3836,1918,0.0001953125,16981.914845187846,0.8040260216898525,0.8040260216898525,0.8040260216898525,False,-1.5712359107667582,0.0001953125,True
trial,147,147,146,992.3366793772299,992.3366793772299,991.9378179247681,991.9378179247681,3836,1918,0,0,3836,1918,567728,283864,1525755.0,1525755.0,795.492700729927,False,True,3836,1918,0,0,3836,1918,0.000390625,1118.3410811362833,-0.5229216408146777,-0.5229216408146777,-0.5229216408146777,False,-0.7627556814064942,0.000390625,False
trial,148,148,148,991.7474154073186,991.7474154073186,991.7474154073186,991.7474154073186,3836,1918,0,0,3836,1918,571564,285782,1525755.0,1525755.0,795.492700729927,False,True,3836,1918,0,0,3836,1918,0.0001953125,1118.3410811362833,0.398734752182855,0.398734752182855,0.398734752182855,False,-0.4775167361437812,0.0001953125,True
trial,149,149,148,992.0601895544968,992.0601895544968,991.7474154073186,991.7474154073186,3836,1918,0,0,3836,1918,575400,287700,1525755.0,1525755.0,795.492700729927,False,True,3836,1918,0,0,3836,1918,0.000390625,856.2464747158706,-0.374627814148501,-0.374627814148501,-0.374627814148501,False,-0.834893020127417,0.000390625,False
trial,150,150,150,991.5643567970731,991.5643567970731,991.5643567970731,991.5643567970731,3836,1918,0,0,3836,1918,579236,289618,1525755.0,1525755.0,795.492700729927,False,True,3836,1918,0,0,3836,1918,0.0001953125,856.2464747158706,0.4053318995726393,0.4053318995726393,0.4053318995726393,False,-0.4516264583136933,0.0001953125,True
trial,151,151,150,994.37618404307,994.37618404307,994.280214828723,994.280214828723,3836,1918,0,0,3836,1918,583072,291536,1558525.0,1558525.0,812.5782064650678,False,True,3836,1918,0,0,3836,1918,0.000390625,5234.631283676623,-0.08723881839697178,-0.08723881839697178,-0.08723881839697178,False,-1.1000746698591497,0.000390625,False
trial,152,152,152,993.7335008821537,993.7335008821537,993.7335008821537,993.7335008821537,3836,1918,0,0,3836,1918,586908,293454,1558525.0,1558525.0,812.5782064650678,False,True,3836,1918,0,0,3836,1918,0.0001953125,5234.631283676623,0.6796066052951526,0.6796066052951526,0.6796066052951526,False,-0.8044564933736343,0.0001953125,True
trial,153,153,152,994.0084229709337,994.0084229709337,993.7335008821537,993.7335008821537,3836,1918,0,0,3836,1918,590744,295372,1558525.0,1558525.0,812.5782064650678,False,True,3836,1918,0,0,3836,1918,0.000390625,1104.4868900171734,-0.34416041715021894,-0.34416041715021894,-0.34416041715021894,False,-0.7988196058581984,0.000390625,False
trial,154,154,154,993.5344235972225,993.5344235972225,993.5344235972225,993.5344235972225,3836,1918,0,0,3836,1918,594580,297290,1558525.0,1558525.0,812.5782064650678,False,True,3836,1918,0,0,3836,1918,0.0001953125,1104.4868900171734,0.4527918887434033,0.4527918887434033,0.4527918887434033,False,-0.4396661907609399,0.0001953125,True
trial,155,155,154,994.4265283291901,994.4265283291901,993.5344235972225,993.5344235972225,3836,1918,0,0,3836,1918,598416,299208,1558525.0,1558525.0,812.5782064650678,False,True,3836,1918,0,0,3836,1918,0.000390625,729.5157463221216,-1.7634542708562142,-1.7634542708562142,-1.7634542708562142,False,-0.5058848118213242,0.000390625,False
trial,156,156,156,992.6659364895274,992.6659364895274,992.6659364895274,992.6659364895274,3836,1918,0,0,3836,1918,602252,301126,1662835.0,1662835.0,866.9629822732013,False,True,3836,1918,0,0,3836,1918,0.0001953125,13520.546797586645,0.7181053032772434,0.7181053032772434,0.7181053032772434,False,-1.1605556893249234,0.0001953125,True
trial,157,157,156,993.0791664732919,993.0791664732919,992.6659364895274,992.6659364895274,3836,1918,0,0,3836,1918,606088,303044,1662835.0,1662835.0,866.9629822732013,False,True,3836,1918,0,0,3836,1918,0.000390625,2365.0306223094753,-0.39674208181276843,-0.39674208181276843,-0.39674208181276843,False,-1.0415582382297113,0.000390625,False
trial,158,158,158,992.423664513653,992.423664513653,992.423664513653,992.423664513653,3836,1918,0,0,3836,1918,609924,304962,1662835.0,1662835.0,866.9629822732013,False,True,3836,1918,0,0,3836,1918,0.0001953125,2365.0306223094753,0.42927766561736186,0.42927766561736186,0.42927766561736186,False,-0.5643712572981221,0.0001953125,True
trial,159,159,158,993.3692493926427,993.3692493926427,992.423664513653,992.423664513653,3836,1918,0,0,3836,1918,613760,306880,1662835.0,1662835.0,866.9629822732013,False,True,3836,1918,0,0,3836,1918,0.000390625,724.7137707929325,-1.6140756599065977,-1.6140756599065977,-1.6140756599065977,False,-0.5858367748662123,0.000390625,False
trial,160,160,158,992.4586912713518,992.4586912713518,992.423664513653,992.423664513653,3836,1918,0,0,3836,1918,617596,308798,1662835.0,1662835.0,866.9629822732013,False,True,3836,1918,0,0,3836,1918,0.0001953125,724.7137707929325,-0.1087162961849189,-0.1087162961849189,-0.1087162961849189,False,-0.32218497987848677,0.0001953125,False
trial,161,161,161,998.8844517451278,998.8844517451278,998.8844517451278,998.8844517451278,3836,1918,0,0,3836,1918,621432,310716,1783760.0,1783760.0,930.0104275286757,False,True,3836,1918,0,0,3836,1918,9.765625e-05,11446.707923437503,0.9484920217340848,0.9484920217340848,0.9484920217340848,False,-0.9173953586751168,9.765625e-05,True
trial,162,162,162,998.4416762099237,998.4416762099237,998.4416762099237,998.4416762099237,3836,1918,0,0,3836,1918,625268,312634,1783760.0,1783760.0,930.0104275286757,False,True,3836,1918,0,0,3836,1918,0.0001953125,1233.689175768851,0.7657984991226335,0.7657984991226335,0.7657984991226335,False,-0.5781880425612749,0.0001953125,True
trial,163,163,162,998.6260850635489,998.6260850635489,998.4416762099237,998.4416762099237,3836,1918,0,0,3836,1918,629104,314552,1783760.0,1783760.0,930.0104275286757,False,True,3836,1918,0,0,3836,1918,0.000390625,741.9755245360527,-0.19687623552959868,-0.19687623552959868,-0.19687623552959868,False,-0.9366740131389596,0.000390625,False
trial,164,164,164,998.2008266253474,998.2008266253474,998.2008266253474,998.2008266253474,3836,1918,0,0,3836,1918,632940,316470,1783760.0,1783760.0,930.0104275286757,False,True,3836,1918,0,0,3836,1918,0.0001953125,741.9755245360527,0.47839846942477726,0.47839846942477726,0.47839846942477726,False,-0.503449739013302,0.0001953125,True
trial,165,165,164,998.6907720869395,998.6907720869395,998.2008266253474,998.2008266253474,3836,1918,0,0,3836,1918,636776,318388,1783760.0,1783760.0,930.0104275286757,False,True,3836,1918,0,0,3836,1918,0.000390625,902.591507556039,-0.570230245741468,-0.570230245741468,-0.570230245741468,False,-0.859206373655355,0.000390625,False
trial,166,166,166,999.3895745924177,999.3895745924177,999.3895745924177,999.3895745924177,3836,1918,0,0,3836,1918,640612,320306,1914835.0,1914835.0,998.3498435870698,False,True,3836,1918,0,0,3836,1918,0.0001953125,16111.905120561822,0.8775760245246658,0.8775760245246658,0.8775760245246658,False,-2.1038864834365034,0.0001953125,True
trial,167,167,167,999.3113750486923,999.3113750486923,999.3113750486923,999.3113750486923,3836,1918,0,0,3836,1918,644448,322224,1914835.0,1914835.0,998.3498435870698,False,True,3836,1918,0,0,3836,1918,0.000390625,1359.4870551276488,0.066393457558538,0.066393457558538,0.066393457558538,False,-1.1778200232526064,0.000390625,True
trial,168,168,167,1002.1056315185043,1002.1056315185043,999.3113750486923,999.3113750486923,3836,1918,0,0,3836,1918,648284,324142,1914835.0,1914835.0,998.3498435870698,False,True,3836,1918,0,0,3836,1918,0.00078125,3006.355631035319,-1.036687806638254,-1.036687806638254,-1.036687806638254,False,-2.6953692827478686,0.00078125,False
trial,169,169,169,998.7869566744336,998.7869566744336,998.7869566744336,998.7869566744336,3836,1918,0,0,3836,1918,652120,326060,1914835.0,1914835.0,998.3498435870698,False,True,3836,1918,0,0,3836,1918,0.000390625,3006.355631035319,0.325930739379367,0.325930739379367,0.325930739379367,False,-1.6089871586133127,0.000390625,True
trial,170,170,169,1003.6952477282866,1003.6952477282866,998.7869566744336,998.7869566744336,3836,1918,0,0,3836,1918,655956,327978,1914835.0,1914835.0,998.3498435870698,False,True,3836,1918,0,0,3836,1918,0.00078125,2089.1790135754136,-2.897917313076517,-2.897917313076517,-2.897917313076517,False,-1.6937305394135922,0.00078125,False
trial,171,171,171,999.2708096794532,999.2708096794532,999.2708096794532,999.2708096794532,3836,1918,0,0,3836,1918,659792,329896,1918000.0,1918000.0,1000.0,False,True,3836,1918,0,0,3836,1918,0.000390625,4021.988935695013,0.03242029246094729,0.03242029246094729,0.03242029246094729,False,-1.1441950984245317,0.000390625,True
trial,172,172,172,998.5757499712956,998.5757499712956,998.5757499712956,998.5757499712956,3836,1918,0,0,3836,1918,663628,331814,1918000.0,1918000.0,1000.0,False,True,3836,1918,0,0,3836,1918,0.0001953125,2816.3960095313487,0.7437540531452248,0.7437540531452248,0.7437540531452248,False,-0.9345289685727385,0.0001953125,True
trial,173,173,172,999.2473585811035,999.2473585811035,998.5757499712956,998.5757499712956,3836,1918,0,0,3836,1918,667464,333732,1918000.0,1918000.0,1000.0,False,True,3836,1918,0,0,3836,1918,0.000390625,760.1112553582105,-1.2128265397838918,-1.2128265397838918,-1.2128265397838918,False,-0.5537548757199536,0.000390625,False
trial,174,174,174,998.5591776363731,998.5591776363731,998.5591776363731,998.5591776363731,3836,1918,0,0,3836,1918,671300,335650,1918000.0,1918000.0,1000.0,False,True,3836,1918,0,0,3836,1918,0.0001953125,760.1112553582105,0.05594625555573914,0.05594625555573914,0.05594625555573914,False,-0.29621883999093185,0.0001953125,True
trial,175,175,174,998.9557426574931,998.9557426574931,998.5591776363731,998.5591776363731,3836,1918,0,0,3836,1918,675136,337568,1918000.0,1918000.0,1000.0,False,True,3836,1918,0,0,3836,1918,0.000390625,944.1010104015799,-0.4452165688311525,-0.4452165688311525,-0.4452165688311525,False,-0.8907238608868231,0.000390625,False
trial,176,176,176,998.3596520832868,998.3596520832868,998.3596520832868,998.3596520832868,3836,1918,0,0,3836,1918,678972,339486,1918000.0,1918000.0,1000.0,False,True,3836,1918,0,0,3836,1918,0.0001953125,944.1010104015799,0.41320219876165387,0.41320219876165387,0.41320219876165387,False,-0.48287631015565824,0.0001953125,True
trial,177,177,176,999.0704559654869,999.0704559654869,998.3596520832868,998.3596520832868,3836,1918,0,0,3836,1918,682808,341404,1918000.0,1918000.0,1000.0,False,True,3836,1918,0,0,3836,1918,0.000390625,782.5281756560604,-1.2821693882509924,-1.2821693882509924,-1.2821693882509924,False,-0.5543759574307363,0.000390625,False
trial,178,178,178,998.3530012222072,998.3530012222072,998.3530012222072,998.3530012222072,3836,1918,0,0,3836,1918,686644,343322,1918000.0,1918000.0,1000.0,False,True,3836,1918,0,0,3836,1918,0.0001953125,782.5281756560604,0.022309023607733403,0.022309023607733403,0.022309023607733403,False,-0.2981242566483642,0.0001953125,True
trial,179,179,179,998.1720518100358,998.1720518100358,998.1720518100358,998.1720518100358,3836,1918,0,0,3836,1918,690480,345240,1918000.0,1918000.0,1000.0,False,True,3836,1918,0,0,3836,1918,9.765625e-05,935.6047275320412,0.7254625733007013,0.7254625733007013,0.7254625733007013,False,-0.24942625413214126,9.765625e-05,True
trial,180,180,179,998.2195972714972,998.2195972714972,998.1720518100358,998.1720518100358,3836,1918,0,0,3836,1918,694316,347158,1918000.0,1918000.0,1000.0,False,True,3836,1918,0,0,3836,1918,0.0001953125,366.432671134715,-0.266716594991024,-0.266716594991024,-0.266716594991024,False,-0.17826210424952468,0.0001953125,False
trial,181,181,181,998.1291963080203,998.1291963080203,998.1291963080203,998.1291963080203,3836,1918,0,0,3836,1918,698152,349076,1918000.0,1918000.0,1000.0,False,True,3836,1918,0,0,3836,1918,9.765625e-05,366.432671134715,0.459032523321854,0.459032523321854,0.459032523321854,False,-0.09336049155166025,9.765625e-05,True
trial,182,182,181,998.1770182004136,998.1770182004136,998.1291963080203,998.1291963080203,3836,1918,0,0,3836,1918,701988,350994,1918000.0,1918000.0,1000.0,False,True,3836,1918,0,0,3836,1918,0.0001953125,445.4611848635141,-0.22253466995087723,-0.22253466995087723,-0.22253466995087723,False,-0.21489636830033954,0.0001953125,False
trial,183,183,183,998.0812821932406,998.0812821932406,998.0812821932406,998.0812821932406,3836,1918,0,0,3836,1918,705824,352912,1918000.0,1918000.0,1000.0,False,True,3836,1918,0,0,3836,1918,9.765625e-05,445.4611848635141,0.4320076585431932,0.4320076585431932,0.4320076585431932,False,-0.11091033650022734,9.765625e-05,True
trial,184,184,183,998.1480451941395,998.1480451941395,998.0812821932406,998.0812821932406,3836,1918,0,0,3836,1918,709660,354830,1918000.0,1918000.0,1000.0,False,True,3836,1918,0,0,3836,1918,0.0001953125,370.5016327306898,-0.3359568083176913,-0.3359568083176913,-0.3359568083176913,False,-0.19872495286901834,0.0001953125,False
trial,185,185,185,998.0414395137053,998.0414395137053,998.0414395137053,998.0414395137053,3836,1918,0,0,3836,1918,713496,356748,1918000.0,1918000.0,1000.0,False,True,3836,1918,0,0,3836,1918,9.765625e-05,370.5016327306898,0.383933350785623,0.383933350785623,0.383933350785623,False,-0.10377498973119334,9.765625e-05,True
trial,186,186,185,998.0982487788633,998.0982487788633,998.0414395137053,998.0414395137053,3836,1918,0,0,3836,1918,717332,358666,1918000.0,1918000.0,1000.0,False,True,3836,1918,0,0,3836,1918,0.0001953125,424.81719357449714,-0.26852780765290657,-0.26852780765290657,-0.26852780765290657,False,-0.21155822056025209,0.0001953125,False
trial,187,187,187,997.9961392278798,997.9961392278798,997.9961392278798,997.9961392278798,3836,1918,0,0,3836,1918,721168,360584,1918000.0,1918000.0,1000.0,False,True,3836,1918,0,0,3836,1918,9.765625e-05,424.81719357449714,0.4140633698720726,0.4140633698720726,0.4140633698720726,False,-0.1094042340415887,9.765625e-05,True
trial,188,188,187,998.0690236733093,998.0690236733093,997.9961392278798,997.9961392278798,3836,1918,0,0,3836,1918,725004,362502,1918000.0,1918000.0,1000.0,False,True,3836,1918,0,0,3836,1918,0.0001953125,361.7371365626349,-0.37849294928884536,-0.37849294928884536,-0.37849294928884536,False,-0.19256486961369282,0.0001953125,False
trial,189,189,189,997.9593251082281,997.9593251082281,997.9593251082281,997.9593251082281,3836,1918,0,0,3836,1918,728840,364420,1918000.0,1918000.0,1000.0,False,True,3836,1918,0,0,3836,1918,9.765625e-05,361.7371365626349,0.36683979632733915,0.36683979632733915,0.36683979632733915,False,-0.10035475981685589,9.765625e-05,True
trial,190,190,189,998.0216362395552,998.0216362395552,997.9593251082281,997.9593251082281,3836,1918,0,0,3836,1918,732676,366338,1918000.0,1918000.0,1000.0,False,True,3836,1918,0,0,3836,1918,0.0001953125,418.7841257913631,-0.30438734757731606,-0.30438734757731606,-0.30438734757731606,False,-0.20470999147312113,0.0001953125,False
trial,191,191,191,997.9172591381185,997.9172591381185,997.9172591381185,997.9172591381185,3836,1918,0,0,3836,1918,736512,368256,1918000.0,1918000.0,1000.0,False,True,3836,1918,0,0,3836,1918,9.765625e-05,418.7841257913631,0.39713544048802096,0.39713544048802096,0.39713544048802096,False,-0.10592348559437177,9.765625e-05,True
trial,192,192,191,997.9983183225163,997.9983183225163,997.9172591381185,997.9172591381185,3836,1918,0,0,3836,1918,740348,370174,1918000.0,1918000.0,1000.0,False,True,3836,1918,0,0,3836,1918,0.0001953125,356.58883814813015,-0.43546623436733983,-0.43546623436733983,-0.43546623436733983,False,-0.18614344351066528,0.0001953125,False
trial,193,193,193,997.8837342717393,997.8837342717393,997.8837342717393,997.8837342717393,3836,1918,0,0,3836,1918,744184,372092,1918000.0,1918000.0,1000.0,False,True,3836,1918,0,0,3836,1918,9.765625e-05,356.58883814813015,0.3452659727112573,0.3452659727112573,0.3452659727112573,False,-0.09709866893627887,9.765625e-05,True
trial,194,194,193,997.9521428299554,997.9521428299554,997.8837342717393,997.8837342717393,3836,1918,0,0,3836,1918,748020,374010,1918000.0,1918000.0,1000.0,False,True,3836,1918,0,0,3836,1918,0.0001953125,417.88708284715943,-0.34463189262409427,-0.34463189262409427,-0.34463189262409427,False,-0.19849746840093632,0.0001953125,False
trial,195,195,195,997.8446468635265,997.8446468635265,997.8446468635265,997.8446468635265,3836,1918,0,0,3836,1918,751856,375928,1918000.0,1918000.0,1000.0,False,True,3836,1918,0,0,3836,1918,9.765625e-05,417.88708284715943,0.37971833990378395,0.37971833990378395,0.37971833990378395,False,-0.10293789924059597,9.765625e-05,True
trial,196,196,195,997.931753672781,997.931753672781,997.8446468635265,997.8446468635265,3836,1918,0,0,3836,1918,755692,377846,1918000.0,1918000.0,1000.0,False,True,3836,1918,0,0,3836,1918,0.0001953125,349.467540613095,-0.4837972113584361,-0.4837972113584361,-0.4837972113584361,False,-0.18004818384544716,0.0001953125,False
trial,197,197,197,997.8145829759455,997.8145829759455,997.8145829759455,997.8145829759455,3836,1918,0,0,3836,1918,759528,379764,1918000.0,1918000.0,1000.0,False,True,3836,1918,0,0,3836,1918,9.765625e-05,349.467540613095,0.31997470024384095,0.31997470024384095,0.31997470024384095,False,-0.09395707710019613,9.765625e-05,True
trial,198,198,197,997.8893191267159,997.8893191267159,997.8145829759455,997.8145829759455,3836,1918,0,0,3836,1918,763364,381682,1918000.0,1918000.0,1000.0,False,True,3836,1918,0,0,3836,1918,0.0001953125,410.8213866951958,-0.38891991271147,-0.38891991271147,-0.38891991271147,False,-0.19216334347432115,0.0001953125,False
trial,199,199,199,997.7786065302327,997.7786065302327,997.7786065302327,997.7786065302327,3836,1918,0,0,3836,1918,767200,383600,1918000.0,1918000.0,1000.0,False,True,3836,1918,0,0,3836,1918,9.765625e-05,410.8213866951958,0.36034084217084933,0.36034084217084933,0.36034084217084933,False,-0.09984004448719354,9.765625e-05,True
trial,200,200,199,997.8709228205973,997.8709228205973,997.7786065302327,997.7786065302327,3836,1918,0,0,3836,1918,771036,385518,1918000.0,1918000.0,1000.0,False,True,3836,1918,0,0,3836,1918,0.0001953125,354.0314126922563,-0.532346940869955,-0.532346940869955,-0.532346940869955,False,-0.17341377075226616,0.0001953125,False
trial,201,201,201,997.7517611332354,997.7517611332354,997.7517611332354,997.7517611332354,3836,1918,0,0,3836,1918,774872,387436,1918000.0,1918000.0,1000.0,False,True,3836,1918,0,0,3836,1918,9.765625e-05,354.0314126922563,0.29583791013864136,0.29583791013864136,0.29583791013864136,False,-0.09074360005003729,9.765625e-05,True
trial,202,202,201,997.8325112775431,997.8325112775431,997.7517611332354,997.7517611332354,3836,1918,0,0,3836,1918,778708,389354,1918000.0,1918000.0,1000.0,False,True,3836,1918,0,0,3836,1918,0.0001953125,408.66113707004945,-0.43348090985644844,-0.43348090985644844,-0.43348090985644844,False,-0.1862830460848043,0.0001953125,False
trial,203,203,203,997.7188398345719,997.7188398345719,997.7188398345719,997.7188398345719,3836,1918,0,0,3836,1918,782544,391272,1918000.0,1918000.0,1000.0,False,True,3836,1918,0,0,3836,1918,9.765625e-05,408.66113707004945,0.34035797839361287,0.34035797839361287,0.34035797839361287,False,-0.09672550888589215,9.765625e-05,True
trial,204,204,203,997.817848373456,997.817848373456,997.7188398345719,997.7188398345719,3836,1918,0,0,3836,1918,786380,393190,1918000.0,1918000.0,1000.0,False,True,3836,1918,0,0,3836,1918,0.0001953125,343.2231952526421,-0.5948056235822272,-0.5948056235822272,-0.5948056235822272,False,-0.16645528380812738,0.0001953125,False
trial,205,205,205,997.6953579954493,997.6953579954493,997.6953579954493,997.6953579954493,3836,1918,0,0,3836,1918,790216,395108,1918000.0,1918000.0,1000.0,False,True,3836,1918,0,0,3836,1918,9.765625e-05,343.2231952526421,0.2695345243130303,0.2695345243130303,0.2695345243130303,False,-0.08711996796127955,9.765625e-05,True
trial,206,206,205,997.7842110422752,997.7842110422752,997.6953579954493,997.6953579954493,3836,1918,0,0,3836,1918,794052,397026,1918000.0,1918000.0,1000.0,False,True,3836,1918,0,0,3836,1918,0.0001953125,407.62922518454707,-0.4937794120429896,-0.4937794120429896,-0.4937794120429896,False,-0.1799448187972229,0.0001953125,False
trial,207,207,207,997.6659348294007,997.6659348294007,997.6659348294007,997.6659348294007,3836,1918,0,0,3836,1918,797888,398944,1918000.0,1918000.0,1000.0,False,True,3836,1918,0,0,3836,1918,9.765625e-05,407.62922518454707,0.31483951641501084,0.31483951641501084,0.31483951641501084,False,-0.0934544887617433,9.765625e-05,True
trial,208,208,207,997.771034954086,997.771034954086,997.6659348294007,997.6659348294007,3836,1918,0,0,3836,1918,801724,400862,1918000.0,1918000.0,1000.0,False,True,3836,1918,0,0,3836,1918,0.0001953125,342.1538651479048,-0.6570029510528295,-0.6570029510528295,-0.6570029510528295,False,-0.1599690298450204,0.0001953125,False
trial,209,209,209,997.6455196587532,997.6455196587532,997.6455196587532,997.6455196587532,3836,1918,0,0,3836,1918,805560,402780,1918000.0,1918000.0,1000.0,False,True,3836,1918,0,0,3836,1918,9.765625e-05,342.1538651479048,0.24203575552461162,0.24203575552461162,0.24203575552461162,False,-0.08434774689916706,9.765625e-05,True
trial,210,210,209,997.7394660226577,997.7394660226577,997.6455196587532,997.6455196587532,3836,1918,0,0,3836,1918,809396,404698,1918000.0,1918000.0,1000.0,False,True,3836,1918,0,0,3836,1918,0.0001953125,408.953717154034,-0.5373182389697355,-0.5373182389697355,-0.5373182389697355,False,-0.17484305778380696,0.0001953125,False
trial,211,211,211,997.6189375475224,997.6189375475224,997.6189375475224,997.6189375475224,3836,1918,0,0,3836,1918,813232,406616,1918000.0,1918000.0,1000.0,False,True,3836,1918,0,0,3836,1918,9.765625e-05,408.953717154034,0.2931359119836492,0.2931359119836492,0.2931359119836492,False,-0.0906818651148612,9.765625e-05,True
trial,212,212,211,997.7277618290367,997.7277618290367,997.6189375475224,997.6189375475224,3836,1918,0,0,3836,1918,817068,408534,1918000.0,1918000.0,1000.0,False,True,3836,1918,0,0,3836,1918,0.0001953125,342.32350894162585,-0.6978460909884555,-0.6978460909884555,-0.6978460909884555,False,-0.15594309822698513,0.0001953125,False
trial,213,213,213,997.6010983426459,997.6010983426459,997.6010983426459,997.6010983426459,3836,1918,0,0,3836,1918,820904,410452,1918000.0,1918000.0,1000.0,False,True,3836,1918,0,0,3836,1918,9.765625e-05,342.32350894162585,0.21883574604892853,0.21883574604892853,0.21883574604892853,False,-0.0815186970072085,9.765625e-05,True
trial,214,214,213,997.696619131623,997.696619131623,997.6010983426459,997.6010983426459,3836,1918,0,0,3836,1918,824740,412370,1918000.0,1918000.0,1000.0,False,True,3836,1918,0,0,3836,1918,0.0001953125,409.10796400995065,-0.556833406039693,-0.556833406039693,-0.556833406039693,False,-0.1715428491558096,0.0001953125,False
trial,215,215,215,997.5760267791749,997.5760267791749,997.5760267791749,997.5760267791749,3836,1918,0,0,3836,1918,828576,414288,1918000.0,1918000.0,1000.0,False,True,3836,1918,0,0,3836,1918,9.765625e-05,409.10796400995065,0.28191502261421003,0.28191502261421003,0.28191502261421003,False,-0.08893305237336427,9.765625e-05,True
trial,216,216,215,997.6876246308302,997.6876246308302,997.5760267791749,997.5760267791749,3836,1918,0,0,3836,1918,832412,416206,1918000.0,1918000.0,1000.0,False,True,3836,1918,0,0,3836,1918,0.0001953125,341.786604365869,-0.722196301007383,-0.722196301007383,-0.722196301007383,False,-0.15452564835859772,0.0001953125,False
trial,217,217,217,997.5589845387178,997.5589845387178,997.5589845387178,997.5589845387178,3836,1918,0,0,3836,1918,836248,418124,1918000.0,1918000.0,1000.0,False,True,3836,1918,0,0,3836,1918,9.765625e-05,341.786604365869,0.21139135429446268,0.21139135429446268,0.21139135429446268,False,-0.0806193825377792,9.765625e-05,True
trial,218,218,217,997.6569564357347,997.6569564357347,997.5589845387178,997.5589845387178,3836,1918,0,0,3836,1918,840084,420042,1918000.0,1918000.0,1000.0,False,True,3836,1918,0,0,3836,1918,0.0001953125,407.88436706308386,-0.5777484218349538,-0.5777484218349538,-0.5777484218349538,False,-0.16957536068338502,0.0001953125,False
trial,219,219,219,997.5350547951487,997.5350547951487,997.5350547951487,997.5350547951487,3836,1918,0,0,3836,1918,843920,421960,1918000.0,1918000.0,1000.0,False,True,3836,1918,0,0,3836,1918,9.765625e-05,407.88436706308386,0.2721867475798947,0.2721867475798947,0.2721867475798947,False,-0.08791663731587661,9.765625e-05,True
trial,220,220,219,997.6497437725707,997.6497437725707,997.5350547951487,997.5350547951487,3836,1918,0,0,3836,1918,847756,423878,1918000.0,1918000.0,1000.0,False,True,3836,1918,0,0,3836,1918,0.0001953125,339.04958906921763,-0.7487778733506133,-0.7487778733506133,-0.7487778733506133,False,-0.15316822452139564,0.0001953125,False
trial,221,221,221,997.5188474931293,997.5188474931293,997.5188474931293,997.5188474931293,3836,1918,0,0,3836,1918,851592,425796,1918000.0,1918000.0,1000.0,False,True,3836,1918,0,0,3836,1918,9.765625e-05,339.04958906921763,0.2021499337511754,0.2021499337511754,0.2021499337511754,False,-0.08017465906901641,9.765625e-05,True
trial,222,222,221,997.618006621977,997.618006621977,997.5188474931293,997.5188474931293,3836,1918,0,0,3836,1918,855428,427714,1918000.0,1918000.0,1000.0,False,True,3836,1918,0,0,3836,1918,0.0001953125,407.4498685114023,-0.588607776298155,-0.588607776298155,-0.588607776298155,False,-0.16846384441482018,0.0001953125,False
trial,223,223,223,997.4954523633855,997.4954523633855,997.4954523633855,997.4954523633855,3836,1918,0,0,3836,1918,859264,429632,1918000.0,1918000.0,1000.0,False,True,3836,1918,0,0,3836,1918,9.765625e-05,407.4498685114023,0.2673227648148481,0.2673227648148481,0.2673227648148481,False,-0.08751641394998139,9.765625e-05,True
trial,224,224,223,997.6118376614725,997.6118376614725,997.4954523633855,997.4954523633855,3836,1918,0,0,3836,1918,863100,431550,1918000.0,1918000.0,1000.0,False,True,3836,1918,0,0,3836,1918,0.0001953125,340.7126021271566,-0.7706312647409548,-0.7706312647409548,-0.7706312647409548,False,-0.1510259230477077,0.0001953125,False
trial,225,225,225,997.4802629159608,997.4802629159608,997.4802629159608,997.4802629159608,3836,1918,0,0,3836,1918,866936,433468,1918000.0,1918000.0,1000.0,False,True,3836,1918,0,0,3836,1918,9.765625e-05,340.7126021271566,0.1920371335112957,0.1920371335112957,0.1920371335112957,False,-0.07909640779892263,9.765625e-05,True
trial,226,226,225,997.5814460170101,997.5814460170101,997.4802629159608,997.4802629159608,3836,1918,0,0,3836,1918,870772,435386,1918000.0,1918000.0,1000.0,False,True,3836,1918,0,0,3836,1918,0.0001953125,406.794055653768,-0.6037243870928442,-0.6037243870928442,-0.6037243870928442,False,-0.16759816766144062,0.0001953125,False
trial,227,227,227,997.4574455901961,997.4574455901961,997.4574455901961,997.4574455901961,3836,1918,0,0,3836,1918,874608,437304,1918000.0,1918000.0,1000.0,False,True,3836,1918,0,0,3836,1918,9.765625e-05,406.794055653768,0.2626521219694251,0.2626521219694251,0.2626521219694251,False,-0.08687280191598541,9.765625e-05,True
trial,228,228,227,997.575608036394,997.575608036394,997.4574455901961,997.4574455901961,3836,1918,0,0,3836,1918,878444,439222,1918000.0,1918000.0,1000.0,False,True,3836,1918,0,0,3836,1918,0.0001953125,335.83144843493926,-0.7935333714619976,-0.7935333714619976,-0.7935333714619976,False,-0.1489067132490672,0.0001953125,False
trial,229,229,229,997.4432482246932,997.4432482246932,997.4432482246932,997.4432482246932,3836,1918,0,0,3836,1918,882280,441140,1918000.0,1918000.0,1000.0,False,True,3836,1918,0,0,3836,1918,9.765625e-05,335.83144843493926,0.18192642766769132,0.18192642766769132,0.18192642766769132,False,-0.07803904954840497,9.765625e-05,True
trial,230,230,229,997.5439185794694,997.5439185794694,997.4432482246932,997.4432482246932,3836,1918,0,0,3836,1918,886116,443058,1918000.0,1918000.0,1000.0,False,True,3836,1918,0,0,3836,1918,0.0001953125,406.2664020384922,-0.6065175326512475,-0.6065175326512475,-0.6065175326512475,False,-0.16598094755171858,0.0001953125,False
trial,231,231,231,997.4210064406125,997.4210064406125,997.4210064406125,997.4210064406125,3836,1918,0,0,3836,1918,889952,444976,1918000.0,1918000.0,1000.0,False,True,3836,1918,0,0,3836,1918,9.765625e-05,406.2664020384922,0.2577717720246976,0.2577717720246976,0.2577717720246976,False,-0.08628479335046361,9.765625e-05,True
trial,232,232,231,997.5386545517182,997.5386545517182,997.4210064406125,997.4210064406125,3836,1918,0,0,3836,1918,893788,446894,1918000.0,1918000.0,1000.0,False,True,3836,1918,0,0,3836,1918,0.0001953125,335.0440116389192,-0.7952122789242018,-0.7952122789242018,-0.7952122789242018,False,-0.1479455413652344,0.0001953125,False
trial,233,233,233,997.4073956207232,997.4073956207232,997.4073956207232,997.4073956207232,3836,1918,0,0,3836,1918,897624,448812,1918000.0,1918000.0,1000.0,False,True,3836,1918,0,0,3836,1918,9.765625e-05,335.0440116389192,0.17563216247491883,0.17563216247491883,0.17563216247491883,False,-0.0774961698217788,9.765625e-05,True
trial,234,234,233,997.5083031707328,997.5083031707328,997.4073956207232,997.4073956207232,3836,1918,0,0,3836,1918,901460,450730,1918000.0,1918000.0,1000.0,False,True,3836,1918,0,0,3836,1918,0.0001953125,406.68641423664485,-0.6080302713377861,-0.6080302713377861,-0.6080302713377861,False,-0.16595810236163902,0.0001953125,False
trial,235,235,235,997.3853805695289,997.3853805695289,997.3853805695289,997.3853805695289,3836,1918,0,0,3836,1918,905296,452648,1918000.0,1918000.0,1000.0,False,True,3836,1918,0,0,3836,1918,9.765625e-05,406.68641423664485,0.2558857720788975,0.2558857720788975,0.2558857720788975,False,-0.08603468264514769,9.765625e-05,True
trial,236,236,235,997.5011738487765,997.5011738487765,997.3853805695289,997.3853805695289,3836,1918,0,0,3836,1918,909132,454566,1918000.0,1918000.0,1000.0,False,True,3836,1918,0,0,3836,1918,0.0001953125,335.08322239479656,-0.7855494735338167,-0.7855494735338167,-0.7855494735338167,False,-0.14740418413961318,0.0001953125,False
trial,237,237,237,997.3719138722931,997.3719138722931,997.3719138722931,997.3719138722931,3836,1918,0,0,3836,1918,912968,456484,1918000.0,1918000.0,1000.0,False,True,3836,1918,0,0,3836,1918,9.765625e-05,335.08322239479656,0.17446785688221558,0.17446785688221558,0.17446785688221558,False,-0.07718726805299461,9.765625e-05,True
trial,238,238,237,997.4728708411158,997.4728708411158,997.3719138722931,997.3719138722931,3836,1918,0,0,3836,1918,916804,458402,1918000.0,1918000.0,1000.0,False,True,3836,1918,0,0,3836,1918,0.0001953125,405.06382851919733,-0.6111451951353314,-0.6111451951353314,-0.6111451951353314,False,-0.1651930991624232,0.0001953125,False
trial,239,239,239,997.3501491134892,997.3501491134892,997.3501491134892,997.3501491134892,3836,1918,0,0,3836,1918,920640,460320,1918000.0,1918000.0,1000.0,False,True,3836,1918,0,0,3836,1918,9.765625e-05,405.06382851919733,0.2541213105363309,0.2541213105363309,0.2541213105363309,False,-0.0856471216757145,9.765625e-05,True
trial,240,240,239,997.4677720060046,997.4677720060046,997.3501491134892,997.3501491134892,3836,1918,0,0,3836,1918,924476,462238,1918000.0,1918000.0,1000.0,False,True,3836,1918,0,0,3836,1918,0.0001953125,331.6841583853244,-0.8013922211808783,-0.8013922211808783,-0.8013922211808783,False,-0.1467731897147778,0.0001953125,False
trial,241,241,241,997.3370781679711,997.3370781679711,997.3370781679711,997.3370781679711,3836,1918,0,0,3836,1918,928312,464156,1918000.0,1918000.0,1000.0,False,True,3836,1918,0,0,3836,1918,9.765625e-05,331.6841583853244,0.16996545586894926,0.16996545586894926,0.16996545586894926,False,-0.0769035416716922,9.765625e-05,True
trial,242,242,241,997.4377920575977,997.4377920575977,997.3370781679711,997.3370781679711,3836,1918,0,0,3836,1918,932148,466074,1918000.0,1918000.0,1000.0,False,True,3836,1918,0,0,3836,1918,0.0001953125,406.436186559879,-0.610664399313537,-0.610664399313537,-0.610664399313537,False,-0.1649251040994353,0.0001953125,False
trial,243,243,243,997.315425090219,997.315425090219,997.315425090219,997.315425090219,3836,1918,0,0,3836,1918,935984,467992,1918000.0,1918000.0,1000.0,False,True,3836,1918,0,0,3836,1918,9.765625e-05,406.436186559879,0.2530277326385056,0.2530277326385056,0.2530277326385056,False,-0.08557590713967289,9.765625e-05,True
trial,244,244,243,997.4331692721435,997.4331692721435,997.315425090219,997.315425090219,3836,1918,0,0,3836,1918,939820,469910,1918000.0,1918000.0,1000.0,False,True,3836,1918,0,0,3836,1918,0.0001953125,333.3661879208769,-0.804936546362212,-0.804936546362212,-0.804936546362212,False,-0.14627759474526178,0.0001953125,False
trial,245,245,245,997.302543628966,997.302543628966,997.302543628966,997.302543628966,3836,1918,0,0,3836,1918,943656,471828,1918000.0,1918000.0,1000.0,False,True,3836,1918,0,0,3836,1918,9.765625e-05,333.3661879208769,0.1681499491339618,0.1681499491339618,0.1681499491339618,False,-0.07660698869918064,9.765625e-05,True
trial,246,246,245,997.4032480645947,997.4032480645947,997.302543628966,997.302543628966,3836,1918,0,0,3836,1918,947492,473746,1918000.0,1918000.0,1000.0,False,True,3836,1918,0,0,3836,1918,0.0001953125,406.82028977937665,-0.612060907808923,-0.612060907808923,-0.612060907808923,False,-0.16453335663799368,0.0001953125,False
trial,247,247,247,997.2810864691041,997.2810864691041,997.2810864691041,997.2810864691041,3836,1918,0,0,3836,1918,951328,475664,1918000.0,1918000.0,1000.0,False,True,3836,1918,0,0,3836,1918,9.765625e-05,406.82028977937665,0.2513587092207446,0.2513587092207446,0.2513587092207446,False,-0.08536469624762894,9.765625e-05,True
trial,248,248,247,997.400650032361,997.400650032361,997.2810864691041,997.2810864691041,3836,1918,0,0,3836,1918,955164,477582,1918000.0,1918000.0,1000.0,False,True,3836,1918,0,0,3836,1918,0.0001953125,332.6192574990653,-0.8182571262762016,-0.8182571262762016,-0.8182571262762016,False,-0.146119794643258,0.0001953125,False
trial,249,249,249,997.2684047262844,997.2684047262844,997.2684047262844,997.2684047262844,3836,1918,0,0,3836,1918,959000,479500,1918000.0,1918000.0,1000.0,False,True,3836,1918,0,0,3836,1918,9.765625e-05,332.6192574990653,0.16595393579693232,0.16595393579693232,0.16595393579693232,False,-0.0764172465017079,9.765625e-05,True
trial,250,250,249,997.369155754743,997.369155754743,997.2684047262844,997.2684047262844,3836,1918,0,0,3836,1918,962836,481418,1918000.0,1918000.0,1000.0,False,True,3836,1918,0,0,3836,1918,0.0001953125,404.94781144409944,-0.6134973115083021,-0.6134973115083021,-0.6134973115083021,False,-0.16422407493669983,0.0001953125,False
trial,251,251,251,997.2471558033951,997.2471558033951,997.2471558033951,997.2471558033951,3836,1918,0,0,3836,1918,966672,483336,1918000.0,1918000.0,1000.0,False,True,3836,1918,0,0,3836,1918,9.765625e-05,404.94781144409944,0.24945626592585807,0.24945626592585807,0.24945626592585807,False,-0.08518095470736589,9.765625e-05,True
trial,252,252,251,997.3678322576069,997.3678322576069,997.2471558033951,997.2471558033951,3836,1918,0,0,3836,1918,970508,485254,1918000.0,1918000.0,1000.0,False,True,3836,1918,0,0,3836,1918,0.0001953125,332.3136488487251,-0.8279648179432694,-0.8279648179432694,-0.8279648179432694,False,-0.1457507029242441,0.0001953125,False
trial,253,253,253,997.2347017329982,997.2347017329982,997.2347017329982,997.2347017329982,3836,1918,0,0,3836,1918,974344,487172,1918000.0,1918000.0,1000.0,False,True,3836,1918,0,0,3836,1918,9.765625e-05,332.3136488487251,0.1633483000608435,0.1633483000608435,0.1633483000608435,False,-0.07624242426907206,9.765625e-05,True
trial,254,254,253,997.3355853344251,997.3355853344251,997.2347017329982,997.2347017329982,3836,1918,0,0,3836,1918,978180,489090,1918000.0,1918000.0,1000.0,False,True,3836,1918,0,0,3836,1918,0.0001953125,405.5181535168251,-0.6158900701106452,-0.6158900701106452,-0.6158900701106452,False,-0.1638013118294541,0.0001953125,False
trial,255,255,255,997.2135383540756,997.2135383540756,997.2135383540756,997.2135383540756,3836,1918,0,0,3836,1918,982016,491008,1918000.0,1918000.0,1000.0,False,True,3836,1918,0,0,3836,1918,9.765625e-05,405.5181535168251,0.24908281060045354,0.24908281060045354,0.24908281060045354,False,-0.08496523253309858,9.765625e-05,True
trial,256,256,255,997.3325562083021,997.3325562083021,997.2135383540756,997.2135383540756,3836,1918,0,0,3836,1918,985852,492926,1918000.0,1918000.0,1000.0,False,True,3836,1918,0,0,3836,1918,0.0001953125,331.1180416441386,-0.8225927434023009,-0.8225927434023009,-0.8225927434023009,False,-0.14468624380789802,0.0001953125,False
trial,257,257,257,997.2013177263314,997.2013177263314,997.2013177263314,997.2013177263314,3836,1918,0,0,3836,1918,989688,494844,1918000.0,1918000.0,1000.0,False,True,3836,1918,0,0,3836,1918,9.765625e-05,331.1180416441386,0.16109409149822462,0.16109409149822462,0.16109409149822462,False,-0.075860185997958,9.765625e-05,True
trial,258,258,257,997.302320792533,997.302320792533,997.2013177263314,997.2013177263314,3836,1918,0,0,3836,1918,993524,496762,1918000.0,1918000.0,1000.0,False,True,3836,1918,0,0,3836,1918,0.0001953125,404.47019709745007,-0.6185150921316102,-0.6185150921316102,-0.6185150921316102,False,-0.1632992751293517,0.0001953125,False
trial,259,259,259,997.1804325369376,997.1804325369376,997.1804325369376,997.1804325369376,3836,1918,0,0,3836,1918,997360,498680,1918000.0,1918000.0,1000.0,False,True,3836,1918,0,0,3836,1918,9.765625e-05,404.47019709745007,0.24644446149539684,0.24644446149539684,0.24644446149539684,False,-0.08474602864693052,9.765625e-05,True
trial,260,260,259,997.3016868780828,997.3016868780828,997.1804325369376,997.1804325369376,3836,1918,0,0,3836,1918,1001196,500598,1918000.0,1918000.0,1000.0,False,True,3836,1918,0,0,3836,1918,0.0001953125,330.8999152039966,-0.8394850215617232,-0.8394850215617232,-0.8394850215617232,False,-0.14443895725460107,0.0001953125,False
trial,261,261,261,997.1684766399013,997.1684766399013,997.1684766399013,997.1684766399013,3836,1918,0,0,3836,1918,1005032,502516,1918000.0,1918000.0,1000.0,False,True,3836,1918,0,0,3836,1918,9.765625e-05,330.8999152039966,0.15800916814666918,0.15800916814666918,0.15800916814666918,False,-0.07566584380202136,9.765625e-05,True
trial,262,262,261,997.2689437925726,997.2689437925726,997.1684766399013,997.1684766399013,3836,1918,0,0,3836,1918,1008868,504434,1918000.0,1918000.0,1000.0,False,True,3836,1918,0,0,3836,1918,0.0001953125,404.0858100697757,-0.615905992609622,-0.615905992609622,-0.615905992609622,False,-0.16312092084962762,0.0001953125,False
trial,263,263,263,997.1477038364612,997.1477038364612,997.1477038364612,997.1477038364612,3836,1918,0,0,3836,1918,1012704,506352,1918000.0,1918000.0,1000.0,False,True,3836,1918,0,0,3836,1918,9.765625e-05,404.0858100697757,0.24540375001553882,0.24540375001553882,0.24540375001553882,False,-0.08464745725673005,9.765625e-05,True
trial,264,264,263,997.2691190737598,997.2691190737598,997.1477038364612,997.1477038364612,3836,1918,0,0,3836,1918,1016540,508270,1918000.0,1918000.0,1000.0,False,True,3836,1918,0,0,3836,1918,0.0001953125,330.4302069927691,-0.8425206974520282,-0.8425206974520282,-0.8425206974520282,False,-0.1441095010078605,0.0001953125,False
trial,265,265,265,997.1359180669259,997.1359180669259,997.1359180669259,997.1359180669259,3836,1918,0,0,3836,1918,1020376,510188,1918000.0,1918000.0,1000.0,False,True,3836,1918,0,0,3836,1918,9.765625e-05,330.4302069927691,0.15617313742911107,0.15617313742911107,0.15617313742911107,False,-0.07546604831878975,9.765625e-05,True
trial,266,266,265,997.2408838876627,997.2408838876627,997.1359180669259,997.1359180669259,3836,1918,0,0,3836,1918,1024212,512106,1918000.0,1918000.0,1000.0,False,True,3836,1918,0,0,3836,1918,0.0001953125,403.49320102250215,-0.6449648006932215,-0.6449648006932215,-0.6449648006932215,False,-0.1627465880679786,0.0001953125,False
trial,267,267,267,997.1153715324788,997.1153715324788,997.1153715324788,997.1153715324788,3836,1918,0,0,3836,1918,1028048,514024,1918000.0,1918000.0,1000.0,False,True,3836,1918,0,0,3836,1918,9.765625e-05,403.49320102250215,0.2435678761365062,0.2435678761365062,0.2435678761365062,False,-0.08435650371077572,9.765625e-05,True
trial,268,268,267,997.2370388014767,997.2370388014767,997.1153715324788,997.1153715324788,3836,1918,0,0,3836,1918,1031884,515942,1918000.0,1918000.0,1000.0,False,True,3836,1918,0,0,3836,1918,0.0001953125,330.2259765056202,-0.8478142513944287,-0.8478142513944287,-0.8478142513944287,False,-0.14350698728859884,0.0001953125,False
trial,269,269,269,997.103776265357,997.103776265357,997.103776265357,997.103776265357,3836,1918,0,0,3836,1918,1035720,517860,1918000.0,1918000.0,1000.0,False,True,3836,1918,0,0,3836,1918,9.765625e-05,330.2259765056202,0.15418138046501473,0.15418138046501473,0.15418138046501473,False,-0.07520536582788723,9.765625e-05,True
trial,270,270,269,997.2086525948412,997.2086525948412,997.103776265357,997.103776265357,3836,1918,0,0,3836,1918,1039556,519778,1918000.0,1918000.0,1000.0,False,True,3836,1918,0,0,3836,1918,0.0001953125,403.5368546277818,-0.6461570256990674,-0.6461570256990674,-0.6461570256990674,False,-0.16230780648194554,0.0001953125,False
trial,271,271,271,997.0834212506469,997.0834212506469,997.0834212506469,997.0834212506469,3836,1918,0,0,3836,1918,1043392,521696,1918000.0,1918000.0,1000.0,False,True,3836,1918,0,0,3836,1918,9.765625e-05,403.5368546277818,0.24181336258767333,0.24181336258767333,0.24181336258767333,False,-0.08417655042856569,9.765625e-05,True
trial,272,272,271,997.2064793834468,997.2064793834468,997.0834212506469,997.0834212506469,3836,1918,0,0,3836,1918,1047228,523614,1918000.0,1918000.0,1000.0,False,True,3836,1918,0,0,3836,1918,0.0001953125,329.1888118315873,-0.8588319727440148,-0.8588319727440148,-0.8588319727440148,False,-0.14328545827969819,0.0001953125,False
trial,273,273,273,997.0720460293062,997.0720460293062,997.0720460293062,997.0720460293062,3836,1918,0,0,3836,1918,1051064,525532,1918000.0,1918000.0,1000.0,False,True,3836,1918,0,0,3836,1918,9.765625e-05,329.1888118315873,0.15166749722047784,0.15166749722047784,0.15166749722047784,False,-0.07500104867006285,9.765625e-05,True
trial,274,274,273,997.1771085837788,997.1771085837788,997.0720460293062,997.0720460293062,3836,1918,0,0,3836,1918,1054900,527450,1918000.0,1918000.0,1000.0,False,True,3836,1918,0,0,3836,1918,0.0001953125,403.25963256153443,-0.6492070751586295,-0.6492070751586295,-0.6492070751586295,False,-0.16183211565732417,0.0001953125,False
trial,275,275,275,997.0518315841169,997.0518315841169,997.0518315841169,997.0518315841169,3836,1918,0,0,3836,1918,1058736,529368,1918000.0,1918000.0,1000.0,False,True,3836,1918,0,0,3836,1918,9.765625e-05,403.25963256153443,0.24099050133668154,0.24099050133668154,0.24099050133668154,False,-0.08388067196479485,9.765625e-05,True
trial,276,276,275,997.1754367127628,997.1754367127628,997.0518315841169,997.0518315841169,3836,1918,0,0,3836,1918,1062572,531286,1918000.0,1918000.0,1000.0,False,True,3836,1918,0,0,3836,1918,0.0001953125,328.51426775255334,-0.8670975794286112,-0.8670975794286112,-0.8670975794286112,False,-0.14255042520971511,0.0001953125,False
trial,277,277,277,997.0405755930504,997.0405755930504,997.0405755930504,997.0405755930504,3836,1918,0,0,3836,1918,1066408,533204,1918000.0,1918000.0,1000.0,False,True,3836,1918,0,0,3836,1918,9.765625e-05,328.51426775255334,0.15082501111088634,0.15082501111088634,0.15082501111088634,False,-0.07462947281479691,9.765625e-05,True
trial,278,278,277,997.1418854226652,997.1418854226652,997.0405755930504,997.0405755930504,3836,1918,0,0,3836,1918,1070244,535122,1918000.0,1918000.0,1000.0,False,True,3836,1918,0,0,3836,1918,0.0001953125,402.1429338080449,-0.6301152424650924,-0.6301152424650924,-0.6301152424650924,False,-0.160779842776647,0.0001953125,False
trial,279,279,279,997.0207630484007,997.0207630484007,997.0207630484007,997.0207630484007,3836,1918,0,0,3836,1918,1074080,537040,1918000.0,1918000.0,1000.0,False,True,3836,1918,0,0,3836,1918,9.765625e-05,402.1429338080449,0.2371140043935132,0.2371140043935132,0.2371140043935132,False,-0.08355704126562767,9.765625e-05,True
trial,280,280,279,997.1439751990234,997.1439751990234,997.0207630484007,997.0207630484007,3836,1918,0,0,3836,1918,1077916,538958,1918000.0,1918000.0,1000.0,False,True,3836,1918,0,0,3836,1918,0.0001953125,328.3282023688277,-0.8647252598612314,-0.8647252598612314,-0.8647252598612314,False,-0.14248704917272953,0.0001953125,False
trial,281,281,281,997.0096940854603,997.0096940854603,997.0096940854603,997.0096940854603,3836,1918,0,0,3836,1918,1081752,540876,1918000.0,1918000.0,1000.0,False,True,3836,1918,0,0,3836,1918,9.765625e-05,328.3282023688277,0.1482479807408597,0.1482479807408597,0.1482479807408597,False,-0.07466518521917558,9.765625e-05,True
trial,282,282,281,997.1163945857127,997.1163945857127,997.0096940854603,997.0096940854603,3836,1918,0,0,3836,1918,1085588,542794,1918000.0,1918000.0,1000.0,False,True,3836,1918,0,0,3836,1918,0.0001953125,402.8199362354823,-0.6635300495570073,-0.6635300495570073,-0.6635300495570073,False,-0.16080733694519087,0.0001953125,False
trial,283,283,283,996.9900687886379,996.9900687886379,996.9900687886379,996.9900687886379,3836,1918,0,0,3836,1918,1089424,544712,1918000.0,1918000.0,1000.0,False,True,3836,1918,0,0,3836,1918,9.765625e-05,402.8199362354823,0.23535405786018218,0.23535405786018218,0.23535405786018218,False,-0.08338626918439535,9.765625e-05,True
trial,284,284,283,997.1142110364842,997.1142110364842,996.9900687886379,996.9900687886379,3836,1918,0,0,3836,1918,1093260,546630,1918000.0,1918000.0,1000.0,False,True,3836,1918,0,0,3836,1918,0.0001953125,327.77005145594825,-0.8733387715927456,-0.8733387715927456,-0.8733387715927456,False,-0.142146726887998,0.0001953125,False
trial,285,285,285,996.9792061418186,996.9792061418186,996.9792061418186,996.9792061418186,3836,1918,0,0,3836,1918,1097096,548548,1918000.0,1918000.0,1000.0,False,True,3836,1918,0,0,3836,1918,9.765625e-05,327.77005145594825,0.14597954979496763,0.14597954979496763,0.14597954979496763,False,-0.07441211344028699,9.765625e-05,True
trial,286,286,285,997.0806885364774,997.0806885364774,996.9792061418186,996.9792061418186,3836,1918,0,0,3836,1918,1100932,550466,1918000.0,1918000.0,1000.0,False,True,3836,1918,0,0,3836,1918,0.0001953125,402.40751539063416,-0.6340486373598312,-0.6340486373598312,-0.6340486373598312,False,-0.16005458994651434,0.0001953125,False
trial,287,287,287,996.959831784099,996.959831784099,996.959831784099,996.959831784099,3836,1918,0,0,3836,1918,1104768,552384,1918000.0,1918000.0,1000.0,False,True,3836,1918,0,0,3836,1918,9.765625e-05,402.40751539063416,0.23316512513300258,0.23316512513300258,0.23316512513300258,False,-0.08309286265916936,9.765625e-05,True
trial,288,288,287,997.0840993372792,997.0840993372792,996.959831784099,996.959831784099,3836,1918,0,0,3836,1918,1108604,554302,1918000.0,1918000.0,1000.0,False,True,3836,1918,0,0,3836,1918,0.0001953125,326.98546653310206,-0.8775073907671027,-0.8775073907671027,-0.8775073907671027,False,-0.1416142524697626,0.0001953125,False
trial,289,289,289,996.9492120719317,996.9492120719317,996.9492120719317,996.9492120719317,3836,1918,0,0,3836,1918,1112440,556220,1918000.0,1918000.0,1000.0,False,True,3836,1918,0,0,3836,1918,9.765625e-05,326.98546653310206,0.14306998362039927,0.14306998362039927,0.14306998362039927,False,-0.07422739486374123,9.765625e-05,True
trial,290,290,289,997.054314791506,997.054314791506,996.9492120719317,996.9492120719317,3836,1918,0,0,3836,1918,1116276,558138,1918000.0,1918000.0,1000.0,False,True,3836,1918,0,0,3836,1918,0.0001953125,402.52254796952246,-0.6578075903253834,-0.6578075903253834,-0.6578075903253834,False,-0.15977729828620307,0.0001953125,False
trial,291,291,291,996.9299956493369,996.9299956493369,996.9299956493369,996.9299956493369,3836,1918,0,0,3836,1918,1120112,560056,1918000.0,1918000.0,1000.0,False,True,3836,1918,0,0,3836,1918,9.765625e-05,402.52254796952246,0.2317727261717417,0.2317727261717417,0.2317727261717417,False,-0.08291062935752774,9.765625e-05,True
trial,292,292,291,997.0551757248679,997.0551757248679,996.9299956493369,996.9299956493369,3836,1918,0,0,3836,1918,1123948,561974,1918000.0,1918000.0,1000.0,False,True,3836,1918,0,0,3836,1918,0.0001953125,326.3245373486577,-0.8875137809136531,-0.8875137809136531,-0.8875137809136531,False,-0.14104578230004186,0.0001953125,False
trial,293,293,293,996.9196451736757,996.9196451736757,996.9196451736757,996.9196451736757,3836,1918,0,0,3836,1918,1127784,563892,1918000.0,1918000.0,1000.0,False,True,3836,1918,0,0,3836,1918,9.765625e-05,326.3245373486577,0.1401275729210598,0.1401275729210598,0.1401275729210598,False,-0.07386466093314255,9.765625e-05,True
trial,294,294,293,997.0236904501792,997.0236904501792,996.9196451736757,996.9196451736757,3836,1918,0,0,3836,1918,1131620,565810,1918000.0,1918000.0,1000.0,False,True,3836,1918,0,0,3836,1918,0.0001953125,402.0137992741125,-0.6547577515671842,-0.6547577515671842,-0.6547577515671842,False,-0.15890652115908285,0.0001953125,False
trial,295,295,295,996.9006547954573,996.9006547954573,996.9006547954573,996.9006547954573,3836,1918,0,0,3836,1918,1135456,567728,1918000.0,1918000.0,1000.0,False,True,3836,1918,0,0,3836,1918,9.765625e-05,402.0137992741125,0.2296925050980733,0.2296925050980733,0.2296925050980733,False,-0.08267739607043867,9.765625e-05,True
trial,296,296,295,997.025837094693,997.025837094693,996.9006547954573,996.9006547954573,3836,1918,0,0,3836,1918,1139292,569646,1918000.0,1918000.0,1000.0,False,True,3836,1918,0,0,3836,1918,0.0001953125,319.89203006842683,-0.8912629083983566,-0.8912629083983566,-0.8912629083983566,False,-0.1404549634637528,0.0001953125,False
trial,297,297,297,996.8905060167697,996.8905060167697,996.8905060167697,996.8905060167697,3836,1918,0,0,3836,1918,1143128,571564,1918000.0,1918000.0,1000.0,False,True,3836,1918,0,0,3836,1918,9.765625e-05,319.89203006842683,0.13771227462981564,0.13771227462981564,0.13771227462981564,False,-0.07369552724975827,9.765625e-05,True
trial,298,298,297,996.9942148099942,996.9942148099942,996.8905060167697,996.8905060167697,3836,1918,0,0,3836,1918,1146964,573482,1918000.0,1918000.0,1000.0,False,True,3836,1918,0,0,3836,1918,0.0001953125,402.49752867056196,-0.6541674598602351,-0.6541674598602351,-0.6541674598602351,False,-0.15853554263720027,0.0001953125,False
trial,299,299,299,996.8717157520249,996.8717157520249,996.8717157520249,996.8717157520249,3836,1918,0,0,3836,1918,1150800,575400,1918000.0,1918000.0,1000.0,False,True,3836,1918,0,0,3836,1918,9.765625e-05,402.49752867056196,0.22783728390247532,0.22783728390247532,0.22783728390247532,False,-0.08247229962951562,9.765625e-05,True
trial,300,300,299,996.9973812806412,996.9973812806412,996.8717157520249,996.8717157520249,3836,1918,0,0,3836,1918,1154636,577318,1918000.0,1918000.0,1000.0,False,True,3836,1918,0,0,3836,1918,0.0001953125,329.8742892418111,-0.8976675981434248,-0.8976675981434248,-0.8976675981434248,False,-0.13999116028718608,0.0001953125,False
trial,301,301,301,996.8617578950327,996.8617578950327,996.8617578950327,996.8617578950327,3836,1918,0,0,3836,1918,1158472,579236,1918000.0,1918000.0,1000.0,False,True,3836,1918,0,0,3836,1918,9.765625e-05,329.8742892418111,0.13562947145067067,0.13562947145067067,0.13562947145067067,False,-0.07341956645311383,9.765625e-05,True
trial,302,302,301,996.9657332856914,996.9657332856914,996.8617578950327,996.8617578950327,3836,1918,0,0,3836,1918,1162308,581154,1918000.0,1918000.0,1000.0,False,True,3836,1918,0,0,3836,1918,0.0001953125,401.14974258163977,-0.6576912312183807,-0.6576912312183807,-0.6576912312183807,False,-0.15809149601408778,0.0001953125,False
trial,303,303,303,996.8432523861611,996.8432523861611,996.8432523861611,996.8432523861611,3836,1918,0,0,3836,1918,1166144,583072,1918000.0,1918000.0,1000.0,False,True,3836,1918,0,0,3836,1918,9.765625e-05,401.14974258163977,0.2252245556890469,0.2252245556890469,0.2252245556890469,False,-0.08216470364431305,9.765625e-05,True
trial,304,304,303,996.9691742425875,996.9691742425875,996.8432523861611,996.8432523861611,3836,1918,0,0,3836,1918,1169980,584990,1918000.0,1918000.0,1000.0,False,True,3836,1918,0,0,3836,1918,0.0001953125,325.54363291294874,-0.9020456376442807,-0.9020456376442807,-0.9020456376442807,False,-0.13959588203904946,0.0001953125,False
trial,305,305,305,996.8335521825381,996.8335521825381,996.8335521825381,996.8335521825381,3836,1918,0,0,3836,1918,1173816,586908,1918000.0,1918000.0,1000.0,False,True,3836,1918,0,0,3836,1918,9.765625e-05,325.54363291294874,0.13246133120986972,0.13246133120986972,0.13246133120986972,False,-0.07323045551762411,9.765625e-05,True
trial,306,306,305,996.9376685073325,996.9376685073325,996.8335521825381,996.8335521825381,3836,1918,0,0,3836,1918,1177652,588826,1918000.0,1918000.0,1000.0,False,True,3836,1918,0,0,3836,1918,0.0001953125,402.4208069850757,-0.6612823147796761,-0.6612823147796761,-0.6612823147796761,False,-0.15744610504076956,0.0001953125,False
trial,307,307,307,996.8152544819654,996.8152544819654,996.8152544819654,996.8152544819654,3836,1918,0,0,3836,1918,1181488,590744,1918000.0,1918000.0,1000.0,False,True,3836,1918,0,0,3836,1918,9.765625e-05,402.4208069850757,0.22330069529211846,0.22330069529211846,0.22330069529211846,False,-0.081941977604529,9.765625e-05,True
trial,308,308,307,996.941645362651,996.941645362651,996.8152544819654,996.8152544819654,3836,1918,0,0,3836,1918,1185324,592662,1918000.0,1918000.0,1000.0,False,True,3836,1918,0,0,3836,1918,0.0001953125,324.4274822837038,-0.9079842022605042,-0.9079842022605042,-0.9079842022605042,False,-0.13919942700644083,0.0001953125,False
trial,309,309,309,996.8058191499332,996.8058191499332,996.8058191499332,996.8058191499332,3836,1918,0,0,3836,1918,1189160,594580,1918000.0,1918000.0,1000.0,False,True,3836,1918,0,0,3836,1918,9.765625e-05,324.4274822837038,0.12943464817085057,0.12943464817085057,0.12943464817085057,False,-0.07289649383359376,9.765625e-05,True
trial,310,310,309,996.9150747151309,996.9150747151309,996.8058191499332,996.8058191499332,3836,1918,0,0,3836,1918,1192996,596498,1918000.0,1918000.0,1000.0,False,True,3836,1918,0,0,3836,1918,0.0001953125,401.2812196429466,-0.6942352742162726,-0.6942352742162726,-0.6942352742162726,False,-0.1573754161671676,0.0001953125,False
trial,311,311,311,996.7877614655513,996.7877614655513,996.7877614655513,996.7877614655513,3836,1918,0,0,3836,1918,1196832,598416,1918000.0,1918000.0,1000.0,False,True,3836,1918,0,0,3836,1918,9.765625e-05,401.2812196429466,0.22106376165118513,0.22106376165118513,0.22106376165118513,False,-0.08168541169768222,9.765625e-05,True
trial,312,312,311,996.9146130614795,996.9146130614795,996.7877614655513,996.7877614655513,3836,1918,0,0,3836,1918,1200668,600334,1918000.0,1918000.0,1000.0,False,True,3836,1918,0,0,3836,1918,0.0001953125,323.7966392443215,-0.9148492966554346,-0.9148492966554346,-0.9148492966554346,False,-0.13865846144491073,0.0001953125,False
trial,313,313,313,996.7785838845995,996.7785838845995,996.7785838845995,996.7785838845995,3836,1918,0,0,3836,1918,1204504,602252,1918000.0,1918000.0,1000.0,False,True,3836,1918,0,0,3836,1918,9.765625e-05,323.7966392443215,0.12629834474868037,0.12629834474868037,0.12629834474868037,False,-0.07266588465649604,9.765625e-05,True
trial,314,314,313,996.8815214685158,996.8815214685158,996.7785838845995,996.7785838845995,3836,1918,0,0,3836,1918,1208340,604170,1918000.0,1918000.0,1000.0,False,True,3836,1918,0,0,3836,1918,0.0001953125,401.37118351498094,-0.656804303813862,-0.656804303813862,-0.656804303813862,False,-0.1567248925114522,0.0001953125,False
trial,315,315,315,996.760732384124,996.760732384124,996.760732384124,996.760732384124,3836,1918,0,0,3836,1918,1212176,606088,1918000.0,1918000.0,1000.0,False,True,3836,1918,0,0,3836,1918,9.765625e-05,401.37118351498094,0.21927940146285552,0.21927940146285552,0.21927940146285552,False,-0.08140983766078187,9.765625e-05,True
trial,316,316,315,996.8882443618243,996.8882443618243,996.760732384124,996.760732384124,3836,1918,0,0,3836,1918,1216012,608006,1918000.0,1918000.0,1000.0,False,True,3836,1918,0,0,3836,1918,0.0001953125,323.0343422721427,-0.9253419213487822,-0.9253419213487822,-0.9253419213487822,False,-0.137799849718659,0.0001953125,False
trial,317,317,317,996.7518749312329,996.7518749312329,996.7518749312329,996.7518749312329,3836,1918,0,0,3836,1918,1219848,609924,1918000.0,1918000.0,1000.0,False,True,3836,1918,0,0,3836,1918,9.765625e-05,323.0343422721427,0.12247357378788155,0.12247357378788155,0.12247357378788155,False,-0.07232133934825338,9.765625e-05,True
trial,318,318,317,996.859853524931,996.859853524931,996.7518749312329,996.7518749312329,3836,1918,0,0,3836,1918,1223684,611842,1918000.0,1918000.0,1000.0,False,True,3836,1918,0,0,3836,1918,0.0001953125,401.23654061335867,-0.6913441420173643,-0.6913441420173643,-0.6913441420173643,False,-0.15618645929804256,0.0001953125,False
trial,319,319,319,996.7342193367892,996.7342193367892,996.7342193367892,996.7342193367892,3836,1918,0,0,3836,1918,1227520,613760,1918000.0,1918000.0,1000.0,False,True,3836,1918,0,0,3836,1918,9.765625e-05,401.23654061335867,0.2173774382811328,0.2173774382811328,0.2173774382811328,False,-0.08122091502820777,9.765625e-05,True
trial,320,320,319,996.8620645671881,996.8620645671881,996.7342193367892,996.7342193367892,3836,1918,0,0,3836,1918,1231356,615678,1918000.0,1918000.0,1000.0,False,True,3836,1918,0,0,3836,1918,0.0001953125,322.2747164437918,-0.9308038405701856,-0.9308038405701856,-0.9308038405701856,False,-0.13734927256052892,0.0001953125,False
trial,321,321,321,996.7256686208889,996.7256686208889,996.7256686208889,996.7256686208889,3836,1918,0,0,3836,1918,1235192,617596,1918000.0,1918000.0,1000.0,False,True,3836,1918,0,0,3836,1918,9.765625e-05,322.2747164437918,0.11881494989724202,0.11881494989724202,0.11881494989724202,False,-0.07196666671787219,9.765625e-05,True
trial,322,322,321,996.8364340516889,996.8364340516889,996.7256686208889,996.7256686208889,3836,1918,0,0,3836,1918,1239028,619514,1918000.0,1918000.0,1000.0,False,True,3836,1918,0,0,3836,1918,0.0001953125,400.7676652429539,-0.7110079900165475,-0.7110079900165475,-0.7110079900165475,False,-0.1557864782890152,0.0001953125,False
trial,323,323,323,996.7082428134928,996.7082428134928,996.7082428134928,996.7082428134928,3836,1918,0,0,3836,1918,1242864,621432,1918000.0,1918000.0,1000.0,False,True,3836,1918,0,0,3836,1918,9.765625e-05,400.7676652429539,0.21526430973956537,0.21526430973956537,0.21526430973956537,False,-0.0809507503457605,9.765625e-05,True
trial,324,324,323,996.8370338580106,996.8370338580106,996.7082428134928,996.7082428134928,3836,1918,0,0,3836,1918,1246700,623350,1918000.0,1918000.0,1000.0,False,True,3836,1918,0,0,3836,1918,0.0001953125,321.9722608915184,-0.9418534316805875,-0.9418534316805875,-0.9418534316805875,False,-0.13674213012953002,0.0001953125,False
trial,325,325,325,996.6999870692983,996.6999870692983,996.6999870692983,996.6999870692983,3836,1918,0,0,3836,1918,1250536,625268,1918000.0,1918000.0,1000.0,False,True,3836,1918,0,0,3836,1918,9.765625e-05,321.9722608915184,0.11531196672773147,0.11531196672773147,0.11531196672773147,False,-0.07159486069603097,9.765625e-05,True
trial,326,326,325,996.811149134786,996.811149134786,996.6999870692983,996.6999870692983,3836,1918,0,0,3836,1918,1254372,627186,1918000.0,1918000.0,1000.0,False,True,3836,1918,0,0,3836,1918,0.0001953125,400.2558507650106,-0.7161098577859829,-0.7161098577859829,-0.7161098577859829,False,-0.15523046398399848,0.0001953125,False
trial,327,327,327,996.6829112084705,996.6829112084705,996.6829112084705,996.6829112084705,3836,1918,0,0,3836,1918,1258208,629104,1918000.0,1918000.0,1000.0,False,True,3836,1918,0,0,3836,1918,9.765625e-05,400.2558507650106,0.21186993681150793,0.21186993681150793,0.21186993681150793,False,-0.08059595941181799,9.765625e-05,True
trial,328,328,327,996.8116701027834,996.8116701027834,996.6829112084705,996.6829112084705,3836,1918,0,0,3836,1918,1262044,631022,1918000.0,1918000.0,1000.0,False,True,3836,1918,0,0,3836,1918,0.0001953125,320.8952720792722,-0.9471663621373654,-0.9471663621373654,-0.9471663621373654,False,-0.13594116034943798,0.0001953125,False
trial,329,329,329,996.6748801947144,996.6748801947144,996.6748801947144,996.6748801947144,3836,1918,0,0,3836,1918,1265880,632940,1918000.0,1918000.0,1000.0,False,True,3836,1918,0,0,3836,1918,9.765625e-05,320.8952720792722,0.11254461044848314,0.11254461044848314,0.11254461044848314,False,-0.07135849263740142,9.765625e-05,True
trial,330,330,329,996.7862116767581,996.7862116767581,996.6748801947144,996.6748801947144,3836,1918,0,0,3836,1918,1269716,634858,1918000.0,1918000.0,1000.0,False,True,3836,1918,0,0,3836,1918,0.0001953125,399.8279638966733,-0.719906169693479,-0.719906169693479,-0.719906169693479,False,-0.1546472119985123,0.0001953125,False
trial,331,331,331,996.6579944885896,996.6579944885896,996.6579944885896,996.6579944885896,3836,1918,0,0,3836,1918,1273552,636776,1918000.0,1918000.0,1000.0,False,True,3836,1918,0,0,3836,1918,9.765625e-05,399.8279638966733,0.2101094748965374,0.2101094748965374,0.2101094748965374,False,-0.08036622876327773,9.765625e-05,True
trial,332,332,331,996.7873501359385,996.7873501359385,996.6579944885896,996.6579944885896,3836,1918,0,0,3836,1918,1277388,638694,1918000.0,1918000.0,1000.0,False,True,3836,1918,0,0,3836,1918,0.0001953125,320.36502563408516,-0.9546669875677573,-0.9546669875677573,-0.9546669875677573,False,-0.13549818840858907,0.0001953125,False
trial,333,333,333,996.6503356823013,996.6503356823013,996.6503356823013,996.6503356823013,3836,1918,0,0,3836,1918,1281224,640612,1918000.0,1918000.0,1000.0,False,True,3836,1918,0,0,3836,1918,9.765625e-05,320.36502563408516,0.10781259983606278,0.10781259983606278,0.10781259983606278,False,-0.0710381374714136,9.765625e-05,True
trial,334,334,333,996.7615302356354,996.7615302356354,996.6503356823013,996.6503356823013,3836,1918,0,0,3836,1918,1285060,642530,1918000.0,1918000.0,1000.0,False,True,3836,1918,0,0,3836,1918,0.0001953125,400.3185789642308,-0.7208340442494446,-0.7208340442494446,-0.7208340442494446,False,-0.15425818774961356,0.0001953125,False
trial,335,335,335,996.6336517589393,996.6336517589393,996.6336517589393,996.6336517589393,3836,1918,0,0,3836,1918,1288896,644448,1918000.0,1918000.0,1000.0,False,True,3836,1918,0,0,3836,1918,9.765625e-05,400.3185789642308,0.20813841732126093,0.20813841732126093,0.20813841732126093,False,-0.0801578275488993,9.765625e-05,True
trial,336,336,335,996.7636228561813,996.7636228561813,996.6336517589393,996.6336517589393,3836,1918,0,0,3836,1918,1292732,646366,1918000.0,1918000.0,1000.0,False,True,3836,1918,0,0,3836,1918,0.0001953125,320.560749825247,-0.9636880013457583,-0.9636880013457583,-0.9636880013457583,False,-0.13486843984826138,0.0001953125,False
trial,337,337,337,996.6262616014855,996.6262616014855,996.6262616014855,996.6262616014855,3836,1918,0,0,3836,1918,1296568,648284,1918000.0,1918000.0,1000.0,False,True,3836,1918,0,0,3836,1918,9.765625e-05,320.560749825247,0.10453190963578025,0.10453190963578025,0.10453190963578025,False,-0.07069762218655505,9.765625e-05,True
trial,338,338,337,996.7387915051166,996.7387915051166,996.6262616014855,996.6262616014855,3836,1918,0,0,3836,1918,1300404,650202,1918000.0,1918000.0,1000.0,False,True,3836,1918,0,0,3836,1918,0.0001953125,399.6964828473981,-0.7319652482642763,-0.7319652482642763,-0.7319652482642763,False,-0.1537366752014919,0.0001953125,False
trial,339,339,339,996.6098835766461,996.6098835766461,996.6098835766461,996.6098835766461,3836,1918,0,0,3836,1918,1304240,652120,1918000.0,1918000.0,1000.0,False,True,3836,1918,0,0,3836,1918,9.765625e-05,399.6964828473981,0.2051197984997124,0.2051197984997124,0.2051197984997124,False,-0.07984614337156724,9.765625e-05,True
trial,340,340,339,996.7399369448113,996.7399369448113,996.6098835766461,996.6098835766461,3836,1918,0,0,3836,1918,1308076,654038,1918000.0,1918000.0,1000.0,False,True,3836,1918,0,0,3836,1918,0.0001953125,320.09025953151047,-0.9727274648144786,-0.9727274648144786,-0.9727274648144786,False,-0.1336996978799748,0.0001953125,False
trial,341,341,341,996.6027196736537,996.6027196736537,996.6027196736537,996.6027196736537,3836,1918,0,0,3836,1918,1311912,655956,1918000.0,1918000.0,1000.0,False,True,3836,1918,0,0,3836,1918,9.765625e-05,320.09025953151047,0.10171658354647221,0.10171658354647221,0.10171658354647221,False,-0.07043003945469148,9.765625e-05,True
trial,342,342,341,996.7155920805263,996.7155920805263,996.6027196736537,996.6027196736537,3836,1918,0,0,3836,1918,1315748,657874,1918000.0,1918000.0,1000.0,False,True,3836,1918,0,0,3836,1918,0.0001953125,399.5385424946262,-0.737496060037699,-0.737496060037699,-0.737496060037699,False,-0.1530481489851508,0.0001953125,False
trial,343,343,343,996.586636084619,996.586636084619,996.586636084619,996.586636084619,3836,1918,0,0,3836,1918,1319584,659792,1918000.0,1918000.0,1000.0,False,True,3836,1918,0,0,3836,1918,9.765625e-05,399.5385424946262,0.20226497505595215,0.20226497505595215,0.20226497505595215,False,-0.0795174203058622,9.765625e-05,True
trial,344,344,343,996.7179506042901,996.7179506042901,996.586636084619,996.586636084619,3836,1918,0,0,3836,1918,1323420,661710,1918000.0,1918000.0,1000.0,False,True,3836,1918,0,0,3836,1918,0.0001953125,319.43151879739105,-0.9824363302287191,-0.9824363302287191,-0.9824363302287191,False,-0.1336621169541496,0.0001953125,False
trial,345,345,345,996.5798049901289,996.5798049901289,996.5798049901289,996.5798049901289,3836,1918,0,0,3836,1918,1327256,663628,1918000.0,1918000.0,1000.0,False,True,3836,1918,0,0,3836,1918,9.765625e-05,319.43151879739105,0.09745414204633907,0.09745414204633907,0.09745414204633907,False,-0.07009547615655654,9.765625e-05,True
trial,346,346,345,996.69332343485,996.69332343485,996.5798049901289,996.5798049901289,3836,1918,0,0,3836,1918,1331092,665546,1918000.0,1918000.0,1000.0,False,True,3836,1918,0,0,3836,1918,0.0001953125,399.50672326312076,-0.7446353870219816,-0.7446353870219816,-0.7446353870219816,False,-0.15244836157340633,0.0001953125,False
trial,347,347,347,996.5640376494796,996.5640376494796,996.5640376494796,996.5640376494796,3836,1918,0,0,3836,1918,1334928,667464,1918000.0,1918000.0,1000.0,False,True,3836,1918,0,0,3836,1918,9.765625e-05,399.50672326312076,0.19910606862736815,0.19910606862736815,0.19910606862736815,False,-0.07919065831589181,9.765625e-05,True
trial,348,348,347,996.6961621711141,996.6961621711141,996.5640376494796,996.5640376494796,3836,1918,0,0,3836,1918,1338764,669382,1918000.0,1918000.0,1000.0,False,True,3836,1918,0,0,3836,1918,0.0001953125,318.54732885490387,-0.9961614138320891,-0.9961614138320891,-0.9961614138320891,False,-0.1326336473185197,0.0001953125,False
trial,349,349,349,996.5575559549341,996.5575559549341,996.5575559549341,996.5575559549341,3836,1918,0,0,3836,1918,1342600,671300,1918000.0,1918000.0,1000.0,False,True,3836,1918,0,0,3836,1918,9.765625e-05,318.54732885490387,0.09289856009679809,0.09289856009679809,0.09289856009679809,False,-0.06977174391910859,9.765625e-05,True
trial,350,350,349,996.6712620693777,996.6712620693777,996.5575559549341,996.5575559549341,3836,1918,0,0,3836,1918,1346436,673218,1918000.0,1918000.0,1000.0,False,True,3836,1918,0,0,3836,1918,0.0001953125,399.42067124921743,-0.7487323586312185,-0.7487323586312185,-0.7487323586312185,False,-0.15186483278417404,0.0001953125,False
trial,351,351,351,996.5420228254014,996.5420228254014,996.5420228254014,996.5420228254014,3836,1918,0,0,3836,1918,1350272,675136,1918000.0,1918000.0,1000.0,False,True,3836,1918,0,0,3836,1918,9.765625e-05,399.42067124921743,0.19683689129335077,0.19683689129335077,0.19683689129335077,False,-0.07891371089313921,9.765625e-05,True
trial,352,352,351,996.67458231861,996.67458231861,996.5420228254014,996.5420228254014,3836,1918,0,0,3836,1918,1354108,677054,1918000.0,1918000.0,1000.0,False,True,3836,1918,0,0,3836,1918,0.0001953125,318.14800194660285,-1.0043596010383882,-1.0043596010383882,-1.0043596010383882,False,-0.13198409521000407,0.0001953125,False
trial,353,353,353,996.5358531284438,996.5358531284438,996.5358531284438,996.5358531284438,3836,1918,0,0,3836,1918,1357944,678972,1918000.0,1918000.0,1000.0,False,True,3836,1918,0,0,3836,1918,9.765625e-05,318.14800194660285,0.08895340765724484,0.08895340765724484,0.08895340765724484,False,-0.06935874768717504,9.765625e-05,True
trial,354,354,353,996.6505063600999,996.6505063600999,996.5358531284438,996.5358531284438,3836,1918,0,0,3836,1918,1361780,680890,1918000.0,1918000.0,1000.0,False,True,3836,1918,0,0,3836,1918,0.0001953125,398.89523835129404,-0.7589690557810772,-0.7589690557810772,-0.7589690557810772,False,-0.1510644350817803,0.0001953125,False
trial,355,355,355,996.5207111802122,996.5207111802122,996.5207111802122,996.5207111802122,3836,1918,0,0,3836,1918,1365616,682808,1918000.0,1918000.0,1000.0,False,True,3836,1918,0,0,3836,1918,9.765625e-05,398.89523835129404,0.19291947099139942,0.19291947099139942,0.19291947099139942,False,-0.07848843952261932,9.765625e-05,True
trial,356,356,355,996.6540856131106,996.6540856131106,996.5207111802122,996.5207111802122,3836,1918,0,0,3836,1918,1369452,684726,1918000.0,1918000.0,1000.0,False,True,3836,1918,0,0,3836,1918,0.0001953125,317.2953118882603,-1.0179615712121828,-1.0179615712121828,-1.0179615712121828,False,-0.13102108829081624,0.0001953125,False
trial,357,357,357,996.5148461935635,996.5148461935635,996.5148461935635,996.5148461935635,3836,1918,0,0,3836,1918,1373288,686644,1918000.0,1918000.0,1000.0,False,True,3836,1918,0,0,3836,1918,9.765625e-05,317.2953118882603,0.08487010825342783,0.08487010825342783,0.08487010825342783,False,-0.06910544559681495,9.765625e-05,True
trial,358,358,357,996.62995377027,996.62995377027,996.5148461935635,996.5148461935635,3836,1918,0,0,3836,1918,1377124,688562,1918000.0,1918000.0,1000.0,False,True,3836,1918,0,0,3836,1918,0.0001953125,399.19826123846514,-0.7639982907510131,-0.7639982907510131,-0.7639982907510131,False,-0.15066470448962196,0.0001953125,False
trial,359,359,359,996.4999088577118,996.4999088577118,996.4999088577118,996.4999088577118,3836,1918,0,0,3836,1918,1380960,690480,1918000.0,1918000.0,1000.0,False,True,3836,1918,0,0,3836,1918,9.765625e-05,399.19826123846514,0.19081513388916632,0.19081513388916632,0.19081513388916632,False,-0.07828171459564426,9.765625e-05,True
trial,360,360,359,996.6338456817892,996.6338456817892,996.4999088577118,996.4999088577118,3836,1918,0,0,3836,1918,1384796,692398,1918000.0,1918000.0,1000.0,False,True,3836,1918,0,0,3836,1918,0.0001953125,317.34853378863886,-1.026210062446798,-1.026210062446798,-1.026210062446798,False,-0.13051599178248455,0.0001953125,False
trial,361,361,361,996.4943592366444,996.4943592366444,996.4943592366444,996.4943592366444,3836,1918,0,0,3836,1918,1388632,694316,1918000.0,1918000.0,1000.0,False,True,3836,1918,0,0,3836,1918,9.765625e-05,317.34853378863886,0.08079090627901989,0.08079090627901989,0.08079090627901989,False,-0.06869115997102707,9.765625e-05,True
trial,362,362,361,996.6099597134944,996.6099597134944,996.4943592366444,996.4943592366444,3836,1918,0,0,3836,1918,1392468,696234,1918000.0,1918000.0,1000.0,False,True,3836,1918,0,0,3836,1918,0.0001953125,398.50909371157536,-0.771518108569966,-0.771518108569966,-0.771518108569966,False,-0.1498350791328103,0.0001953125,False
trial,363,363,363,996.4798338361695,996.4798338361695,996.4798338361695,996.4798338361695,3836,1918,0,0,3836,1918,1396304,698152,1918000.0,1918000.0,1000.0,False,True,3836,1918,0,0,3836,1918,9.765625e-05,398.50909371157536,0.1866066191130885,0.1866066191130885,0.1866066191130885,False,-0.07783968512977639,9.765625e-05,True
trial,364,364,363,996.6144371259743,996.6144371259743,996.4798338361695,996.4798338361695,3836,1918,0,0,3836,1918,1400140,700070,1918000.0,1918000.0,1000.0,False,True,3836,1918,0,0,3836,1918,0.0001953125,316.75398101363885,-1.0367993938986406,-1.0367993938986406,-1.0367993938986406,False,-0.12982577979586618,0.0001953125,False
trial,365,365,365,996.4746277451312,996.4746277451312,996.4746277451312,996.4746277451312,3836,1918,0,0,3836,1918,1403976,701988,1918000.0,1918000.0,1000.0,False,True,3836,1918,0,0,3836,1918,9.765625e-05,316.75398101363885,0.07619004926819437,0.07619004926819437,0.07619004926819437,False,-0.06833032775681212,9.765625e-05,True
trial,366,366,365,996.5886226170126,996.5886226170126,996.4746277451312,996.4746277451312,3836,1918,0,0,3836,1918,1407812,703906,1918000.0,1918000.0,1000.0,False,True,3836,1918,0,0,3836,1918,0.0001953125,398.042161187637,-0.7648154068250607,-0.7648154068250607,-0.7648154068250607,False,-0.14904886965413894,0.0001953125,False
trial,367,367,367,996.4603332647446,996.4603332647446,996.4603332647446,996.4603332647446,3836,1918,0,0,3836,1918,1411648,705824,1918000.0,1918000.0,1000.0,False,True,3836,1918,0,0,3836,1918,9.765625e-05,398.042161187637,0.184231367756139,0.184231367756139,0.184231367756139,False,-0.0775898293582645,9.765625e-05,True
trial,368,368,367,996.5955133321128,996.5955133321128,996.4603332647446,996.4603332647446,3836,1918,0,0,3836,1918,1415484,707742,1918000.0,1918000.0,1000.0,False,True,3836,1918,0,0,3836,1918,0.0001953125,316.2087051927077,-1.0476098898367234,-1.0476098898367234,-1.0476098898367234,False,-0.12903664682782356,0.0001953125,False
trial,369,369,369,996.4555346633224,996.4555346633224,996.4555346633224,996.4555346633224,3836,1918,0,0,3836,1918,1419320,709660,1918000.0,1918000.0,1000.0,False,True,3836,1918,0,0,3836,1918,9.765625e-05,316.2087051927077,0.070607352066728,0.070607352066728,0.070607352066728,False,-0.06796178134035714,9.765625e-05,True
trial,370,370,369,996.5727562966894,996.5727562966894,996.4555346633224,996.4555346633224,3836,1918,0,0,3836,1918,1423156,711578,1918000.0,1918000.0,1000.0,False,True,3836,1918,0,0,3836,1918,0.0001953125,398.3116188150378,-0.7897631176338292,-0.7897631176338292,-0.7897631176338292,False,-0.1484263201834098,0.0001953125,False
trial,371,371,371,996.4415226045566,996.4415226045566,996.4415226045566,996.4415226045566,3836,1918,0,0,3836,1918,1426992,713496,1918000.0,1918000.0,1000.0,False,True,3836,1918,0,0,3836,1918,9.765625e-05,398.3116188150378,0.1812857713713084,0.1812857713713084,0.1812857713713084,False,-0.07729265600852689,9.765625e-05,True
trial,372,372,371,996.5771459219299,996.5771459219299,996.4415226045566,996.4415226045566,3836,1918,0,0,3836,1918,1430828,715414,1918000.0,1918000.0,1000.0,False,True,3836,1918,0,0,3836,1918,0.0001953125,316.3571637279497,-1.054862737302092,-1.054862737302092,-1.054862737302092,False,-0.1285696352495783,0.0001953125,False
trial,373,373,373,996.4370246928125,996.4370246928125,996.4370246928125,996.4370246928125,3836,1918,0,0,3836,1918,1434664,717332,1918000.0,1918000.0,1000.0,False,True,3836,1918,0,0,3836,1918,9.765625e-05,316.3571637279497,0.06652991833589691,0.06652991833589691,0.06652991833589691,False,-0.06760735405237694,9.765625e-05,True
trial,374,374,373,996.5526389604626,996.5526389604626,996.4370246928125,996.4370246928125,3836,1918,0,0,3836,1918,1438500,719250,1918000.0,1918000.0,1000.0,False,True,3836,1918,0,0,3836,1918,0.0001953125,398.32201492076973,-0.7827040912233049,-0.7827040912233049,-0.7827040912233049,False,-0.14771133682119983,0.0001953125,False
trial,375,375,375,996.4233858596658,996.4233858596658,996.4233858596658,996.4233858596658,3836,1918,0,0,3836,1918,1442336,721168,1918000.0,1918000.0,1000.0,False,True,3836,1918,0,0,3836,1918,9.765625e-05,398.32201492076973,0.17739503059991585,0.17739503059991585,0.17739503059991585,False,-0.07688396400172456,9.765625e-05,True
trial,376,376,375,996.5600243051892,996.5600243051892,996.4233858596658,996.4233858596658,3836,1918,0,0,3836,1918,1446172,723086,1918000.0,1918000.0,1000.0,False,True,3836,1918,0,0,3836,1918,0.0001953125,315.2710673384011,-1.0710983324546761,-1.0710983324546761,-1.0710983324546761,False,-0.12756853538394708,0.0001953125,False
trial,377,377,377,996.419314300235,996.419314300235,996.419314300235,996.419314300235,3836,1918,0,0,3836,1918,1450008,725004,1918000.0,1918000.0,1000.0,False,True,3836,1918,0,0,3836,1918,9.765625e-05,315.2710673384011,0.06065459599655812,0.06065459599655812,0.06065459599655812,False,-0.0671269730501173,9.765625e-05,True
trial,378,378,377,996.535920093373,996.535920093373,996.419314300235,996.419314300235,3836,1918,0,0,3836,1918,1453844,726922,1918000.0,1918000.0,1000.0,False,True,3836,1918,0,0,3836,1918,0.0001953125,397.83808899875675,-0.7931258364352902,-0.7931258364352902,-0.7931258364352902,False,-0.14702054551906144,0.0001953125,False
trial,379,379,379,996.4060588097682,996.4060588097682,996.4060588097682,996.4060588097682,3836,1918,0,0,3836,1918,1457680,728840,1918000.0,1918000.0,1000.0,False,True,3836,1918,0,0,3836,1918,9.765625e-05,397.83808899875675,0.17337375386546383,0.17337375386546383,0.17337375386546383,False,-0.07645615424056743,9.765625e-05,True
trial,380,380,379,996.5434614536342,996.5434614536342,996.4060588097682,996.4060588097682,3836,1918,0,0,3836,1918,1461516,730758,1918000.0,1918000.0,1000.0,False,True,3836,1918,0,0,3836,1918,0.0001953125,314.63651711087203,-1.0844404678733068,-1.0844404678733068,-1.0844404678733068,False,-0.12670372227578278,0.0001953125,False
trial,381,381,381,996.402401498355,996.402401498355,996.402401498355,996.402401498355,3836,1918,0,0,3836,1918,1465352,732676,1918000.0,1918000.0,1000.0,False,True,3836,1918,0,0,3836,1918,9.765625e-05,314.63651711087203,0.05480407723702056,0.05480407723702056,0.05480407723702056,False,-0.06673429419161316,9.765625e-05,True
trial,382,382,381,996.5212104335054,996.5212104335054,996.402401498355,996.402401498355,3836,1918,0,0,3836,1918,1469188,734594,1918000.0,1918000.0,1000.0,False,True,3836,1918,0,0,3836,1918,0.0001953125,398.0442854983132,-0.8120211270753411,-0.8120211270753411,-0.8120211270753411,False,-0.14631261575469487,0.0001953125,False
trial,383,383,383,996.3894631887456,996.3894631887456,996.3894631887456,996.3894631887456,3836,1918,0,0,3836,1918,1473024,736512,1918000.0,1918000.0,1000.0,False,True,3836,1918,0,0,3836,1918,9.765625e-05,398.0442854983132,0.16994293116687864,0.16994293116687864,0.16994293116687864,False,-0.07613326144556355,9.765625e-05,True
trial,384,384,383,996.5274896888535,996.5274896888535,996.3894631887456,996.3894631887456,3836,1918,0,0,3836,1918,1476860,738430,1918000.0,1918000.0,1000.0,False,True,3836,1918,0,0,3836,1918,0.0001953125,314.29882943186345,-1.097322538361251,-1.097322538361251,-1.097322538361251,False,-0.12578480372237877,0.0001953125,False
trial,385,385,385,996.386128207463,996.386128207463,996.386128207463,996.386128207463,3836,1918,0,0,3836,1918,1480696,740348,1918000.0,1918000.0,1000.0,False,True,3836,1918,0,0,3836,1918,9.765625e-05,314.29882943186345,0.05022780287371093,0.05022780287371093,0.05022780287371093,False,-0.06639711657260876,9.765625e-05,True
trial,386,386,385,996.5054422250194,996.5054422250194,996.386128207463,996.386128207463,3836,1918,0,0,3836,1918,1484532,742266,1918000.0,1918000.0,1000.0,False,True,3836,1918,0,0,3836,1918,0.0001953125,397.8508173832934,-0.8197318902861046,-0.8197318902861046,-0.8197318902861046,False,-0.14555248974723342,0.0001953125,False
trial,387,387,387,996.3735693234971,996.3735693234971,996.3735693234971,996.3735693234971,3836,1918,0,0,3836,1918,1488368,744184,1918000.0,1918000.0,1000.0,False,True,3836,1918,0,0,3836,1918,9.765625e-05,397.8508173832934,0.1657680433408082,0.1657680433408082,0.1657680433408082,False,-0.07576179167452742,9.765625e-05,True
trial,388,388,387,996.5121164907092,996.5121164907092,996.3735693234971,996.3735693234971,3836,1918,0,0,3836,1918,1492204,746102,1918000.0,1918000.0,1000.0,False,True,3836,1918,0,0,3836,1918,0.0001953125,314.0813206965252,-1.1065286468871558,-1.1065286468871558,-1.1065286468871558,False,-0.1252088390136589,0.0001953125,False
trial,389,389,389,996.3706400894594,996.3706400894594,996.3706400894594,996.3706400894594,3836,1918,0,0,3836,1918,1496040,748020,1918000.0,1918000.0,1000.0,False,True,3836,1918,0,0,3836,1918,9.765625e-05,314.0813206965252,0.04440520163121182,0.04440520163121182,0.04440520163121182,False,-0.06596601141669421,9.765625e-05,True
trial,390,390,390,996.3474235857232,996.3474235857232,996.3474235857232,996.3474235857232,3836,1918,0,0,3836,1918,1499876,749938,1918000.0,1918000.0,1000.0,False,True,3836,1918,0,0,3836,1918,4.8828125e-05,397.6391871540007,0.5973909141121377,0.5973909141121377,0.5973909141121377,False,-0.0388631684676673,4.8828125e-05,True
trial,391,391,390,996.3492204942655,996.3492204942655,996.3474235857232,996.3474235857232,3836,1918,0,0,3836,1918,1503712,751856,1918000.0,1918000.0,1000.0,False,True,3836,1918,0,0,3836,1918,9.765625e-05,180.66458947300774,-0.060210521495117277,-0.060210521495117277,-0.060210521495117277,False,-0.029843763145380856,9.765625e-05,False
trial,392,392,392,996.3385858532291,996.3385858532291,996.3385858532291,996.3385858532291,3836,1918,0,0,3836,1918,1507548,753774,1918000.0,1918000.0,1000.0,False,True,3836,1918,0,0,3836,1918,4.8828125e-05,180.66458947300774,0.49852509719908245,0.49852509719908245,0.49852509719908245,False,-0.01772775842921016,4.8828125e-05,True
trial,393,393,392,996.3580232175514,996.3580232175514,996.3385858532291,996.3385858532291,3836,1918,0,0,3836,1918,1511384,755692,1918000.0,1918000.0,1000.0,False,True,3836,1918,0,0,3836,1918,9.765625e-05,145.59700045712708,-0.5558086874763478,-0.5558086874763478,-0.5558086874763478,False,-0.034971321536010645,9.765625e-05,False
trial,394,394,394,996.332673905262,996.332673905262,996.332673905262,996.332673905262,3836,1918,0,0,3836,1918,1515220,757610,1918000.0,1918000.0,1000.0,False,True,3836,1918,0,0,3836,1918,4.8828125e-05,145.59700045712708,0.3232344382520813,0.3232344382520813,0.3232344382520813,False,-0.01828996934566125,4.8828125e-05,True
trial,395,395,394,996.3680741331501,996.3680741331501,996.332673905262,996.332673905262,3836,1918,0,0,3836,1918,1519056,759528,1918000.0,1918000.0,1000.0,False,True,3836,1918,0,0,3836,1918,9.765625e-05,157.74491455661436,-1.038746910804692,-1.038746910804692,-1.038746910804692,False,-0.03407974312112864,9.765625e-05,False
trial,396,396,396,996.3321703658737,996.3321703658737,996.3321703658737,996.3321703658737,3836,1918,0,0,3836,1918,1522892,761446,1918000.0,1918000.0,1000.0,False,True,3836,1918,0,0,3836,1918,4.8828125e-05,157.74491455661436,0.028355775937273602,0.028355775937273602,0.028355775937273602,False,-0.01775791251253116,4.8828125e-05,True
trial,397,397,397,996.3242927937633,996.3242927937633,996.3242927937633,996.3242927937633,3836,1918,0,0,3836,1918,1526728,763364,1918000.0,1918000.0,1000.0,False,True,3836,1918,0,0,3836,1918,2.44140625e-05,181.27657779860138,0.6469771373351004,0.6469771373351004,0.6469771373351004,False,-0.012175966747173795,2.44140625e-05,True
trial,398,398,398,996.3223886598263,996.3223886598263,996.3223886598263,996.3223886598263,3836,1918,0,0,3836,1918,1530564,765282,1918000.0,1918000.0,1000.0,False,True,3836,1918,0,0,3836,1918,4.8828125e-05,80.5789497073777,0.22743072633033412,0.22743072633033412,0.22743072633033412,False,-0.008372368886868643,4.8828125e-05,True
trial,399,399,398,996.3448814183777,996.3448814183777,996.3223886598263,996.3223886598263,3836,1918,0,0,3836,1918,1534400,767200,1918000.0,1918000.0,1000.0,False,True,3836,1918,0,0,3836,1918,9.765625e-05,113.70511612688766,-0.7276613865988979,-0.7276613865988979,-0.7276613865988979,False,-0.030911023953753017,9.765625e-05,False
trial,400,400,400,996.320261267211,996.320261267211,996.320261267211,996.320261267211,3836,1918,0,0,3836,1918,1538236,769118,1918000.0,1918000.0,1000.0,False,True,3836,1918,0,0,3836,1918,4.8828125e-05,113.70511612688766,0.1352156488488276,0.1352156488488276,0.1352156488488276,False,-0.01573333141111196,4.8828125e-05,True
trial,401,401,400,996.3390193541504,996.3390193541504,996.320261267211,996.320261267211,3836,1918,0,0,3836,1918,1542072,771036,1918000.0,1918000.0,1000.0,False,True,3836,1918,0,0,3836,1918,9.765625e-05,182.08545354905254,-0.5211269834279685,-0.5211269834279685,-0.5211269834279685,False,-0.035995232517134004,9.765625e-05,False
trial,402,402,402,996.3153209512723,996.3153209512723,996.3153209512723,996.3153209512723,3836,1918,0,0,3836,1918,1545908,772954,1918000.0,1918000.0,1000.0,False,True,3836,1918,0,0,3836,1918,4.8828125e-05,182.08545354905254,0.268476493276024,0.268476493276024,0.268476493276024,False,-0.018401297925297082,4.8828125e-05,True
trial,403,403,402,996.338317956362,996.338317956362,996.3153209512723,996.3153209512723,3836,1918,0,0,3836,1918,1549744,774872,1918000.0,1918000.0,1000.0,False,True,3836,1918,0,0,3836,1918,9.765625e-05,115.31495127511921,-0.7566076457698102,-0.7566076457698102,-0.7566076457698102,False,-0.03039488857699802,9.765625e-05,False
trial,404,404,404,996.3133396005569,996.3133396005569,996.3133396005569,996.3133396005569,3836,1918,0,0,3836,1918,1553580,776790,1918000.0,1918000.0,1000.0,False,True,3836,1918,0,0,3836,1918,4.8828125e-05,115.31495127511921,0.12772626839197238,0.12772626839197238,0.12772626839197238,False,-0.015512476331713322,4.8828125e-05,True
trial,405,405,404,996.3323270202893,996.3323270202893,996.3133396005569,996.3133396005569,3836,1918,0,0,3836,1918,1557416,778708,1918000.0,1918000.0,1000.0,False,True,3836,1918,0,0,3836,1918,9.765625e-05,180.35279674506694,-0.5285441571389459,-0.5285441571389459,-0.5285441571389459,False,-0.03592399892412412,9.765625e-05,False
trial,406,406,406,996.3085544596765,996.3085544596765,996.3085544596765,996.3085544596765,3836,1918,0,0,3836,1918,1561252,780626,1918000.0,1918000.0,1000.0,False,True,3836,1918,0,0,3836,1918,4.8828125e-05,180.35279674506694,0.2604746331543188,0.2604746331543188,0.2604746331543188,False,-0.018370851788562143,4.8828125e-05,True
trial,407,407,406,996.3316032264424,996.3316032264424,996.3085544596765,996.3085544596765,3836,1918,0,0,3836,1918,1565088,782544,1918000.0,1918000.0,1000.0,False,True,3836,1918,0,0,3836,1918,9.765625e-05,115.42627918069878,-0.7586040957424788,-0.7586040957424788,-0.7586040957424788,False,-0.03038312987664199,9.765625e-05,False
trial,408,408,408,996.306667317059,996.306667317059,996.306667317059,996.306667317059,3836,1918,0,0,3836,1918,1568924,784462,1918000.0,1918000.0,1000.0,False,True,3836,1918,0,0,3836,1918,4.8828125e-05,115.42627918069878,0.12182208299192246,0.12182208299192246,0.12182208299192246,False,-0.015490973156803464,4.8828125e-05,True
trial,409,409,408,996.3254533233388,996.3254533233388,996.306667317059,996.306667317059,3836,1918,0,0,3836,1918,1572760,786380,1918000.0,1918000.0,1000.0,False,True,3836,1918,0,0,3836,1918,9.765625e-05,180.1118976100821,-0.5273605938101719,-0.5273605938101719,-0.5273605938101719,False,-0.03562269631123226,9.765625e-05,False
trial,410,410,410,996.3019886062584,996.3019886062584,996.3019886062584,996.3019886062584,3836,1918,0,0,3836,1918,1576596,788298,1918000.0,1918000.0,1000.0,False,True,3836,1918,0,0,3836,1918,4.8828125e-05,180.1118976100821,0.2562524732157961,0.2562524732157961,0.2562524732157961,False,-0.018258207391622226,4.8828125e-05,True
trial,411,411,410,996.3252759646463,996.3252759646463,996.3019886062584,996.3019886062584,3836,1918,0,0,3836,1918,1580432,790216,1918000.0,1918000.0,1000.0,False,True,3836,1918,0,0,3836,1918,9.765625e-05,114.96455009801497,-0.7721018309622374,-0.7721018309622374,-0.7721018309622374,False,-0.030160993607313686,9.765625e-05,False
trial,412,412,412,996.3002332117516,996.3002332117516,996.3002332117516,996.3002332117516,3836,1918,0,0,3836,1918,1584268,792134,1918000.0,1918000.0,1000.0,False,True,3836,1918,0,0,3836,1918,4.8828125e-05,114.96455009801497,0.1143279078525641,0.1143279078525641,0.1143279078525641,False,-0.015354033322486764,4.8828125e-05,True
trial,413,413,412,996.3195244179517,996.3195244179517,996.3002332117516,996.3002332117516,3836,1918,0,0,3836,1918,1588104,794052,1918000.0,1918000.0,1000.0,False,True,3836,1918,0,0,3836,1918,9.765625e-05,179.55570239672338,-0.5435468430320234,-0.5435468430320234,-0.5435468430320234,False,-0.035491340714125644,9.765625e-05,False
trial,414,414,414,996.2956577808982,996.2956577808982,996.2956577808982,996.2956577808982,3836,1918,0,0,3836,1918,1591940,795970,1918000.0,1918000.0,1000.0,False,True,3836,1918,0,0,3836,1918,4.8828125e-05,179.55570239672338,0.2520975853640596,0.2520975853640596,0.2520975853640596,False,-0.018149443386263574,4.8828125e-05,True
trial,415,415,414,996.3191859901201,996.3191859901201,996.2956577808982,996.2956577808982,3836,1918,0,0,3836,1918,1595776,797888,1918000.0,1918000.0,1000.0,False,True,3836,1918,0,0,3836,1918,9.765625e-05,114.54856189325999,-0.7867634118360446,-0.7867634118360446,-0.7867634118360446,False,-0.02990506277740496,9.765625e-05,False
trial,416,416,416,996.293984165383,996.293984165383,996.293984165383,996.293984165383,3836,1918,0,0,3836,1918,1599612,799806,1918000.0,1918000.0,1000.0,False,True,3836,1918,0,0,3836,1918,4.8828125e-05,114.54856189325999,0.1096589837698197,0.1096589837698197,0.1096589837698197,False,-0.015262000956533876,4.8828125e-05,True
trial,417,417,416,996.3137054305681,996.3137054305681,996.293984165383,996.293984165383,3836,1918,0,0,3836,1918,1603448,801724,1918000.0,1918000.0,1000.0,False,True,3836,1918,0,0,3836,1918,9.765625e-05,179.3201600247567,-0.5602187549631176,-0.5602187549631176,-0.5602187549631176,False,-0.035202793570208696,9.765625e-05,False
trial,418,418,418,996.2895320151747,996.2895320151747,996.2895320151747,996.2895320151747,3836,1918,0,0,3836,1918,1607284,803642,1918000.0,1918000.0,1000.0,False,True,3836,1918,0,0,3836,1918,4.8828125e-05,179.3201600247567,0.24699109794895965,0.24699109794895965,0.24699109794895965,False,-0.01802554928200044,4.8828125e-05,True
trial,419,419,418,996.3131390066656,996.3131390066656,996.2895320151747,996.2895320151747,3836,1918,0,0,3836,1918,1611120,805560,1918000.0,1918000.0,1000.0,False,True,3836,1918,0,0,3836,1918,9.765625e-05,114.13776743753529,-0.7937135845099763,-0.7937135845099763,-0.7937135845099763,False,-0.02974245615995816,9.765625e-05,False
trial,420,420,420,996.2879695907778,996.2879695907778,996.2879695907778,996.2879695907778,3836,1918,0,0,3836,1918,1614956,807478,1918000.0,1918000.0,1000.0,False,True,3836,1918,0,0,3836,1918,4.8828125e-05,114.13776743753529,0.10313455919603681,0.10313455919603681,0.10313455919603681,False,-0.015149377755094682,4.8828125e-05,True
trial,421,421,420,996.3078029904135,996.3078029904135,996.2879695907778,996.2879695907778,3836,1918,0,0,3836,1918,1618792,809396,1918000.0,1918000.0,1000.0,False,True,3836,1918,0,0,3836,1918,9.765625e-05,178.99484302629708,-0.567349329786054,-0.567349329786054,-0.567349329786054,False,-0.034958003110978284,9.765625e-05,False
trial,422,422,422,996.2836333368386,996.2836333368386,996.2836333368386,996.2836333368386,3836,1918,0,0,3836,1918,1622628,811314,1918000.0,1918000.0,1000.0,False,True,3836,1918,0,0,3836,1918,4.8828125e-05,178.99484302629708,0.2421841484176117,0.2421841484176117,0.2421841484176117,False,-0.017904780174585237,4.8828125e-05,True
trial,423,423,422,996.3075031558498,996.3075031558498,996.2836333368386,996.2836333368386,3836,1918,0,0,3836,1918,1626464,813232,1918000.0,1918000.0,1000.0,False,True,3836,1918,0,0,3836,1918,9.765625e-05,113.72972846193711,-0.8082954901521492,-0.8082954901521492,-0.8082954901521492,False,-0.029531055538386985,9.765625e-05,False
trial,424,424,424,996.2821775302478,996.2821775302478,996.2821775302478,996.2821775302478,3836,1918,0,0,3836,1918,1630300,815150,1918000.0,1918000.0,1000.0,False,True,3836,1918,0,0,3836,1918,4.8828125e-05,113.72972846193711,0.09679992988111166,0.09679992988111166,0.09679992988111166,False,-0.015039335179123519,4.8828125e-05,True
trial,425,425,424,996.3023387594517,996.3023387594517,996.2821775302478,996.2821775302478,3836,1918,0,0,3836,1918,1634136,817068,1918000.0,1918000.0,1000.0,False,True,3836,1918,0,0,3836,1918,9.765625e-05,178.64327399388313,-0.5803048826717346,-0.5803048826717346,-0.5803048826717346,False,-0.03474247728368844,9.765625e-05,False
trial,426,426,426,996.2779107946452,996.2779107946452,996.2779107946452,996.2779107946452,3836,1918,0,0,3836,1918,1637972,818986,1918000.0,1918000.0,1000.0,False,True,3836,1918,0,0,3836,1918,4.8828125e-05,178.64327399388313,0.23966541684096893,0.23966541684096893,0.23966541684096893,False,-0.01780288394913714,4.8828125e-05,True
trial,427,427,426,996.3021321228118,996.3021321228118,996.2779107946452,996.2779107946452,3836,1918,0,0,3836,1918,1641808,820904,1918000.0,1918000.0,1000.0,False,True,3836,1918,0,0,3836,1918,9.765625e-05,113.04667594994363,-0.8286869544156787,-0.8286869544156787,-0.8286869544156787,False,-0.029228562170013912,9.765625e-05,False
trial,428,428,428,996.2765762889139,996.2765762889139,996.2765762889139,996.2765762889139,3836,1918,0,0,3836,1918,1645644,822822,1918000.0,1918000.0,1000.0,False,True,3836,1918,0,0,3836,1918,4.8828125e-05,113.04667594994363,0.08944618989285708,0.08944618989285708,0.08944618989285708,False,-0.014919648705859444,4.8828125e-05,True
trial,429,429,428,996.2961862718378,996.2961862718378,996.2765762889139,996.2765762889139,3836,1918,0,0,3836,1918,1649480,824740,1918000.0,1918000.0,1000.0,False,True,3836,1918,0,0,3836,1918,9.765625e-05,178.12149246805157,-0.5679281572611382,-0.5679281572611382,-0.5679281572611382,False,-0.03452898517729657,9.765625e-05,False
trial,430,430,430,996.2724258380744,996.2724258380744,996.2724258380744,996.2724258380744,3836,1918,0,0,3836,1918,1653316,826658,1918000.0,1918000.0,1000.0,False,True,3836,1918,0,0,3836,1918,4.8828125e-05,178.12149246805157,0.2343378496633866,0.2343378496633866,0.2343378496633866,False,-0.017711397648892627,4.8828125e-05,True
trial,431,431,430,996.296832814853,996.296832814853,996.2724258380744,996.2724258380744,3836,1918,0,0,3836,1918,1657152,828576,1918000.0,1918000.0,1000.0,False,True,3836,1918,0,0,3836,1918,9.765625e-05,123.83760036232152,-0.8418187737325286,-0.8418187737325286,-0.8418187737325286,False,-0.028993148573351894,9.765625e-05,False
trial,432,432,432,996.2711986223303,996.2711986223303,996.2711986223303,996.2711986223303,3836,1918,0,0,3836,1918,1660988,830494,1918000.0,1918000.0,1000.0,False,True,3836,1918,0,0,3836,1918,4.8828125e-05,123.83760036232152,0.08289861227511416,0.08289861227511416,0.08289861227511416,False,-0.014803815291615577,4.8828125e-05,True
trial,433,433,432,996.2914343446795,996.2914343446795,996.2711986223303,996.2711986223303,3836,1918,0,0,3836,1918,1664824,832412,1918000.0,1918000.0,1000.0,False,True,3836,1918,0,0,3836,1918,9.765625e-05,177.74026651859756,-0.5888506071167285,-0.5888506071167285,-0.5888506071167285,False,-0.034364781329287344,9.765625e-05,False
trial,434,434,434,996.267040888613,996.267040888613,996.267040888613,996.267040888613,3836,1918,0,0,3836,1918,1668660,834330,1918000.0,1918000.0,1000.0,False,True,3836,1918,0,0,3836,1918,4.8828125e-05,177.74026651859756,0.23639024326973648,0.23639024326973648,0.23639024326973648,False,-0.017588431991934682,4.8828125e-05,True
trial,435,435,434,996.2920368331381,996.2920368331381,996.267040888613,996.267040888613,3836,1918,0,0,3836,1918,1672496,836248,1918000.0,1918000.0,1000.0,False,True,3836,1918,0,0,3836,1918,9.765625e-05,111.42469968944711,-0.8769788935270626,-0.8769788935270626,-0.8769788935270626,False,-0.028502333077368762,9.765625e-05,False
trial,436,436,436,996.2660491841616,996.2660491841616,996.2660491841616,996.2660491841616,3836,1918,0,0,3836,1918,1676332,838166,1918000.0,1918000.0,1000.0,False,True,3836,1918,0,0,3836,1918,4.8828125e-05,111.42469968944711,0.06807377870523564,0.06807377870523564,0.06807377870523564,False,-0.014568082898530175,4.8828125e-05,True
trial,437,437,436,996.286531148978,996.286531148978,996.2660491841616,996.2660491841616,3836,1918,0,0,3836,1918,1680168,840084,1918000.0,1918000.0,1000.0,False,True,3836,1918,0,0,3836,1918,9.765625e-05,176.08530855913872,-0.5954269334038035,-0.5954269334038035,-0.5954269334038035,False,-0.03439878794087052,9.765625e-05,False
trial,438,438,438,996.26199341869,996.26199341869,996.26199341869,996.26199341869,3836,1918,0,0,3836,1918,1684004,842002,1918000.0,1918000.0,1000.0,False,True,3836,1918,0,0,3836,1918,4.8828125e-05,176.08530855913872,0.2302753882304835,0.2302753882304835,0.2302753882304835,False,-0.017612674557686905,4.8828125e-05,True
trial,439,439,438,996.2871915731364,996.2871915731364,996.26199341869,996.26199341869,3836,1918,0,0,3836,1918,1687840,843920,1918000.0,1918000.0,1000.0,False,True,3836,1918,0,0,3836,1918,9.765625e-05,111.59853034745171,-0.8898545636591173,-0.8898545636591173,-0.8898545636591173,False,-0.028317160438810936,9.765625e-05,False
trial,440,440,440,996.2611304410843,996.2611304410843,996.2611304410843,996.2611304410843,3836,1918,0,0,3836,1918,1691676,845838,1918000.0,1918000.0,1000.0,False,True,3836,1918,0,0,3836,1918,4.8828125e-05,111.59853034745171,0.05979756426686811,0.05979756426686811,0.05979756426686811,False,-0.014431651461072373,4.8828125e-05,True
trial,441,441,440,996.2809539772676,996.2809539772676,996.2611304410843,996.2611304410843,3836,1918,0,0,3836,1918,1695512,847756,1918000.0,1918000.0,1000.0,False,True,3836,1918,0,0,3836,1918,9.765625e-05,175.65329625465677,-0.5824425554431171,-0.5824425554431171,-0.5824425554431171,False,-0.03403517823001701,9.765625e-05,False
trial,442,442,442,996.2572093529251,996.2572093529251,996.2572093529251,996.2572093529251,3836,1918,0,0,3836,1918,1699348,849674,1918000.0,1918000.0,1000.0,False,True,3836,1918,0,0,3836,1918,4.8828125e-05,175.65329625465677,0.22443632052046758,0.22443632052046758,0.22443632052046758,False,-0.017470827137748033,4.8828125e-05,True
trial,443,443,442,996.2826226842175,996.2826226842175,996.2572093529251,996.2572093529251,3836,1918,0,0,3836,1918,1703184,851592,1918000.0,1918000.0,1000.0,False,True,3836,1918,0,0,3836,1918,9.765625e-05,111.19402276721259,-0.9058411964112618,-0.9058411964112618,-0.9058411964112618,False,-0.02805495200821731,9.765625e-05,False
trial,444,444,444,996.2564350113994,996.2564350113994,996.2564350113994,996.2564350113994,3836,1918,0,0,3836,1918,1707020,853510,1918000.0,1918000.0,1000.0,False,True,3836,1918,0,0,3836,1918,4.8828125e-05,111.19402276721259,0.05398623142429124,0.05398623142429124,0.05398623142429124,False,-0.014343315050322294,4.8828125e-05,True
trial,445,445,444,996.2764303093566,996.2764303093566,996.2564350113994,996.2564350113994,3836,1918,0,0,3836,1918,1710856,855428,1918000.0,1918000.0,1000.0,False,True,3836,1918,0,0,3836,1918,9.765625e-05,175.4671236519765,-0.5916988632209618,-0.5916988632209618,-0.5916988632209618,False,-0.03379303088114822,9.765625e-05,False
trial,446,446,446,996.2526345107767,996.2526345107767,996.2526345107767,996.2526345107767,3836,1918,0,0,3836,1918,1714692,857346,1918000.0,1918000.0,1000.0,False,True,3836,1918,0,0,3836,1918,4.8828125e-05,175.4671236519765,0.21906933508835738,0.21906933508835738,0.21906933508835738,False,-0.017348391645691304,4.8828125e-05,True
trial,447,447,446,996.2782836335281,996.2782836335281,996.2526345107767,996.2526345107767,3836,1918,0,0,3836,1918,1718528,859264,1918000.0,1918000.0,1000.0,False,True,3836,1918,0,0,3836,1918,9.765625e-05,110.91043729198844,-0.922724780707274,-0.922724780707274,-0.922724780707274,False,-0.027797153915927627,9.765625e-05,False
trial,448,448,448,996.2519732295824,996.2519732295824,996.2519732295824,996.2519732295824,3836,1918,0,0,3836,1918,1722364,861182,1918000.0,1918000.0,1000.0,False,True,3836,1918,0,0,3836,1918,4.8828125e-05,110.91043729198844,0.046488140054256895,0.046488140054256895,0.046488140054256895,False,-0.014224729007003167,4.8828125e-05,True
trial,449,449,449,996.2466176408815,996.2466176408815,996.2466176408815,996.2466176408815,3836,1918,0,0,3836,1918,1726200,863100,1918000.0,1918000.0,1000.0,False,True,3836,1918,0,0,3836,1918,2.44140625e-05,175.14446849224578,0.6130586483138875,0.6130586483138875,0.6130586483138875,False,-0.008735850502479789,2.44140625e-05,True
trial,450,450,449,996.2528041271721,996.2528041271721,996.2466176408815,996.2466176408815,3836,1918,0,0,3836,1918,1730036,865018,1918000.0,1918000.0,1000.0,False,True,3836,1918,0,0,3836,1918,4.8828125e-05,76.74172348891038,-0.6593750550134667,-0.6593750550134667,-0.6593750550134667,False,-0.009382348093990462,4.8828125e-05,False
trial,451,451,451,996.2460623980899,996.2460623980899,996.2460623980899,996.2460623980899,3836,1918,0,0,3836,1918,1733872,866936,1918000.0,1918000.0,1000.0,False,True,3836,1918,0,0,3836,1918,2.44140625e-05,76.74172348891038,0.1146148112874241,0.1146148112874241,0.1146148112874241,False,-0.004844424428074996,2.44140625e-05,True
trial,452,452,451,996.2519130958469,996.2519130958469,996.2460623980899,996.2460623980899,3836,1918,0,0,3836,1918,1737708,868854,1918000.0,1918000.0,1000.0,False,True,3836,1918,0,0,3836,1918,4.8828125e-05,91.05443271422268,-0.5138483715365761,-0.5138483715365761,-0.5138483715365761,False,-0.011386039308781275,4.8828125e-05,False
trial,453,453,453,996.2445011872762,996.2445011872762,996.2445011872762,996.2445011872762,3836,1918,0,0,3836,1918,1741544,870772,1918000.0,1918000.0,1000.0,False,True,3836,1918,0,0,3836,1918,2.44140625e-05,91.05443271422268,0.26641086305621736,0.26641086305621736,0.26641086305621736,False,-0.0058601619908583225,2.44140625e-05,True
trial,454,454,453,996.2507154406167,996.2507154406167,996.2445011872762,996.2445011872762,3836,1918,0,0,3836,1918,1745380,872690,1918000.0,1918000.0,1000.0,False,True,3836,1918,0,0,3836,1918,4.8828125e-05,76.04804403177495,-0.6657736020004708,-0.6657736020004708,-0.6657736020004708,False,-0.00933388365318042,4.8828125e-05,False
trial,455,455,455,996.2439772905268,996.2439772905268,996.2439772905268,996.2439772905268,3836,1918,0,0,3836,1918,1749216,874608,1918000.0,1918000.0,1000.0,False,True,3836,1918,0,0,3836,1918,2.44140625e-05,76.04804403177495,0.10864315286641787,0.10864315286641787,0.10864315286641787,False,-0.004822179176556425,2.44140625e-05,True
trial,456,456,455,996.24986877112,996.24986877112,996.2439772905268,996.2439772905268,3836,1918,0,0,3836,1918,1753052,876526,1918000.0,1918000.0,1000.0,False,True,3836,1918,0,0,3836,1918,4.8828125e-05,91.08728835331321,-0.5187603696686456,-0.5187603696686456,-0.5187603696686456,False,-0.011356844002803682,4.8828125e-05,False
trial,457,457,457,996.2424430997185,996.2424430997185,996.2424430997185,996.2424430997185,3836,1918,0,0,3836,1918,1756888,878444,1918000.0,1918000.0,1000.0,False,True,3836,1918,0,0,3836,1918,2.44140625e-05,91.08728835331321,0.2628838960250629,0.2628838960250629,0.2628838960250629,False,-0.005836001487883308,2.44140625e-05,True
trial,458,458,457,996.2486291863273,996.2486291863273,996.2424430997185,996.2424430997185,3836,1918,0,0,3836,1918,1760724,880362,1918000.0,1918000.0,1000.0,False,True,3836,1918,0,0,3836,1918,4.8828125e-05,75.73667104475948,-0.6666652345334211,-0.6666652345334211,-0.6666652345334211,False,-0.009279149846763972,4.8828125e-05,False
trial,459,459,459,996.2419327908856,996.2419327908856,996.2419327908856,996.2419327908856,3836,1918,0,0,3836,1918,1764560,882280,1918000.0,1918000.0,1000.0,False,True,3836,1918,0,0,3836,1918,2.44140625e-05,75.73667104475948,0.10658742356631423,0.10658742356631423,0.10658742356631423,False,-0.0047877021115432464,2.44140625e-05,True
trial,460,460,459,996.2479324976304,996.2479324976304,996.2419327908856,996.2419327908856,3836,1918,0,0,3836,1918,1768396,884198,1918000.0,1918000.0,1000.0,False,True,3836,1918,0,0,3836,1918,4.8828125e-05,90.49851926048599,-0.5331854838577709,-0.5331854838577709,-0.5331854838577709,False,-0.011252569558653525,4.8828125e-05,False
trial,461,461,461,996.240446405121,996.240446405121,996.240446405121,996.240446405121,3836,1918,0,0,3836,1918,1772232,886116,1918000.0,1918000.0,1000.0,False,True,3836,1918,0,0,3836,1918,2.44140625e-05,90.49851926048599,0.2567889798591546,0.2567889798591546,0.2567889798591546,False,-0.0057883549573674075,2.44140625e-05,True
trial,462,462,461,996.2467857325986,996.2467857325986,996.240446405121,996.240446405121,3836,1918,0,0,3836,1918,1776068,888034,1918000.0,1918000.0,1000.0,False,True,3836,1918,0,0,3836,1918,4.8828125e-05,75.50546560770339,-0.6834649906145748,-0.6834649906145748,-0.6834649906145748,False,-0.009275277541101133,4.8828125e-05,False
trial,463,463,463,996.2399666362519,996.2399666362519,996.2399666362519,996.2399666362519,3836,1918,0,0,3836,1918,1779904,889952,1918000.0,1918000.0,1000.0,False,True,3836,1918,0,0,3836,1918,2.44140625e-05,75.50546560770339,0.10040890112359377,0.10040890112359377,0.10040890112359377,False,-0.0047781507790467595,2.44140625e-05,True
trial,464,464,463,996.2460372888371,996.2460372888371,996.2399666362519,996.2399666362519,3836,1918,0,0,3836,1918,1783740,891870,1918000.0,1918000.0,1000.0,False,True,3836,1918,0,0,3836,1918,4.8828125e-05,90.37075850943587,-0.5427031189181651,-0.5427031189181651,-0.5427031189181651,False,-0.011185954850065525,4.8828125e-05,False
trial,465,465,465,996.2385088413525,996.2385088413525,996.2385088413525,996.2385088413525,3836,1918,0,0,3836,1918,1787576,893788,1918000.0,1918000.0,1000.0,False,True,3836,1918,0,0,3836,1918,2.44140625e-05,90.37075850943587,0.2530919528167029,0.2530919528167029,0.2530919528167029,False,-0.005759941725242127,2.44140625e-05,True
trial,466,466,465,996.2449069735081,996.2449069735081,996.2385088413525,996.2385088413525,3836,1918,0,0,3836,1918,1791412,895706,1918000.0,1918000.0,1000.0,False,True,3836,1918,0,0,3836,1918,4.8828125e-05,75.48295359519092,-0.694815262258638,-0.694815262258638,-0.694815262258638,False,-0.009208393227859268,4.8828125e-05,False
trial,467,467,467,996.2380607032917,996.2380607032917,996.2380607032917,996.2380607032917,3836,1918,0,0,3836,1918,1795248,897624,1918000.0,1918000.0,1000.0,False,True,3836,1918,0,0,3836,1918,2.44140625e-05,75.48295359519092,0.09440012639907124,0.09440012639907124,0.09440012639907124,False,-0.004747218864435418,2.44140625e-05,True
trial,468,468,467,996.2441790835659,996.2441790835659,996.2380607032917,996.2380607032917,3836,1918,0,0,3836,1918,1799084,899542,1918000.0,1918000.0,1000.0,False,True,3836,1918,0,0,3836,1918,4.8828125e-05,90.319488872151,-0.549235944253798,-0.549235944253798,-0.549235944253798,False,-0.011139803099559567,4.8828125e-05,False
trial,469,469,469,996.2366322056889,996.2366322056889,996.2366322056889,996.2366322056889,3836,1918,0,0,3836,1918,1802920,901460,1918000.0,1918000.0,1000.0,False,True,3836,1918,0,0,3836,1918,2.44140625e-05,90.319488872151,0.24925030023334646,0.24925030023334646,0.24925030023334646,False,-0.005731177059512103,2.44140625e-05,True
trial,470,470,469,996.2431025772116,996.2431025772116,996.2366322056889,996.2366322056889,3836,1918,0,0,3836,1918,1806756,903378,1918000.0,1918000.0,1000.0,False,True,3836,1918,0,0,3836,1918,4.8828125e-05,75.10480491410011,-0.7079376676019281,-0.7079376676019281,-0.7079376676019281,False,-0.009139747493063132,4.8828125e-05,False
trial,471,471,471,996.2362183502174,996.2362183502174,996.2362183502174,996.2362183502174,3836,1918,0,0,3836,1918,1810592,905296,1918000.0,1918000.0,1000.0,False,True,3836,1918,0,0,3836,1918,2.44140625e-05,75.10480491410011,0.08783087575233971,0.08783087575233971,0.08783087575233971,False,-0.004711958840757974,2.44140625e-05,True
trial,472,472,471,996.2424066196903,996.2424066196903,996.2362183502174,996.2362183502174,3836,1918,0,0,3836,1918,1814428,907214,1918000.0,1918000.0,1000.0,False,True,3836,1918,0,0,3836,1918,4.8828125e-05,90.13616400234044,-0.5590708736651817,-0.5590708736651817,-0.5590708736651817,False,-0.011068846123778904,4.8828125e-05,False
trial,473,473,473,996.2348194053156,996.2348194053156,996.2348194053156,996.2348194053156,3836,1918,0,0,3836,1918,1818264,909132,1918000.0,1918000.0,1000.0,False,True,3836,1918,0,0,3836,1918,2.44140625e-05,90.13616400234044,0.24539395499502747,0.24539395499502747,0.24539395499502747,False,-0.005700812401056452,2.44140625e-05,True
trial,474,474,473,996.2412818270216,996.2412818270216,996.2348194053156,996.2348194053156,3836,1918,0,0,3836,1918,1822100,911050,1918000.0,1918000.0,1000.0,False,True,3836,1918,0,0,3836,1918,4.8828125e-05,74.7385666424272,-0.7126631172782378,-0.7126631172782378,-0.7126631172782378,False,-0.00906798955809577,4.8828125e-05,False
trial,475,475,475,996.234436560456,996.234436560456,996.234436560456,996.234436560456,3836,1918,0,0,3836,1918,1825936,912968,1918000.0,1918000.0,1000.0,False,True,3836,1918,0,0,3836,1918,2.44140625e-05,74.7385666424272,0.08178530867514011,0.08178530867514011,0.08178530867514011,False,-0.00468109573592522,2.44140625e-05,True
trial,476,476,475,996.2406780440476,996.2406780440476,996.234436560456,996.234436560456,3836,1918,0,0,3836,1918,1829772,914886,1918000.0,1918000.0,1000.0,False,True,3836,1918,0,0,3836,1918,4.8828125e-05,89.92546830886923,-0.5666862664772838,-0.5666862664772838,-0.5666862664772838,False,-0.011014001857639776,4.8828125e-05,False
trial,477,477,477,996.2330700739656,996.2330700739656,996.2330700739656,996.2330700739656,3836,1918,0,0,3836,1918,1833608,916804,1918000.0,1918000.0,1000.0,False,True,3836,1918,0,0,3836,1918,2.44140625e-05,89.92546830886923,0.24105371959368602,0.24105371959368602,0.24105371959368602,False,-0.005668804831912083,2.44140625e-05,True
trial,478,478,477,996.2396674334899,996.2396674334899,996.2330700739656,996.2330700739656,3836,1918,0,0,3836,1918,1837444,918722,1918000.0,1918000.0,1000.0,False,True,3836,1918,0,0,3836,1918,4.8828125e-05,74.6016575460538,-0.7319412036082472,-0.7319412036082472,-0.7319412036082472,False,-0.009013510227067366,4.8828125e-05,False
trial,479,479,479,996.2327196711149,996.2327196711149,996.2327196711149,996.2327196711149,3836,1918,0,0,3836,1918,1841280,920640,1918000.0,1918000.0,1000.0,False,True,3836,1918,0,0,3836,1918,2.44140625e-05,74.6016575460538,0.07537351024137691,0.07537351024137691,0.07537351024137691,False,-0.004648885922619294,2.44140625e-05,True
trial,480,480,479,996.2390317172813,996.2390317172813,996.2327196711149,996.2327196711149,3836,1918,0,0,3836,1918,1845116,922558,1918000.0,1918000.0,1000.0,False,True,3836,1918,0,0,3836,1918,4.8828125e-05,89.79667974931488,-0.5765854545509533,-0.5765854545509533,-0.5765854545509533,False,-0.01094728650638879,4.8828125e-05,False
trial,481,481,481,996.2313846148984,996.2313846148984,996.2313846148984,996.2313846148984,3836,1918,0,0,3836,1918,1848952,924476,1918000.0,1918000.0,1000.0,False,True,3836,1918,0,0,3836,1918,2.44140625e-05,89.79667974931488,0.23679309525996245,0.23679309525996245,0.23679309525996245,False,-0.0056380707174350595,2.44140625e-05,True
trial,482,482,481,996.2380527639414,996.2380527639414,996.2313846148984,996.2313846148984,3836,1918,0,0,3836,1918,1852788,926394,1918000.0,1918000.0,1000.0,False,True,3836,1918,0,0,3836,1918,4.8828125e-05,74.2836531477093,-0.7452140131415114,-0.7452140131415114,-0.7452140131415114,False,-0.008947965182337274,4.8828125e-05,False
trial,483,483,483,996.2310647186137,996.2310647186137,996.2310647186137,996.2310647186137,3836,1918,0,0,3836,1918,1856624,928312,1918000.0,1918000.0,1000.0,False,True,3836,1918,0,0,3836,1918,2.44140625e-05,74.2836531477093,0.06927221015415269,0.06927221015415269,0.06927221015415269,False,-0.0046179598431249184,2.44140625e-05,True
trial,484,484,483,996.2374208857838,996.2374208857838,996.2310647186137,996.2310647186137,3836,1918,0,0,3836,1918,1860460,930230,1918000.0,1918000.0,1000.0,False,True,3836,1918,0,0,3836,1918,4.8828125e-05,89.66964488759783,-0.5833714035285467,-0.5833714035285467,-0.5833714035285467,False,-0.01089557549729957,4.8828125e-05,False
trial,485,485,485,996.2297590355265,996.2297590355265,996.2297590355265,996.2297590355265,3836,1918,0,0,3836,1918,1864296,932148,1918000.0,1918000.0,1000.0,False,True,3836,1918,0,0,3836,1918,2.44140625e-05,89.66964488759783,0.2328442499605876,0.2328442499605876,0.2328442499605876,False,-0.005607538461268394,2.44140625e-05,True
trial,486,486,485,996.2364840958163,996.2364840958163,996.2297590355265,996.2297590355265,3836,1918,0,0,3836,1918,1868132,934066,1918000.0,1918000.0,1000.0,False,True,3836,1918,0,0,3836,1918,4.8828125e-05,74.12140941068382,-0.7571279310371812,-0.7571279310371812,-0.7571279310371812,False,-0.008882330203540512,4.8828125e-05,False
trial,487,487,487,996.2294694536703,996.2294694536703,996.2294694536703,996.2294694536703,3836,1918,0,0,3836,1918,1871968,935984,1918000.0,1918000.0,1000.0,False,True,3836,1918,0,0,3836,1918,2.44140625e-05,74.12140941068382,0.0631229597959836,0.0631229597959836,0.0631229597959836,False,-0.004587583617315341,2.44140625e-05,True
trial,488,488,487,996.2358894925864,996.2358894925864,996.2294694536703,996.2294694536703,3836,1918,0,0,3836,1918,1875804,937902,1918000.0,1918000.0,1000.0,False,True,3836,1918,0,0,3836,1918,4.8828125e-05,89.6233020070227,-0.5925857655747376,-0.5925857655747376,-0.5925857655747376,False,-0.010833940484293167,4.8828125e-05,False
trial,489,489,489,996.2281961941007,996.2281961941007,996.2281961941007,996.2281961941007,3836,1918,0,0,3836,1918,1879640,939820,1918000.0,1918000.0,1000.0,False,True,3836,1918,0,0,3836,1918,2.44140625e-05,89.6233020070227,0.22837143449259314,0.22837143449259314,0.22837143449259314,False,-0.005575388937581963,2.44140625e-05,True
trial,490,490,489,996.2350027066373,996.2350027066373,996.2281961941007,996.2281961941007,3836,1918,0,0,3836,1918,1883476,941738,1918000.0,1918000.0,1000.0,False,True,3836,1918,0,0,3836,1918,4.8828125e-05,73.9210503524231,-0.7732068754489906,-0.7732068754489906,-0.7732068754489906,False,-0.008802964319945185,4.8828125e-05,False
trial,491,491,491,996.2279390797256,996.2279390797256,996.2279390797256,996.2279390797256,3836,1918,0,0,3836,1918,1887312,943656,1918000.0,1918000.0,1000.0,False,True,3836,1918,0,0,3836,1918,2.44140625e-05,73.9210503524231,0.05644238397695547,0.05644238397695547,0.05644238397695547,False,-0.004555342227147445,2.44140625e-05,True
trial,492,492,491,996.2344210756332,996.2344210756332,996.2279390797256,996.2279390797256,3836,1918,0,0,3836,1918,1891148,945574,1918000.0,1918000.0,1000.0,False,True,3836,1918,0,0,3836,1918,4.8828125e-05,89.50531567310914,-0.6017885272857243,-0.6017885272857243,-0.6017885272857243,False,-0.010771218814782641,4.8828125e-05,False
trial,493,493,493,996.2266904940874,996.2266904940874,996.2266904940874,996.2266904940874,3836,1918,0,0,3836,1918,1894984,947492,1918000.0,1918000.0,1000.0,False,True,3836,1918,0,0,3836,1918,2.44140625e-05,89.50531567310914,0.2249945249855796,0.2249945249855796,0.2249945249855796,False,-0.00554940453907821,2.44140625e-05,True
trial,494,494,493,996.2335590644441,996.2335590644441,996.2266904940874,996.2266904940874,3836,1918,0,0,3836,1918,1898820,949410,1918000.0,1918000.0,1000.0,False,True,3836,1918,0,0,3836,1918,4.8828125e-05,73.70585157080762,-0.7861499971983167,-0.7861499971983167,-0.7861499971983167,False,-0.008736971800757254,4.8828125e-05,False
trial,495,495,495,996.2264754533219,996.2264754533219,996.2264754533219,996.2264754533219,3836,1918,0,0,3836,1918,1902656,951328,1918000.0,1918000.0,1000.0,False,True,3836,1918,0,0,3836,1918,2.44140625e-05,73.70585157080762,0.04766342186393236,0.04766342186393236,0.04766342186393236,False,-0.004511651851701099,2.44140625e-05,True
trial,496,496,496,996.2247493292914,996.2247493292914,996.2247493292914,996.2247493292914,3836,1918,0,0,3836,1918,1906492,953246,1918000.0,1918000.0,1000.0,False,True,3836,1918,0,0,3836,1918,1.220703125e-05,89.33650549982984,0.6163290182214838,0.6163290182214838,0.6163290182214838,False,-0.0028006535137098383,1.220703125e-05,True
trial,497,497,497,996.2245598115264,996.2245598115264,996.2245598115264,996.2245598115264,3836,1918,0,0,3836,1918,1910328,955164,1918000.0,1918000.0,1000.0,False,True,3836,1918,0,0,3836,1918,2.44140625e-05,36.065372515154834,0.08244218838960302,0.08244218838960302,0.08244218838960302,False,-0.0022987959037449068,2.44140625e-05,True
trial,498,498,497,996.2314039880596,996.2314039880596,996.2245598115264,996.2245598115264,3836,1918,0,0,3836,1918,1914164,957082,1918000.0,1918000.0,1000.0,False,True,3836,1918,0,0,3836,1918,4.8828125e-05,60.20686127824052,-0.7922557437245685,-0.7922557437245685,-0.7922557437245685,False,-0.008638847477424359,4.8828125e-05,False
trial,499,499,499,996.2239778456815,996.2239778456815,996.2239778456815,996.2239778456815,3836,1918,0,0,3836,1918,1918000,959000,1918000.0,1918000.0,1000.0,False,True,3836,1918,0,0,3836,1918,2.44140625e-05,60.20686127824052,0.13197453754361138,0.13197453754361138,0.13197453754361138,False,-0.004409682775102465,2.44140625e-05,True
trial,500,500,499,996.2304723789667,996.2304723789667,996.2239778456815,996.2239778456815,3836,1918,0,0,3836,1918,1921836,960918,1918000.0,1918000.0,1000.0,False,True,3836,1918,0,0,3836,1918,4.8828125e-05,90.04200619169622,-0.713934825470451,-0.713934825470451,-0.713934825470451,False,-0.009096815358437592,4.8828125e-05,False
trial,501,501,501,996.2232369212202,996.2232369212202,996.2232369212202,996.2232369212202,3836,1918,0,0,3836,1918,1925672,962836,1918000.0,1918000.0,1000.0,False,True,3836,1918,0,0,3836,1918,2.44140625e-05,90.04200619169622,0.16019301337054873,0.16019301337054873,0.16019301337054873,False,-0.00462519835108784,2.44140625e-05,True
trial,502,502,501,996.2300593867872,996.2300593867872,996.2232369212202,996.2232369212202,3836,1918,0,0,3836,1918,1929508,964754,1918000.0,1918000.0,1000.0,False,True,3836,1918,0,0,3836,1918,4.8828125e-05,59.48268785004607,-0.7788798468701238,-0.7788798468701238,-0.7788798468701238,False,-0.008759329945946548,4.8828125e-05,False
trial,503,503,503,996.2226613670035,996.2226613670035,996.2226613670035,996.2226613670035,3836,1918,0,0,3836,1918,1933344,966672,1918000.0,1918000.0,1000.0,False,True,3836,1918,0,0,3836,1918,2.44140625e-05,59.48268785004607,0.1288663559006657,0.1288663559006657,0.1288663559006657,False,-0.004466287671672958,2.44140625e-05,True
trial,504,504,503,996.2292138035637,996.2292138035637,996.2226613670035,996.2226613670035,3836,1918,0,0,3836,1918,1937180,968590,1918000.0,1918000.0,1000.0,False,True,3836,1918,0,0,3836,1918,4.8828125e-05,90.12719117426555,-0.7244969214067227,-0.7244969214067227,-0.7244969214067227,False,-0.009044119259202853,4.8828125e-05,False
trial,505,505,505,996.2219507837601,996.2219507837601,996.2219507837601,996.2219507837601,3836,1918,0,0,3836,1918,1941016,970508,1918000.0,1918000.0,1000.0,False,True,3836,1918,0,0,3836,1918,2.44140625e-05,90.12719117426555,0.15458757100889964,0.15458757100889964,0.15458757100889964,False,-0.004596638906776364,2.44140625e-05,True
trial,506,506,505,996.2288279154668,996.2288279154668,996.2219507837601,996.2219507837601,3836,1918,0,0,3836,1918,1944852,972426,1918000.0,1918000.0,1000.0,False,True,3836,1918,0,0,3836,1918,4.8828125e-05,59.282617314350446,-0.7903699276285502,-0.7903699276285502,-0.7903699276285502,False,-0.008701155580807498,4.8828125e-05,False
trial,507,507,507,996.2214048922631,996.2214048922631,996.2214048922631,996.2214048922631,3836,1918,0,0,3836,1918,1948688,974344,1918000.0,1918000.0,1000.0,False,True,3836,1918,0,0,3836,1918,2.44140625e-05,59.282617314350446,0.12302699241716021,0.12302699241716021,0.12302699241716021,False,-0.0044371685133081954,2.44140625e-05,True
trial,508,508,507,996.2280290421834,996.2280290421834,996.2214048922631,996.2214048922631,3836,1918,0,0,3836,1918,1952524,976262,1918000.0,1918000.0,1000.0,False,True,3836,1918,0,0,3836,1918,4.8828125e-05,90.00215719197918,-0.7388668109098157,-0.7388668109098157,-0.7388668109098157,False,-0.008965282812124218,4.8828125e-05,False
trial,509,509,509,996.2207163570072,996.2207163570072,996.2207163570072,996.2207163570072,3836,1918,0,0,3836,1918,1956360,978180,1918000.0,1918000.0,1000.0,False,True,3836,1918,0,0,3836,1918,2.44140625e-05,90.00215719197918,0.15067298506804636,0.15067298506804636,0.15067298506804636,False,-0.004569732627205137,2.44140625e-05,True
trial,510,510,509,996.2276799197459,996.2276799197459,996.2207163570072,996.2207163570072,3836,1918,0,0,3836,1918,1960196,980098,1918000.0,1918000.0,1000.0,False,True,3836,1918,0,0,3836,1918,4.8828125e-05,59.068189361997966,-0.8083629710110987,-0.8083629710110987,-0.8083629710110987,False,-0.008614400941741526,4.8828125e-05,False
trial,511,511,511,996.2202086507739,996.2202086507739,996.2202086507739,996.2202086507739,3836,1918,0,0,3836,1918,1964032,982016,1918000.0,1918000.0,1000.0,False,True,3836,1918,0,0,3836,1918,2.44140625e-05,59.068189361997966,0.11543476366200237,0.11543476366200237,0.11543476366200237,False,-0.004398209145899731,2.44140625e-05,True
trial,512,512,511,996.2268637383864,996.2268637383864,996.2202086507739,996.2202086507739,3836,1918,0,0,3836,1918,1967868,983934,1918000.0,1918000.0,1000.0,False,True,3836,1918,0,0,3836,1918,4.8828125e-05,89.90330850857008,-0.7461530848358242,-0.7461530848358242,-0.7461530848358242,False,-0.00891919868430461,4.8828125e-05,False
trial,513,513,513,996.2195562275427,996.2195562275427,996.2195562275427,996.2195562275427,3836,1918,0,0,3836,1918,1971704,985852,1918000.0,1918000.0,1000.0,False,True,3836,1918,0,0,3836,1918,2.44140625e-05,89.90330850857008,0.143793122689886,0.143793122689886,0.143793122689886,False,-0.004537235292900303,2.44140625e-05,True
trial,514,514,513,996.2265875750568,996.2265875750568,996.2195562275427,996.2195562275427,3836,1918,0,0,3836,1918,1975540,987770,1918000.0,1918000.0,1000.0,False,True,3836,1918,0,0,3836,1918,4.8828125e-05,58.79217054744317,-0.8227783893686832,-0.8227783893686832,-0.8227783893686832,False,-0.008545858283223648,4.8828125e-05,False
trial,515,515,515,996.2190826809515,996.2190826809515,996.2190826809515,996.2190826809515,3836,1918,0,0,3836,1918,1979376,989688,1918000.0,1918000.0,1000.0,False,True,3836,1918,0,0,3836,1918,2.44140625e-05,58.79217054744317,0.10851508201830018,0.10851508201830018,0.10851508201830018,False,-0.0043638781120941455,2.44140625e-05,True
trial,516,516,515,996.2258161443929,996.2258161443929,996.2190826809515,996.2190826809515,3836,1918,0,0,3836,1918,1983212,991606,1918000.0,1918000.0,1000.0,False,True,3836,1918,0,0,3836,1918,4.8828125e-05,89.83354373278952,-0.760210515547054,-0.760210515547054,-0.760210515547054,False,-0.008857366878874076,4.8828125e-05,False
trial,517,517,517,996.218457532007,996.218457532007,996.218457532007,996.218457532007,3836,1918,0,0,3836,1918,1987048,993524,1918000.0,1918000.0,1000.0,False,True,3836,1918,0,0,3836,1918,2.44140625e-05,89.83354373278952,0.13862077913735169,0.13862077913735169,0.13862077913735169,False,-0.0045097780313096796,2.44140625e-05,True
trial,518,518,517,996.2255617154929,996.2255617154929,996.218457532007,996.218457532007,3836,1918,0,0,3836,1918,1990884,995442,1918000.0,1918000.0,1000.0,False,True,3836,1918,0,0,3836,1918,4.8828125e-05,58.65991711846199,-0.8381195453328536,-0.8381195453328536,-0.8381195453328536,False,-0.008476336729489468,4.8828125e-05,False
trial,519,519,519,996.2180214615796,996.2180214615796,996.2180214615796,996.2180214615796,3836,1918,0,0,3836,1918,1994720,997360,1918000.0,1918000.0,1000.0,False,True,3836,1918,0,0,3836,1918,2.44140625e-05,58.65991711846199,0.10079429299588787,0.10079429299588787,0.10079429299588787,False,-0.004326340455190429,2.44140625e-05,True
trial,520,520,519,996.2248292473159,996.2248292473159,996.2180214615796,996.2180214615796,3836,1918,0,0,3836,1918,1998556,999278,1918000.0,1918000.0,1000.0,False,True,3836,1918,0,0,3836,1918,4.8828125e-05,89.73151317482194,-0.7742010852776395,-0.7742010852776395,-0.7742010852776395,False,-0.008793304305284484,4.8828125e-05,False
trial,521,521,521,996.2174301832357,996.2174301832357,996.2174301832357,996.2174301832357,3836,1918,0,0,3836,1918,2002392,1001196,1918000.0,1918000.0,1000.0,False,True,3836,1918,0,0,3836,1918,2.44140625e-05,89.73151317482194,0.13208879953585564,0.13208879953585564,0.13208879953585564,False,-0.004476370032751147,2.44140625e-05,True
trial,522,522,521,996.2246101987438,996.2246101987438,996.2174301832357,996.2174301832357,3836,1918,0,0,3836,1918,2006228,1003114,1918000.0,1918000.0,1000.0,False,True,3836,1918,0,0,3836,1918,4.8828125e-05,58.47031793471014,-0.8552360337593614,-0.8552360337593614,-0.8552360337593614,False,-0.008395361309231176,4.8828125e-05,False
trial,523,523,523,996.217023594681,996.217023594681,996.217023594681,996.217023594681,3836,1918,0,0,3836,1918,2010064,1005032,1918000.0,1918000.0,1000.0,False,True,3836,1918,0,0,3836,1918,2.44140625e-05,58.47031793471014,0.09463840832887138,0.09463840832887138,0.09463840832887138,False,-0.00429623196216217,2.44140625e-05,True
trial,524,524,523,996.223888506385,996.223888506385,996.217023594681,996.217023594681,3836,1918,0,0,3836,1918,2013900,1006950,1918000.0,1918000.0,1000.0,False,True,3836,1918,0,0,3836,1918,4.8828125e-05,89.68633739479509,-0.7866121147912045,-0.7866121147912045,-0.7866121147912045,False,-0.00872718786674731,4.8828125e-05,False
trial,525,525,525,996.2164661697107,996.2164661697107,996.2164661697107,996.2164661697107,3836,1918,0,0,3836,1918,2017736,1008868,1918000.0,1918000.0,1000.0,False,True,3836,1918,0,0,3836,1918,2.44140625e-05,89.68633739479509,0.12550976532679792,0.12550976532679792,0.12550976532679792,False,-0.004441287647118233,2.44140625e-05,True
trial,526,526,525,996.2236950287454,996.2236950287454,996.2164661697107,996.2164661697107,3836,1918,0,0,3836,1918,2021572,1010786,1918000.0,1918000.0,1000.0,False,True,3836,1918,0,0,3836,1918,4.8828125e-05,58.287115886496785,-0.866424354058593,-0.866424354058593,-0.866424354058593,False,-0.008343323916136063,4.8828125e-05,False
trial,527,527,527,996.2160990006801,996.2160990006801,996.2160990006801,996.2160990006801,3836,1918,0,0,3836,1918,2025408,1012704,1918000.0,1918000.0,1000.0,False,True,3836,1918,0,0,3836,1918,2.44140625e-05,58.287115886496785,0.08625966587605496,0.08625966587605496,0.08625966587605496,False,-0.004256555214623642,2.44140625e-05,True
trial,528,528,527,996.2230309116369,996.2230309116369,996.2160990006801,996.2160990006801,3836,1918,0,0,3836,1918,2029244,1014622,1918000.0,1918000.0,1000.0,False,True,3836,1918,0,0,3836,1918,4.8828125e-05,89.59410983261654,-0.8005547532005889,-0.8005547532005889,-0.8005547532005889,False,-0.008658884266345736,4.8828125e-05,False
trial,529,529,529,996.2155636197956,996.2155636197956,996.2155636197956,996.2155636197956,3836,1918,0,0,3836,1918,2033080,1016540,1918000.0,1918000.0,1000.0,False,True,3836,1918,0,0,3836,1918,2.44140625e-05,89.59410983261654,0.12152790984456331,0.12152790984456331,0.12152790984456331,False,-0.004405415061793168,2.44140625e-05,True
trial,530,530,529,996.2228987740181,996.2228987740181,996.2155636197956,996.2155636197956,3836,1918,0,0,3836,1918,2036916,1018458,1918000.0,1918000.0,1000.0,False,True,3836,1918,0,0,3836,1918,4.8828125e-05,58.02855132985202,-0.8906408089644182,-0.8906408089644182,-0.8906408089644182,False,-0.008235816446574985,4.8828125e-05,False
trial,531,531,531,996.2152421766771,996.2152421766771,996.2152421766771,996.2152421766771,3836,1918,0,0,3836,1918,2040752,1020376,1918000.0,1918000.0,1000.0,False,True,3836,1918,0,0,3836,1918,2.44140625e-05,58.02855132985202,0.0763579067011099,0.0763579067011099,0.0763579067011099,False,-0.004209690029812172,2.44140625e-05,True
trial,532,532,531,996.2222092877095,996.2222092877095,996.2152421766771,996.2152421766771,3836,1918,0,0,3836,1918,2044588,1022294,1918000.0,1918000.0,1000.0,False,True,3836,1918,0,0,3836,1918,4.8828125e-05,89.56517020042398,-0.8080273040092256,-0.8080273040092256,-0.8080273040092256,False,-0.008622370800870457,4.8828125e-05,False
trial,533,533,533,996.2147344558921,996.2147344558921,996.2147344558921,996.2147344558921,3836,1918,0,0,3836,1918,2048424,1024212,1918000.0,1918000.0,1000.0,False,True,3836,1918,0,0,3836,1918,2.44140625e-05,89.56517020042398,0.11564258844235718,0.11564258844235718,0.11564258844235718,False,-0.004390430825006344,2.44140625e-05,True
trial,534,534,533,996.2221309874495,996.2221309874495,996.2147344558921,996.2147344558921,3836,1918,0,0,3836,1918,2052260,1026130,1918000.0,1918000.0,1000.0,False,True,3836,1918,0,0,3836,1918,4.8828125e-05,57.86015711621478,-0.9048835843881796,-0.9048835843881796,-0.9048835843881796,False,-0.008174014519721821,4.8828125e-05,False
trial,535,535,535,996.2144498088121,996.2144498088121,996.2144498088121,996.2144498088121,3836,1918,0,0,3836,1918,2056096,1028048,1918000.0,1918000.0,1000.0,False,True,3836,1918,0,0,3836,1918,2.44140625e-05,57.86015711621478,0.06821453830419213,0.06821453830419213,0.06821453830419213,False,-0.004172821323076473,2.44140625e-05,True
trial,536,536,535,996.2214842474078,996.2214842474078,996.2144498088121,996.2144498088121,3836,1918,0,0,3836,1918,2059932,1029966,1918000.0,1918000.0,1000.0,False,True,3836,1918,0,0,3836,1918,4.8828125e-05,89.48311817130823,-0.8223465947192016,-0.8223465947192016,-0.8223465947192016,False,-0.008554104365357222,4.8828125e-05,False
trial,537,537,537,996.2139755833641,996.2139755833641,996.2139755833641,996.2139755833641,3836,1918,0,0,3836,1918,2063768,1031884,1918000.0,1918000.0,1000.0,False,True,3836,1918,0,0,3836,1918,2.44140625e-05,89.48311817130823,0.10885782332845689,0.10885782332845689,0.10885782332845689,False,-0.004356374521260067,2.44140625e-05,True
trial,538,538,537,996.22143918523,996.22143918523,996.2139755833641,996.2139755833641,3836,1918,0,0,3836,1918,2067604,1033802,1918000.0,1918000.0,1000.0,False,True,3836,1918,0,0,3836,1918,4.8828125e-05,57.72395671208089,-0.9208226193720895,-0.9208226193720895,-0.9208226193720895,False,-0.008105363301097878,4.8828125e-05,False
trial,539,539,539,996.2137250297285,996.2137250297285,996.2137250297285,996.2137250297285,3836,1918,0,0,3836,1918,2071440,1035720,1918000.0,1918000.0,1000.0,False,True,3836,1918,0,0,3836,1918,2.44140625e-05,57.72395671208089,0.06055412591165697,0.06055412591165697,0.06055412591165697,False,-0.00413768065927347,2.44140625e-05,True
trial,540,540,539,996.2208229415354,996.2208229415354,996.2137250297285,996.2137250297285,3836,1918,0,0,3836,1918,2075276,1037638,1918000.0,1918000.0,1000.0,False,True,3836,1918,0,0,3836,1918,4.8828125e-05,89.43883074369171,-0.8360373081731216,-0.8360373081731216,-0.8360373081731216,False,-0.008489946247039018,4.8828125e-05,False
trial,541,541,541,996.2132852183871,996.2132852183871,996.2132852183871,996.2132852183871,3836,1918,0,0,3836,1918,2079112,1039556,1918000.0,1918000.0,1000.0,False,True,3836,1918,0,0,3836,1918,2.44140625e-05,89.43883074369171,0.10177521112275988,0.10177521112275988,0.10177521112275988,False,-0.004321399450102265,2.44140625e-05,True
trial,542,542,541,996.2208202706208,996.2208202706208,996.2132852183871,996.2132852183871,3836,1918,0,0,3836,1918,2082948,1041474,1918000.0,1918000.0,1000.0,False,True,3836,1918,0,0,3836,1918,4.8828125e-05,57.5732677876301,-0.9379103654156133,-0.9379103654156133,-0.9379103654156133,False,-0.008033872437673,4.8828125e-05,False
trial,543,543,543,996.2130725556862,996.2130725556862,996.2130725556862,996.2130725556862,3836,1918,0,0,3836,1918,2086784,1043392,1918000.0,1918000.0,1000.0,False,True,3836,1918,0,0,3836,1918,2.44140625e-05,57.5732677876301,0.05187283879686054,0.05187283879686054,0.05187283879686054,False,-0.004099692746583974,2.44140625e-05,True
trial,544,544,543,996.2202430255852,996.2202430255852,996.2130725556862,996.2130725556862,3836,1918,0,0,3836,1918,2090620,1045310,1918000.0,1918000.0,1000.0,False,True,3836,1918,0,0,3836,1918,4.8828125e-05,89.3823405275658,-0.8518050354980042,-0.8518050354980042,-0.8518050354980042,False,-0.008417970779967723,4.8828125e-05,False
trial,545,545,545,996.212668174567,996.212668174567,996.212668174567,996.212668174567,3836,1918,0,0,3836,1918,2094456,1047228,1918000.0,1918000.0,1000.0,False,True,3836,1918,0,0,3836,1918,2.44140625e-05,89.3823405275658,0.09434689520194607,0.09434689520194607,0.09434689520194607,False,-0.004286109449931916,2.44140625e-05,True
trial,546,546,545,996.2202801847939,996.2202801847939,996.212668174567,996.212668174567,3836,1918,0,0,3836,1918,2098292,1049146,1918000.0,1918000.0,1000.0,False,True,3836,1918,0,0,3836,1918,4.8828125e-05,57.449304251575334,-0.9565866370695834,-0.9565866370695834,-0.9565866370695834,False,-0.007957470794413878,4.8828125e-05,False
trial,547,547,547,996.2124872251547,996.2124872251547,996.2124872251547,996.2124872251547,3836,1918,0,0,3836,1918,2102128,1051064,1918000.0,1918000.0,1000.0,False,True,3836,1918,0,0,3836,1918,2.44140625e-05,57.449304251575334,0.04448150667768284,0.04448150667768284,0.04448150667768284,False,-0.004067969496222651,2.44140625e-05,True
trial,548,548,548,996.2113070732727,996.2113070732727,996.2113070732727,996.2113070732727,3836,1918,0,0,3836,1918,2105964,1052982,1918000.0,1918000.0,1000.0,False,True,3836,1918,0,0,3836,1918,1.220703125e-05,89.36519559448294,0.5492390551266083,0.5492390551266083,0.5492390551266083,False,-0.0021487035036055558,1.220703125e-05,True
trial,549,549,548,996.2131335828211,996.2131335828211,996.2113070732727,996.2113070732727,3836,1918,0,0,3836,1918,2109800,1054900,1918000.0,1918000.0,1000.0,False,True,3836,1918,0,0,3836,1918,2.44140625e-05,35.37856227509419,-0.9006346106598225,-0.9006346106598225,-0.9006346106598225,False,-0.0020280250468039693,2.44140625e-05,False
trial,550,550,550,996.2112126553556,996.2112126553556,996.2112126553556,996.2112126553556,3836,1918,0,0,3836,1918,2113636,1056818,1918000.0,1918000.0,1000.0,False,True,3836,1918,0,0,3836,1918,1.220703125e-05,35.37856227509419,0.08888796301368786,0.08888796301368786,0.08888796301368786,False,-0.0010622126317718808,1.220703125e-05,True
trial,551,551,550,996.212849097972,996.212849097972,996.2112126553556,996.2112126553556,3836,1918,0,0,3836,1918,2117472,1058736,1918000.0,1918000.0,1000.0,False,True,3836,1918,0,0,3836,1918,2.44140625e-05,33.86096867723146,-0.7505415371967498,-0.7505415371967498,-0.7505415371967498,False,-0.002180349168394919,2.44140625e-05,False
trial,552,552,552,996.2110478575764,996.2110478575764,996.2110478575764,996.2110478575764,3836,1918,0,0,3836,1918,2121308,1060654,1918000.0,1918000.0,1000.0,False,True,3836,1918,0,0,3836,1918,1.220703125e-05,33.86096867723146,0.1450463652354242,0.1450463652354242,0.1450463652354242,False,-0.001136173104740233,1.220703125e-05,True
trial,553,553,552,996.2128892773846,996.2128892773846,996.2110478575764,996.2110478575764,3836,1918,0,0,3836,1918,2125144,1062572,1918000.0,1918000.0,1000.0,False,True,3836,1918,0,0,3836,1918,2.44140625e-05,35.3573295095178,-0.9161694445732828,-0.9161694445732828,-0.9161694445732828,False,-0.0020099118335835456,2.44140625e-05,False
trial,554,554,554,996.2109622178559,996.2109622178559,996.2109622178559,996.2109622178559,3836,1918,0,0,3836,1918,2128980,1064490,1918000.0,1918000.0,1000.0,False,True,3836,1918,0,0,3836,1918,1.220703125e-05,35.3573295095178,0.08129140568737296,0.08129140568737296,0.08129140568737296,False,-0.0010534904616994667,1.220703125e-05,True
trial,555,555,554,996.2126171572531,996.2126171572531,996.2109622178559,996.2109622178559,3836,1918,0,0,3836,1918,2132816,1066408,1918000.0,1918000.0,1000.0,False,True,3836,1918,0,0,3836,1918,2.44140625e-05,33.77672500025039,-0.7654881213200233,-0.7654881213200233,-0.7654881213200233,False,-0.002161940010720111,2.44140625e-05,False
trial,556,556,556,996.2108065257353,996.2108065257353,996.2108065257353,996.2108065257353,3836,1918,0,0,3836,1918,2136652,1068326,1918000.0,1918000.0,1000.0,False,True,3836,1918,0,0,3836,1918,1.220703125e-05,33.77672500025039,0.13813078498272952,0.13813078498272952,0.13813078498272952,False,-0.0011271355669367354,1.220703125e-05,True
trial,557,557,556,996.2126666192407,996.2126666192407,996.2108065257353,996.2108065257353,3836,1918,0,0,3836,1918,2140488,1070244,1918000.0,1918000.0,1000.0,False,True,3836,1918,0,0,3836,1918,2.44140625e-05,35.30870348485315,-0.9328089673116362,-0.9328089673116362,-0.9328089673116362,False,-0.0019940776414459948,2.44140625e-05,False
trial,558,558,558,996.2107293702546,996.2107293702546,996.2107293702546,996.2107293702546,3836,1918,0,0,3836,1918,2144324,1072162,1918000.0,1918000.0,1000.0,False,True,3836,1918,0,0,3836,1918,1.220703125e-05,35.30870348485315,0.07383067372889436,0.07383067372889436,0.07383067372889436,False,-0.0010450328671882392,1.220703125e-05,True
trial,559,559,558,996.2124041101713,996.2124041101713,996.2107293702546,996.2107293702546,3836,1918,0,0,3836,1918,2148160,1074080,1918000.0,1918000.0,1000.0,False,True,3836,1918,0,0,3836,1918,2.44140625e-05,33.70010719291977,-0.7817521127640644,-0.7817521127640644,-0.7817521127640644,False,-0.0021422902341059038,2.44140625e-05,False
trial,560,560,560,996.2105828581851,996.2105828581851,996.2105828581851,996.2105828581851,3836,1918,0,0,3836,1918,2151996,1075998,1918000.0,1918000.0,1000.0,False,True,3836,1918,0,0,3836,1918,1.220703125e-05,33.70010719291977,0.13105139853540682,0.13105139853540682,0.13105139853540682,False,-0.0011179741011148612,1.220703125e-05,True
trial,561,561,560,996.2124498580666,996.2124498580666,996.2105828581851,996.2105828581851,3836,1918,0,0,3836,1918,2155832,1077916,1918000.0,1918000.0,1000.0,False,True,3836,1918,0,0,3836,1918,2.44140625e-05,35.271221231254394,-0.9444623534392182,-0.9444623534392182,-0.9444623534392182,False,-0.001976785919192179,2.44140625e-05,False
trial,562,562,562,996.2105138857008,996.2105138857008,996.2105138857008,996.2105138857008,3836,1918,0,0,3836,1918,2159668,1079834,1918000.0,1918000.0,1000.0,False,True,3836,1918,0,0,3836,1918,1.220703125e-05,35.271221231254394,0.06651823871043551,0.06651823871043551,0.06651823871043551,False,-0.0010368958296444533,1.220703125e-05,True
trial,563,563,562,996.2122084515154,996.2122084515154,996.2105138857008,996.2105138857008,3836,1918,0,0,3836,1918,2163504,1081752,1918000.0,1918000.0,1000.0,False,True,3836,1918,0,0,3836,1918,2.44140625e-05,33.62240215568538,-0.7983807542826011,-0.7983807542826011,-0.7983807542826011,False,-0.0021225033362291517,2.44140625e-05,False
trial,564,564,564,996.2103771427757,996.2103771427757,996.2103771427757,996.2103771427757,3836,1918,0,0,3836,1918,2167340,1083670,1918000.0,1918000.0,1000.0,False,True,3836,1918,0,0,3836,1918,1.220703125e-05,33.62240215568538,0.12338954410413175,0.12338954410413175,0.12338954410413175,False,-0.0011082213340801582,1.220703125e-05,True
trial,565,565,564,996.2122551140227,996.2122551140227,996.2103771427757,996.2103771427757,3836,1918,0,0,3836,1918,2171176,1085588,1918000.0,1918000.0,1000.0,False,True,3836,1918,0,0,3836,1918,2.44140625e-05,35.22967097091892,-0.9593805531149412,-0.9593805531149412,-0.9593805531149412,False,-0.001957483129028447,2.44140625e-05,False
trial,566,566,566,996.2103164372224,996.2103164372224,996.2103164372224,996.2103164372224,3836,1918,0,0,3836,1918,2175012,1087506,1918000.0,1918000.0,1000.0,False,True,3836,1918,0,0,3836,1918,1.220703125e-05,35.22967097091892,0.05901320204136481,0.05901320204136481,0.05901320204136481,False,-0.0010286775011373985,1.220703125e-05,True
trial,567,567,566,996.21202651415,996.21202651415,996.2103164372224,996.2103164372224,3836,1918,0,0,3836,1918,2178848,1089424,1918000.0,1918000.0,1000.0,False,True,3836,1918,0,0,3836,1918,2.44140625e-05,33.55422543719872,-0.8115745665935084,-0.8115745665935084,-0.8115745665935084,False,-0.002107110052430061,2.44140625e-05,False
trial,568,568,568,996.210188864344,996.210188864344,996.210188864344,996.210188864344,3836,1918,0,0,3836,1918,2182684,1091342,1918000.0,1918000.0,1000.0,False,True,3836,1918,0,0,3836,1918,1.220703125e-05,33.55422543719872,0.1160701415238946,0.1160701415238946,0.1160701415238946,False,-0.0010991016016692117,1.220703125e-05,True
trial,569,569,568,996.2121187266538,996.2121187266538,996.210188864344,996.210188864344,3836,1918,0,0,3836,1918,2186520,1093260,1918000.0,1918000.0,1000.0,False,True,3836,1918,0,0,3836,1918,2.44140625e-05,35.19448783715512,-0.992553850063985,-0.992553850063985,-0.992553850063985,False,-0.001944340158137972,2.44140625e-05,False
trial,570,570,570,996.2101375664383,996.2101375664383,996.2101375664383,996.2101375664383,3836,1918,0,0,3836,1918,2190356,1095178,1918000.0,1918000.0,1000.0,False,True,3836,1918,0,0,3836,1918,1.220703125e-05,35.19448783715512,0.05032462152750925,0.05032462152750925,0.05032462152750925,False,-0.0010193401182077382,1.220703125e-05,True
trial,571,571,570,996.2118654633896,996.2118654633896,996.2101375664383,996.2101375664383,3836,1918,0,0,3836,1918,2194192,1097096,1918000.0,1918000.0,1000.0,False,True,3836,1918,0,0,3836,1918,2.44140625e-05,33.482323827404805,-0.8269329011239439,-0.8269329011239439,-0.8269329011239439,False,-0.002089524977060704,2.44140625e-05,False
trial,572,572,572,996.2100180878774,996.2100180878774,996.2100180878774,996.2100180878774,3836,1918,0,0,3836,1918,2198028,1099014,1918000.0,1918000.0,1000.0,False,True,3836,1918,0,0,3836,1918,1.220703125e-05,33.482323827404805,0.10950841445933439,0.10950841445933439,0.10950841445933439,False,-0.0010910445695752361,1.220703125e-05,True
trial,573,573,572,996.211964684532,996.211964684532,996.2100180878774,996.2100180878774,3836,1918,0,0,3836,1918,2201864,1100932,1918000.0,1918000.0,1000.0,False,True,3836,1918,0,0,3836,1918,2.44140625e-05,35.16061425245159,-1.0097495741467486,-1.0097495741467486,-1.0097495741467486,False,-0.0019278014117301357,2.44140625e-05,False
trial,574,574,574,996.2099742930629,996.2099742930629,996.2099742930629,996.2099742930629,3836,1918,0,0,3836,1918,2205700,1102850,1918000.0,1918000.0,1000.0,False,True,3836,1918,0,0,3836,1918,1.220703125e-05,35.16061425245159,0.04328193295973829,0.04328193295973829,0.04328193295973829,False,-0.0010118497830104857,1.220703125e-05,True
trial,575,575,575,996.2096648197612,996.2096648197612,996.2096648197612,996.2096648197612,3836,1918,0,0,3836,1918,2209536,1104768,1918000.0,1918000.0,1000.0,False,True,3836,1918,0,0,3836,1918,6.103515625e-06,33.42654781315573,0.5600426636964638,0.5600426636964638,0.5600426636964638,False,-0.0005525887968926456,6.103515625e-06,True
trial,576,576,575,996.20993050584,996.20993050584,996.2096648197612,996.2096648197612,3836,1918,0,0,3836,1918,2213372,1106686,1918000.0,1918000.0,1000.0,False,True,3836,1918,0,0,3836,1918,1.220703125e-05,9.986448832853856,-0.8827889725507208,-0.8827889725507208,-0.8827889725507208,False,-0.00030096216319014634,1.220703125e-05,False
trial,577,577,577,996.2096360579214,996.2096360579214,996.2096360579214,996.2096360579214,3836,1918,0,0,3836,1918,2217208,1108604,1918000.0,1918000.0,1000.0,False,True,3836,1918,0,0,3836,1918,6.103515625e-06,9.986448832853856,0.18191385679415914,0.18191385679415914,0.18191385679415914,False,-0.0001581069208510459,6.103515625e-06,True
trial,578,578,577,996.2100877739333,996.2100877739333,996.2096360579214,996.2096360579214,3836,1918,0,0,3836,1918,2221044,1110522,1918000.0,1918000.0,1000.0,False,True,3836,1918,0,0,3836,1918,1.220703125e-05,12.042726571730368,-1.0569614576546817,-1.0569614576546817,-1.0569614576546817,False,-0.00042737226470773037,1.220703125e-05,False
trial,579,579,577,996.2096499735562,996.2096499735562,996.2096360579214,996.2096360579214,3836,1918,0,0,3836,1918,2224880,1112440,1918000.0,1918000.0,1000.0,False,True,3836,1918,0,0,3836,1918,6.103515625e-06,12.042726571730368,-0.06186110387562378,-0.06186110387562378,-0.06186110387562378,False,-0.00022494966803935442,6.103515625e-06,False
trial,580,580,580,996.2095805722091,996.2095805722091,996.2095805722091,996.2095805722091,3836,1918,0,0,3836,1918,2228716,1114358,1918000.0,1918000.0,1000.0,False,True,3836,1918,0,0,3836,1918,3.0517578125e-06,12.042726571730368,0.4810899822582036,0.4810899822582036,0.4810899822582036,False,-0.00011533333548735014,3.0517578125e-06,True
trial,581,581,580,996.2096965256201,996.2096965256201,996.2095805722091,996.2095805722091,3836,1918,0,0,3836,1918,2232552,1116276,1918000.0,1918000.0,1000.0,False,True,3836,1918,0,0,3836,1918,6.103515625e-06,8.958622777225855,-0.8091032774709974,-0.8091032774709974,-0.8091032774709974,False,-0.00014331101378942698,6.103515625e-06,False
trial,582,582,582,996.2095713160774,996.2095713160774,996.2095713160774,996.2095713160774,3836,1918,0,0,3836,1918,2236388,1118194,1918000.0,1918000.0,1000.0,False,True,3836,1918,0,0,3836,1918,3.0517578125e-06,8.958622777225855,0.12537339098518985,0.12537339098518985,0.12537339098518985,False,-7.38285188648766e-05,3.0517578125e-06,True
trial,583,583,582,996.2096526490081,996.2096526490081,996.2095713160774,996.2095713160774,3836,1918,0,0,3836,1918,2240224,1120112,1918000.0,1918000.0,1000.0,False,True,3836,1918,0,0,3836,1918,6.103515625e-06,10.80355223612769,-0.44988297217642753,-0.44988297217642753,-0.44988297217642753,False,-0.00018078686196278603,6.103515625e-06,False
trial,584,584,584,996.2095452824929,996.2095452824929,996.2095452824929,996.2095452824929,3836,1918,0,0,3836,1918,2244060,1122030,1918000.0,1918000.0,1000.0,False,True,3836,1918,0,0,3836,1918,3.0517578125e-06,10.80355223612769,0.2812536592483257,0.2812536592483257,0.2812536592483257,False,-9.256265171349285e-05,3.0517578125e-06,True
trial,585,585,584,996.2096612332523,996.2096612332523,996.2095452824929,996.2095452824929,3836,1918,0,0,3836,1918,2247896,1123948,1918000.0,1918000.0,1000.0,False,True,3836,1918,0,0,3836,1918,6.103515625e-06,8.959406159669518,-0.8079444505076518,-0.8079444505076518,-0.8079444505076518,False,-0.0001435132815922502,6.103515625e-06,False
trial,586,586,586,996.2095365147832,996.2095365147832,996.2095365147832,996.2095365147832,3836,1918,0,0,3836,1918,2251732,1125866,1918000.0,1918000.0,1000.0,False,True,3836,1918,0,0,3836,1918,3.0517578125e-06,8.959406159669518,0.1187084118641097,0.1187084118641097,0.1187084118641097,False,-7.385921140280906e-05,3.0517578125e-06,True
trial,587,587,586,996.2096209723201,996.2096209723201,996.2095365147832,996.2095365147832,3836,1918,0,0,3836,1918,2255568,1127784,1918000.0,1918000.0,1000.0,False,True,3836,1918,0,0,3836,1918,6.103515625e-06,10.765236259328494,-0.46995817931083494,-0.46995817931083494,-0.46995817931083494,False,-0.00017971287790749708,6.103515625e-06,False
trial,588,588,588,996.209511165298,996.209511165298,996.209511165298,996.209511165298,3836,1918,0,0,3836,1918,2259404,1129702,1918000.0,1918000.0,1000.0,False,True,3836,1918,0,0,3836,1918,3.0517578125e-06,10.765236259328494,0.2758819793051087,0.2758819793051087,0.2758819793051087,False,-9.188525208136298e-05,3.0517578125e-06,True
trial,589,589,588,996.2096282337543,996.2096282337543,996.209511165298,996.209511165298,3836,1918,0,0,3836,1918,2263240,1131620,1918000.0,1918000.0,1000.0,False,True,3836,1918,0,0,3836,1918,6.103515625e-06,8.894407312919151,-0.8230636008319436,-0.8230636008319436,-0.8230636008319436,False,-0.00014223500617606318,6.103515625e-06,False
trial,590,590,590,996.2095029239259,996.2095029239259,996.2095029239259,996.2095029239259,3836,1918,0,0,3836,1918,2267076,1133538,1918000.0,1918000.0,1000.0,False,True,3836,1918,0,0,3836,1918,3.0517578125e-06,8.894407312919151,0.11238902695002438,0.11238902695002438,0.11238902695002438,False,-7.332897394801127e-05,3.0517578125e-06,True
trial,591,591,590,996.209588983069,996.209588983069,996.2095029239259,996.2095029239259,3836,1918,0,0,3836,1918,2270912,1135456,1918000.0,1918000.0,1000.0,False,True,3836,1918,0,0,3836,1918,6.103515625e-06,10.74319354416637,-0.48123844892110473,-0.48123844892110473,-0.48123844892110473,False,-0.0001788284857109734,6.103515625e-06,False
trial,592,592,592,996.2094780311335,996.2094780311335,996.2094780311335,996.2094780311335,3836,1918,0,0,3836,1918,2274748,1137374,1918000.0,1918000.0,1000.0,False,True,3836,1918,0,0,3836,1918,3.0517578125e-06,10.74319354416637,0.2722673058925461,0.2722673058925461,0.2722673058925461,False,-9.142776938089653e-05,3.0517578125e-06,True
trial,593,593,592,996.2095985193913,996.2095985193913,996.2094780311335,996.2094780311335,3836,1918,0,0,3836,1918,2278584,1139292,1918000.0,1918000.0,1000.0,False,True,3836,1918,0,0,3836,1918,6.103515625e-06,8.879693674648657,-0.8516036267335348,-0.8516036267335348,-0.8516036267335348,False,-0.00014148396513657675,6.103515625e-06,False
trial,594,594,594,996.209470359946,996.209470359946,996.209470359946,996.209470359946,3836,1918,0,0,3836,1918,2282420,1141210,1918000.0,1918000.0,1000.0,False,True,3836,1918,0,0,3836,1918,3.0517578125e-06,8.879693674648657,0.10543410477039533,0.10543410477039533,0.10543410477039533,False,-7.275812257148326e-05,3.0517578125e-06,True
trial,595,595,594,996.2095575651924,996.2095575651924,996.209470359946,996.209470359946,3836,1918,0,0,3836,1918,2286256,1143128,1918000.0,1918000.0,1000.0,False,True,3836,1918,0,0,3836,1918,6.103515625e-06,10.700629208870215,-0.4907746981024221,-0.4907746981024221,-0.4907746981024221,False,-0.00017768896157453797,6.103515625e-06,False
trial,596,596,596,996.2094460700171,996.2094460700171,996.2094460700171,996.2094460700171,3836,1918,0,0,3836,1918,2290092,1145046,1918000.0,1918000.0,1000.0,False,True,3836,1918,0,0,3836,1918,3.0517578125e-06,10.700629208870215,0.2674274032273868,0.2674274032273868,0.2674274032273868,False,-9.082812230412138e-05,3.0517578125e-06,True
trial,597,597,596,996.2095675399285,996.2095675399285,996.2094460700171,996.2094460700171,3836,1918,0,0,3836,1918,2293928,1146964,1918000.0,1918000.0,1000.0,False,True,3836,1918,0,0,3836,1918,6.103515625e-06,8.834787689892075,-0.8645882965042376,-0.8645882965042376,-0.8645882965042376,False,-0.00014049451268626864,6.103515625e-06,False
trial,598,598,598,996.2094389068516,996.2094389068516,996.2094389068516,996.2094389068516,3836,1918,0,0,3836,1918,2297764,1148882,1918000.0,1918000.0,1000.0,False,True,3836,1918,0,0,3836,1918,3.0517578125e-06,8.834787689892075,0.09914929671162646,0.09914929671162646,0.09914929671162646,False,-7.224625619593236e-05,3.0517578125e-06,True
trial,599,599,598,996.209527191475,996.209527191475,996.2094389068516,996.2094389068516,3836,1918,0,0,3836,1918,2301600,1150800,1918000.0,1918000.0,1000.0,False,True,3836,1918,0,0,3836,1918,6.103515625e-06,10.681258117314066,-0.5004776169820386,-0.5004776169820386,-0.5004776169820386,False,-0.0001764007428516538,6.103515625e-06,False
