sequence_index,iteration,nf,incumbent_index,incumbent_full_objective,mean_gate_entanglement_infidelity_to_truth,mean_gate_average_infidelity_to_truth,mean_spam_vector_l2_error_to_truth,mean_spam_tracedist_to_truth,mean_gate_eigenvalue_nonunitarity_excess_to_truth,mean_gate_eigenvalue_diamondnorm_to_truth,mean_gate_eigenvalue_nonunitary_diamondnorm_to_truth,mean_gate_diamond_distance_to_truth
0,0,0,0,62097.32664468727,0.0017882621897374607,0.001192174793158307,0.007165902701660543,0.005062523522911718,-0.002719190553661918,0.0067837813321190345,0.0031726617482777386,0.013707118158205382
1,1,1,1,27293.83882393244,0.014611241905131633,0.009740827936754423,0.01080247609762614,0.007612590106943334,0.022732995031204656,0.02804457695380186,0.027185536429453032,0.0517844237546118
2,2,2,1,27293.83882393244,0.014611241905131633,0.009740827936754423,0.01080247609762614,0.007612590106943334,0.022732995031204656,0.02804457695380186,0.027185536429453032,0.0517844237546118
3,3,3,1,27293.83882393244,0.014611241905131633,0.009740827936754423,0.01080247609762614,0.007612590106943334,0.022732995031204656,0.02804457695380186,0.027185536429453032,0.0517844237546118
4,4,4,4,11341.8142932983,0.004193618040329916,0.0027957453602199442,0.01860929756001051,0.01362092228594137,0.002914361042252317,0.019261957737362494,0.006574936923309779,0.03621121308451
5,5,5,4,11341.8142932983,0.004193618040329916,0.0027957453602199442,0.01860929756001051,0.01362092228594137,0.002914361042252317,0.019261957737362494,0.006574936923309779,0.03621121308451
6,6,6,4,11858.250613218785,0.004193618040329916,0.0027957453602199442,0.01860929756001051,0.01362092228594137,0.002914361042252317,0.019261957737362494,0.006574936923309779,0.03621121308451
7,7,7,7,8410.341367955769,0.0033380164387545874,0.002225344292503058,0.00534216484363641,0.0038006803269053585,0.005550396926070192,0.010968704164452257,0.007287590563392482,0.02137268546131446
8,8,8,7,8410.341367955769,0.0033380164387545874,0.002225344292503058,0.00534216484363641,0.0038006803269053585,0.005550396926070192,0.010968704164452257,0.007287590563392482,0.02137268546131446
9,9,9,9,3131.173925117806,0.001102389027630074,0.0007349260184200493,0.0021824547811032783,0.0015030660527138376,0.0023107877112962735,0.004803847173123975,0.003147978785410288,0.010179248741260891
10,10,10,9,3131.173925117806,0.001102389027630074,0.0007349260184200493,0.0021824547811032783,0.0015030660527138376,0.0023107877112962735,0.004803847173123975,0.003147978785410288,0.010179248741260891
11,11,11,11,2609.8775526754275,0.0007132701531112617,0.0004755134354075078,0.0014677460092370725,0.0011325751486395185,0.0015192319372798954,0.00319718731603878,0.001954053340751098,0.006052273260372517
12,12,12,11,2609.8775526754275,0.0007132701531112617,0.0004755134354075078,0.0014677460092370725,0.0011325751486395185,0.0015192319372798954,0.00319718731603878,0.001954053340751098,0.006052273260372517
13,13,13,13,2345.8221669922814,0.0008100412197230289,0.0005400274798153526,0.0010797729397043602,0.0008273096456728227,0.001233999072173017,0.0019067760809768543,0.00174583823826676,0.0037076130509261073
14,14,14,13,2345.8221669922814,0.0008100412197230289,0.0005400274798153526,0.0010797729397043602,0.0008273096456728227,0.001233999072173017,0.0019067760809768543,0.00174583823826676,0.0037076130509261073
15,15,15,15,1866.2734504369917,0.0005345017088468074,0.0003563344725645382,0.0007728181442608176,0.0005979829505414494,0.0007344158855039848,0.001035701305973205,0.0009311840989443265,0.0024100252484811763
16,16,16,16,1842.242059063964,0.0005264036549067763,0.00035093576993785086,0.0007797116240073984,0.0006273437707769558,0.0006807315151998311,0.0009542019590254266,0.0009314493023098655,0.002154482631559791
17,17,17,16,1842.242059063964,0.0005264036549067763,0.00035093576993785086,0.0007797116240073984,0.0006273437707769558,0.0006807315151998311,0.0009542019590254266,0.0009314493023098655,0.002154482631559791
18,18,18,16,1842.242059063964,0.0005264036549067763,0.00035093576993785086,0.0007797116240073984,0.0006273437707769558,0.0006807315151998311,0.0009542019590254266,0.0009314493023098655,0.002154482631559791
19,19,19,16,1842.242059063964,0.0005264036549067763,0.00035093576993785086,0.0007797116240073984,0.0006273437707769558,0.0006807315151998311,0.0009542019590254266,0.0009314493023098655,0.002154482631559791
20,20,20,20,1396.792100870589,0.00027354947404986674,0.00018236631603324446,0.0007753748297294215,0.0006202978230839371,0.0005950466763710235,0.000753414238510879,0.0007345864242487149,0.0020321513358749037
21,21,21,20,1485.762791595344,0.00027354947404986674,0.00018236631603324446,0.0007753748297294215,0.0006202978230839371,0.0005950466763710235,0.000753414238510879,0.0007345864242487149,0.0020321513358749037
22,22,22,22,1317.9095250515938,0.0001720242465013122,0.00011468283100087481,0.0013280961305230318,0.0011016433284975172,0.0003141873874172377,0.00048393957754551436,0.0004209295232127583,0.0016929515377516174
23,23,23,22,1317.9095250515938,0.0001720242465013122,0.00011468283100087481,0.0013280961305230318,0.0011016433284975172,0.0003141873874172377,0.00048393957754551436,0.0004209295232127583,0.0016929515377516174
24,24,24,24,1080.1262070631778,6.745242492481318e-05,4.496828328320879e-05,0.0010915604532663698,0.000875766384218006,0.0001084340316339083,0.0003515466823492537,0.00021464918477358264,0.0014440822967592127
25,25,25,24,1080.1262070631778,6.745242492481318e-05,4.496828328320879e-05,0.0010915604532663698,0.000875766384218006,0.0001084340316339083,0.0003515466823492537,0.00021464918477358264,0.0014440822967592127
26,26,26,24,1098.3231642768385,6.745242492481318e-05,4.496828328320879e-05,0.0010915604532663698,0.000875766384218006,0.0001084340316339083,0.0003515466823492537,0.00021464918477358264,0.0014440822967592127
27,27,27,27,1019.7606097714873,5.0104274334994425e-05,3.340284955666295e-05,0.001486357493673798,0.001122656046800617,8.557077840913585e-05,0.00027461739824026304,0.00015690359891241262,0.001356298146269499
28,28,28,28,981.036897110362,2.817438186067389e-05,1.878292124044926e-05,0.001441420555810198,0.0010985133023598275,6.761207386254964e-06,0.0002916797070568856,0.0001433734452498947,0.0013418563121254583
29,29,29,28,981.036897110362,2.817438186067389e-05,1.878292124044926e-05,0.001441420555810198,0.0010985133023598275,6.761207386254964e-06,0.0002916797070568856,0.0001433734452498947,0.0013418563121254583
30,30,30,28,981.036897110362,2.817438186067389e-05,1.878292124044926e-05,0.001441420555810198,0.0010985133023598275,6.761207386254964e-06,0.0002916797070568856,0.0001433734452498947,0.0013418563121254583
31,31,31,31,972.6520147553351,2.122730604070533e-05,1.4151537360470222e-05,0.001509887106169847,0.0011486139795898076,-1.1847657169036796e-05,0.000257867917108557,0.00012354661339533668,0.0012488523916764915
32,32,32,31,972.6520147553351,2.122730604070533e-05,1.4151537360470222e-05,0.001509887106169847,0.0011486139795898076,-1.1847657169036796e-05,0.000257867917108557,0.00012354661339533668,0.0012488523916764915
33,33,33,33,972.2346980664136,1.5645947040898722e-05,1.043063136059915e-05,0.0014593750528565238,0.0011183019701184408,-1.7157167886104607e-05,0.0002589421163902277,0.00012065126922835429,0.001235839727524388
34,34,34,33,972.2346980664136,1.5645947040898722e-05,1.043063136059915e-05,0.0014593750528565238,0.0011183019701184408,-1.7157167886104607e-05,0.0002589421163902277,0.00012065126922835429,0.001235839727524388
35,35,35,35,971.5657414833763,1.2187125161405854e-05,8.124750107603902e-06,0.0014518221459919871,0.0011254480965326259,-1.6481654925681877e-05,0.00025922931469748545,0.00012013004519477455,0.0012241413985839568
36,36,36,35,972.4872762249181,1.2187125161405854e-05,8.124750107603902e-06,0.0014518221459919871,0.0011254480965326259,-1.6481654925681877e-05,0.00025922931469748545,0.00012013004519477455,0.0012241413985839568
37,37,37,37,970.8079895886929,9.74258862507238e-06,6.495059083381587e-06,0.0013199652492741647,0.0010143465568511491,-1.4309365508814731e-05,0.00027279664247909646,0.00012533276836663998,0.0011207808940856931
38,38,38,37,970.8079895886929,9.74258862507238e-06,6.495059083381587e-06,0.0013199652492741647,0.0010143465568511491,-1.4309365508814731e-05,0.00027279664247909646,0.00012533276836663998,0.0011207808940856931
39,39,39,39,970.7844775544942,9.97627195006845e-06,6.6508479667123e-06,0.0013045042577916038,0.001006110247972339,-1.5214921439431206e-05,0.0002731130059434956,0.00012239258327907676,0.0011041329693395928
40,40,40,40,969.2714965589038,7.37946328030481e-06,4.919642186869874e-06,0.0013037573578086297,0.0010045343936335015,-2.3254856165846882e-05,0.0002725079931104852,0.00011947461439257984,0.0010869584914006431
41,41,41,40,969.8285568353418,7.37946328030481e-06,4.919642186869874e-06,0.0013037573578086297,0.0010045343936335015,-2.3254856165846882e-05,0.0002725079931104852,0.00011947461439257984,0.0010869584914006431
42,42,42,42,969.216107460782,7.690241070584802e-06,5.1268273803898685e-06,0.0010523001529187477,0.0008806843982809727,-2.203462999944561e-05,0.0002820851145820389,0.00012121600941842475,0.0011087852593524967
43,43,43,42,969.216107460782,7.690241070584802e-06,5.1268273803898685e-06,0.0010523001529187477,0.0008806843982809727,-2.203462999944561e-05,0.0002820851145820389,0.00012121600941842475,0.0011087852593524967
44,44,44,44,969.2073183074232,7.4457898514845855e-06,4.963859900989725e-06,0.0010446558953744304,0.0008782079673620867,-2.153286300434626e-05,0.0002819438893027215,0.00012088175695659092,0.001109134557369988
45,45,45,45,968.9636208197264,5.627261420282359e-06,3.7515076135215707e-06,0.0010365389571570449,0.0008743019340077379,-2.424681815960117e-05,0.0002808859723261823,0.00011939245201586512,0.0011009577156175392
46,46,46,46,969.7546163170725,3.6071589556985195e-06,2.4047726371323463e-06,0.0010411130589675073,0.0008843614856160634,-2.159908202363503e-05,0.0002950726407485579,0.00010239020323039166,0.001117001487963999
47,47,47,46,969.7546163170725,3.6071589556985195e-06,2.4047726371323463e-06,0.0010411130589675073,0.0008843614856160634,-2.159908202363503e-05,0.0002950726407485579,0.00010239020323039166,0.001117001487963999
48,48,48,48,969.5213329672308,3.2033624183525067e-06,2.1355749455683367e-06,0.0010404001422609427,0.0008869193194255854,-2.346898629522476e-05,0.00029774312860156733,0.00010199664845123024,0.0011193228084839264
49,49,49,48,969.5213329672308,3.2033624183525067e-06,2.1355749455683367e-06,0.0010404001422609427,0.0008869193194255854,-2.346898629522476e-05,0.00029774312860156733,0.00010199664845123024,0.0011193228084839264
50,50,50,48,969.5213329672308,3.2033624183525067e-06,2.1355749455683367e-06,0.0010404001422609427,0.0008869193194255854,-2.346898629522476e-05,0.00029774312860156733,0.00010199664845123024,0.0011193228084839264
51,51,51,51,969.5314697396841,3.7405151216973742e-06,2.493676747798249e-06,0.0010823020758171174,0.0009186149128358878,-1.7205859584507044e-05,0.0002459844106727752,9.309854757398595e-05,0.000984547823253205
52,52,52,51,969.5314697396841,3.7405151216973742e-06,2.493676747798249e-06,0.0010823020758171174,0.0009186149128358878,-1.7205859584507044e-05,0.0002459844106727752,9.309854757398595e-05,0.000984547823253205
53,53,53,53,969.4532481823184,3.958802959502794e-06,2.639201973001862e-06,0.0010743482296559014,0.0009124175742903095,-1.8546507140060342e-05,0.00024529516566797974,9.309388692555626e-05,0.0009797630314275314
54,54,54,53,969.4532481823184,3.958802959502794e-06,2.639201973001862e-06,0.0010743482296559014,0.0009124175742903095,-1.8546507140060342e-05,0.00024529516566797974,9.309388692555626e-05,0.0009797630314275314
55,55,55,53,969.4532481823184,3.958802959502794e-06,2.639201973001862e-06,0.0010743482296559014,0.0009124175742903095,-1.8546507140060342e-05,0.00024529516566797974,9.309388692555626e-05,0.0009797630314275314
56,56,56,56,968.5069506941953,3.54818613748642e-06,2.3654574249909483e-06,0.0011584402180208817,0.000989905654804333,-1.406313846324947e-05,0.000250470947617374,9.628553281122026e-05,0.001113130465376371
57,57,57,57,968.4268296898167,4.082618545758754e-06,2.7217456971725023e-06,0.0011721979831740283,0.0010048085702041016,-1.271959155726976e-05,0.000251504666893479,9.686890257571551e-05,0.001120574947588831
58,58,58,57,968.4268296898167,4.082618545758754e-06,2.7217456971725023e-06,0.0011721979831740283,0.0010048085702041016,-1.271959155726976e-05,0.000251504666893479,9.686890257571551e-05,0.001120574947588831
59,59,59,59,968.3333216541341,3.694082424510192e-06,2.4627216163401284e-06,0.0011716446279653625,0.001009906808303253,-1.2133993325405545e-05,0.0002517812261013395,9.633819016459377e-05,0.0011185465971666466
60,60,60,59,968.3333216541341,3.694082424510192e-06,2.4627216163401284e-06,0.0011716446279653625,0.001009906808303253,-1.2133993325405545e-05,0.0002517812261013395,9.633819016459377e-05,0.0011185465971666466
61,61,61,61,966.1955411274052,2.071850011747811e-06,1.3812333411652071e-06,0.0010916983129227065,0.0009487622610662936,-7.314519783925555e-06,0.0002336284227365698,0.00010673180850893221,0.0011000725135630655
62,62,62,61,966.1955411274052,2.071850011747811e-06,1.3812333411652071e-06,0.0010916983129227065,0.0009487622610662936,-7.314519783925555e-06,0.0002336284227365698,0.00010673180850893221,0.0011000725135630655
63,63,63,63,966.0945053404251,1.6991742001482013e-06,1.1327828000988012e-06,0.001106955061953585,0.000951499373453907,-7.027981294469021e-06,0.00023344492437624308,0.00010661209360356833,0.0010907576679773019
64,64,64,63,966.0945053404251,1.6991742001482013e-06,1.1327828000988012e-06,0.001106955061953585,0.000951499373453907,-7.027981294469021e-06,0.00023344492437624308,0.00010661209360356833,0.0010907576679773019
65,65,65,65,966.0569185470436,9.847896745851514e-07,6.565264497234323e-07,0.0011068024264737416,0.0009568167331743814,-7.0161806179080966e-06,0.00023314936432340525,0.00010673270796450474,0.0010837082247545959
66,66,66,66,966.3324361930439,2.042556568576659e-06,1.3617043790511065e-06,0.001168506224073668,0.0009266976383850013,8.075157687942314e-07,0.00023639324377943072,0.00010194387495136847,0.0010794151608249439
67,67,67,66,966.3324361930439,2.042556568576659e-06,1.3617043790511065e-06,0.001168506224073668,0.0009266976383850013,8.075157687942314e-07,0.00023639324377943072,0.00010194387495136847,0.0010794151608249439
68,68,68,68,965.9786203292828,1.7262429481967878e-06,1.1508286321311916e-06,0.0011814914963078815,0.0009391432355699556,3.762148054961556e-07,0.00023702572029543,0.00010256661852840743,0.001072342178181618
69,69,69,68,965.9786203292828,1.7262429481967878e-06,1.1508286321311916e-06,0.0011814914963078815,0.0009391432355699556,3.762148054961556e-07,0.00023702572029543,0.00010256661852840743,0.001072342178181618
70,70,70,68,965.9786203292828,1.7262429481967878e-06,1.1508286321311916e-06,0.0011814914963078815,0.0009391432355699556,3.762148054961556e-07,0.00023702572029543,0.00010256661852840743,0.001072342178181618
71,71,71,71,968.4556248602194,1.87698941253589e-06,1.2513262750239269e-06,0.0012717850951353667,0.0009743050558167685,-2.4639220110658777e-06,0.0002484735712933284,9.471183960807483e-05,0.001083241806007278
72,72,72,71,968.4556248602194,1.87698941253589e-06,1.2513262750239269e-06,0.0012717850951353667,0.0009743050558167685,-2.4639220110658777e-06,0.0002484735712933284,9.471183960807483e-05,0.001083241806007278
73,73,73,71,968.4556248602194,1.87698941253589e-06,1.2513262750239269e-06,0.0012717850951353667,0.0009743050558167685,-2.4639220110658777e-06,0.0002484735712933284,9.471183960807483e-05,0.001083241806007278
74,74,74,74,968.4113958437617,1.2230827838022318e-06,8.153885225348212e-07,0.0012672182389441714,0.0009698847222076872,-3.08086004380953e-06,0.0002474962449372838,9.389040724827602e-05,0.0010799766647140857
75,75,75,74,968.4113958437617,1.2230827838022318e-06,8.153885225348212e-07,0.0012672182389441714,0.0009698847222076872,-3.08086004380953e-06,0.0002474962449372838,9.389040724827602e-05,0.0010799766647140857
76,76,76,76,966.808698263857,3.955533142419032e-07,2.6370220949460073e-07,0.001405947631539346,0.0010723138761591408,-7.482897856452009e-06,0.00023320663422869264,8.564200660000215e-05,0.001041685407764528
77,77,77,77,966.7893262759794,-1.714953661580143e-07,-1.1433024410534287e-07,0.0014051919797358654,0.0010711119254040336,-4.429221305349285e-06,0.00023172280453447194,8.295327824366788e-05,0.0010475338256082133
78,78,78,77,966.7893262759794,-1.714953661580143e-07,-1.1433024410534287e-07,0.0014051919797358654,0.0010711119254040336,-4.429221305349285e-06,0.00023172280453447194,8.295327824366788e-05,0.0010475338256082133
79,79,79,79,966.7135557033985,-1.7340733382553708e-07,-1.1560488921702472e-07,0.0014198251643680665,0.0010806875381745638,-4.373385135286734e-06,0.0002325434248462933,8.308431127769522e-05,0.0010465846896659259
80,80,80,79,966.7135557033985,-1.7340733382553708e-07,-1.1560488921702472e-07,0.0014198251643680665,0.0010806875381745638,-4.373385135286734e-06,0.0002325434248462933,8.308431127769522e-05,0.0010465846896659259
81,81,81,81,961.1713064848963,-2.044932373101993e-06,-1.3632882487346629e-06,0.0012063291381539725,0.0009483628350833183,-3.531305492687764e-06,0.00023050227976734443,9.467376806155531e-05,0.0010387663574942896
82,82,82,81,961.1713064848963,-2.044932373101993e-06,-1.3632882487346629e-06,0.0012063291381539725,0.0009483628350833183,-3.531305492687764e-06,0.00023050227976734443,9.467376806155531e-05,0.0010387663574942896
83,83,83,83,961.0854969269808,-2.6722276056379e-06,-1.7814850704252665e-06,0.0012189805792149541,0.000949972549445924,-4.2204845537990865e-06,0.0002322934580137933,9.55668036851931e-05,0.0010410463735061274
84,84,84,83,961.0854969269808,-2.6722276056379e-06,-1.7814850704252665e-06,0.0012189805792149541,0.000949972549445924,-4.2204845537990865e-06,0.0002322934580137933,9.55668036851931e-05,0.0010410463735061274
85,85,85,83,961.0854969269808,-2.6722276056379e-06,-1.7814850704252665e-06,0.0012189805792149541,0.000949972549445924,-4.2204845537990865e-06,0.0002322934580137933,9.55668036851931e-05,0.0010410463735061274
86,86,86,86,963.8139640735753,-4.335377781577998e-06,-2.890251854385333e-06,0.0012427543731628984,0.0009721996392865935,-8.835037452095684e-06,0.00021251091374789084,8.463143096230918e-05,0.0009991548519159902
87,87,87,87,963.7841785103059,-5.223506026108549e-06,-3.4823373507390327e-06,0.0012583274610814693,0.0009829836353337663,-4.776198568166856e-06,0.0002084423906670001,7.711616898947032e-05,0.0010050859716436633
88,88,88,87,963.7841785103059,-5.223506026108549e-06,-3.4823373507390327e-06,0.0012583274610814693,0.0009829836353337663,-4.776198568166856e-06,0.0002084423906670001,7.711616898947032e-05,0.0010050859716436633
89,89,89,89,963.6275025191899,-6.111263567393221e-06,-4.0741757115954815e-06,0.001247566368818596,0.0009739620400076746,-3.5527598578055652e-06,0.00020949583905424508,7.677528391086819e-05,0.001013910256560661
90,90,90,89,963.6275025191899,-6.111263567393221e-06,-4.0741757115954815e-06,0.001247566368818596,0.0009739620400076746,-3.5527598578055652e-06,0.00020949583905424508,7.677528391086819e-05,0.001013910256560661
91,91,91,91,966.5250027874914,-6.28918474210316e-06,-4.192789828068773e-06,0.0012395816149226985,0.0010090780785189395,4.949766600009786e-06,0.00018604293321835825,7.266302816819059e-05,0.0009679191302877975
92,92,92,91,966.5250027874914,-6.28918474210316e-06,-4.192789828068773e-06,0.0012395816149226985,0.0010090780785189395,4.949766600009786e-06,0.00018604293321835825,7.266302816819059e-05,0.0009679191302877975
93,93,93,93,966.4030922080892,-6.399999876782747e-06,-4.266666584521831e-06,0.0012549047456292628,0.0010223012212535955,3.711843893750011e-06,0.00018763619897393523,7.487268627601185e-05,0.0009546742286215245
94,94,94,93,966.4030922080892,-6.399999876782747e-06,-4.266666584521831e-06,0.0012549047456292628,0.0010223012212535955,3.711843893750011e-06,0.00018763619897393523,7.487268627601185e-05,0.0009546742286215245
95,95,95,95,966.3900696919536,-6.14496916323537e-06,-4.09664610882358e-06,0.0012535158118411724,0.0010206744105975155,4.0187994721219145e-06,0.00018724029743516548,7.494616781401203e-05,0.0009506039729343421
96,96,96,95,968.6101759822968,-6.14496916323537e-06,-4.09664610882358e-06,0.0012535158118411724,0.0010206744105975155,4.0187994721219145e-06,0.00018724029743516548,7.494616781401203e-05,0.0009506039729343421
97,97,97,97,968.0571803469182,-7.989068143893219e-06,-5.326045429262145e-06,0.001275010452471168,0.001035231189553979,2.5495595130306525e-06,0.00017742674023797384,7.056859386037062e-05,0.0008829044777348944
98,98,98,97,968.0571803469182,-7.989068143893219e-06,-5.326045429262145e-06,0.001275010452471168,0.001035231189553979,2.5495595130306525e-06,0.00017742674023797384,7.056859386037062e-05,0.0008829044777348944
99,99,99,99,968.05375408278,-7.358348707464657e-06,-4.905565804976438e-06,0.001262338485198713,0.0010295035232767706,2.6359774165096717e-06,0.00017598787021500483,7.079510481725754e-05,0.0008792679341603513
100,100,100,100,967.9548872121596,-7.3213278060368925e-06,-4.8808852040245956e-06,0.0012807959118118226,0.0010428420860287475,2.113949815613081e-06,0.00017612351427283258,7.040287855351879e-05,0.0008785802671987754
101,101,101,101,967.5909114163769,-7.712212524990658e-06,-5.141475016660439e-06,0.0015705612938464114,0.0012276524541408164,2.176859405941811e-06,0.00016073804271507736,7.841921981604355e-05,0.000783326151997322
102,102,102,101,967.5909114163769,-7.712212524990658e-06,-5.141475016660439e-06,0.0015705612938464114,0.0012276524541408164,2.176859405941811e-06,0.00016073804271507736,7.841921981604355e-05,0.000783326151997322
103,103,103,103,967.4376193074503,-7.101902041589669e-06,-4.73460136105978e-06,0.0015834350506983158,0.0012389364019609011,5.659966193644062e-07,0.00015938222221388763,7.726704583590344e-05,0.0007678313451132401
104,104,104,103,967.4376193074503,-7.101902041589669e-06,-4.73460136105978e-06,0.0015834350506983158,0.0012389364019609011,5.659966193644062e-07,0.00015938222221388763,7.726704583590344e-05,0.0007678313451132401
105,105,105,103,967.4376193074503,-7.101902041589669e-06,-4.73460136105978e-06,0.0015834350506983158,0.0012389364019609011,5.659966193644062e-07,0.00015938222221388763,7.726704583590344e-05,0.0007678313451132401
106,106,106,106,965.4082639410797,-7.193459623994203e-06,-4.795639749329469e-06,0.0014308491939676968,0.0011605030125572823,4.547575433201667e-06,0.00013258990373168252,7.979549541532044e-05,0.0007328408831999435
107,107,107,107,965.3963246745818,-4.900288056886026e-06,-3.2668587045906836e-06,0.0014454025288814787,0.0011716648783223057,4.581096470085422e-06,0.00013425462683357698,8.028489197896976e-05,0.0007291154515516162
108,108,108,108,965.2063913157641,-3.891560213936662e-06,-2.594373475957774e-06,0.0014385170531909044,0.0011668577289012238,3.505106621927434e-06,0.0001335958650518037,7.963846213329684e-05,0.0007247847424615302
109,109,109,108,965.2063913157641,-3.891560213936662e-06,-2.594373475957774e-06,0.0014385170531909044,0.0011668577289012238,3.505106621927434e-06,0.0001335958650518037,7.963846213329684e-05,0.0007247847424615302
110,110,110,110,965.1532900767095,-2.4857530553368257e-06,-1.657168703557884e-06,0.0014494886539081068,0.0011747079020162096,2.768471927018512e-06,0.00013366327234963252,7.957402638743283e-05,0.0007206417006338068
111,111,111,111,968.0747038210166,9.319253580497566e-07,6.212835720331715e-07,0.0012623956983119889,0.0010451880065327163,-9.334817115874694e-06,0.0001188430304310605,7.960456040216612e-05,0.0006423026828678068
112,112,112,111,968.0747038210166,9.319253580497566e-07,6.212835720331715e-07,0.0012623956983119889,0.0010451880065327163,-9.334817115874694e-06,0.0001188430304310605,7.960456040216612e-05,0.0006423026828678068
113,113,113,113,967.8758047442551,2.8128924708381575e-06,1.8752616472254386e-06,0.001257825697045121,0.0010440116058124537,-1.1277201005750748e-05,0.00011970390176982757,8.069829507895143e-05,0.0006404061960832626
114,114,114,113,967.8758047442551,2.8128924708381575e-06,1.8752616472254386e-06,0.001257825697045121,0.0010440116058124537,-1.1277201005750748e-05,0.00011970390176982757,8.069829507895143e-05,0.0006404061960832626
115,115,115,113,967.8758047442551,2.8128924708381575e-06,1.8752616472254386e-06,0.001257825697045121,0.0010440116058124537,-1.1277201005750748e-05,0.00011970390176982757,8.069829507895143e-05,0.0006404061960832626
116,116,116,116,969.5710295936359,6.84388099830846e-07,4.562587332205639e-07,0.0010744165948785675,0.0009156087797110692,-1.0869115714025324e-05,0.000121080498868647,7.147263066168558e-05,0.0006108123830079152
117,117,117,117,969.4153862266973,-2.420699189709108e-07,-1.613799459806065e-07,0.00104286649201391,0.0008843475471783257,-7.984475965373827e-06,0.0001212757135305986,7.17690848605207e-05,0.0005807678354620758
118,118,118,117,969.4153862266973,-2.420699189709108e-07,-1.613799459806065e-07,0.00104286649201391,0.0008843475471783257,-7.984475965373827e-06,0.0001212757135305986,7.17690848605207e-05,0.0005807678354620758
119,119,119,119,969.2172548189166,-4.61624537306804e-06,-3.077496915378693e-06,0.0010391132607834492,0.0008731186117690729,-7.830359336290227e-06,0.0001222245617551804,7.190671516494468e-05,0.0005764239389691167
120,120,120,119,969.2172548189166,-4.61624537306804e-06,-3.077496915378693e-06,0.0010391132607834492,0.0008731186117690729,-7.830359336290227e-06,0.0001222245617551804,7.190671516494468e-05,0.0005764239389691167
121,121,121,121,968.7791726555806,-3.7514673965344247e-06,-2.5009782643562826e-06,0.0012455687640706237,0.0010595340665293417,-2.5609721905212046e-06,0.0001050698539434085,6.625244017441356e-05,0.0005520966223362439
122,122,122,121,968.7791726555806,-3.7514673965344247e-06,-2.5009782643562826e-06,0.0012455687640706237,0.0010595340665293417,-2.5609721905212046e-06,0.0001050698539434085,6.625244017441356e-05,0.0005520966223362439
123,123,123,123,968.6477526076749,-6.438246389961488e-06,-4.292164259974327e-06,0.001251790724364355,0.0010711417105011161,-1.966425021752982e-06,0.00010690395932674016,6.729395480822159e-05,0.0005480231990943039
124,124,124,123,968.6477526076749,-6.438246389961488e-06,-4.292164259974327e-06,0.001251790724364355,0.0010711417105011161,-1.966425021752982e-06,0.00010690395932674016,6.729395480822159e-05,0.0005480231990943039
125,125,125,125,968.6296162360795,-7.93387879982621e-06,-5.289252533217475e-06,0.0012535293201169624,0.0010700467883800093,-1.516617323497893e-06,0.0001061752118372159,6.706659488216887e-05,0.0005430700449361922
126,126,126,126,969.4681782827303,-1.0330179129852679e-05,-6.886786086568453e-06,0.001704168276111551,0.001405783987554834,-4.444494625520379e-06,0.0001204746474304494,6.88604260379519e-05,0.0006034311033741274
127,127,127,127,969.4168244879879,-1.1947174528181836e-05,-7.964783018787891e-06,0.001883685021102848,0.00152658367067337,-4.248570263098994e-06,0.00012569493526805824,7.363940671212266e-05,0.0006077883352669398
128,128,128,127,969.4168244879879,-1.1947174528181836e-05,-7.964783018787891e-06,0.001883685021102848,0.00152658367067337,-4.248570263098994e-06,0.00012569493526805824,7.363940671212266e-05,0.0006077883352669398
129,129,129,129,969.2141759162781,-1.2812855327754002e-05,-8.541903551836e-06,0.0018933385212287588,0.0015308500183289604,-4.440525613755297e-06,0.00012706516691984138,7.482524333160545e-05,0.0006123771004842413
130,130,130,129,969.2141759162781,-1.2812855327754002e-05,-8.541903551836e-06,0.0018933385212287588,0.0015308500183289604,-4.440525613755297e-06,0.00012706516691984138,7.482524333160545e-05,0.0006123771004842413
131,131,131,131,973.4800621002041,-1.0256277055642471e-05,-6.83751803709498e-06,0.0014470354651091961,0.0012028278803239176,-6.059268407854201e-08,0.00013803604580913165,8.08736666244661e-05,0.0005919035177864451
132,132,132,131,973.4800621002041,-1.0256277055642471e-05,-6.83751803709498e-06,0.0014470354651091961,0.0012028278803239176,-6.059268407854201e-08,0.00013803604580913165,8.08736666244661e-05,0.0005919035177864451
133,133,133,133,973.1922560934045,-8.94224987468828e-06,-5.961499916458852e-06,0.0014683779271220277,0.0012171335954162883,-1.8088368349822304e-06,0.00013781158698412206,8.078006928227688e-05,0.0005893494365720516
134,134,134,133,973.1922560934045,-8.94224987468828e-06,-5.961499916458852e-06,0.0014683779271220277,0.0012171335954162883,-1.8088368349822304e-06,0.00013781158698412206,8.078006928227688e-05,0.0005893494365720516
135,135,135,133,973.1922560934045,-8.94224987468828e-06,-5.961499916458852e-06,0.0014683779271220277,0.0012171335954162883,-1.8088368349822304e-06,0.00013781158698412206,8.078006928227688e-05,0.0005893494365720516
136,136,136,136,973.3943212797511,-8.238495837614712e-06,-5.49233055840981e-06,0.0015384247212723839,0.0011972046852908287,-4.158273543622415e-06,0.00013510926404292973,6.90374595202839e-05,0.0005859088499475223
137,137,137,137,973.1197194671138,-6.305853983729071e-06,-4.2039026558193795e-06,0.0015335956627812192,0.0011718584357456382,-4.1281371560702995e-06,0.00012904046654987634,6.417589491627268e-05,0.0005897975356595317
138,138,138,137,973.1197194671138,-6.305853983729071e-06,-4.2039026558193795e-06,0.0015335956627812192,0.0011718584357456382,-4.1281371560702995e-06,0.00012904046654987634,6.417589491627268e-05,0.0005897975356595317
139,139,139,139,972.9124504892418,-3.383255980066169e-06,-2.2555039867107798e-06,0.0015361763717252255,0.0011803554270207266,-5.2112705248782976e-06,0.00012913627722624035,6.361569821214386e-05,0.0005998535588459196
140,140,140,139,972.9124504892418,-3.383255980066169e-06,-2.2555039867107798e-06,0.0015361763717252255,0.0011803554270207266,-5.2112705248782976e-06,0.00012913627722624035,6.361569821214386e-05,0.0005998535588459196
141,141,141,141,971.17069414561,-1.6321327797608198e-07,-1.0880885198405508e-07,0.0013155078931802154,0.0009869116897591205,-9.650698201413288e-06,0.00011927563935075014,6.690962861023025e-05,0.000614134022405453
142,142,142,141,971.17069414561,-1.6321327797608198e-07,-1.0880885198405508e-07,0.0013155078931802154,0.0009869116897591205,-9.650698201413288e-06,0.00011927563935075014,6.690962861023025e-05,0.000614134022405453
143,143,143,143,970.806388137097,6.543891573063121e-08,4.362594382042095e-08,0.001329412790172118,0.0009983188072747234,-1.0774270743377223e-05,0.0001212624476522751,6.746029484107352e-05,0.0006310780772959736
144,144,144,143,970.806388137097,6.543891573063121e-08,4.362594382042095e-08,0.001329412790172118,0.0009983188072747234,-1.0774270743377223e-05,0.0001212624476522751,6.746029484107352e-05,0.0006310780772959736
145,145,145,143,970.806388137097,6.543891573063121e-08,4.362594382042095e-08,0.001329412790172118,0.0009983188072747234,-1.0774270743377223e-05,0.0001212624476522751,6.746029484107352e-05,0.0006310780772959736
146,146,146,146,970.5467590053113,1.645874461442265e-07,1.0972496409615043e-07,0.001326547537459976,0.0009934226370881694,-1.1473563421161848e-05,0.00012034132448802454,6.680289939980238e-05,0.000635775497985825
147,147,147,146,970.5467590053113,1.645874461442265e-07,1.0972496409615043e-07,0.001326547537459976,0.0009934226370881694,-1.1473563421161848e-05,0.00012034132448802454,6.680289939980238e-05,0.000635775497985825
148,148,148,148,970.5065293263148,7.265828536051622e-08,4.843885690701067e-08,0.0013280299056573784,0.0009975517636761316,-1.203132145500413e-05,0.00012108571171423332,6.71043969272464e-05,0.0006368704027424491
149,149,149,148,970.5065293263148,7.265828536051622e-08,4.843885690701067e-08,0.0013280299056573784,0.0009975517636761316,-1.203132145500413e-05,0.00012108571171423332,6.71043969272464e-05,0.0006368704027424491
150,150,150,150,970.4372078546725,3.140813245317009e-07,2.0938754968780018e-07,0.0013244142674148432,0.0009940081519861606,-1.2588174493975701e-05,0.00012025769431618934,6.64374847183305e-05,0.0006379769269231787
151,151,151,150,970.4372078546725,3.140813245317009e-07,2.0938754968780018e-07,0.0013244142674148432,0.0009940081519861606,-1.2588174493975701e-05,0.00012025769431618934,6.64374847183305e-05,0.0006379769269231787
152,152,152,152,970.403390930046,2.2628534851465432e-07,1.5085689900976898e-07,0.0013258546608554429,0.0009969049123290067,-1.2815787013120694e-05,0.00012103209796108474,6.68498290109995e-05,0.0006395085931250737
153,153,153,152,970.403390930046,2.2628534851465432e-07,1.5085689900976898e-07,0.0013258546608554429,0.0009969049123290067,-1.2815787013120694e-05,0.00012103209796108474,6.68498290109995e-05,0.0006395085931250737
154,154,154,154,970.3340964945185,4.5602378798137444e-07,3.0401585865425005e-07,0.0013210928774992628,0.0009913383219651729,-1.3298160241002888e-05,0.00012011284858402615,6.6117101071822e-05,0.0006411343326625727
155,155,155,154,970.3340964945185,4.5602378798137444e-07,3.0401585865425005e-07,0.0013210928774992628,0.0009913383219651729,-1.3298160241002888e-05,0.00012011284858402615,6.6117101071822e-05,0.0006411343326625727
156,156,156,156,970.3042944245822,3.8216016118308715e-07,2.5477344078872435e-07,0.0013226671971462254,0.0009943524228815035,-1.3554576382655836e-05,0.00012087726627452766,6.650632383159438e-05,0.0006427732656971533
157,157,157,156,970.3042944245822,3.8216016118308715e-07,2.5477344078872435e-07,0.0013226671971462254,0.0009943524228815035,-1.3554576382655836e-05,0.00012087726627452766,6.650632383159438e-05,0.0006427732656971533
158,158,158,158,970.2373533825266,5.84154666805059e-07,3.89436444536706e-07,0.0013169094099143468,0.0009881671092374696,-1.3993475527912524e-05,0.00011999236983462945,6.579697559377928e-05,0.0006441751879903181
159,159,159,158,970.2373533825266,5.84154666805059e-07,3.89436444536706e-07,0.0013169094099143468,0.0009881671092374696,-1.3993475527912524e-05,0.00011999236983462945,6.579697559377928e-05,0.0006441751879903181
160,160,160,160,970.211343905285,4.4826686471099997e-07,2.988445764740004e-07,0.0013182535181793355,0.00099103705880498,-1.4259034665488335e-05,0.00012073839101653238,6.617524844811096e-05,0.0006460339330130175
161,161,161,160,970.211343905285,4.4826686471099997e-07,2.988445764740004e-07,0.0013182535181793355,0.00099103705880498,-1.4259034665488335e-05,0.00012073839101653238,6.617524844811096e-05,0.0006460339330130175
162,162,162,162,970.1468169249681,6.56827300521412e-07,4.3788486701427497e-07,0.0013136709630847366,0.000985516565235255,-1.4786950896718276e-05,0.00011981397584314093,6.540322841741553e-05,0.000648388243615758
163,163,163,162,970.1468169249681,6.56827300521412e-07,4.3788486701427497e-07,0.0013136709630847366,0.000985516565235255,-1.4786950896718276e-05,0.00011981397584314093,6.540322841741553e-05,0.000648388243615758
164,164,164,164,970.1243435816418,5.303308447945909e-07,3.5355389652972756e-07,0.0013151199854912936,0.0009884460752276742,-1.5066288732476507e-05,0.00012051432404118732,6.577246871485726e-05,0.0006503278703960709
165,165,165,164,970.1243435816418,5.303308447945909e-07,3.5355389652972756e-07,0.0013151199854912936,0.0009884460752276742,-1.5066288732476507e-05,0.00012051432404118732,6.577246871485726e-05,0.0006503278703960709
166,166,166,166,970.0629758417572,7.270400381731434e-07,4.846933587820956e-07,0.0013093111886673537,0.000982211228553158,-1.553235891867122e-05,0.00011964545522819437,6.504961245103191e-05,0.000652096345784036
167,167,167,166,970.0629758417572,7.270400381731434e-07,4.846933587820956e-07,0.0013093111886673537,0.000982211228553158,-1.553235891867122e-05,0.00011964545522819437,6.504961245103191e-05,0.000652096345784036
168,168,168,168,970.0448453440063,6.25142830362746e-07,4.1676188690849746e-07,0.0013109237412469521,0.0009852326882397707,-1.580623861996422e-05,0.00012035417760349923,6.542278478710584e-05,0.0006539769776824911
169,169,169,168,970.0448453440063,6.25142830362746e-07,4.1676188690849746e-07,0.0013109237412469521,0.0009852326882397707,-1.580623861996422e-05,0.00012035417760349923,6.542278478710584e-05,0.0006539769776824911
170,170,170,170,969.986127680087,8.371768405179836e-07,5.581178936786557e-07,0.0013052933703724355,0.0009790686720608107,-1.6301678687768995e-05,0.00011948664662345678,6.467761846674913e-05,0.0006560581631258825
171,171,171,170,969.986127680087,8.371768405179836e-07,5.581178936786557e-07,0.0013052933703724355,0.0009790686720608107,-1.6301678687768995e-05,0.00011948664662345678,6.467761846674913e-05,0.0006560581631258825
172,172,172,172,969.9724356204904,7.426971443402763e-07,4.951314295601841e-07,0.0013067727602571156,0.0009820544382540255,-1.6587192499049885e-05,0.00012017117085200016,6.499931731811931e-05,0.000658122937531729
173,173,173,172,969.9724356204904,7.426971443402763e-07,4.951314295601841e-07,0.0013067727602571156,0.0009820544382540255,-1.6587192499049885e-05,0.00012017117085200016,6.499931731811931e-05,0.000658122937531729
174,174,174,174,969.9168035784801,9.576518560650005e-07,6.384345707100003e-07,0.0013017018513827557,0.0009761752182230749,-1.7134753342695763e-05,0.00011933386017251962,6.427759502727198e-05,0.0006605807551308226
175,175,175,174,969.9168035784801,9.576518560650005e-07,6.384345707100003e-07,0.0013017018513827557,0.0009761752182230749,-1.7134753342695763e-05,0.00011933386017251962,6.427759502727198e-05,0.0006605807551308226
176,176,176,176,969.9078981842824,8.727552560927609e-07,5.818368373951741e-07,0.0013035313774799676,0.0009793492268103062,-1.7424938397160583e-05,0.00012000104542255162,6.459856743415426e-05,0.0006627853669604785
177,177,177,176,969.9078981842824,8.727552560927609e-07,5.818368373951741e-07,0.0013035313774799676,0.0009793492268103062,-1.7424938397160583e-05,0.00012000104542255162,6.459856743415426e-05,0.0006627853669604785
178,178,178,178,969.8560482863533,1.0909025990324395e-06,7.272683993549594e-07,0.0012984500955144753,0.0009736321012613389,-1.7768876167299774e-05,0.00011919088510225892,6.392922449759836e-05,0.0006634547724758983
179,179,179,178,969.8560482863533,1.0909025990324395e-06,7.272683993549594e-07,0.0012984500955144753,0.0009736321012613389,-1.7768876167299774e-05,0.00011919088510225892,6.392922449759836e-05,0.0006634547724758983
180,180,180,180,969.8507313688999,9.881956599677721e-07,6.587971066451819e-07,0.0013019279505979914,0.0009784819597881739,-1.770927173201653e-05,0.00011982404598589521,6.431604614695607e-05,0.0006625614092324512
181,181,181,181,969.784241685225,1.0436113265510638e-06,6.957408843673752e-07,0.001299852399296845,0.0009756214005960168,-1.783362443785741e-05,0.00011937134514860342,6.394808272676411e-05,0.0006627116499893192
182,182,182,181,969.784241685225,1.0436113265510638e-06,6.957408843673752e-07,0.001299852399296845,0.0009756214005960168,-1.783362443785741e-05,0.00011937134514860342,6.394808272676411e-05,0.0006627116499893192
183,183,183,183,969.7726034089726,1.0210219980044677e-06,6.806813320029783e-07,0.001298383424942733,0.0009745673455689122,-1.7957868611223615e-05,0.00011922715579631475,6.374137378273997e-05,0.000662117370178932
184,184,184,184,969.7707505021065,1.1425436041989645e-06,7.616957361326429e-07,0.0012978280797665412,0.0009741514245494305,-1.780667344610659e-05,0.00011899079664663376,6.359471555426183e-05,0.0006611272430310355
185,185,185,185,969.743496575493,1.0241293214863223e-06,6.827528809908822e-07,0.0012989091208431291,0.0009758923453360615,-1.7897191382627853e-05,0.00011908798167827592,6.347258181289145e-05,0.0006607075991751333
186,186,186,185,969.743496575493,1.0241293214863223e-06,6.827528809908822e-07,0.0012989091208431291,0.0009758923453360615,-1.7897191382627853e-05,0.00011908798167827592,6.347258181289145e-05,0.0006607075991751333
187,187,187,187,969.723638345821,1.1204833746947251e-06,7.469889164631502e-07,0.001296142503318432,0.0009731740014376528,-1.7943477220644377e-05,0.00011862913843200398,6.307570008234897e-05,0.0006602789906515743
188,188,188,187,969.723638345821,1.1204833746947251e-06,7.469889164631502e-07,0.001296142503318432,0.0009731740014376528,-1.7943477220644377e-05,0.00011862913843200398,6.307570008234897e-05,0.0006602789906515743
189,189,189,189,969.7183741172228,1.0559332468962346e-06,7.039554979308225e-07,0.0012976347290756278,0.000975438134321673,-1.7912536492123432e-05,0.00011887290199425978,6.31693461717528e-05,0.0006597990859678306
190,190,190,189,969.7183741172228,1.0559332468962346e-06,7.039554979308225e-07,0.0012976347290756278,0.000975438134321673,-1.7912536492123432e-05,0.00011887290199425978,6.31693461717528e-05,0.0006597990859678306
191,191,191,191,969.6998393130577,1.1693023793390989e-06,7.795349195593992e-07,0.0012958393345586462,0.0009731386513732759,-1.8001581499657582e-05,0.00011847602140965619,6.287117132689618e-05,0.0006596296632291542
192,192,192,191,969.6998393130577,1.1693023793390989e-06,7.795349195593992e-07,0.0012958393345586462,0.0009731386513732759,-1.8001581499657582e-05,0.00011847602140965619,6.287117132689618e-05,0.0006596296632291542
193,193,193,193,969.695220735844,1.0998020781582962e-06,7.332013854388637e-07,0.0012973486209112504,0.000975132670167657,-1.7981721693025032e-05,0.00011886410880556343,6.31421287215217e-05,0.0006591681812824859
194,194,194,193,969.695220735844,1.0998020781582962e-06,7.332013854388637e-07,0.0012973486209112504,0.000975132670167657,-1.7981721693025032e-05,0.00011886410880556343,6.31421287215217e-05,0.0006591681812824859
195,195,195,195,969.6772519405351,1.205473875331986e-06,8.036492502213242e-07,0.001294774085779782,0.0009722576183676498,-1.8042360540114488e-05,0.00011844367059704379,6.285195128679505e-05,0.0006587162055280949
196,196,196,195,969.6772519405351,1.205473875331986e-06,8.036492502213242e-07,0.001294774085779782,0.0009722576183676498,-1.8042360540114488e-05,0.00011844367059704379,6.285195128679505e-05,0.0006587162055280949
197,197,197,197,969.673175347694,1.136963612646813e-06,7.579757417645423e-07,0.001296602824670672,0.0009745329461268669,-1.803722822735221e-05,0.0001188161494962308,6.311167188299133e-05,0.0006582220267875563
198,198,198,197,969.673175347694,1.136963612646813e-06,7.579757417645423e-07,0.001296602824670672,0.0009745329461268669,-1.803722822735221e-05,0.0001188161494962308,6.311167188299133e-05,0.0006582220267875563
199,199,199,199,969.6557001270157,1.251627148479706e-06,8.344180989864709e-07,0.0012947876135248778,0.0009721888625628955,-1.8118275070547196e-05,0.00011841597689301185,6.281696297215367e-05,0.0006580175189889244
200,200,200,199,969.6557001270157,1.251627148479706e-06,8.344180989864709e-07,0.0012947876135248778,0.0009721888625628955,-1.8118275070547196e-05,0.00011841597689301185,6.281696297215367e-05,0.0006580175189889244
201,201,201,201,969.6522691060932,1.1765037596644934e-06,7.843358397763289e-07,0.0012962594244204403,0.0009741683388624022,-1.8092799357487255e-05,0.00011878965127153172,6.309085215253085e-05,0.0006574453934682883
202,202,202,201,969.6522691060932,1.1765037596644934e-06,7.843358397763289e-07,0.0012962594244204403,0.0009741683388624022,-1.8092799357487255e-05,0.00011878965127153172,6.309085215253085e-05,0.0006574453934682883
203,203,203,203,969.6353281783058,1.2837153235134569e-06,8.558102156756382e-07,0.0012939473190514289,0.0009713751405326626,-1.8143405235787613e-05,0.00011838167963874313,6.28079377463786e-05,0.0006570237158590351
204,204,204,203,969.6353281783058,1.2837153235134569e-06,8.558102156756382e-07,0.0012939473190514289,0.0009713751405326626,-1.8143405235787613e-05,0.00011838167963874313,6.28079377463786e-05,0.0006570237158590351
205,205,205,205,969.6325074261299,1.2201717605186957e-06,8.134478403457966e-07,0.0012956907893914963,0.0009737017715498708,-1.813776213886037e-05,0.0001187603408464938,6.306570908153064e-05,0.0006565821515856325
206,206,206,205,969.6325074261299,1.2201717605186957e-06,8.134478403457966e-07,0.0012956907893914963,0.0009737017715498708,-1.813776213886037e-05,0.0001187603408464938,6.306570908153064e-05,0.0006565821515856325
207,207,207,207,969.6161535138942,1.3301266459930794e-06,8.8675109732872e-07,0.0012938712444411455,0.0009712768229279681,-1.820753118979279e-05,0.00011836414823707278,6.278038732370622e-05,0.0006562493924702243
208,208,208,207,969.6161535138942,1.3301266459930794e-06,8.8675109732872e-07,0.0012938712444411455,0.0009712768229279681,-1.820753118979279e-05,0.00011836414823707278,6.278038732370622e-05,0.0006562493924702243
209,209,209,209,969.6139649162324,1.2671289047194723e-06,8.447526031463144e-07,0.0012953859351176988,0.0009733785757038136,-1.8191780042260686e-05,0.00011873293094759703,6.304131038215727e-05,0.0006557654999065515
210,210,210,209,969.6139649162324,1.2671289047194723e-06,8.447526031463144e-07,0.0012953859351176988,0.0009733785757038136,-1.8191780042260686e-05,0.00011873293094759703,6.304131038215727e-05,0.0006557654999065515
211,211,211,211,969.5982202891087,1.3748278673564318e-06,9.165519115709544e-07,0.0012931369134283437,0.0009706985542683386,-1.8241373758998147e-05,0.00011833034968765157,6.276106974298368e-05,0.0006552778685554693
212,212,212,211,969.5982202891087,1.3748278673564318e-06,9.165519115709544e-07,0.0012931369134283437,0.0009706985542683386,-1.8241373758998147e-05,0.00011833034968765157,6.276106974298368e-05,0.0006552778685554693
213,213,213,213,969.5966254065651,1.3070442891616185e-06,8.713628594410792e-07,0.0012947731438666561,0.0009728411298662272,-1.82266409218812e-05,0.00011871557571465984,6.302460198272242e-05,0.0006548239125300483
214,214,214,214,969.5799727840429,1.3608397855802146e-06,9.072265237201425e-07,0.0012939865855971487,0.0009716552152238772,-1.8250731607161175e-05,0.00011851750276245446,6.289822735976863e-05,0.0006547196089913589
215,215,215,214,969.5799727840429,1.3608397855802146e-06,9.072265237201425e-07,0.0012939865855971487,0.0009716552152238772,-1.8250731607161175e-05,0.00011851750276245446,6.289822735976863e-05,0.0006547196089913589
216,216,216,216,969.5765133922941,1.3894248057089165e-06,9.262832038059452e-07,0.0012930659499051013,0.0009706556954459119,-1.83452185300928e-05,0.00011834035737461588,6.273621649138111e-05,0.0006544796152610475
217,217,217,216,969.5765133922941,1.3894248057089165e-06,9.262832038059452e-07,0.0012930659499051013,0.0009706556954459119,-1.83452185300928e-05,0.00011834035737461588,6.273621649138111e-05,0.0006544796152610475
218,218,218,218,969.5721432971919,1.3630930699726207e-06,9.087287133150799e-07,0.001293782240916506,0.0009715699829738148,-1.8331373676537532e-05,0.00011849966490223671,6.28345883714812e-05,0.0006542128523177418
219,219,219,218,969.5721432971919,1.3630930699726207e-06,9.087287133150799e-07,0.001293782240916506,0.0009715699829738148,-1.8331373676537532e-05,0.00011849966490223671,6.28345883714812e-05,0.0006542128523177418
220,220,220,220,969.5685722720218,1.4224620510927544e-06,9.48308034061836e-07,0.0012930664081821101,0.000970643534669269,-1.836035490247745e-05,0.00011833085537508051,6.273241559478365e-05,0.0006540256693771219
221,221,221,220,969.5685722720218,1.4224620510927544e-06,9.48308034061836e-07,0.0012930664081821101,0.000970643534669269,-1.836035490247745e-05,0.00011833085537508051,6.273241559478365e-05,0.0006540256693771219
222,222,222,222,969.5643699069524,1.3863390653789942e-06,9.242260435859961e-07,0.001293567025319732,0.0009713449932966112,-1.8347867635569448e-05,0.00011848556112942731,6.282721245404188e-05,0.0006537425430680162
223,223,223,222,969.5643699069524,1.3863390653789942e-06,9.242260435859961e-07,0.001293567025319732,0.0009713449932966112,-1.8347867635569448e-05,0.00011848556112942731,6.282721245404188e-05,0.0006537425430680162
224,224,224,224,969.5609240965503,1.4441674824894335e-06,9.62778321659623e-07,0.0012928339147696111,0.000970387852920557,-1.837368359922792e-05,0.00011831422699912321,6.27281636771948e-05,0.0006535497254180357
225,225,225,224,969.5609240965503,1.4441674824894335e-06,9.62778321659623e-07,0.0012928339147696111,0.000970387852920557,-1.837368359922792e-05,0.00011831422699912321,6.27281636771948e-05,0.0006535497254180357
226,226,226,226,969.5569155228766,1.4128643101296579e-06,9.419095400864386e-07,0.0012933126112807502,0.0009710921352502611,-1.836097179747087e-05,0.00011846470879990802,6.281934294268682e-05,0.0006532711278976253
227,227,227,226,969.5569155228766,1.4128643101296579e-06,9.419095400864386e-07,0.0012933126112807502,0.0009710921352502611,-1.836097179747087e-05,0.00011846470879990802,6.281934294268682e-05,0.0006532711278976253
228,228,228,228,969.5535949808261,1.462938546581416e-06,9.752923643876108e-07,0.0012927841279824586,0.0009703373225155203,-1.8395306499802144e-05,0.000118305280132823,6.271726384068227e-05,0.0006531305515934728
229,229,229,228,969.5535949808261,1.462938546581416e-06,9.752923643876108e-07,0.0012927841279824586,0.0009703373225155203,-1.8395306499802144e-05,0.000118305280132823,6.271726384068227e-05,0.0006531305515934728
230,230,230,230,969.5497422063299,1.435367809304866e-06,9.569118728699109e-07,0.0012933894649808065,0.0009711544870151565,-1.838333358718247e-05,0.00011845534961633819,6.28090402967213e-05,0.0006528432613523098
231,231,231,230,969.5497422063299,1.435367809304866e-06,9.569118728699109e-07,0.0012933894649808065,0.0009711544870151565,-1.838333358718247e-05,0.00011845534961633819,6.28090402967213e-05,0.0006528432613523098
232,232,232,232,969.5465593999404,1.4887555135900676e-06,9.925036757267116e-07,0.0012926907021224676,0.00097021029801303,-1.8408238549795508e-05,0.00011828886110999797,6.271314211497153e-05,0.0006526292790831768
233,233,233,232,969.5465593999404,1.4887555135900676e-06,9.925036757267116e-07,0.0012926907021224676,0.00097021029801303,-1.8408238549795508e-05,0.00011828886110999797,6.271314211497153e-05,0.0006526292790831768
234,234,234,234,969.5428870621602,1.4555299397700505e-06,9.703532931800338e-07,0.001293144515017609,0.0009708852362190522,-1.8392289425253616e-05,0.00011844422636450518,6.280883294271233e-05,0.0006523698703670783
235,235,235,234,969.5428870621602,1.4555299397700505e-06,9.703532931800338e-07,0.001293144515017609,0.0009708852362190522,-1.8392289425253616e-05,0.00011844422636450518,6.280883294271233e-05,0.0006523698703670783
236,236,236,236,969.5398458746922,1.5147428198136748e-06,1.0098285465424497e-06,0.0012924203665408615,0.000969981008694943,-1.8418848690561485e-05,0.00011828393491597974,6.270965028891407e-05,0.0006521768446500968
237,237,237,236,969.5398458746922,1.5147428198136748e-06,1.0098285465424497e-06,0.0012924203665408615,0.000969981008694943,-1.8418848690561485e-05,0.00011828393491597974,6.270965028891407e-05,0.0006521768446500968
238,238,238,238,969.5363441966442,1.4893695445272748e-06,9.929130296848498e-07,0.0012932418658953412,0.000970947061139581,-1.8417178857123295e-05,0.00011843289795112376,6.279721326948873e-05,0.0006519300451148049
239,239,239,238,969.5363441966442,1.4893695445272748e-06,9.929130296848498e-07,0.0012932418658953412,0.000970947061139581,-1.8417178857123295e-05,0.00011843289795112376,6.279721326948873e-05,0.0006519300451148049
240,240,240,240,969.5334497141797,1.5406313807753147e-06,1.027087587183543e-06,0.0012922963493394338,0.0009698313903119185,-1.8431917227813843e-05,0.00011826262234177089,6.270515026672585e-05,0.0006516806487833918
241,241,241,240,969.5334497141797,1.5406313807753147e-06,1.027087587183543e-06,0.0012922963493394338,0.0009698313903119185,-1.8431917227813843e-05,0.00011826262234177089,6.270515026672585e-05,0.0006516806487833918
242,242,242,242,969.5301405185018,1.50632237377879e-06,1.0042149158525264e-06,0.001292914183031003,0.0009706382903484767,-1.8419788278885296e-05,0.00011841740746040159,6.279976805943083e-05,0.0006513857085229847
243,243,243,242,969.5301405185018,1.50632237377879e-06,1.0042149158525264e-06,0.001292914183031003,0.0009706382903484767,-1.8419788278885296e-05,0.00011841740746040159,6.279976805943083e-05,0.0006513857085229847
244,244,244,244,969.5273868274012,1.5639759059771219e-06,1.0426506039847476e-06,0.0012921550026456375,0.0009696712572266528,-1.8443967975650954e-05,0.0001182526993539739,6.270227663737055e-05,0.0006512013937812034
245,245,245,244,969.5273868274012,1.5639759059771219e-06,1.0426506039847476e-06,0.0012921550026456375,0.0009696712572266528,-1.8443967975650954e-05,0.0001182526993539739,6.270227663737055e-05,0.0006512013937812034
246,246,246,246,969.5242622372299,1.5329778711992148e-06,1.0219852474661426e-06,0.0012928580280059544,0.0009705608796726203,-1.843188697505521e-05,0.00011840539819519114,6.279426245360542e-05,0.0006508967439483785
247,247,247,246,969.5242622372299,1.5329778711992148e-06,1.0219852474661426e-06,0.0012928580280059544,0.0009705608796726203,-1.843188697505521e-05,0.00011840539819519114,6.279426245360542e-05,0.0006508967439483785
248,248,248,248,969.5216696802106,1.5840161377012052e-06,1.0560107584674698e-06,0.00129212777317505,0.0009696124185673645,-1.8452843738026026e-05,0.00011824114891526254,6.269685932408509e-05,0.0006507051204296674
249,249,249,248,969.5216696802106,1.5840161377012052e-06,1.0560107584674698e-06,0.00129212777317505,0.0009696124185673645,-1.8452843738026026e-05,0.00011824114891526254,6.269685932408509e-05,0.0006507051204296674
250,250,250,250,969.5187124862339,1.5604254918755167e-06,1.0402836612503443e-06,0.00129250007018833,0.0009703685547538174,-1.84388816545783e-05,0.000118396929954898,6.279230545968434e-05,0.000650256688745782
251,251,251,250,969.5187124862339,1.5604254918755167e-06,1.0402836612503443e-06,0.00129250007018833,0.0009703685547538174,-1.84388816545783e-05,0.000118396929954898,6.279230545968434e-05,0.000650256688745782
252,252,252,252,969.5162248232793,1.6093597579314167e-06,1.0729065052876114e-06,0.001291168768465534,0.000969049453570096,-1.8443134661420835e-05,0.00011824075426279441,6.270511492770248e-05,0.0006498570044656749
253,253,253,252,969.5162248232793,1.6093597579314167e-06,1.0729065052876114e-06,0.001291168768465534,0.000969049453570096,-1.8443134661420835e-05,0.00011824075426279441,6.270511492770248e-05,0.0006498570044656749
254,254,254,254,969.513373436059,1.5921710272703837e-06,1.0614473515135892e-06,0.001291417793046312,0.0009697023666144773,-1.8412724306207662e-05,0.00011839151598754892,6.280218468582982e-05,0.0006492351884129606
255,255,255,254,969.513373436059,1.5921710272703837e-06,1.0614473515135892e-06,0.001291417793046312,0.0009697023666144773,-1.8412724306207662e-05,0.00011839151598754892,6.280218468582982e-05,0.0006492351884129606
256,256,256,256,969.510954568651,1.642706453058862e-06,1.0951376353725752e-06,0.0012899550422442497,0.00096831466378538,-1.841572508023276e-05,0.0001182386467631338,6.271648664514518e-05,0.0006488431639599514
257,257,257,256,969.510954568651,1.642706453058862e-06,1.0951376353725752e-06,0.0012899550422442497,0.00096831466378538,-1.841572508023276e-05,0.0001182386467631338,6.271648664514518e-05,0.0006488431639599514
258,258,258,258,969.5082101355924,1.618410563647421e-06,1.0789403757649474e-06,0.0012901227071307815,0.000968923898367864,-1.8385426568012786e-05,0.00011839253356038666,6.281390102308437e-05,0.0006482234050778176
259,259,259,258,969.5082101355924,1.618410563647421e-06,1.0789403757649474e-06,0.0012901227071307815,0.000968923898367864,-1.8385426568012786e-05,0.00011839253356038666,6.281390102308437e-05,0.0006482234050778176
260,260,260,260,969.5058863733384,1.6657846964029943e-06,1.1105231309353298e-06,0.0012887374829708444,0.000967570729571555,-1.8388362965908456e-05,0.00011823324267203116,6.272867732461107e-05,0.0006477990654652171
261,261,261,260,969.5058863733384,1.6657846964029943e-06,1.1105231309353298e-06,0.0012887374829708444,0.000967570729571555,-1.8388362965908456e-05,0.00011823324267203116,6.272867732461107e-05,0.0006477990654652171
262,262,262,262,969.5032535451224,1.64080430858915e-06,1.0938695390594329e-06,0.0012889209758842042,0.0009681820308208315,-1.8358062396917063e-05,0.00011839229037066898,6.282619825510871e-05,0.0006471887775742384
263,263,263,262,969.5032535451224,1.64080430858915e-06,1.0938695390594329e-06,0.0012889209758842042,0.0009681820308208315,-1.8358062396917063e-05,0.00011839229037066898,6.282619825510871e-05,0.0006471887775742384
264,264,264,264,969.5010212378676,1.6959176117326002e-06,1.1306117411550671e-06,0.0012875767340829885,0.0009668699608821337,-1.8360615758210297e-05,0.00011823157452043542,6.274032305132737e-05,0.0006467727643393517
265,265,265,264,969.5010212378676,1.6959176117326002e-06,1.1306117411550671e-06,0.0012875767340829885,0.0009668699608821337,-1.8360615758210297e-05,0.00011823157452043542,6.274032305132737e-05,0.0006467727643393517
266,266,266,266,969.498493066697,1.670439664064327e-06,1.1136264427095517e-06,0.0012877020515639401,0.0009674609906557346,-1.83294081952598e-05,0.00011838884669832939,6.283838232725575e-05,0.0006461635014213667
267,267,267,266,969.498493066697,1.670439664064327e-06,1.1136264427095517e-06,0.0012877020515639401,0.0009674609906557346,-1.83294081952598e-05,0.00011838884669832939,6.283838232725575e-05,0.0006461635014213667
268,268,268,268,969.4963366228408,1.717121136834976e-06,1.1447474245566509e-06,0.0012863988708473981,0.000966159020410856,-1.8331781961339333e-05,0.00011823295178946193,6.27525599704512e-05,0.0006457518329699006
269,269,269,268,969.4963366228408,1.717121136834976e-06,1.1447474245566509e-06,0.0012863988708473981,0.000966159020410856,-1.8331781961339333e-05,0.00011823295178946193,6.27525599704512e-05,0.0006457518329699006
270,270,270,270,969.4939024088964,1.700194057485671e-06,1.1334627049904475e-06,0.0012864948482843742,0.00096672395209693,-1.8299807330271478e-05,0.00011838852279502226,6.28514758974838e-05,0.0006451240643761955
271,271,271,270,969.4939024088964,1.700194057485671e-06,1.1334627049904475e-06,0.0012864948482843742,0.00096672395209693,-1.8299807330271478e-05,0.00011838852279502226,6.28514758974838e-05,0.0006451240643761955
272,272,272,272,969.4918401274398,1.7517526794408322e-06,1.1678351196272212e-06,0.0012851297643736487,0.000965393861857681,-1.830208622086854e-05,0.00011822772206971472,6.276616587400086e-05,0.0006446912468417393
273,273,273,272,969.4918401274398,1.7517526794408322e-06,1.1678351196272212e-06,0.0012851297643736487,0.000965393861857681,-1.830208622086854e-05,0.00011822772206971472,6.276616587400086e-05,0.0006446912468417393
274,274,274,274,969.4895104209215,1.7278269188458761e-06,1.1518846125639169e-06,0.0012852517535182526,0.0009659715542171432,-1.827278238644703e-05,0.00011838908881255371,6.28629156502955e-05,0.0006440757712677127
275,275,275,274,969.4895104209215,1.7278269188458761e-06,1.1518846125639169e-06,0.0012852517535182526,0.0009659715542171432,-1.827278238644703e-05,0.00011838908881255371,6.28629156502955e-05,0.0006440757712677127
276,276,276,276,969.4875359977536,1.7795822988553311e-06,1.1863881992368874e-06,0.0012840153734787678,0.0009647259463384153,-1.8273668025654832e-05,0.00011822617572006624,6.277827597313268e-05,0.0006436417153352476
277,277,277,276,969.4875359977536,1.7795822988553311e-06,1.1863881992368874e-06,0.0012840153734787678,0.0009647259463384153,-1.8273668025654832e-05,0.00011822617572006624,6.277827597313268e-05,0.0006436417153352476
278,278,278,278,969.4853247393855,1.7570495257357432e-06,1.1713663504904948e-06,0.0012840281261739873,0.0009652356271727526,-1.824047098116649e-05,0.00011838337297874,6.28775350986141e-05,0.0006430274195455434
279,279,279,278,969.4853247393855,1.7570495257357432e-06,1.1713663504904948e-06,0.0012840281261739873,0.0009652356271727526,-1.824047098116649e-05,0.00011838337297874,6.28775350986141e-05,0.0006430274195455434
280,280,280,280,969.4833985100142,1.8048045740404195e-06,1.2032030493602797e-06,0.0012826760775555021,0.0009639156883945619,-1.8242197956458428e-05,0.00011822689506427663,6.279171383166693e-05,0.0006425860906709789
281,281,281,280,969.4833985100142,1.8048045740404195e-06,1.2032030493602797e-06,0.0012826760775555021,0.0009639156883945619,-1.8242197956458428e-05,0.00011822689506427663,6.279171383166693e-05,0.0006425860906709789
282,282,282,282,969.4813355379761,1.780018875741085e-06,1.1866792504940573e-06,0.0012829263711858793,0.0009645712245754802,-1.8210847480097658e-05,0.00011837831224490017,6.289029011700975e-05,0.0006419590559549976
283,283,283,282,969.4813355379761,1.780018875741085e-06,1.1866792504940573e-06,0.0012829263711858793,0.0009645712245754802,-1.8210847480097658e-05,0.00011837831224490017,6.289029011700975e-05,0.0006419590559549976
284,284,284,284,969.479480728887,1.8320660510051656e-06,1.2213773673367774e-06,0.0012815691725749764,0.0009632460679184207,-1.821340753566103e-05,0.00011822698966876244,6.280740835973991e-05,0.0006415269252647239
285,285,285,284,969.479480728887,1.8320660510051656e-06,1.2213773673367774e-06,0.0012815691725749764,0.0009632460679184207,-1.821340753566103e-05,0.00011822698966876244,6.280740835973991e-05,0.0006415269252647239
286,286,286,286,969.4775429587881,1.8141136877702912e-06,1.2094091251801942e-06,0.0012817022824816822,0.0009638342083023224,-1.8179577434919436e-05,0.00011838062304027316,6.290422334839091e-05,0.0006408970997663547
287,287,287,286,969.4775429587881,1.8141136877702912e-06,1.2094091251801942e-06,0.0012817022824816822,0.0009638342083023224,-1.8179577434919436e-05,0.00011838062304027316,6.290422334839091e-05,0.0006408970997663547
288,288,288,288,969.4757750352846,1.867259617760464e-06,1.244839745173643e-06,0.0012803219650528328,0.0009624959878179816,-1.818113424720269e-05,0.00011822454472328406,6.28205905928575e-05,0.0006404626955467076
289,289,289,288,969.4757750352846,1.867259617760464e-06,1.244839745173643e-06,0.0012803219650528328,0.0009624959878179816,-1.818113424720269e-05,0.00011822454472328406,6.28205905928575e-05,0.0006404626955467076
290,290,290,290,969.473948726398,1.8400427863607405e-06,1.2266951909071602e-06,0.0012805404876588945,0.0009631312836598561,-1.8149448639190324e-05,0.00011838059546924303,6.291754745100381e-05,0.0006398632909873703
291,291,291,290,969.473948726398,1.8400427863607405e-06,1.2266951909071602e-06,0.0012805404876588945,0.0009631312836598561,-1.8149448639190324e-05,0.00011838059546924303,6.291754745100381e-05,0.0006398632909873703
292,292,292,292,969.4722718025563,1.8934889595700888e-06,1.2623259730467264e-06,0.0012790764617959581,0.0009617480452582142,-1.8150490938395603e-05,0.00011822231541025497,6.283335846773985e-05,0.0006394239834244228
293,293,293,292,969.4722718025563,1.8934889595700888e-06,1.2623259730467264e-06,0.0012790764617959581,0.0009617480452582142,-1.8150490938395603e-05,0.00011822231541025497,6.283335846773985e-05,0.0006394239834244228
294,294,294,294,969.470549360077,1.8783806746414111e-06,1.2522537830942735e-06,0.0012792286474821756,0.000962353119445743,-1.8115557982138764e-05,0.00011837705010063421,6.293313080867058e-05,0.0006387858262046887
295,295,295,294,969.470549360077,1.8783806746414111e-06,1.2522537830942735e-06,0.0012792286474821756,0.000962353119445743,-1.8115557982138764e-05,0.00011837705010063421,6.293313080867058e-05,0.0006387858262046887
296,296,296,296,969.4689656538344,1.9322646044594993e-06,1.2881764029729998e-06,0.0012776800523431608,0.0009609225506640462,-1.8116898719430785e-05,0.0001182177644256536,6.28458663962661e-05,0.0006383336875316265
297,297,297,296,969.4689656538344,1.9322646044594993e-06,1.2881764029729998e-06,0.0012776800523431608,0.0009609225506640462,-1.8116898719430785e-05,0.0001182177644256536,6.28458663962661e-05,0.0006383336875316265
298,298,298,298,969.4673414266381,1.9114618534377126e-06,1.2743079022918082e-06,0.0012781351592183374,0.0009617001153080082,-1.808408502752129e-05,0.00011838007605122073,6.294820200006962e-05,0.0006377185273624391
299,299,299,298,969.4673414266381,1.9114618534377126e-06,1.2743079022918082e-06,0.0012781351592183374,0.0009617001153080082,-1.808408502752129e-05,0.00011838007605122073,6.294820200006962e-05,0.0006377185273624391
300,300,300,300,969.4658460626978,1.9598224464123515e-06,1.306548297608234e-06,0.0012767027388432967,0.000960334233818801,-1.8083558270987066e-05,0.0001182214067987555,6.286382544128805e-05,0.0006372576490814785
301,301,301,300,969.4658460626978,1.9598224464123515e-06,1.306548297608234e-06,0.0012767027388432967,0.000960334233818801,-1.8083558270987066e-05,0.0001182214067987555,6.286382544128805e-05,0.0006372576490814785
302,302,302,302,969.4643343398037,1.9392475669455234e-06,1.2928317112970156e-06,0.00127680599563336,0.0009609053437556873,-1.8049767978964293e-05,0.00011837692579424848,6.296309334693356e-05,0.0006366411618019212
303,303,303,302,969.4643343398037,1.9392475669455234e-06,1.2928317112970156e-06,0.00127680599563336,0.0009609053437556873,-1.8049767978964293e-05,0.00011837692579424848,6.296309334693356e-05,0.0006366411618019212
304,304,304,304,969.4629251518013,1.9969005342623802e-06,1.3312670228415868e-06,0.0012754398577006652,0.0009595725347178001,-1.805010213743602e-05,0.00011822309528275278,6.287848046947903e-05,0.0006362210543520257
305,305,305,304,969.4629251518013,1.9969005342623802e-06,1.3312670228415868e-06,0.0012754398577006652,0.0009595725347178001,-1.805010213743602e-05,0.00011822309528275278,6.287848046947903e-05,0.0006362210543520257
306,306,306,306,969.4615309675927,1.968867962609533e-06,1.3125786417396887e-06,0.0012756161702140165,0.000960192427572017,-1.8018537326483508e-05,0.00011837823014518826,6.297734159584761e-05,0.0006355719256290976
307,307,307,306,969.4615309675927,1.968867962609533e-06,1.3125786417396887e-06,0.0012756161702140165,0.000960192427572017,-1.8018537326483508e-05,0.00011837823014518826,6.297734159584761e-05,0.0006355719256290976
308,308,308,308,969.4602243957539,2.0287019261155947e-06,1.3524679507437298e-06,0.0012742679476705444,0.0009588716095917631,-1.8017659397170926e-05,0.00011822013150674644,6.289372359157691e-05,0.0006351365216617636
309,309,309,308,969.4602243957539,2.0287019261155947e-06,1.3524679507437298e-06,0.0012742679476705444,0.0009588716095917631,-1.8017659397170926e-05,0.00011822013150674644,6.289372359157691e-05,0.0006351365216617636
310,310,310,310,969.4589278973807,2.007797910680287e-06,1.3385319404535245e-06,0.0012743748145943627,0.0009594545911170767,-1.798134944462626e-05,0.00011837928125134074,6.299431559982083e-05,0.0006344959528432237
311,311,311,310,969.4589278973807,2.007797910680287e-06,1.3385319404535245e-06,0.0012743748145943627,0.0009594545911170767,-1.798134944462626e-05,0.00011837928125134074,6.299431559982083e-05,0.0006344959528432237
312,312,312,312,969.4577085307632,2.063843840105495e-06,1.3758958934036634e-06,0.0012730817588100165,0.000958175723192762,-1.798413075289329e-05,0.00011822078430439529,6.290859589615228e-05,0.0006340127559501245
313,313,313,312,969.4577085307632,2.063843840105495e-06,1.3758958934036634e-06,0.0012730817588100165,0.000958175723192762,-1.798413075289329e-05,0.00011822078430439529,6.290859589615228e-05,0.0006340127559501245
314,314,314,314,969.4565125319559,2.0449553702339696e-06,1.3633035801559798e-06,0.0012732222977112778,0.0009587672162803458,-1.7946850848375717e-05,0.0001183784988861221,6.301031871411289e-05,0.0006333772200675088
315,315,315,314,969.4565125319559,2.0449553702339696e-06,1.3633035801559798e-06,0.0012732222977112778,0.0009587672162803458,-1.7946850848375717e-05,0.0001183784988861221,6.301031871411289e-05,0.0006333772200675088
316,316,316,316,969.4553907575748,2.0962250524281245e-06,1.3974833682854162e-06,0.0012718354226154893,0.0009574332706959972,-1.7946994544805472e-05,0.00011822016462285187,6.292584263562634e-05,0.0006329183631589214
317,317,317,316,969.4553907575748,2.0962250524281245e-06,1.3974833682854162e-06,0.0012718354226154893,0.0009574332706959972,-1.7946994544805472e-05,0.00011822016462285187,6.292584263562634e-05,0.0006329183631589214
318,318,318,318,969.4543043055642,2.075656812067228e-06,1.3837712080448186e-06,0.0012718595934147214,0.0009579598303437579,-1.7910657291349275e-05,0.00011837789903531329,6.302768632340111e-05,0.0006322854939426138
319,319,319,318,969.4543043055642,2.075656812067228e-06,1.3837712080448186e-06,0.0012718595934147214,0.0009579598303437579,-1.7910657291349275e-05,0.00011837789903531329,6.302768632340111e-05,0.0006322854939426138
320,320,320,320,969.4532755496,2.132471845439632e-06,1.4216478969597542e-06,0.0012706143781935273,0.0009567061663252759,-1.7911137514689535e-05,0.00011822026594300601,6.294327001073186e-05,0.0006318314694176391
321,321,321,320,969.4532755496,2.132471845439632e-06,1.4216478969597542e-06,0.0012706143781935273,0.0009567061663252759,-1.7911137514689535e-05,0.00011822026594300601,6.294327001073186e-05,0.0006318314694176391
322,322,322,322,969.4523064948864,2.114177922646343e-06,1.4094519484308954e-06,0.0012707813057966618,0.0009573149048130902,-1.7876216573280146e-05,0.00011837651832665,6.304240264010802e-05,0.0006312182618611938
323,323,323,322,969.4523064948864,2.114177922646343e-06,1.4094519484308954e-06,0.0012707813057966618,0.0009573149048130902,-1.7876216573280146e-05,0.00011837651832665,6.304240264010802e-05,0.0006312182618611938
324,324,324,324,969.4513623604867,2.1644353309924202e-06,1.4429568873282799e-06,0.0012693965622135716,0.0009559759613007068,-1.7877143267897022e-05,0.00011822016740425752,6.295846300444913e-05,0.000630784973902943
325,325,325,324,969.4513623604867,2.1644353309924202e-06,1.4429568873282799e-06,0.0012693965622135716,0.0009559759613007068,-1.7877143267897022e-05,0.00011822016740425752,6.295846300444913e-05,0.000630784973902943
326,326,326,326,969.4504943675679,2.144270884046895e-06,1.42951392269793e-06,0.001269493508184064,0.0009565505464688025,-1.784185201129246e-05,0.00011837699918082665,6.305878157762679e-05,0.0006301556236514257
327,327,327,326,969.4504943675679,2.144270884046895e-06,1.42951392269793e-06,0.001269493508184064,0.0009565505464688025,-1.784185201129246e-05,0.00011837699918082665,6.305878157762679e-05,0.0006301556236514257
328,328,328,328,969.449651519026,2.1969207612548836e-06,1.4646138408365888e-06,0.0012680805449883559,0.000955188579670904,-1.7841340599338007e-05,0.00011822097658388225,6.297539939929819e-05,0.0006297283184567865
329,329,329,328,969.449651519026,2.1969207612548836e-06,1.4646138408365888e-06,0.0012680805449883559,0.000955188579670904,-1.7841340599338007e-05,0.00011822097658388225,6.297539939929819e-05,0.0006297283184567865
330,330,330,330,969.4488959743161,2.178093759186428e-06,1.4520625061242858e-06,0.001268385565063465,0.0009558973456643912,-1.7806926185685856e-05,0.00011837841426553012,6.307647085439932e-05,0.0006291112517231855
331,331,331,330,969.4488959743161,2.178093759186428e-06,1.4520625061242858e-06,0.001268385565063465,0.0009558973456643912,-1.7806926185685856e-05,0.00011837841426553012,6.307647085439932e-05,0.0006291112517231855
332,332,332,332,969.4481444761652,2.2320549714349713e-06,1.4880366476233142e-06,0.0012671118395635645,0.0009545908978728688,-1.7807046799725446e-05,0.00011822017769478036,6.299007508904497e-05,0.000628649329136346
333,333,333,332,969.4481444761652,2.2320549714349713e-06,1.4880366476233142e-06,0.0012671118395635645,0.0009545908978728688,-1.7807046799725446e-05,0.00011822017769478036,6.299007508904497e-05,0.000628649329136346
334,334,334,334,969.4474943641773,2.21602033684265e-06,1.4773468912284335e-06,0.0012671554447903509,0.0009551511303455603,-1.7771297549436238e-05,0.00011837920627306934,6.309149636681693e-05,0.000628032647296614
335,335,335,334,969.4474943641773,2.21602033684265e-06,1.4773468912284335e-06,0.0012671554447903509,0.0009551511303455603,-1.7771297549436238e-05,0.00011837920627306934,6.309149636681693e-05,0.000628032647296614
336,336,336,336,969.4468436785021,2.268259574472742e-06,1.5121730496484944e-06,0.0012657965822435383,0.0009538339588320802,-1.777012716793619e-05,0.00011822300867530369,6.300762862835457e-05,0.0006275558197642146
337,337,337,336,969.4468436785021,2.268259574472742e-06,1.5121730496484944e-06,0.0012657965822435383,0.0009538339588320802,-1.777012716793619e-05,0.00011822300867530369,6.300762862835457e-05,0.0006275558197642146
338,338,338,338,969.4463001967147,2.2524432719550624e-06,1.501628847970042e-06,0.0012659459357068578,0.0009544280906147062,-1.7734945512867806e-05,0.00011837954117421582,6.310858487534182e-05,0.000626969165992512
339,339,339,338,969.4463001967147,2.2524432719550624e-06,1.501628847970042e-06,0.0012659459357068578,0.0009544280906147062,-1.7734945512867806e-05,0.00011837954117421582,6.310858487534182e-05,0.000626969165992512
340,340,340,340,969.445737986709,2.3097141318151326e-06,1.5398094212100886e-06,0.0012647711923592369,0.0009532797131146329,-1.7733112301868137e-05,0.00011822755499668592,6.302993178717436e-05,0.000626519708390453
341,341,341,340,969.445737986709,2.3097141318151326e-06,1.5398094212100886e-06,0.0012647711923592369,0.0009532797131146329,-1.7733112301868137e-05,0.00011822755499668592,6.302993178717436e-05,0.000626519708390453
342,342,342,342,969.4452947868316,2.2877000617760324e-06,1.5251333745173548e-06,0.0012647529917290373,0.0009537192240423358,-1.7698494656222252e-05,0.00011837886036053768,6.312475101445669e-05,0.0006259065958381263
343,343,343,343,969.442768597974,2.3125153868486237e-06,1.5416769245657495e-06,0.001264030347397161,0.0009530309403030458,-1.768195035346115e-05,0.0001183091902518443,6.309974831995857e-05,0.000625679671868213
344,344,344,343,969.442768597974,2.3125153868486237e-06,1.5416769245657495e-06,0.001264030347397161,0.0009530309403030458,-1.768195035346115e-05,0.0001183091902518443,6.309974831995857e-05,0.000625679671868213
345,345,345,343,969.442768597974,2.3125153868486237e-06,1.5416769245657495e-06,0.001264030347397161,0.0009530309403030458,-1.768195035346115e-05,0.0001183091902518443,6.309974831995857e-05,0.000625679671868213
346,346,346,346,969.4425205798129,2.3028816275028063e-06,1.535254418335204e-06,0.0012638230692601027,0.0009529565143744038,-1.7707127609345452e-05,0.00011833186571087037,6.310178967745828e-05,0.0006255132281628656
347,347,347,346,969.4425205798129,2.3028816275028063e-06,1.535254418335204e-06,0.0012638230692601027,0.0009529565143744038,-1.7707127609345452e-05,0.00011833186571087037,6.310178967745828e-05,0.0006255132281628656
348,348,348,348,969.4424602648917,2.314838853628709e-06,1.5432259024191395e-06,0.0012635387640410423,0.0009526743113139191,-1.7707623488474877e-05,0.00011828689762855159,6.30703074573774e-05,0.0006253942317841183
349,349,349,348,969.4424602648917,2.314838853628709e-06,1.5432259024191395e-06,0.0012635387640410423,0.0009526743113139191,-1.7707623488474877e-05,0.00011828689762855159,6.30703074573774e-05,0.0006253942317841183
350,350,350,350,969.4423151149674,2.3067842429558283e-06,1.5378561619705522e-06,0.0012635818835268241,0.0009528407468529155,-1.769830316485782e-05,0.00011833468758643258,6.310529493175343e-05,0.000625257724719417
351,351,351,350,969.4423151149674,2.3067842429558283e-06,1.5378561619705522e-06,0.0012635818835268241,0.0009528407468529155,-1.769830316485782e-05,0.00011833468758643258,6.310529493175343e-05,0.000625257724719417
352,352,352,352,969.4422623993746,2.3265345107936763e-06,1.5510230071957847e-06,0.00126322906970585,0.0009524808911601292,-1.7699754137658064e-05,0.00011828460212998524,6.307361247769733e-05,0.0006251443647686745
353,353,353,352,969.4422623993746,2.3265345107936763e-06,1.5510230071957847e-06,0.00126322906970585,0.0009524808911601292,-1.7699754137658064e-05,0.00011828460212998524,6.307361247769733e-05,0.0006251443647686745
354,354,354,354,969.4421225621301,2.3120408166599216e-06,1.5413605444399478e-06,0.0012633070272564302,0.0009526749884364077,-1.7690316148601115e-05,0.00011833443713398958,6.310848260714791e-05,0.0006250167975600088
355,355,355,354,969.4421225621301,2.3120408166599216e-06,1.5413605444399478e-06,0.0012633070272564302,0.0009526749884364077,-1.7690316148601115e-05,0.00011833443713398958,6.310848260714791e-05,0.0006250167975600088
356,356,356,356,969.4420754596691,2.3316302271148004e-06,1.5544201514098672e-06,0.0012629247821280968,0.0009522927233307023,-1.769192253370938e-05,0.000118284905391047,6.307712934139342e-05,0.0006249057489729049
357,357,357,356,969.4420754596691,2.3316302271148004e-06,1.5544201514098672e-06,0.0012629247821280968,0.0009522927233307023,-1.769192253370938e-05,0.000118284905391047,6.307712934139342e-05,0.0006249057489729049
358,358,358,358,969.4419417649748,2.3256838960483694e-06,1.550455930698913e-06,0.0012630054112906708,0.0009524891810827042,-1.7683067983012557e-05,0.00011833263258214847,6.311115342136353e-05,0.0006247731736887878
359,359,359,358,969.4419417649748,2.3256838960483694e-06,1.550455930698913e-06,0.0012630054112906708,0.0009524891810827042,-1.7683067983012557e-05,0.00011833263258214847,6.311115342136353e-05,0.0006247731736887878
360,360,360,360,969.4419006650467,2.338099154952644e-06,1.5587327699684295e-06,0.0012626283152483864,0.0009521102299883744,-1.7684282442191612e-05,0.00011828332244143445,6.308054281179559e-05,0.0006246620629623101
361,361,361,360,969.4419006650467,2.338099154952644e-06,1.5587327699684295e-06,0.0012626283152483864,0.0009521102299883744,-1.7684282442191612e-05,0.00011828332244143445,6.308054281179559e-05,0.0006246620629623101
362,362,362,362,969.4417723511896,2.324122443692067e-06,1.5494149624613782e-06,0.0012627119779696913,0.0009523119297559586,-1.767505267748909e-05,0.00011833169853618146,6.311456389122838e-05,0.0006245404804185795
363,363,363,362,969.4417723511896,2.324122443692067e-06,1.5494149624613782e-06,0.0012627119779696913,0.0009523119297559586,-1.767505267748909e-05,0.00011833169853618146,6.311456389122838e-05,0.0006245404804185795
364,364,364,364,969.4417369735977,2.341431353497514e-06,1.5609542356650095e-06,0.001262335991822308,0.0009519338260896885,-1.767639573209412e-05,0.00011828254974359838,6.308371993005157e-05,0.0006244303986134574
365,365,365,364,969.4417369735977,2.341431353497514e-06,1.5609542356650095e-06,0.001262335991822308,0.0009519338260896885,-1.767639573209412e-05,0.00011828254974359838,6.308371993005157e-05,0.0006244303986134574
366,366,366,366,969.441613536657,2.335379461954057e-06,1.5569196413027044e-06,0.001262430747832941,0.0009521383634503765,-1.7667387667300027e-05,0.00011833022235265633,6.311777553340975e-05,0.0006242990468859138
367,367,367,366,969.441613536657,2.335379461954057e-06,1.5569196413027044e-06,0.001262430747832941,0.0009521383634503765,-1.7667387667300027e-05,0.00011833022235265633,6.311777553340975e-05,0.0006242990468859138
368,368,368,368,969.4415839322119,2.353435534674375e-06,1.5689570231162504e-06,0.0012620722892298772,0.0009517756659444482,-1.7668493755583492e-05,0.00011828104863975901,6.308646728148126e-05,0.0006241980789708167
369,369,369,368,969.4415839322119,2.353435534674375e-06,1.5689570231162504e-06,0.0012620722892298772,0.0009517756659444482,-1.7668493755583492e-05,0.00011828104863975901,6.308646728148126e-05,0.0006241980789708167
370,370,370,370,969.4414658899926,2.342402180388614e-06,1.561601453592409e-06,0.0012621725976401075,0.0009519866415208562,-1.765943302978884e-05,0.00011832864736177468,6.312026053086756e-05,0.0006240738216517705
371,371,371,370,969.4414658899926,2.342402180388614e-06,1.561601453592409e-06,0.0012621725976401075,0.0009519866415208562,-1.765943302978884e-05,0.00011832864736177468,6.312026053086756e-05,0.0006240738216517705
372,372,372,372,969.4414418358796,2.35986590066406e-06,1.5732439337760398e-06,0.0012617931024808502,0.0009516079249016411,-1.7660680561283615e-05,0.00011827990705068399,6.308917346525833e-05,0.0006239695894916849
373,373,373,373,969.44125107593,2.352921524867435e-06,1.5686143499116234e-06,0.0012618477172151217,0.0009517266430972978,-1.7659687047262562e-05,0.00011830232621059947,6.310212091139439e-05,0.0006239070601450631
374,374,374,373,969.44125107593,2.352921524867435e-06,1.5686143499116234e-06,0.0012618477172151217,0.0009517266430972978,-1.7659687047262562e-05,0.00011830232621059947,6.310212091139439e-05,0.0006239070601450631
375,375,375,373,969.44125107593,2.352921524867435e-06,1.5686143499116234e-06,0.0012618477172151217,0.0009517266430972978,-1.7659687047262562e-05,0.00011830232621059947,6.310212091139439e-05,0.0006239070601450631
376,376,376,376,969.4412334835893,2.3471696249388607e-06,1.5647797499592406e-06,0.0012618298408073115,0.0009517305172687858,-1.765495512422166e-05,0.00011831471387268642,6.31143154612851e-05,0.0006238779659403378
377,377,377,376,969.4412334835893,2.3471696249388607e-06,1.5647797499592406e-06,0.0012618298408073115,0.0009517305172687858,-1.765495512422166e-05,0.00011831471387268642,6.31143154612851e-05,0.0006238779659403378
378,378,378,378,969.4412180315303,2.3514033840044135e-06,1.5676022560029428e-06,0.0012617318647472986,0.0009516371552108306,-1.7656228216790526e-05,0.00011830308946769285,6.31065501641298e-05,0.0006238505401022455
379,379,379,378,969.4412180315303,2.3514033840044135e-06,1.5676022560029428e-06,0.0012617318647472986,0.0009516371552108306,-1.7656228216790526e-05,0.00011830308946769285,6.31065501641298e-05,0.0006238505401022455
380,380,380,380,969.4412003938521,2.353982785252562e-06,1.5693218568350415e-06,0.0012617629675898663,0.0009516941960243813,-1.7653648174381642e-05,0.0001183156916547251,6.31153546304733e-05,0.0006238208950758315
381,381,381,380,969.4412003938521,2.353982785252562e-06,1.5693218568350415e-06,0.0012617629675898663,0.0009516941960243813,-1.7653648174381642e-05,0.0001183156916547251,6.31153546304733e-05,0.0006238208950758315
382,382,382,382,969.4411854341402,2.3576039138994975e-06,1.5717359425996649e-06,0.0012616641673428724,0.0009515972476415657,-1.7654008403290844e-05,0.00011830309253734799,6.310761158083433e-05,0.0006237947089501473
383,383,383,382,969.4411854341402,2.3576039138994975e-06,1.5717359425996649e-06,0.0012616641673428724,0.0009515972476415657,-1.7654008403290844e-05,0.00011830309253734799,6.310761158083433e-05,0.0006237947089501473
384,384,384,384,969.4411681108096,2.3555394937091467e-06,1.5703596624727645e-06,0.0012616878342542666,0.0009516491897211442,-1.765170543124861e-05,0.0001183153607463151,6.311606824029037e-05,0.0006237652280100265
385,385,385,384,969.4411681108096,2.3555394937091467e-06,1.5703596624727645e-06,0.0012616878342542666,0.0009516491897211442,-1.765170543124861e-05,0.0001183153607463151,6.311606824029037e-05,0.0006237652280100265
386,386,386,386,969.4411534999577,2.356477276255209e-06,1.5709848508368056e-06,0.0012615949780700787,0.0009515563193999729,-1.7652056074617117e-05,0.00011830273152106137,6.310825835615513e-05,0.000623738489231709
387,387,387,386,969.4411534999577,2.356477276255209e-06,1.5709848508368056e-06,0.0012615949780700787,0.0009515563193999729,-1.7652056074617117e-05,0.00011830273152106137,6.310825835615513e-05,0.000623738489231709
388,388,388,388,969.4411365133701,2.35190501801652e-06,1.5679366786776803e-06,0.001261619787533786,0.0009516088921438307,-1.7649657696974796e-05,0.00011831500904500798,6.311688198521598e-05,0.000623708952731671
389,389,389,388,969.4411365133701,2.35190501801652e-06,1.5679366786776803e-06,0.001261619787533786,0.0009516088921438307,-1.7649657696974796e-05,0.00011831500904500798,6.311688198521598e-05,0.000623708952731671
390,390,390,390,969.441122263061,2.3546424107456776e-06,1.5697616071637848e-06,0.0012615280157837762,0.0009515156157146089,-1.7649972161033756e-05,0.00011830256229342281,6.310918886624078e-05,0.0006236826895519289
391,391,391,390,969.441122263061,2.3546424107456776e-06,1.5697616071637848e-06,0.0012615280157837762,0.0009515156157146089,-1.7649972161033756e-05,0.00011830256229342281,6.310918886624078e-05,0.0006236826895519289
392,392,392,392,969.4411056308076,2.3586743241876817e-06,1.5724495494584545e-06,0.0012615505939946963,0.0009515666071846951,-1.764772612494747e-05,0.00011831466609197095,6.311767020233255e-05,0.0006236509677400354
393,393,393,392,969.4411056308076,2.3586743241876817e-06,1.5724495494584545e-06,0.0012615505939946963,0.0009515666071846951,-1.764772612494747e-05,0.00011831466609197095,6.311767020233255e-05,0.0006236509677400354
394,394,394,394,969.4410917625686,2.3576727908314332e-06,1.5717818605542892e-06,0.0012614564308337224,0.0009514724844227245,-1.7648075911896877e-05,0.00011830244387538662,6.310992448368274e-05,0.0006236247903943776
395,395,395,394,969.4410917625686,2.3576727908314332e-06,1.5717818605542892e-06,0.0012614564308337224,0.0009514724844227245,-1.7648075911896877e-05,0.00011830244387538662,6.310992448368274e-05,0.0006236247903943776
396,396,396,396,969.4410754505054,2.35334393797193e-06,1.5688959586479534e-06,0.0012614788460143806,0.0009515232546035341,-1.764579325991278e-05,0.00011831441911914063,6.311847696115896e-05,0.0006235932729411631
397,397,397,396,969.4410754505054,2.35334393797193e-06,1.5688959586479534e-06,0.0012614788460143806,0.0009515232546035341,-1.764579325991278e-05,0.00011831441911914063,6.311847696115896e-05,0.0006235932729411631
398,398,398,398,969.4410619060827,2.3639469472480634e-06,1.5759646314987092e-06,0.00126138349146403,0.0009514286571696925,-1.7646151254401e-05,0.00011830194734226463,6.311062449537719e-05,0.0006235677488145348
399,399,399,398,969.4410619060827,2.3639469472480634e-06,1.5759646314987092e-06,0.00126138349146403,0.0009514286571696925,-1.7646151254401e-05,0.00011830194734226463,6.311062449537719e-05,0.0006235677488145348
400,400,400,400,969.4410459218607,2.3563634833356772e-06,1.5709089888904515e-06,0.00126141064536097,0.0009514823538563098,-1.7643829974066383e-05,0.000118314068055356,6.311918413385437e-05,0.000623536298500532
401,401,401,400,969.4410459218607,2.3563634833356772e-06,1.5709089888904515e-06,0.00126141064536097,0.0009514823538563098,-1.7643829974066383e-05,0.000118314068055356,6.311918413385437e-05,0.000623536298500532
402,402,402,402,969.441032772825,2.361580605153568e-06,1.5743870701023792e-06,0.0012613136406940532,0.0009513861738501997,-1.7644263348985667e-05,0.00011830163091226063,6.311134230876925e-05,0.0006235097411733854
403,403,403,402,969.441032772825,2.361580605153568e-06,1.5743870701023792e-06,0.0012613136406940532,0.0009513861738501997,-1.7644263348985667e-05,0.00011830163091226063,6.311134230876925e-05,0.0006235097411733854
404,404,404,404,969.4410170561487,2.358432053289894e-06,1.5722880355265966e-06,0.0012613387266654427,0.0009514384304246076,-1.7641947833872684e-05,0.00011831366690847283,6.311994932022696e-05,0.0006234781141858269
405,405,405,404,969.4410170561487,2.358432053289894e-06,1.5722880355265966e-06,0.0012613387266654427,0.0009514384304246076,-1.7641947833872684e-05,0.00011831366690847283,6.311994932022696e-05,0.0006234781141858269
406,406,406,406,969.441004265302,2.360441475890429e-06,1.573627650593619e-06,0.0012612481399171139,0.0009513468637869606,-1.7642309350335283e-05,0.00011830145962543506,6.311202922081732e-05,0.0006234538019827419
407,407,407,406,969.441004265302,2.360441475890429e-06,1.573627650593619e-06,0.0012612481399171139,0.0009513468637869606,-1.7642309350335283e-05,0.00011830145962543506,6.311202922081732e-05,0.0006234538019827419
408,408,408,408,969.4409888598583,2.3625699481777396e-06,1.575046632118493e-06,0.0012612689273693984,0.0009513966560487274,-1.763995506981475e-05,0.00011831330570129199,6.312064846311638e-05,0.0006234226277303896
409,409,409,408,969.4409888598583,2.3625699481777396e-06,1.575046632118493e-06,0.0012612689273693984,0.0009513966560487274,-1.763995506981475e-05,0.00011831330570129199,6.312064846311638e-05,0.0006234226277303896
410,410,410,410,969.4409763671233,2.3687606887090595e-06,1.579173792472707e-06,0.0012611788262684442,0.0009513052326998457,-1.7640275543191752e-05,0.0001183012742693327,6.311294514683985e-05,0.0006233971127287008
411,411,411,410,969.4409763671233,2.3687606887090595e-06,1.579173792472707e-06,0.0012611788262684442,0.0009513052326998457,-1.7640275543191752e-05,0.0001183012742693327,6.311294514683985e-05,0.0006233971127287008
412,412,412,412,969.4409613293599,2.362713119818949e-06,1.5751420798792992e-06,0.0012611980752603171,0.0009513538076467932,-1.7638009178741476e-05,0.00011831300545981923,6.3121469624422e-05,0.0006233658161481921
413,413,413,412,969.4409613293599,2.362713119818949e-06,1.5751420798792992e-06,0.0012611980752603171,0.0009513538076467932,-1.7638009178741476e-05,0.00011831300545981923,6.3121469624422e-05,0.0006233658161481921
414,414,414,414,969.4409492400753,2.3638091763977798e-06,1.575872784265187e-06,0.0012611082511205885,0.0009512625634228955,-1.763825279303688e-05,0.00011830094611884919,6.311387796570367e-05,0.0006233405825286516
415,415,415,414,969.4409492400753,2.3638091763977798e-06,1.575872784265187e-06,0.0012611082511205885,0.0009512625634228955,-1.763825279303688e-05,0.00011830094611884919,6.311387796570367e-05,0.0006233405825286516
416,416,416,416,969.4409344734544,2.360425023051338e-06,1.5736166820342246e-06,0.0012611262114111928,0.0009513103511220221,-1.7636030468483332e-05,0.00011831288682974076,6.312233636458081e-05,0.0006233094555650825
417,417,417,416,969.4409344734544,2.360425023051338e-06,1.5736166820342246e-06,0.0012611262114111928,0.0009513103511220221,-1.7636030468483332e-05,0.00011831288682974076,6.312233636458081e-05,0.0006233094555650825
418,418,418,418,969.4409227182846,2.3719173827263518e-06,1.581278255150901e-06,0.0012610367516027678,0.0009512199596965026,-1.7636315894499488e-05,0.00011830059185813434,6.311467777935648e-05,0.000623284049694659
419,419,419,418,969.4409227182846,2.3719173827263518e-06,1.581278255150901e-06,0.0012610367516027678,0.0009512199596965026,-1.7636315894499488e-05,0.00011830059185813434,6.311467777935648e-05,0.000623284049694659
420,420,420,420,969.4409080992075,2.369984015343496e-06,1.5799893435623309e-06,0.0012610563428185582,0.0009512681783145859,-1.7634112384229406e-05,0.00011831243735644894,6.312308400948513e-05,0.0006232522533928477
421,421,421,420,969.4409080992075,2.369984015343496e-06,1.5799893435623309e-06,0.0012610563428185582,0.0009512681783145859,-1.7634112384229406e-05,0.00011831243735644894,6.312308400948513e-05,0.0006232522533928477
422,422,422,422,969.440896854381,2.3735995167417645e-06,1.5823996778278429e-06,0.0012609664080261344,0.0009511767796473452,-1.763448550724106e-05,0.00011830044090636646,6.31151977921185e-05,0.0006232280851984355
423,423,423,422,969.440896854381,2.3735995167417645e-06,1.5823996778278429e-06,0.0012609664080261344,0.0009511767796473452,-1.763448550724106e-05,0.00011830044090636646,6.31151977921185e-05,0.0006232280851984355
424,424,424,424,969.4408825232576,2.3715378605071447e-06,1.5810252403380964e-06,0.0012609864472800704,0.0009512272506182883,-1.7632149367896588e-05,0.00011831230232881533,6.312380878322615e-05,0.0006231978057846879
425,425,425,424,969.4408825232576,2.3715378605071447e-06,1.5810252403380964e-06,0.0012609864472800704,0.0009512272506182883,-1.7632149367896588e-05,0.00011831230232881533,6.312380878322615e-05,0.0006231978057846879
426,426,426,426,969.4408716115283,2.3722631961875518e-06,1.5815087974583681e-06,0.0012608955024563833,0.0009511354205144684,-1.763251334322563e-05,0.00011829981109558135,6.311590388634325e-05,0.0006231725764783531
427,427,427,426,969.4408716115283,2.3722631961875518e-06,1.5815087974583681e-06,0.0012608955024563833,0.0009511354205144684,-1.763251334322563e-05,0.00011829981109558135,6.311590388634325e-05,0.0006231725764783531
428,428,428,428,969.4408576184081,2.3695392014355665e-06,1.5796928009570448e-06,0.001260920193838783,0.0009511875974085787,-1.7630212387174937e-05,0.00011831205957437686,6.312447522843767e-05,0.000623141606448851
429,429,429,428,969.4408576184081,2.3695392014355665e-06,1.5796928009570448e-06,0.001260920193838783,0.0009511875974085787,-1.7630212387174937e-05,0.00011831205957437686,6.312447522843767e-05,0.000623141606448851
430,430,430,430,969.4408470613807,2.3712587396140794e-06,1.5808391597427196e-06,0.0012608275727507034,0.0009510942188166196,-1.7630574209830108e-05,0.00011829989784338665,6.311674572023751e-05,0.0006231163763365602
431,431,431,430,969.4408470613807,2.3712587396140794e-06,1.5808391597427196e-06,0.0012608275727507034,0.0009510942188166196,-1.7630574209830108e-05,0.00011829989784338665,6.311674572023751e-05,0.0006231163763365602
432,432,432,432,969.440833338645,2.3747073047142297e-06,1.5831382031428203e-06,0.0012608505045365115,0.0009511455764052317,-1.7628261688489022e-05,0.00011831184096199747,6.312526056741902e-05,0.0006230860465962157
433,433,433,432,969.440833338645,2.3747073047142297e-06,1.5831382031428203e-06,0.0012608505045365115,0.0009511455764052317,-1.7628261688489022e-05,0.00011831184096199747,6.312526056741902e-05,0.0006230860465962157
434,434,434,434,969.4408231491345,2.3718545657802625e-06,1.5812363771868414e-06,0.001260754661662572,0.0009510501562530235,-1.762855931884688e-05,0.00011829952816005759,6.311767874601915e-05,0.0006230605619834277
435,435,435,434,969.4408231491345,2.3718545657802625e-06,1.5812363771868414e-06,0.001260754661662572,0.0009510501562530235,-1.762855931884688e-05,0.00011829952816005759,6.311767874601915e-05,0.0006230605619834277
436,436,436,436,969.4408097381515,2.3721095575579554e-06,1.5814063717053037e-06,0.0012607784566396388,0.0009511024475051383,-1.762629270436744e-05,0.00011831142055303235,6.312603061223859e-05,0.0006230303445817208
437,437,437,436,969.4408097381515,2.3721095575579554e-06,1.5814063717053037e-06,0.0012607784566396388,0.0009511024475051383,-1.762629270436744e-05,0.00011831142055303235,6.312603061223859e-05,0.0006230303445817208
438,438,438,438,969.4407999084638,2.379902083765595e-06,1.5866013891770634e-06,0.0012606890015221678,0.0009510111585107831,-1.7626683095212092e-05,0.00011829920835381216,6.311812547067641e-05,0.0006230050926279902
439,439,439,438,969.4407999084638,2.379902083765595e-06,1.5866013891770634e-06,0.0012606890015221678,0.0009510111585107831,-1.7626683095212092e-05,0.00011829920835381216,6.311812547067641e-05,0.0006230050926279902
440,440,440,440,969.4407868241502,2.373097617830444e-06,1.5820650785536299e-06,0.0012607122925605621,0.0009510631016490098,-1.7624315936284884e-05,0.00011831108296194695,6.312670688082139e-05,0.0006229751516076857
441,441,441,440,969.4407868241502,2.373097617830444e-06,1.5820650785536299e-06,0.0012607122925605621,0.0009510631016490098,-1.7624315936284884e-05,0.00011831108296194695,6.312670688082139e-05,0.0006229751516076857
442,442,442,442,969.440777349529,2.381419556718445e-06,1.587613037812297e-06,0.0012606231492517939,0.0009509722773803758,-1.7624732903995244e-05,0.00011829869953304149,6.311871171724853e-05,0.0006229501107392766
443,443,443,442,969.440777349529,2.381419556718445e-06,1.587613037812297e-06,0.0012606231492517939,0.0009509722773803758,-1.7624732903995244e-05,0.00011829869953304149,6.311871171724853e-05,0.0006229501107392766
444,444,444,444,969.4407645846617,2.3733803823922095e-06,1.582253588261473e-06,0.0012606480427948506,0.0009510244838032344,-1.7622415265039493e-05,0.00011831059616879295,6.312723622326627e-05,0.0006229195110962356
445,445,445,444,969.4407645846617,2.3733803823922095e-06,1.582253588261473e-06,0.0012606480427948506,0.0009510244838032344,-1.7622415265039493e-05,0.00011831059616879295,6.312723622326627e-05,0.0006229195110962356
446,446,446,446,969.440755428772,2.3771369138392284e-06,1.5847579425594858e-06,0.001260555873076792,0.0009509318940170083,-1.7622784811766046e-05,0.00011829824301648635,6.311934098311711e-05,0.000622895017146853
447,447,447,446,969.440755428772,2.3771369138392284e-06,1.5847579425594858e-06,0.001260555873076792,0.0009509318940170083,-1.7622784811766046e-05,0.00011829824301648635,6.311934098311711e-05,0.000622895017146853
448,448,448,448,969.44074298383,2.372963672364614e-06,1.5819757815764093e-06,0.0012605840059364164,0.0009509868180331796,-1.7620439517557207e-05,0.00011831010614767962,6.31278143897393e-05,0.0006228653722606128
449,449,449,448,969.44074298383,2.372963672364614e-06,1.5819757815764093e-06,0.0012605840059364164,0.0009509868180331796,-1.7620439517557207e-05,0.00011831010614767962,6.31278143897393e-05,0.0006228653722606128
450,450,450,450,969.4407341391669,2.382226683111943e-06,1.5881511220746294e-06,0.001260494121496262,0.0009508956558010474,-1.7620748883340198e-05,0.00011829786138186729,6.312006469339632e-05,0.0006228395326195382
451,451,451,450,969.4407341391669,2.382226683111943e-06,1.5881511220746294e-06,0.001260494121496262,0.0009508956558010474,-1.7620748883340198e-05,0.00011829786138186729,6.312006469339632e-05,0.0006228395326195382
452,452,452,452,969.4407219806282,2.3824167857122713e-06,1.5882778571415144e-06,0.0012605163242425564,0.0009509461902243101,-1.7618508967878754e-05,0.00011830983887117425,6.312852624464765e-05,0.0006228100447085933
453,453,453,452,969.4407219806282,2.3824167857122713e-06,1.5882778571415144e-06,0.0012605163242425564,0.0009509461902243101,-1.7618508967878754e-05,0.00011830983887117425,6.312852624464765e-05,0.0006228100447085933
454,454,454,454,969.440713488138,2.386107490287559e-06,1.5907383268583728e-06,0.001260419981030916,0.0009508503502797326,-1.7618907178093557e-05,0.00011829762326640003,6.312067068894173e-05,0.0006227840199025631
455,455,455,454,969.440713488138,2.386107490287559e-06,1.5907383268583728e-06,0.001260419981030916,0.0009508503502797326,-1.7618907178093557e-05,0.00011829762326640003,6.312067068894173e-05,0.0006227840199025631
456,456,456,456,969.4407016197895,2.3839996025343257e-06,1.5893330683562174e-06,0.0012604446238139615,0.0009509029711334185,-1.761654705281085e-05,0.00011830962056755087,6.312928572712456e-05,0.000622753845127434
457,457,457,456,969.4407016197895,2.3839996025343257e-06,1.5893330683562174e-06,0.0012604446238139615,0.0009509029711334185,-1.761654705281085e-05,0.00011830962056755087,6.312928572712456e-05,0.000622753845127434
458,458,458,458,969.4406934829713,2.3816837357859555e-06,1.5877891571906373e-06,0.0012603504135139307,0.0009508082236433471,-1.7616958142369077e-05,0.00011829733083040388,6.312148994853939e-05,0.0006227284550869231
459,459,459,458,969.4406934829713,2.3816837357859555e-06,1.5877891571906373e-06,0.0012603504135139307,0.0009508082236433471,-1.7616958142369077e-05,0.00011829733083040388,6.312148994853939e-05,0.0006227284550869231
460,460,460,460,969.4406819679999,2.384862948345834e-06,1.5899086322305558e-06,0.0012603805078758644,0.000950864573970749,-1.7614614320461686e-05,0.00011830933639284581,6.312990772374544e-05,0.0006226991232610623
461,461,461,460,969.4406819679999,2.384862948345834e-06,1.5899086322305558e-06,0.0012603805078758644,0.000950864573970749,-1.7614614320461686e-05,0.00011830933639284581,6.312990772374544e-05,0.0006226991232610623
462,462,462,462,969.4406741632182,2.3830217996678726e-06,1.5886811997785815e-06,0.0012602851096782345,0.0009507694483403554,-1.761499589069543e-05,0.0001182969709186896,6.31221427166706e-05,0.0006226728116232039
463,463,463,462,969.4406741632182,2.3830217996678726e-06,1.5886811997785815e-06,0.0012602851096782345,0.0009507694483403554,-1.761499589069543e-05,0.0001182969709186896,6.31221427166706e-05,0.0006226728116232039
464,464,464,464,969.4406629271421,2.3827755415428697e-06,1.588517027695247e-06,0.0012603093328927316,0.0009508218263764178,-1.7612691435651973e-05,0.00011830893737132462,6.313063890881626e-05,0.000622643258585447
465,465,465,464,969.4406629271421,2.3827755415428697e-06,1.588517027695247e-06,0.0012603093328927316,0.0009508218263764178,-1.7612691435651973e-05,0.00011830893737132462,6.313063890881626e-05,0.000622643258585447
466,466,466,466,969.4406554608809,2.3893382484763137e-06,1.592892165650876e-06,0.0012602152486695677,0.0009507271886939386,-1.761310418017803e-05,0.00011829666956957273,6.312278650508901e-05,0.0006226179970941003
467,467,467,466,969.4406554608809,2.3893382484763137e-06,1.592892165650876e-06,0.0012602152486695677,0.0009507271886939386,-1.761310418017803e-05,0.00011829666956957273,6.312278650508901e-05,0.0006226179970941003
468,468,468,468,969.4406445188898,2.385687327410846e-06,1.5904582182738971e-06,0.001260242549144111,0.0009507814051772794,-1.7610722101581155e-05,0.00011830865142926209,6.31313484134588e-05,0.0006225879825891535
469,469,469,468,969.4406445188898,2.385687327410846e-06,1.5904582182738971e-06,0.001260242549144111,0.0009507814051772794,-1.7610722101581155e-05,0.00011830865142926209,6.31313484134588e-05,0.0006225879825891535
470,470,470,470,969.440637373905,2.3907462368966126e-06,1.5938308245977413e-06,0.0012601504623957237,0.0009506895785366173,-1.761110400504834e-05,0.00011829635656271335,6.31234492612931e-05,0.0006225642388429997
471,471,471,470,969.440637373905,2.3907462368966126e-06,1.5938308245977413e-06,0.0012601504623957237,0.0009506895785366173,-1.761110400504834e-05,0.00011829635656271335,6.31234492612931e-05,0.0006225642388429997
472,472,472,472,969.4406267453294,2.3832686308344897e-06,1.58884575388966e-06,0.0012601733711354731,0.0009507405181561918,-1.7608784625276763e-05,0.00011830823495581542,6.313198436052464e-05,0.0006225346212656041
473,473,473,472,969.4406267453294,2.3832686308344897e-06,1.58884575388966e-06,0.0012601733711354731,0.0009507405181561918,-1.7608784625276763e-05,0.00011830823495581542,6.313198436052464e-05,0.0006225346212656041
474,474,474,474,969.440619956031,2.393861661009744e-06,1.5959077740064958e-06,0.0012600818681035477,0.0009506479729795489,-1.7609127254722412e-05,0.00011829610841534783,6.312424153718382e-05,0.0006225087923171072
475,475,475,474,969.440619956031,2.393861661009744e-06,1.5959077740064958e-06,0.0012600818681035477,0.0009506479729795489,-1.7609127254722412e-05,0.00011829610841534783,6.312424153718382e-05,0.0006225087923171072
476,476,476,476,969.4406096271766,2.3885096084863555e-06,1.5923397389909035e-06,0.0012601052716367858,0.0009507000652057838,-1.7606822285257118e-05,0.00011830799141300775,6.313276060043033e-05,0.0006224794931100301
477,477,477,476,969.4406096271766,2.3885096084863555e-06,1.5923397389909035e-06,0.0012601052716367858,0.0009507000652057838,-1.7606822285257118e-05,0.00011830799141300775,6.313276060043033e-05,0.0006224794931100301
478,478,478,478,969.44060317333,2.3920557743473125e-06,1.5947038495648749e-06,0.001260016215814799,0.0009506094682551372,-1.7607159202459588e-05,0.00011829579025535815,6.312489258535753e-05,0.0006224554404376994
479,479,479,478,969.44060317333,2.3920557743473125e-06,1.5947038495648749e-06,0.001260016215814799,0.0009506094682551372,-1.7607159202459588e-05,0.00011829579025535815,6.312489258535753e-05,0.0006224554404376994
480,480,480,480,969.4405931490503,2.3888987037423703e-06,1.5925991358282472e-06,0.0012600376039817631,0.000950660040497487,-1.7604832440593077e-05,0.00011830766217520112,6.31334608592396e-05,0.0006224247354460514
481,481,481,480,969.4405931490503,2.3888987037423703e-06,1.5925991358282472e-06,0.0012600376039817631,0.000950660040497487,-1.7604832440593077e-05,0.00011830766217520112,6.31334608592396e-05,0.0006224247354460514
482,482,482,482,969.4405870312271,2.3916058696504816e-06,1.5944039131003214e-06,0.0012599466637650157,0.0009505675187076542,-1.7605212354276922e-05,0.00011829537751433932,6.312560589549765e-05,0.0006224000095268454
483,483,483,482,969.4405870312271,2.3916058696504816e-06,1.5944039131003214e-06,0.0012599466637650157,0.0009505675187076542,-1.7605212354276922e-05,0.00011829537751433932,6.312560589549765e-05,0.0006224000095268454
484,484,484,484,969.4405773231815,2.391827873038377e-06,1.594551915358918e-06,0.0012599691450188436,0.0009506182013459052,-1.7602926755878878e-05,0.00011830731437060822,6.313425798955968e-05,0.0006223684824502639
485,485,485,484,969.4405773231815,2.391827873038377e-06,1.594551915358918e-06,0.0012599691450188436,0.0009506182013459052,-1.7602926755878878e-05,0.00011830731437060822,6.313425798955968e-05,0.0006223684824502639
486,486,486,486,969.4405715519931,2.393480743628773e-06,1.5956538290858484e-06,0.0012598784969057783,0.0009505266773655221,-1.760331054086184e-05,0.00011829521782839357,6.312636191058152e-05,0.0006223452937254241
487,487,487,486,969.4405715519931,2.393480743628773e-06,1.5956538290858484e-06,0.0012598784969057783,0.0009505266773655221,-1.760331054086184e-05,0.00011829521782839357,6.312636191058152e-05,0.0006223452937254241
488,488,488,488,969.4405621655555,2.39596953732768e-06,1.5973130248851204e-06,0.0012599017781795999,0.0009505775651301999,-1.7601078796947167e-05,0.00011830701030499688,6.313488535126394e-05,0.0006223144637012392
489,489,489,488,969.4405621655555,2.39596953732768e-06,1.5973130248851204e-06,0.0012599017781795999,0.0009505775651301999,-1.7601078796947167e-05,0.00011830701030499688,6.313488535126394e-05,0.0006223144637012392
490,490,490,490,969.4405567315785,2.3944362756433968e-06,1.5962908504289306e-06,0.0012598093748296872,0.0009504844868288647,-1.760143634751965e-05,0.00011829483790043894,6.312707891580754e-05,0.0006222892865299118
491,491,491,490,969.4405567315785,2.3944362756433968e-06,1.5962908504289306e-06,0.0012598093748296872,0.0009504844868288647,-1.760143634751965e-05,0.00011829483790043894,6.312707891580754e-05,0.0006222892865299118
492,492,492,492,969.4405476050717,2.3980683575286488e-06,1.598712238352432e-06,0.001259832771669211,0.0009505354804633944,-1.7599123757108814e-05,0.00011830689194743417,6.313564642669578e-05,0.0006222598523499899
493,493,493,492,969.4405476050717,2.3980683575286488e-06,1.598712238352432e-06,0.001259832771669211,0.0009505354804633944,-1.7599123757108814e-05,0.00011830689194743417,6.313564642669578e-05,0.0006222598523499899
494,494,494,494,969.4405424999254,2.3987024181659766e-06,1.5991349454439843e-06,0.0012597409888716541,0.0009504434492180001,-1.7599518117278334e-05,0.00011829457438427414,6.312777019652771e-05,0.0006222350638220744
495,495,495,494,969.4405424999254,2.3987024181659766e-06,1.5991349454439843e-06,0.0012597409888716541,0.0009504434492180001,-1.7599518117278334e-05,0.00011829457438427414,6.312777019652771e-05,0.0006222350638220744
496,496,496,496,969.4405336822311,2.3952525760873034e-06,1.5968350507248688e-06,0.0012597723742841294,0.0009505001537656101,-1.7597329799209915e-05,0.00011830668983207142,6.3136341158114e-05,0.0006222026040798036
497,497,497,496,969.4405336822311,2.3952525760873034e-06,1.5968350507248688e-06,0.0012597723742841294,0.0009505001537656101,-1.7597329799209915e-05,0.00011830668983207142,6.3136341158114e-05,0.0006222026040798036
498,498,498,498,969.4405288483562,2.4007137850723392e-06,1.600475856714893e-06,0.0012596983808170776,0.000950420484469279,-1.7597723950400768e-05,0.00011829459054337436,6.312867402564343e-05,0.000622174774405964
499,499,499,498,969.4405288483562,2.4007137850723392e-06,1.600475856714893e-06,0.0012596983808170776,0.000950420484469279,-1.7597723950400768e-05,0.00011829459054337436,6.312867402564343e-05,0.000622174774405964
500,500,500,500,969.4405202013448,2.3942162065693218e-06,1.5961441377128817e-06,0.001259736788978258,0.0009504825443060483,-1.7595478955127752e-05,0.00011830675895180332,6.313734489250128e-05,0.0006221423783102659
501,501,501,500,969.4405202013448,2.3942162065693218e-06,1.5961441377128817e-06,0.001259736788978258,0.0009504825443060483,-1.7595478955127752e-05,0.00011830675895180332,6.313734489250128e-05,0.0006221423783102659
502,502,502,502,969.4405155892242,2.4046085575490928e-06,1.6030723716993949e-06,0.001259659759977762,0.00095040059888588,-1.7595927915226017e-05,0.00011829465029806944,6.312967754842913e-05,0.0006221139823718109
503,503,503,502,969.4405155892242,2.4046085575490928e-06,1.6030723716993949e-06,0.001259659759977762,0.00095040059888588,-1.7595927915226017e-05,0.00011829465029806944,6.312967754842913e-05,0.0006221139823718109
504,504,504,504,969.4405070911802,2.396202929633162e-06,1.5974686197554417e-06,0.0012597011819841734,0.0009504649864701658,-1.7593655628533877e-05,0.00011830688561370626,6.313841350438776e-05,0.0006220816679816273
505,505,505,504,969.4405070911802,2.396202929633162e-06,1.5974686197554417e-06,0.0012597011819841734,0.0009504649864701658,-1.7593655628533877e-05,0.00011830688561370626,6.313841350438776e-05,0.0006220816679816273
506,506,506,506,969.4405026823923,2.404569643232879e-06,1.6030464288219189e-06,0.00125962540285539,0.0009503837599798188,-1.759408890836256e-05,0.00011829481321356896,6.313070402048232e-05,0.0006220544022485845
507,507,507,506,969.4405026823923,2.404569643232879e-06,1.6030464288219189e-06,0.00125962540285539,0.0009503837599798188,-1.759408890836256e-05,0.00011829481321356896,6.313070402048232e-05,0.0006220544022485845
508,508,508,508,969.4404943644607,2.4037754253747323e-06,1.602516950249822e-06,0.0012596665635644705,0.0009504478338631763,-1.7591794021082352e-05,0.00011830693867150712,6.313935269136595e-05,0.0006220221783975353
509,509,509,508,969.4404943644607,2.4037754253747323e-06,1.602516950249822e-06,0.0012596665635644705,0.0009504478338631763,-1.7591794021082352e-05,0.00011830693867150712,6.313935269136595e-05,0.0006220221783975353
510,510,510,510,969.4404901628168,2.4031254906853317e-06,1.6020836604568878e-06,0.0012595933462204601,0.0009503686759253849,-1.7592235168409354e-05,0.00011829498507488542,6.313172097038161e-05,0.000621995369316471
511,511,511,510,969.4404901628168,2.4031254906853317e-06,1.6020836604568878e-06,0.0012595933462204601,0.0009503686759253849,-1.7592235168409354e-05,0.00011829498507488542,6.313172097038161e-05,0.000621995369316471
512,512,512,512,969.4404820023105,2.4035951823597745e-06,1.60239678823985e-06,0.0012596315092892364,0.000950431377981005,-1.758992059525122e-05,0.00011830712052563464,6.314048419912843e-05,0.0006219624193189897
513,513,513,512,969.4404820023105,2.4035951823597745e-06,1.60239678823985e-06,0.0012596315092892364,0.000950431377981005,-1.758992059525122e-05,0.00011830712052563464,6.314048419912843e-05,0.0006219624193189897
514,514,514,514,969.4404780147904,2.4086535208855953e-06,1.6057690139237302e-06,0.0012595565395265367,0.000950350554530195,-1.7590383369466e-05,0.0001182950839523795,6.313273627605448e-05,0.0006219361354469307
515,515,515,514,969.4404780147904,2.4086535208855953e-06,1.6057690139237302e-06,0.0012595565395265367,0.000950350554530195,-1.7590383369466e-05,0.0001182950839523795,6.313273627605448e-05,0.0006219361354469307
516,516,516,516,969.4404700296105,2.4027496747236476e-06,1.6018331164824322e-06,0.0012595980617316307,0.0009504148629164152,-1.7588096768536565e-05,0.00011830728112733154,6.314146828362982e-05,0.0006219036774312318
517,517,517,516,969.4404700296105,2.4027496747236476e-06,1.6018331164824322e-06,0.0012595980617316307,0.0009504148629164152,-1.7588096768536565e-05,0.00011830728112733154,6.314146828362982e-05,0.0006219036774312318
518,518,518,518,969.4404662629619,2.4042187330708398e-06,1.602812488713893e-06,0.001259524597966735,0.0009503353012022563,-1.758850845934301e-05,0.00011829526351990401,6.313377106464263e-05,0.0006218770980832989
519,519,519,518,969.4404662629619,2.4042187330708398e-06,1.602812488713893e-06,0.001259524597966735,0.0009503353012022563,-1.758850845934301e-05,0.00011829526351990401,6.313377106464263e-05,0.0006218770980832989
520,520,520,520,969.4404584539022,2.4006820511790483e-06,1.6004547007860324e-06,0.0012595640525273706,0.0009503986139618063,-1.7586254030012294e-05,0.00011830746851355207,6.314245280155534e-05,0.0006218452194382794
521,521,521,520,969.4404584539022,2.4006820511790483e-06,1.6004547007860324e-06,0.0012595640525273706,0.0009503986139618063,-1.7586254030012294e-05,0.00011830746851355207,6.314245280155534e-05,0.0006218452194382794
522,522,522,522,969.4404548908855,2.411299947935319e-06,1.6075332986235464e-06,0.001259492365297691,0.000950320343137985,-1.7586669654047482e-05,0.00011829535221460236,6.313474163967964e-05,0.0006218184726656752
523,523,523,522,969.4404548908855,2.411299947935319e-06,1.6075332986235464e-06,0.001259492365297691,0.000950320343137985,-1.7586669654047482e-05,0.00011829535221460236,6.313474163967964e-05,0.0006218184726656752
524,524,524,524,969.4404472341665,2.4091030287054505e-06,1.6060686858036335e-06,0.0012595311788607562,0.0009503829908734192,-1.758438557270675e-05,0.00011830757509044649,6.314346916065638e-05,0.000621786291953239
525,525,525,524,969.4404472341665,2.4091030287054505e-06,1.6060686858036335e-06,0.0012595311788607562,0.0009503829908734192,-1.758438557270675e-05,0.00011830757509044649,6.314346916065638e-05,0.000621786291953239
526,526,526,526,969.4404438806131,2.4087591812826936e-06,1.6058394541884624e-06,0.0012594591006685144,0.0009503044955295766,-1.7584811486469343e-05,0.00011829545972436481,6.3135730601592e-05,0.000621759672243339
527,527,527,526,969.4404438806131,2.4087591812826936e-06,1.6058394541884624e-06,0.0012594591006685144,0.0009503044955295766,-1.7584811486469343e-05,0.00011829545972436481,6.3135730601592e-05,0.000621759672243339
528,528,528,528,969.4404363958824,2.410422702631143e-06,1.6069484684207618e-06,0.0012595018198770186,0.0009503687480148914,-1.758254592987285e-05,0.00011830773052251484,6.314445238145283e-05,0.0006217279409515128
529,529,529,528,969.4404363958824,2.410422702631143e-06,1.6069484684207618e-06,0.0012595018198770186,0.0009503687480148914,-1.758254592987285e-05,0.00011830773052251484,6.314445238145283e-05,0.0006217279409515128
530,530,530,530,969.4404332529623,2.413934056005873e-06,1.6092893706705822e-06,0.0012594240451549398,0.0009502875446215843,-1.758296424050898e-05,0.00011829559128959805,6.313673312247081e-05,0.0006217012194849979
531,531,531,530,969.4404332529623,2.413934056005873e-06,1.6092893706705822e-06,0.0012594240451549398,0.0009502875446215843,-1.758296424050898e-05,0.00011829559128959805,6.313673312247081e-05,0.0006217012194849979
532,532,532,532,969.4404259279444,2.4066234019237687e-06,1.604415601282513e-06,0.00125946461000464,0.0009503516083789375,-1.7580679862801152e-05,0.00011830774227269606,6.314545029791063e-05,0.0006216690063283847
533,533,533,532,969.4404259279444,2.4066234019237687e-06,1.604415601282513e-06,0.00125946461000464,0.0009503516083789375,-1.7580679862801152e-05,0.00011830774227269606,6.314545029791063e-05,0.0006216690063283847
534,534,534,534,969.4404229929146,2.4091120721103643e-06,1.6060747147402426e-06,0.001259390796135728,0.0009502716342982731,-1.7581156673433795e-05,0.0001182956909438769,6.313769047319034e-05,0.0006216433085197984
535,535,535,534,969.4404229929146,2.4091120721103643e-06,1.6060747147402426e-06,0.001259390796135728,0.0009502716342982731,-1.7581156673433795e-05,0.0001182956909438769,6.313769047319034e-05,0.0006216433085197984
536,536,536,536,969.440415824864,2.4130434868596673e-06,1.6086956579064449e-06,0.0012594342218676404,0.0009503363598329431,-1.757906757768324e-05,0.00011830780862273876,6.314628106086906e-05,0.0006216132685366634
537,537,537,536,969.440415824864,2.4130434868596673e-06,1.6086956579064449e-06,0.0012594342218676404,0.0009503363598329431,-1.757906757768324e-05,0.00011830780862273876,6.314628106086906e-05,0.0006216132685366634
538,538,538,538,969.4404130628401,2.4106187879735508e-06,1.6070791919823675e-06,0.001259365642255041,0.0009502576137155527,-1.7580033296313302e-05,0.00011829556348215322,6.313813616604796e-05,0.0006215950241300946
539,539,539,538,969.4404130628401,2.4106187879735508e-06,1.6070791919823675e-06,0.001259365642255041,0.0009502576137155527,-1.7580033296313302e-05,0.00011829556348215322,6.313813616604796e-05,0.0006215950241300946
540,540,540,540,969.4404060143423,2.4143500415019226e-06,1.6095666943346156e-06,0.001259414365466477,0.0009503239058684828,-1.757830583630493e-05,0.00011830753891880696,6.314640616523343e-05,0.0006215702538361012
541,541,541,540,969.4404060143423,2.4143500415019226e-06,1.6095666943346156e-06,0.001259414365466477,0.0009503239058684828,-1.757830583630493e-05,0.00011830753891880696,6.314640616523343e-05,0.0006215702538361012
542,542,542,542,969.4404033600088,2.4178646717831764e-06,1.611909781188785e-06,0.0012593462932376095,0.0009502458124067584,-1.7579280271066977e-05,0.00011829533212883255,6.313827550731566e-05,0.0006215526842428955
543,543,543,542,969.4404033600088,2.4178646717831764e-06,1.611909781188785e-06,0.0012593462932376095,0.0009502458124067584,-1.7579280271066977e-05,0.00011829533212883255,6.313827550731566e-05,0.0006215526842428955
544,544,544,544,969.4403964346717,2.4117785439314865e-06,1.6078523626209909e-06,0.0012593991072490111,0.0009503144846337635,-1.7577762390037777e-05,0.00011830716235816086,6.314643213177484e-05,0.0006215332269216677
545,545,545,544,969.4403964346717,2.4117785439314865e-06,1.6078523626209909e-06,0.0012593991072490111,0.0009503144846337635,-1.7577762390037777e-05,0.00011830716235816086,6.314643213177484e-05,0.0006215332269216677
546,546,546,546,969.440393867844,2.4134124146091285e-06,1.6089416097394187e-06,0.0012593301119220865,0.0009502357577397414,-1.7578715705214576e-05,0.00011829506833148872,6.313838610634559e-05,0.0006215157733570501
547,547,547,546,969.440393867844,2.4134124146091285e-06,1.6089416097394187e-06,0.0012593301119220865,0.0009502357577397414,-1.7578715705214576e-05,0.00011829506833148872,6.313838610634559e-05,0.0006215157733570501
548,548,548,548,969.4403870161475,2.410216418807787e-06,1.6068109458718576e-06,0.0012593768630282433,0.0009503006736569624,-1.757734343139916e-05,0.0001183073970288849,6.314678760634129e-05,0.000621507547724555
549,549,549,548,969.4403870161475,2.410216418807787e-06,1.6068109458718576e-06,0.0012593768630282433,0.0009503006736569624,-1.757734343139916e-05,0.0001183073970288849,6.314678760634129e-05,0.000621507547724555
550,550,550,550,969.440384473887,2.4193249632542546e-06,1.6128833088361696e-06,0.0012593099022046252,0.0009502226088111759,-1.757875180694035e-05,0.00011829546578753536,6.313882451286501e-05,0.0006215079231374568
551,551,551,550,969.440384473887,2.4193249632542546e-06,1.6128833088361696e-06,0.0012593099022046252,0.0009502226088111759,-1.757875180694035e-05,0.00011829546578753536,6.313882451286501e-05,0.0006215079231374568
552,552,552,552,969.4403776291779,2.4117186095129473e-06,1.6078124063419646e-06,0.0012593630306475033,0.0009502914485516423,-1.757739596248281e-05,0.00011830790341082831,6.314733114597126e-05,0.0006215020208735607
553,553,553,552,969.4403776291779,2.4117186095129473e-06,1.6078124063419646e-06,0.0012593630306475033,0.0009502914485516423,-1.757739596248281e-05,0.00011830790341082831,6.314733114597126e-05,0.0006215020208735607
554,554,554,554,969.440375106225,2.4196062930748052e-06,1.6130708620498702e-06,0.0012592938436057253,0.00095021181553896,-1.757873020301337e-05,0.00011829600713992931,6.313934410125815e-05,0.0006215019813366304
555,555,555,554,969.440375106225,2.4196062930748052e-06,1.6130708620498702e-06,0.0012592938436057253,0.00095021181553896,-1.757873020301337e-05,0.00011829600713992931,6.313934410125815e-05,0.0006215019813366304
556,556,556,556,969.4403682716461,2.4122404206627923e-06,1.6081602804418615e-06,0.0012593422010846692,0.0009502778731578362,-1.7577382262420893e-05,0.00011830851470160121,6.314794091093895e-05,0.0006214963131392367
557,557,557,556,969.4403682716461,2.4122404206627923e-06,1.6081602804418615e-06,0.0012593422010846692,0.0009502778731578362,-1.7577382262420893e-05,0.00011830851470160121,6.314794091093895e-05,0.0006214963131392367
558,558,558,558,969.4403657578596,2.4196378030083565e-06,1.613091868672238e-06,0.0012592764643370653,0.0009502007605344108,-1.7578738365442437e-05,0.00011829663276626535,6.313998374222335e-05,0.0006214959214036284
559,559,559,558,969.4403657578596,2.4196378030083565e-06,1.613091868672238e-06,0.0012592764643370653,0.0009502007605344108,-1.7578738365442437e-05,0.00011829663276626535,6.313998374222335e-05,0.0006214959214036284
560,560,560,560,969.4403589421609,2.4115854071193876e-06,1.6077236047462588e-06,0.0012593301979140592,0.0009502701977538768,-1.757730748948305e-05,0.00011830908480087292,6.31485146836766e-05,0.0006214893643430006
561,561,561,560,969.4403589421609,2.4115854071193876e-06,1.6077236047462588e-06,0.0012593301979140592,0.0009502701977538768,-1.757730748948305e-05,0.00011830908480087292,6.31485146836766e-05,0.0006214893643430006
562,562,562,562,969.4403564245818,2.412541855428829e-06,1.608361236952553e-06,0.0012592609457884782,0.0009501905432692277,-1.757865284289506e-05,0.00011829720783024503,6.314055343886738e-05,0.0006214900274249793
563,563,563,562,969.4403564245818,2.412541855428829e-06,1.608361236952553e-06,0.0012592609457884782,0.0009501905432692277,-1.757865284289506e-05,0.00011829720783024503,6.314055343886738e-05,0.0006214900274249793
564,564,564,564,969.4403496197552,2.413884776675257e-06,1.6092565177835048e-06,0.0012593132330373088,0.0009502604049755803,-1.757734066675648e-05,0.00011830951896092131,6.314902889135304e-05,0.0006214842270007259
565,565,565,564,969.4403496197552,2.413884776675257e-06,1.6092565177835048e-06,0.0012593132330373088,0.0009502604049755803,-1.757734066675648e-05,0.00011830951896092131,6.314902889135304e-05,0.0006214842270007259
566,566,566,566,969.4403471040564,2.4195897138645783e-06,1.6130598092430528e-06,0.0012592417727215154,0.0009501786590914308,-1.7578735349105257e-05,0.00011829763987662092,6.314101552840068e-05,0.0006214851090854782
567,567,567,566,969.4403471040564,2.4195897138645783e-06,1.6130598092430528e-06,0.0012592417727215154,0.0009501786590914308,-1.7578735349105257e-05,0.00011829763987662092,6.314101552840068e-05,0.0006214851090854782
568,568,568,568,969.4403403300036,2.4100147979488895e-06,1.6066765319659266e-06,0.0012592949523154747,0.0009502492446652219,-1.7577309736373226e-05,0.00011831005047431795,6.314959423468769e-05,0.0006214786849881773
569,569,569,568,969.4403403300036,2.4100147979488895e-06,1.6066765319659266e-06,0.0012592949523154747,0.0009502492446652219,-1.7577309736373226e-05,0.00011831005047431795,6.314959423468769e-05,0.0006214786849881773
570,570,570,570,969.4403378205009,2.420774269068504e-06,1.6138495127123358e-06,0.0012592248738037342,0.0009501683153321787,-1.7578466948532656e-05,0.00011829841459539711,6.314188639711116e-05,0.0006214775320678216
571,571,571,570,969.4403378205009,2.420774269068504e-06,1.6138495127123358e-06,0.0012592248738037342,0.0009501683153321787,-1.7578466948532656e-05,0.00011829841459539711,6.314188639711116e-05,0.0006214775320678216
572,572,572,572,969.4403310560551,2.4138214793079094e-06,1.6092143195386055e-06,0.0012592815469049687,0.0009502405432112464,-1.7577343223294795e-05,0.00011831047068274473,6.315000527324505e-05,0.0006214727821027759
573,573,573,572,969.4403310560551,2.4138214793079094e-06,1.6092143195386055e-06,0.0012592815469049687,0.0009502405432112464,-1.7577343223294795e-05,0.00011831047068274473,6.315000527324505e-05,0.0006214727821027759
574,574,574,574,969.4403285328925,2.413306972537388e-06,1.608871315024925e-06,0.0012592064617614517,0.0009501566895177869,-1.7578680704545546e-05,0.00011829869847518944,6.31421516449765e-05,0.0006214731819162793
575,575,575,574,969.4403285328925,2.413306972537388e-06,1.608871315024925e-06,0.0012592064617614517,0.0009501566895177869,-1.7578680704545546e-05,0.00011829869847518944,6.31421516449765e-05,0.0006214731819162793
576,576,576,576,969.4403218064134,2.4130474645389643e-06,1.608698309692643e-06,0.0012592622923023667,0.0009502276703402811,-1.7577210897831708e-05,0.00011831121318303443,6.315069827438069e-05,0.0006214662114751367
577,577,577,576,969.4403218064134,2.4130474645389643e-06,1.608698309692643e-06,0.0012592622923023667,0.0009502276703402811,-1.7577210897831708e-05,0.00011831121318303443,6.315069827438069e-05,0.0006214662114751367
578,578,578,578,969.4403192710902,2.417280553057566e-06,1.6115203687050439e-06,0.0012591908908684724,0.000950146908777847,-1.7578546709272336e-05,0.00011829895846273947,6.314227872469824e-05,0.0006214686984785094
579,579,579,578,969.4403192710902,2.417280553057566e-06,1.6115203687050439e-06,0.0012591908908684724,0.000950146908777847,-1.7578546709272336e-05,0.00011829895846273947,6.314227872469824e-05,0.0006214686984785094
580,580,580,580,969.4403125746362,2.410100121474912e-06,1.6067334143166079e-06,0.0012592523930332455,0.0009502220977251464,-1.757727014912308e-05,0.000118311416573671,6.315090727942313e-05,0.00062146318726942
581,581,581,580,969.4403125746362,2.410100121474912e-06,1.6067334143166079e-06,0.0012592523930332455,0.0009502220977251464,-1.757727014912308e-05,0.000118311416573671,6.315090727942313e-05,0.00062146318726942
582,582,582,582,969.4403100316398,2.421247205008914e-06,1.6141648033392757e-06,0.001259196631864897,0.0009501507198302449,-1.757858967294662e-05,0.00011829939302812495,6.31426911305577e-05,0.0006214673085561965
583,583,583,582,969.4403100316398,2.421247205008914e-06,1.6141648033392757e-06,0.001259196631864897,0.0009501507198302449,-1.757858967294662e-05,0.00011829939302812495,6.31426911305577e-05,0.0006214673085561965
584,584,584,584,969.4403033525527,2.412602171764089e-06,1.6084014478427258e-06,0.0012592576879316417,0.0009502253073622555,-1.7577207323878075e-05,0.00011831173951689015,6.315107910118828e-05,0.0006214619828181301
585,585,585,584,969.4403033525527,2.412602171764089e-06,1.6084014478427258e-06,0.0012592576879316417,0.0009502253073622555,-1.7577207323878075e-05,0.00011831173951689015,6.315107910118828e-05,0.0006214619828181301
586,586,586,586,969.4403007945893,2.4189334848490063e-06,1.6126223232326709e-06,0.0012591982037814659,0.0009501521930129929,-1.7578821838691583e-05,0.0001182993750917422,6.314248497752556e-05,0.0006214687503398575
587,587,587,586,969.4403007945893,2.4189334848490063e-06,1.6126223232326709e-06,0.0012591982037814659,0.0009501521930129929,-1.7578821838691583e-05,0.0001182993750917422,6.314248497752556e-05,0.0006214687503398575
588,588,588,588,969.4402941336448,2.417553747358081e-06,1.6117024982387211e-06,0.0012592537260739454,0.0009502243853251518,-1.7577384579005317e-05,0.00011831167448985125,6.315094518859893e-05,0.0006214638386811297
589,589,589,588,969.4402941336448,2.417553747358081e-06,1.6117024982387211e-06,0.0012592537260739454,0.0009502243853251518,-1.7577384579005317e-05,0.00011831167448985125,6.315094518859893e-05,0.0006214638386811297
590,590,590,590,969.4402915515103,2.4180698004194756e-06,1.6120465336129835e-06,0.0012591952526698127,0.0009501504776215574,-1.7578851292485154e-05,0.00011829962161901894,6.314258485248803e-05,0.0006214693091257318
591,591,591,590,969.4402915515103,2.4180698004194756e-06,1.6120465336129835e-06,0.0012591952526698127,0.0009501504776215574,-1.7578851292485154e-05,0.00011829962161901894,6.314258485248803e-05,0.0006214693091257318
592,592,592,592,969.4402849255516,2.4137473124685727e-06,1.609164874979049e-06,0.0012592521952801286,0.0009502224138380395,-1.7577421309790398e-05,0.00011831208443582156,6.31510442913874e-05,0.000621462994431213
593,593,593,592,969.4402849255516,2.4137473124685727e-06,1.609164874979049e-06,0.0012592521952801286,0.0009502224138380395,-1.7577421309790398e-05,0.00011831208443582156,6.31510442913874e-05,0.000621462994431213
594,594,594,594,969.4402823173482,2.4171492469249323e-06,1.6114328312832878e-06,0.0012591970193527085,0.0009501518757526917,-1.75789206532731e-05,0.0001182997247380459,6.314257045127863e-05,0.0006214692968472763
595,595,595,594,969.4402823173482,2.4171492469249323e-06,1.6114328312832878e-06,0.0012591970193527085,0.0009501518757526917,-1.75789206532731e-05,0.0001182997247380459,6.314257045127863e-05,0.0006214692968472763
596,596,596,596,969.4402757215264,2.4126960787018703e-06,1.6084640524679128e-06,0.0012592524361356892,0.0009502219375942698,-1.7577572051626078e-05,0.00011831206792165008,6.315094292253659e-05,0.000621465218980792
597,597,597,596,969.4402757215264,2.4126960787018703e-06,1.6084640524679128e-06,0.0012592524361356892,0.0009502219375942698,-1.7577572051626078e-05,0.00011831206792165008,6.315094292253659e-05,0.000621465218980792
598,598,598,598,969.440273080802,2.421243338962542e-06,1.6141622259750275e-06,0.0012592014618359917,0.0009501554567148756,-1.7579008260340534e-05,0.00011829985507735734,6.314259129196198e-05,0.0006214698316739893
599,599,599,598,969.440273080802,2.421243338962542e-06,1.6141622259750275e-06,0.0012592014618359917,0.0009501554567148756,-1.7579008260340534e-05,0.00011829985507735734,6.314259129196198e-05,0.0006214698316739893
