sequence_index,iteration,nf,incumbent_index,incumbent_full_objective,mean_gate_entanglement_infidelity_to_truth,mean_gate_average_infidelity_to_truth,mean_spam_vector_l2_error_to_truth,mean_spam_tracedist_to_truth,mean_gate_eigenvalue_nonunitarity_excess_to_truth,mean_gate_eigenvalue_diamondnorm_to_truth,mean_gate_eigenvalue_nonunitary_diamondnorm_to_truth,mean_gate_diamond_distance_to_truth
0,0,0,0,64956.69462971872,0.0017882621897374607,0.001192174793158307,0.007165902701660543,0.005062523522911718,-0.002719190553661918,0.0067837813321190345,0.0031726617482777386,0.013707118158205382
1,1,1,1,23839.898900351163,0.01140621496449773,0.007604143309665152,0.008455281502086532,0.006746694507278942,0.01814807462786644,0.022768896614210873,0.021741269897600383,0.04225657246838109
2,2,2,1,23839.898900351163,0.01140621496449773,0.007604143309665152,0.008455281502086532,0.006746694507278942,0.01814807462786644,0.022768896614210873,0.021741269897600383,0.04225657246838109
3,3,3,1,23839.898900351163,0.01140621496449773,0.007604143309665152,0.008455281502086532,0.006746694507278942,0.01814807462786644,0.022768896614210873,0.021741269897600383,0.04225657246838109
4,4,4,4,8693.307527270921,0.0012622490400404085,0.000841499360026939,0.030215467541339535,0.02206122101421438,-0.000594616250024875,0.012401362475701823,0.002401656332027123,0.0244269863267012
5,5,5,4,8693.307527270921,0.0012622490400404085,0.000841499360026939,0.030215467541339535,0.02206122101421438,-0.000594616250024875,0.012401362475701823,0.002401656332027123,0.0244269863267012
6,6,6,4,8693.307527270921,0.0012622490400404085,0.000841499360026939,0.030215467541339535,0.02206122101421438,-0.000594616250024875,0.012401362475701823,0.002401656332027123,0.0244269863267012
7,7,7,7,6150.974399283224,0.0022772859435720716,0.0015181906290480478,0.005680728193122417,0.004068597895688008,0.004671581731303803,0.007168679837133318,0.005919365197029146,0.013538144593796963
8,8,8,7,6150.974399283224,0.0022772859435720716,0.0015181906290480478,0.005680728193122417,0.004068597895688008,0.004671581731303803,0.007168679837133318,0.005919365197029146,0.013538144593796963
9,9,9,9,2937.530075547561,0.0008898259517609586,0.0005932173011739724,0.0010541303428248645,0.0010127317419450711,0.0017742639750123468,0.004732973276303612,0.0021935014930996796,0.00842113106637683
10,10,10,9,2937.530075547561,0.0008898259517609586,0.0005932173011739724,0.0010541303428248645,0.0010127317419450711,0.0017742639750123468,0.004732973276303612,0.0021935014930996796,0.00842113106637683
11,11,11,9,2937.530075547561,0.0008898259517609586,0.0005932173011739724,0.0010541303428248645,0.0010127317419450711,0.0017742639750123468,0.004732973276303612,0.0021935014930996796,0.00842113106637683
12,12,12,12,1335.9810293847204,0.0002890848557809689,0.0001927232371873126,0.002129388336577276,0.0014755797858934116,0.0008738915433848873,0.0012167618896037193,0.0011510113066137417,0.002875873085680814
13,13,13,12,1335.9810293847204,0.0002890848557809689,0.0001927232371873126,0.002129388336577276,0.0014755797858934116,0.0008738915433848873,0.0012167618896037193,0.0011510113066137417,0.002875873085680814
14,14,14,14,1245.511723683153,0.000304058885178371,0.00020270592345224733,0.0014899388494996665,0.0011561690197192534,0.0007443657822722785,0.0009123811952940909,0.0009740910893273336,0.0027992474656290357
15,15,15,14,1245.511723683153,0.000304058885178371,0.00020270592345224733,0.0014899388494996665,0.0011561690197192534,0.0007443657822722785,0.0009123811952940909,0.0009740910893273336,0.0027992474656290357
16,16,16,16,1192.5585874278686,0.00026752383129891033,0.0001783492208659402,0.0017446291316574377,0.0012529139382731526,0.0005498036311678278,0.0007286667943931793,0.0007215589687644061,0.0021613025777233127
17,17,17,16,1192.5585874278686,0.00026752383129891033,0.0001783492208659402,0.0017446291316574377,0.0012529139382731526,0.0005498036311678278,0.0007286667943931793,0.0007215589687644061,0.0021613025777233127
18,18,18,16,1192.5585874278686,0.00026752383129891033,0.0001783492208659402,0.0017446291316574377,0.0012529139382731526,0.0005498036311678278,0.0007286667943931793,0.0007215589687644061,0.0021613025777233127
19,19,19,19,979.4070377891417,9.094890473942963e-05,6.063260315961974e-05,0.0016688247679317355,0.0011541883696931765,0.00019496046489215352,0.0003141192101312289,0.0002533595495961133,0.0015588316821329336
20,20,20,19,979.4070377891417,9.094890473942963e-05,6.063260315961974e-05,0.0016688247679317355,0.0011541883696931765,0.00019496046489215352,0.0003141192101312289,0.0002533595495961133,0.0015588316821329336
21,21,21,21,964.3600676169326,8.155333155349109e-05,5.436888770232739e-05,0.0017208752591744922,0.0012198357085207692,0.00010312054897885364,0.000246856700291027,0.00015056037294921415,0.0014814967246790814
22,22,22,21,964.3600676169326,8.155333155349109e-05,5.436888770232739e-05,0.0017208752591744922,0.0012198357085207692,0.00010312054897885364,0.000246856700291027,0.00015056037294921415,0.0014814967246790814
23,23,23,21,964.3600676169326,8.155333155349109e-05,5.436888770232739e-05,0.0017208752591744922,0.0012198357085207692,0.00010312054897885364,0.000246856700291027,0.00015056037294921415,0.0014814967246790814
24,24,24,24,949.4975015440424,5.4920379408990305e-05,3.6613586272660203e-05,0.0017592430279877319,0.0012490303055670941,5.197335507794304e-05,0.00020778671364492772,9.965572582101151e-05,0.0014127530914703988
25,25,25,24,949.4975015440424,5.4920379408990305e-05,3.6613586272660203e-05,0.0017592430279877319,0.0012490303055670941,5.197335507794304e-05,0.00020778671364492772,9.965572582101151e-05,0.0014127530914703988
26,26,26,24,949.4975015440424,5.4920379408990305e-05,3.6613586272660203e-05,0.0017592430279877319,0.0012490303055670941,5.197335507794304e-05,0.00020778671364492772,9.965572582101151e-05,0.0014127530914703988
27,27,27,27,947.3850471681064,4.644469043468824e-05,3.096312695645883e-05,0.0018234080830899252,0.0012934959876218133,3.2029824422220854e-05,0.00020129830501413768,8.183648777679298e-05,0.0014003181359468191
28,28,28,27,947.3850471681064,4.644469043468824e-05,3.096312695645883e-05,0.0018234080830899252,0.0012934959876218133,3.2029824422220854e-05,0.00020129830501413768,8.183648777679298e-05,0.0014003181359468191
29,29,29,29,947.3589658235039,4.831170292610154e-05,3.220780195073436e-05,0.001851650891773437,0.0013142920096297743,2.9649326534826603e-05,0.00020069380223670488,8.053668168228612e-05,0.0014006456554044554
30,30,30,30,946.5999829524981,4.419912324962749e-05,2.9466082166418328e-05,0.0018483268095094041,0.0013125113071236162,2.6534690240616332e-05,0.00019780924284125857,7.200739697539593e-05,0.0013943410920345062
31,31,31,30,946.5999829524981,4.419912324962749e-05,2.9466082166418328e-05,0.0018483268095094041,0.0013125113071236162,2.6534690240616332e-05,0.00019780924284125857,7.200739697539593e-05,0.0013943410920345062
32,32,32,30,946.5999829524981,4.419912324962749e-05,2.9466082166418328e-05,0.0018483268095094041,0.0013125113071236162,2.6534690240616332e-05,0.00019780924284125857,7.200739697539593e-05,0.0013943410920345062
33,33,33,33,946.5229775164948,4.361381887163507e-05,2.907587924775671e-05,0.0018576527169979137,0.0013182172854244315,2.507000316517849e-05,0.0001938660161359179,6.96115224945032e-05,0.0013878420438542239
34,34,34,33,946.5229775164948,4.361381887163507e-05,2.907587924775671e-05,0.0018576527169979137,0.0013182172854244315,2.507000316517849e-05,0.0001938660161359179,6.96115224945032e-05,0.0013878420438542239
35,35,35,33,946.5229775164948,4.361381887163507e-05,2.907587924775671e-05,0.0018576527169979137,0.0013182172854244315,2.507000316517849e-05,0.0001938660161359179,6.96115224945032e-05,0.0013878420438542239
36,36,36,36,946.504855732486,4.316912702662101e-05,2.8779418017747343e-05,0.001861947752127751,0.0013222441568358217,2.4689422659693316e-05,0.00019394854995807972,6.796258388366144e-05,0.0013880869358545663
37,37,37,36,946.504855732486,4.316912702662101e-05,2.8779418017747343e-05,0.001861947752127751,0.0013222441568358217,2.4689422659693316e-05,0.00019394854995807972,6.796258388366144e-05,0.0013880869358545663
38,38,38,36,946.504855732486,4.316912702662101e-05,2.8779418017747343e-05,0.001861947752127751,0.0013222441568358217,2.4689422659693316e-05,0.00019394854995807972,6.796258388366144e-05,0.0013880869358545663
39,39,39,39,946.4965653843213,4.3116876602633525e-05,2.874458440175568e-05,0.001860126266490016,0.00132065954209378,2.473541345153485e-05,0.000193479226377581,6.77675268634173e-05,0.0013869646305719571
40,40,40,39,946.4965653843213,4.3116876602633525e-05,2.874458440175568e-05,0.001860126266490016,0.00132065954209378,2.473541345153485e-05,0.000193479226377581,6.77675268634173e-05,0.0013869646305719571
41,41,41,41,946.4939526529179,4.299272815955213e-05,2.8661818773034753e-05,0.0018598530133536468,0.0013206254438003103,2.466127568696158e-05,0.00019362129859387277,6.76312074669172e-05,0.001386934462301568
42,42,42,41,946.4939526529179,4.299272815955213e-05,2.8661818773034753e-05,0.0018598530133536468,0.0013206254438003103,2.466127568696158e-05,0.00019362129859387277,6.76312074669172e-05,0.001386934462301568
43,43,43,43,946.4918947662939,4.3018753878881766e-05,2.8679169252587844e-05,0.0018598889966983598,0.0013205632365274964,2.4683240073625212e-05,0.0001935481525768921,6.767983259740179e-05,0.001386584784967108
44,44,44,43,946.4918947662939,4.3018753878881766e-05,2.8679169252587844e-05,0.0018598889966983598,0.0013205632365274964,2.4683240073625212e-05,0.0001935481525768921,6.767983259740179e-05,0.001386584784967108
45,45,45,45,946.4895261513791,4.285766640704791e-05,2.8571777604698607e-05,0.0018597763989606521,0.0013206975617020534,2.4604321987288513e-05,0.000193618342755898,6.751965264214371e-05,0.0013864560759560556
46,46,46,45,946.4895261513791,4.285766640704791e-05,2.8571777604698607e-05,0.0018597763989606521,0.0013206975617020534,2.4604321987288513e-05,0.000193618342755898,6.751965264214371e-05,0.0013864560759560556
47,47,47,47,946.4890699124003,4.2945584316833596e-05,2.863038954455573e-05,0.00185885877655479,0.0013200391055810884,2.46480126982751e-05,0.00019350569780281034,6.759103668417532e-05,0.0013861952798127687
48,48,48,47,946.4890699124003,4.2945584316833596e-05,2.863038954455573e-05,0.00185885877655479,0.0013200391055810884,2.46480126982751e-05,0.00019350569780281034,6.759103668417532e-05,0.0013861952798127687
49,49,49,49,946.4879969608319,4.276506797776247e-05,2.8510045318508315e-05,0.0018586110386003797,0.0013201636282951447,2.4571678414901654e-05,0.00019362037295713968,6.749209679859924e-05,0.0013860314357931644
50,50,50,49,946.4879969608319,4.276506797776247e-05,2.8510045318508315e-05,0.0018586110386003797,0.0013201636282951447,2.4571678414901654e-05,0.00019362037295713968,6.749209679859924e-05,0.0013860314357931644
51,51,51,51,946.4876913253461,4.2889443370913716e-05,2.859296224727581e-05,0.0018576886229812798,0.0013193697758970033,2.465762976443936e-05,0.00019346997092019162,6.763822908539135e-05,0.0013858104449118837
52,52,52,52,946.4847407221275,4.27513019949366e-05,2.8500867996624397e-05,0.00185786761487583,0.0013197112921023305,2.460064094523401e-05,0.00019354295200025375,6.756894128785024e-05,0.0013856723248396948
53,53,53,52,946.4847407221275,4.27513019949366e-05,2.8500867996624397e-05,0.00185786761487583,0.0013197112921023305,2.460064094523401e-05,0.00019354295200025375,6.756894128785024e-05,0.0013856723248396948
54,54,54,54,946.4840911350527,4.2739965273347336e-05,2.8493310182231557e-05,0.0018573342339897457,0.0013192511876520705,2.457753124524703e-05,0.00019350381234832685,6.749927612758472e-05,0.0013854596982051002
55,55,55,54,946.4840911350527,4.2739965273347336e-05,2.8493310182231557e-05,0.0018573342339897457,0.0013192511876520705,2.457753124524703e-05,0.00019350381234832685,6.749927612758472e-05,0.0013854596982051002
56,56,56,56,946.4837321342259,4.273812284216749e-05,2.849208189477833e-05,0.001857201516703242,0.0013191879346937175,2.457076384389939e-05,0.00019350858979502386,6.748909032194828e-05,0.0013854221408854388
57,57,57,56,946.4837321342259,4.273812284216749e-05,2.849208189477833e-05,0.001857201516703242,0.0013191879346937175,2.457076384389939e-05,0.00019350858979502386,6.748909032194828e-05,0.0013854221408854388
58,58,58,56,946.4837321342259,4.273812284216749e-05,2.849208189477833e-05,0.001857201516703242,0.0013191879346937175,2.457076384389939e-05,0.00019350858979502386,6.748909032194828e-05,0.0013854221408854388
59,59,59,59,946.4831764735055,4.268067428228606e-05,2.845378285485737e-05,0.0018571557902775093,0.001319210458185568,2.454280934597458e-05,0.00019352100134869822,6.745747510248506e-05,0.0013853148166954826
60,60,60,60,946.483007123692,4.2689066581558244e-05,2.845937772103883e-05,0.001856769878780979,0.0013188908254055077,2.4551273543838015e-05,0.0001934867461265768,6.746460509075153e-05,0.0013851628736927723
61,61,61,60,946.483007123692,4.2689066581558244e-05,2.845937772103883e-05,0.001856769878780979,0.0013188908254055077,2.4551273543838015e-05,0.0001934867461265768,6.746460509075153e-05,0.0013851628736927723
62,62,62,62,946.4829874301083,4.2628463749860845e-05,2.8418975833240562e-05,0.0018570062129018294,0.0013191746715725888,2.4520724255967796e-05,0.000193545338520869,6.739721284188677e-05,0.0013851393609702351
63,63,63,63,946.4822793584274,4.265104269976505e-05,2.8434028466510032e-05,0.0018565346563183104,0.0013187085856569856,2.452610381551562e-05,0.00019345216156941628,6.742305186818037e-05,0.0013849193851359406
64,64,64,63,946.4822793584274,4.265104269976505e-05,2.8434028466510032e-05,0.0018565346563183104,0.0013187085856569856,2.452610381551562e-05,0.00019345216156941628,6.742305186818037e-05,0.0013849193851359406
65,65,65,65,946.4821912622635,4.2644964365734506e-05,2.8429976243823003e-05,0.0018564860180394847,0.0013187489429249731,2.454474767503434e-05,0.00019349394637228125,6.745801079241498e-05,0.0013849174072255964
66,66,66,65,946.4821912622635,4.2644964365734506e-05,2.8429976243823003e-05,0.0018564860180394847,0.0013187489429249731,2.454474767503434e-05,0.00019349394637228125,6.745801079241498e-05,0.0013849174072255964
67,67,67,67,946.4820396477666,4.262571338572996e-05,2.8417142257153305e-05,0.0018567571457734364,0.001319016879492799,2.4531539939399993e-05,0.00019351144502069103,6.742099384728084e-05,0.0013849015640265963
68,68,68,67,946.4820396477666,4.262571338572996e-05,2.8417142257153305e-05,0.0018567571457734364,0.001319016879492799,2.4531539939399993e-05,0.00019351144502069103,6.742099384728084e-05,0.0013849015640265963
69,69,69,69,946.4818974927275,4.263473343751878e-05,2.842315562501252e-05,0.0018563430133300904,0.0013186706063599766,2.454359691829444e-05,0.00019346409105444322,6.745569834888665e-05,0.0013847641078922259
70,70,70,69,946.4818974927275,4.263473343751878e-05,2.842315562501252e-05,0.0018563430133300904,0.0013186706063599766,2.454359691829444e-05,0.00019346409105444322,6.745569834888665e-05,0.0013847641078922259
71,71,71,71,946.4817467220939,4.261337793182163e-05,2.840891862121442e-05,0.0018566535471537394,0.0013189963592263837,2.4537219140488564e-05,0.00019351499661850765,6.741927541515508e-05,0.001384789534976219
72,72,72,71,946.4817467220939,4.261337793182163e-05,2.840891862121442e-05,0.0018566535471537394,0.0013189963592263837,2.4537219140488564e-05,0.00019351499661850765,6.741927541515508e-05,0.001384789534976219
73,73,73,73,946.4816038769947,4.2630856975478526e-05,2.8420571316985683e-05,0.0018562545412283927,0.0013186424464934979,2.454556797933799e-05,0.00019345596537074825,6.745653949333241e-05,0.0013846276222482141
74,74,74,73,946.4816038769947,4.2630856975478526e-05,2.8420571316985683e-05,0.0018562545412283927,0.0013186424464934979,2.454556797933799e-05,0.00019345596537074825,6.745653949333241e-05,0.0013846276222482141
75,75,75,75,946.4814565633487,4.259560900704562e-05,2.8397072671363748e-05,0.0018565409121950665,0.0013189470401004776,2.4538217289260533e-05,0.00019351291188930692,6.741348574414163e-05,0.0013846827034438881
76,76,76,75,946.4814565633487,4.259560900704562e-05,2.8397072671363748e-05,0.0018565409121950665,0.0013189470401004776,2.4538217289260533e-05,0.00019351291188930692,6.741348574414163e-05,0.0013846827034438881
77,77,77,77,946.4813124711675,4.261159266819026e-05,2.8407728445460172e-05,0.0018561576848267253,0.0013185967144695933,2.4545904806383412e-05,0.0001934513045040213,6.745331065696747e-05,0.0013845110100188336
78,78,78,77,946.4813124711675,4.261159266819026e-05,2.8407728445460172e-05,0.0018561576848267253,0.0013185967144695933,2.4545904806383412e-05,0.0001934513045040213,6.745331065696747e-05,0.0013845110100188336
79,79,79,79,946.4811670782082,4.2579646951090844e-05,2.838643130072723e-05,0.001856418139034779,0.0013188857125954702,2.4538834174532564e-05,0.00019350922331949286,6.741097050270983e-05,0.001384566359381173
80,80,80,79,946.4811670782082,4.2579646951090844e-05,2.838643130072723e-05,0.001856418139034779,0.0013188857125954702,2.4538834174532564e-05,0.00019350922331949286,6.741097050270983e-05,0.001384566359381173
81,81,81,81,946.4810160528725,4.260463342714571e-05,2.8403088951430473e-05,0.0018560355992819615,0.0013185417335390159,2.454546976494304e-05,0.0001934467284741569,6.745383027523255e-05,0.001384376232786949
82,82,82,81,946.4810160528725,4.260463342714571e-05,2.8403088951430473e-05,0.0018560355992819615,0.0013185417335390159,2.454546976494304e-05,0.0001934467284741569,6.745383027523255e-05,0.001384376232786949
83,83,83,83,946.480881972573,4.256560143403587e-05,2.8377067622690582e-05,0.0018563090161162346,0.001318828451792701,2.4537692192398708e-05,0.00019350480235489622,6.740773635222075e-05,0.001384434847340994
84,84,84,83,946.480881972573,4.256560143403587e-05,2.8377067622690582e-05,0.0018563090161162346,0.001318828451792701,2.4537692192398708e-05,0.00019350480235489622,6.740773635222075e-05,0.001384434847340994
85,85,85,85,946.4807289816941,4.258335564949478e-05,2.8388903766329854e-05,0.0018559382703167845,0.0013185006838593815,2.4543688436087785e-05,0.00019344318484022633,6.745009251227924e-05,0.001384265393019296
86,86,86,85,946.4807289816941,4.258335564949478e-05,2.8388903766329854e-05,0.0018559382703167845,0.0013185006838593815,2.4543688436087785e-05,0.00019344318484022633,6.745009251227924e-05,0.001384265393019296
87,87,87,87,946.4805978291583,4.2559461484098504e-05,2.8372974322732336e-05,0.0018562100670945353,0.001318794096739968,2.453778133199025e-05,0.000193501893170035,6.740898564503578e-05,0.0013843112124200718
88,88,88,87,946.4805978291583,4.2559461484098504e-05,2.8372974322732336e-05,0.0018562100670945353,0.001318794096739968,2.453778133199025e-05,0.000193501893170035,6.740898564503578e-05,0.0013843112124200718
89,89,89,89,946.4804439803086,4.257867841581109e-05,2.8385785610540726e-05,0.0018558266915567458,0.0013184729544748713,2.454277874453653e-05,0.00019343923672872408,6.745619805630793e-05,0.0013841385583052985
90,90,90,89,946.4804439803086,4.257867841581109e-05,2.8385785610540726e-05,0.0018558266915567458,0.0013184729544748713,2.454277874453653e-05,0.00019343923672872408,6.745619805630793e-05,0.0013841385583052985
91,91,91,91,946.4803165907687,4.254474149459342e-05,2.836316099639561e-05,0.0018561223805410598,0.0013186867706621985,2.4535758210340874e-05,0.00019349600321053105,6.740667824222529e-05,0.0013841846858267284
92,92,92,91,946.4803165907687,4.254474149459342e-05,2.836316099639561e-05,0.0018561223805410598,0.0013186867706621985,2.4535758210340874e-05,0.00019349600321053105,6.740667824222529e-05,0.0013841846858267284
93,93,93,93,946.4801620436538,4.256365402585671e-05,2.8375769350571144e-05,0.0018557061199404295,0.001318401588243943,2.4538965553461134e-05,0.00019342880377012564,6.745671316597118e-05,0.0013839893993351443
94,94,94,93,946.4801620436538,4.256365402585671e-05,2.8375769350571144e-05,0.0018557061199404295,0.001318401588243943,2.4538965553461134e-05,0.00019342880377012564,6.745671316597118e-05,0.0013839893993351443
95,95,95,95,946.4800390881105,4.25276399703689e-05,2.8351759980245937e-05,0.0018560231462016734,0.001318684122536295,2.4531971808690323e-05,0.00019349257405213842,6.741135253834213e-05,0.001384061656051914
96,96,96,95,946.4800390881105,4.25276399703689e-05,2.8351759980245937e-05,0.0018560231462016734,0.001318684122536295,2.4531971808690323e-05,0.00019349257405213842,6.741135253834213e-05,0.001384061656051914
97,97,97,97,946.4798836795987,4.254643793749624e-05,2.8364291958330824e-05,0.0018555962796665472,0.0013183569224509695,2.4534022945492395e-05,0.0001934283135517406,6.746567205849485e-05,0.0013838824643904596
98,98,98,97,946.4798836795987,4.254643793749624e-05,2.8364291958330824e-05,0.0018555962796665472,0.0013183569224509695,2.4534022945492395e-05,0.0001934283135517406,6.746567205849485e-05,0.0013838824643904596
99,99,99,99,946.4797662431572,4.2520420048514085e-05,2.834694669900939e-05,0.0018558905084083476,0.0013186995797227394,2.452637869392732e-05,0.00019348886934546794,6.742652245085579e-05,0.0013839149632496606
100,100,100,99,946.4797662431572,4.2520420048514085e-05,2.834694669900939e-05,0.0018558905084083476,0.0013186995797227394,2.452637869392732e-05,0.00019348886934546794,6.742652245085579e-05,0.0013839149632496606
101,101,101,101,946.4796108092866,4.253453364908011e-05,2.8356355766053405e-05,0.001855470628834872,0.0013183207059072445,2.4532849791564226e-05,0.00019342843464334746,6.746501716589637e-05,0.001383749190960775
102,102,102,101,946.4796108092866,4.253453364908011e-05,2.8356355766053405e-05,0.001855470628834872,0.0013183207059072445,2.4532849791564226e-05,0.00019342843464334746,6.746501716589637e-05,0.001383749190960775
103,103,103,103,946.4794972297028,4.250348586984365e-05,2.833565724656243e-05,0.001855770844142458,0.0013186232656697933,2.4524329357081265e-05,0.00019348744479686343,6.74272708037979e-05,0.0013837781718972846
104,104,104,103,946.4794972297028,4.250348586984365e-05,2.833565724656243e-05,0.001855770844142458,0.0013186232656697933,2.4524329357081265e-05,0.00019348744479686343,6.74272708037979e-05,0.0013837781718972846
105,105,105,105,946.4793417804648,4.25137213861948e-05,2.8342480924129866e-05,0.0018553461171979407,0.001318279360369924,2.4532190576007085e-05,0.00019342771611146128,6.745842693853255e-05,0.0013835961359599
106,106,106,105,946.4793417804648,4.25137213861948e-05,2.8342480924129866e-05,0.0018553461171979407,0.001318279360369924,2.4532190576007085e-05,0.00019342771611146128,6.745842693853255e-05,0.0013835961359599
107,107,107,107,946.4792307926465,4.248753174113107e-05,2.8325021160754048e-05,0.0018556586404846174,0.0013186202439617882,2.4526526026510953e-05,0.00019347834495343083,6.742589858745734e-05,0.0013836520478957052
108,108,108,107,946.4792307926465,4.248753174113107e-05,2.8325021160754048e-05,0.0018556586404846174,0.0013186202439617882,2.4526526026510953e-05,0.00019347834495343083,6.742589858745734e-05,0.0013836520478957052
109,109,109,109,946.4790753716895,4.249448921847532e-05,2.8329659478983547e-05,0.0018552053116859632,0.0013182213622324977,2.4534686285125618e-05,0.00019342266750533338,6.745567328770435e-05,0.0013834905777565197
110,110,110,109,946.4790753716895,4.249448921847532e-05,2.8329659478983547e-05,0.0018552053116859632,0.0013182213622324977,2.4534686285125618e-05,0.00019342266750533338,6.745567328770435e-05,0.0013834905777565197
111,111,111,111,946.478967702745,4.24654340946129e-05,2.8310289396408596e-05,0.0018555209580223449,0.001318550171957398,2.452676821390609e-05,0.0001934858685040742,6.742127648785845e-05,0.001383478160246484
112,112,112,111,946.478967702745,4.24654340946129e-05,2.8310289396408596e-05,0.0018555209580223449,0.001318550171957398,2.452676821390609e-05,0.0001934858685040742,6.742127648785845e-05,0.001383478160246484
113,113,113,113,946.4788118182186,4.2472001681420624e-05,2.831466778761375e-05,0.0018550824865293787,0.0013181674914659234,2.4535050342430753e-05,0.00019341747066747527,6.744722728276725e-05,0.001383355484928061
114,114,114,113,946.4788118182186,4.2472001681420624e-05,2.831466778761375e-05,0.0018550824865293787,0.0013181674914659234,2.4535050342430753e-05,0.00019341747066747527,6.744722728276725e-05,0.001383355484928061
115,115,115,115,946.478707391791,4.2449983929743196e-05,2.8299989286495464e-05,0.0018553868543775321,0.0013185007515336229,2.452692651121885e-05,0.00019347347174753578,6.741382755557496e-05,0.0013834011046806778
116,116,116,115,946.478707391791,4.2449983929743196e-05,2.8299989286495464e-05,0.0018553868543775321,0.0013185007515336229,2.452692651121885e-05,0.00019347347174753578,6.741382755557496e-05,0.0013834011046806778
117,117,117,117,946.478551567463,4.245339286881866e-05,2.8302261912545777e-05,0.001854924045426273,0.0013180951683344983,2.4534689053890002e-05,0.00019341499085697588,6.744191450937936e-05,0.0013832262561410714
118,118,118,117,946.478551567463,4.245339286881866e-05,2.8302261912545777e-05,0.001854924045426273,0.0013180951683344983,2.4534689053890002e-05,0.00019341499085697588,6.744191450937936e-05,0.0013832262561410714
119,119,119,119,946.4784500276525,4.242967025849809e-05,2.8286446838998724e-05,0.0018552543012986583,0.0013184461524228092,2.452671120902611e-05,0.00019346904203458958,6.741292114017389e-05,0.0013832504305253846
120,120,120,119,946.4784500276525,4.242967025849809e-05,2.8286446838998724e-05,0.0018552543012986583,0.0013184461524228092,2.452671120902611e-05,0.00019346904203458958,6.741292114017389e-05,0.0013832504305253846
121,121,121,121,946.4782937936316,4.2437516719395774e-05,2.8291677812930516e-05,0.0018547839441332835,0.0013180317130069093,2.453457155895955e-05,0.0001934122586806289,6.743689281198811e-05,0.001383089373644954
122,122,122,121,946.4782937936316,4.2437516719395774e-05,2.8291677812930516e-05,0.0018547839441332835,0.0013180317130069093,2.453457155895955e-05,0.0001934122586806289,6.743689281198811e-05,0.001383089373644954
123,123,123,123,946.4781954821566,4.2408066800364574e-05,2.8272044533576384e-05,0.0018551092685048388,0.0013183718243487447,2.4526056632299953e-05,0.00019346513708191906,6.741041184656765e-05,0.0013831185311234222
124,124,124,123,946.4781954821566,4.2408066800364574e-05,2.8272044533576384e-05,0.0018551092685048388,0.0013183718243487447,2.4526056632299953e-05,0.00019346513708191906,6.741041184656765e-05,0.0013831185311234222
125,125,125,125,946.4780384518593,4.241650219244386e-05,2.8277668128295907e-05,0.0018546358436232933,0.0013179579363620693,2.453245855547903e-05,0.00019341529970017787,6.743140504324868e-05,0.0013829660988095753
126,126,126,125,946.4780384518593,4.241650219244386e-05,2.8277668128295907e-05,0.0018546358436232933,0.0013179579363620693,2.453245855547903e-05,0.00019341529970017787,6.743140504324868e-05,0.0013829660988095753
127,127,127,127,946.4779435998773,4.238606898582242e-05,2.8257379323881615e-05,0.001854964187043684,0.0013183045658091254,2.4525180796229618e-05,0.00019346243551967302,6.740584682422834e-05,0.0013829753246471592
128,128,128,127,946.4779435998773,4.238606898582242e-05,2.8257379323881615e-05,0.001854964187043684,0.0013183045658091254,2.4525180796229618e-05,0.00019346243551967302,6.740584682422834e-05,0.0013829753246471592
129,129,129,129,946.4777856578137,4.238757332108989e-05,2.8258382214059928e-05,0.001854487334140506,0.0013178859844770558,2.453191833398649e-05,0.00019340608181901928,6.74246856492075e-05,0.0013828222281800583
130,130,130,129,946.4777856578137,4.238757332108989e-05,2.8258382214059928e-05,0.001854487334140506,0.0013178859844770558,2.453191833398649e-05,0.00019340608181901928,6.74246856492075e-05,0.0013828222281800583
131,131,131,131,946.4776949996487,4.236217917114038e-05,2.8241452780760255e-05,0.001854821983152678,0.0013182300119906492,2.4523633105337506e-05,0.00019345901244167306,6.739899884648098e-05,0.001382852892025734
132,132,132,131,946.4776949996487,4.236217917114038e-05,2.8241452780760255e-05,0.001854821983152678,0.0013182300119906492,2.4523633105337506e-05,0.00019345901244167306,6.739899884648098e-05,0.001382852892025734
133,133,133,133,946.4775358072484,4.2374483865792456e-05,2.8249655910528304e-05,0.0018544029946402831,0.0013178521870547731,2.453035259763342e-05,0.0001934020789252128,6.741784371364773e-05,0.0013826953727904341
134,134,134,133,946.4775358072484,4.2374483865792456e-05,2.8249655910528304e-05,0.0018544029946402831,0.0013178521870547731,2.453035259763342e-05,0.0001934020789252128,6.741784371364773e-05,0.0013826953727904341
135,135,135,135,946.4774487501998,4.234065160779732e-05,2.822710107186488e-05,0.0018546977982028562,0.0013181802048935144,2.4521651031415848e-05,0.00019345459167816222,6.739082349602188e-05,0.001382708479565313
136,136,136,135,946.4774487501998,4.234065160779732e-05,2.822710107186488e-05,0.0018546977982028562,0.0013181802048935144,2.4521651031415848e-05,0.00019345459167816222,6.739082349602188e-05,0.001382708479565313
137,137,137,137,946.4772888729942,4.235095852500592e-05,2.8233972350003946e-05,0.0018542237671751612,0.0013177623697328538,2.4529163177008928e-05,0.00019339737174264192,6.740812562608389e-05,0.001382549100717301
138,138,138,137,946.4772888729942,4.235095852500592e-05,2.8233972350003946e-05,0.0018542237671751612,0.0013177623697328538,2.4529163177008928e-05,0.00019339737174264192,6.740812562608389e-05,0.001382549100717301
139,139,139,139,946.4772052475071,4.2321941886497294e-05,2.8214627924331527e-05,0.001854548347228437,0.0013181067857054535,2.4520092230057022e-05,0.00019345180135960509,6.738427533686114e-05,0.001382572870133593
140,140,140,139,946.4772052475071,4.2321941886497294e-05,2.8214627924331527e-05,0.001854548347228437,0.0013181067857054535,2.4520092230057022e-05,0.00019345180135960509,6.738427533686114e-05,0.001382572870133593
141,141,141,141,946.4770440647981,4.232737565285083e-05,2.8218250435233884e-05,0.001854077077581261,0.0013176904366581335,2.452613493187511e-05,0.00019339459486657882,6.739983220879764e-05,0.0013824114278280571
142,142,142,141,946.4770440647981,4.232737565285083e-05,2.8218250435233884e-05,0.001854077077581261,0.0013176904366581335,2.452613493187511e-05,0.00019339459486657882,6.739983220879764e-05,0.0013824114278280571
143,143,143,143,946.4769650971543,4.2294465165515494e-05,2.819631011034366e-05,0.0018543800591510897,0.0013180223416247052,2.451664619851357e-05,0.00019344908075766677,6.737898513067136e-05,0.0013824366914006537
144,144,144,143,946.4769650971543,4.2294465165515494e-05,2.819631011034366e-05,0.0018543800591510897,0.0013180223416247052,2.451664619851357e-05,0.00019344908075766677,6.737898513067136e-05,0.0013824366914006537
145,145,145,145,946.4768032540142,4.2304432611772746e-05,2.8202955074515167e-05,0.0018539149310182613,0.0013176123098273976,2.4523407405795117e-05,0.00019338788905200245,6.739131810489657e-05,0.0013822637287448205
146,146,146,145,946.4768032540142,4.2304432611772746e-05,2.8202955074515167e-05,0.0018539149310182613,0.0013176123098273976,2.4523407405795117e-05,0.00019338788905200245,6.739131810489657e-05,0.0013822637287448205
147,147,147,147,946.4767278716296,4.227598778810959e-05,2.818399185873973e-05,0.001854234422881191,0.0013179538750518627,2.4514576061222815e-05,0.0001934565547111862,6.736800437461693e-05,0.0013823207648990753
148,148,148,147,946.4767278716296,4.227598778810959e-05,2.818399185873973e-05,0.001854234422881191,0.0013179538750518627,2.4514576061222815e-05,0.0001934565547111862,6.736800437461693e-05,0.0013823207648990753
149,149,149,149,946.4765637370597,4.2279101831271815e-05,2.8186067887514543e-05,0.0018538028261272776,0.0013175298668878406,2.452000993378306e-05,0.00019338634753390628,6.737843109520802e-05,0.0013821509345404112
150,150,150,149,946.4765637370597,4.2279101831271815e-05,2.8186067887514543e-05,0.0018538028261272776,0.0013175298668878406,2.452000993378306e-05,0.00019338634753390628,6.737843109520802e-05,0.0013821509345404112
151,151,151,151,946.4764922772888,4.2250041629277035e-05,2.8166694419518024e-05,0.0018541264421403029,0.0013178721421593718,2.451129710016181e-05,0.00019344221902481897,6.735858023618896e-05,0.0013821652958564993
152,152,152,151,946.4764922772888,4.2250041629277035e-05,2.8166694419518024e-05,0.0018541264421403029,0.0013178721421593718,2.451129710016181e-05,0.00019344221902481897,6.735858023618896e-05,0.0013821652958564993
153,153,153,153,946.4763260596974,4.2254544742048594e-05,2.8169696494699064e-05,0.0018536459549192152,0.0013174328998282457,2.4516564165279198e-05,0.00019338346538341197,6.737303168374842e-05,0.001381996417738244
154,154,154,153,946.4763260596974,4.2254544742048594e-05,2.8169696494699064e-05,0.0018536459549192152,0.0013174328998282457,2.4516564165279198e-05,0.00019338346538341197,6.737303168374842e-05,0.001381996417738244
155,155,155,155,946.4762579248892,4.2222669677044466e-05,2.814844645136298e-05,0.001853957657941833,0.0013177577154972855,2.4508794179874116e-05,0.00019343678494689902,6.734334416728244e-05,0.0013820098259452536
156,156,156,155,946.4762579248892,4.2222669677044466e-05,2.814844645136298e-05,0.001853957657941833,0.0013177577154972855,2.4508794179874116e-05,0.00019343678494689902,6.734334416728244e-05,0.0013820098259452536
157,157,157,157,946.4760894521855,4.222385693167241e-05,2.814923795444827e-05,0.0018534341573903771,0.0013173751766262006,2.4514324507840524e-05,0.0001933802148117518,6.735513676445204e-05,0.0013818560113725749
158,158,158,157,946.4760894521855,4.222385693167241e-05,2.814923795444827e-05,0.0018534341573903771,0.0013173751766262006,2.4514324507840524e-05,0.0001933802148117518,6.735513676445204e-05,0.0013818560113725749
159,159,159,159,946.4760251262039,4.2193662499218076e-05,2.812910833281205e-05,0.0018537516863574412,0.0013177227837342324,2.450505937010017e-05,0.00019343672241019008,6.733522827028632e-05,0.0013818677519814642
160,160,160,159,946.4760251262039,4.2193662499218076e-05,2.812910833281205e-05,0.0018537516863574412,0.0013177227837342324,2.450505937010017e-05,0.00019343672241019008,6.733522827028632e-05,0.0013818677519814642
161,161,161,161,946.4758550326098,4.220449409117477e-05,2.8136329394116515e-05,0.0018532681374193217,0.0013173054434516631,2.4509779916075114e-05,0.00019337607960733942,6.734742029908952e-05,0.0013817003604072557
162,162,162,161,946.4758550326098,4.220449409117477e-05,2.8136329394116515e-05,0.0018532681374193217,0.0013173054434516631,2.4509779916075114e-05,0.00019337607960733942,6.734742029908952e-05,0.0013817003604072557
163,163,163,163,946.4757943004249,4.217355404409484e-05,2.8115702696063227e-05,0.0018535728192581678,0.0013176435040883209,2.4501224476967953e-05,0.00019343041679602797,6.732048509287825e-05,0.0013817204129219032
164,164,164,163,946.4757943004249,4.217355404409484e-05,2.8115702696063227e-05,0.0018535728192581678,0.0013176435040883209,2.4501224476967953e-05,0.00019343041679602797,6.732048509287825e-05,0.0013817204129219032
165,165,165,165,946.4756222011512,4.217526656169479e-05,2.811684437446319e-05,0.0018531187328658541,0.0013171534612174069,2.4506051591904887e-05,0.00019337224322208524,6.733161056977216e-05,0.0013815596821914488
166,166,166,165,946.4756222011512,4.217526656169479e-05,2.811684437446319e-05,0.0018531187328658541,0.0013171534612174069,2.4506051591904887e-05,0.00019337224322208524,6.733161056977216e-05,0.0013815596821914488
167,167,167,167,946.4755629134349,4.2147881065851545e-05,2.8098587377234363e-05,0.0018534610169752526,0.0013175113044477803,2.4497285759303433e-05,0.0001934244361333865,6.731403409980519e-05,0.0013815607399825672
168,168,168,167,946.4755629134349,4.2147881065851545e-05,2.8098587377234363e-05,0.0018534610169752526,0.0013175113044477803,2.4497285759303433e-05,0.0001934244361333865,6.731403409980519e-05,0.0013815607399825672
169,169,169,169,946.4753907473234,4.215028437379309e-05,2.8100189582528728e-05,0.0018529297680595555,0.0013171242837985233,2.4500797652038386e-05,0.0001933692912863765,6.732559319448661e-05,0.0013814045391739825
170,170,170,169,946.4753907473234,4.215028437379309e-05,2.8100189582528728e-05,0.0018529297680595555,0.0013171242837985233,2.4500797652038386e-05,0.0001933692912863765,6.732559319448661e-05,0.0013814045391739825
171,171,171,171,946.4753358562901,4.2118558702231024e-05,2.8079039134820682e-05,0.00185328188476196,0.0013174688264163306,2.449281132454323e-05,0.00019342274510481753,6.729604797563182e-05,0.0013814125939330178
172,172,172,171,946.4753358562901,4.2118558702231024e-05,2.8079039134820682e-05,0.00185328188476196,0.0013174688264163306,2.449281132454323e-05,0.00019342274510481753,6.729604797563182e-05,0.0013814125939330178
173,173,173,173,946.4751616199712,4.213099170613521e-05,2.8087327804090144e-05,0.0018528165191372013,0.001317057176188931,2.4495218073385117e-05,0.00019336536170617622,6.732174916859734e-05,0.0013812582065380857
174,174,174,173,946.4751616199712,4.213099170613521e-05,2.8087327804090144e-05,0.0018528165191372013,0.001317057176188931,2.4495218073385117e-05,0.00019336536170617622,6.732174916859734e-05,0.0013812582065380857
175,175,175,175,946.4751114278072,4.2094564459832506e-05,2.8063042973221673e-05,0.0018531235863063886,0.0013174066214657778,2.4487071021539464e-05,0.00019342277202504725,6.729157781986544e-05,0.001381249173496718
176,176,176,175,946.4751114278072,4.2094564459832506e-05,2.8063042973221673e-05,0.0018531235863063886,0.0013174066214657778,2.4487071021539464e-05,0.00019342277202504725,6.729157781986544e-05,0.001381249173496718
177,177,177,177,946.4749345048238,4.211123705244457e-05,2.8074158034963048e-05,0.0018526589128128193,0.0013169746024194336,2.449183614953998e-05,0.00019334791973945467,6.731372722569573e-05,0.0013811247210843498
178,178,178,177,946.4749345048238,4.211123705244457e-05,2.8074158034963048e-05,0.0018526589128128193,0.0013169746024194336,2.449183614953998e-05,0.00019334791973945467,6.731372722569573e-05,0.0013811247210843498
179,179,179,179,946.4748886326405,4.207975256226293e-05,2.8053168374841952e-05,0.0018529646845761027,0.0013173422288393919,2.448344002168451e-05,0.00019341644533048635,6.727947365186421e-05,0.0013811503247078178
180,180,180,179,946.4748886326405,4.207975256226293e-05,2.8053168374841952e-05,0.0018529646845761027,0.0013173422288393919,2.448344002168451e-05,0.00019341644533048635,6.727947365186421e-05,0.0013811503247078178
181,181,181,181,946.4747096130068,4.208926756321674e-05,2.8059511708811158e-05,0.0018525050799383207,0.0013169347918930304,2.4486763958248003e-05,0.0001933578977272163,6.730803844524902e-05,0.0013809892760583845
182,182,182,181,946.4747096130068,4.208926756321674e-05,2.8059511708811158e-05,0.0018525050799383207,0.0013169347918930304,2.4486763958248003e-05,0.0001933578977272163,6.730803844524902e-05,0.0013809892760583845
183,183,183,183,946.4746660855342,4.205481956751078e-05,2.803654637834052e-05,0.0018528279611359944,0.0013172782971385315,2.4480416203447042e-05,0.0001934118694293127,6.727091449504341e-05,0.0013810066530503613
184,184,184,183,946.4746660855342,4.205481956751078e-05,2.803654637834052e-05,0.0018528279611359944,0.0013172782971385315,2.4480416203447042e-05,0.0001934118694293127,6.727091449504341e-05,0.0013810066530503613
185,185,185,185,946.4744865216309,4.206739819997973e-05,2.8044932133319822e-05,0.001852386341194225,0.0013168537901413146,2.4482849496992865e-05,0.00019335484529191157,6.73045593694091e-05,0.0013808446527640086
186,186,186,185,946.4744865216309,4.206739819997973e-05,2.8044932133319822e-05,0.001852386341194225,0.0013168537901413146,2.4482849496992865e-05,0.00019335484529191157,6.73045593694091e-05,0.0013808446527640086
187,187,187,187,946.4744464250857,4.2038762049695366e-05,2.8025841366463577e-05,0.0018527226465348187,0.0013172214274091228,2.4477224021615673e-05,0.00019340872484067856,6.726356667641903e-05,0.0013808774869941785
188,188,188,187,946.4744464250857,4.2038762049695366e-05,2.8025841366463577e-05,0.0018527226465348187,0.0013172214274091228,2.4477224021615673e-05,0.00019340872484067856,6.726356667641903e-05,0.0013808774869941785
189,189,189,189,946.4742654772226,4.2046586003596786e-05,2.803105733573119e-05,0.0018522335445172189,0.001316812512054087,2.447941385859409e-05,0.00019335081261532736,6.729998586679081e-05,0.0013807132401910652
190,190,190,189,946.4742654772226,4.2046586003596786e-05,2.803105733573119e-05,0.0018522335445172189,0.001316812512054087,2.447941385859409e-05,0.00019335081261532736,6.729998586679081e-05,0.0013807132401910652
191,191,191,191,946.4742234231715,4.201235310033469e-05,2.8008235400223125e-05,0.001852581329167914,0.001317157003490671,2.4474658226435186e-05,0.0001934043846005132,6.726049016435309e-05,0.0013807294626286964
192,192,192,191,946.4742234231715,4.201235310033469e-05,2.8008235400223125e-05,0.001852581329167914,0.001317157003490671,2.4474658226435186e-05,0.0001934043846005132,6.726049016435309e-05,0.0013807294626286964
193,193,193,193,946.4740473829679,4.202728938695888e-05,2.801819292463925e-05,0.0018521332563333568,0.0013167470406399966,2.4476316181416824e-05,0.0001933466038869325,6.729712697296081e-05,0.0013805683405654495
194,194,194,193,946.4740473829679,4.202728938695888e-05,2.801819292463925e-05,0.0018521332563333568,0.0013167470406399966,2.4476316181416824e-05,0.0001933466038869325,6.729712697296081e-05,0.0013805683405654495
195,195,195,195,946.4740039052652,4.1994115362292694e-05,2.7996076908195132e-05,0.0018524753693522512,0.0013170946347423021,2.447135312428489e-05,0.00019340085415615155,6.725395014135077e-05,0.0013806013021630129
196,196,196,195,946.4740039052652,4.1994115362292694e-05,2.7996076908195132e-05,0.0018524753693522512,0.0013170946347423021,2.447135312428489e-05,0.00019340085415615155,6.725395014135077e-05,0.0013806013021630129
197,197,197,197,946.4738315397693,4.20037366655468e-05,2.8002491110364534e-05,0.0018519957795293685,0.0013165896039492183,2.447240685734403e-05,0.00019334374164035114,6.729227296665974e-05,0.001380449065481894
198,198,198,197,946.4738315397693,4.20037366655468e-05,2.8002491110364534e-05,0.0018519957795293685,0.0013165896039492183,2.447240685734403e-05,0.00019334374164035114,6.729227296665974e-05,0.001380449065481894
199,199,199,199,946.473790874747,4.19801445155632e-05,2.7986763010375466e-05,0.0018522659433367515,0.0013170224276381726,2.4467069590777824e-05,0.00019339751922207803,6.725102263394761e-05,0.0013804610324151317
200,200,200,199,946.473790874747,4.19801445155632e-05,2.7986763010375466e-05,0.0018522659433367515,0.0013170224276381726,2.4467069590777824e-05,0.00019339751922207803,6.725102263394761e-05,0.0013804610324151317
201,201,201,201,946.4736171247042,4.1992214434766195e-05,2.7994809623177463e-05,0.001851823600899368,0.0013166227341333114,2.4468286117906857e-05,0.00019333945758949117,6.72881589012797e-05,0.001380302006907379
202,202,202,201,946.4736171247042,4.1992214434766195e-05,2.7994809623177463e-05,0.001851823600899368,0.0013166227341333114,2.4468286117906857e-05,0.00019333945758949117,6.72881589012797e-05,0.001380302006907379
203,203,203,203,946.4735752741519,4.196060190225781e-05,2.7973734601505207e-05,0.0018521382896109744,0.001316962463031947,2.4463280869690962e-05,0.00019339393054985208,6.72455153655771e-05,0.0013803278444751547
204,204,204,203,946.4735752741519,4.196060190225781e-05,2.7973734601505207e-05,0.0018521382896109744,0.001316962463031947,2.4463280869690962e-05,0.00019339393054985208,6.72455153655771e-05,0.0013803278444751547
205,205,205,205,946.473406744041,4.197155251761675e-05,2.7981035011744502e-05,0.001851696515681567,0.0013165707806800883,2.4464086174139088e-05,0.00019333692520420078,6.728444350734969e-05,0.001380176670216682
206,206,206,205,946.473406744041,4.197155251761675e-05,2.7981035011744502e-05,0.001851696515681567,0.0013165707806800883,2.4464086174139088e-05,0.00019333692520420078,6.728444350734969e-05,0.001380176670216682
207,207,207,207,946.4733613341502,4.194251753331102e-05,2.7961678355540677e-05,0.0018519963965250013,0.0013168911880375553,2.4456729095671814e-05,0.00019338615578408654,6.725127422921306e-05,0.0013801645616586726
208,208,208,207,946.4733613341502,4.194251753331102e-05,2.7961678355540677e-05,0.0018519963965250013,0.0013168911880375553,2.4456729095671814e-05,0.00019338615578408654,6.725127422921306e-05,0.0013801645616586726
209,209,209,209,946.4731985787589,4.1946773342627086e-05,2.796451556175139e-05,0.0018515659612494747,0.0013165100266366513,2.4459602776506773e-05,0.00019333876068828502,6.728047039888246e-05,0.0013800274703788399
210,210,210,209,946.4731985787589,4.1946773342627086e-05,2.796451556175139e-05,0.0018515659612494747,0.0013165100266366513,2.4459602776506773e-05,0.00019333876068828502,6.728047039888246e-05,0.0013800274703788399
211,211,211,211,946.4731520550197,4.191807545489423e-05,2.7945383636596155e-05,0.001851872275767939,0.0013168443209740288,2.4454390668574022e-05,0.00019338695397817264,6.723412862985612e-05,0.0013800735770203845
212,212,212,211,946.4731520550197,4.191807545489423e-05,2.7945383636596155e-05,0.001851872275767939,0.0013168443209740288,2.4454390668574022e-05,0.00019338695397817264,6.723412862985612e-05,0.0013800735770203845
213,213,213,213,946.472992223492,4.19348133460784e-05,2.7956542230718938e-05,0.001851437431054653,0.0013164555928310748,2.4454234176046752e-05,0.00019332935475233724,6.727650801760521e-05,0.0013799112229290265
214,214,214,213,946.472992223492,4.19348133460784e-05,2.7956542230718938e-05,0.001851437431054653,0.0013164555928310748,2.4454234176046752e-05,0.00019332935475233724,6.727650801760521e-05,0.0013799112229290265
215,215,215,215,946.4729464187977,4.189670079621233e-05,2.7931133864141554e-05,0.0018517789314391874,0.001316781618744141,2.4449806107093575e-05,0.0001933842930505625,6.722809322126655e-05,0.0013799387171036942
216,216,216,215,946.4729464187977,4.189670079621233e-05,2.7931133864141554e-05,0.0018517789314391874,0.001316781618744141,2.4449806107093575e-05,0.0001933842930505625,6.722809322126655e-05,0.0013799387171036942
217,217,217,217,946.4727882574349,4.191578023887699e-05,2.7943853492584658e-05,0.0018513219750779153,0.0013163895657469695,2.4449636562152988e-05,0.0001933264967091139,6.727378848662979e-05,0.001379772270648111
218,218,218,217,946.4727882574349,4.191578023887699e-05,2.7943853492584658e-05,0.0018513219750779153,0.0013163895657469695,2.4449636562152988e-05,0.0001933264967091139,6.727378848662979e-05,0.001379772270648111
219,219,219,219,946.4727458699958,4.188116707132261e-05,2.792077804754841e-05,0.0018516279805048292,0.0013167211069310596,2.4445241992049338e-05,0.0001933821543673261,6.722337315857169e-05,0.0013798149238712352
220,220,220,219,946.4727458699958,4.188116707132261e-05,2.792077804754841e-05,0.0018516279805048292,0.0013167211069310596,2.4445241992049338e-05,0.0001933821543673261,6.722337315857169e-05,0.0013798149238712352
221,221,221,221,946.4725856563559,4.189606670440549e-05,2.7930711136270325e-05,0.0018512132507952285,0.00131633963314555,2.4444822884092665e-05,0.0001933230067239497,6.727074018947343e-05,0.0013796454155621872
222,222,222,221,946.4725856563559,4.189606670440549e-05,2.7930711136270325e-05,0.0018512132507952285,0.00131633963314555,2.4444822884092665e-05,0.0001933230067239497,6.727074018947343e-05,0.0013796454155621872
223,223,223,223,946.4725415836459,4.186450532109309e-05,2.7909670214062064e-05,0.0018515025153424593,0.0013166549141860086,2.4440514185236628e-05,0.00019337759587096705,6.722031953988045e-05,0.0013796770043783184
224,224,224,223,946.4725415836459,4.186450532109309e-05,2.7909670214062064e-05,0.0018515025153424593,0.0013166549141860086,2.4440514185236628e-05,0.00019337759587096705,6.722031953988045e-05,0.0013796770043783184
225,225,225,225,946.4723873952881,4.187537835947941e-05,2.7916918906319605e-05,0.0018510858567433637,0.0013162824827089492,2.4440030117575673e-05,0.00019331965615111715,6.726851127947936e-05,0.0013795139331777484
226,226,226,225,946.4723873952881,4.187537835947941e-05,2.7916918906319605e-05,0.0018510858567433637,0.0013162824827089492,2.4440030117575673e-05,0.00019331965615111715,6.726851127947936e-05,0.0013795139331777484
227,227,227,227,946.4723452488399,4.1845551242675194e-05,2.7897034161783463e-05,0.0018513505950883153,0.0013165851735204514,2.4435564110719676e-05,0.00019337513431567867,6.721735733427464e-05,0.001379543730104357
228,228,228,227,946.4723452488399,4.1845551242675194e-05,2.7897034161783463e-05,0.0018513505950883153,0.0013165851735204514,2.4435564110719676e-05,0.00019337513431567867,6.721735733427464e-05,0.001379543730104357
229,229,229,229,946.4721902982576,4.1856527647016195e-05,2.790435176467746e-05,0.0018509726355335507,0.001316242639611068,2.4434756129933233e-05,0.0001933165697125973,6.726642463272814e-05,0.0013793795191833127
230,230,230,229,946.4721902982576,4.1856527647016195e-05,2.790435176467746e-05,0.0018509726355335507,0.001316242639611068,2.4434756129933233e-05,0.0001933165697125973,6.726642463272814e-05,0.0013793795191833127
231,231,231,231,946.4721496597817,4.182781797901214e-05,2.7885211986008095e-05,0.0018512374835512428,0.0013165371948789955,2.4430913780348895e-05,0.00019337160845281237,6.721518206537214e-05,0.0013794121616291183
232,232,232,231,946.4721496597817,4.182781797901214e-05,2.7885211986008095e-05,0.0018512374835512428,0.0013165371948789955,2.4430913780348895e-05,0.00019337160845281237,6.721518206537214e-05,0.0013794121616291183
233,233,233,233,946.4719972273992,4.183804065716057e-05,2.7892027104773714e-05,0.0018508303502168932,0.0013161654500356403,2.4429559995681194e-05,0.00019331307665054713,6.72623276484971e-05,0.0013792530818678781
234,234,234,233,946.4719972273992,4.183804065716057e-05,2.7892027104773714e-05,0.0018508303502168932,0.0013161654500356403,2.4429559995681194e-05,0.00019331307665054713,6.72623276484971e-05,0.0013792530818678781
235,235,235,235,946.4719591543019,4.1809209812143644e-05,2.7872806541429096e-05,0.0018511236410483293,0.001316483354060823,2.4424914687917743e-05,0.0001933685945533442,6.72113947002631e-05,0.0013792927656048977
236,236,236,235,946.4719591543019,4.1809209812143644e-05,2.7872806541429096e-05,0.0018511236410483293,0.001316483354060823,2.4424914687917743e-05,0.0001933685945533442,6.72113947002631e-05,0.0013792927656048977
237,237,237,237,946.4718057249376,4.181951486623148e-05,2.7879676577487654e-05,0.001850702004099692,0.0013161058649591173,2.4423435485074196e-05,0.00019331008939413685,6.726029998860295e-05,0.0013791284418934974
238,238,238,237,946.4718057249376,4.181951486623148e-05,2.7879676577487654e-05,0.001850702004099692,0.0013161058649591173,2.4423435485074196e-05,0.00019331008939413685,6.726029998860295e-05,0.0013791284418934974
239,239,239,239,946.4717689297545,4.178370020782585e-05,2.7855800138550563e-05,0.0018509833163373294,0.0013164181936108493,2.441883202019407e-05,0.00019336518124071393,6.720587551140716e-05,0.0013791657756155838
240,240,240,239,946.4717689297545,4.178370020782585e-05,2.7855800138550563e-05,0.0018509833163373294,0.0013164181936108493,2.441883202019407e-05,0.00019336518124071393,6.720587551140716e-05,0.0013791657756155838
241,241,241,241,946.4716185644352,4.180488287461315e-05,2.7869921916408764e-05,0.0018506083576677185,0.0013160665056204807,2.4417077476725224e-05,0.00019330816689063743,6.725707346134924e-05,0.001378968717950782
242,242,242,241,946.4716185644352,4.180488287461315e-05,2.7869921916408764e-05,0.0018506083576677185,0.0013160665056204807,2.4417077476725224e-05,0.00019330816689063743,6.725707346134924e-05,0.001378968717950782
243,243,243,243,946.471564268417,4.178856727671265e-05,2.7859044851141768e-05,0.0018508277626083985,0.0013163315331969163,2.441532260866186e-05,0.00019335494487519617,6.721149850466568e-05,0.0013791503656555473
244,244,244,243,946.471564268417,4.178856727671265e-05,2.7859044851141768e-05,0.0018508277626083985,0.0013163315331969163,2.441532260866186e-05,0.00019335494487519617,6.721149850466568e-05,0.0013791503656555473
245,245,245,245,946.4714425528232,4.1793104426729455e-05,2.786206961781964e-05,0.001850466534737572,0.0013159924034213258,2.44178801055428e-05,0.0001933058003592018,6.725256932882395e-05,0.0013789002285148982
246,246,246,245,946.4714425528232,4.1793104426729455e-05,2.786206961781964e-05,0.001850466534737572,0.0013159924034213258,2.44178801055428e-05,0.0001933058003592018,6.725256932882395e-05,0.0013789002285148982
247,247,247,247,946.4713831578426,4.175312974311063e-05,2.7835419828740417e-05,0.0018507683841556056,0.001316322160119574,2.4409617714542253e-05,0.0001933601174875404,6.720710865693036e-05,0.001378924862490518
248,248,248,247,946.4713831578426,4.175312974311063e-05,2.7835419828740417e-05,0.0018507683841556056,0.001316322160119574,2.4409617714542253e-05,0.0001933601174875404,6.720710865693036e-05,0.001378924862490518
249,249,249,249,946.4712598118581,4.177147035674955e-05,2.78476469044997e-05,0.0018503448092174917,0.0013159440753115455,2.4418200010770108e-05,0.00019330293279735684,6.724676506837668e-05,0.001378773658245363
250,250,250,249,946.4712598118581,4.177147035674955e-05,2.78476469044997e-05,0.0018503448092174917,0.0013159440753115455,2.4418200010770108e-05,0.00019330293279735684,6.724676506837668e-05,0.001378773658245363
251,251,251,251,946.4712028353035,4.174135157436476e-05,2.7827567716243173e-05,0.0018506336242254048,0.0013162551276983546,2.4409436583286426e-05,0.00019335500834040428,6.720329657702862e-05,0.0013787995484980946
252,252,252,251,946.4712028353035,4.174135157436476e-05,2.7827567716243173e-05,0.0018506336242254048,0.0013162551276983546,2.4409436583286426e-05,0.00019335500834040428,6.720329657702862e-05,0.0013787995484980946
253,253,253,253,946.4710781448262,4.175034098186092e-05,2.783356065457395e-05,0.001850200675474427,0.0013158817326762954,2.441727441581526e-05,0.0001933000894209955,6.7239380607792e-05,0.0013786634639089373
254,254,254,253,946.4710781448262,4.175034098186092e-05,2.783356065457395e-05,0.001850200675474427,0.0013158817326762954,2.441727441581526e-05,0.0001933000894209955,6.7239380607792e-05,0.0013786634639089373
255,255,255,255,946.4710239782041,4.171743346687018e-05,2.7811622311246786e-05,0.0018505049770560589,0.0013161905015756173,2.4408235255311828e-05,0.00019335159913303713,6.719866490843829e-05,0.0013786840673460279
256,256,256,255,946.4710239782041,4.171743346687018e-05,2.7811622311246786e-05,0.0018505049770560589,0.0013161905015756173,2.4408235255311828e-05,0.00019335159913303713,6.719866490843829e-05,0.0013786840673460279
257,257,257,257,946.4708988386554,4.173949518385123e-05,2.7826330122567487e-05,0.0018500973245105898,0.0013158259062665202,2.442161127212683e-05,0.0001932973923686342,6.724256329440625e-05,0.0013785515822089796
258,258,258,257,946.4708988386554,4.173949518385123e-05,2.7826330122567487e-05,0.0018500973245105898,0.0013158259062665202,2.442161127212683e-05,0.0001932973923686342,6.724256329440625e-05,0.0013785515822089796
259,259,259,259,946.4708450098481,4.171306408445874e-05,2.780870938963916e-05,0.0018503904079764037,0.0013161341759769455,2.4412365154796722e-05,0.00019334900002852858,6.720184106290272e-05,0.0013785588946813813
260,260,260,259,946.4708450098481,4.171306408445874e-05,2.780870938963916e-05,0.0018503904079764037,0.0013161341759769455,2.4412365154796722e-05,0.00019334900002852858,6.720184106290272e-05,0.0013785588946813813
261,261,261,261,946.4707194381767,4.1731096433766934e-05,2.782073095584462e-05,0.0018499860019677902,0.0013157750910205276,2.4423391243234838e-05,0.00019329336687974895,6.72422348872298e-05,0.0013784343728435147
262,262,262,261,946.4707194381767,4.1731096433766934e-05,2.782073095584462e-05,0.0018499860019677902,0.0013157750910205276,2.4423391243234838e-05,0.00019329336687974895,6.72422348872298e-05,0.0013784343728435147
263,263,263,263,946.4706667738501,4.169951273844119e-05,2.7799675158960792e-05,0.0018502833477024954,0.0013160883343947276,2.4414310130581318e-05,0.00019334539257116686,6.720223927317998e-05,0.0013784651441842283
264,264,264,263,946.4706667738501,4.169951273844119e-05,2.7799675158960792e-05,0.0018502833477024954,0.0013160883343947276,2.4414310130581318e-05,0.00019334539257116686,6.720223927317998e-05,0.0013784651441842283
265,265,265,265,946.4705396630809,4.171663381496993e-05,2.7811089209979954e-05,0.0018498697107506973,0.0013157198340330014,2.442397529231477e-05,0.0001932907691184143,6.724151515526827e-05,0.001378328760657292
266,266,266,265,946.4705396630809,4.171663381496993e-05,2.7811089209979954e-05,0.0018498697107506973,0.0013157198340330014,2.442397529231477e-05,0.0001932907691184143,6.724151515526827e-05,0.001378328760657292
267,267,267,267,946.4704891418453,4.168083151606661e-05,2.7787221010711072e-05,0.0018501698691666263,0.0013160374098757919,2.4414424075663854e-05,0.00019334174230036127,6.720073886559014e-05,0.0013783482204977908
268,268,268,267,946.4704891418453,4.168083151606661e-05,2.7787221010711072e-05,0.0018501698691666263,0.0013160374098757919,2.4414424075663854e-05,0.00019334174230036127,6.720073886559014e-05,0.0013783482204977908
269,269,269,269,946.4703603590256,4.1696022234472e-05,2.7797348156314662e-05,0.0018497579289064817,0.0013156717288448578,2.4424115097274046e-05,0.0001932876915116839,6.723847655704107e-05,0.0013782108846820465
270,270,270,269,946.4703603590256,4.1696022234472e-05,2.7797348156314662e-05,0.0018497579289064817,0.0013156717288448578,2.4424115097274046e-05,0.0001932876915116839,6.723847655704107e-05,0.0013782108846820465
271,271,271,271,946.470312110248,4.1669501560065436e-05,2.777966770671029e-05,0.0018500258800049363,0.0013159654909870638,2.4414907780323514e-05,0.00019333890758172634,6.719767615758626e-05,0.0013782272722681673
272,272,272,271,946.470312110248,4.1669501560065436e-05,2.777966770671029e-05,0.0018500258800049363,0.0013159654909870638,2.4414907780323514e-05,0.00019333890758172634,6.719767615758626e-05,0.0013782272722681673
273,273,273,273,946.4701819711422,4.168620813777002e-05,2.779080542518001e-05,0.0018496392082413113,0.0013156193054211615,2.4426145506739605e-05,0.00019328304073878337,6.724020386789792e-05,0.0013781018247530914
274,274,274,273,946.4701819711422,4.168620813777002e-05,2.779080542518001e-05,0.0018496392082413113,0.0013156193054211615,2.4426145506739605e-05,0.00019328304073878337,6.724020386789792e-05,0.0013781018247530914
275,275,275,275,946.470135266126,4.1653030805693936e-05,2.7768687203795956e-05,0.0018499291479029357,0.0013159283791296023,2.4416605366790745e-05,0.00019333550914944013,6.719870290004815e-05,0.0013781286559732782
276,276,276,275,946.470135266126,4.1653030805693936e-05,2.7768687203795956e-05,0.0018499291479029357,0.0013159283791296023,2.4416605366790745e-05,0.00019333550914944013,6.719870290004815e-05,0.0013781286559732782
277,277,277,277,946.4700042269662,4.167220281039996e-05,2.778146854026664e-05,0.001849519241789192,0.0013155591240466909,2.442768569121956e-05,0.00019328011104634686,6.723908481889862e-05,0.0013779897444941539
278,278,278,277,946.4700042269662,4.167220281039996e-05,2.778146854026664e-05,0.001849519241789192,0.0013155591240466909,2.442768569121956e-05,0.00019328011104634686,6.723908481889862e-05,0.0013779897444941539
279,279,279,279,946.4699590495611,4.163733062134689e-05,2.775822041423126e-05,0.0018498139593215732,0.0013158737802334871,2.4418092375931566e-05,0.0001933321702723863,6.719859580806703e-05,0.0013780173786697063
280,280,280,279,946.4699590495611,4.163733062134689e-05,2.775822041423126e-05,0.0018498139593215732,0.0013158737802334871,2.4418092375931566e-05,0.0001933321702723863,6.719859580806703e-05,0.0013780173786697063
281,281,281,281,946.4698266405699,4.1654017788717024e-05,2.7769345192478014e-05,0.001849439695228339,0.0013155293599204935,2.4428426363722056e-05,0.00019327697211799045,6.723849748463406e-05,0.001377873663476673
282,282,282,281,946.4698266405699,4.1654017788717024e-05,2.7769345192478014e-05,0.001849439695228339,0.0013155293599204935,2.4428426363722056e-05,0.00019327697211799045,6.723849748463406e-05,0.001377873663476673
283,283,283,283,946.469769344018,4.162721804792935e-05,2.7751478698619568e-05,0.0018496968536851274,0.0013158198474187916,2.4418629415406956e-05,0.00019332393783038292,6.719625947745889e-05,0.0013778870952709942
284,284,284,283,946.469769344018,4.162721804792935e-05,2.7751478698619568e-05,0.0018496968536851274,0.0013158198474187916,2.4418629415406956e-05,0.00019332393783038292,6.719625947745889e-05,0.0013778870952709942
285,285,285,285,946.4696492655396,4.164154326358194e-05,2.7761028842387958e-05,0.001849281737647776,0.0013154504228578532,2.4429638692521904e-05,0.00019327442300619488,6.723696197822454e-05,0.0013777676441156317
286,286,286,285,946.4696492655396,4.164154326358194e-05,2.7761028842387958e-05,0.001849281737647776,0.0013154504228578532,2.4429638692521904e-05,0.00019327442300619488,6.723696197822454e-05,0.0013777676441156317
287,287,287,287,946.4695939746248,4.161455425125138e-05,2.7743036167500918e-05,0.0018495831970185954,0.0013157689355570226,2.4420441896343126e-05,0.0001933251997576601,6.719565784729653e-05,0.0013777913243294018
288,288,288,287,946.4695939746248,4.161455425125138e-05,2.7743036167500918e-05,0.0018495831970185954,0.0013157689355570226,2.4420441896343126e-05,0.0001933251997576601,6.719565784729653e-05,0.0013777913243294018
289,289,289,289,946.4694730594797,4.1624664332634564e-05,2.7749776221756374e-05,0.001849179057448757,0.0013154040766618807,2.4431930759370724e-05,0.00019327029720192857,6.723689338854894e-05,0.001377657733664437
290,290,290,289,946.4694730594797,4.1624664332634564e-05,2.7749776221756374e-05,0.001849179057448757,0.0013154040766618807,2.4431930759370724e-05,0.00019327029720192857,6.723689338854894e-05,0.001377657733664437
291,291,291,291,946.4694170467558,4.159516170024191e-05,2.7730107800161274e-05,0.0018494500940845354,0.0013157122656141517,2.442242113651072e-05,0.00019332255436130936,6.719638795406324e-05,0.0013776768003269284
292,292,292,291,946.4694170467558,4.159516170024191e-05,2.7730107800161274e-05,0.0018494500940845354,0.0013157122656141517,2.442242113651072e-05,0.00019332255436130936,6.719638795406324e-05,0.0013776768003269284
293,293,293,293,946.4692970685893,4.161190046161889e-05,2.7741266974412593e-05,0.001849038492298436,0.0013153455780990184,2.4432044417474486e-05,0.00019326734778627315,6.72350674857658e-05,0.0013775353206646043
294,294,294,293,946.4692970685893,4.161190046161889e-05,2.7741266974412593e-05,0.001849038492298436,0.0013153455780990184,2.4432044417474486e-05,0.00019326734778627315,6.72350674857658e-05,0.0013775353206646043
295,295,295,295,946.4692429710926,4.1583511117937455e-05,2.772234074529164e-05,0.0018493405262343255,0.0013156655913723616,2.4422538794602322e-05,0.00019331398332769214,6.719371183342565e-05,0.0013775545033677756
296,296,296,295,946.4692429710926,4.1583511117937455e-05,2.772234074529164e-05,0.0018493405262343255,0.0013156655913723616,2.4422538794602322e-05,0.00019331398332769214,6.719371183342565e-05,0.0013775545033677756
297,297,297,297,946.4691213392908,4.1597533054299474e-05,2.7731688702866318e-05,0.001848922363206198,0.0013152927436914348,2.4432245612493464e-05,0.0001932646976809356,6.723360391450162e-05,0.0013774218734569732
298,298,298,297,946.4691213392908,4.1597533054299474e-05,2.7731688702866318e-05,0.001848922363206198,0.0013152927436914348,2.4432245612493464e-05,0.0001932646976809356,6.723360391450162e-05,0.0013774218734569732
299,299,299,299,946.4690693674825,4.1571917898830524e-05,2.771461193255368e-05,0.0018492200413083952,0.0013156082122820494,2.4422639750991404e-05,0.00019331521965205027,6.71917111613185e-05,0.00137744685735754
300,300,300,299,946.4690693674825,4.1571917898830524e-05,2.771461193255368e-05,0.0018492200413083952,0.0013156082122820494,2.4422639750991404e-05,0.00019331521965205027,6.71917111613185e-05,0.00137744685735754
301,301,301,301,946.4689468037733,4.158677864368743e-05,2.7724519095791617e-05,0.0018487971672896798,0.001315230586876276,2.4434410002181772e-05,0.00019325417315217743,6.723425474992883e-05,0.0013773008747800372
302,302,302,301,946.4689468037733,4.158677864368743e-05,2.7724519095791617e-05,0.0018487971672896798,0.001315230586876276,2.4434410002181772e-05,0.00019325417315217743,6.723425474992883e-05,0.0013773008747800372
303,303,303,303,946.4688961274315,4.155935300401148e-05,2.7706235336007655e-05,0.0018491231988625202,0.0013155674205108667,2.442445710694463e-05,0.00019331225968057504,6.719405064124079e-05,0.0013773315895427509
304,304,304,303,946.4688961274315,4.155935300401148e-05,2.7706235336007655e-05,0.0018491231988625202,0.0013155674205108667,2.442445710694463e-05,0.00019331225968057504,6.719405064124079e-05,0.0013773315895427509
305,305,305,305,946.4687721346183,4.1577833177652845e-05,2.7718555451768562e-05,0.0018487143792894499,0.0013151974401784566,2.443539538443673e-05,0.00019325784096335913,6.723401877002655e-05,0.0013772057045010782
306,306,306,305,946.4687721346183,4.1577833177652845e-05,2.7718555451768562e-05,0.0018487143792894499,0.0013151974401784566,2.443539538443673e-05,0.00019325784096335913,6.723401877002655e-05,0.0013772057045010782
307,307,307,307,946.4687232469321,4.154300469294547e-05,2.769533646196365e-05,0.0018489817169258724,0.0013154984813325472,2.442577308533339e-05,0.00019330890360313904,6.71921485733834e-05,0.0013772247881231265
308,308,308,307,946.4687232469321,4.154300469294547e-05,2.769533646196365e-05,0.0018489817169258724,0.0013154984813325472,2.442577308533339e-05,0.00019330890360313904,6.71921485733834e-05,0.0013772247881231265
309,309,309,309,946.4685980673391,4.155834088129251e-05,2.7705560587528342e-05,0.00184859192919909,0.0013151408997519338,2.4436751156035885e-05,0.00019325536987666454,6.723272204234298e-05,0.0013770829532393117
310,310,310,309,946.4685980673391,4.155834088129251e-05,2.7705560587528342e-05,0.00184859192919909,0.0013151408997519338,2.4436751156035885e-05,0.00019325536987666454,6.723272204234298e-05,0.0013770829532393117
311,311,311,311,946.4685445257526,4.152804430249124e-05,2.768536286832749e-05,0.001848885361674692,0.001315449667208975,2.442723082975856e-05,0.00019330491833807317,6.719333508410641e-05,0.001377116923470806
312,312,312,311,946.4685445257526,4.152804430249124e-05,2.768536286832749e-05,0.001848885361674692,0.001315449667208975,2.442723082975856e-05,0.00019330491833807317,6.719333508410641e-05,0.001377116923470806
313,313,313,313,946.468424259627,4.154267456554783e-05,2.769511637703189e-05,0.001848464851185632,0.0013150795157228115,2.443789505950783e-05,0.00019325059370083945,6.723407993474567e-05,0.0013769768386517338
314,314,314,313,946.468424259627,4.154267456554783e-05,2.769511637703189e-05,0.001848464851185632,0.0013150795157228115,2.443789505950783e-05,0.00019325059370083945,6.723407993474567e-05,0.0013769768386517338
315,315,315,315,946.4683723418945,4.151918253211817e-05,2.7679455021412114e-05,0.001848784213578027,0.0013154000930770057,2.4428520296958245e-05,0.00019330135186799437,6.719136566691458e-05,0.001377001441431872
316,316,316,315,946.4683723418945,4.151918253211817e-05,2.7679455021412114e-05,0.001848784213578027,0.0013154000930770057,2.4428520296958245e-05,0.00019330135186799437,6.719136566691458e-05,0.001377001441431872
317,317,317,317,946.4682508326584,4.15365148316027e-05,2.7691009887735134e-05,0.001848357957175878,0.0013150219245438993,2.4438390466202664e-05,0.00019324853165455423,6.723083261123142e-05,0.001376868272307953
318,318,318,317,946.4682508326584,4.15365148316027e-05,2.7691009887735134e-05,0.001848357957175878,0.0013150219245438993,2.4438390466202664e-05,0.00019324853165455423,6.723083261123142e-05,0.001376868272307953
319,319,319,319,946.468200758318,4.15006162181597e-05,2.7667077478773137e-05,0.001848668719023382,0.001315343191969976,2.4429568745931718e-05,0.0001932985248517291,6.719081726005299e-05,0.001376903223051443
320,320,320,319,946.468200758318,4.15006162181597e-05,2.7667077478773137e-05,0.001848668719023382,0.001315343191969976,2.4429568745931718e-05,0.0001932985248517291,6.719081726005299e-05,0.001376903223051443
321,321,321,321,946.4680780360195,4.1524372319190483e-05,2.7682914879460323e-05,0.0018482508510431917,0.001314971947377114,2.444043960995318e-05,0.00019324384577259373,6.72325880975086e-05,0.0013767608387372596
322,322,322,321,946.4680780360195,4.1524372319190483e-05,2.7682914879460323e-05,0.0018482508510431917,0.001314971947377114,2.444043960995318e-05,0.00019324384577259373,6.72325880975086e-05,0.0013767608387372596
323,323,323,323,946.4680297567971,4.14916948133226e-05,2.7661129875548397e-05,0.0018485404037637144,0.001315279194714082,2.4430366330846498e-05,0.0001932943368767436,6.719064786501333e-05,0.0013767871379935142
324,324,324,323,946.4680297567971,4.14916948133226e-05,2.7661129875548397e-05,0.0018485404037637144,0.001315279194714082,2.4430366330846498e-05,0.0001932943368767436,6.719064786501333e-05,0.0013767871379935142
325,325,325,325,946.4679052703393,4.151048328954188e-05,2.767365552636125e-05,0.0018481328223352272,0.0013149175405605157,2.4440873906114713e-05,0.00019324073810305574,6.723107733959399e-05,0.001376649197666736
326,326,326,325,946.4679052703393,4.151048328954188e-05,2.767365552636125e-05,0.0018481328223352272,0.0013149175405605157,2.4440873906114713e-05,0.00019324073810305574,6.723107733959399e-05,0.001376649197666736
327,327,327,327,946.4678588753723,4.147041911445326e-05,2.764694607630217e-05,0.001848433981256891,0.0013152333901635597,2.4430680416562267e-05,0.00019329217910151782,6.718935588875818e-05,0.0013766804591851434
328,328,328,327,946.4678588753723,4.147041911445326e-05,2.764694607630217e-05,0.001848433981256891,0.0013152333901635597,2.4430680416562267e-05,0.00019329217910151782,6.718935588875818e-05,0.0013766804591851434
329,329,329,329,946.467732985157,4.149175383785786e-05,2.7661169225238574e-05,0.0018480164554684376,0.0013148639580024062,2.4442107800497215e-05,0.00019323741805008925,6.72316776091364e-05,0.0013765387018423738
330,330,330,329,946.467732985157,4.149175383785786e-05,2.7661169225238574e-05,0.0018480164554684376,0.0013148639580024062,2.4442107800497215e-05,0.00019323741805008925,6.72316776091364e-05,0.0013765387018423738
331,331,331,331,946.467687942482,4.146344149066894e-05,2.7642294327112626e-05,0.0018482955463336255,0.001315167477772895,2.4432406325811118e-05,0.00019328877706179483,6.719057349773017e-05,0.0013765619182986902
332,332,332,331,946.467687942482,4.146344149066894e-05,2.7642294327112626e-05,0.0018482955463336255,0.001315167477772895,2.4432406325811118e-05,0.00019328877706179483,6.719057349773017e-05,0.0013765619182986902
333,333,333,333,946.4675605961299,4.1484514816420015e-05,2.7656343210946677e-05,0.0018479027577270775,0.0013148104742395994,2.4443048469414974e-05,0.00019323396476257605,6.723077866450933e-05,0.0013764304910028084
334,334,334,333,946.4675605961299,4.1484514816420015e-05,2.7656343210946677e-05,0.0018479027577270775,0.0013148104742395994,2.4443048469414974e-05,0.00019323396476257605,6.723077866450933e-05,0.0013764304910028084
335,335,335,335,946.4675144934006,4.145258492194159e-05,2.763505661462773e-05,0.0018482062604917332,0.0013151293564241011,2.4433577984955823e-05,0.00019328444278662014,6.71888772403248e-05,0.0013764507339877718
336,336,336,335,946.4675144934006,4.145258492194159e-05,2.763505661462773e-05,0.0018482062604917332,0.0013151293564241011,2.4433577984955823e-05,0.00019328444278662014,6.71888772403248e-05,0.0013764507339877718
337,337,337,337,946.4673882474201,4.146632316245902e-05,2.7644215441639343e-05,0.0018477809056868192,0.0013147517250564553,2.444393499766162e-05,0.00019323078545866024,6.723022240767706e-05,0.001376318205794579
338,338,338,337,946.4673882474201,4.146632316245902e-05,2.7644215441639343e-05,0.0018477809056868192,0.0013147517250564553,2.444393499766162e-05,0.00019323078545866024,6.723022240767706e-05,0.001376318205794579
339,339,339,339,946.467334858756,4.143908800560703e-05,2.7626058670404685e-05,0.0018481138388037526,0.0013150926866697613,2.4434078501708867e-05,0.00019328182719980974,6.718677371726073e-05,0.0013763463312870532
340,340,340,339,946.467334858756,4.143908800560703e-05,2.7626058670404685e-05,0.0018481138388037526,0.0013150926866697613,2.4434078501708867e-05,0.00019328182719980974,6.718677371726073e-05,0.0013763463312870532
341,341,341,341,946.4672150400002,4.145769057173343e-05,2.763846038115562e-05,0.0018476693272799416,0.0013147017363598886,2.4444868819285814e-05,0.00019322815243429366,6.722771746808798e-05,0.0013762030003580765
342,342,342,341,946.4672150400002,4.145769057173343e-05,2.763846038115562e-05,0.0018476693272799416,0.0013147017363598886,2.4444868819285814e-05,0.00019322815243429366,6.722771746808798e-05,0.0013762030003580765
343,343,343,343,946.4671641765733,4.142184614397415e-05,2.7614564095982768e-05,0.0018479795589326723,0.0013150241345868162,2.443563271842253e-05,0.00019327848741434496,6.718473528669056e-05,0.0013762283312756195
344,344,344,343,946.4671641765733,4.142184614397415e-05,2.7614564095982768e-05,0.0018479795589326723,0.0013150241345868162,2.443563271842253e-05,0.00019327848741434496,6.718473528669056e-05,0.0013762283312756195
345,345,345,345,946.4670429529921,4.1440905874018386e-05,2.762727058267892e-05,0.0018475562388474247,0.001314647381665765,2.4445760592378685e-05,0.0001932247423791184,6.722721268404008e-05,0.0013760955993135679
346,346,346,345,946.4670429529921,4.1440905874018386e-05,2.762727058267892e-05,0.0018475562388474247,0.001314647381665765,2.4445760592378685e-05,0.0001932247423791184,6.722721268404008e-05,0.0013760955993135679
347,347,347,347,946.4669892821021,4.140955907278032e-05,2.760637271518688e-05,0.001847869989949088,0.0013149689883777053,2.4436598378953234e-05,0.00019327473568563717,6.718713231832624e-05,0.0013761206252612714
348,348,348,347,946.4669892821021,4.140955907278032e-05,2.760637271518688e-05,0.001847869989949088,0.0013149689883777053,2.4436598378953234e-05,0.00019327473568563717,6.718713231832624e-05,0.0013761206252612714
349,349,349,349,946.4668709646699,4.143157549513221e-05,2.762105033008814e-05,0.0018474457310168639,0.0013145947873159868,2.444737463032365e-05,0.0001932206010212732,6.722769220038338e-05,0.001375985145750078
350,350,350,349,946.4668709646699,4.143157549513221e-05,2.762105033008814e-05,0.0018474457310168639,0.0013145947873159868,2.444737463032365e-05,0.0001932206010212732,6.722769220038338e-05,0.001375985145750078
351,351,351,351,946.4668187118875,4.140002598782e-05,2.7600017325213333e-05,0.0018477434269174922,0.00131490900166416,2.4437353802281292e-05,0.00019327158821247367,6.718621132993652e-05,0.0013760105897479918
352,352,352,351,946.4668187118875,4.140002598782e-05,2.7600017325213333e-05,0.0018477434269174922,0.00131490900166416,2.4437353802281292e-05,0.00019327158821247367,6.718621132993652e-05,0.0013760105897479918
353,353,353,353,946.4666987490477,4.1417740055449404e-05,2.7611826703632936e-05,0.0018472876286618842,0.001314519571233575,2.4448150597967955e-05,0.00019321764798045226,6.722696717782056e-05,0.0013758691834147526
354,354,354,353,946.4666987490477,4.1417740055449404e-05,2.7611826703632936e-05,0.0018472876286618842,0.001314519571233575,2.4448150597967955e-05,0.00019321764798045226,6.722696717782056e-05,0.0013758691834147526
355,355,355,355,946.4666481742327,4.1380714965733034e-05,2.7587143310488692e-05,0.0018476377911300261,0.0013148669793039323,2.4438631541008615e-05,0.00019326800776405412,6.718388609643078e-05,0.001375900807863991
356,356,356,355,946.4666481742327,4.1380714965733034e-05,2.7587143310488692e-05,0.0018476377911300261,0.0013148669793039323,2.4438631541008615e-05,0.00019326800776405412,6.718388609643078e-05,0.001375900807863991
357,357,357,357,946.4665270655719,4.1400822322124053e-05,2.760054821474937e-05,0.0018472286357196594,0.0013144978069966652,2.4449358566068502e-05,0.0001932136169641319,6.722710205522148e-05,0.001375759624780045
358,358,358,357,946.4665270655719,4.1400822322124053e-05,2.760054821474937e-05,0.0018472286357196594,0.0013144978069966652,2.4449358566068502e-05,0.0001932136169641319,6.722710205522148e-05,0.001375759624780045
359,359,359,359,946.4664780364037,4.1370093433079624e-05,2.7580062288719752e-05,0.0018475150760983653,0.0013148051110954508,2.4439684486780855e-05,0.00019326455128621816,6.718508107440152e-05,0.0013757831820648224
360,360,360,359,946.4664780364037,4.1370093433079624e-05,2.7580062288719752e-05,0.0018475150760983653,0.0013148051110954508,2.4439684486780855e-05,0.00019326455128621816,6.718508107440152e-05,0.0013757831820648224
361,361,361,361,946.4663553732812,4.138842637479989e-05,2.7592284249866594e-05,0.0018471132544660336,0.0013144451519493884,2.4450072677692503e-05,0.00019321020126125194,6.722574619331956e-05,0.0013756473503367366
362,362,362,361,946.4663553732812,4.138842637479989e-05,2.7592284249866594e-05,0.0018471132544660336,0.0013144451519493884,2.4450072677692503e-05,0.00019321020126125194,6.722574619331956e-05,0.0013756473503367366
363,363,363,363,946.4663082083814,4.135775354846549e-05,2.7571835698976997e-05,0.0018474154350999203,0.0013147613770138605,2.4440323880048354e-05,0.00019326211863905093,6.718488248036447e-05,0.0013756813371562414
364,364,364,363,946.4663082083814,4.135775354846549e-05,2.7571835698976997e-05,0.0018474154350999203,0.0013147613770138605,2.4440323880048354e-05,0.00019326211863905093,6.718488248036447e-05,0.0013756813371562414
365,365,365,365,946.4661841946865,4.1374828662288365e-05,2.7583219108192242e-05,0.0018469868985029406,0.0013143847641208803,2.4450897570429952e-05,0.00019320673711266625,6.722514449385847e-05,0.00137553754580705
366,366,366,365,946.4661841946865,4.1374828662288365e-05,2.7583219108192242e-05,0.0018469868985029406,0.0013143847641208803,2.4450897570429952e-05,0.00019320673711266625,6.722514449385847e-05,0.00137553754580705
367,367,367,367,946.4661337375537,4.1339927927125375e-05,2.7559951951416917e-05,0.0018472720822300989,0.0013146904829665238,2.444171502537229e-05,0.0001932572020650062,6.71845612946198e-05,0.0013755592447558325
368,368,368,367,946.4661337375537,4.1339927927125375e-05,2.7559951951416917e-05,0.0018472720822300989,0.0013146904829665238,2.444171502537229e-05,0.0001932572020650062,6.71845612946198e-05,0.0013755592447558325
369,369,369,369,946.4660130981058,4.1363443520514576e-05,2.7575629013676384e-05,0.001846860173528039,0.0013143205721495026,2.4452547948763947e-05,0.00019320359701447754,6.722636673098248e-05,0.0013754300244290677
370,370,370,369,946.4660130981058,4.1363443520514576e-05,2.7575629013676384e-05,0.001846860173528039,0.0013143205721495026,2.4452547948763947e-05,0.00019320359701447754,6.722636673098248e-05,0.0013754300244290677
371,371,371,371,946.4659610586928,4.13335985770813e-05,2.7555732384720866e-05,0.0018471617224237336,0.001314639319698029,2.4443042776635393e-05,0.00019325412750851364,6.718402136814128e-05,0.0013754530254319415
372,372,372,371,946.4659610586928,4.13335985770813e-05,2.7555732384720866e-05,0.0018471617224237336,0.001314639319698029,2.4443042776635393e-05,0.00019325412750851364,6.718402136814128e-05,0.0013754530254319415
373,373,373,373,946.4658413774714,4.134871578503896e-05,2.7565810523359307e-05,0.00184675266271738,0.0013142752260169289,2.4453529456118506e-05,0.0001931999640811134,6.722536081338326e-05,0.0013753160946528226
374,374,374,373,946.4658413774714,4.134871578503896e-05,2.7565810523359307e-05,0.00184675266271738,0.0013142752260169289,2.4453529456118506e-05,0.0001931999640811134,6.722536081338326e-05,0.0013753160946528226
375,375,375,375,946.4657915726578,4.1322408859206794e-05,2.754827257280453e-05,0.0018470429758246192,0.0013145839613569257,2.4443725276317163e-05,0.0001932507194017343,6.718304988002216e-05,0.001375341717735863
376,376,376,375,946.4657915726578,4.1322408859206794e-05,2.754827257280453e-05,0.0018470429758246192,0.0013145839613569257,2.4443725276317163e-05,0.0001932507194017343,6.718304988002216e-05,0.001375341717735863
377,377,377,377,946.4656703315765,4.133793693422705e-05,2.755862462281803e-05,0.0018466261144790264,0.001314213012921887,2.445405715464921e-05,0.0001931971257809763,6.722338607476064e-05,0.00137520832903175
378,378,378,377,946.4656703315765,4.133793693422705e-05,2.755862462281803e-05,0.0018466261144790264,0.001314213012921887,2.445405715464921e-05,0.0001931971257809763,6.722338607476064e-05,0.00137520832903175
379,379,379,379,946.4656221047896,4.130361165929908e-05,2.7535741106199385e-05,0.001846933459522037,0.001314535091590116,2.44441687563407e-05,0.0001932473520755942,6.718241314346285e-05,0.0013752342564658094
380,380,380,379,946.4656221047896,4.130361165929908e-05,2.7535741106199385e-05,0.001846933459522037,0.001314535091590116,2.44441687563407e-05,0.0001932473520755942,6.718241314346285e-05,0.0013752342564658094
381,381,381,381,946.4654996430696,4.132239450937991e-05,2.7548263006253276e-05,0.0018465164563844286,0.001314173230782805,2.4455254476744848e-05,0.0001931937452810105,6.722313202495861e-05,0.0013750975502205853
382,382,382,381,946.4654996430696,4.132239450937991e-05,2.7548263006253276e-05,0.0018465164563844286,0.001314173230782805,2.4455254476744848e-05,0.0001931937452810105,6.722313202495861e-05,0.0013750975502205853
383,383,383,383,946.4654529528073,4.1296325343803675e-05,2.753088356253578e-05,0.0018468131540128423,0.0013144776855244014,2.4445205704597128e-05,0.0001932435303860243,6.718140924857896e-05,0.0013751169449871862
384,384,384,383,946.4654529528073,4.1296325343803675e-05,2.753088356253578e-05,0.0018468131540128423,0.0013144776855244014,2.4445205704597128e-05,0.0001932435303860243,6.718140924857896e-05,0.0013751169449871862
385,385,385,385,946.4653289640268,4.1311621382128516e-05,2.7541080921419013e-05,0.001846395183422475,0.0013141076400650857,2.445589054989733e-05,0.00019319013267773727,6.722277688410438e-05,0.0013749832774089116
386,386,386,385,946.4653289640268,4.1311621382128516e-05,2.7541080921419013e-05,0.001846395183422475,0.0013141076400650857,2.445589054989733e-05,0.00019319013267773727,6.722277688410438e-05,0.0013749832774089116
387,387,387,387,946.4652768136901,4.128376521364552e-05,2.7522510142430345e-05,0.0018466840740041467,0.0013144129709939268,2.44462049392713e-05,0.00019324163081035938,6.718068614083861e-05,0.0013749952688420952
388,388,388,387,946.4652768136901,4.128376521364552e-05,2.7522510142430345e-05,0.0018466840740041467,0.0013144129709939268,2.44462049392713e-05,0.00019324163081035938,6.718068614083861e-05,0.0013749952688420952
389,389,389,389,946.4651584344629,4.129780412071016e-05,2.7531869413806774e-05,0.0018462803005819695,0.0013140573383686209,2.4456991490923174e-05,0.00019318659856866024,6.722303101409227e-05,0.0013748700049052423
390,390,390,389,946.4651584344629,4.129780412071016e-05,2.7531869413806774e-05,0.0018462803005819695,0.0013140573383686209,2.4456991490923174e-05,0.00019318659856866024,6.722303101409227e-05,0.0013748700049052423
391,391,391,391,946.4651081965483,4.1268243578362895e-05,2.7512162385575266e-05,0.0018465908898363688,0.0013143761622142103,2.4447257115887966e-05,0.0001932368879443718,6.718033094902515e-05,0.0013748977829449974
392,392,392,391,946.4651081965483,4.1268243578362895e-05,2.7512162385575266e-05,0.0018465908898363688,0.0013143761622142103,2.4447257115887966e-05,0.0001932368879443718,6.718033094902515e-05,0.0013748977829449974
393,393,393,393,946.4649887578469,4.128663903077423e-05,2.7524426020516156e-05,0.0018461644593681407,0.0013140017718558466,2.445819300566504e-05,0.0001931832280220945,6.722218052649526e-05,0.0013747563159062686
394,394,394,393,946.4649887578469,4.128663903077423e-05,2.7524426020516156e-05,0.0018461644593681407,0.0013140017718558466,2.445819300566504e-05,0.0001931832280220945,6.722218052649526e-05,0.0013747563159062686
395,395,395,395,946.4649397213523,4.125542905994428e-05,2.7503619373296186e-05,0.0018464707128541993,0.0013143195480174526,2.4448644915388285e-05,0.00019323302454834584,6.718063833085347e-05,0.0013747758300233358
396,396,396,395,946.4649397213523,4.125542905994428e-05,2.7503619373296186e-05,0.0018464707128541993,0.0013143195480174526,2.4448644915388285e-05,0.00019323302454834584,6.718063833085347e-05,0.0013747758300233358
397,397,397,397,946.4648190399623,4.1277535197947746e-05,2.7518356798631828e-05,0.0018460525393066572,0.0013139493215099227,2.4459361487996767e-05,0.00019317961026230163,6.7221645652496e-05,0.0013746470607253897
398,398,398,397,946.4648190399623,4.1277535197947746e-05,2.7518356798631828e-05,0.0018460525393066572,0.0013139493215099227,2.4459361487996767e-05,0.00019317961026230163,6.7221645652496e-05,0.0013746470607253897
399,399,399,399,946.4647715939619,4.124638436228678e-05,2.7497589574857852e-05,0.0018463599495630685,0.0013142675598296514,2.4449922457793483e-05,0.00019322982181560602,6.717989753320108e-05,0.0013746748346186804
400,400,400,399,946.4647715939619,4.124638436228678e-05,2.7497589574857852e-05,0.0018463599495630685,0.0013142675598296514,2.4449922457793483e-05,0.00019322982181560602,6.717989753320108e-05,0.0013746748346186804
401,401,401,401,946.4646494062396,4.1258637931668174e-05,2.7505758621112115e-05,0.001845940331394337,0.0013138977859260756,2.4459979251940933e-05,0.00019317529140261717,6.722120831216538e-05,0.0013745314364667855
402,402,402,401,946.4646494062396,4.1258637931668174e-05,2.7505758621112115e-05,0.001845940331394337,0.0013138977859260756,2.4459979251940933e-05,0.00019317529140261717,6.722120831216538e-05,0.0013745314364667855
403,403,403,403,946.4646026523601,4.123391482582783e-05,2.748927655055189e-05,0.001846241396888549,0.001314210017005729,2.4450849436745414e-05,0.00019322632227927668,6.717937931144391e-05,0.0013745647174418217
404,404,404,403,946.4646026523601,4.123391482582783e-05,2.748927655055189e-05,0.001846241396888549,0.001314210017005729,2.4450849436745414e-05,0.00019322632227927668,6.717937931144391e-05,0.0013745647174418217
405,405,405,405,946.4644807434876,4.125206728655684e-05,2.750137819103789e-05,0.0018459827545891057,0.0013139414397543387,2.4461462966321457e-05,0.00019317211777395056,6.721971686041162e-05,0.0013744227409152525
406,406,406,405,946.4644807434876,4.125206728655684e-05,2.750137819103789e-05,0.0018459827545891057,0.0013139414397543387,2.4461462966321457e-05,0.00019317211777395056,6.721971686041162e-05,0.0013744227409152525
407,407,407,407,946.4644336356789,4.122193821221032e-05,2.7481292141473546e-05,0.0018461101553923942,0.0013141425074885353,2.4452587658187197e-05,0.00019322555567636982,6.717975755408945e-05,0.001374447195381006
408,408,408,407,946.4644336356789,4.122193821221032e-05,2.7481292141473546e-05,0.0018461101553923942,0.0013141425074885353,2.4452587658187197e-05,0.00019322555567636982,6.717975755408945e-05,0.001374447195381006
409,409,409,409,946.4643119769328,4.123607078304614e-05,2.7490713855364095e-05,0.0018457116595976379,0.0013137863616151002,2.4462444740087907e-05,0.00019316843935548338,6.722088445031138e-05,0.001374310563929155
410,410,410,409,946.4643119769328,4.123607078304614e-05,2.7490713855364095e-05,0.0018457116595976379,0.0013137863616151002,2.4462444740087907e-05,0.00019316843935548338,6.722088445031138e-05,0.001374310563929155
411,411,411,411,946.4642543787093,4.12089223967016e-05,2.7472614931134398e-05,0.0018460307980099875,0.0013141155324297594,2.445309384357247e-05,0.0001932188395886757,6.717617741217735e-05,0.0013743306997496436
412,412,412,411,946.4642543787093,4.12089223967016e-05,2.7472614931134398e-05,0.0018460307980099875,0.0013141155324297594,2.445309384357247e-05,0.0001932188395886757,6.717617741217735e-05,0.0013743306997496436
413,413,413,413,946.4641417208427,4.122212964161043e-05,2.748141976107362e-05,0.001845605377029494,0.001313741245241317,2.4461844223659657e-05,0.00019316550139347787,6.7216721496767e-05,0.0013741960603635803
414,414,414,413,946.4641417208427,4.122212964161043e-05,2.748141976107362e-05,0.001845605377029494,0.001313741245241317,2.4461844223659657e-05,0.00019316550139347787,6.7216721496767e-05,0.0013741960603635803
415,415,415,415,946.4640827961346,4.1196447445712714e-05,2.746429829714181e-05,0.0018458911283012116,0.0013140509902542707,2.4453282034264667e-05,0.00019321510450083293,6.717548311434979e-05,0.0013742198768112576
416,416,416,415,946.4640827961346,4.1196447445712714e-05,2.746429829714181e-05,0.0018458911283012116,0.0013140509902542707,2.4453282034264667e-05,0.00019321510450083293,6.717548311434979e-05,0.0013742198768112576
417,417,417,417,946.463973667612,4.12153742825605e-05,2.7476916188373668e-05,0.0018454823106860967,0.0013136865847455193,2.4464060907662677e-05,0.0001931615341173246,6.721733495199111e-05,0.0013740907428964112
418,418,418,417,946.463973667612,4.12153742825605e-05,2.7476916188373668e-05,0.0018454823106860967,0.0013136865847455193,2.4464060907662677e-05,0.0001931615341173246,6.721733495199111e-05,0.0013740907428964112
419,419,419,419,946.4639159782157,4.117946030077202e-05,2.7452973533848013e-05,0.0018457712376182727,0.0013139981554828512,2.445441067752685e-05,0.00019321169568914848,6.717500135269838e-05,0.0013741153533501612
420,420,420,419,946.4639159782157,4.117946030077202e-05,2.7452973533848013e-05,0.0018457712376182727,0.0013139981554828512,2.445441067752685e-05,0.00019321169568914848,6.717500135269838e-05,0.0013741153533501612
421,421,421,421,946.4638055629724,4.119744869915398e-05,2.7464965799435987e-05,0.001845357048765544,0.001313628424150384,2.446427096188669e-05,0.00019316055695205614,6.721747671182415e-05,0.0013739630592950014
422,422,422,421,946.4638055629724,4.119744869915398e-05,2.7464965799435987e-05,0.001845357048765544,0.001313628424150384,2.446427096188669e-05,0.00019316055695205614,6.721747671182415e-05,0.0013739630592950014
423,423,423,423,946.4637503266899,4.117059700667336e-05,2.7447064671115573e-05,0.0018456501756021163,0.001313946524595628,2.4455082209585977e-05,0.00019320754692936013,6.717407412205195e-05,0.0013740106663895878
424,424,424,423,946.4637503266899,4.117059700667336e-05,2.7447064671115573e-05,0.0018456501756021163,0.001313946524595628,2.4455082209585977e-05,0.00019320754692936013,6.717407412205195e-05,0.0013740106663895878
425,425,425,425,946.4636382936696,4.119044565123464e-05,2.7460297100823094e-05,0.0018452284438450414,0.0013135789178041707,2.4465262553445555e-05,0.0001931546715100038,6.721552543697412e-05,0.0013738687656562935
426,426,426,425,946.4636382936696,4.119044565123464e-05,2.7460297100823094e-05,0.0018452284438450414,0.0013135789178041707,2.4465262553445555e-05,0.0001931546715100038,6.721552543697412e-05,0.0013738687656562935
427,427,427,427,946.4635844176742,4.1159709705196335e-05,2.743980647013089e-05,0.0018455189064449419,0.0013138910427221264,2.445615953175495e-05,0.00019320460046417268,6.717431732605056e-05,0.0013738927812656488
428,428,428,427,946.4635844176742,4.1159709705196335e-05,2.743980647013089e-05,0.0018455189064449419,0.0013138910427221264,2.445615953175495e-05,0.00019320460046417268,6.717431732605056e-05,0.0013738927812656488
429,429,429,429,946.463471410769,4.1179026611687375e-05,2.7452684407791583e-05,0.0018451015727715284,0.0013135260627185551,2.4467124868768342e-05,0.00019315143804331155,6.721610021809266e-05,0.0013737648762171418
430,430,430,429,946.463471410769,4.1179026611687375e-05,2.7452684407791583e-05,0.0018451015727715284,0.0013135260627185551,2.4467124868768342e-05,0.00019315143804331155,6.721610021809266e-05,0.0013737648762171418
431,431,431,431,946.4634188648891,4.114852753756004e-05,2.7432351691706693e-05,0.0018453923389972601,0.0013138390411445836,2.445823984792428e-05,0.00019320101742686472,6.717519955583978e-05,0.0013737824484729437
432,432,432,431,946.4634188648891,4.114852753756004e-05,2.7432351691706693e-05,0.0018453923389972601,0.0013138390411445836,2.445823984792428e-05,0.00019320101742686472,6.717519955583978e-05,0.0013737824484729437
433,433,433,433,946.4633044790396,4.116134930226556e-05,2.7440899534843705e-05,0.0018449756614847242,0.0013134720851569477,2.4467524028869148e-05,0.0001931476298306712,6.72150517612713e-05,0.0013736532948800863
434,434,434,433,946.4633044790396,4.116134930226556e-05,2.7440899534843705e-05,0.0018449756614847242,0.0013134720851569477,2.4467524028869148e-05,0.0001931476298306712,6.72150517612713e-05,0.0013736532948800863
435,435,435,435,946.4632538888629,4.113585891821203e-05,2.742390594547469e-05,0.0018452673833141205,0.0013137856421258582,2.4458550996926676e-05,0.0001931982605599118,6.717453978266619e-05,0.0013736823096687258
436,436,436,435,946.4632538888629,4.113585891821203e-05,2.742390594547469e-05,0.0018452673833141205,0.0013137856421258582,2.4458550996926676e-05,0.0001931982605599118,6.717453978266619e-05,0.0013736823096687258
437,437,437,437,946.463137847107,4.115321738515365e-05,2.74354782567691e-05,0.0018448529540576076,0.001313423387087718,2.4468448337686133e-05,0.00019314343841308497,6.721361255247749e-05,0.0013735357408420853
438,438,438,437,946.463137847107,4.115321738515365e-05,2.74354782567691e-05,0.0018448529540576076,0.001313423387087718,2.4468448337686133e-05,0.00019314343841308497,6.721361255247749e-05,0.0013735357408420853
439,439,439,439,946.4630888172676,4.112054152621836e-05,2.7413694350812236e-05,0.0018451425563806743,0.0013137307629554158,2.4459162931325662e-05,0.0001931942020640192,6.717329699319069e-05,0.0013735713038036065
440,440,440,439,946.4630888172676,4.112054152621836e-05,2.7413694350812236e-05,0.0018451425563806743,0.0013137307629554158,2.4459162931325662e-05,0.0001931942020640192,6.717329699319069e-05,0.0013735713038036065
441,441,441,441,946.4629711727306,4.1137441940175545e-05,2.7424961293450366e-05,0.001844733450805775,0.0013133656468791027,2.4469140911476117e-05,0.00019314464339871708,6.721443215921413e-05,0.0013734409260279432
442,442,442,441,946.4629711727306,4.1137441940175545e-05,2.7424961293450366e-05,0.001844733450805775,0.0013133656468791027,2.4469140911476117e-05,0.00019314464339871708,6.721443215921413e-05,0.0013734409260279432
443,443,443,443,946.4629145887883,4.1108752737079035e-05,2.7405835158052692e-05,0.001845100823586388,0.0013136457244865758,2.446347485936945e-05,0.00019318343965835344,6.716889255038022e-05,0.0013734257914368028
444,444,444,443,946.4629145887883,4.1108752737079035e-05,2.7405835158052692e-05,0.001845100823586388,0.0013136457244865758,2.446347485936945e-05,0.00019318343965835344,6.716889255038022e-05,0.0013734257914368028
445,445,445,445,946.462805983014,4.1122875507448864e-05,2.741525033829924e-05,0.0018445832923379279,0.0013132924218065816,2.447078848967499e-05,0.00019313782427194512,6.721449950923553e-05,0.001373320708682538
446,446,446,445,946.462805983014,4.1122875507448864e-05,2.741525033829924e-05,0.0018445832923379279,0.0013132924218065816,2.447078848967499e-05,0.00019313782427194512,6.721449950923553e-05,0.001373320708682538
447,447,447,447,946.4627494888603,4.109794729156846e-05,2.7398631527712304e-05,0.0018448873950291256,0.0013136088552518693,2.446282289180618e-05,0.0001931862775896704,6.717304855398398e-05,0.0013733433006285732
448,448,448,447,946.4627494888603,4.109794729156846e-05,2.7398631527712304e-05,0.0018448873950291256,0.0013136088552518693,2.446282289180618e-05,0.0001931862775896704,6.717304855398398e-05,0.0013733433006285732
449,449,449,449,946.4626394677528,4.111218470359557e-05,2.7408123135730378e-05,0.0018444532215944921,0.0013132278097526045,2.447254862991688e-05,0.00019313242723676392,6.721621259574151e-05,0.001373208437243775
450,450,450,449,946.4626394677528,4.111218470359557e-05,2.7408123135730378e-05,0.0018444532215944921,0.0013132278097526045,2.447254862991688e-05,0.00019313242723676392,6.721621259574151e-05,0.001373208437243775
451,451,451,451,946.4625846025671,4.108489052731534e-05,2.7389927018210226e-05,0.0018447694142359828,0.0013135535730595417,2.4463515382787404e-05,0.0001931826993020943,6.717400585674188e-05,0.0013732247500881259
452,452,452,451,946.4625846025671,4.108489052731534e-05,2.7389927018210226e-05,0.0018447694142359828,0.0013135535730595417,2.4463515382787404e-05,0.0001931826993020943,6.717400585674188e-05,0.0013732247500881259
453,453,453,453,946.4624732322363,4.110298588813621e-05,2.7401990592090808e-05,0.0018443369809927497,0.0013131775427596038,2.447322684052955e-05,0.0001931292791461379,6.721411386994419e-05,0.0013730881092419822
454,454,454,453,946.4624732322363,4.110298588813621e-05,2.7401990592090808e-05,0.0018443369809927497,0.0013131775427596038,2.447322684052955e-05,0.0001931292791461379,6.721411386994419e-05,0.0013730881092419822
455,455,455,455,946.4624203487674,4.1071825226030034e-05,2.738121681735336e-05,0.001844631305180884,0.00131349005565167,2.4463922067056998e-05,0.00019317928792506107,6.717293342172609e-05,0.001373116197532967
456,456,456,455,946.4624203487674,4.1071825226030034e-05,2.738121681735336e-05,0.001844631305180884,0.00131349005565167,2.4463922067056998e-05,0.00019317928792506107,6.717293342172609e-05,0.001373116197532967
457,457,457,457,946.4623073270641,4.1091008843807675e-05,2.7394005895871785e-05,0.001844212490178683,0.001313122545253496,2.447451047701832e-05,0.00019312541506834026,6.721542112220896e-05,0.0013729809816263217
458,458,458,457,946.4623073270641,4.1091008843807675e-05,2.7394005895871785e-05,0.001844212490178683,0.001313122545253496,2.447451047701832e-05,0.00019312541506834026,6.721542112220896e-05,0.0013729809816263217
459,459,459,459,946.462254794197,4.1054974940224476e-05,2.7369983293482985e-05,0.0018445202271895125,0.0013134418058089782,2.4465626701823673e-05,0.00019317564363490275,6.71721099713557e-05,0.0013730000948416624
460,460,460,459,946.462254794197,4.1054974940224476e-05,2.7369983293482985e-05,0.0018445202271895125,0.0013134418058089782,2.4465626701823673e-05,0.00019317564363490275,6.71721099713557e-05,0.0013730000948416624
461,461,461,461,946.4621413082627,4.107336809128226e-05,2.7382245394188175e-05,0.001844089764869005,0.0013130648837001908,2.4475496544162922e-05,0.0001931217752126629,6.721337392629617e-05,0.0013728571475285817
462,462,462,461,946.4621413082627,4.107336809128226e-05,2.7382245394188175e-05,0.001844089764869005,0.0013130648837001908,2.4475496544162922e-05,0.0001931217752126629,6.721337392629617e-05,0.0013728571475285817
463,463,463,463,946.4620893386245,4.104579523259155e-05,2.736386348839437e-05,0.00184438129801352,0.001313377596538029,2.4466576641554716e-05,0.00019317256517768693,6.717114594605861e-05,0.001372883768059575
464,464,464,463,946.4620893386245,4.104579523259155e-05,2.736386348839437e-05,0.00184438129801352,0.001313377596538029,2.4466576641554716e-05,0.00019317256517768693,6.717114594605861e-05,0.001372883768059575
465,465,465,465,946.4619756877214,4.106385217592101e-05,2.7375901450614006e-05,0.0018439737529163207,0.001313014151585036,2.447603366765444e-05,0.0001931181813145691,6.721237938692864e-05,0.00137274208154766
466,466,466,465,946.4619756877214,4.106385217592101e-05,2.7375901450614006e-05,0.0018439737529163207,0.001313014151585036,2.447603366765444e-05,0.0001931181813145691,6.721237938692864e-05,0.00137274208154766
467,467,467,467,946.4619248727495,4.103335337279912e-05,2.7355568915199413e-05,0.0018442525195482267,0.0013133174122461407,2.4467472557229697e-05,0.00019316686537537982,6.71713988817102e-05,0.0013727678208412721
468,468,468,467,946.4619248727495,4.103335337279912e-05,2.7355568915199413e-05,0.0018442525195482267,0.0013133174122461407,2.4467472557229697e-05,0.00019316686537537982,6.71713988817102e-05,0.0013727678208412721
469,469,469,469,946.4618102805825,4.1044959374764156e-05,2.736330624984277e-05,0.0018438408632076894,0.0013129527328929226,2.4477445053683322e-05,0.0001931150463809937,6.721192929536046e-05,0.0013726314156923582
470,470,470,469,946.4618102805825,4.1044959374764156e-05,2.736330624984277e-05,0.0018438408632076894,0.0013129527328929226,2.4477445053683322e-05,0.0001931150463809937,6.721192929536046e-05,0.0013726314156923582
471,471,471,471,946.4617596156295,4.101998583064259e-05,2.7346657220428394e-05,0.001844127368798417,0.0013132622161488086,2.446849408588303e-05,0.00019316504646019214,6.717026274429688e-05,0.001372654140181301
472,472,472,471,946.4617596156295,4.101998583064259e-05,2.7346657220428394e-05,0.001844127368798417,0.0013132622161488086,2.446849408588303e-05,0.00019316504646019214,6.717026274429688e-05,0.001372654140181301
473,473,473,473,946.4616444946148,4.103808527683439e-05,2.7358723517889594e-05,0.0018437210015503785,0.0013129004146232113,2.4477417350135533e-05,0.0001931104077392804,6.721016501790716e-05,0.0013725148466623123
474,474,474,473,946.4616444946148,4.103808527683439e-05,2.7358723517889594e-05,0.0018437210015503785,0.0013129004146232113,2.4477417350135533e-05,0.0001931104077392804,6.721016501790716e-05,0.0013725148466623123
475,475,475,475,946.4615964041826,4.10066757448313e-05,2.7337783829887535e-05,0.0018440093172588422,0.0013132088097015794,2.446822410455407e-05,0.00019316148833845929,6.716937451031052e-05,0.001372539006558979
476,476,476,475,946.4615964041826,4.10066757448313e-05,2.7337783829887535e-05,0.0018440093172588422,0.0013132088097015794,2.446822410455407e-05,0.00019316148833845929,6.716937451031052e-05,0.001372539006558979
477,477,477,477,946.4614797227671,4.1025269022720856e-05,2.7350179348480573e-05,0.0018435939686884835,0.001312838796839364,2.447881113130934e-05,0.00019310824069632983,6.721015407014364e-05,0.0013723866023326102
478,478,478,477,946.4614797227671,4.1025269022720856e-05,2.7350179348480573e-05,0.0018435939686884835,0.001312838796839364,2.447881113130934e-05,0.00019310824069632983,6.721015407014364e-05,0.0013723866023326102
479,479,479,479,946.4614281012689,4.099161048634614e-05,2.7327740324230763e-05,0.001843889441469439,0.0013131513332939842,2.4470182489133574e-05,0.00019315652920162712,6.716866344514544e-05,0.001372430283016605
480,480,480,479,946.4614281012689,4.099161048634614e-05,2.7327740324230763e-05,0.001843889441469439,0.0013131513332939842,2.4470182489133574e-05,0.00019315652920162712,6.716866344514544e-05,0.001372430283016605
481,481,481,481,946.4613148055823,4.101340126799746e-05,2.7342267511998308e-05,0.0018434609568390976,0.0013127766693855707,2.4480252158523563e-05,0.00019310321657156534,6.721081141238677e-05,0.001372287485492728
482,482,482,481,946.4613148055823,4.101340126799746e-05,2.7342267511998308e-05,0.0018434609568390976,0.0013127766693855707,2.4480252158523563e-05,0.00019310321657156534,6.721081141238677e-05,0.001372287485492728
483,483,483,483,946.4612618246525,4.098242075187275e-05,2.7321613834581832e-05,0.0018437550952502847,0.0013130917010519604,2.4471383244982492e-05,0.00019315293122295103,6.716864991573868e-05,0.0013723070625485593
484,484,484,483,946.4612618246525,4.098242075187275e-05,2.7321613834581832e-05,0.0018437550952502847,0.0013130917010519604,2.4471383244982492e-05,0.00019315293122295103,6.716864991573868e-05,0.0013723070625485593
485,485,485,485,946.4611499694024,4.1000836693005915e-05,2.7333891128670608e-05,0.001843367032163862,0.001312721650070041,2.44809118763456e-05,0.00019310171372263543,6.720929386733882e-05,0.0013721570016595709
486,486,486,485,946.4611499694024,4.1000836693005915e-05,2.7333891128670608e-05,0.001843367032163862,0.001312721650070041,2.44809118763456e-05,0.00019310171372263543,6.720929386733882e-05,0.0013721570016595709
487,487,487,487,946.4610976841703,4.0968792289292066e-05,2.7312528192861375e-05,0.0018436684403973925,0.0013130427827657346,2.4471881721971345e-05,0.00019315088464379637,6.716671290406262e-05,0.0013721952836213758
488,488,488,487,946.4610976841703,4.0968792289292066e-05,2.7312528192861375e-05,0.0018436684403973925,0.0013130427827657346,2.4471881721971345e-05,0.00019315088464379637,6.716671290406262e-05,0.0013721952836213758
489,489,489,489,946.4609853726854,4.0986206926718616e-05,2.7324137951145744e-05,0.0018432311976937547,0.001312664926495948,2.448133258031726e-05,0.00019309617155780892,6.720828652502508e-05,0.0013720546704046135
490,490,490,489,946.4609853726854,4.0986206926718616e-05,2.7324137951145744e-05,0.0018432311976937547,0.001312664926495948,2.448133258031726e-05,0.00019309617155780892,6.720828652502508e-05,0.0013720546704046135
491,491,491,491,946.4609307730586,4.0954916971897015e-05,2.7303277981264675e-05,0.001843534207446044,0.0013129780413357476,2.447306672209021e-05,0.00019314582920709996,6.716702850598222e-05,0.0013720806750743132
492,492,492,491,946.4609307730586,4.0954916971897015e-05,2.7303277981264675e-05,0.001843534207446044,0.0013129780413357476,2.447306672209021e-05,0.00019314582920709996,6.716702850598222e-05,0.0013720806750743132
493,493,493,493,946.4608215394649,4.097553006768284e-05,2.7317020045121897e-05,0.001843113442788703,0.0013126121365458988,2.4482803025062394e-05,0.00019309210560915896,6.720870480785013e-05,0.0013719428921195034
494,494,494,493,946.4608215394649,4.097553006768284e-05,2.7317020045121897e-05,0.001843113442788703,0.0013126121365458988,2.4482803025062394e-05,0.00019309210560915896,6.720870480785013e-05,0.0013719428921195034
495,495,495,495,946.460764627654,4.0941744291284055e-05,2.729449619418937e-05,0.00184342697199218,0.001312932328318017,2.4473223122128962e-05,0.00019315074304379355,6.716201584733988e-05,0.001372013670541974
496,496,496,495,946.460764627654,4.0941744291284055e-05,2.729449619418937e-05,0.00184342697199218,0.001312932328318017,2.4473223122128962e-05,0.00019315074304379355,6.716201584733988e-05,0.001372013670541974
497,497,497,497,946.4606585394476,4.096442453310756e-05,2.730961635540504e-05,0.001843051298424724,0.0013125962647261976,2.4483747783000942e-05,0.00019308691891052788,6.720835347361759e-05,0.0013718224921778783
498,498,498,497,946.4606585394476,4.096442453310756e-05,2.730961635540504e-05,0.001843051298424724,0.0013125962647261976,2.4483747783000942e-05,0.00019308691891052788,6.720835347361759e-05,0.0013718224921778783
499,499,499,499,946.4606025404966,4.093464677309977e-05,2.728976451539985e-05,0.0018432876703832603,0.0013128680924063226,2.4474787408704235e-05,0.00019313886757505122,6.716736442544113e-05,0.001371861835155989
500,500,500,499,946.4606025404966,4.093464677309977e-05,2.728976451539985e-05,0.0018432876703832603,0.0013128680924063226,2.4474787408704235e-05,0.00019313886757505122,6.716736442544113e-05,0.001371861835155989
501,501,501,501,946.4604950079897,4.0952104610442186e-05,2.7301403073628123e-05,0.0018428638580681826,0.0013124956728383559,2.4485001432560105e-05,0.00019308389753992181,6.720839204295281e-05,0.0013717126944973552
502,502,502,501,946.4604950079897,4.0952104610442186e-05,2.7301403073628123e-05,0.0018428638580681826,0.0013124956728383559,2.4485001432560105e-05,0.00019308389753992181,6.720839204295281e-05,0.0013717126944973552
503,503,503,503,946.4604405844486,4.091647284554245e-05,2.7277648563694967e-05,0.0018431549873945607,0.0013128062734241478,2.4476228031408698e-05,0.00019313502039968106,6.716703944541907e-05,0.00137174360755409
504,504,504,503,946.4604405844486,4.091647284554245e-05,2.7277648563694967e-05,0.0018431549873945607,0.0013128062734241478,2.4476228031408698e-05,0.00019313502039968106,6.716703944541907e-05,0.00137174360755409
505,505,505,505,946.4603319696294,4.0936809664327e-05,2.7291206442884665e-05,0.0018427331429538417,0.0013124352911701208,2.4485674624333265e-05,0.00019308037747595386,6.720783554885201e-05,0.0013715982853657245
506,506,506,505,946.4603319696294,4.0936809664327e-05,2.7291206442884665e-05,0.0018427331429538417,0.0013124352911701208,2.4485674624333265e-05,0.00019308037747595386,6.720783554885201e-05,0.0013715982853657245
507,507,507,507,946.4602767577641,4.0907991424615764e-05,2.7271994283077177e-05,0.001843018005068248,0.0013127480390820714,2.4476966551487123e-05,0.00019313164158850406,6.716777991504219e-05,0.0013716245524726662
508,508,508,507,946.4602767577641,4.0907991424615764e-05,2.7271994283077177e-05,0.001843018005068248,0.0013127480390820714,2.4476966551487123e-05,0.00019313164158850406,6.716777991504219e-05,0.0013716245524726662
509,509,509,509,946.46016889846,4.092615628328855e-05,2.7284104188859036e-05,0.0018425930377222765,0.0013123697036620636,2.448672036207966e-05,0.00019307701306733928,6.720752689678977e-05,0.0013714878824302894
510,510,510,509,946.46016889846,4.092615628328855e-05,2.7284104188859036e-05,0.0018425930377222765,0.0013123697036620636,2.448672036207966e-05,0.00019307701306733928,6.720752689678977e-05,0.0013714878824302894
511,511,511,511,946.4601109587195,4.089019943745442e-05,2.726013295830295e-05,0.0018428794371021604,0.0013126816298907945,2.4477868518509027e-05,0.0001931280793915333,6.716435526308434e-05,0.0013715105307345855
512,512,512,511,946.4601109587195,4.089019943745442e-05,2.726013295830295e-05,0.0018428794371021604,0.0013126816298907945,2.4477868518509027e-05,0.0001931280793915333,6.716435526308434e-05,0.0013715105307345855
513,513,513,513,946.460007363836,4.0910567063179304e-05,2.727371137545287e-05,0.0018424741149302103,0.001312318532784097,2.4487666319517043e-05,0.00019307389232477707,6.720647542125813e-05,0.0013713676977266827
514,514,514,513,946.460007363836,4.0910567063179304e-05,2.727371137545287e-05,0.0018424741149302103,0.001312318532784097,2.4487666319517043e-05,0.00019307389232477707,6.720647542125813e-05,0.0013713676977266827
515,515,515,515,946.4599500458555,4.0879862201331774e-05,2.7253241467554517e-05,0.0018427707618987894,0.0013126320356060342,2.44795237763773e-05,0.00019312349431797608,6.71661591774772e-05,0.0013713981492920056
516,516,516,515,946.4599500458555,4.0879862201331774e-05,2.7253241467554517e-05,0.0018427707618987894,0.0013126320356060342,2.44795237763773e-05,0.00019312349431797608,6.71661591774772e-05,0.0013713981492920056
517,517,517,517,946.4598449961634,4.089751792743512e-05,2.7265011951623418e-05,0.001842350864840532,0.0013122614257733778,2.4488697543831317e-05,0.00019306942348787872,6.720663096040219e-05,0.0013712576427159845
518,518,518,517,946.4598449961634,4.089751792743512e-05,2.7265011951623418e-05,0.001842350864840532,0.0013122614257733778,2.4488697543831317e-05,0.00019306942348787872,6.720663096040219e-05,0.0013712576427159845
519,519,519,519,946.4597812825391,4.087718323450562e-05,2.7251455489670416e-05,0.001842756461346823,0.0013126346169966669,2.4478447745675258e-05,0.00019311551798496668,6.716884484485319e-05,0.0013712864549925725
520,520,520,519,946.4597812825391,4.087718323450562e-05,2.7251455489670416e-05,0.001842756461346823,0.0013126346169966669,2.4478447745675258e-05,0.00019311551798496668,6.716884484485319e-05,0.0013712864549925725
521,521,521,521,946.4596846079769,4.089621435468538e-05,2.7264142903123585e-05,0.0018422437296150365,0.0013122126599195735,2.4489677227353124e-05,0.00019306777398498887,6.721079825803417e-05,0.001371170372375954
522,522,522,521,946.4596846079769,4.089621435468538e-05,2.7264142903123585e-05,0.0018422437296150365,0.0013122126599195735,2.4489677227353124e-05,0.00019306777398498887,6.721079825803417e-05,0.001371170372375954
523,523,523,523,946.4596207241462,4.0865315469068575e-05,2.7243543646045715e-05,0.0018425345901058165,0.0013125242416372857,2.448150963835216e-05,0.00019311509881794802,6.71663348260354e-05,0.0013711841934176548
524,524,524,523,946.4596207241462,4.0865315469068575e-05,2.7243543646045715e-05,0.0018425345901058165,0.0013125242416372857,2.448150963835216e-05,0.00019311509881794802,6.71663348260354e-05,0.0013711841934176548
525,525,525,525,946.4595227924017,4.0881581343243933e-05,2.725438756216262e-05,0.001842102457526937,0.0013121457273169278,2.4490575250488145e-05,0.00019306126237424645,6.720715798255728e-05,0.0013710368465665924
526,526,526,525,946.4595227924017,4.0881581343243933e-05,2.725438756216262e-05,0.001842102457526937,0.0013121457273169278,2.4490575250488145e-05,0.00019306126237424645,6.720715798255728e-05,0.0013710368465665924
527,527,527,527,946.4594610125798,4.0850304975165175e-05,2.7233536650110114e-05,0.0018423842500948605,0.0013124519163339563,2.4481901877031198e-05,0.00019311168183545522,6.716533139478065e-05,0.0013710622084381185
528,528,528,527,946.4594610125798,4.0850304975165175e-05,2.7233536650110114e-05,0.0018423842500948605,0.0013124519163339563,2.4481901877031198e-05,0.00019311168183545522,6.716533139478065e-05,0.0013710622084381185
529,529,529,529,946.4593618659339,4.086306667641648e-05,2.7242044450944323e-05,0.0018419620802537474,0.0013120804404503157,2.449179478610647e-05,0.00019305744954305779,6.72066201842722e-05,0.0013709132896643987
530,530,530,529,946.4593618659339,4.086306667641648e-05,2.7242044450944323e-05,0.0018419620802537474,0.0013120804404503157,2.449179478610647e-05,0.00019305744954305779,6.72066201842722e-05,0.0013709132896643987
531,531,531,531,946.4593015403517,4.083742074845187e-05,2.7224947165634582e-05,0.0018422793724406819,0.0013124095969652872,2.4483038495330678e-05,0.00019310767667233612,6.716488786991798e-05,0.0013709476842881396
532,532,532,531,946.4593015403517,4.083742074845187e-05,2.7224947165634582e-05,0.0018422793724406819,0.0013124095969652872,2.4483038495330678e-05,0.00019310767667233612,6.716488786991798e-05,0.0013709476842881396
533,533,533,533,946.4592009932333,4.0852337751667855e-05,2.7234891834445236e-05,0.0018418412132524635,0.0013120290855859274,2.4492965362866992e-05,0.00019305372055758446,6.720602003910947e-05,0.001370800071716504
534,534,534,533,946.4592009932333,4.0852337751667855e-05,2.7234891834445236e-05,0.0018418412132524635,0.0013120290855859274,2.4492965362866992e-05,0.00019305372055758446,6.720602003910947e-05,0.001370800071716504
535,535,535,535,946.4591422386634,4.082506298686006e-05,2.7216708657906707e-05,0.0018421303507727145,0.0013123391719624517,2.448429938795016e-05,0.00019310337609627,6.716479372814027e-05,0.0013708244416327372
536,536,536,535,946.4591422386634,4.082506298686006e-05,2.7216708657906707e-05,0.0018421303507727145,0.0013123391719624517,2.448429938795016e-05,0.00019310337609627,6.716479372814027e-05,0.0013708244416327372
537,537,537,537,946.4590407237483,4.083572247129408e-05,2.7223814980862716e-05,0.0018416795344445948,0.0013119419668670494,2.4492475893068966e-05,0.0001930510073376884,6.720445970175015e-05,0.0013706856842303076
538,538,538,537,946.4590407237483,4.083572247129408e-05,2.7223814980862716e-05,0.0018416795344445948,0.0013119419668670494,2.4492475893068966e-05,0.0001930510073376884,6.720445970175015e-05,0.0013706856842303076
539,539,539,539,946.4589833101054,4.081227365687612e-05,2.7208182437917415e-05,0.0018419831492797365,0.001312270437451577,2.4484079750204668e-05,0.00019309756007932535,6.71610076617632e-05,0.0013707099594992467
540,540,540,539,946.4589833101054,4.081227365687612e-05,2.7208182437917415e-05,0.0018419831492797365,0.001312270437451577,2.4484079750204668e-05,0.00019309756007932535,6.71610076617632e-05,0.0013707099594992467
541,541,541,541,946.4588810442385,4.083085706599321e-05,2.7220571377328806e-05,0.001841603289378453,0.0013119302782833837,2.449372951490031e-05,0.00019304650021229324,6.720494213588446e-05,0.0013705802564121846
542,542,542,541,946.4588810442385,4.083085706599321e-05,2.7220571377328806e-05,0.001841603289378453,0.0013119302782833837,2.449372951490031e-05,0.00019304650021229324,6.720494213588446e-05,0.0013705802564121846
543,543,543,543,946.4588233914255,4.080007094231508e-05,2.720004729487672e-05,0.00184188714122783,0.001312232264603478,2.4485156096591687e-05,0.0001930961896032704,6.716166141652186e-05,0.0013706031386667562
544,544,544,543,946.4588233914255,4.080007094231508e-05,2.720004729487672e-05,0.00184188714122783,0.001312232264603478,2.4485156096591687e-05,0.0001930961896032704,6.716166141652186e-05,0.0013706031386667562
545,545,545,545,946.4587212436552,4.081393860230764e-05,2.7209292401538427e-05,0.0018414560186899135,0.0013118564983329464,2.4494688089099492e-05,0.0001930427640858204,6.720361227085386e-05,0.0013704694248175334
546,546,546,545,946.4587212436552,4.081393860230764e-05,2.7209292401538427e-05,0.0018414560186899135,0.0013118564983329464,2.4494688089099492e-05,0.0001930427640858204,6.720361227085386e-05,0.0013704694248175334
547,547,547,547,946.4586646282098,4.078450968547642e-05,2.7189673123650948e-05,0.0018417473413623268,0.0013121686203860727,2.448586210996445e-05,0.00019309170715451084,6.716200739312339e-05,0.0013704843835092655
548,548,548,547,946.4586646282098,4.078450968547642e-05,2.7189673123650948e-05,0.0018417473413623268,0.0013121686203860727,2.448586210996445e-05,0.00019309170715451084,6.716200739312339e-05,0.0013704843835092655
549,549,549,549,946.4585594963638,4.0808216813514875e-05,2.7205477875676585e-05,0.0018413300099407784,0.001311797757391842,2.4495590941038536e-05,0.00019303873504576972,6.720345849417497e-05,0.0013703488164756395
550,550,550,549,946.4585594963638,4.0808216813514875e-05,2.7205477875676585e-05,0.0018413300099407784,0.001311797757391842,2.4495590941038536e-05,0.00019303873504576972,6.720345849417497e-05,0.0013703488164756395
551,551,551,551,946.4585064457733,4.0779899908138795e-05,2.7186599938759198e-05,0.0018416289784799658,0.0013121123347436424,2.4486848596669275e-05,0.0001930893027406078,6.716272101507659e-05,0.0013703878083892568
552,552,552,551,946.4585064457733,4.0779899908138795e-05,2.7186599938759198e-05,0.0018416289784799658,0.0013121123347436424,2.4486848596669275e-05,0.0001930893027406078,6.716272101507659e-05,0.0013703878083892568
553,553,553,553,946.4584007708656,4.0797507052464654e-05,2.7198338034976437e-05,0.0018411983046566253,0.001311734341855756,2.4496333985039864e-05,0.00019303293263406608,6.720323535956002e-05,0.0013702350336146137
554,554,554,553,946.4584007708656,4.0797507052464654e-05,2.7198338034976437e-05,0.0018411983046566253,0.001311734341855756,2.4496333985039864e-05,0.00019303293263406608,6.720323535956002e-05,0.0013702350336146137
555,555,555,555,946.4583459611654,4.0765123056729635e-05,2.7176748704486425e-05,0.001841504408607719,0.0013120552230346538,2.4488280951237562e-05,0.00019309315573637202,6.71634841706778e-05,0.0013702738831510093
556,556,556,555,946.4583459611654,4.0765123056729635e-05,2.7176748704486425e-05,0.001841504408607719,0.0013120552230346538,2.4488280951237562e-05,0.00019309315573637202,6.71634841706778e-05,0.0013702738831510093
557,557,557,557,946.4582432293162,4.078428333276207e-05,2.7189522221841383e-05,0.001841081220822485,0.001311684418477736,2.4498329235046745e-05,0.00019303129118163837,6.720243681637011e-05,0.0013701071321287677
558,558,558,557,946.4582432293162,4.078428333276207e-05,2.7189522221841383e-05,0.001841081220822485,0.001311684418477736,2.4498329235046745e-05,0.00019303129118163837,6.720243681637011e-05,0.0013701071321287677
559,559,559,559,946.4581898112697,4.075266182995696e-05,2.7168441219971307e-05,0.0018413507049148982,0.0013119963563613486,2.4489526579109244e-05,0.00019308746054325814,6.716797711442402e-05,0.0013701521422873056
560,560,560,559,946.4581898112697,4.075266182995696e-05,2.7168441219971307e-05,0.0018413507049148982,0.0013119963563613486,2.4489526579109244e-05,0.00019308746054325814,6.716797711442402e-05,0.0013701521422873056
561,561,561,561,946.4580857928707,4.07740006084234e-05,2.7182667072282264e-05,0.0018409478211429875,0.0013116235726524678,2.4498339504457067e-05,0.00019302570328819544,6.720295288824285e-05,0.0013700164142693419
562,562,562,561,946.4580857928707,4.07740006084234e-05,2.7182667072282264e-05,0.0018409478211429875,0.0013116235726524678,2.4498339504457067e-05,0.00019302570328819544,6.720295288824285e-05,0.0013700164142693419
563,563,563,563,946.458030053074,4.074600429168629e-05,2.7164002861124192e-05,0.0018412371903193453,0.0013119361455578714,2.4490898943102524e-05,0.00019307585180821643,6.716137669385974e-05,0.001370041409819443
564,564,564,563,946.458030053074,4.074600429168629e-05,2.7164002861124192e-05,0.0018412371903193453,0.0013119361455578714,2.4490898943102524e-05,0.00019307585180821643,6.716137669385974e-05,0.001370041409819443
565,565,565,565,946.4579282967672,4.076379480022485e-05,2.7175863200149898e-05,0.0018408244063842026,0.0013115670198436797,2.4499158801920273e-05,0.00019302345402916497,6.720196215845298e-05,0.0013699078840659295
566,566,566,565,946.4579282967672,4.076379480022485e-05,2.7175863200149898e-05,0.0018408244063842026,0.0013115670198436797,2.4499158801920273e-05,0.00019302345402916497,6.720196215845298e-05,0.0013699078840659295
567,567,567,567,946.4578747676908,4.073415313338158e-05,2.7156102088921052e-05,0.0018411041279780508,0.0013118703400097076,2.4491204999158023e-05,0.0001930727545500172,6.71623727929796e-05,0.0013699326545921248
568,568,568,567,946.4578747676908,4.073415313338158e-05,2.7156102088921052e-05,0.0018411041279780508,0.0013118703400097076,2.4491204999158023e-05,0.0001930727545500172,6.71623727929796e-05,0.0013699326545921248
569,569,569,569,946.4577718382861,4.074615218455091e-05,2.7164101456367273e-05,0.0018406916432408046,0.001311508626221296,2.4500359883841694e-05,0.00019301894198721275,6.720199595635495e-05,0.0013697842455340954
570,570,570,569,946.4577718382861,4.074615218455091e-05,2.7164101456367273e-05,0.0018406916432408046,0.001311508626221296,2.4500359883841694e-05,0.00019301894198721275,6.720199595635495e-05,0.0013697842455340954
571,571,571,571,946.4577174155847,4.072203496960358e-05,2.7148023313069057e-05,0.0018409465821563487,0.0013117829728835962,2.4492095863914987e-05,0.00019306908575919137,6.71641022816985e-05,0.0013698093092926907
572,572,572,571,946.4577174155847,4.072203496960358e-05,2.7148023313069057e-05,0.0018409465821563487,0.0013117829728835962,2.4492095863914987e-05,0.00019306908575919137,6.71641022816985e-05,0.0013698093092926907
573,573,573,573,946.4576159601509,4.0740113906478914e-05,2.716007593765261e-05,0.0018405540577420456,0.0013114438031757189,2.4501788655567625e-05,0.00019301564847208646,6.720290096814963e-05,0.0013696741472817588
574,574,574,573,946.4576159601509,4.0740113906478914e-05,2.716007593765261e-05,0.0018405540577420456,0.0013114438031757189,2.4501788655567625e-05,0.00019301564847208646,6.720290096814963e-05,0.0013696741472817588
575,575,575,575,946.4575630026175,4.071129108107474e-05,2.7140860720716496e-05,0.0018408649320915949,0.0013117664213217182,2.4492276353080267e-05,0.00019306566551866017,6.716293633975134e-05,0.0013696968214472255
576,576,576,575,946.4575630026175,4.071129108107474e-05,2.7140860720716496e-05,0.0018408649320915949,0.0013117664213217182,2.4492276353080267e-05,0.00019306566551866017,6.716293633975134e-05,0.0013696968214472255
577,577,577,577,946.4574604554384,4.0728466514428074e-05,2.7152311009618717e-05,0.0018404246014259668,0.0013113843326735012,2.4502136889217874e-05,0.00019301288014324274,6.72025217886077e-05,0.0013695618943334706
578,578,578,577,946.4574604554384,4.0728466514428074e-05,2.7152311009618717e-05,0.0018404246014259668,0.0013113843326735012,2.4502136889217874e-05,0.00019301288014324274,6.72025217886077e-05,0.0013695618943334706
579,579,579,579,946.4574087741653,4.06999640099881e-05,2.7133309339992064e-05,0.00184075432027226,0.0013117157795225496,2.4494094267211997e-05,0.00019306273621397526,6.716250269227925e-05,0.001369540612015765
580,580,580,579,946.4574087741653,4.06999640099881e-05,2.7133309339992064e-05,0.00184075432027226,0.0013117157795225496,2.4494094267211997e-05,0.00019306273621397526,6.716250269227925e-05,0.001369540612015765
581,581,581,581,946.4573054871526,4.0710121099102325e-05,2.7140080732734884e-05,0.0018403056652310727,0.0013113329998628983,2.450334395177195e-05,0.00019300697567577294,6.720227563594694e-05,0.0013694481200682064
582,582,582,581,946.4573054871526,4.0710121099102325e-05,2.7140080732734884e-05,0.0018403056652310727,0.0013113329998628983,2.450334395177195e-05,0.00019300697567577294,6.720227563594694e-05,0.0013694481200682064
583,583,583,583,946.4572491973813,4.068587846287053e-05,2.712391897524702e-05,0.001840612317879288,0.0013116578137899759,2.4494910870101472e-05,0.00019305683309719904,6.715973516754903e-05,0.0013694830478796953
584,584,584,583,946.4572491973813,4.068587846287053e-05,2.712391897524702e-05,0.001840612317879288,0.0013116578137899759,2.4494910870101472e-05,0.00019305683309719904,6.715973516754903e-05,0.0013694830478796953
585,585,585,585,946.4571510479221,4.0706435658482976e-05,2.7137623772321984e-05,0.001840162824813471,0.0013112693156072807,2.4504237343736524e-05,0.0001930046866709313,6.719833158373711e-05,0.0013693374906748915
586,586,586,585,946.4571510479221,4.0706435658482976e-05,2.7137623772321984e-05,0.001840162824813471,0.0013112693156072807,2.4504237343736524e-05,0.0001930046866709313,6.719833158373711e-05,0.0013693374906748915
587,587,587,587,946.4570965776726,4.06749388726646e-05,2.7116625915109736e-05,0.0018404704627892586,0.0013115903095509268,2.449609440901418e-05,0.00019304821665688056,6.716000157313412e-05,0.001369354992727478
588,588,588,587,946.4570965776726,4.06749388726646e-05,2.7116625915109736e-05,0.0018404704627892586,0.0013115903095509268,2.449609440901418e-05,0.00019304821665688056,6.716000157313412e-05,0.001369354992727478
589,589,589,589,946.4569969923905,4.0695104186971864e-05,2.7130069457981243e-05,0.0018400557980879264,0.001311223646017131,2.450452629422506e-05,0.00019299981213453856,6.720032470142884e-05,0.0013692324004265276
590,590,590,589,946.4569969923905,4.0695104186971864e-05,2.7130069457981243e-05,0.0018400557980879264,0.001311223646017131,2.450452629422506e-05,0.00019299981213453856,6.720032470142884e-05,0.0013692324004265276
591,591,591,591,946.4569395479467,4.066416376904969e-05,2.7109442512699793e-05,0.0018403273348122813,0.001311528638692505,2.4496427171977198e-05,0.00019304884936427,6.715879813095488e-05,0.0013692561690873887
592,592,592,591,946.4569395479467,4.066416376904969e-05,2.7109442512699793e-05,0.0018403273348122813,0.001311528638692505,2.4496427171977198e-05,0.00019304884936427,6.715879813095488e-05,0.0013692561690873887
593,593,593,593,946.4568439069558,4.068606848350864e-05,2.7124045655672426e-05,0.001839906176316558,0.0013111575150002342,2.4506143597807784e-05,0.00019299511827406616,6.720105081528538e-05,0.001369118827775555
594,594,594,593,946.4568439069558,4.068606848350864e-05,2.7124045655672426e-05,0.001839906176316558,0.0013111575150002342,2.4506143597807784e-05,0.00019299511827406616,6.720105081528538e-05,0.001369118827775555
595,595,595,595,946.4567846447169,4.065776899514484e-05,2.7105179330096558e-05,0.0018402108981877233,0.0013114786794047148,2.4498207703095576e-05,0.0001930442248764727,6.715983515385993e-05,0.0013691443357548324
596,596,596,595,946.4567846447169,4.065776899514484e-05,2.7105179330096558e-05,0.0018402108981877233,0.0013114786794047148,2.4498207703095576e-05,0.0001930442248764727,6.715983515385993e-05,0.0013691443357548324
597,597,597,597,946.4566909664644,4.0677056231619435e-05,2.7118037487746292e-05,0.0018397963895985647,0.0013111121679322247,2.4506690702294498e-05,0.00019299111752840313,6.720018266175715e-05,0.0013690146658419335
598,598,598,597,946.4566909664644,4.0677056231619435e-05,2.7118037487746292e-05,0.0018397963895985647,0.0013111121679322247,2.4506690702294498e-05,0.00019299111752840313,6.720018266175715e-05,0.0013690146658419335
599,599,599,599,946.456634325019,4.065650202866866e-05,2.7104334685779108e-05,0.0018400755051954556,0.0013114029389168823,2.449750270495238e-05,0.00019303777972827033,6.716093380933902e-05,0.0013690638378064536
