phase,nf,x_index,incumbent_index,active_objective,full_objective,incumbent_active_objective,incumbent_full_objective,active_residuals,active_circuits,new_residuals_revealed,new_circuits_revealed,union_residuals_revealed,union_circuits_revealed,cumulative_eval_residuals,cumulative_eval_circuits,cumulative_shots_revealed,cumulative_eval_shots,shots_per_circuit,fpr_enabled,fpr_use_union_mask,fpr_selected_residuals,fpr_selected_circuits,fpr_new_residuals,fpr_new_circuits,fpr_union_residuals,fpr_union_circuits,delta,ng,rho,rho_active,rho_full,rho_uses_full_objective,mdec,step_norm,accepted
initial,0,0,0,88029.32091724433,88029.32091724433,88029.32091724433,88029.32091724433,3836,1918,3836,1918,3836,1918,3836,1918,433468.0,433468.0,226.0,False,True,3836,1918,3836,1918,3836,1918,0.1,,,,,False,,,True
trial,1,1,1,16559.784467558562,16559.784467558562,16559.784467558562,16559.784467558562,3836,1918,0,0,3836,1918,7672,3836,433468.0,433468.0,226.0,False,True,3836,1918,0,0,3836,1918,0.1,270976.93420088524,45.47930826046976,45.47930826046976,45.47930826046976,False,-1571.4736917361274,0.1,True
trial,2,2,1,38434.686899813125,38434.686899813125,16559.784467558562,16559.784467558562,3836,1918,0,0,3836,1918,11508,5754,433468.0,433468.0,226.0,False,True,3836,1918,0,0,3836,1918,0.2,150373.48995327245,-1.573191514429792,-1.573191514429792,-1.573191514429792,False,-13904.793047516014,0.1915795418452243,False
trial,3,3,1,27838.284464316563,27838.284464316563,16559.784467558562,16559.784467558562,3836,1918,0,0,3836,1918,15344,7672,433468.0,433468.0,226.0,False,True,3836,1918,0,0,3836,1918,0.1,150373.48995327245,-0.8121665422561256,-0.8121665422561256,-0.8121665422561256,False,-13886.930093706325,0.1,False
trial,4,4,4,5973.842267086643,5973.842267086643,5973.842267086643,5973.842267086643,3836,1918,0,0,3836,1918,19180,9590,433468.0,433468.0,226.0,False,True,3836,1918,0,0,3836,1918,0.05,150373.48995327245,0.7723809399784285,0.7723809399784285,0.7723809399784285,False,-13705.597397014446,0.05,True
trial,5,5,4,25211.174758667228,25211.174758667228,5973.842267086643,5973.842267086643,3836,1918,0,0,3836,1918,23016,11508,433468.0,433468.0,226.0,False,True,3836,1918,0,0,3836,1918,0.1,198400.4638378316,-4.347655256037951,-4.347655256037951,-4.347655256037951,False,-4424.760326813884,0.1,False
trial,6,6,4,10853.101498731898,10853.101498731898,6449.487772789103,6449.487772789103,3836,1918,0,0,3836,1918,26852,13426,443468.0,443468.0,231.21376433785193,False,True,3836,1918,0,0,3836,1918,0.05,202157.19542135636,-0.9129372853883486,-0.9129372853883486,-0.9129372853883486,False,-4823.566521406308,0.05,False
trial,7,7,7,3506.524905486441,3506.524905486441,3506.524905486441,3506.524905486441,3836,1918,0,0,3836,1918,30688,15344,443468.0,443468.0,231.21376433785193,False,True,3836,1918,0,0,3836,1918,0.025,202157.19542135636,0.663203476799389,0.663203476799389,0.663203476799389,False,-4437.4961384481285,0.025,True
trial,8,8,7,3838.3734328197074,3838.3734328197074,3506.524905486441,3506.524905486441,3836,1918,0,0,3836,1918,34524,17262,443468.0,443468.0,231.21376433785193,False,True,3836,1918,0,0,3836,1918,0.05,81857.47326417794,-0.13032798968597653,-0.13032798968597653,-0.13032798968597653,False,-2546.256779781923,0.05,False
trial,9,9,9,2074.4332116078895,2074.4332116078895,2074.4332116078895,2074.4332116078895,3836,1918,0,0,3836,1918,38360,19180,443468.0,443468.0,231.21376433785193,False,True,3836,1918,0,0,3836,1918,0.025,81857.47326417794,0.5693927728292131,0.5693927728292131,0.5693927728292131,False,-2515.1209537886098,0.025,True
trial,10,10,9,2236.9308504050837,2236.9308504050837,2074.4332116078895,2074.4332116078895,3836,1918,0,0,3836,1918,42196,21098,443468.0,443468.0,231.21376433785193,False,True,3836,1918,0,0,3836,1918,0.05,68250.0718709542,-0.1417003053727106,-0.1417003053727106,-0.1417003053727106,False,-1146.7698560689826,0.04949377896694463,False
trial,11,11,11,1646.02389630263,1646.02389630263,1646.02389630263,1646.02389630263,3836,1918,0,0,3836,1918,46032,23016,453468.0,453468.0,236.42752867570385,False,True,3836,1918,0,0,3836,1918,0.025,72076.92094807053,0.4430984769117856,0.4430984769117856,0.4430984769117856,False,-1281.484927304624,0.025,True
trial,12,12,11,1771.8833561110605,1771.8833561110605,1646.02389630263,1646.02389630263,3836,1918,0,0,3836,1918,49868,24934,453468.0,453468.0,236.42752867570385,False,True,3836,1918,0,0,3836,1918,0.05,41379.52140839883,-0.17965102006599182,-0.17965102006599182,-0.17965102006599182,False,-700.5774849605538,0.04916827078055255,False
trial,13,13,13,1493.0178990249642,1493.0178990249642,1493.0178990249642,1493.0178990249642,3836,1918,0,0,3836,1918,53704,26852,453468.0,453468.0,236.42752867570385,False,True,3836,1918,0,0,3836,1918,0.025,41379.52140839883,0.21843230740532113,0.21843230740532113,0.21843230740532113,False,-700.4732912231208,0.025,True
trial,14,14,13,4205.047249305964,4205.047249305964,1493.0178990249642,1493.0178990249642,3836,1918,0,0,3836,1918,57540,28770,453468.0,453468.0,236.42752867570385,False,True,3836,1918,0,0,3836,1918,0.05,33968.21370490621,-4.933874489173029,-4.933874489173029,-4.933874489173029,False,-549.6753831562436,0.04983853013928383,False
trial,15,15,15,1457.575840688078,1457.575840688078,1457.575840688078,1457.575840688078,3836,1918,0,0,3836,1918,61376,30688,453468.0,453468.0,236.42752867570385,False,True,3836,1918,0,0,3836,1918,0.025,33968.21370490621,0.06460665992308452,0.06460665992308452,0.06460665992308452,False,-548.5821179903234,0.025,True
trial,16,16,15,3334.4357406159734,3334.4357406159734,1490.9605442063419,1490.9605442063419,3836,1918,0,0,3836,1918,65212,32606,463468.0,463468.0,241.64129301355578,False,True,3836,1918,0,0,3836,1918,0.05,41997.69229379053,-3.373483807482052,-3.373483807482052,-3.373483807482052,False,-546.4603660823824,0.04942670373059388,False
trial,17,17,17,1335.4213737743437,1335.4213737743437,1335.4213737743437,1335.4213737743437,3836,1918,0,0,3836,1918,69048,34524,463468.0,463468.0,241.64129301355578,False,True,3836,1918,0,0,3836,1918,0.025,41997.69229379053,0.28480115109142357,0.28480115109142357,0.28480115109142357,False,-546.1325203073662,0.025,True
trial,18,18,17,3210.434872299725,3210.434872299725,1335.4213737743437,1335.4213737743437,3836,1918,0,0,3836,1918,72884,36442,463468.0,463468.0,241.64129301355578,False,True,3836,1918,0,0,3836,1918,0.05,30781.02140184351,-4.7216979688068355,-4.7216979688068355,-4.7216979688068355,False,-397.1057680758844,0.049267678641071365,False
trial,19,19,17,1710.3477512064865,1710.3477512064865,1335.4213737743437,1335.4213737743437,3836,1918,0,0,3836,1918,76720,38360,463468.0,463468.0,241.64129301355578,False,True,3836,1918,0,0,3836,1918,0.025,30781.02140184351,-0.9446973427652525,-0.9446973427652525,-0.9446973427652525,False,-396.8745972489817,0.025,False
trial,20,20,20,1053.6613560133442,1053.6613560133442,1053.6613560133442,1053.6613560133442,3836,1918,0,0,3836,1918,80556,40278,463468.0,463468.0,241.64129301355578,False,True,3836,1918,0,0,3836,1918,0.0125,30781.02140184351,0.7144264823363243,0.7144264823363243,0.7144264823363243,False,-394.3863010782932,0.0125,True
trial,21,21,20,2684.7550997853464,2684.7550997853464,1097.7891688911257,1097.7891688911257,3836,1918,0,0,3836,1918,84392,42196,473468.0,473468.0,246.8550573514077,False,True,3836,1918,0,0,3836,1918,0.025,24120.266570354,-9.301737125636112,-9.301737125636112,-9.301737125636112,False,-170.6096301647198,0.025,False
trial,22,22,20,1108.9465081970316,1108.9465081970316,1097.7891688911257,1097.7891688911257,3836,1918,0,0,3836,1918,88228,44114,473468.0,473468.0,246.8550573514077,False,True,3836,1918,0,0,3836,1918,0.0125,24120.266570354,-0.06580230690669993,-0.06580230690669993,-0.06580230690669993,False,-169.55848252745494,0.0125,False
trial,23,23,23,954.919455293132,954.919455293132,954.919455293132,954.919455293132,3836,1918,0,0,3836,1918,92064,46032,473468.0,473468.0,246.8550573514077,False,True,3836,1918,0,0,3836,1918,0.00625,24120.266570354,0.8548460122795765,0.8548460122795765,0.8548460122795765,False,-167.12918063103535,0.00625,True
trial,24,24,23,1042.9682590417162,1042.9682590417162,954.919455293132,954.919455293132,3836,1918,0,0,3836,1918,95900,47950,473468.0,473468.0,246.8550573514077,False,True,3836,1918,0,0,3836,1918,0.0125,8067.22712387315,-2.895287071510548,-2.895287071510548,-2.895287071510548,False,-30.41107896173031,0.011871242455700164,False
trial,25,25,23,956.6180242367251,956.6180242367251,954.919455293132,954.919455293132,3836,1918,0,0,3836,1918,99736,49868,473468.0,473468.0,246.8550573514077,False,True,3836,1918,0,0,3836,1918,0.00625,8067.22712387315,-0.05618054664716203,-0.05618054664716203,-0.05618054664716203,False,-30.23411207193814,0.00625,False
trial,26,26,26,928.4029281975165,928.4029281975165,928.4029281975165,928.4029281975165,3836,1918,0,0,3836,1918,103572,51786,483468.0,483468.0,252.06882168925964,False,True,3836,1918,0,0,3836,1918,0.003125,11935.496008043034,0.8747060666951804,0.8747060666951804,0.8747060666951804,False,-31.655173926892772,0.003125,True
trial,27,27,26,965.4364656475556,965.4364656475556,928.4029281975165,928.4029281975165,3836,1918,0,0,3836,1918,107408,53704,483468.0,483468.0,252.06882168925964,False,True,3836,1918,0,0,3836,1918,0.00625,3339.0957479540266,-8.12138327484012,-8.12138327484012,-8.12138327484012,False,-4.560003659077164,0.00625,False
trial,28,28,26,928.6486620548454,928.6486620548454,928.4029281975165,928.4029281975165,3836,1918,0,0,3836,1918,111244,55622,483468.0,483468.0,252.06882168925964,False,True,3836,1918,0,0,3836,1918,0.003125,3339.0957479540266,-0.05807228818170182,-0.05807228818170182,-0.05807228818170182,False,-4.2315167013916595,0.003125,False
trial,29,29,29,926.250107861418,926.250107861418,926.250107861418,926.250107861418,3836,1918,0,0,3836,1918,115080,57540,483468.0,483468.0,252.06882168925964,False,True,3836,1918,0,0,3836,1918,0.0015625,3339.0957479540266,0.5842632635371714,0.5842632635371714,0.5842632635371714,False,-3.68467516349604,0.0015625,True
trial,30,30,29,928.0251399622513,928.0251399622513,926.250107861418,926.250107861418,3836,1918,0,0,3836,1918,118916,59458,483468.0,483468.0,252.06882168925964,False,True,3836,1918,0,0,3836,1918,0.003125,2112.1434973370424,-0.7746139910392938,-0.7746139910392938,-0.7746139910392938,False,-2.2915053450709726,0.003125,False
trial,31,31,31,924.5380316794451,924.5380316794451,924.5380316794451,924.5380316794451,3836,1918,0,0,3836,1918,122752,61376,493468.0,493468.0,257.28258602711156,False,True,3836,1918,0,0,3836,1918,0.0015625,10609.435279106827,0.37608338955861703,0.37608338955861703,0.37608338955861703,False,-2.743336648620184,0.0015625,True
trial,32,32,31,930.3018966472397,930.3018966472397,924.5380316794451,924.5380316794451,3836,1918,0,0,3836,1918,126588,63294,493468.0,493468.0,257.28258602711156,False,True,3836,1918,0,0,3836,1918,0.003125,3462.718713852392,-3.16239885163335,-3.16239885163335,-3.16239885163335,False,-1.822624291941414,0.003125,False
trial,33,33,33,923.5519773652728,923.5519773652728,923.5519773652728,923.5519773652728,3836,1918,0,0,3836,1918,130424,65212,493468.0,493468.0,257.28258602711156,False,True,3836,1918,0,0,3836,1918,0.0015625,3462.718713852392,0.6067912594463039,0.6067912594463039,0.6067912594463039,False,-1.6250305172030097,0.0015625,True
trial,34,34,33,927.2101520301019,927.2101520301019,923.5519773652728,923.5519773652728,3836,1918,0,0,3836,1918,134260,67130,493468.0,493468.0,257.28258602711156,False,True,3836,1918,0,0,3836,1918,0.003125,1255.409981966278,-4.64938760700278,-4.64938760700278,-4.64938760700278,False,-0.7868078495583417,0.003125,False
trial,35,35,33,923.7035659970636,923.7035659970636,923.5519773652728,923.5519773652728,3836,1918,0,0,3836,1918,138096,69048,493468.0,493468.0,257.28258602711156,False,True,3836,1918,0,0,3836,1918,0.0015625,1255.409981966278,-0.23795520701755127,-0.23795520701755127,-0.23795520701755127,False,-0.6370469202617873,0.0015625,False
trial,36,36,36,923.3548427556515,923.3548427556515,923.3548427556515,923.3548427556515,3836,1918,0,0,3836,1918,141932,70966,503468.0,503468.0,262.4963503649635,False,True,3836,1918,0,0,3836,1918,0.00078125,2252.481853895609,0.7967554279689035,0.7967554279689035,0.7967554279689035,False,-1.2382905976174676,0.00078125,True
trial,37,37,36,923.5768694208941,923.5768694208941,923.3548427556515,923.3548427556515,3836,1918,0,0,3836,1918,145768,72884,503468.0,503468.0,262.4963503649635,False,True,3836,1918,0,0,3836,1918,0.0015625,1881.2126631703695,-0.20097601602741524,-0.20097601602741524,-0.20097601602741524,False,-1.1047420962527434,0.0015625,False
trial,38,38,38,922.8754024975194,922.8754024975194,922.8754024975194,922.8754024975194,3836,1918,0,0,3836,1918,149604,74802,503468.0,503468.0,262.4963503649635,False,True,3836,1918,0,0,3836,1918,0.00078125,1881.2126631703695,0.6850109274125934,0.6850109274125934,0.6850109274125934,False,-0.6999016204646374,0.00078125,True
trial,39,39,38,923.3133350839373,923.3133350839373,922.8754024975194,922.8754024975194,3836,1918,0,0,3836,1918,153440,76720,503468.0,503468.0,262.4963503649635,False,True,3836,1918,0,0,3836,1918,0.0015625,1028.4178753239285,-0.39624412034909157,-0.39624412034909157,-0.39624412034909157,False,-1.1052090464637854,0.0015625,False
trial,40,40,40,922.6068649790284,922.6068649790284,922.6068649790284,922.6068649790284,3836,1918,0,0,3836,1918,157276,78638,503468.0,503468.0,262.4963503649635,False,True,3836,1918,0,0,3836,1918,0.00078125,1028.4178753239285,0.3803277555946529,0.3803277555946529,0.3803277555946529,False,-0.7060686856029325,0.00078125,True
trial,41,41,40,924.2493116655444,924.2493116655444,923.2891924541982,923.2891924541982,3836,1918,0,0,3836,1918,161112,80556,513468.0,513468.0,267.7101147028154,False,True,3836,1918,0,0,3836,1918,0.0015625,8957.353762160745,-0.44243848627122506,-0.44243848627122506,-0.44243848627122506,False,-2.170062598843643,0.0015625,False
trial,42,42,42,922.0175461280131,922.0175461280131,922.0175461280131,922.0175461280131,3836,1918,0,0,3836,1918,164948,82474,513468.0,513468.0,267.7101147028154,False,True,3836,1918,0,0,3836,1918,0.00078125,8957.353762160745,0.7334824584251509,0.7334824584251509,0.7334824584251509,False,-1.7337106178590969,0.00078125,True
trial,43,43,42,922.1023517522127,922.1023517522127,922.0175461280131,922.0175461280131,3836,1918,0,0,3836,1918,168784,84392,513468.0,513468.0,267.7101147028154,False,True,3836,1918,0,0,3836,1918,0.0015625,1573.426946912772,-0.10479266110995272,-0.10479266110995272,-0.10479266110995272,False,-0.8092706426321938,0.0015625,False
trial,44,44,44,921.7367587225235,921.7367587225235,921.7367587225235,921.7367587225235,3836,1918,0,0,3836,1918,172620,86310,513468.0,513468.0,267.7101147028154,False,True,3836,1918,0,0,3836,1918,0.00078125,1573.426946912772,0.4577114406305749,0.4577114406305749,0.4577114406305749,False,-0.6134594431434193,0.00078125,True
trial,45,45,44,924.1495778892177,924.1495778892177,921.7367587225235,921.7367587225235,3836,1918,0,0,3836,1918,176456,88228,513468.0,513468.0,267.7101147028154,False,True,3836,1918,0,0,3836,1918,0.0015625,1265.585814314676,-5.77667731787305,-5.77667731787305,-5.77667731787305,False,-0.41768287095228046,0.0015625,False
trial,46,46,46,923.4745884189314,923.4745884189314,923.4745884189314,923.4745884189314,3836,1918,0,0,3836,1918,180292,90146,523468.0,523468.0,272.9238790406674,False,True,3836,1918,0,0,3836,1918,0.00078125,6532.569541430045,0.6565787932172266,0.6565787932172266,0.6565787932172266,False,-1.2159613834463334,0.00078125,True
trial,47,47,46,925.4826257353207,925.4826257353207,923.4745884189314,923.4745884189314,3836,1918,0,0,3836,1918,184128,92064,523468.0,523468.0,272.9238790406674,False,True,3836,1918,0,0,3836,1918,0.0015625,1041.380477491647,-2.0689405731405497,-2.0689405731405497,-2.0689405731405497,False,-0.9705630710026512,0.0015625,False
trial,48,48,46,923.4934568232107,923.4934568232107,923.4745884189314,923.4745884189314,3836,1918,0,0,3836,1918,187964,93982,523468.0,523468.0,272.9238790406674,False,True,3836,1918,0,0,3836,1918,0.00078125,1041.380477491647,-0.02961691848411002,-0.02961691848411002,-0.02961691848411002,False,-0.6370819533266799,0.00078125,False
trial,49,49,49,923.2152935079541,923.2152935079541,923.2152935079541,923.2152935079541,3836,1918,0,0,3836,1918,191800,95900,523468.0,523468.0,272.9238790406674,False,True,3836,1918,0,0,3836,1918,0.000390625,1041.380477491647,0.6476024510083911,0.6476024510083911,0.6476024510083911,False,-0.4003921087288882,0.000390625,True
trial,50,50,49,923.4413866782189,923.4413866782189,923.2152935079541,923.2152935079541,3836,1918,0,0,3836,1918,195636,97818,523468.0,523468.0,272.9238790406674,False,True,3836,1918,0,0,3836,1918,0.00078125,461.0334160475344,-1.0494663313177235,-1.0494663313177235,-1.0494663313177235,False,-0.21543632560456127,0.00078125,False
trial,51,51,51,920.8461504924165,920.8461504924165,920.8461504924165,920.8461504924165,3836,1918,0,0,3836,1918,199472,99736,533468.0,533468.0,278.1376433785193,False,True,3836,1918,0,0,3836,1918,0.000390625,3190.540757828532,0.8355776395783394,0.8355776395783394,0.8355776395783394,False,-0.503852265981583,0.000390625,True
trial,52,52,51,920.9280407206935,920.9280407206935,920.8461504924165,920.8461504924165,3836,1918,0,0,3836,1918,203308,101654,533468.0,533468.0,278.1376433785193,False,True,3836,1918,0,0,3836,1918,0.00078125,519.7600822295639,-0.3666051659061342,-0.3666051659061342,-0.3666051659061342,False,-0.22337445266095507,0.00078125,False
trial,53,53,53,920.7941237920772,920.7941237920772,920.7941237920772,920.7941237920772,3836,1918,0,0,3836,1918,207144,103572,533468.0,533468.0,278.1376433785193,False,True,3836,1918,0,0,3836,1918,0.000390625,519.7600822295639,0.3780487985740917,0.3780487985740917,0.3780487985740917,False,-0.13761900721687104,0.000390625,True
trial,54,54,53,921.018409277975,921.018409277975,920.7941237920772,920.7941237920772,3836,1918,0,0,3836,1918,210980,105490,533468.0,533468.0,278.1376433785193,False,True,3836,1918,0,0,3836,1918,0.00078125,282.29163192493667,-1.033060247126362,-1.033060247126362,-1.033060247126362,False,-0.21710784682855633,0.00078125,False
trial,55,55,55,920.7685389652429,920.7685389652429,920.7685389652429,920.7685389652429,3836,1918,0,0,3836,1918,214816,107408,533468.0,533468.0,278.1376433785193,False,True,3836,1918,0,0,3836,1918,0.000390625,282.29163192493667,0.20868445510121594,0.20868445510121594,0.20868445510121594,False,-0.12260053975720382,0.000390625,True
trial,56,56,56,919.7940394451482,919.7940394451482,919.7940394451482,919.7940394451482,3836,1918,0,0,3836,1918,218652,109326,543468.0,543468.0,283.3514077163712,False,True,3836,1918,0,0,3836,1918,0.00078125,6208.20369133218,0.5710067406212681,0.5710067406212681,0.5710067406212681,False,-0.817083258852605,0.00078125,True
trial,57,57,56,920.1783867808817,920.1783867808817,919.7940394451482,919.7940394451482,3836,1918,0,0,3836,1918,222488,111244,543468.0,543468.0,283.3514077163712,False,True,3836,1918,0,0,3836,1918,0.0015625,1575.2906299300744,-0.6493468197926134,-0.6493468197926134,-0.6493468197926134,False,-0.591898387761857,0.0015625,False
trial,58,58,58,919.5638214155422,919.5638214155422,919.5638214155422,919.5638214155422,3836,1918,0,0,3836,1918,226324,113162,543468.0,543468.0,283.3514077163712,False,True,3836,1918,0,0,3836,1918,0.00078125,1575.2906299300744,0.5587372429626202,0.5587372429626202,0.5587372429626202,False,-0.41203272648396405,0.00078125,True
trial,59,59,58,921.6266074585005,921.6266074585005,919.5638214155422,919.5638214155422,3836,1918,0,0,3836,1918,230160,115080,543468.0,543468.0,283.3514077163712,False,True,3836,1918,0,0,3836,1918,0.0015625,406.95539472298674,-9.957242124559706,-9.957242124559706,-9.957242124559706,False,-0.20716439523655392,0.0015625,False
trial,60,60,58,919.8161293041221,919.8161293041221,919.5638214155422,919.5638214155422,3836,1918,0,0,3836,1918,233996,116998,543468.0,543468.0,283.3514077163712,False,True,3836,1918,0,0,3836,1918,0.00078125,406.95539472298674,-1.8442165917657827,-1.8442165917657827,-1.8442165917657827,False,-0.13681033437529033,0.00078125,False
trial,61,61,61,918.8719856905138,918.8719856905138,918.8719856905138,918.8719856905138,3836,1918,0,0,3836,1918,237832,118916,553468.0,553468.0,288.5651720542231,False,True,3836,1918,0,0,3836,1918,0.000390625,3854.864885280356,0.8908395308018453,0.8908395308018453,0.8908395308018453,False,-0.7126392996675215,0.000390625,True
trial,62,62,61,919.0487959190654,919.0487959190654,918.8719856905138,918.8719856905138,3836,1918,0,0,3836,1918,241668,120834,553468.0,553468.0,288.5651720542231,False,True,3836,1918,0,0,3836,1918,0.00078125,432.37022379026587,-0.5612195204417118,-0.5612195204417118,-0.5612195204417118,False,-0.3150464695389733,0.00078125,False
trial,63,63,63,918.7635613263944,918.7635613263944,918.7635613263944,918.7635613263944,3836,1918,0,0,3836,1918,245504,122752,553468.0,553468.0,288.5651720542231,False,True,3836,1918,0,0,3836,1918,0.000390625,432.37022379026587,0.5339361753030926,0.5339361753030926,0.5339361753030926,False,-0.2030661512265073,0.000390625,True
trial,64,64,63,919.1075254515929,919.1075254515929,918.7635613263944,918.7635613263944,3836,1918,0,0,3836,1918,249340,124670,553468.0,553468.0,288.5651720542231,False,True,3836,1918,0,0,3836,1918,0.00078125,435.9850255509885,-1.85205275953622,-1.85205275953622,-1.85205275953622,False,-0.18572047876464784,0.00078125,False
trial,65,65,65,918.756286827626,918.756286827626,918.756286827626,918.756286827626,3836,1918,0,0,3836,1918,253176,126588,553468.0,553468.0,288.5651720542231,False,True,3836,1918,0,0,3836,1918,0.000390625,435.9850255509885,0.05945197734728012,0.05945197734728012,0.05945197734728012,False,-0.12235924006247316,0.000390625,True
trial,66,66,66,918.9479482227707,918.9479482227707,918.9479482227707,918.9479482227707,3836,1918,0,0,3836,1918,257012,128506,563468.0,563468.0,293.7789363920751,False,True,3836,1918,0,0,3836,1918,0.00078125,9585.547376397128,0.5428250226301715,0.5428250226301715,0.5428250226301715,False,-1.077459076906735,0.00078125,True
trial,67,67,66,920.1038654572471,920.1038654572471,918.9479482227707,918.9479482227707,3836,1918,0,0,3836,1918,260848,130424,563468.0,563468.0,293.7789363920751,False,True,3836,1918,0,0,3836,1918,0.0015625,982.645295242583,-1.2347682967435836,-1.2347682967435836,-1.2347682967435836,False,-0.9361410051787725,0.0015625,False
trial,68,68,68,918.7636704829566,918.7636704829566,918.7636704829566,918.7636704829566,3836,1918,0,0,3836,1918,264684,132342,563468.0,563468.0,293.7789363920751,False,True,3836,1918,0,0,3836,1918,0.00078125,982.645295242583,0.2585856256279625,0.2585856256279625,0.2585856256279625,False,-0.7126372139463785,0.00078125,True
trial,69,69,68,920.2262876350812,920.2262876350812,918.7636704829566,918.7636704829566,3836,1918,0,0,3836,1918,268520,134260,563468.0,563468.0,293.7789363920751,False,True,3836,1918,0,0,3836,1918,0.0015625,1118.1417136456487,-3.197526780419384,-3.197526780419384,-3.197526780419384,False,-0.4574213923965236,0.0015625,False
trial,70,70,68,918.9617258792695,918.9617258792695,918.7636704829566,918.7636704829566,3836,1918,0,0,3836,1918,272356,136178,563468.0,563468.0,293.7789363920751,False,True,3836,1918,0,0,3836,1918,0.00078125,1118.1417136456487,-0.5292822208780344,-0.5292822208780344,-0.5292822208780344,False,-0.3741962010064904,0.00078125,False
trial,71,71,71,920.4961671200598,920.4961671200598,920.4961671200598,920.4961671200598,3836,1918,0,0,3836,1918,276192,138096,573468.0,573468.0,298.992700729927,False,True,3836,1918,0,0,3836,1918,0.000390625,5307.444701265505,0.8741153012877438,0.8741153012877438,0.8741153012877438,False,-0.9467957639011136,0.000390625,True
trial,72,72,71,920.8220538301501,920.8220538301501,920.4961671200598,920.4961671200598,3836,1918,0,0,3836,1918,280028,140014,573468.0,573468.0,298.992700729927,False,True,3836,1918,0,0,3836,1918,0.00078125,653.2900535667707,-1.4128709504193824,-1.4128709504193824,-1.4128709504193824,False,-0.23065568019047422,0.00078125,False
trial,73,73,73,920.4569550732575,920.4569550732575,920.4569550732575,920.4569550732575,3836,1918,0,0,3836,1918,283864,141932,573468.0,573468.0,298.992700729927,False,True,3836,1918,0,0,3836,1918,0.000390625,653.2900535667707,0.24913664763964807,0.24913664763964807,0.24913664763964807,False,-0.15739172527918557,0.000390625,True
trial,74,74,73,920.7379551801864,920.7379551801864,920.4569550732575,920.4569550732575,3836,1918,0,0,3836,1918,287700,143850,573468.0,573468.0,298.992700729927,False,True,3836,1918,0,0,3836,1918,0.00078125,384.90695519670044,-0.9446094063043705,-0.9446094063043705,-0.9446094063043705,False,-0.297477565916125,0.00078125,False
trial,75,75,75,920.3987737496973,920.3987737496973,920.3987737496973,920.3987737496973,3836,1918,0,0,3836,1918,291536,145768,573468.0,573468.0,298.992700729927,False,True,3836,1918,0,0,3836,1918,0.000390625,384.90695519670044,0.3231064898643367,0.3231064898643367,0.3231064898643367,False,-0.18006856991533246,0.000390625,True
trial,76,76,76,920.4985174418937,920.4985174418937,920.4985174418937,920.4985174418937,3836,1918,0,0,3836,1918,295372,147686,583468.0,583468.0,304.20646506777894,False,True,3836,1918,0,0,3836,1918,0.00078125,7392.369783506436,0.2765367967442654,0.2765367967442654,0.2765367967442654,False,-0.8715904437143817,0.00078125,True
trial,77,77,76,921.2382419977998,921.2382419977998,920.4985174418937,920.4985174418937,3836,1918,0,0,3836,1918,299208,149604,583468.0,583468.0,304.20646506777894,False,True,3836,1918,0,0,3836,1918,0.0015625,1709.274337770007,-0.7765818155314138,-0.7765818155314138,-0.7765818155314138,False,-0.9525391157916282,0.0015625,False
trial,78,78,78,920.3204752031554,920.3204752031554,920.3204752031554,920.3204752031554,3836,1918,0,0,3836,1918,303044,151522,583468.0,583468.0,304.20646506777894,False,True,3836,1918,0,0,3836,1918,0.00078125,1709.274337770007,0.2391817073604248,0.2391817073604248,0.2391817073604248,False,-0.7443806664946084,0.00078125,True
trial,79,79,78,923.8154151896753,923.8154151896753,920.3204752031554,920.3204752031554,3836,1918,0,0,3836,1918,306880,153440,583468.0,583468.0,304.20646506777894,False,True,3836,1918,0,0,3836,1918,0.0015625,1373.5948700888848,-3.9122811204576777,-3.9122811204576777,-3.9122811204576777,False,-0.8933253718002243,0.0015625,False
trial,80,80,78,920.5026664419792,920.5026664419792,920.3204752031554,920.3204752031554,3836,1918,0,0,3836,1918,310716,155358,583468.0,583468.0,304.20646506777894,False,True,3836,1918,0,0,3836,1918,0.00078125,1373.5948700888848,-0.31180662998367686,-0.31180662998367686,-0.31180662998367686,False,-0.584308418436406,0.00078125,False
trial,81,81,81,919.3338620975535,919.3338620975535,919.3338620975535,919.3338620975535,3836,1918,0,0,3836,1918,314552,157276,594833.0,594833.0,310.13190823774767,False,True,3836,1918,0,0,3836,1918,0.000390625,4195.034594671567,0.7964351988926314,0.7964351988926314,0.7964351988926314,False,-0.6280165772459448,0.000390625,True
trial,82,82,81,919.5286665706965,919.5286665706965,919.3338620975535,919.3338620975535,3836,1918,0,0,3836,1918,318388,159194,594833.0,594833.0,310.13190823774767,False,True,3836,1918,0,0,3836,1918,0.00078125,364.626339201137,-0.7735229675455145,-0.7735229675455145,-0.7735229675455145,False,-0.2518405804563678,0.00078125,False
trial,83,83,83,919.2499120878554,919.2499120878554,919.2499120878554,919.2499120878554,3836,1918,0,0,3836,1918,322224,161112,594833.0,594833.0,310.13190823774767,False,True,3836,1918,0,0,3836,1918,0.000390625,364.626339201137,0.5195909904912175,0.5195909904912175,0.5195909904912175,False,-0.16156940985208876,0.000390625,True
trial,84,84,83,919.3561719369134,919.3561719369134,919.2499120878554,919.2499120878554,3836,1918,0,0,3836,1918,326060,163030,594833.0,594833.0,310.13190823774767,False,True,3836,1918,0,0,3836,1918,0.00078125,269.1495220617945,-0.7660965283784625,-0.7660965283784625,-0.7660965283784625,False,-0.13870295076642342,0.00078125,False
trial,85,85,85,919.2293084570863,919.2293084570863,919.2293084570863,919.2293084570863,3836,1918,0,0,3836,1918,329896,164948,594833.0,594833.0,310.13190823774767,False,True,3836,1918,0,0,3836,1918,0.000390625,269.1495220617945,0.2581071425037533,0.2581071425037533,0.2581071425037533,False,-0.07982588381402185,0.000390625,True
trial,86,86,86,916.4043785991619,916.4043785991619,916.4043785991619,916.4043785991619,3836,1918,0,0,3836,1918,333732,166866,604833.0,604833.0,315.34567257559956,False,True,3836,1918,0,0,3836,1918,0.00078125,6305.9602739415595,0.5932343252468449,0.5932343252468449,0.5932343252468449,False,-0.8162760087205171,0.00078125,True
trial,87,87,86,918.1797643606778,918.1797643606778,916.4043785991619,916.4043785991619,3836,1918,0,0,3836,1918,337568,168784,604833.0,604833.0,315.34567257559956,False,True,3836,1918,0,0,3836,1918,0.0015625,579.5186617742911,-1.7359359881157472,-1.7359359881157472,-1.7359359881157472,False,-1.02272536180498,0.0015625,False
trial,88,88,88,916.2979702358871,916.2979702358871,916.2979702358871,916.2979702358871,3836,1918,0,0,3836,1918,341404,170702,604833.0,604833.0,315.34567257559956,False,True,3836,1918,0,0,3836,1918,0.00078125,579.5186617742911,0.1629157818879432,0.1629157818879432,0.1629157818879432,False,-0.653149511003084,0.00078125,True
trial,89,89,88,918.011428926816,918.011428926816,916.2979702358871,916.2979702358871,3836,1918,0,0,3836,1918,345240,172620,604833.0,604833.0,315.34567257559956,False,True,3836,1918,0,0,3836,1918,0.0015625,856.4168261710665,-2.615001122389951,-2.615001122389951,-2.615001122389951,False,-0.655242047989248,0.0015625,False
trial,90,90,88,916.330531827859,916.330531827859,916.2979702358871,916.2979702358871,3836,1918,0,0,3836,1918,349076,174538,604833.0,604833.0,315.34567257559956,False,True,3836,1918,0,0,3836,1918,0.00078125,856.4168261710665,-0.06708023734692073,-0.06708023734692073,-0.06708023734692073,False,-0.4854125933320534,0.00078125,False
trial,91,91,91,917.0335617357225,917.0335617357225,917.0335617357225,917.0335617357225,3836,1918,0,0,3836,1918,352912,176456,620108.0,620108.0,323.3096976016684,False,True,3836,1918,0,0,3836,1918,0.000390625,8072.4393627951795,0.8908445947731453,0.8908445947731453,0.8908445947731453,False,-1.1270191995126182,0.000390625,True
trial,92,92,92,917.0186954321284,917.0186954321284,917.0186954321284,917.0186954321284,3836,1918,0,0,3836,1918,356748,178374,620108.0,620108.0,323.3096976016684,False,True,3836,1918,0,0,3836,1918,0.00078125,460.4425694792729,0.04691582293560019,0.04691582293560019,0.04691582293560019,False,-0.3168718497061514,0.00078125,True
trial,93,93,93,916.871879417192,916.871879417192,916.871879417192,916.871879417192,3836,1918,0,0,3836,1918,360584,180292,620108.0,620108.0,323.3096976016684,False,True,3836,1918,0,0,3836,1918,0.000390625,753.4329077521135,0.6342287000568231,0.6342287000568231,0.6342287000568231,False,-0.23148749800081309,0.000390625,True
trial,94,94,93,917.0240831513529,917.0240831513529,916.871879417192,916.871879417192,3836,1918,0,0,3836,1918,364420,182210,620108.0,620108.0,323.3096976016684,False,True,3836,1918,0,0,3836,1918,0.00078125,198.30638719249825,-0.7497546416453958,-0.7497546416453958,-0.7497546416453958,False,-0.20300472408801853,0.00078125,False
trial,95,95,95,916.8433477560673,916.8433477560673,916.8433477560673,916.8433477560673,3836,1918,0,0,3836,1918,368256,184128,620108.0,620108.0,323.3096976016684,False,True,3836,1918,0,0,3836,1918,0.000390625,198.30638719249825,0.25624058851298553,0.25624058851298553,0.25624058851298553,False,-0.11134715733474333,0.000390625,True
trial,96,96,96,917.2800963961981,917.2800963961981,917.2800963961981,917.2800963961981,3836,1918,0,0,3836,1918,372092,186046,630108.0,630108.0,328.52346193952036,False,True,3836,1918,0,0,3836,1918,0.00078125,2599.274224114119,0.3915356798041548,0.3915356798041548,0.3915356798041548,False,-0.6053812410634428,0.00078125,True
trial,97,97,96,918.2287003702876,918.2287003702876,917.2800963961981,917.2800963961981,3836,1918,0,0,3836,1918,375928,187964,630108.0,630108.0,328.52346193952036,False,True,3836,1918,0,0,3836,1918,0.0015625,786.1787237531993,-1.3081325522894005,-1.3081325522894005,-1.3081325522894005,False,-0.7251589087277677,0.0015625,False
trial,98,98,98,917.1451929930972,917.1451929930972,917.1451929930972,917.1451929930972,3836,1918,0,0,3836,1918,379764,189882,630108.0,630108.0,328.52346193952036,False,True,3836,1918,0,0,3836,1918,0.00078125,786.1787237531993,0.2880925130574336,0.2880925130574336,0.2880925130574336,False,-0.46826417552202326,0.00078125,True
trial,99,99,98,918.7816875919522,918.7816875919522,917.1451929930972,917.1451929930972,3836,1918,0,0,3836,1918,383600,191800,630108.0,630108.0,328.52346193952036,False,True,3836,1918,0,0,3836,1918,0.0015625,577.3378503151187,-3.3943540350549473,-3.3943540350549473,-3.3943540350549473,False,-0.4821225428915657,0.0015625,False
trial,100,100,98,917.2537639375423,917.2537639375423,917.1451929930972,917.1451929930972,3836,1918,0,0,3836,1918,387436,193718,630108.0,630108.0,328.52346193952036,False,True,3836,1918,0,0,3836,1918,0.00078125,577.3378503151187,-0.36281805305839104,-0.36281805305839104,-0.36281805305839104,False,-0.299243501060346,0.00078125,False
trial,101,101,101,922.1744200582328,922.1744200582328,922.1744200582328,922.1744200582328,3836,1918,0,0,3836,1918,391272,195636,650633.0,650633.0,339.2247132429614,False,True,3836,1918,0,0,3836,1918,0.000390625,9697.364961501555,0.9271059240071156,0.9271059240071156,0.9271059240071156,False,-1.357165710330264,0.000390625,True
trial,102,102,102,922.1614611914168,922.1614611914168,922.1614611914168,922.1614611914168,3836,1918,0,0,3836,1918,395108,197554,650633.0,650633.0,339.2247132429614,False,True,3836,1918,0,0,3836,1918,0.00078125,422.24939912223726,0.036473336032699165,0.036473336032699165,0.036473336032699165,False,-0.3552969984535788,0.00078125,True
trial,103,103,103,921.9183639894566,921.9183639894566,921.9183639894566,921.9183639894566,3836,1918,0,0,3836,1918,398944,199472,650633.0,650633.0,339.2247132429614,False,True,3836,1918,0,0,3836,1918,0.000390625,997.4851248479181,0.7508268703253025,0.7508268703253025,0.7508268703253025,False,-0.32377264529030997,0.000390625,True
trial,104,104,103,922.1037057536676,922.1037057536676,921.9183639894566,921.9183639894566,3836,1918,0,0,3836,1918,402780,201390,650633.0,650633.0,339.2247132429614,False,True,3836,1918,0,0,3836,1918,0.00078125,182.90609358899732,-1.2230004784042654,-1.2230004784042654,-1.2230004784042654,False,-0.15154676345901133,0.00078125,False
trial,105,105,105,921.9035650405704,921.9035650405704,921.9035650405704,921.9035650405704,3836,1918,0,0,3836,1918,406616,203308,650633.0,650633.0,339.2247132429614,False,True,3836,1918,0,0,3836,1918,0.000390625,182.90609358899732,0.16026314707424055,0.16026314707424055,0.16026314707424055,False,-0.09234155921918832,0.000390625,True
trial,106,106,106,923.2245674540982,923.2245674540982,923.2245674540982,923.2245674540982,3836,1918,0,0,3836,1918,410452,205226,660633.0,660633.0,344.43847758081336,False,True,3836,1918,0,0,3836,1918,0.00078125,6619.50276548443,0.3517043860283926,0.3517043860283926,0.3517043860283926,False,-0.7737893835680826,0.00078125,True
trial,107,107,106,924.004056267923,924.004056267923,923.2245674540982,923.2245674540982,3836,1918,0,0,3836,1918,414288,207144,660633.0,660633.0,344.43847758081336,False,True,3836,1918,0,0,3836,1918,0.0015625,957.8244761616677,-0.8316153474469273,-0.8316153474469273,-0.8316153474469273,False,-0.9373189374365187,0.0015625,False
trial,108,108,108,922.9738817224295,922.9738817224295,922.9738817224295,922.9738817224295,3836,1918,0,0,3836,1918,418124,209062,660633.0,660633.0,344.43847758081336,False,True,3836,1918,0,0,3836,1918,0.00078125,957.8244761616677,0.3777028752781301,0.3777028752781301,0.3777028752781301,False,-0.6637114728980651,0.00078125,True
trial,109,109,108,925.1822058618089,925.1822058618089,922.9738817224295,922.9738817224295,3836,1918,0,0,3836,1918,421960,210980,660633.0,660633.0,344.43847758081336,False,True,3836,1918,0,0,3836,1918,0.0015625,703.2523847909774,-5.483496507715751,-5.483496507715751,-5.483496507715751,False,-0.402721901303692,0.0015625,False
trial,110,110,108,923.2106180055089,923.2106180055089,922.9738817224295,922.9738817224295,3836,1918,0,0,3836,1918,425796,212898,660633.0,660633.0,344.43847758081336,False,True,3836,1918,0,0,3836,1918,0.00078125,703.2523847909774,-0.9017405821834162,-0.9017405821834162,-0.9017405821834162,False,-0.2625325817167538,0.00078125,False
trial,111,111,111,924.2240093232475,924.2240093232475,924.2240093232475,924.2240093232475,3836,1918,0,0,3836,1918,429632,214816,688218.0,688218.0,358.8206465067779,False,True,3836,1918,0,0,3836,1918,0.000390625,5593.59211115025,0.9184672152201724,0.9184672152201724,0.9184672152201724,False,-0.9398597033117353,0.000390625,True
trial,112,112,112,924.1695695710317,924.1695695710317,924.1695695710317,924.1695695710317,3836,1918,0,0,3836,1918,433468,216734,688218.0,688218.0,358.8206465067779,False,True,3836,1918,0,0,3836,1918,0.00078125,514.8800598921313,0.16228683438413155,0.16228683438413155,0.16228683438413155,False,-0.33545390433167666,0.00078125,True
trial,113,113,112,924.8178850614677,924.8178850614677,924.1695695710317,924.1695695710317,3836,1918,0,0,3836,1918,437304,218652,688218.0,688218.0,358.8206465067779,False,True,3836,1918,0,0,3836,1918,0.0015625,917.8816991283719,-1.509343592084855,-1.509343592084855,-1.509343592084855,False,-0.4295347287627401,0.0015625,False
trial,114,114,114,924.0215822606735,924.0215822606735,924.0215822606735,924.0215822606735,3836,1918,0,0,3836,1918,441140,220570,688218.0,688218.0,358.8206465067779,False,True,3836,1918,0,0,3836,1918,0.00078125,917.8816991283719,0.49955506201626965,0.49955506201626965,0.49955506201626965,False,-0.2962382360032412,0.00078125,True
trial,115,115,114,925.4962848044529,925.4962848044529,924.0215822606735,924.0215822606735,3836,1918,0,0,3836,1918,444976,222488,688218.0,688218.0,358.8206465067779,False,True,3836,1918,0,0,3836,1918,0.0015625,476.96956601933834,-8.572768897688432,-8.572768897688432,-8.572768897688432,False,-0.17202173082923045,0.0015625,False
trial,116,116,116,925.8976424162448,925.8976424162448,925.8976424162448,925.8976424162448,3836,1918,0,0,3836,1918,448812,224406,698218.0,698218.0,364.0344108446298,False,True,3836,1918,0,0,3836,1918,0.00078125,2336.901892662807,0.4816725958586847,0.4816725958586847,0.4816725958586847,False,-0.6104099338002822,0.00078125,True
trial,117,117,116,927.1900195450232,927.1900195450232,925.8976424162448,925.8976424162448,3836,1918,0,0,3836,1918,452648,226324,698218.0,698218.0,364.0344108446298,False,True,3836,1918,0,0,3836,1918,0.0015625,1063.7035089114327,-2.002454420593217,-2.002454420593217,-2.002454420593217,False,-0.645396527125722,0.0015625,False
trial,118,118,118,925.8186222408299,925.8186222408299,925.8186222408299,925.8186222408299,3836,1918,0,0,3836,1918,456484,228242,698218.0,698218.0,364.0344108446298,False,True,3836,1918,0,0,3836,1918,0.00078125,1063.7035089114327,0.16923848379096595,0.16923848379096595,0.16923848379096595,False,-0.4669161153236323,0.00078125,True
trial,119,119,118,928.9029166664903,928.9029166664903,925.8186222408299,925.8186222408299,3836,1918,0,0,3836,1918,460320,230160,698218.0,698218.0,364.0344108446298,False,True,3836,1918,0,0,3836,1918,0.0015625,991.4178932846472,-5.0310195011460035,-5.0310195011460035,-5.0310195011460035,False,-0.613055549667,0.0015625,False
trial,120,120,118,926.0153431158972,926.0153431158972,925.8186222408299,925.8186222408299,3836,1918,0,0,3836,1918,464156,232078,698218.0,698218.0,364.0344108446298,False,True,3836,1918,0,0,3836,1918,0.00078125,991.4178932846472,-0.4681583802503048,-0.4681583802503048,-0.4681583802503048,False,-0.42020154581470237,0.00078125,False
trial,121,121,121,924.607145851909,924.607145851909,924.607145851909,924.607145851909,3836,1918,0,0,3836,1918,467992,233996,730988.0,730988.0,381.1199165797706,False,True,3836,1918,0,0,3836,1918,0.000390625,9592.225707031766,0.9517924666117632,0.9517924666117632,0.9517924666117632,False,-1.975171711400053,0.000390625,True
trial,122,122,122,924.4409146781426,924.4409146781426,924.4409146781426,924.4409146781426,3836,1918,0,0,3836,1918,471828,235914,730988.0,730988.0,381.1199165797706,False,True,3836,1918,0,0,3836,1918,0.00078125,373.86372186528644,0.3352160197442944,0.3352160197442944,0.3352160197442944,False,-0.49589269001282765,0.00078125,True
trial,123,123,122,927.820356450385,927.820356450385,924.4409146781426,924.4409146781426,3836,1918,0,0,3836,1918,475664,237832,730988.0,730988.0,381.1199165797706,False,True,3836,1918,0,0,3836,1918,0.0015625,753.8706094565249,-3.5110188583308792,-3.5110188583308792,-3.5110188583308792,False,-0.9625245288055826,0.0015625,False
trial,124,124,122,924.4842553349309,924.4842553349309,924.4409146781426,924.4409146781426,3836,1918,0,0,3836,1918,479500,239750,730988.0,730988.0,381.1199165797706,False,True,3836,1918,0,0,3836,1918,0.00078125,753.8706094565249,-0.07205971356366561,-0.07205971356366561,-0.07205971356366561,False,-0.6014547469726954,0.00078125,False
trial,125,125,125,924.215151922512,924.215151922512,924.215151922512,924.215151922512,3836,1918,0,0,3836,1918,483336,241668,730988.0,730988.0,381.1199165797706,False,True,3836,1918,0,0,3836,1918,0.000390625,753.8706094565249,0.6456287683388389,0.6456287683388389,0.6456287683388389,False,-0.34967889707191807,0.000390625,True
trial,126,126,126,930.2288501597626,930.2288501597626,930.2288501597626,930.2288501597626,3836,1918,0,0,3836,1918,487172,243586,740988.0,740988.0,386.33368091762253,False,True,3836,1918,0,0,3836,1918,0.00078125,5940.440967369607,0.546568370115716,0.546568370115716,0.546568370115716,False,-0.8986094676533268,0.00078125,True
trial,127,127,126,931.4765808144405,931.4765808144405,930.2288501597626,930.2288501597626,3836,1918,0,0,3836,1918,491008,245504,740988.0,740988.0,386.33368091762253,False,True,3836,1918,0,0,3836,1918,0.0015625,913.3813101728656,-1.3302284403362241,-1.3302284403362241,-1.3302284403362241,False,-0.9379822418790671,0.0015625,False
trial,128,128,128,930.0730139305123,930.0730139305123,930.0730139305123,930.0730139305123,3836,1918,0,0,3836,1918,494844,247422,740988.0,740988.0,386.33368091762253,False,True,3836,1918,0,0,3836,1918,0.00078125,913.3813101728656,0.256485715520257,0.256485715520257,0.256485715520257,False,-0.6075824883043763,0.00078125,True
trial,129,129,128,931.5842582478501,931.5842582478501,930.0730139305123,930.0730139305123,3836,1918,0,0,3836,1918,498680,249340,740988.0,740988.0,386.33368091762253,False,True,3836,1918,0,0,3836,1918,0.0015625,1017.4748257788124,-2.879659534364672,-2.879659534364672,-2.879659534364672,False,-0.524799650550104,0.0015625,False
trial,130,130,128,930.1801375067851,930.1801375067851,930.0730139305123,930.0730139305123,3836,1918,0,0,3836,1918,502516,251258,740988.0,740988.0,386.33368091762253,False,True,3836,1918,0,0,3836,1918,0.00078125,1017.4748257788124,-0.29838271633533886,-0.29838271633533886,-0.29838271633533886,False,-0.35901401256898685,0.00078125,False
trial,131,131,131,925.6581540459679,925.6581540459679,925.6581540459679,925.6581540459679,3836,1918,0,0,3836,1918,506352,253176,773758.0,773758.0,403.4191866527633,False,True,3836,1918,0,0,3836,1918,0.000390625,13343.307114151707,0.8946858819037972,0.8946858819037972,0.8946858819037972,False,-1.4000845203167664,0.000390625,True
trial,132,132,131,925.8103859897142,925.8103859897142,925.6581540459679,925.6581540459679,3836,1918,0,0,3836,1918,510188,255094,773758.0,773758.0,403.4191866527633,False,True,3836,1918,0,0,3836,1918,0.00078125,494.8501610205396,-0.41929896428059726,-0.41929896428059726,-0.41929896428059726,False,-0.36306300924804247,0.00078125,False
trial,133,133,133,925.5221066009913,925.5221066009913,925.5221066009913,925.5221066009913,3836,1918,0,0,3836,1918,514024,257012,773758.0,773758.0,403.4191866527633,False,True,3836,1918,0,0,3836,1918,0.000390625,494.8501610205396,0.557345456118585,0.557345456118585,0.557345456118585,False,-0.2440989578062786,0.000390625,True
trial,134,134,133,925.744143413239,925.744143413239,925.5221066009913,925.5221066009913,3836,1918,0,0,3836,1918,517860,258930,773758.0,773758.0,403.4191866527633,False,True,3836,1918,0,0,3836,1918,0.00078125,357.7062472506287,-0.7608854866776924,-0.7608854866776924,-0.7608854866776924,False,-0.291813704079538,0.00078125,False
trial,135,135,135,925.4615689686708,925.4615689686708,925.4615689686708,925.4615689686708,3836,1918,0,0,3836,1918,521696,260848,773758.0,773758.0,403.4191866527633,False,True,3836,1918,0,0,3836,1918,0.000390625,357.7062472506287,0.3588153436151585,0.3588153436151585,0.3588153436151585,False,-0.16871528321651036,0.000390625,True
trial,136,136,136,926.7810228391821,926.7810228391821,926.7810228391821,926.7810228391821,3836,1918,0,0,3836,1918,525532,262766,783758.0,783758.0,408.6329509906152,False,True,3836,1918,0,0,3836,1918,0.00078125,4763.462041220046,0.1833626455046492,0.1833626455046492,0.1833626455046492,False,-0.8118529546938317,0.00078125,True
trial,137,137,136,927.5425086965572,927.5425086965572,926.7810228391821,926.7810228391821,3836,1918,0,0,3836,1918,529368,264684,783758.0,783758.0,408.6329509906152,False,True,3836,1918,0,0,3836,1918,0.0015625,1195.1776497684666,-0.6567924104183702,-0.6567924104183702,-0.6567924104183702,False,-1.1594011217182292,0.0015625,False
trial,138,138,138,926.3449268368145,926.3449268368145,926.3449268368145,926.3449268368145,3836,1918,0,0,3836,1918,533204,266602,783758.0,783758.0,408.6329509906152,False,True,3836,1918,0,0,3836,1918,0.00078125,1195.1776497684666,0.4975771235681227,0.4975771235681227,0.4975771235681227,False,-0.8764390115856223,0.00078125,True
trial,139,139,138,928.5140428811162,928.5140428811162,926.3449268368145,926.3449268368145,3836,1918,0,0,3836,1918,537040,268520,783758.0,783758.0,408.6329509906152,False,True,3836,1918,0,0,3836,1918,0.0015625,810.419535428398,-5.399611022326452,-5.399611022326452,-5.399611022326452,False,-0.4017170932003857,0.0015625,False
trial,140,140,138,926.5828505295931,926.5828505295931,926.3449268368145,926.3449268368145,3836,1918,0,0,3836,1918,540876,270438,783758.0,783758.0,408.6329509906152,False,True,3836,1918,0,0,3836,1918,0.00078125,810.419535428398,-0.90178062852218,-0.90178062852218,-0.90178062852218,False,-0.2638376621246865,0.00078125,False
trial,141,141,141,925.6963369148453,925.6963369148453,925.6963369148453,925.6963369148453,3836,1918,0,0,3836,1918,544712,272356,816528.0,816528.0,425.71845672575597,False,True,3836,1918,0,0,3836,1918,0.000390625,17718.097220930093,0.9372359513892036,0.9372359513892036,0.9372359513892036,False,-1.9967877336706823,0.000390625,True
trial,142,142,141,925.7488118677916,925.7488118677916,925.6963369148453,925.6963369148453,3836,1918,0,0,3836,1918,548548,274274,816528.0,816528.0,425.71845672575597,False,True,3836,1918,0,0,3836,1918,0.00078125,517.7318532975983,-0.1387419567368919,-0.1387419567368919,-0.1387419567368919,False,-0.37821978427001457,0.00078125,False
trial,143,143,143,925.538664501261,925.538664501261,925.538664501261,925.538664501261,3836,1918,0,0,3836,1918,552384,276192,816528.0,816528.0,425.71845672575597,False,True,3836,1918,0,0,3836,1918,0.000390625,517.7318532975983,0.6114685411403935,0.6114685411403935,0.6114685411403935,False,-0.2578585862983079,0.000390625,True
trial,144,144,143,925.8576314941027,925.8576314941027,925.538664501261,925.538664501261,3836,1918,0,0,3836,1918,556220,278110,816528.0,816528.0,425.71845672575597,False,True,3836,1918,0,0,3836,1918,0.00078125,316.8457350633618,-1.1922476449615402,-1.1922476449615402,-1.1922476449615402,False,-0.2675341773076355,0.00078125,False
trial,145,145,145,925.5012217179361,925.5012217179361,925.5012217179361,925.5012217179361,3836,1918,0,0,3836,1918,560056,280028,816528.0,816528.0,425.71845672575597,False,True,3836,1918,0,0,3836,1918,0.000390625,316.8457350633618,0.23446539917604495,0.23446539917604495,0.23446539917604495,False,-0.15969428093210467,0.000390625,True
trial,146,146,146,926.9334162457786,926.9334162457786,926.9334162457786,926.9334162457786,3836,1918,0,0,3836,1918,563892,281946,826528.0,826528.0,430.9322210636079,False,True,3836,1918,0,0,3836,1918,0.00078125,6251.335223025448,0.23760468297450799,0.23760468297450799,0.23760468297450799,False,-0.5373793070071736,0.00078125,True
trial,147,147,146,929.7512706058353,929.7512706058353,926.9334162457786,926.9334162457786,3836,1918,0,0,3836,1918,567728,283864,826528.0,826528.0,430.9322210636079,False,True,3836,1918,0,0,3836,1918,0.0015625,911.702936342435,-2.77282970051337,-2.77282970051337,-2.77282970051337,False,-1.0162378019591247,0.0015625,False
trial,148,148,146,926.96845114031,926.96845114031,926.9334162457786,926.9334162457786,3836,1918,0,0,3836,1918,571564,285782,826528.0,826528.0,430.9322210636079,False,True,3836,1918,0,0,3836,1918,0.00078125,911.702936342435,-0.053354298315671976,-0.053354298315671976,-0.053354298315671976,False,-0.6566461491830538,0.00078125,False
trial,149,149,149,926.6613750879121,926.6613750879121,926.6613750879121,926.6613750879121,3836,1918,0,0,3836,1918,575400,287700,826528.0,826528.0,430.9322210636079,False,True,3836,1918,0,0,3836,1918,0.000390625,911.702936342435,0.6970166254916462,0.6970166254916462,0.6970166254916462,False,-0.3902936428160868,0.000390625,True
trial,150,150,149,926.855984741868,926.855984741868,926.6613750879121,926.6613750879121,3836,1918,0,0,3836,1918,579236,289618,826528.0,826528.0,430.9322210636079,False,True,3836,1918,0,0,3836,1918,0.00078125,322.61648532744084,-1.0971105485468955,-1.0971105485468955,-1.0971105485468955,False,-0.1773838144329934,0.00078125,False
trial,151,151,151,925.7421817141759,925.7421817141759,925.7421817141759,925.7421817141759,3836,1918,0,0,3836,1918,583072,291536,859298.0,859298.0,448.0177267987487,False,True,3836,1918,0,0,3836,1918,0.000390625,9364.08030440149,0.9007864560028727,0.9007864560028727,0.9007864560028727,False,-0.859301109170385,0.000390625,True
trial,152,152,151,925.8293797502499,925.8293797502499,925.7421817141759,925.7421817141759,3836,1918,0,0,3836,1918,586908,293454,859298.0,859298.0,448.0177267987487,False,True,3836,1918,0,0,3836,1918,0.00078125,236.89595907334717,-0.3365646705118587,-0.3365646705118587,-0.3365646705118587,False,-0.2590825589073697,0.00078125,False
trial,153,153,153,925.6813635583012,925.6813635583012,925.6813635583012,925.6813635583012,3836,1918,0,0,3836,1918,590744,295372,859298.0,859298.0,448.0177267987487,False,True,3836,1918,0,0,3836,1918,0.000390625,236.89595907334717,0.3850339183267021,0.3850339183267021,0.3850339183267021,False,-0.15795532024556563,0.000390625,True
trial,154,154,153,925.856142688938,925.856142688938,925.6813635583012,925.6813635583012,3836,1918,0,0,3836,1918,594580,297290,859298.0,859298.0,448.0177267987487,False,True,3836,1918,0,0,3836,1918,0.00078125,265.23175674756715,-0.7602104086603186,-0.7602104086603186,-0.7602104086603186,False,-0.22990888923082733,0.00078125,False
trial,155,155,155,925.6367546391534,925.6367546391534,925.6367546391534,925.6367546391534,3836,1918,0,0,3836,1918,598416,299208,859298.0,859298.0,448.0177267987487,False,True,3836,1918,0,0,3836,1918,0.000390625,265.23175674756715,0.3128083369057578,0.3128083369057578,0.3128083369057578,False,-0.1426078332471568,0.000390625,True
trial,156,156,156,925.642976514621,925.642976514621,925.642976514621,925.642976514621,3836,1918,0,0,3836,1918,602252,301126,868000.0,868000.0,452.55474452554745,False,True,3836,1918,0,0,3836,1918,0.00078125,9156.334257347387,0.006532298191197923,0.006532298191197923,0.006532298191197923,False,-0.6133843099456844,0.00078125,True
trial,157,157,157,925.2070298573067,925.2070298573067,925.2070298573067,925.2070298573067,3836,1918,0,0,3836,1918,606088,303044,868000.0,868000.0,452.55474452554745,False,True,3836,1918,0,0,3836,1918,0.000390625,1491.996853457843,0.7526177407473038,0.7526177407473038,0.7526177407473038,False,-0.5792404745620356,0.000390625,True
trial,158,158,157,925.3665209387887,925.3665209387887,925.2070298573067,925.2070298573067,3836,1918,0,0,3836,1918,609924,304962,868000.0,868000.0,452.55474452554745,False,True,3836,1918,0,0,3836,1918,0.00078125,496.1796047125804,-0.7963544825338561,-0.7963544825338561,-0.7963544825338561,False,-0.20027649116069807,0.00078125,False
trial,159,159,159,925.1644103729415,925.1644103729415,925.1644103729415,925.1644103729415,3836,1918,0,0,3836,1918,613760,306880,868000.0,868000.0,452.55474452554745,False,True,3836,1918,0,0,3836,1918,0.000390625,496.1796047125804,0.34515711538802485,0.34515711538802485,0.34515711538802485,False,-0.1234785043249235,0.000390625,True
trial,160,160,159,925.3711336882691,925.3711336882691,925.1644103729415,925.1644103729415,3836,1918,0,0,3836,1918,617596,308798,868000.0,868000.0,452.55474452554745,False,True,3836,1918,0,0,3836,1918,0.00078125,223.2991748581736,-1.5466740448113716,-1.5466740448113716,-1.5466740448113716,False,-0.13365667835515624,0.00078125,False
trial,161,161,159,925.1830622617729,925.1830622617729,925.1644103729415,925.1644103729415,3836,1918,0,0,3836,1918,621432,310716,868000.0,868000.0,452.55474452554745,False,True,3836,1918,0,0,3836,1918,0.000390625,223.2991748581736,-0.2457668733663828,-0.2457668733663828,-0.2457668733663828,False,-0.07589260739631191,0.000390625,False
trial,162,162,162,925.1455381820083,925.1455381820083,925.1455381820083,925.1455381820083,3836,1918,0,0,3836,1918,625268,312634,868000.0,868000.0,452.55474452554745,False,True,3836,1918,0,0,3836,1918,0.0001953125,223.2991748581736,0.43650899631842505,0.43650899631842505,0.43650899631842505,False,-0.0432343688041638,0.0001953125,True
trial,163,163,162,925.1941377808292,925.1941377808292,925.1455381820083,925.1455381820083,3836,1918,0,0,3836,1918,629104,314552,868000.0,868000.0,452.55474452554745,False,True,3836,1918,0,0,3836,1918,0.000390625,107.09394689761798,-1.3692536927113885,-1.3692536927113885,-1.3692536927113885,False,-0.0354934947991309,0.000390625,False
trial,164,164,162,925.146936641265,925.146936641265,925.1455381820083,925.1455381820083,3836,1918,0,0,3836,1918,632940,316470,868000.0,868000.0,452.55474452554745,False,True,3836,1918,0,0,3836,1918,0.0001953125,107.09394689761798,-0.0698196534265518,-0.0698196534265518,-0.0698196534265518,False,-0.020029593217690825,0.0001953125,False
trial,165,165,165,925.1392439121835,925.1392439121835,925.1392439121835,925.1392439121835,3836,1918,0,0,3836,1918,636776,318388,868000.0,868000.0,452.55474452554745,False,True,3836,1918,0,0,3836,1918,9.765625e-05,107.09394689761798,0.5440151984769966,0.5440151984769966,0.5440151984769966,False,-0.011570025694947346,9.765625e-05,True
trial,166,166,165,925.1506501726101,925.1506501726101,925.1392439121835,925.1392439121835,3836,1918,0,0,3836,1918,640612,320306,868000.0,868000.0,452.55474452554745,False,True,3836,1918,0,0,3836,1918,0.0001953125,36.16390202753976,-2.1459524784515733,-2.1459524784515733,-2.1459524784515733,False,-0.00531524371631996,0.0001953125,False
trial,167,167,165,925.1401694534511,925.1401694534511,925.1392439121835,925.1392439121835,3836,1918,0,0,3836,1918,644448,322224,868000.0,868000.0,452.55474452554745,False,True,3836,1918,0,0,3836,1918,9.765625e-05,36.16390202753976,-0.293881338955408,-0.293881338955408,-0.293881338955408,False,-0.003149370664104419,9.765625e-05,False
trial,168,168,168,925.1384947799099,925.1384947799099,925.1384947799099,925.1384947799099,3836,1918,0,0,3836,1918,648284,324142,868000.0,868000.0,452.55474452554745,False,True,3836,1918,0,0,3836,1918,4.8828125e-05,36.16390202753976,0.389352039525815,0.389352039525815,0.389352039525815,False,-0.0019240486693040283,4.8828125e-05,True
trial,169,169,168,925.1418409761723,925.1418409761723,925.1384947799099,925.1384947799099,3836,1918,0,0,3836,1918,652120,326060,868000.0,868000.0,452.55474452554745,False,True,3836,1918,0,0,3836,1918,9.765625e-05,14.78776087516352,-1.5028978239731632,-1.5028978239731632,-1.5028978239731632,False,-0.0022264961788829806,9.765625e-05,False
trial,170,170,168,925.1386144210235,925.1386144210235,925.1384947799099,925.1384947799099,3836,1918,0,0,3836,1918,655956,327978,868000.0,868000.0,452.55474452554745,False,True,3836,1918,0,0,3836,1918,4.8828125e-05,14.78776087516352,-0.09804456669962354,-0.09804456669962354,-0.09804456669962354,False,-0.0012202727552358724,4.8828125e-05,False
trial,171,171,171,925.1381654685321,925.1381654685321,925.1381654685321,925.1381654685321,3836,1918,0,0,3836,1918,659792,329896,868000.0,868000.0,452.55474452554745,False,True,3836,1918,0,0,3836,1918,2.44140625e-05,14.78776087516352,0.5117411912600474,0.5117411912600474,0.5117411912600474,False,-0.0006435115708730129,2.44140625e-05,True
trial,172,172,171,925.138805631475,925.138805631475,925.1381654685321,925.1381654685321,3836,1918,0,0,3836,1918,663628,331814,868000.0,868000.0,452.55474452554745,False,True,3836,1918,0,0,3836,1918,4.8828125e-05,5.71778048599394,-1.2003230549359467,-1.2003230549359467,-1.2003230549359467,False,-0.0005333255411982835,4.8828125e-05,False
trial,173,173,171,925.1381832628978,925.1381832628978,925.1381654685321,925.1381654685321,3836,1918,0,0,3836,1918,667464,333732,868000.0,868000.0,452.55474452554745,False,True,3836,1918,0,0,3836,1918,2.44140625e-05,5.71778048599394,-0.060625245701956355,-0.060625245701956355,-0.060625245701956355,False,-0.0002935141210160856,2.44140625e-05,False
trial,174,174,174,925.138084374902,925.138084374902,925.138084374902,925.138084374902,3836,1918,0,0,3836,1918,671300,335650,868000.0,868000.0,452.55474452554745,False,True,3836,1918,0,0,3836,1918,1.220703125e-05,5.71778048599394,0.511754869779962,0.511754869779962,0.511754869779962,False,-0.00015846186309836173,1.220703125e-05,True
trial,175,175,174,925.1382651217558,925.1382651217558,925.138084374902,925.138084374902,3836,1918,0,0,3836,1918,675136,337568,868000.0,868000.0,452.55474452554745,False,True,3836,1918,0,0,3836,1918,2.44140625e-05,2.215641771007573,-1.4836376949667636,-1.4836376949667636,-1.4836376949667636,False,-0.00012182681423534548,2.44140625e-05,False
trial,176,176,174,925.1381161883663,925.1381161883663,925.138084374902,925.138084374902,3836,1918,0,0,3836,1918,678972,339486,868000.0,868000.0,452.55474452554745,False,True,3836,1918,0,0,3836,1918,1.220703125e-05,2.215641771007573,-0.4673829771959153,-0.4673829771959153,-0.4673829771959153,False,-6.806722950358573e-05,1.220703125e-05,False
trial,177,177,177,925.1380730067394,925.1380730067394,925.1380730067394,925.1380730067394,3836,1918,0,0,3836,1918,682808,341404,868000.0,868000.0,452.55474452554745,False,True,3836,1918,0,0,3836,1918,6.103515625e-06,2.215641771007573,0.31139060898522125,0.31139060898522125,0.31139060898522125,False,-3.650772434999858e-05,6.103515625e-06,True
trial,178,178,177,925.1380912524872,925.1380912524872,925.1380730067394,925.1380730067394,3836,1918,0,0,3836,1918,686644,343322,868000.0,868000.0,452.55474452554745,False,True,3836,1918,0,0,3836,1918,1.220703125e-05,2.4230233966495516,-0.2380035152930953,-0.2380035152930953,-0.2380035152930953,False,-7.666167362245818e-05,1.220703125e-05,False
trial,179,179,179,925.1380564525258,925.1380564525258,925.1380564525258,925.1380564525258,3836,1918,0,0,3836,1918,690480,345240,868000.0,868000.0,452.55474452554745,False,True,3836,1918,0,0,3836,1918,6.103515625e-06,2.4230233966495516,0.4103652848044318,0.4103652848044318,0.4103652848044318,False,-4.0340190174724e-05,6.103515625e-06,True
trial,180,180,179,925.1381006248507,925.1381006248507,925.1380564525258,925.1380564525258,3836,1918,0,0,3836,1918,694316,347158,868000.0,868000.0,452.55474452554745,False,True,3836,1918,0,0,3836,1918,1.220703125e-05,1.8619001624287754,-0.7640411001770575,-0.7640411001770575,-0.7640411001770575,False,-5.7814069045976455e-05,1.220703125e-05,False
trial,181,181,181,925.1380514243194,925.1380514243194,925.1380514243194,925.1380514243194,3836,1918,0,0,3836,1918,698152,349076,868000.0,868000.0,452.55474452554745,False,True,3836,1918,0,0,3836,1918,6.103515625e-06,1.8619001624287754,0.16141523056370907,0.16141523056370907,0.16141523056370907,False,-3.1150755454587584e-05,6.103515625e-06,True
trial,182,182,181,925.138060940073,925.138060940073,925.1380514243194,925.1380514243194,3836,1918,0,0,3836,1918,701988,350994,868000.0,868000.0,452.55474452554745,False,True,3836,1918,0,0,3836,1918,1.220703125e-05,2.656809548793981,-0.1184234560647775,-0.1184234560647775,-0.1184234560647775,False,-8.035362194425572e-05,1.220703125e-05,False
trial,183,183,183,925.1380320006435,925.1380320006435,925.1380320006435,925.1380320006435,3836,1918,0,0,3836,1918,705824,352912,868000.0,868000.0,452.55474452554745,False,True,3836,1918,0,0,3836,1918,6.103515625e-06,2.656809548793981,0.45803367731848316,0.45803367731848316,0.45803367731848316,False,-4.240665448024052e-05,6.103515625e-06,True
trial,184,184,183,925.1380728853095,925.1380728853095,925.1380320006435,925.1380320006435,3836,1918,0,0,3836,1918,709660,354830,868000.0,868000.0,452.55474452554745,False,True,3836,1918,0,0,3836,1918,1.220703125e-05,1.6812204518975242,-0.7197985489809677,-0.7197985489809677,-0.7197985489809677,False,-5.680015057232278e-05,1.220703125e-05,False
trial,185,185,185,925.1380262307678,925.1380262307678,925.1380262307678,925.1380262307678,3836,1918,0,0,3836,1918,713496,356748,868000.0,868000.0,452.55474452554745,False,True,3836,1918,0,0,3836,1918,6.103515625e-06,1.6812204518975242,0.18836002780292882,0.18836002780292882,0.18836002780292882,False,-3.0632166693525364e-05,6.103515625e-06,True
trial,186,186,185,925.1380557983601,925.1380557983601,925.1380262307678,925.1380262307678,3836,1918,0,0,3836,1918,717332,358666,868000.0,868000.0,452.55474452554745,False,True,3836,1918,0,0,3836,1918,1.220703125e-05,2.3231360848110856,-0.40486101568712884,-0.40486101568712884,-0.40486101568712884,False,-7.303146322414275e-05,1.220703125e-05,False
trial,187,187,187,925.1380137876495,925.1380137876495,925.1380137876495,925.1380137876495,3836,1918,0,0,3836,1918,721168,360584,868000.0,868000.0,452.55474452554745,False,True,3836,1918,0,0,3836,1918,6.103515625e-06,2.3231360848110856,0.32179933131532595,0.32179933131532595,0.32179933131532595,False,-3.866732178435145e-05,6.103515625e-06,True
trial,188,188,187,925.1380576864958,925.1380576864958,925.1380137876495,925.1380137876495,3836,1918,0,0,3836,1918,725004,362502,868000.0,868000.0,452.55474452554745,False,True,3836,1918,0,0,3836,1918,1.220703125e-05,1.7225687791275892,-0.8163617832769045,-0.8163617832769045,-0.8163617832769045,False,-5.3773764576185026e-05,1.220703125e-05,False
trial,189,189,189,925.1380095421935,925.1380095421935,925.1380095421935,925.1380095421935,3836,1918,0,0,3836,1918,728840,364420,868000.0,868000.0,452.55474452554745,False,True,3836,1918,0,0,3836,1918,6.103515625e-06,1.7225687791275892,0.14579255208037187,0.14579255208037187,0.14579255208037187,False,-2.9119841521744957e-05,6.103515625e-06,True
trial,190,190,189,925.1380439158081,925.1380439158081,925.1380095421935,925.1380095421935,3836,1918,0,0,3836,1918,732676,366338,868000.0,868000.0,452.55474452554745,False,True,3836,1918,0,0,3836,1918,1.220703125e-05,2.3133856651851317,-0.5312732005528744,-0.5312732005528744,-0.5312732005528744,False,-6.470044906751077e-05,1.220703125e-05,False
trial,191,191,191,925.1380005763326,925.1380005763326,925.1380005763326,925.1380005763326,3836,1918,0,0,3836,1918,736512,368256,868000.0,868000.0,452.55474452554745,False,True,3836,1918,0,0,3836,1918,6.103515625e-06,2.3133856651851317,0.25999214547092814,0.25999214547092814,0.25999214547092814,False,-3.448512195186092e-05,6.103515625e-06,True
trial,192,192,191,925.1380505575823,925.1380505575823,925.1380005763326,925.1380005763326,3836,1918,0,0,3836,1918,740348,370174,868000.0,868000.0,452.55474452554745,False,True,3836,1918,0,0,3836,1918,1.220703125e-05,1.8914064556003998,-0.943076302549586,-0.943076302549586,-0.943076302549586,False,-5.299809739240312e-05,1.220703125e-05,False
trial,193,193,193,925.1379981045192,925.1379981045192,925.1379981045192,925.1379981045192,3836,1918,0,0,3836,1918,744184,372092,868000.0,868000.0,452.55474452554745,False,True,3836,1918,0,0,3836,1918,6.103515625e-06,1.8914064556003998,0.08628056377447844,0.08628056377447844,0.08628056377447844,False,-2.8648554637895003e-05,6.103515625e-06,True
trial,194,194,193,925.1380365822497,925.1380365822497,925.1379981045192,925.1379981045192,3836,1918,0,0,3836,1918,748020,374010,868000.0,868000.0,452.55474452554745,False,True,3836,1918,0,0,3836,1918,1.220703125e-05,2.303635495715322,-0.6019806747226142,-0.6019806747226142,-0.6019806747226142,False,-6.391854779200362e-05,1.220703125e-05,False
trial,195,195,195,925.1379902407671,925.1379902407671,925.1379902407671,925.1379902407671,3836,1918,0,0,3836,1918,751856,375928,868000.0,868000.0,452.55474452554745,False,True,3836,1918,0,0,3836,1918,6.103515625e-06,2.303635495715322,0.2305772672338801,0.2305772672338801,0.2305772672338801,False,-3.4104628774374856e-05,6.103515625e-06,True
trial,196,196,195,925.1380422273892,925.1380422273892,925.1379902407671,925.1379902407671,3836,1918,0,0,3836,1918,755692,377846,868000.0,868000.0,452.55474452554745,False,True,3836,1918,0,0,3836,1918,1.220703125e-05,1.9257985107547664,-1.0172412421525208,-1.0172412421525208,-1.0172412421525208,False,-5.110549981353351e-05,1.220703125e-05,False
trial,197,197,197,925.137988697188,925.137988697188,925.137988697188,925.137988697188,3836,1918,0,0,3836,1918,759528,379764,868000.0,868000.0,452.55474452554745,False,True,3836,1918,0,0,3836,1918,6.103515625e-06,1.9257985107547664,0.055682428235767925,0.055682428235767925,0.055682428235767925,False,-2.7721116140807855e-05,6.103515625e-06,True
trial,198,198,197,925.138028478381,925.138028478381,925.137988697188,925.137988697188,3836,1918,0,0,3836,1918,763364,381682,868000.0,868000.0,452.55474452554745,False,True,3836,1918,0,0,3836,1918,1.220703125e-05,2.292838150874988,-0.637150146828346,-0.637150146828346,-0.637150146828346,False,-6.243613562605606e-05,1.220703125e-05,False
trial,199,199,199,925.1379816522998,925.1379816522998,925.1379816522998,925.1379816522998,3836,1918,0,0,3836,1918,767200,383600,868000.0,868000.0,452.55474452554745,False,True,3836,1918,0,0,3836,1918,6.103515625e-06,2.292838150874988,0.2122709322627461,0.2122709322627461,0.2122709322627461,False,-3.3188190827274794e-05,6.103515625e-06,True
trial,200,200,199,925.138034838446,925.138034838446,925.1379816522998,925.1379816522998,3836,1918,0,0,3836,1918,771036,385518,868000.0,868000.0,452.55474452554745,False,True,3836,1918,0,0,3836,1918,1.220703125e-05,1.8965905946342894,-1.062665955249931,-1.062665955249931,-1.062665955249931,False,-5.00497318880332e-05,1.220703125e-05,False
trial,201,201,201,925.1379808822943,925.1379808822943,925.1379808822943,925.1379808822943,3836,1918,0,0,3836,1918,774872,387436,868000.0,868000.0,452.55474452554745,False,True,3836,1918,0,0,3836,1918,6.103515625e-06,1.8965905946342894,0.02858928987174787,0.02858928987174787,0.02858928987174787,False,-2.6933355211559098e-05,6.103515625e-06,True
trial,202,202,202,925.1379705241428,925.1379705241428,925.1379705241428,925.1379705241428,3836,1918,0,0,3836,1918,778708,389354,868000.0,868000.0,452.55474452554745,False,True,3836,1918,0,0,3836,1918,3.0517578125e-06,2.294380709059694,0.6109437394768725,0.6109437394768725,0.6109437394768725,False,-1.695434590073482e-05,3.0517578125e-06,True
trial,203,203,202,925.1379773613061,925.1379773613061,925.1379705241428,925.1379705241428,3836,1918,0,0,3836,1918,782544,391272,868000.0,868000.0,452.55474452554745,False,True,3836,1918,0,0,3836,1918,6.103515625e-06,1.1539360839278399,-0.4368021676546797,-0.4368021676546797,-0.4368021676546797,False,-1.5652768601914605e-05,6.103515625e-06,False
trial,204,204,204,925.1379684773037,925.1379684773037,925.1379684773037,925.1379684773037,3836,1918,0,0,3836,1918,786380,393190,868000.0,868000.0,452.55474452554745,False,True,3836,1918,0,0,3836,1918,3.0517578125e-06,1.1539360839278399,0.249768213399416,0.249768213399416,0.249768213399416,False,-8.194954265479063e-06,3.0517578125e-06,True
trial,205,205,204,925.1379793899779,925.1379793899779,925.1379684773037,925.1379684773037,3836,1918,0,0,3836,1918,790216,395108,868000.0,868000.0,452.55474452554745,False,True,3836,1918,0,0,3836,1918,6.103515625e-06,1.110231240810987,-0.6601070049771206,-0.6601070049771206,-0.6601070049771206,False,-1.653167452251798e-05,6.103515625e-06,False
trial,206,206,206,925.1379662915829,925.1379662915829,925.1379662915829,925.1379662915829,3836,1918,0,0,3836,1918,794052,397026,868000.0,868000.0,452.55474452554745,False,True,3836,1918,0,0,3836,1918,3.0517578125e-06,1.110231240810987,0.24930990355502083,0.24930990355502083,0.24930990355502083,False,-8.767083971588894e-06,3.0517578125e-06,True
trial,207,207,206,925.1379757953899,925.1379757953899,925.1379662915829,925.1379662915829,3836,1918,0,0,3836,1918,797888,398944,868000.0,868000.0,452.55474452554745,False,True,3836,1918,0,0,3836,1918,6.103515625e-06,1.1177982409941043,-0.5926318530114326,-0.5926318530114326,-0.5926318530114326,False,-1.6036611963565292e-05,6.103515625e-06,False
trial,208,208,208,925.1379647349818,925.1379647349818,925.1379647349818,925.1379647349818,3836,1918,0,0,3836,1918,801724,400862,868000.0,868000.0,452.55474452554745,False,True,3836,1918,0,0,3836,1918,3.0517578125e-06,1.1177982409941043,0.18419250425355477,0.18419250425355477,0.18419250425355477,False,-8.450947001818764e-06,3.0517578125e-06,True
trial,209,209,208,925.1379753758381,925.1379753758381,925.1379647349818,925.1379647349818,3836,1918,0,0,3836,1918,805560,402780,868000.0,868000.0,452.55474452554745,False,True,3836,1918,0,0,3836,1918,6.103515625e-06,1.1603168895483837,-0.6052463805636975,-0.6052463805636975,-0.6052463805636975,False,-1.7581032549186992e-05,6.103515625e-06,False
trial,210,210,210,925.1379625757977,925.1379625757977,925.1379625757977,925.1379625757977,3836,1918,0,0,3836,1918,809396,404698,868000.0,868000.0,452.55474452554745,False,True,3836,1918,0,0,3836,1918,3.0517578125e-06,1.1603168895483837,0.23263440031175933,0.23263440031175933,0.23263440031175933,False,-9.28144794949087e-06,3.0517578125e-06,True
trial,211,211,210,925.1379720370787,925.1379720370787,925.1379625757977,925.1379625757977,3836,1918,0,0,3836,1918,813232,406616,868000.0,868000.0,452.55474452554745,False,True,3836,1918,0,0,3836,1918,6.103515625e-06,1.1022691227993173,-0.5878156892898891,-0.5878156892898891,-0.5878156892898891,False,-1.6095659229245906e-05,6.103515625e-06,False
trial,212,212,212,925.137961000196,925.137961000196,925.137961000196,925.137961000196,3836,1918,0,0,3836,1918,817068,408534,868000.0,868000.0,452.55474452554745,False,True,3836,1918,0,0,3836,1918,3.0517578125e-06,1.1022691227993173,0.18550478934281267,0.18550478934281267,0.18550478934281267,False,-8.49359033821283e-06,3.0517578125e-06,True
trial,213,213,212,925.1379716651517,925.1379716651517,925.137961000196,925.137961000196,3836,1918,0,0,3836,1918,820904,410452,868000.0,868000.0,452.55474452554745,False,True,3836,1918,0,0,3836,1918,6.103515625e-06,1.082166556175921,-0.6076212887852418,-0.6076212887852418,-0.6076212887852418,False,-1.7551978262890726e-05,6.103515625e-06,False
trial,214,214,214,925.1379588578677,925.1379588578677,925.1379588578677,925.1379588578677,3836,1918,0,0,3836,1918,824740,412370,868000.0,868000.0,452.55474452554745,False,True,3836,1918,0,0,3836,1918,3.0517578125e-06,1.082166556175921,0.2312919332249265,0.2312919332249265,0.2312919332249265,False,-9.262442787732041e-06,3.0517578125e-06,True
trial,215,215,214,925.1379684361966,925.1379684361966,925.1379588578677,925.1379588578677,3836,1918,0,0,3836,1918,828576,414288,868000.0,868000.0,452.55474452554745,False,True,3836,1918,0,0,3836,1918,6.103515625e-06,1.0984617555957927,-0.5947717462908436,-0.5947717462908436,-0.5947717462908436,False,-1.6104209656123375e-05,6.103515625e-06,False
trial,216,216,216,925.1379572827249,925.1379572827249,925.1379572827249,925.1379572827249,3836,1918,0,0,3836,1918,832412,416206,868000.0,868000.0,452.55474452554745,False,True,3836,1918,0,0,3836,1918,3.0517578125e-06,1.0984617555957927,0.18535055155875255,0.18535055155875255,0.18535055155875255,False,-8.49818267672101e-06,3.0517578125e-06,True
trial,217,217,216,925.1379679709768,925.1379679709768,925.1379572827249,925.1379572827249,3836,1918,0,0,3836,1918,836248,418124,868000.0,868000.0,452.55474452554745,False,True,3836,1918,0,0,3836,1918,6.103515625e-06,1.0818360356947165,-0.6096361947028355,-0.6096361947028355,-0.6096361947028355,False,-1.7532180664038028e-05,6.103515625e-06,False
trial,218,218,218,925.137955145262,925.137955145262,925.137955145262,925.137955145262,3836,1918,0,0,3836,1918,840084,420042,868000.0,868000.0,452.55474452554745,False,True,3836,1918,0,0,3836,1918,3.0517578125e-06,1.0818360356947165,0.230851433314845,0.230851433314845,0.230851433314845,False,-9.259040814577428e-06,3.0517578125e-06,True
trial,219,219,218,925.1379645600631,925.1379645600631,925.137955145262,925.137955145262,3836,1918,0,0,3836,1918,843920,421960,868000.0,868000.0,452.55474452554745,False,True,3836,1918,0,0,3836,1918,6.103515625e-06,1.099898054439252,-0.5848446216189118,-0.5848446216189118,-0.5848446216189118,False,-1.6097952725025325e-05,6.103515625e-06,False
trial,220,220,220,925.1379535068085,925.1379535068085,925.1379535068085,925.1379535068085,3836,1918,0,0,3836,1918,847756,423878,868000.0,868000.0,452.55474452554745,False,True,3836,1918,0,0,3836,1918,3.0517578125e-06,1.099898054439252,0.1927316277547192,0.1927316277547192,0.1927316277547192,False,-8.501217923924446e-06,3.0517578125e-06,True
trial,221,221,220,925.137964314486,925.137964314486,925.1379535068085,925.1379535068085,3836,1918,0,0,3836,1918,851592,425796,868000.0,868000.0,452.55474452554745,False,True,3836,1918,0,0,3836,1918,6.103515625e-06,1.0772979380065233,-0.6213230701245674,-0.6213230701245674,-0.6213230701245674,False,-1.7394618130472666e-05,6.103515625e-06,False
trial,222,222,222,925.1379514396558,925.1379514396558,925.1379514396558,925.1379514396558,3836,1918,0,0,3836,1918,855428,427714,868000.0,868000.0,452.55474452554745,False,True,3836,1918,0,0,3836,1918,3.0517578125e-06,1.0772979380065233,0.22497709694410617,0.22497709694410617,0.22497709694410617,False,-9.188280398410046e-06,3.0517578125e-06,True
trial,223,223,222,925.13796085716,925.13796085716,925.1379514396558,925.1379514396558,3836,1918,0,0,3836,1918,859264,429632,868000.0,868000.0,452.55474452554745,False,True,3836,1918,0,0,3836,1918,6.103515625e-06,1.1108640829597185,-0.5799469772406298,-0.5799469772406298,-0.5799469772406298,False,-1.6238560716455966e-05,6.103515625e-06,False
trial,224,224,224,925.137949800014,925.137949800014,925.137949800014,925.137949800014,3836,1918,0,0,3836,1918,863100,431550,868000.0,868000.0,452.55474452554745,False,True,3836,1918,0,0,3836,1918,3.0517578125e-06,1.1108640829597185,0.1913608997982663,0.1913608997982663,0.1913608997982663,False,-8.568322081114475e-06,3.0517578125e-06,True
trial,225,225,224,925.1379606197281,925.1379606197281,925.137949800014,925.137949800014,3836,1918,0,0,3836,1918,866936,433468,868000.0,868000.0,452.55474452554745,False,True,3836,1918,0,0,3836,1918,6.103515625e-06,1.1026995292055892,-0.6221283027360939,-0.6221283027360939,-0.6221283027360939,False,-1.7391451388449734e-05,6.103515625e-06,False
trial,226,226,226,925.1379477353898,925.1379477353898,925.1379477353898,925.1379477353898,3836,1918,0,0,3836,1918,870772,435386,868000.0,868000.0,452.55474452554745,False,True,3836,1918,0,0,3836,1918,3.0517578125e-06,1.1026995292055892,0.22476060353717933,0.22476060353717933,0.22476060353717933,False,-9.18588092616256e-06,3.0517578125e-06,True
trial,227,227,226,925.1379570306094,925.1379570306094,925.1379477353898,925.1379477353898,3836,1918,0,0,3836,1918,874608,437304,868000.0,868000.0,452.55474452554745,False,True,3836,1918,0,0,3836,1918,6.103515625e-06,1.105052938448313,-0.5727662968817777,-0.5727662968817777,-0.5727662968817777,False,-1.6228642677918724e-05,6.103515625e-06,False
trial,228,228,228,925.1379460964133,925.1379460964133,925.1379460964133,925.1379460964133,3836,1918,0,0,3836,1918,878444,439222,868000.0,868000.0,452.55474452554745,False,True,3836,1918,0,0,3836,1918,3.0517578125e-06,1.105052938448313,0.1914023228594617,0.1914023228594617,0.1914023228594617,False,-8.562991834913626e-06,3.0517578125e-06,True
trial,229,229,228,925.1379569173677,925.1379569173677,925.1379460964133,925.1379460964133,3836,1918,0,0,3836,1918,882280,441140,868000.0,868000.0,452.55474452554745,False,True,3836,1918,0,0,3836,1918,6.103515625e-06,1.0828645330948876,-0.6226298416139316,-0.6226298416139316,-0.6226298416139316,False,-1.7379434169228063e-05,6.103515625e-06,False
trial,230,230,230,925.1379440437436,925.1379440437436,925.1379440437436,925.1379440437436,3836,1918,0,0,3836,1918,886116,443058,868000.0,868000.0,452.55474452554745,False,True,3836,1918,0,0,3836,1918,3.0517578125e-06,1.0828645330948876,0.22375962572724875,0.22375962572724875,0.22375962572724875,False,-9.173548337656563e-06,3.0517578125e-06,True
trial,231,231,230,925.1379533973206,925.1379533973206,925.1379440437436,925.1379440437436,3836,1918,0,0,3836,1918,889952,444976,868000.0,868000.0,452.55474452554745,False,True,3836,1918,0,0,3836,1918,6.103515625e-06,1.1051383720864751,-0.5761030269442633,-0.5761030269442633,-0.5761030269442633,False,-1.623594501807679e-05,6.103515625e-06,False
trial,232,232,232,925.137942397809,925.137942397809,925.137942397809,925.137942397809,3836,1918,0,0,3836,1918,893788,446894,868000.0,868000.0,452.55474452554745,False,True,3836,1918,0,0,3836,1918,3.0517578125e-06,1.1051383720864751,0.1920195513532124,0.1920195513532124,0.1920195513532124,False,-8.571703274201253e-06,3.0517578125e-06,True
trial,233,233,232,925.1379532340326,925.1379532340326,925.137942397809,925.137942397809,3836,1918,0,0,3836,1918,897624,448812,868000.0,868000.0,452.55474452554745,False,True,3836,1918,0,0,3836,1918,6.103515625e-06,1.0789303546456337,-0.6242372152549203,-0.6242372152549203,-0.6242372152549203,False,-1.735914386148127e-05,6.103515625e-06,False
trial,234,234,234,925.137940347144,925.137940347144,925.137940347144,925.137940347144,3836,1918,0,0,3836,1918,901460,450730,868000.0,868000.0,452.55474452554745,False,True,3836,1918,0,0,3836,1918,3.0517578125e-06,1.0789303546456337,0.2235679303600473,0.2235679303600473,0.2235679303600473,False,-9.172446985692267e-06,3.0517578125e-06,True
trial,235,235,234,925.1379497866982,925.1379497866982,925.137940347144,925.137940347144,3836,1918,0,0,3836,1918,905296,452648,868000.0,868000.0,452.55474452554745,False,True,3836,1918,0,0,3836,1918,6.103515625e-06,1.1166523907716905,-0.5810176689217114,-0.5810176689217114,-0.5810176689217114,False,-1.624658719362019e-05,6.103515625e-06,False
trial,236,236,236,925.137938693438,925.137938693438,925.137938693438,925.137938693438,3836,1918,0,0,3836,1918,909132,454566,868000.0,868000.0,452.55474452554745,False,True,3836,1918,0,0,3836,1918,3.0517578125e-06,1.1166523907716905,0.1929356535485474,0.1929356535485474,0.1929356535485474,False,-8.571282660733554e-06,3.0517578125e-06,True
trial,237,237,236,925.1379495593698,925.1379495593698,925.137938693438,925.137938693438,3836,1918,0,0,3836,1918,912968,456484,868000.0,868000.0,452.55474452554745,False,True,3836,1918,0,0,3836,1918,6.103515625e-06,1.079244687441918,-0.6272523847394476,-0.6272523847394476,-0.6272523847394476,False,-1.73230617807858e-05,6.103515625e-06,False
trial,238,238,238,925.1379366594207,925.1379366594207,925.1379366594207,925.1379366594207,3836,1918,0,0,3836,1918,916804,458402,868000.0,868000.0,452.55474452554745,False,True,3836,1918,0,0,3836,1918,3.0517578125e-06,1.079244687441918,0.22216038953306194,0.22216038953306194,0.22216038953306194,False,-9.155625181976947e-06,3.0517578125e-06,True
trial,239,239,238,925.1379462545583,925.1379462545583,925.1379366594207,925.1379366594207,3836,1918,0,0,3836,1918,920640,460320,868000.0,868000.0,452.55474452554745,False,True,3836,1918,0,0,3836,1918,6.103515625e-06,1.1060643834606851,-0.5897080437685291,-0.5897080437685291,-0.5897080437685291,False,-1.627099666325156e-05,6.103515625e-06,False
trial,240,240,240,925.1379349930955,925.1379349930955,925.1379349930955,925.1379349930955,3836,1918,0,0,3836,1918,924476,462238,868000.0,868000.0,452.55474452554745,False,True,3836,1918,0,0,3836,1918,3.0517578125e-06,1.1060643834606851,0.19405976943098704,0.19405976943098704,0.19405976943098704,False,-8.586659419848548e-06,3.0517578125e-06,True
trial,241,241,240,925.1379458571856,925.1379458571856,925.1379349930955,925.1379349930955,3836,1918,0,0,3836,1918,928312,464156,868000.0,868000.0,452.55474452554745,False,True,3836,1918,0,0,3836,1918,6.103515625e-06,1.0835356832427032,-0.6276932148207078,-0.6276932148207078,-0.6276932148207078,False,-1.730796164384024e-05,6.103515625e-06,False
trial,242,242,242,925.1379329690726,925.1379329690726,925.1379329690726,925.1379329690726,3836,1918,0,0,3836,1918,932148,466074,868000.0,868000.0,452.55474452554745,False,True,3836,1918,0,0,3836,1918,3.0517578125e-06,1.0835356832427032,0.2213278611573617,0.2213278611573617,0.2213278611573617,False,-9.144908023200507e-06,3.0517578125e-06,True
trial,243,243,242,925.1379422962841,925.1379422962841,925.1379329690726,925.1379329690726,3836,1918,0,0,3836,1918,935984,467992,868000.0,868000.0,452.55474452554745,False,True,3836,1918,0,0,3836,1918,6.103515625e-06,1.1064020981557792,-0.5731090582624667,-0.5731090582624667,-0.5731090582624667,False,-1.6274758471292067e-05,6.103515625e-06,False
trial,244,244,244,925.1379312871766,925.1379312871766,925.1379312871766,925.1379312871766,3836,1918,0,0,3836,1918,939820,469910,868000.0,868000.0,452.55474452554745,False,True,3836,1918,0,0,3836,1918,3.0517578125e-06,1.1064020981557792,0.19565814734666798,0.19565814734666798,0.19565814734666798,False,-8.596095078898488e-06,3.0517578125e-06,True
trial,245,245,244,925.1379421795502,925.1379421795502,925.1379312871766,925.1379312871766,3836,1918,0,0,3836,1918,943656,471828,868000.0,868000.0,452.55474452554745,False,True,3836,1918,0,0,3836,1918,6.103515625e-06,1.077341261734342,-0.6305734905143341,-0.6305734905143341,-0.6305734905143341,False,-1.7273757666618165e-05,6.103515625e-06,False
trial,246,246,246,925.137929280159,925.137929280159,925.137929280159,925.137929280159,3836,1918,0,0,3836,1918,947492,473746,868000.0,868000.0,452.55474452554745,False,True,3836,1918,0,0,3836,1918,3.0517578125e-06,1.077341261734342,0.2198606394488237,0.2198606394488237,0.2198606394488237,False,-9.12858958026316e-06,3.0517578125e-06,True
trial,247,247,246,925.137938758363,925.137938758363,925.137929280159,925.137929280159,3836,1918,0,0,3836,1918,951328,475664,868000.0,868000.0,452.55474452554745,False,True,3836,1918,0,0,3836,1918,6.103515625e-06,1.107514635744795,-0.5814041964952608,-0.5814041964952608,-0.5814041964952608,False,-1.6302262779431963e-05,6.103515625e-06,False
trial,248,248,248,925.1379275970195,925.1379275970195,925.1379275970195,925.1379275970195,3836,1918,0,0,3836,1918,955164,477582,868000.0,868000.0,452.55474452554745,False,True,3836,1918,0,0,3836,1918,3.0517578125e-06,1.107514635744795,0.1955171657189653,0.1955171657189653,0.1955171657189653,False,-8.608653557322007e-06,3.0517578125e-06,True
trial,249,249,248,925.1379384675431,925.1379384675431,925.1379275970195,925.1379275970195,3836,1918,0,0,3836,1918,959000,479500,868000.0,868000.0,452.55474452554745,False,True,3836,1918,0,0,3836,1918,6.103515625e-06,1.0781940002859909,-0.6301261091868736,-0.6301261091868736,-0.6301261091868736,False,-1.725134614464678e-05,6.103515625e-06,False
trial,250,250,250,925.1379255976592,925.1379255976592,925.1379255976592,925.1379255976592,3836,1918,0,0,3836,1918,962836,481418,868000.0,868000.0,452.55474452554745,False,True,3836,1918,0,0,3836,1918,3.0517578125e-06,1.0781940002859909,0.2192601726129887,0.2192601726129887,0.2192601726129887,False,-9.118665990670603e-06,3.0517578125e-06,True
trial,251,251,250,925.1379350970459,925.1379350970459,925.1379255976592,925.1379255976592,3836,1918,0,0,3836,1918,966672,483336,868000.0,868000.0,452.55474452554745,False,True,3836,1918,0,0,3836,1918,6.103515625e-06,1.106858493727109,-0.5829132901229768,-0.5829132901229768,-0.5829132901229768,False,-1.629639751456797e-05,6.103515625e-06,False
trial,252,252,252,925.137923908035,925.137923908035,925.137923908035,925.137923908035,3836,1918,0,0,3836,1918,970508,485254,868000.0,868000.0,452.55474452554745,False,True,3836,1918,0,0,3836,1918,3.0517578125e-06,1.106858493727109,0.19628931487422113,0.19628931487422113,0.19628931487422113,False,-8.607825864033457e-06,3.0517578125e-06,True
trial,253,253,252,925.1379347883545,925.1379347883545,925.137923908035,925.137923908035,3836,1918,0,0,3836,1918,974344,487172,868000.0,868000.0,452.55474452554745,False,True,3836,1918,0,0,3836,1918,6.103515625e-06,1.077679588678099,-0.6309461127576835,-0.6309461127576835,-0.6309461127576835,False,-1.724445137932086e-05,6.103515625e-06,False
trial,254,254,254,925.1379219147839,925.1379219147839,925.1379219147839,925.1379219147839,3836,1918,0,0,3836,1918,978180,489090,868000.0,868000.0,452.55474452554745,False,True,3836,1918,0,0,3836,1918,3.0517578125e-06,1.077679588678099,0.21868453674755586,0.21868453674755586,0.21868453674755586,False,-9.114732660850823e-06,3.0517578125e-06,True
trial,255,255,254,925.1379313789835,925.1379313789835,925.1379219147839,925.1379219147839,3836,1918,0,0,3836,1918,982016,491008,868000.0,868000.0,452.55474452554745,False,True,3836,1918,0,0,3836,1918,6.103515625e-06,1.1211180433284436,-0.5798863912238725,-0.5798863912238725,-0.5798863912238725,False,-1.632078237417812e-05,6.103515625e-06,False
trial,256,256,256,925.1379202150795,925.1379202150795,925.1379202150795,925.1379202150795,3836,1918,0,0,3836,1918,985852,492926,868000.0,868000.0,452.55474452554745,False,True,3836,1918,0,0,3836,1918,3.0517578125e-06,1.1211180433284436,0.19737095057189652,0.19737095057189652,0.19737095057189652,False,-8.611725249516896e-06,3.0517578125e-06,True
trial,257,257,256,925.137931142573,925.137931142573,925.1379202150795,925.1379202150795,3836,1918,0,0,3836,1918,989688,494844,868000.0,868000.0,452.55474452554745,False,True,3836,1918,0,0,3836,1918,6.103515625e-06,1.07752393578236,-0.6351817755870717,-0.6351817755870717,-0.6351817755870717,False,-1.720372654988979e-05,6.103515625e-06,False
trial,258,258,258,925.1379182358847,925.1379182358847,925.1379182358847,925.1379182358847,3836,1918,0,0,3836,1918,993524,496762,868000.0,868000.0,452.55474452554745,False,True,3836,1918,0,0,3836,1918,3.0517578125e-06,1.07752393578236,0.2174680692453118,0.2174680692453118,0.2174680692453118,False,-9.10108202129039e-06,3.0517578125e-06,True
trial,259,259,258,925.137927729589,925.137927729589,925.1379182358847,925.1379182358847,3836,1918,0,0,3836,1918,997360,498680,868000.0,868000.0,452.55474452554745,False,True,3836,1918,0,0,3836,1918,6.103515625e-06,1.1112517307761844,-0.5817970269876067,-0.5817970269876067,-0.5817970269876067,False,-1.631789755323227e-05,6.103515625e-06,False
trial,260,260,260,925.1379165314593,925.1379165314593,925.1379165314593,925.1379165314593,3836,1918,0,0,3836,1918,1001196,500598,868000.0,868000.0,452.55474452554745,False,True,3836,1918,0,0,3836,1918,3.0517578125e-06,1.1112517307761844,0.1974831261321847,0.1974831261321847,0.1974831261321847,False,-8.630739776371408e-06,3.0517578125e-06,True
trial,261,261,260,925.1379274356583,925.1379274356583,925.1379165314593,925.1379165314593,3836,1918,0,0,3836,1918,1005032,502516,868000.0,868000.0,452.55474452554745,False,True,3836,1918,0,0,3836,1918,6.103515625e-06,1.0788772503991955,-0.6343237579226065,-0.6343237579226065,-0.6343237579226065,False,-1.719027372654054e-05,6.103515625e-06,False
trial,262,262,262,925.1379145585221,925.1379145585221,925.1379145585221,925.1379145585221,3836,1918,0,0,3836,1918,1008868,504434,868000.0,868000.0,452.55474452554745,False,True,3836,1918,0,0,3836,1918,3.0517578125e-06,1.0788772503991955,0.21699674427669377,0.21699674427669377,0.21699674427669377,False,-9.092012835803953e-06,3.0517578125e-06,True
trial,263,263,262,925.1379241557552,925.1379241557552,925.1379145585221,925.1379145585221,3836,1918,0,0,3836,1918,1012704,506352,868000.0,868000.0,452.55474452554745,False,True,3836,1918,0,0,3836,1918,6.103515625e-06,1.10806576628854,-0.5872449817289039,-0.5872449817289039,-0.5872449817289039,False,-1.6342809878064995e-05,6.103515625e-06,False
trial,264,264,264,925.13791285716,925.13791285716,925.13791285716,925.13791285716,3836,1918,0,0,3836,1918,1016540,508270,868000.0,868000.0,452.55474452554745,False,True,3836,1918,0,0,3836,1918,3.0517578125e-06,1.10806576628854,0.1972711093173483,0.1972711093173483,0.1972711093173483,False,-8.624486739236638e-06,3.0517578125e-06,True
trial,265,265,264,925.1379237378071,925.1379237378071,925.13791285716,925.13791285716,3836,1918,0,0,3836,1918,1020376,510188,868000.0,868000.0,452.55474452554745,False,True,3836,1918,0,0,3836,1918,6.103515625e-06,1.0786157016787574,-0.6330423461102604,-0.6330423461102604,-0.6330423461102604,False,-1.718786612468687e-05,6.103515625e-06,False
trial,266,266,266,925.1379108878916,925.1379108878916,925.1379108878916,925.1379108878916,3836,1918,0,0,3836,1918,1024212,512106,868000.0,868000.0,452.55474452554745,False,True,3836,1918,0,0,3836,1918,3.0517578125e-06,1.0786157016787574,0.2167375316142952,0.2167375316142952,0.2167375316142952,False,-9.085959324551835e-06,3.0517578125e-06,True
trial,267,267,266,925.1379205391479,925.1379205391479,925.1379108878916,925.1379108878916,3836,1918,0,0,3836,1918,1028048,514024,868000.0,868000.0,452.55474452554745,False,True,3836,1918,0,0,3836,1918,6.103515625e-06,1.1083406679402477,-0.590616543894727,-0.590616543894727,-0.590616543894727,False,-1.634098532709057e-05,6.103515625e-06,False
trial,268,268,268,925.1379091790552,925.1379091790552,925.1379091790552,925.1379091790552,3836,1918,0,0,3836,1918,1031884,515942,868000.0,868000.0,452.55474452554745,False,True,3836,1918,0,0,3836,1918,3.0517578125e-06,1.1083406679402477,0.19798841169275,0.19798841169275,0.19798841169275,False,-8.630992050887562e-06,3.0517578125e-06,True
trial,269,269,268,925.1379200993811,925.1379200993811,925.1379091790552,925.1379091790552,3836,1918,0,0,3836,1918,1035720,517860,868000.0,868000.0,452.55474452554745,False,True,3836,1918,0,0,3836,1918,6.103515625e-06,1.0780463426053803,-0.6358409104524648,-0.6358409104524648,-0.6358409104524648,False,-1.717461973492372e-05,6.103515625e-06,False
trial,270,270,270,925.1379072221059,925.1379072221059,925.1379072221059,925.1379072221059,3836,1918,0,0,3836,1918,1039556,519778,868000.0,868000.0,452.55474452554745,False,True,3836,1918,0,0,3836,1918,3.0517578125e-06,1.0780463426053803,0.2155518150377588,0.2155518150377588,0.2155518150377588,False,-9.078788273125583e-06,3.0517578125e-06,True
trial,271,271,270,925.1379168596811,925.1379168596811,925.1379072221059,925.1379072221059,3836,1918,0,0,3836,1918,1043392,521696,868000.0,868000.0,452.55474452554745,False,True,3836,1918,0,0,3836,1918,6.103515625e-06,1.1109854764701728,-0.5893922697643701,-0.5893922697643701,-0.5893922697643701,False,-1.6351716332354023e-05,6.103515625e-06,False
trial,272,272,272,925.1379054743962,925.1379054743962,925.1379054743962,925.1379054743962,3836,1918,0,0,3836,1918,1047228,523614,868000.0,868000.0,452.55474452554745,False,True,3836,1918,0,0,3836,1918,3.0517578125e-06,1.1109854764701728,0.2023299463440605,0.2023299463440605,0.2023299463440605,False,-8.63791900581379e-06,3.0517578125e-06,True
trial,273,273,272,925.1379164891139,925.1379164891139,925.1379054743962,925.1379054743962,3836,1918,0,0,3836,1918,1051064,525532,868000.0,868000.0,452.55474452554745,False,True,3836,1918,0,0,3836,1918,6.103515625e-06,1.0757903748473152,-0.644385083686148,-0.644385083686148,-0.644385083686148,False,-1.7093377735959862e-05,6.103515625e-06,False
trial,274,274,274,925.1379035594294,925.1379035594294,925.1379035594294,925.1379035594294,3836,1918,0,0,3836,1918,1054900,527450,868000.0,868000.0,452.55474452554745,False,True,3836,1918,0,0,3836,1918,3.0517578125e-06,1.0757903748473152,0.2118960772235296,0.2118960772235296,0.2118960772235296,False,-9.037292303378147e-06,3.0517578125e-06,True
trial,275,275,274,925.1379129751164,925.1379129751164,925.1379035594294,925.1379035594294,3836,1918,0,0,3836,1918,1058736,529368,868000.0,868000.0,452.55474452554745,False,True,3836,1918,0,0,3836,1918,6.103515625e-06,1.1148684126296502,-0.5730988360489663,-0.5730988360489663,-0.5730988360489663,False,-1.642942949083499e-05,6.103515625e-06,False
trial,276,276,276,925.1379018097768,925.1379018097768,925.1379018097768,925.1379018097768,3836,1918,0,0,3836,1918,1062572,531286,868000.0,868000.0,452.55474452554745,False,True,3836,1918,0,0,3836,1918,3.0517578125e-06,1.1148684126296502,0.20164747005805592,0.20164747005805592,0.20164747005805592,False,-8.676789232830781e-06,3.0517578125e-06,True
trial,277,277,276,925.137912821084,925.137912821084,925.1379018097768,925.1379018097768,3836,1918,0,0,3836,1918,1066408,533204,868000.0,868000.0,452.55474452554745,False,True,3836,1918,0,0,3836,1918,6.103515625e-06,1.0778987753794673,-0.6444838581291393,-0.6444838581291393,-0.6444838581291393,False,-1.708546616417229e-05,6.103515625e-06,False
trial,278,278,278,925.1378998946468,925.1378998946468,925.1378998946468,925.1378998946468,3836,1918,0,0,3836,1918,1070244,535122,868000.0,868000.0,452.55474452554745,False,True,3836,1918,0,0,3836,1918,3.0517578125e-06,1.0778987753794673,0.21199529708510348,0.21199529708510348,0.21199529708510348,False,-9.033832676667272e-06,3.0517578125e-06,True
trial,279,279,278,925.137909292227,925.137909292227,925.1378998946468,925.1378998946468,3836,1918,0,0,3836,1918,1074080,537040,868000.0,868000.0,452.55474452554745,False,True,3836,1918,0,0,3836,1918,6.103515625e-06,1.1123688453153187,-0.5721408370385611,-0.5721408370385611,-0.5721408370385611,False,-1.642529187659169e-05,6.103515625e-06,False
trial,280,280,280,925.1378981440423,925.1378981440423,925.1378981440423,925.1378981440423,3836,1918,0,0,3836,1918,1077916,538958,868000.0,868000.0,452.55474452554745,False,True,3836,1918,0,0,3836,1918,3.0517578125e-06,1.1123688453153187,0.20184883456801453,0.20184883456801453,0.20184883456801453,False,-8.672849167874043e-06,3.0517578125e-06,True
trial,281,281,280,925.1379091630939,925.1379091630939,925.1378981440423,925.1378981440423,3836,1918,0,0,3836,1918,1081752,540876,868000.0,868000.0,452.55474452554745,False,True,3836,1918,0,0,3836,1918,6.103515625e-06,1.0785823087254303,-0.6454839265283173,-0.6454839265283173,-0.6454839265283173,False,-1.707099303271288e-05,6.103515625e-06,False
trial,282,282,282,925.1378962370859,925.1378962370859,925.1378962370859,925.1378962370859,3836,1918,0,0,3836,1918,1085588,542794,868000.0,868000.0,452.55474452554745,False,True,3836,1918,0,0,3836,1918,3.0517578125e-06,1.0785823087254303,0.2112937317219272,0.2112937317219272,0.2112937317219272,False,-9.025144275136413e-06,3.0517578125e-06,True
trial,283,283,282,925.137905515656,925.137905515656,925.1378962370859,925.1378962370859,3836,1918,0,0,3836,1918,1089424,544712,868000.0,868000.0,452.55474452554745,False,True,3836,1918,0,0,3836,1918,6.103515625e-06,1.1128320498774822,-0.5643077761545215,-0.5643077761545215,-0.5643077761545215,False,-1.64423928301921e-05,6.103515625e-06,False
trial,284,284,284,925.1378944723111,925.1378944723111,925.1378944723111,925.1378944723111,3836,1918,0,0,3836,1918,1093260,546630,868000.0,868000.0,452.55474452554745,False,True,3836,1918,0,0,3836,1918,3.0517578125e-06,1.1128320498774822,0.2031945585705337,0.2031945585705337,0.2031945585705337,False,-8.685147761085786e-06,3.0517578125e-06,True
trial,285,285,284,925.1379055356563,925.1379055356563,925.1378944723111,925.1378944723111,3836,1918,0,0,3836,1918,1097096,548548,868000.0,868000.0,452.55474452554745,False,True,3836,1918,0,0,3836,1918,6.103515625e-06,1.0784697052042511,-0.649639533081948,-0.649639533081948,-0.649639533081948,False,-1.7029975206176692e-05,6.103515625e-06,False
trial,286,286,286,925.1378925737502,925.1378925737502,925.1378925737502,925.1378925737502,3836,1918,0,0,3836,1918,1100932,550466,868000.0,868000.0,452.55474452554745,False,True,3836,1918,0,0,3836,1918,3.0517578125e-06,1.0784697052042511,0.21047933670242447,0.21047933670242447,0.21047933670242447,False,-9.020177519854675e-06,3.0517578125e-06,True
trial,287,287,286,925.1379020214744,925.1379020214744,925.1378925737502,925.1378925737502,3836,1918,0,0,3836,1918,1104768,552384,868000.0,868000.0,452.55474452554745,False,True,3836,1918,0,0,3836,1918,6.103515625e-06,1.1133334195458708,-0.5742757078822012,-0.5742757078822012,-0.5742757078822012,False,-1.6451547715499974e-05,6.103515625e-06,False
trial,288,288,288,925.1378907945564,925.1378907945564,925.1378907945564,925.1378907945564,3836,1918,0,0,3836,1918,1108604,554302,868000.0,868000.0,452.55474452554745,False,True,3836,1918,0,0,3836,1918,3.0517578125e-06,1.1133334195458708,0.20480768093561194,0.20480768093561194,0.20480768093561194,False,-8.687143824982345e-06,3.0517578125e-06,True
trial,289,289,288,925.1379018460991,925.1379018460991,925.1378907945564,925.1378907945564,3836,1918,0,0,3836,1918,1112440,556220,868000.0,868000.0,452.55474452554745,False,True,3836,1918,0,0,3836,1918,6.103515625e-06,1.0766592519915978,-0.6497205811688604,-0.6497205811688604,-0.6497205811688604,False,-1.7009685490334566e-05,6.103515625e-06,False
trial,290,290,290,925.1378889203459,925.1378889203459,925.1378889203459,925.1378889203459,3836,1918,0,0,3836,1918,1116276,558138,868000.0,868000.0,452.55474452554745,False,True,3836,1918,0,0,3836,1918,3.0517578125e-06,1.0766592519915978,0.20832922656428304,0.20832922656428304,0.20832922656428304,False,-8.996387795132825e-06,3.0517578125e-06,True
trial,291,291,290,925.1378984218622,925.1378984218622,925.1378889203459,925.1378889203459,3836,1918,0,0,3836,1918,1120112,560056,868000.0,868000.0,452.55474452554745,False,True,3836,1918,0,0,3836,1918,6.103515625e-06,1.1156443636176938,-0.5758874613756673,-0.5758874613756673,-0.5758874613756673,False,-1.6498911723486293e-05,6.103515625e-06,False
trial,292,292,292,925.1378871328546,925.1378871328546,925.1378871328546,925.1378871328546,3836,1918,0,0,3836,1918,1123948,561974,868000.0,868000.0,452.55474452554745,False,True,3836,1918,0,0,3836,1918,3.0517578125e-06,1.1156443636176938,0.20515908659217277,0.20515908659217277,0.20515908659217277,False,-8.712707997931124e-06,3.0517578125e-06,True
trial,293,293,292,925.137898184304,925.137898184304,925.1378871328546,925.1378871328546,3836,1918,0,0,3836,1918,1127784,563892,868000.0,868000.0,452.55474452554745,False,True,3836,1918,0,0,3836,1918,6.103515625e-06,1.0779122666216965,-0.6507303831117496,-0.6507303831117496,-0.6507303831117496,False,-1.698314646465198e-05,6.103515625e-06,False
trial,294,294,294,925.1378852598718,925.1378852598718,925.1378852598718,925.1378852598718,3836,1918,0,0,3836,1918,1131620,565810,868000.0,868000.0,452.55474452554745,False,True,3836,1918,0,0,3836,1918,3.0517578125e-06,1.0779122666216965,0.20823639010384856,0.20823639010384856,0.20823639010384856,False,-8.994502863489687e-06,3.0517578125e-06,True
trial,295,295,294,925.1378946688311,925.1378946688311,925.1378852598718,925.1378852598718,3836,1918,0,0,3836,1918,1135456,567728,868000.0,868000.0,452.55474452554745,False,True,3836,1918,0,0,3836,1918,6.103515625e-06,1.1152403995202524,-0.5708191637347187,-0.5708191637347187,-0.5708191637347187,False,-1.6483257518177753e-05,6.103515625e-06,False
trial,296,296,296,925.13788346958,925.13788346958,925.13788346958,925.13788346958,3836,1918,0,0,3836,1918,1139292,569646,868000.0,868000.0,452.55474452554745,False,True,3836,1918,0,0,3836,1918,3.0517578125e-06,1.1152403995202524,0.20555774996442155,0.20555774996442155,0.20555774996442155,False,-8.709435135172515e-06,3.0517578125e-06,True
trial,297,297,296,925.1378945757413,925.1378945757413,925.13788346958,925.13788346958,3836,1918,0,0,3836,1918,1143128,571564,868000.0,868000.0,452.55474452554745,False,True,3836,1918,0,0,3836,1918,6.103515625e-06,1.0776177828718856,-0.6548390557881677,-0.6548390557881677,-0.6548390557881677,False,-1.696013884871126e-05,6.103515625e-06,False
trial,298,298,298,925.137881605771,925.137881605771,925.137881605771,925.137881605771,3836,1918,0,0,3836,1918,1146964,573482,868000.0,868000.0,452.55474452554745,False,True,3836,1918,0,0,3836,1918,3.0517578125e-06,1.0776177828718856,0.2074403222601491,0.2074403222601491,0.2074403222601491,False,-8.984795921457e-06,3.0517578125e-06,True
trial,299,299,298,925.1378909459204,925.1378909459204,925.137881605771,925.137881605771,3836,1918,0,0,3836,1918,1150800,575400,868000.0,868000.0,452.55474452554745,False,True,3836,1918,0,0,3836,1918,6.103515625e-06,1.1155973565268276,-0.565859410598691,-0.565859410598691,-0.565859410598691,False,-1.6506130726433372e-05,6.103515625e-06,False
trial,300,300,300,925.1378798092292,925.1378798092292,925.1378798092292,925.1378798092292,3836,1918,0,0,3836,1918,1154636,577318,868000.0,868000.0,452.55474452554745,False,True,3836,1918,0,0,3836,1918,3.0517578125e-06,1.1155973565268276,0.2060193913533814,0.2060193913533814,0.2060193913533814,False,-8.720255952359889e-06,3.0517578125e-06,True
trial,301,301,300,925.1378909537252,925.1378909537252,925.1378798092292,925.1378798092292,3836,1918,0,0,3836,1918,1158472,579236,868000.0,868000.0,452.55474452554745,False,True,3836,1918,0,0,3836,1918,6.103515625e-06,1.077581569638542,-0.6572727390035512,-0.6572727390035512,-0.6572727390035512,False,-1.695566451387309e-05,6.103515625e-06,False
trial,302,302,302,925.1378779514813,925.1378779514813,925.1378779514813,925.1378779514813,3836,1918,0,0,3836,1918,1162308,581154,868000.0,868000.0,452.55474452554745,False,True,3836,1918,0,0,3836,1918,3.0517578125e-06,1.077581569638542,0.2069897338624268,0.2069897338624268,0.2069897338624268,False,-8.975072466913515e-06,3.0517578125e-06,True
trial,303,303,302,925.1378872822015,925.1378872822015,925.1378779514813,925.1378779514813,3836,1918,0,0,3836,1918,1166144,583072,868000.0,868000.0,452.55474452554745,False,True,3836,1918,0,0,3836,1918,6.103515625e-06,1.115393989307219,-0.5656371975983838,-0.5656371975983838,-0.5656371975983838,False,-1.6495945205550182e-05,6.103515625e-06,False
trial,304,304,304,925.1378761424864,925.1378761424864,925.1378761424864,925.1378761424864,3836,1918,0,0,3836,1918,1169980,584990,868000.0,868000.0,452.55474452554745,False,True,3836,1918,0,0,3836,1918,3.0517578125e-06,1.115393989307219,0.20750992026352555,0.20750992026352555,0.20750992026352555,False,-8.717630705481056e-06,3.0517578125e-06,True
trial,305,305,304,925.1378872819339,925.1378872819339,925.1378761424864,925.1378761424864,3836,1918,0,0,3836,1918,1173816,586908,868000.0,868000.0,452.55474452554745,False,True,3836,1918,0,0,3836,1918,6.103515625e-06,1.0774538121968271,-0.6593634224313335,-0.6593634224313335,-0.6593634224313335,False,-1.6894245377600103e-05,6.103515625e-06,False
trial,306,306,306,925.1378743073274,925.1378743073274,925.1378743073274,925.1378743073274,3836,1918,0,0,3836,1918,1177652,588826,868000.0,868000.0,452.55474452554745,False,True,3836,1918,0,0,3836,1918,3.0517578125e-06,1.0774538121968271,0.20496389447685912,0.20496389447685912,0.20496389447685912,False,-8.953572467770393e-06,3.0517578125e-06,True
trial,307,307,306,925.1378839282116,925.1378839282116,925.1378743073274,925.1378743073274,3836,1918,0,0,3836,1918,1181488,590744,868000.0,868000.0,452.55474452554745,False,True,3836,1918,0,0,3836,1918,6.103515625e-06,1.1178119980478647,-0.5814251404047107,-0.5814251404047107,-0.5814251404047107,False,-1.6547073048634225e-05,6.103515625e-06,False
trial,308,308,308,925.1378724988715,925.1378724988715,925.1378724988715,925.1378724988715,3836,1918,0,0,3836,1918,1185324,592662,868000.0,868000.0,452.55474452554745,False,True,3836,1918,0,0,3836,1918,3.0517578125e-06,1.1178119980478647,0.2069707309103933,0.2069707309103933,0.2069707309103933,False,-8.737737241052492e-06,3.0517578125e-06,True
trial,309,309,308,925.1378836456691,925.1378836456691,925.1378724988715,925.1378724988715,3836,1918,0,0,3836,1918,1189160,594580,868000.0,868000.0,452.55474452554745,False,True,3836,1918,0,0,3836,1918,6.103515625e-06,1.08279814972128,-0.6592369393029147,-0.6592369393029147,-0.6592369393029147,False,-1.69086363068112e-05,6.103515625e-06,False
trial,310,310,310,925.1378706626746,925.1378706626746,925.1378706626746,925.1378706626746,3836,1918,0,0,3836,1918,1192996,596498,868000.0,868000.0,452.55474452554745,False,True,3836,1918,0,0,3836,1918,3.0517578125e-06,1.08279814972128,0.2050167700975982,0.2050167700975982,0.2050167700975982,False,-8.956325517870765e-06,3.0517578125e-06,True
trial,311,311,310,925.1378800137866,925.1378800137866,925.1378706626746,925.1378706626746,3836,1918,0,0,3836,1918,1196832,598416,868000.0,868000.0,452.55474452554745,False,True,3836,1918,0,0,3836,1918,6.103515625e-06,1.117369031880482,-0.5649916646955261,-0.5649916646955261,-0.5649916646955261,False,-1.655088487641966e-05,6.103515625e-06,False
trial,312,312,312,925.137868850233,925.137868850233,925.137868850233,925.137868850233,3836,1918,0,0,3836,1918,1200668,600334,868000.0,868000.0,452.55474452554745,False,True,3836,1918,0,0,3836,1918,3.0517578125e-06,1.117369031880482,0.20740339008144884,0.20740339008144884,0.20740339008144884,False,-8.73872702570349e-06,3.0517578125e-06,True
trial,313,313,312,925.137880024583,925.137880024583,925.137868850233,925.137868850233,3836,1918,0,0,3836,1918,1204504,602252,868000.0,868000.0,452.55474452554745,False,True,3836,1918,0,0,3836,1918,6.103515625e-06,1.096101199199178,-0.6611075012115921,-0.6611075012115921,-0.6611075012115921,False,-1.690247043391854e-05,6.103515625e-06,False
trial,314,314,314,925.1378670159397,925.1378670159397,925.1378670159397,925.1378670159397,3836,1918,0,0,3836,1918,1208340,604170,868000.0,868000.0,452.55474452554745,False,True,3836,1918,0,0,3836,1918,3.0517578125e-06,1.096101199199178,0.2048234299624251,0.2048234299624251,0.2048234299624251,False,-8.955485433748548e-06,3.0517578125e-06,True
trial,315,315,314,925.1378764116695,925.1378764116695,925.1378670159397,925.1378670159397,3836,1918,0,0,3836,1918,1212176,606088,868000.0,868000.0,452.55474452554745,False,True,3836,1918,0,0,3836,1918,6.103515625e-06,1.1170384667224158,-0.5678721178315462,-0.5678721178315462,-0.5678721178315462,False,-1.6545502882051e-05,6.103515625e-06,False
trial,316,316,316,925.1378651995951,925.1378651995951,925.1378651995951,925.1378651995951,3836,1918,0,0,3836,1918,1216012,608006,868000.0,868000.0,452.55474452554745,False,True,3836,1918,0,0,3836,1918,3.0517578125e-06,1.1170384667224158,0.20781739261863674,0.20781739261863674,0.20781739261863674,False,-8.740099036302767e-06,3.0517578125e-06,True
trial,317,317,316,925.1378763726173,925.1378763726173,925.1378651995951,925.1378651995951,3836,1918,0,0,3836,1918,1219848,609924,868000.0,868000.0,452.55474452554745,False,True,3836,1918,0,0,3836,1918,6.103515625e-06,1.0782563677045764,-0.6615152076287443,-0.6615152076287443,-0.6615152076287443,False,-1.689004576426403e-05,6.103515625e-06,False
trial,318,318,318,925.1378633799848,925.1378633799848,925.1378633799848,925.1378633799848,3836,1918,0,0,3836,1918,1223684,611842,868000.0,868000.0,452.55474452554745,False,True,3836,1918,0,0,3836,1918,3.0517578125e-06,1.0782563677045764,0.20356536117065607,0.20356536117065607,0.20356536117065607,False,-8.93870327736185e-06,3.0517578125e-06,True
trial,319,319,318,925.13787293727,925.13787293727,925.1378633799848,925.1378633799848,3836,1918,0,0,3836,1918,1227520,613760,868000.0,868000.0,452.55474452554745,False,True,3836,1918,0,0,3836,1918,6.103515625e-06,1.1176089746928326,-0.5770920911617052,-0.5770920911617052,-0.5770920911617052,False,-1.656110937083073e-05,6.103515625e-06,False
trial,320,320,320,925.1378615152296,925.1378615152296,925.1378615152296,925.1378615152296,3836,1918,0,0,3836,1918,1231356,615678,868000.0,868000.0,452.55474452554745,False,True,3836,1918,0,0,3836,1918,3.0517578125e-06,1.1176089746928326,0.21325086914560615,0.21325086914560615,0.21325086914560615,False,-8.744420055169055e-06,3.0517578125e-06,True
trial,321,321,320,925.1378727830654,925.1378727830654,925.1378615152296,925.1378615152296,3836,1918,0,0,3836,1918,1235192,617596,868000.0,868000.0,452.55474452554745,False,True,3836,1918,0,0,3836,1918,6.103515625e-06,1.0746249958235672,-0.6712289275741883,-0.6712289275741883,-0.6712289275741883,False,-1.6786874572166252e-05,6.103515625e-06,False
trial,322,322,322,925.1378597463447,925.1378597463447,925.1378597463447,925.1378597463447,3836,1918,0,0,3836,1918,1239028,619514,868000.0,868000.0,452.55474452554745,False,True,3836,1918,0,0,3836,1918,3.0517578125e-06,1.0746249958235672,0.19893257024466673,0.19893257024466673,0.19893257024466673,False,-8.891881724054976e-06,3.0517578125e-06,True
trial,323,323,322,925.1378693516147,925.1378693516147,925.1378597463447,925.1378597463447,3836,1918,0,0,3836,1918,1242864,621432,868000.0,868000.0,452.55474452554745,False,True,3836,1918,0,0,3836,1918,6.103515625e-06,1.1230520165565352,-0.5768657084351192,-0.5768657084351192,-0.5768657084351192,False,-1.665079031637846e-05,6.103515625e-06,False
trial,324,324,324,925.1378578709368,925.1378578709368,925.1378578709368,925.1378578709368,3836,1918,0,0,3836,1918,1246700,623350,868000.0,868000.0,452.55474452554745,False,True,3836,1918,0,0,3836,1918,3.0517578125e-06,1.1230520165565352,0.21336806505502107,0.21336806505502107,0.21336806505502107,False,-8.789543367343426e-06,3.0517578125e-06,True
trial,325,325,324,925.1378691652052,925.1378691652052,925.1378578709368,925.1378578709368,3836,1918,0,0,3836,1918,1250536,625268,868000.0,868000.0,452.55474452554745,False,True,3836,1918,0,0,3836,1918,6.103515625e-06,1.0732490214996182,-0.6749452823633716,-0.6749452823633716,-0.6749452823633716,False,-1.6733605882362233e-05,6.103515625e-06,False
trial,326,326,326,925.1378561117773,925.1378561117773,925.1378561117773,925.1378561117773,3836,1918,0,0,3836,1918,1254372,627186,868000.0,868000.0,452.55474452554745,False,True,3836,1918,0,0,3836,1918,3.0517578125e-06,1.0732490214996182,0.198078213454721,0.198078213454721,0.198078213454721,False,-8.881135963734185e-06,3.0517578125e-06,True
trial,327,327,326,925.1378655607521,925.1378655607521,925.1378561117773,925.1378561117773,3836,1918,0,0,3836,1918,1258208,629104,868000.0,868000.0,452.55474452554745,False,True,3836,1918,0,0,3836,1918,6.103515625e-06,1.1236980752347874,-0.56722206950301,-0.56722206950301,-0.56722206950301,False,-1.6658334139873155e-05,6.103515625e-06,False
trial,328,328,328,925.1378542327294,925.1378542327294,925.1378542327294,925.1378542327294,3836,1918,0,0,3836,1918,1262044,631022,868000.0,868000.0,452.55474452554745,False,True,3836,1918,0,0,3836,1918,3.0517578125e-06,1.1236980752347874,0.2133865203394066,0.2133865203394066,0.2133865203394066,False,-8.805841546076439e-06,3.0517578125e-06,True
trial,329,329,328,925.1378655390736,925.1378655390736,925.1378542327294,925.1378542327294,3836,1918,0,0,3836,1918,1265880,632940,868000.0,868000.0,452.55474452554745,False,True,3836,1918,0,0,3836,1918,6.103515625e-06,1.075479545359159,-0.6742972624121848,-0.6742972624121848,-0.6742972624121848,False,-1.676759612323592e-05,6.103515625e-06,False
trial,330,330,330,925.1378524736976,925.1378524736976,925.1378524736976,925.1378524736976,3836,1918,0,0,3836,1918,1269716,634858,868000.0,868000.0,452.55474452554745,False,True,3836,1918,0,0,3836,1918,3.0517578125e-06,1.075479545359159,0.19805490064814937,0.19805490064814937,0.19805490064814937,False,-8.881536156806916e-06,3.0517578125e-06,True
trial,331,331,330,925.1378619536579,925.1378619536579,925.1378524736976,925.1378524736976,3836,1918,0,0,3836,1918,1273552,636776,868000.0,868000.0,452.55474452554745,False,True,3836,1918,0,0,3836,1918,6.103515625e-06,1.1221934930402797,-0.5685702844860455,-0.5685702844860455,-0.5685702844860455,False,-1.6673330431203756e-05,6.103515625e-06,False
trial,332,332,332,925.1378505716425,925.1378505716425,925.1378505716425,925.1378505716425,3836,1918,0,0,3836,1918,1277388,638694,868000.0,868000.0,452.55474452554745,False,True,3836,1918,0,0,3836,1918,3.0517578125e-06,1.1221934930402797,0.21604609998034324,0.21604609998034324,0.21604609998034324,False,-8.803931875870765e-06,3.0517578125e-06,True
trial,333,333,332,925.1378619018441,925.1378619018441,925.1378505716425,925.1378505716425,3836,1918,0,0,3836,1918,1281224,640612,868000.0,868000.0,452.55474452554745,False,True,3836,1918,0,0,3836,1918,6.103515625e-06,1.0707688723231994,-0.6781154978766101,-0.6781154978766101,-0.6781154978766101,False,-1.670836547590945e-05,6.103515625e-06,False
trial,334,334,334,925.1378488382938,925.1378488382938,925.1378488382938,925.1378488382938,3836,1918,0,0,3836,1918,1285060,642530,868000.0,868000.0,452.55474452554745,False,True,3836,1918,0,0,3836,1918,3.0517578125e-06,1.0707688723231994,0.1958279191696135,0.1958279191696135,0.1958279191696135,False,-8.851386775148734e-06,3.0517578125e-06,True
trial,335,335,334,925.1378585075382,925.1378585075382,925.1378488382938,925.1378488382938,3836,1918,0,0,3836,1918,1288896,644448,868000.0,868000.0,452.55474452554745,False,True,3836,1918,0,0,3836,1918,6.103515625e-06,1.1246885801089328,-0.5779887055430029,-0.5779887055430029,-0.5779887055430029,False,-1.672912339789619e-05,6.103515625e-06,False
trial,336,336,336,925.1378469374229,925.1378469374229,925.1378469374229,925.1378469374229,3836,1918,0,0,3836,1918,1292732,646366,868000.0,868000.0,452.55474452554745,False,True,3836,1918,0,0,3836,1918,3.0517578125e-06,1.1246885801089328,0.21538932203601113,0.21538932203601113,0.21538932203601113,False,-8.825279573771022e-06,3.0517578125e-06,True
trial,337,337,336,925.1378581707563,925.1378581707563,925.1378469374229,925.1378469374229,3836,1918,0,0,3836,1918,1296568,648284,868000.0,868000.0,452.55474452554745,False,True,3836,1918,0,0,3836,1918,6.103515625e-06,1.0733595133021214,-0.6719068196065423,-0.6719068196065423,-0.6719068196065423,False,-1.671858824017122e-05,6.103515625e-06,False
trial,338,338,338,925.1378452076704,925.1378452076704,925.1378452076704,925.1378452076704,3836,1918,0,0,3836,1918,1300404,650202,868000.0,868000.0,452.55474452554745,False,True,3836,1918,0,0,3836,1918,3.0517578125e-06,1.0733595133021214,0.19543512484095146,0.19543512484095146,0.19543512484095146,False,-8.850775996892601e-06,3.0517578125e-06,True
trial,339,339,338,925.1378547607954,925.1378547607954,925.1378452076704,925.1378452076704,3836,1918,0,0,3836,1918,1304240,652120,868000.0,868000.0,452.55474452554745,False,True,3836,1918,0,0,3836,1918,6.103515625e-06,1.1900182419661265,-0.5713270177915045,-0.5713270177915045,-0.5713270177915045,False,-1.6720940545129114e-05,6.103515625e-06,False
trial,340,340,340,925.1378432893243,925.1378432893243,925.1378432893243,925.1378432893243,3836,1918,0,0,3836,1918,1308076,654038,868000.0,868000.0,452.55474452554745,False,True,3836,1918,0,0,3836,1918,3.0517578125e-06,1.1900182419661265,0.2172036868470211,0.2172036868470211,0.2172036868470211,False,-8.832014056574346e-06,3.0517578125e-06,True
trial,341,341,340,925.1378547087709,925.1378547087709,925.1378432893243,925.1378432893243,3836,1918,0,0,3836,1918,1311912,655956,868000.0,868000.0,452.55474452554745,False,True,3836,1918,0,0,3836,1918,6.103515625e-06,1.0685066970124553,-0.6851565278709592,-0.6851565278709592,-0.6851565278709592,False,-1.666691635020187e-05,6.103515625e-06,False
trial,342,342,342,925.1378415736083,925.1378415736083,925.1378415736083,925.1378415736083,3836,1918,0,0,3836,1918,1315748,657874,868000.0,868000.0,452.55474452554745,False,True,3836,1918,0,0,3836,1918,3.0517578125e-06,1.0685066970124553,0.19414216271668897,0.19414216271668897,0.19414216271668897,False,-8.837421139114454e-06,3.0517578125e-06,True
trial,343,343,342,925.1378511836958,925.1378511836958,925.1378415736083,925.1378415736083,3836,1918,0,0,3836,1918,1319584,659792,868000.0,868000.0,452.55474452554745,False,True,3836,1918,0,0,3836,1918,6.103515625e-06,1.1479420031466414,-0.5736397325426948,-0.5736397325426948,-0.5736397325426948,False,-1.6752827602614354e-05,6.103515625e-06,False
trial,344,344,344,925.1378396492537,925.1378396492537,925.1378396492537,925.1378396492537,3836,1918,0,0,3836,1918,1323420,661710,868000.0,868000.0,452.55474452554745,False,True,3836,1918,0,0,3836,1918,3.0517578125e-06,1.1479420031466414,0.2174532013962056,0.2174532013962056,0.2174532013962056,False,-8.849511434019771e-06,3.0517578125e-06,True
trial,345,345,344,925.1378510391056,925.1378510391056,925.1378396492537,925.1378396492537,3836,1918,0,0,3836,1918,1327256,663628,868000.0,868000.0,452.55474452554745,False,True,3836,1918,0,0,3836,1918,6.103515625e-06,1.0886977404276403,-0.6836776197359695,-0.6836776197359695,-0.6836776197359695,False,-1.6659682270546633e-05,6.103515625e-06,False
trial,346,346,346,925.1378379359323,925.1378379359323,925.1378379359323,925.1378379359323,3836,1918,0,0,3836,1918,1331092,665546,868000.0,868000.0,452.55474452554745,False,True,3836,1918,0,0,3836,1918,3.0517578125e-06,1.0886977404276403,0.193922597350274,0.193922597350274,0.193922597350274,False,-8.83507841090535e-06,3.0517578125e-06,True
trial,347,347,346,925.1378474718808,925.1378474718808,925.1378379359323,925.1378379359323,3836,1918,0,0,3836,1918,1334928,667464,868000.0,868000.0,452.55474452554745,False,True,3836,1918,0,0,3836,1918,6.103515625e-06,1.1254456776479917,-0.5690985179654671,-0.5690985179654671,-0.5690985179654671,False,-1.6756234978713242e-05,6.103515625e-06,False
trial,348,348,348,925.1378360126616,925.1378360126616,925.1378360126616,925.1378360126616,3836,1918,0,0,3836,1918,1338764,669382,868000.0,868000.0,452.55474452554745,False,True,3836,1918,0,0,3836,1918,3.0517578125e-06,1.1254456776479917,0.2174145270565825,0.2174145270565825,0.2174145270565825,False,-8.846100248437186e-06,3.0517578125e-06,True
trial,349,349,348,925.1378474331904,925.1378474331904,925.1378360126616,925.1378360126616,3836,1918,0,0,3836,1918,1342600,671300,868000.0,868000.0,452.55474452554745,False,True,3836,1918,0,0,3836,1918,6.103515625e-06,1.0881514251765156,-0.6850357983613825,-0.6850357983613825,-0.6850357983613825,False,-1.6671433447925505e-05,6.103515625e-06,False
trial,350,350,350,925.1378343081088,925.1378343081088,925.1378343081088,925.1378343081088,3836,1918,0,0,3836,1918,1346436,673218,868000.0,868000.0,452.55474452554745,False,True,3836,1918,0,0,3836,1918,3.0517578125e-06,1.0881514251765156,0.19312814619762772,0.19312814619762772,0.19312814619762772,False,-8.826019586938925e-06,3.0517578125e-06,True
trial,351,351,350,925.1378438705146,925.1378438705146,925.1378343081088,925.1378343081088,3836,1918,0,0,3836,1918,1350272,675136,868000.0,868000.0,452.55474452554745,False,True,3836,1918,0,0,3836,1918,6.103515625e-06,1.1252182428702282,-0.570366203870604,-0.570366203870604,-0.570366203870604,False,-1.67653794049088e-05,6.103515625e-06,False
trial,352,352,352,925.1378323735246,925.1378323735246,925.1378323735246,925.1378323735246,3836,1918,0,0,3836,1918,1354108,677054,868000.0,868000.0,452.55474452554745,False,True,3836,1918,0,0,3836,1918,3.0517578125e-06,1.1252182428702282,0.21856374095765096,0.21856374095765096,0.21856374095765096,False,-8.851350361173588e-06,3.0517578125e-06,True
trial,353,353,352,925.1378437305625,925.1378437305625,925.1378323735246,925.1378323735246,3836,1918,0,0,3836,1918,1357944,678972,868000.0,868000.0,452.55474452554745,False,True,3836,1918,0,0,3836,1918,6.103515625e-06,1.0683390718522463,-0.6826022402265506,-0.6826022402265506,-0.6826022402265506,False,-1.6637856207606e-05,6.103515625e-06,False
trial,354,354,354,925.1378306814562,925.1378306814562,925.1378306814562,925.1378306814562,3836,1918,0,0,3836,1918,1361780,680890,868000.0,868000.0,452.55474452554745,False,True,3836,1918,0,0,3836,1918,3.0517578125e-06,1.0683390718522463,0.19197221776473247,0.19197221776473247,0.19197221776473247,False,-8.814131619845034e-06,3.0517578125e-06,True
trial,355,355,354,925.1378405216092,925.1378405216092,925.1378306814562,925.1378306814562,3836,1918,0,0,3836,1918,1365616,682808,868000.0,868000.0,452.55474452554745,False,True,3836,1918,0,0,3836,1918,6.103515625e-06,1.1265513463914263,-0.5857331655931364,-0.5857331655931364,-0.5857331655931364,False,-1.679971967104341e-05,6.103515625e-06,False
trial,356,356,356,925.1378287422344,925.1378287422344,925.1378287422344,925.1378287422344,3836,1918,0,0,3836,1918,1369452,684726,868000.0,868000.0,452.55474452554745,False,True,3836,1918,0,0,3836,1918,3.0517578125e-06,1.1265513463914263,0.21875525326097492,0.21875525326097492,0.21875525326097492,False,-8.864800876968215e-06,3.0517578125e-06,True
trial,357,357,356,925.1378402153847,925.1378402153847,925.1378287422344,925.1378287422344,3836,1918,0,0,3836,1918,1373288,686644,868000.0,868000.0,452.55474452554745,False,True,3836,1918,0,0,3836,1918,6.103515625e-06,1.0803682287846357,-0.6902053149169849,-0.6902053149169849,-0.6902053149169849,False,-1.6622807762156145e-05,6.103515625e-06,False
trial,358,358,358,925.1378270557277,925.1378270557277,925.1378270557277,925.1378270557277,3836,1918,0,0,3836,1918,1377124,688562,868000.0,868000.0,452.55474452554745,False,True,3836,1918,0,0,3836,1918,3.0517578125e-06,1.0803682287846357,0.19148326344894853,0.19148326344894853,0.19148326344894853,False,-8.80759336647386e-06,3.0517578125e-06,True
trial,359,359,358,925.137836837263,925.137836837263,925.1378270557277,925.1378270557277,3836,1918,0,0,3836,1918,1380960,690480,868000.0,868000.0,452.55474452554745,False,True,3836,1918,0,0,3836,1918,6.103515625e-06,1.1260014060386738,-0.582352412469172,-0.582352412469172,-0.582352412469172,False,-1.679659093913038e-05,6.103515625e-06,False
trial,360,360,360,925.1378251197714,925.1378251197714,925.1378251197714,925.1378251197714,3836,1918,0,0,3836,1918,1384796,692398,868000.0,868000.0,452.55474452554745,False,True,3836,1918,0,0,3836,1918,3.0517578125e-06,1.1260014060386738,0.2184669173139333,0.2184669173139333,0.2184669173139333,False,-8.861553766181814e-06,3.0517578125e-06,True
trial,361,361,360,925.1378364305087,925.1378364305087,925.1378251197714,925.1378251197714,3836,1918,0,0,3836,1918,1388632,694316,868000.0,868000.0,452.55474452554745,False,True,3836,1918,0,0,3836,1918,6.103515625e-06,1.0647193756453157,-0.6807969954473077,-0.6807969954473077,-0.6807969954473077,False,-1.6613964866530686e-05,6.103515625e-06,False
trial,362,362,362,925.137823436074,925.137823436074,925.137823436074,925.137823436074,3836,1918,0,0,3836,1918,1392468,696234,868000.0,868000.0,452.55474452554745,False,True,3836,1918,0,0,3836,1918,3.0517578125e-06,1.0647193756453157,0.19120342447607883,0.19120342447607883,0.19120342447607883,False,-8.805791057928629e-06,3.0517578125e-06,True
trial,363,363,362,925.1378329638015,925.1378329638015,925.137823436074,925.137823436074,3836,1918,0,0,3836,1918,1396304,698152,868000.0,868000.0,452.55474452554745,False,True,3836,1918,0,0,3836,1918,6.103515625e-06,1.1767154671658557,-0.5677589624499636,-0.5677589624499636,-0.5677589624499636,False,-1.678128959751503e-05,6.103515625e-06,False
trial,364,364,364,925.1378214879514,925.1378214879514,925.1378214879514,925.1378214879514,3836,1918,0,0,3836,1918,1400140,700070,868000.0,868000.0,452.55474452554745,False,True,3836,1918,0,0,3836,1918,3.0517578125e-06,1.1767154671658557,0.21966193294510455,0.21966193294510455,0.21966193294510455,False,-8.868730711456719e-06,3.0517578125e-06,True
trial,365,365,364,925.1378328724479,925.1378328724479,925.1378214879514,925.1378214879514,3836,1918,0,0,3836,1918,1403976,701988,868000.0,868000.0,452.55474452554745,False,True,3836,1918,0,0,3836,1918,6.103515625e-06,1.067198607304069,-0.6859050018614127,-0.6859050018614127,-0.6859050018614127,False,-1.659777439080484e-05,6.103515625e-06,False
trial,366,366,366,925.1378198069102,925.1378198069102,925.1378198069102,925.1378198069102,3836,1918,0,0,3836,1918,1407812,703906,868000.0,868000.0,452.55474452554745,False,True,3836,1918,0,0,3836,1918,3.0517578125e-06,1.067198607304069,0.19096981982560995,0.19096981982560995,0.19096981982560995,False,-8.802653884029184e-06,3.0517578125e-06,True
trial,367,367,366,925.1378294209294,925.1378294209294,925.1378198069102,925.1378198069102,3836,1918,0,0,3836,1918,1411648,705824,868000.0,868000.0,452.55474452554745,False,True,3836,1918,0,0,3836,1918,6.103515625e-06,1.1261722916675796,-0.5721159151151993,-0.5721159151151993,-0.5721159151151993,False,-1.680432045885431e-05,6.103515625e-06,False
trial,368,368,368,925.137817861605,925.137817861605,925.137817861605,925.137817861605,3836,1918,0,0,3836,1918,1415484,707742,868000.0,868000.0,452.55474452554745,False,True,3836,1918,0,0,3836,1918,3.0517578125e-06,1.1261722916675796,0.21929005162368623,0.21929005162368623,0.21929005162368623,False,-8.870923431861225e-06,3.0517578125e-06,True
trial,369,369,368,925.1378293161307,925.1378293161307,925.137817861605,925.137817861605,3836,1918,0,0,3836,1918,1419320,709660,868000.0,868000.0,452.55474452554745,False,True,3836,1918,0,0,3836,1918,6.103515625e-06,1.0914826492221292,-0.690117426814425,-0.690117426814425,-0.690117426814425,False,-1.6597937252999665e-05,6.103515625e-06,False
trial,370,370,370,925.1378161871539,925.1378161871539,925.1378161871539,925.1378161871539,3836,1918,0,0,3836,1918,1423156,711578,868000.0,868000.0,452.55474452554745,False,True,3836,1918,0,0,3836,1918,3.0517578125e-06,1.0914826492221292,0.19034840025066072,0.19034840025066072,0.19034840025066072,False,-8.796769636131471e-06,3.0517578125e-06,True
trial,371,371,370,925.137825888631,925.137825888631,925.1378161871539,925.1378161871539,3836,1918,0,0,3836,1918,1426992,713496,868000.0,868000.0,452.55474452554745,False,True,3836,1918,0,0,3836,1918,6.103515625e-06,1.1280980050780445,-0.5776877301563336,-0.5776877301563336,-0.5776877301563336,False,-1.679363536871084e-05,6.103515625e-06,False
trial,372,372,372,925.1378142427187,925.1378142427187,925.1378142427187,925.1378142427187,3836,1918,0,0,3836,1918,1430828,715414,868000.0,868000.0,452.55474452554745,False,True,3836,1918,0,0,3836,1918,3.0517578125e-06,1.1280980050780445,0.2191738338842944,0.2191738338842944,0.2191738338842944,False,-8.871657613016127e-06,3.0517578125e-06,True
trial,373,373,372,925.1378255278717,925.1378255278717,925.1378142427187,925.1378142427187,3836,1918,0,0,3836,1918,1434664,717332,868000.0,868000.0,452.55474452554745,False,True,3836,1918,0,0,3836,1918,6.103515625e-06,1.1114810093981895,-0.6803240317977942,-0.6803240317977942,-0.6803240317977942,False,-1.6587908715730927e-05,6.103515625e-06,False
trial,374,374,374,925.1378125690023,925.1378125690023,925.1378125690023,925.1378125690023,3836,1918,0,0,3836,1918,1438500,719250,868000.0,868000.0,452.55474452554745,False,True,3836,1918,0,0,3836,1918,3.0517578125e-06,1.1114810093981895,0.1903046708687806,0.1903046708687806,0.1903046708687806,False,-8.794930653173094e-06,3.0517578125e-06,True
trial,375,375,374,925.1378224333918,925.1378224333918,925.1378125690023,925.1378125690023,3836,1918,0,0,3836,1918,1442336,721168,868000.0,868000.0,452.55474452554745,False,True,3836,1918,0,0,3836,1918,6.103515625e-06,1.1254893081014157,-0.5871081706178364,-0.5871081706178364,-0.5871081706178364,False,-1.6801655844447517e-05,6.103515625e-06,False
trial,376,376,376,925.1378106175357,925.1378106175357,925.1378106175357,925.1378106175357,3836,1918,0,0,3836,1918,1446172,723086,868000.0,868000.0,452.55474452554745,False,True,3836,1918,0,0,3836,1918,3.0517578125e-06,1.1254893081014157,0.2198246911439456,0.2198246911439456,0.2198246911439456,False,-8.877376872563954e-06,3.0517578125e-06,True
trial,377,377,376,925.1378219526176,925.1378219526176,925.1378106175357,925.1378106175357,3836,1918,0,0,3836,1918,1450008,725004,868000.0,868000.0,452.55474452554745,False,True,3836,1918,0,0,3836,1918,6.103515625e-06,1.0758091658604476,-0.6831949407871993,-0.6831949407871993,-0.6831949407871993,False,-1.659128492507536e-05,6.103515625e-06,False
trial,378,378,378,925.1378089447034,925.1378089447034,925.1378089447034,925.1378089447034,3836,1918,0,0,3836,1918,1453844,726922,868000.0,868000.0,452.55474452554745,False,True,3836,1918,0,0,3836,1918,3.0517578125e-06,1.0758091658604476,0.19025629518174839,0.19025629518174839,0.19025629518174839,False,-8.792520388446046e-06,3.0517578125e-06,True
trial,379,379,378,925.1378187137923,925.1378187137923,925.1378089447034,925.1378089447034,3836,1918,0,0,3836,1918,1457680,728840,868000.0,868000.0,452.55474452554745,False,True,3836,1918,0,0,3836,1918,6.103515625e-06,1.1251149445536246,-0.5812162505748267,-0.5812162505748267,-0.5812162505748267,False,-1.6808010656432597e-05,6.103515625e-06,False
trial,380,380,380,925.1378069974226,925.1378069974226,925.1378069974226,925.1378069974226,3836,1918,0,0,3836,1918,1461516,730758,868000.0,868000.0,452.55474452554745,False,True,3836,1918,0,0,3836,1918,3.0517578125e-06,1.1251149445536246,0.21947066125961978,0.21947066125961978,0.21947066125961978,False,-8.87262462474743e-06,3.0517578125e-06,True
trial,381,381,380,925.1378183931265,925.1378183931265,925.1378069974226,925.1378069974226,3836,1918,0,0,3836,1918,1465352,732676,868000.0,868000.0,452.55474452554745,False,True,3836,1918,0,0,3836,1918,6.103515625e-06,1.0651945364227469,-0.6865263186500502,-0.6865263186500502,-0.6865263186500502,False,-1.6599078055251395e-05,6.103515625e-06,False
trial,382,382,382,925.137805327776,925.137805327776,925.137805327776,925.137805327776,3836,1918,0,0,3836,1918,1469188,734594,868000.0,868000.0,452.55474452554745,False,True,3836,1918,0,0,3836,1918,3.0517578125e-06,1.0651945364227469,0.18992014096643692,0.18992014096643692,0.18992014096643692,False,-8.791308281817896e-06,3.0517578125e-06,True
trial,383,383,382,925.1378151412634,925.1378151412634,925.137805327776,925.137805327776,3836,1918,0,0,3836,1918,1473024,736512,868000.0,868000.0,452.55474452554745,False,True,3836,1918,0,0,3836,1918,6.103515625e-06,1.1292997310042687,-0.5832809930175049,-0.5832809930175049,-0.5832809930175049,False,-1.682463085995828e-05,6.103515625e-06,False
trial,384,384,384,925.1378033601609,925.1378033601609,925.1378033601609,925.1378033601609,3836,1918,0,0,3836,1918,1476860,738430,868000.0,868000.0,452.55474452554745,False,True,3836,1918,0,0,3836,1918,3.0517578125e-06,1.1292997310042687,0.2216607594696577,0.2216607594696577,0.2216607594696577,False,-8.876695934205013e-06,3.0517578125e-06,True
trial,385,385,384,925.1378146375937,925.1378146375937,925.1378033601609,925.1378033601609,3836,1918,0,0,3836,1918,1480696,740348,868000.0,868000.0,452.55474452554745,False,True,3836,1918,0,0,3836,1918,6.103515625e-06,1.0598358341389726,-0.681612338819316,-0.681612338819316,-0.681612338819316,False,-1.6545229835518176e-05,6.103515625e-06,False
trial,386,386,386,925.1378017165197,925.1378017165197,925.1378017165197,925.1378017165197,3836,1918,0,0,3836,1918,1484532,742266,868000.0,868000.0,452.55474452554745,False,True,3836,1918,0,0,3836,1918,3.0517578125e-06,1.0598358341389726,0.18751216843898869,0.18751216843898869,0.18751216843898869,False,-8.765517598941446e-06,3.0517578125e-06,True
trial,387,387,386,925.1378115515704,925.1378115515704,925.1378017165197,925.1378017165197,3836,1918,0,0,3836,1918,1488368,744184,868000.0,868000.0,452.55474452554745,False,True,3836,1918,0,0,3836,1918,6.103515625e-06,1.13905439638451,-0.5835561833165769,-0.5835561833165769,-0.5835561833165769,False,-1.6853648371651507e-05,6.103515625e-06,False
trial,388,388,388,925.1377997509462,925.1377997509462,925.1377997509462,925.1377997509462,3836,1918,0,0,3836,1918,1492204,746102,868000.0,868000.0,452.55474452554745,False,True,3836,1918,0,0,3836,1918,3.0517578125e-06,1.13905439638451,0.22102324926037037,0.22102324926037037,0.22102324926037037,False,-8.893062005992744e-06,3.0517578125e-06,True
trial,389,389,388,925.1378111075283,925.1378111075283,925.1377997509462,925.1377997509462,3836,1918,0,0,3836,1918,1496040,748020,868000.0,868000.0,452.55474452554745,False,True,3836,1918,0,0,3836,1918,6.103515625e-06,1.0613419835767994,-0.686738450090169,-0.686738450090169,-0.686738450090169,False,-1.6536982943315157e-05,6.103515625e-06,False
trial,390,390,390,925.137798108575,925.137798108575,925.137798108575,925.137798108575,3836,1918,0,0,3836,1918,1499876,749938,868000.0,868000.0,452.55474452554745,False,True,3836,1918,0,0,3836,1918,3.0517578125e-06,1.0613419835767994,0.18742648944185952,0.18742648944185952,0.18742648944185952,False,-8.76274864718581e-06,3.0517578125e-06,True
trial,391,391,390,925.1378079162871,925.1378079162871,925.137798108575,925.137798108575,3836,1918,0,0,3836,1918,1503712,751856,868000.0,868000.0,452.55474452554745,False,True,3836,1918,0,0,3836,1918,6.103515625e-06,1.1264962485502164,-0.5816982410857438,-0.5816982410857438,-0.5816982410857438,False,-1.686048093507555e-05,6.103515625e-06,False
trial,392,392,392,925.1377961260042,925.1377961260042,925.1377961260042,925.1377961260042,3836,1918,0,0,3836,1918,1507548,753774,868000.0,868000.0,452.55474452554745,False,True,3836,1918,0,0,3836,1918,3.0517578125e-06,1.1264962485502164,0.22284693907320302,0.22284693907320302,0.22284693907320302,False,-8.896558273546523e-06,3.0517578125e-06,True
trial,393,393,392,925.1378075765851,925.1378075765851,925.1377961260042,925.1377961260042,3836,1918,0,0,3836,1918,1511384,755692,868000.0,868000.0,452.55474452554745,False,True,3836,1918,0,0,3836,1918,6.103515625e-06,1.0583621642449774,-0.6940088431958406,-0.6940088431958406,-0.6940088431958406,False,-1.64991859111716e-05,6.103515625e-06,False
trial,394,394,394,925.1377944994726,925.1377944994726,925.1377944994726,925.1377944994726,3836,1918,0,0,3836,1918,1515220,757610,868000.0,868000.0,452.55474452554745,False,True,3836,1918,0,0,3836,1918,3.0517578125e-06,1.0583621642449774,0.18592440104379773,0.18592440104379773,0.18592440104379773,False,-8.748349122722426e-06,3.0517578125e-06,True
trial,395,395,394,925.1378042781784,925.1378042781784,925.1377944994726,925.1377944994726,3836,1918,0,0,3836,1918,1519056,759528,868000.0,868000.0,452.55474452554745,False,True,3836,1918,0,0,3836,1918,6.103515625e-06,1.1282198555922618,-0.5798921639324945,-0.5798921639324945,-0.5798921639324945,False,-1.6862972654506676e-05,6.103515625e-06,False
trial,396,396,396,925.1377925048359,925.1377925048359,925.1377925048359,925.1377925048359,3836,1918,0,0,3836,1918,1522892,761446,868000.0,868000.0,452.55474452554745,False,True,3836,1918,0,0,3836,1918,3.0517578125e-06,1.1282198555922618,0.22382981972516017,0.22382981972516017,0.22382981972516017,False,-8.911398432717042e-06,3.0517578125e-06,True
trial,397,397,396,925.137803884935,925.137803884935,925.1377925048359,925.1377925048359,3836,1918,0,0,3836,1918,1526728,763364,868000.0,868000.0,452.55474452554745,False,True,3836,1918,0,0,3836,1918,6.103515625e-06,1.0574663945010183,-0.691545322650543,-0.691545322650543,-0.691545322650543,False,-1.6456042279224422e-05,6.103515625e-06,False
trial,398,398,398,925.1377908961965,925.1377908961965,925.1377908961965,925.1377908961965,3836,1918,0,0,3836,1918,1530564,765282,868000.0,868000.0,452.55474452554745,False,True,3836,1918,0,0,3836,1918,3.0517578125e-06,1.0574663945010183,0.18424634986932625,0.18424634986932625,0.18424634986932625,False,-8.73091610063177e-06,3.0517578125e-06,True
trial,399,399,398,925.1378006816329,925.1378006816329,925.1377908961965,925.1377908961965,3836,1918,0,0,3836,1918,1534400,767200,868000.0,868000.0,452.55474452554745,False,True,3836,1918,0,0,3836,1918,6.103515625e-06,1.1291074886470205,-0.5791656568471116,-0.5791656568471116,-0.5791656568471116,False,-1.6895747016090756e-05,6.103515625e-06,False
trial,400,400,400,925.1377888979463,925.1377888979463,925.1377888979463,925.1377888979463,3836,1918,0,0,3836,1918,1538236,769118,868000.0,868000.0,452.55474452554745,False,True,3836,1918,0,0,3836,1918,3.0517578125e-06,1.1291074886470205,0.22399128341331137,0.22399128341331137,0.22399128341331137,False,-8.921107153727572e-06,3.0517578125e-06,True
trial,401,401,400,925.137800219951,925.137800219951,925.1377888979463,925.1377888979463,3836,1918,0,0,3836,1918,1542072,771036,868000.0,868000.0,452.55474452554745,False,True,3836,1918,0,0,3836,1918,6.103515625e-06,1.058381525966073,-0.6867468802032604,-0.6867468802032604,-0.6867468802032604,False,-1.6486430559466004e-05,6.103515625e-06,False
trial,402,402,402,925.1377872874593,925.1377872874593,925.1377872874593,925.1377872874593,3836,1918,0,0,3836,1918,1545908,772954,868000.0,868000.0,452.55474452554745,False,True,3836,1918,0,0,3836,1918,3.0517578125e-06,1.058381525966073,0.1844202713282265,0.1844202713282265,0.1844202713282265,False,-8.732700238198028e-06,3.0517578125e-06,True
trial,403,403,402,925.1377970133719,925.1377970133719,925.1377872874593,925.1377872874593,3836,1918,0,0,3836,1918,1549744,774872,868000.0,868000.0,452.55474452554745,False,True,3836,1918,0,0,3836,1918,6.103515625e-06,1.1287923357875835,-0.5758570419396348,-0.5758570419396348,-0.5758570419396348,False,-1.688945675180715e-05,6.103515625e-06,False
trial,404,404,404,925.1377852840518,925.1377852840518,925.1377852840518,925.1377852840518,3836,1918,0,0,3836,1918,1553580,776790,868000.0,868000.0,452.55474452554745,False,True,3836,1918,0,0,3836,1918,3.0517578125e-06,1.1287923357875835,0.2244976769205404,0.2244976769205404,0.2244976769205404,False,-8.923956621816667e-06,3.0517578125e-06,True
trial,405,405,404,925.137796644906,925.137796644906,925.1377852840518,925.1377852840518,3836,1918,0,0,3836,1918,1557416,778708,868000.0,868000.0,452.55474452554745,False,True,3836,1918,0,0,3836,1918,6.103515625e-06,1.0560980153345778,-0.6897088761566753,-0.6897088761566753,-0.6897088761566753,False,-1.6471955853250418e-05,6.103515625e-06,False
trial,406,406,406,925.1377836793718,925.1377836793718,925.1377836793718,925.1377836793718,3836,1918,0,0,3836,1918,1561252,780626,868000.0,868000.0,452.55474452554745,False,True,3836,1918,0,0,3836,1918,3.0517578125e-06,1.0560980153345778,0.1839041134250879,0.1839041134250879,0.1839041134250879,False,-8.725634360065903e-06,3.0517578125e-06,True
trial,407,407,406,925.1377935678179,925.1377935678179,925.1377836793718,925.1377836793718,3836,1918,0,0,3836,1918,1565088,782544,868000.0,868000.0,452.55474452554745,False,True,3836,1918,0,0,3836,1918,6.103515625e-06,1.128895268972792,-0.5843114827311403,-0.5843114827311403,-0.5843114827311403,False,-1.692324457369961e-05,6.103515625e-06,False
trial,408,408,408,925.1377816724462,925.1377816724462,925.1377816724462,925.1377816724462,3836,1918,0,0,3836,1918,1568924,784462,868000.0,868000.0,452.55474452554745,False,True,3836,1918,0,0,3836,1918,3.0517578125e-06,1.128895268972792,0.22467633278092639,0.22467633278092639,0.22467633278092639,False,-8.93251881446583e-06,3.0517578125e-06,True
trial,409,409,408,925.1377930258698,925.1377930258698,925.1377816724462,925.1377816724462,3836,1918,0,0,3836,1918,1572760,786380,868000.0,868000.0,452.55474452554745,False,True,3836,1918,0,0,3836,1918,6.103515625e-06,1.056738616898974,-0.6893516361618068,-0.6893516361618068,-0.6893516361618068,False,-1.646971297717979e-05,6.103515625e-06,False
trial,410,410,410,925.1377800689548,925.1377800689548,925.1377800689548,925.1377800689548,3836,1918,0,0,3836,1918,1576596,788298,868000.0,868000.0,452.55474452554745,False,True,3836,1918,0,0,3836,1918,3.0517578125e-06,1.056738616898974,0.18377269124648657,0.18377269124648657,0.18377269124648657,False,-8.725405992631905e-06,3.0517578125e-06,True
trial,411,411,410,925.1377898155047,925.1377898155047,925.1377800689548,925.1377800689548,3836,1918,0,0,3836,1918,1580432,790216,868000.0,868000.0,452.55474452554745,False,True,3836,1918,0,0,3836,1918,6.103515625e-06,1.1293586458039047,-0.5765731229655233,-0.5765731229655233,-0.5765731229655233,False,-1.6904273625388802e-05,6.103515625e-06,False
trial,412,412,412,925.137778062916,925.137778062916,925.137778062916,925.137778062916,3836,1918,0,0,3836,1918,1584268,792134,868000.0,868000.0,452.55474452554745,False,True,3836,1918,0,0,3836,1918,3.0517578125e-06,1.1293586458039047,0.22455614832642054,0.22455614832642054,0.22455614832642054,False,-8.933350644581564e-06,3.0517578125e-06,True
trial,413,413,412,925.1377894023174,925.1377894023174,925.137778062916,925.137778062916,3836,1918,0,0,3836,1918,1588104,794052,868000.0,868000.0,452.55474452554745,False,True,3836,1918,0,0,3836,1918,6.103515625e-06,1.06758540326106,-0.6889852055019119,-0.6889852055019119,-0.6889852055019119,False,-1.645812021670666e-05,6.103515625e-06,False
trial,414,414,414,925.1377764602031,925.1377764602031,925.1377764602031,925.1377764602031,3836,1918,0,0,3836,1918,1591940,795970,868000.0,868000.0,452.55474452554745,False,True,3836,1918,0,0,3836,1918,3.0517578125e-06,1.06758540326106,0.1837095083764177,0.1837095083764177,0.1837095083764177,False,-8.724169706133964e-06,3.0517578125e-06,True
trial,415,415,414,925.1377862371435,925.1377862371435,925.1377764602031,925.1377764602031,3836,1918,0,0,3836,1918,1595776,797888,868000.0,868000.0,452.55474452554745,False,True,3836,1918,0,0,3836,1918,6.103515625e-06,1.1284507498290337,-0.5782187243198748,-0.5782187243198748,-0.5782187243198748,False,-1.6908723226215594e-05,6.103515625e-06,False
trial,416,416,416,925.1377744515223,925.1377744515223,925.1377744515223,925.1377744515223,3836,1918,0,0,3836,1918,1599612,799806,868000.0,868000.0,452.55474452554745,False,True,3836,1918,0,0,3836,1918,3.0517578125e-06,1.1284507498290337,0.22488060174870642,0.22488060174870642,0.22488060174870642,False,-8.932210093705645e-06,3.0517578125e-06,True
trial,417,417,416,925.1377858020192,925.1377858020192,925.1377744515223,925.1377744515223,3836,1918,0,0,3836,1918,1603448,801724,868000.0,868000.0,452.55474452554745,False,True,3836,1918,0,0,3836,1918,6.103515625e-06,1.0551570870760656,-0.68996243095173,-0.68996243095173,-0.68996243095173,False,-1.6450891127980865e-05,6.103515625e-06,False
trial,418,418,418,925.1377728570669,925.1377728570669,925.1377728570669,925.1377728570669,3836,1918,0,0,3836,1918,1607284,803642,868000.0,868000.0,452.55474452554745,False,True,3836,1918,0,0,3836,1918,3.0517578125e-06,1.0551570870760656,0.1829321854530488,0.1829321854530488,0.1829321854530488,False,-8.71610096378839e-06,3.0517578125e-06,True
trial,419,419,418,925.1377825599859,925.1377825599859,925.1377728570669,925.1377728570669,3836,1918,0,0,3836,1918,1611120,805560,868000.0,868000.0,452.55474452554745,False,True,3836,1918,0,0,3836,1918,6.103515625e-06,1.1292912031071793,-0.5733986233799184,-0.5733986233799184,-0.5733986233799184,False,-1.692176889123366e-05,6.103515625e-06,False
trial,420,420,420,925.137770836194,925.137770836194,925.137770836194,925.137770836194,3836,1918,0,0,3836,1918,1614956,807478,868000.0,868000.0,452.55474452554745,False,True,3836,1918,0,0,3836,1918,3.0517578125e-06,1.1292912031071793,0.22616170733670762,0.22616170733670762,0.22616170733670762,False,-8.93552194203909e-06,3.0517578125e-06,True
trial,421,421,420,925.1377822234724,925.1377822234724,925.137770836194,925.137770836194,3836,1918,0,0,3836,1918,1618792,809396,868000.0,868000.0,452.55474452554745,False,True,3836,1918,0,0,3836,1918,6.103515625e-06,1.053363887152546,-0.6931463398590945,-0.6931463398590945,-0.6931463398590945,False,-1.6428389989989994e-05,6.103515625e-06,False
trial,422,422,422,925.1377692586736,925.1377692586736,925.1377692586736,925.1377692586736,3836,1918,0,0,3836,1918,1622628,811314,868000.0,868000.0,452.55474452554745,False,True,3836,1918,0,0,3836,1918,3.0517578125e-06,1.053363887152546,0.18132535085952609,0.18132535085952609,0.18132535085952609,False,-8.699943894975075e-06,3.0517578125e-06,True
trial,423,423,422,925.1377791332393,925.1377791332393,925.1377692586736,925.1377692586736,3836,1918,0,0,3836,1918,1626464,813232,868000.0,868000.0,452.55474452554745,False,True,3836,1918,0,0,3836,1918,6.103515625e-06,1.1298298307193049,-0.5824077244159738,-0.5824077244159738,-0.5824077244159738,False,-1.6954729882089677e-05,6.103515625e-06,False
trial,424,424,424,925.1377672329846,925.1377672329846,925.1377672329846,925.1377672329846,3836,1918,0,0,3836,1918,1630300,815150,868000.0,868000.0,452.55474452554745,False,True,3836,1918,0,0,3836,1918,3.0517578125e-06,1.1298298307193049,0.22627304478094498,0.22627304478094498,0.22627304478094498,False,-8.952409757086378e-06,3.0517578125e-06,True
trial,425,425,424,925.1377786393448,925.1377786393448,925.1377672329846,925.1377672329846,3836,1918,0,0,3836,1918,1634136,817068,868000.0,868000.0,452.55474452554745,False,True,3836,1918,0,0,3836,1918,6.103515625e-06,1.0610872377402343,-0.694684764911692,-0.694684764911692,-0.694684764911692,False,-1.641947648019416e-05,6.103515625e-06,False
trial,426,426,426,925.1377656599371,925.1377656599371,925.1377656599371,925.1377656599371,3836,1918,0,0,3836,1918,1637972,818986,868000.0,868000.0,452.55474452554745,False,True,3836,1918,0,0,3836,1918,3.0517578125e-06,1.0610872377402343,0.18092880536269734,0.18092880536269734,0.18092880536269734,False,-8.694289895507973e-06,3.0517578125e-06,True
trial,427,427,426,925.1377753492362,925.1377753492362,925.1377656599371,925.1377656599371,3836,1918,0,0,3836,1918,1641808,820904,868000.0,868000.0,452.55474452554745,False,True,3836,1918,0,0,3836,1918,6.103515625e-06,1.1295037262061594,-0.5719128918174466,-0.5719128918174466,-0.5719128918174466,False,-1.694191408426336e-05,6.103515625e-06,False
trial,428,428,428,925.1377636313937,925.1377636313937,925.1377636313937,925.1377636313937,3836,1918,0,0,3836,1918,1645644,822822,868000.0,868000.0,452.55474452554745,False,True,3836,1918,0,0,3836,1918,3.0517578125e-06,1.1295037262061594,0.22654202850650618,0.22654202850650618,0.22654202850650618,False,-8.954380237333447e-06,3.0517578125e-06,True
trial,429,429,428,925.1377748693756,925.1377748693756,925.1377636313937,925.1377636313937,3836,1918,0,0,3836,1918,1649480,824740,868000.0,868000.0,452.55474452554745,False,True,3836,1918,0,0,3836,1918,6.103515625e-06,1.0526112469843802,-0.6855763544813136,-0.6855763544813136,-0.6855763544813136,False,-1.6392020825583843e-05,6.103515625e-06,False
trial,430,430,430,925.1377620528783,925.1377620528783,925.1377620528783,925.1377620528783,3836,1918,0,0,3836,1918,1653316,826658,868000.0,868000.0,452.55474452554745,False,True,3836,1918,0,0,3836,1918,3.0517578125e-06,1.0526112469843802,0.1814485220973384,0.1814485220973384,0.1814485220973384,False,-8.699521760620843e-06,3.0517578125e-06,True
trial,431,431,430,925.1377718210454,925.1377718210454,925.1377620528783,925.1377620528783,3836,1918,0,0,3836,1918,1657152,828576,868000.0,868000.0,452.55474452554745,False,True,3836,1918,0,0,3836,1918,6.103515625e-06,1.1292197786477098,-0.5776599872307695,-0.5776599872307695,-0.5776599872307695,False,-1.6909890355421338e-05,6.103515625e-06,False
trial,432,432,432,925.1377600241008,925.1377600241008,925.1377600241008,925.1377600241008,3836,1918,0,0,3836,1918,1660988,830494,868000.0,868000.0,452.55474452554745,False,True,3836,1918,0,0,3836,1918,3.0517578125e-06,1.1292197786477098,0.22657457659306995,0.22657457659306995,0.22657457659306995,False,-8.954127045889448e-06,3.0517578125e-06,True
trial,433,433,432,925.1377714226644,925.1377714226644,925.1377600241008,925.1377600241008,3836,1918,0,0,3836,1918,1664824,832412,868000.0,868000.0,452.55474452554745,False,True,3836,1918,0,0,3836,1918,6.103515625e-06,1.0518832274337881,-0.6953854536249857,-0.6953854536249857,-0.6953854536249857,False,-1.6391719972790448e-05,6.103515625e-06,False
trial,434,434,434,925.1377584561033,925.1377584561033,925.1377584561033,925.1377584561033,3836,1918,0,0,3836,1918,1668660,834330,868000.0,868000.0,452.55474452554745,False,True,3836,1918,0,0,3836,1918,3.0517578125e-06,1.0518832274337881,0.1804987484199081,0.1804987484199081,0.1804987484199081,False,-8.68702707728411e-06,3.0517578125e-06,True
trial,435,435,434,925.1377681596937,925.1377681596937,925.1377584561033,925.1377584561033,3836,1918,0,0,3836,1918,1672496,836248,868000.0,868000.0,452.55474452554745,False,True,3836,1918,0,0,3836,1918,6.103515625e-06,1.1288947179305422,-0.5727090598214629,-0.5727090598214629,-0.5727090598214629,False,-1.6943315729761817e-05,6.103515625e-06,False
trial,436,436,436,925.1377564289851,925.1377564289851,925.1377564289851,925.1377564289851,3836,1918,0,0,3836,1918,1676332,838166,868000.0,868000.0,452.55474452554745,False,True,3836,1918,0,0,3836,1918,3.0517578125e-06,1.1288947179305422,0.22641171595251403,0.22641171595251403,0.22641171595251403,False,-8.953238848844407e-06,3.0517578125e-06,True
trial,437,437,436,925.1377677830565,925.1377677830565,925.1377564289851,925.1377564289851,3836,1918,0,0,3836,1918,1680168,840084,868000.0,868000.0,452.55474452554745,False,True,3836,1918,0,0,3836,1918,6.103515625e-06,1.076174557720216,-0.6917649187031996,-0.6917649187031996,-0.6917649187031996,False,-1.6413193367510172e-05,6.103515625e-06,False
trial,438,438,438,925.1377548587266,925.1377548587266,925.1377548587266,925.1377548587266,3836,1918,0,0,3836,1918,1684004,842002,868000.0,868000.0,452.55474452554745,False,True,3836,1918,0,0,3836,1918,3.0517578125e-06,1.076174557720216,0.1806477379361016,0.1806477379361016,0.1806477379361016,False,-8.692378530218135e-06,3.0517578125e-06,True
trial,439,439,438,925.1377646652948,925.1377646652948,925.1377548587266,925.1377548587266,3836,1918,0,0,3836,1918,1687840,843920,868000.0,868000.0,452.55474452554745,False,True,3836,1918,0,0,3836,1918,6.103515625e-06,1.1356108499437267,-0.5780892091911681,-0.5780892091911681,-0.5780892091911681,False,-1.6963762739236808e-05,6.103515625e-06,False
trial,440,440,440,925.1377528269729,925.1377528269729,925.1377528269729,925.1377528269729,3836,1918,0,0,3836,1918,1691676,845838,868000.0,868000.0,452.55474452554745,False,True,3836,1918,0,0,3836,1918,3.0517578125e-06,1.1356108499437267,0.22682126267441813,0.22682126267441813,0.22682126267441813,False,-8.95750960145759e-06,3.0517578125e-06,True
trial,441,441,440,925.137764187941,925.137764187941,925.1377528269729,925.1377528269729,3836,1918,0,0,3836,1918,1695512,847756,868000.0,868000.0,452.55474452554745,False,True,3836,1918,0,0,3836,1918,6.103515625e-06,1.0963282641116916,-0.6925337168692478,-0.6925337168692478,-0.6925337168692478,False,-1.64049313370891e-05,6.103515625e-06,False
trial,442,442,442,925.1377512567499,925.1377512567499,925.1377512567499,925.1377512567499,3836,1918,0,0,3836,1918,1699348,849674,868000.0,868000.0,452.55474452554745,False,True,3836,1918,0,0,3836,1918,3.0517578125e-06,1.0963282641116916,0.180656549492225,0.180656549492225,0.180656549492225,False,-8.691758216839246e-06,3.0517578125e-06,True
trial,443,443,442,925.1377611379212,925.1377611379212,925.1377512567499,925.1377512567499,3836,1918,0,0,3836,1918,1703184,851592,868000.0,868000.0,452.55474452554745,False,True,3836,1918,0,0,3836,1918,6.103515625e-06,1.1497739757320422,-0.5820352383187508,-0.5820352383187508,-0.5820352383187508,False,-1.6976929674012156e-05,6.103515625e-06,False
trial,444,444,444,925.137749224971,925.137749224971,925.137749224971,925.137749224971,3836,1918,0,0,3836,1918,1707020,853510,868000.0,868000.0,452.55474452554745,False,True,3836,1918,0,0,3836,1918,3.0517578125e-06,1.1497739757320422,0.22684724325763694,0.22684724325763694,0.22684724325763694,False,-8.956594964617926e-06,3.0517578125e-06,True
trial,445,445,444,925.137760570366,925.137760570366,925.137749224971,925.137749224971,3836,1918,0,0,3836,1918,1710856,855428,868000.0,868000.0,452.55474452554745,False,True,3836,1918,0,0,3836,1918,6.103515625e-06,1.0612024032736733,-0.6924092548512234,-0.6924092548512234,-0.6924092548512234,False,-1.638538905129466e-05,6.103515625e-06,False
trial,446,446,446,925.1377476599286,925.1377476599286,925.1377476599286,925.1377476599286,3836,1918,0,0,3836,1918,1714692,857346,868000.0,868000.0,452.55474452554745,False,True,3836,1918,0,0,3836,1918,3.0517578125e-06,1.0612024032736733,0.18015919925196647,0.18015919925196647,0.18015919925196647,False,-8.686997163979976e-06,3.0517578125e-06,True
trial,447,447,446,925.1377575320174,925.1377575320174,925.1377476599286,925.1377476599286,3836,1918,0,0,3836,1918,1718528,859264,868000.0,868000.0,452.55474452554745,False,True,3836,1918,0,0,3836,1918,6.103515625e-06,1.128423714360415,-0.5814029505610062,-0.5814029505610062,-0.5814029505610062,False,-1.6979770841793975e-05,6.103515625e-06,False
trial,448,448,448,925.1377456233632,925.1377456233632,925.1377456233632,925.1377456233632,3836,1918,0,0,3836,1918,1722364,861182,868000.0,868000.0,452.55474452554745,False,True,3836,1918,0,0,3836,1918,3.0517578125e-06,1.128423714360415,0.2273340364285367,0.2273340364285367,0.2273340364285367,False,-8.958470768105884e-06,3.0517578125e-06,True
trial,449,449,448,925.137756996997,925.137756996997,925.1377456233632,925.1377456233632,3836,1918,0,0,3836,1918,1726200,863100,868000.0,868000.0,452.55474452554745,False,True,3836,1918,0,0,3836,1918,6.103515625e-06,1.0504873900728682,-0.6946242599182714,-0.6946242599182714,-0.6946242599182714,False,-1.6373792951171972e-05,6.103515625e-06,False
trial,450,450,450,925.137744060236,925.137744060236,925.137744060236,925.137744060236,3836,1918,0,0,3836,1918,1730036,865018,868000.0,868000.0,452.55474452554745,False,True,3836,1918,0,0,3836,1918,3.0517578125e-06,1.0504873900728682,0.1799878946237445,0.1799878946237445,0.1799878946237445,False,-8.684624528589078e-06,3.0517578125e-06,True
trial,451,451,450,925.1377538180259,925.1377538180259,925.137744060236,925.137744060236,3836,1918,0,0,3836,1918,1733872,866936,868000.0,868000.0,452.55474452554745,False,True,3836,1918,0,0,3836,1918,6.103515625e-06,1.1296301797066752,-0.5751704094693554,-0.5751704094693554,-0.5751704094693554,False,-1.6965041627602604e-05,6.103515625e-06,False
trial,452,452,452,925.1377420293758,925.1377420293758,925.1377420293758,925.1377420293758,3836,1918,0,0,3836,1918,1737708,868854,868000.0,868000.0,452.55474452554745,False,True,3836,1918,0,0,3836,1918,3.0517578125e-06,1.1296301797066752,0.2267231296405361,0.2267231296405361,0.2267231296405361,False,-8.957445923506168e-06,3.0517578125e-06,True
trial,453,453,452,925.1377534280113,925.1377534280113,925.1377420293758,925.1377420293758,3836,1918,0,0,3836,1918,1741544,870772,868000.0,868000.0,452.55474452554745,False,True,3836,1918,0,0,3836,1918,6.103515625e-06,1.057024704866927,-0.6957063778818106,-0.6957063778818106,-0.6957063778818106,False,-1.6384261868863465e-05,6.103515625e-06,False
trial,454,454,454,925.137740471431,925.137740471431,925.137740471431,925.137740471431,3836,1918,0,0,3836,1918,1745380,872690,868000.0,868000.0,452.55474452554745,False,True,3836,1918,0,0,3836,1918,3.0517578125e-06,1.057024704866927,0.17955546617431314,0.17955546617431314,0.17955546617431314,False,-8.676676848153659e-06,3.0517578125e-06,True
trial,455,455,454,925.1377502121477,925.1377502121477,925.137740471431,925.137740471431,3836,1918,0,0,3836,1918,1749216,874608,868000.0,868000.0,452.55474452554745,False,True,3836,1918,0,0,3836,1918,6.103515625e-06,1.1278522220050418,-0.5742089298644906,-0.5742089298644906,-0.5742089298644906,False,-1.696371507143965e-05,6.103515625e-06,False
trial,456,456,456,925.1377384453733,925.1377384453733,925.1377384453733,925.1377384453733,3836,1918,0,0,3836,1918,1753052,876526,868000.0,868000.0,452.55474452554745,False,True,3836,1918,0,0,3836,1918,3.0517578125e-06,1.1278522220050418,0.2263258518905605,0.2263258518905605,0.2263258518905605,False,-8.951949957784774e-06,3.0517578125e-06,True
trial,457,457,456,925.1377497874689,925.1377497874689,925.1377384453733,925.1377384453733,3836,1918,0,0,3836,1918,1756888,878444,868000.0,868000.0,452.55474452554745,False,True,3836,1918,0,0,3836,1918,6.103515625e-06,1.0551475993058796,-0.6929713215115112,-0.6929713215115112,-0.6929713215115112,False,-1.6367337654479783e-05,6.103515625e-06,False
trial,458,458,458,925.1377368882727,925.1377368882727,925.1377368882727,925.1377368882727,3836,1918,0,0,3836,1918,1760724,880362,868000.0,868000.0,452.55474452554745,False,True,3836,1918,0,0,3836,1918,3.0517578125e-06,1.0551475993058796,0.17944714020420605,0.17944714020420605,0.17944714020420605,False,-8.677210624655697e-06,3.0517578125e-06,True
trial,459,459,458,925.1377465511571,925.1377465511571,925.1377368882727,925.1377368882727,3836,1918,0,0,3836,1918,1764560,882280,868000.0,868000.0,452.55474452554745,False,True,3836,1918,0,0,3836,1918,6.103515625e-06,1.1281852494490838,-0.5691427748698299,-0.5691427748698299,-0.5691427748698299,False,-1.697796198338201e-05,6.103515625e-06,False
trial,460,460,460,925.1377348375128,925.1377348375128,925.1377348375128,925.1377348375128,3836,1918,0,0,3836,1918,1768396,884198,868000.0,868000.0,452.55474452554745,False,True,3836,1918,0,0,3836,1918,3.0517578125e-06,1.1281852494490838,0.2287935463913498,0.2287935463913498,0.2287935463913498,False,-8.963364350890218e-06,3.0517578125e-06,True
trial,461,461,460,925.13774612413,925.13774612413,925.1377348375128,925.1377348375128,3836,1918,0,0,3836,1918,1772232,886116,868000.0,868000.0,452.55474452554745,False,True,3836,1918,0,0,3836,1918,6.103515625e-06,1.0485213365076305,-0.690604082813728,-0.690604082813728,-0.690604082813728,False,-1.6343108162732876e-05,6.103515625e-06,False
trial,462,462,462,925.1377333027153,925.1377333027153,925.1377333027153,925.1377333027153,3836,1918,0,0,3836,1918,1776068,888034,868000.0,868000.0,452.55474452554745,False,True,3836,1918,0,0,3836,1918,3.0517578125e-06,1.0485213365076305,0.17731918951176345,0.17731918951176345,0.17731918951176345,False,-8.655563102103699e-06,3.0517578125e-06,True
trial,463,463,462,925.1377431137985,925.1377431137985,925.1377333027153,925.1377333027153,3836,1918,0,0,3836,1918,1779904,889952,868000.0,868000.0,452.55474452554745,False,True,3836,1918,0,0,3836,1918,6.103515625e-06,1.1297140338654312,-0.5762317359676153,-0.5762317359676153,-0.5762317359676153,False,-1.7026280458903215e-05,6.103515625e-06,False
trial,464,464,464,925.1377312441966,925.1377312441966,925.1377312441966,925.1377312441966,3836,1918,0,0,3836,1918,1783740,891870,868000.0,868000.0,452.55474452554745,False,True,3836,1918,0,0,3836,1918,3.0517578125e-06,1.1297140338654312,0.2291600698439615,0.2291600698439615,0.2291600698439615,False,-8.982885650426076e-06,3.0517578125e-06,True
trial,465,465,464,925.1377425717103,925.1377425717103,925.1377312441966,925.1377312441966,3836,1918,0,0,3836,1918,1787576,893788,868000.0,868000.0,452.55474452554745,False,True,3836,1918,0,0,3836,1918,6.103515625e-06,1.0483225195835084,-0.6928853245791898,-0.6928853245791898,-0.6928853245791898,False,-1.634832384763812e-05,6.103515625e-06,False
trial,466,466,466,925.137729710721,925.137729710721,925.137729710721,925.137729710721,3836,1918,0,0,3836,1918,1791412,895706,868000.0,868000.0,452.55474452554745,False,True,3836,1918,0,0,3836,1918,3.0517578125e-06,1.0483225195835084,0.17721429811843198,0.17721429811843198,0.17721429811843198,False,-8.653227270329761e-06,3.0517578125e-06,True
trial,467,467,466,925.1377393480441,925.1377393480441,925.137729710721,925.137729710721,3836,1918,0,0,3836,1918,1795248,897624,868000.0,868000.0,452.55474452554745,False,True,3836,1918,0,0,3836,1918,6.103515625e-06,1.1295346270836824,-0.566652083985534,-0.566652083985534,-0.566652083985534,False,-1.7007478342758942e-05,6.103515625e-06,False
trial,468,468,468,925.137727661273,925.137727661273,925.137727661273,925.137727661273,3836,1918,0,0,3836,1918,1799084,899542,868000.0,868000.0,452.55474452554745,False,True,3836,1918,0,0,3836,1918,3.0517578125e-06,1.1295346270836824,0.22827117048696935,0.22827117048696935,0.22827117048696935,False,-8.978129304044083e-06,3.0517578125e-06,True
trial,469,469,468,925.1377390002514,925.1377390002514,925.137727661273,925.137727661273,3836,1918,0,0,3836,1918,1802920,901460,868000.0,868000.0,452.55474452554745,False,True,3836,1918,0,0,3836,1918,6.103515625e-06,1.0546299336051834,-0.6941044922146603,-0.6941044922146603,-0.6941044922146603,False,-1.6336125975020726e-05,6.103515625e-06,False
trial,470,470,470,925.1377261287412,925.1377261287412,925.1377261287412,925.1377261287412,3836,1918,0,0,3836,1918,1806756,903378,868000.0,868000.0,452.55474452554745,False,True,3836,1918,0,0,3836,1918,3.0517578125e-06,1.0546299336051834,0.1770641640715558,0.1770641640715558,0.1770641640715558,False,-8.655233977354484e-06,3.0517578125e-06,True
trial,471,471,470,925.1377358413878,925.1377358413878,925.1377261287412,925.1377261287412,3836,1918,0,0,3836,1918,1810592,905296,868000.0,868000.0,452.55474452554745,False,True,3836,1918,0,0,3836,1918,6.103515625e-06,1.1459847436803823,-0.5712391164389315,-0.5712391164389315,-0.5712391164389315,False,-1.7002768756810957e-05,6.103515625e-06,False
trial,472,472,472,925.137724073664,925.137724073664,925.137724073664,925.137724073664,3836,1918,0,0,3836,1918,1814428,907214,868000.0,868000.0,452.55474452554745,False,True,3836,1918,0,0,3836,1918,3.0517578125e-06,1.1459847436803823,0.22881191447395674,0.22881191447395674,0.22881191447395674,False,-8.981512959345298e-06,3.0517578125e-06,True
trial,473,473,472,925.1377353860084,925.1377353860084,925.137724073664,925.137724073664,3836,1918,0,0,3836,1918,1818264,909132,868000.0,868000.0,452.55474452554745,False,True,3836,1918,0,0,3836,1918,6.103515625e-06,1.0545463926079892,-0.6930394328115732,-0.6930394328115732,-0.6930394328115732,False,-1.632280055818253e-05,6.103515625e-06,False
trial,474,474,474,925.1377225404295,925.1377225404295,925.1377225404295,925.1377225404295,3836,1918,0,0,3836,1918,1822100,911050,868000.0,868000.0,452.55474452554745,False,True,3836,1918,0,0,3836,1918,3.0517578125e-06,1.0545463926079892,0.17715337982000767,0.17715337982000767,0.17715337982000767,False,-8.654841747562261e-06,3.0517578125e-06,True
trial,475,475,474,925.1377323861367,925.1377323861367,925.1377225404295,925.1377225404295,3836,1918,0,0,3836,1918,1825936,912968,868000.0,868000.0,452.55474452554745,False,True,3836,1918,0,0,3836,1918,6.103515625e-06,1.1292000989550655,-0.5780889542301539,-0.5780889542301539,-0.5780889542301539,False,-1.703147427815161e-05,6.103515625e-06,False
trial,476,476,476,925.1377204799055,925.1377204799055,925.1377204799055,925.1377204799055,3836,1918,0,0,3836,1918,1829772,914886,868000.0,868000.0,452.55474452554745,False,True,3836,1918,0,0,3836,1918,3.0517578125e-06,1.1292000989550655,0.2293678296866495,0.2293678296866495,0.2293678296866495,False,-8.983491834916485e-06,3.0517578125e-06,True
trial,477,477,476,925.1377318210207,925.1377318210207,925.1377204799055,925.1377204799055,3836,1918,0,0,3836,1918,1833608,916804,868000.0,868000.0,452.55474452554745,False,True,3836,1918,0,0,3836,1918,6.103515625e-06,1.0471624599305376,-0.6948516346186869,-0.6948516346186869,-0.6948516346186869,False,-1.632163558913568e-05,6.103515625e-06,False
trial,478,478,478,925.1377189573193,925.1377189573193,925.1377189573193,925.1377189573193,3836,1918,0,0,3836,1918,1837444,918722,868000.0,868000.0,452.55474452554745,False,True,3836,1918,0,0,3836,1918,3.0517578125e-06,1.0471624599305376,0.1761320403986383,0.1761320403986383,0.1761320403986383,False,-8.644572638007137e-06,3.0517578125e-06,True
trial,479,479,478,925.1377287349472,925.1377287349472,925.1377189573193,925.1377189573193,3836,1918,0,0,3836,1918,1841280,920640,868000.0,868000.0,452.55474452554745,False,True,3836,1918,0,0,3836,1918,6.103515625e-06,1.1354029633190235,-0.5742594413267871,-0.5742594413267871,-0.5742594413267871,False,-1.7026499258147535e-05,6.103515625e-06,False
trial,480,480,480,925.1377168975075,925.1377168975075,925.1377168975075,925.1377168975075,3836,1918,0,0,3836,1918,1845116,922558,868000.0,868000.0,452.55474452554745,False,True,3836,1918,0,0,3836,1918,3.0517578125e-06,1.1354029633190235,0.2292459330657784,0.2292459330657784,0.2292459330657784,False,-8.985161697735223e-06,3.0517578125e-06,True
trial,481,481,480,925.1377282377297,925.1377282377297,925.1377168975075,925.1377168975075,3836,1918,0,0,3836,1918,1848952,924476,868000.0,868000.0,452.55474452554745,False,True,3836,1918,0,0,3836,1918,6.103515625e-06,1.0533428716329614,-0.6950992542815588,-0.6950992542815588,-0.6950992542815588,False,-1.6314536505109897e-05,6.103515625e-06,False
trial,482,482,482,925.1377153692215,925.1377153692215,925.1377153692215,925.1377153692215,3836,1918,0,0,3836,1918,1852788,926394,868000.0,868000.0,452.55474452554745,False,True,3836,1918,0,0,3836,1918,3.0517578125e-06,1.0533428716329614,0.1766753058600939,0.1766753058600939,0.1766753058600939,False,-8.650252580361572e-06,3.0517578125e-06,True
trial,483,483,482,925.1377250426191,925.1377250426191,925.1377153692215,925.1377153692215,3836,1918,0,0,3836,1918,1856624,928312,868000.0,868000.0,452.55474452554745,False,True,3836,1918,0,0,3836,1918,6.103515625e-06,1.1288488575209001,-0.5683050633697982,-0.5683050633697982,-0.5683050633697982,False,-1.7021487592976644e-05,6.103515625e-06,False
trial,484,484,484,925.1377133084316,925.1377133084316,925.1377133084316,925.1377133084316,3836,1918,0,0,3836,1918,1860460,930230,868000.0,868000.0,452.55474452554745,False,True,3836,1918,0,0,3836,1918,3.0517578125e-06,1.1288488575209001,0.2293090058390341,0.2293090058390341,0.2293090058390341,False,-8.986955968674667e-06,3.0517578125e-06,True
trial,485,485,484,925.1377246582618,925.1377246582618,925.1377133084316,925.1377133084316,3836,1918,0,0,3836,1918,1864296,932148,868000.0,868000.0,452.55474452554745,False,True,3836,1918,0,0,3836,1918,6.103515625e-06,1.052810898067879,-0.6949842338397133,-0.6949842338397133,-0.6949842338397133,False,-1.6331061534083686e-05,6.103515625e-06,False
trial,486,486,486,925.1377117898511,925.1377117898511,925.1377117898511,925.1377117898511,3836,1918,0,0,3836,1918,1868132,934066,868000.0,868000.0,452.55474452554745,False,True,3836,1918,0,0,3836,1918,3.0517578125e-06,1.052810898067879,0.17574087136559308,0.17574087136559308,0.17574087136559308,False,-8.64102043866744e-06,3.0517578125e-06,True
trial,487,487,486,925.1377215500477,925.1377215500477,925.1377117898511,925.1377117898511,3836,1918,0,0,3836,1918,1871968,935984,868000.0,868000.0,452.55474452554745,False,True,3836,1918,0,0,3836,1918,6.103515625e-06,1.1289899663234462,-0.5732702007259189,-0.5732702007259189,-0.5732702007259189,False,-1.7025473439787144e-05,6.103515625e-06,False
trial,488,488,488,925.13770972937,925.13770972937,925.13770972937,925.13770972937,3836,1918,0,0,3836,1918,1875804,937902,868000.0,868000.0,452.55474452554745,False,True,3836,1918,0,0,3836,1918,3.0517578125e-06,1.1289899663234462,0.22929138244154038,0.22929138244154038,0.22929138244154038,False,-8.98629957051791e-06,3.0517578125e-06,True
trial,489,489,488,925.1377211458225,925.1377211458225,925.13770972937,925.13770972937,3836,1918,0,0,3836,1918,1879640,939820,868000.0,868000.0,452.55474452554745,False,True,3836,1918,0,0,3836,1918,6.103515625e-06,1.0470712144847678,-0.7001689762712116,-0.7001689762712116,-0.7001689762712116,False,-1.6305281820769528e-05,6.103515625e-06,False
trial,490,490,490,925.1377082095466,925.1377082095466,925.1377082095466,925.1377082095466,3836,1918,0,0,3836,1918,1883476,941738,868000.0,868000.0,452.55474452554745,False,True,3836,1918,0,0,3836,1918,3.0517578125e-06,1.0470712144847678,0.17588478337602131,0.17588478337602131,0.17588478337602131,False,-8.641016979433173e-06,3.0517578125e-06,True
trial,491,491,490,925.1377179498681,925.1377179498681,925.1377082095466,925.1377082095466,3836,1918,0,0,3836,1918,1887312,943656,868000.0,868000.0,452.55474452554745,False,True,3836,1918,0,0,3836,1918,6.103515625e-06,1.1282363161904996,-0.5721171355719579,-0.5721171355719579,-0.5721171355719579,False,-1.7025047663555754e-05,6.103515625e-06,False
trial,492,492,492,925.1377061513022,925.1377061513022,925.1377061513022,925.1377061513022,3836,1918,0,0,3836,1918,1891148,945574,868000.0,868000.0,452.55474452554745,False,True,3836,1918,0,0,3836,1918,3.0517578125e-06,1.1282363161904996,0.22904081718417557,0.22904081718417557,0.22904081718417557,False,-8.986365468406033e-06,3.0517578125e-06,True
trial,493,493,492,925.1377174847789,925.1377174847789,925.1377061513022,925.1377061513022,3836,1918,0,0,3836,1918,1894984,947492,868000.0,868000.0,452.55474452554745,False,True,3836,1918,0,0,3836,1918,6.103515625e-06,1.04909770909136,-0.6949253578530873,-0.6949253578530873,-0.6949253578530873,False,-1.6308912388119545e-05,6.103515625e-06,False
trial,494,494,494,925.1377046321246,925.1377046321246,925.1377046321246,925.1377046321246,3836,1918,0,0,3836,1918,1898820,949410,868000.0,868000.0,452.55474452554745,False,True,3836,1918,0,0,3836,1918,3.0517578125e-06,1.04909770909136,0.17579246088287,0.17579246088287,0.17579246088287,False,-8.641881096728333e-06,3.0517578125e-06,True
trial,495,495,494,925.1377145390455,925.1377145390455,925.1377046321246,925.1377046321246,3836,1918,0,0,3836,1918,1902656,951328,868000.0,868000.0,452.55474452554745,False,True,3836,1918,0,0,3836,1918,6.103515625e-06,1.1287937288374061,-0.5814681257902808,-0.5814681257902808,-0.5814681257902808,False,-1.7037771260920465e-05,6.103515625e-06,False
trial,496,496,496,925.1377025674694,925.1377025674694,925.1377025674694,925.1377025674694,3836,1918,0,0,3836,1918,1906492,953246,868000.0,868000.0,452.55474452554745,False,True,3836,1918,0,0,3836,1918,3.0517578125e-06,1.1287937288374061,0.2296722682614891,0.2296722682614891,0.2296722682614891,False,-8.989571066285565e-06,3.0517578125e-06,True
trial,497,497,496,925.137713903476,925.137713903476,925.1377025674694,925.1377025674694,3836,1918,0,0,3836,1918,1910328,955164,868000.0,868000.0,452.55474452554745,False,True,3836,1918,0,0,3836,1918,6.103515625e-06,1.046781227361132,-0.6949640973041856,-0.6949640973041856,-0.6949640973041856,False,-1.6311643408623218e-05,6.103515625e-06,False
trial,498,498,498,925.137701055254,925.137701055254,925.137701055254,925.137701055254,3836,1918,0,0,3836,1918,1914164,957082,868000.0,868000.0,452.55474452554745,False,True,3836,1918,0,0,3836,1918,3.0517578125e-06,1.046781227361132,0.17512566146047764,0.17512566146047764,0.17512566146047764,False,-8.635030776098293e-06,3.0517578125e-06,True
trial,499,499,498,925.1377109617581,925.1377109617581,925.137701055254,925.137701055254,3836,1918,0,0,3836,1918,1918000,959000,868000.0,868000.0,452.55474452554745,False,True,3836,1918,0,0,3836,1918,6.103515625e-06,1.129201822989841,-0.5815431503172865,-0.5815431503172865,-0.5815431503172865,False,-1.703485655600778e-05,6.103515625e-06,False
trial,500,500,500,925.1376989971326,925.1376989971326,925.1376989971326,925.1376989971326,3836,1918,0,0,3836,1918,1921836,960918,868000.0,868000.0,452.55474452554745,False,True,3836,1918,0,0,3836,1918,3.0517578125e-06,1.129201822989841,0.22903255273090742,0.22903255273090742,0.22903255273090742,False,-8.986152156161963e-06,3.0517578125e-06,True
trial,501,501,500,925.1377102987171,925.1377102987171,925.1376989971326,925.1376989971326,3836,1918,0,0,3836,1918,1925672,962836,868000.0,868000.0,452.55474452554745,False,True,3836,1918,0,0,3836,1918,6.103515625e-06,1.052324631378866,-0.69286628070672,-0.69286628070672,-0.69286628070672,False,-1.6311350205201983e-05,6.103515625e-06,False
trial,502,502,502,925.1376974791262,925.1376974791262,925.1376974791262,925.1376974791262,3836,1918,0,0,3836,1918,1929508,964754,868000.0,868000.0,452.55474452554745,False,True,3836,1918,0,0,3836,1918,3.0517578125e-06,1.052324631378866,0.17570903212210184,0.17570903212210184,0.17570903212210184,False,-8.63931879036215e-06,3.0517578125e-06,True
trial,503,503,502,925.1377072426839,925.1377072426839,925.1376974791262,925.1376974791262,3836,1918,0,0,3836,1918,1933344,966672,868000.0,868000.0,452.55474452554745,False,True,3836,1918,0,0,3836,1918,6.103515625e-06,1.128269804922918,-0.5728307316222152,-0.5728307316222152,-0.5728307316222152,False,-1.70444026044156e-05,6.103515625e-06,False
trial,504,504,504,925.1376954139612,925.1376954139612,925.1376954139612,925.1376954139612,3836,1918,0,0,3836,1918,1937180,968590,868000.0,868000.0,452.55474452554745,False,True,3836,1918,0,0,3836,1918,3.0517578125e-06,1.128269804922918,0.22972859541698712,0.22972859541698712,0.22972859541698712,False,-8.98958642571378e-06,3.0517578125e-06,True
trial,505,505,504,925.1377067630511,925.1377067630511,925.1376954139612,925.1376954139612,3836,1918,0,0,3836,1918,1941016,970508,868000.0,868000.0,452.55474452554745,False,True,3836,1918,0,0,3836,1918,6.103515625e-06,1.0462370086910882,-0.6957357057678624,-0.6957357057678624,-0.6957357057678624,False,-1.63123580768957e-05,6.103515625e-06,False
trial,506,506,506,925.1376938959141,925.1376938959141,925.1376938959141,925.1376938959141,3836,1918,0,0,3836,1918,1944852,972426,868000.0,868000.0,452.55474452554745,False,True,3836,1918,0,0,3836,1918,3.0517578125e-06,1.0462370086910882,0.17571112095434535,0.17571112095434535,0.17571112095434535,False,-8.639447716750702e-06,3.0517578125e-06,True
trial,507,507,506,925.1377036685288,925.1377036685288,925.1376938959141,925.1376938959141,3836,1918,0,0,3836,1918,1948688,974344,868000.0,868000.0,452.55474452554745,False,True,3836,1918,0,0,3836,1918,6.103515625e-06,1.191624547363391,-0.5732539948065106,-0.5732539948065106,-0.5732539948065106,False,-1.7047617272253427e-05,6.103515625e-06,False
trial,508,508,508,925.1376918323397,925.1376918323397,925.1376918323397,925.1376918323397,3836,1918,0,0,3836,1918,1952524,976262,868000.0,868000.0,452.55474452554745,False,True,3836,1918,0,0,3836,1918,3.0517578125e-06,1.191624547363391,0.2295153020844015,0.2295153020844015,0.2295153020844015,False,-8.99101041051033e-06,3.0517578125e-06,True
trial,509,509,508,925.1377031860698,925.1377031860698,925.1376918323397,925.1376918323397,3836,1918,0,0,3836,1918,1956360,978180,868000.0,868000.0,452.55474452554745,False,True,3836,1918,0,0,3836,1918,6.103515625e-06,1.0807585733450396,-0.69607537973812,-0.69607537973812,-0.69607537973812,False,-1.6311064028611772e-05,6.103515625e-06,False
trial,510,510,510,925.1376903204182,925.1376903204182,925.1376903204182,925.1376903204182,3836,1918,0,0,3836,1918,1960196,980098,868000.0,868000.0,452.55474452554745,False,True,3836,1918,0,0,3836,1918,3.0517578125e-06,1.0807585733450396,0.17509657043208182,0.17509657043208182,0.17509657043208182,False,-8.63478638389383e-06,3.0517578125e-06,True
trial,511,511,510,925.1377001716743,925.1377001716743,925.1376903204182,925.1376903204182,3836,1918,0,0,3836,1918,1964032,982016,868000.0,868000.0,452.55474452554745,False,True,3836,1918,0,0,3836,1918,6.103515625e-06,1.1301822117444136,-0.5777092595921153,-0.5777092595921153,-0.5777092595921153,False,-1.7052273149078736e-05,6.103515625e-06,False
trial,512,512,512,925.137688258169,925.137688258169,925.137688258169,925.137688258169,3836,1918,0,0,3836,1918,1967868,983934,868000.0,868000.0,452.55474452554745,False,True,3836,1918,0,0,3836,1918,3.0517578125e-06,1.1301822117444136,0.22942285063986892,0.22942285063986892,0.22942285063986892,False,-8.988857113375001e-06,3.0517578125e-06,True
trial,513,513,512,925.1376996010197,925.1376996010197,925.137688258169,925.137688258169,3836,1918,0,0,3836,1918,1971704,985852,868000.0,868000.0,452.55474452554745,False,True,3836,1918,0,0,3836,1918,6.103515625e-06,1.0489372308398022,-0.6957355620157625,-0.6957355620157625,-0.6957355620157625,False,-1.630339360426302e-05,6.103515625e-06,False
trial,514,514,514,925.1376867474855,925.1376867474855,925.1376867474855,925.1376867474855,3836,1918,0,0,3836,1918,1975540,987770,868000.0,868000.0,452.55474452554745,False,True,3836,1918,0,0,3836,1918,3.0517578125e-06,1.0489372308398022,0.17498400695940802,0.17498400695940802,0.17498400695940802,False,-8.63326574137201e-06,3.0517578125e-06,True
trial,515,515,514,925.1376964032081,925.1376964032081,925.1376867474855,925.1376867474855,3836,1918,0,0,3836,1918,1979376,989688,868000.0,868000.0,452.55474452554745,False,True,3836,1918,0,0,3836,1918,6.103515625e-06,1.1280311945322552,-0.5665080982570114,-0.5665080982570114,-0.5665080982570114,False,-1.7044279876201934e-05,6.103515625e-06,False
trial,516,516,516,925.1376846759125,925.1376846759125,925.1376846759125,925.1376846759125,3836,1918,0,0,3836,1918,1983212,991606,868000.0,868000.0,452.55474452554745,False,True,3836,1918,0,0,3836,1918,3.0517578125e-06,1.1280311945322552,0.2303841392595249,0.2303841392595249,0.2303841392595249,False,-8.991821347707525e-06,3.0517578125e-06,True
trial,517,517,516,925.1376960365407,925.1376960365407,925.1376846759125,925.1376846759125,3836,1918,0,0,3836,1918,1987048,993524,868000.0,868000.0,452.55474452554745,False,True,3836,1918,0,0,3836,1918,6.103515625e-06,1.0459384235049858,-0.6976330840036269,-0.6976330840036269,-0.6976330840036269,False,-1.6284531812936874e-05,6.103515625e-06,False
trial,518,518,518,925.1376831800687,925.1376831800687,925.1376831800687,925.1376831800687,3836,1918,0,0,3836,1918,1990884,995442,868000.0,868000.0,452.55474452554745,False,True,3836,1918,0,0,3836,1918,3.0517578125e-06,1.0459384235049858,0.1735650077564131,0.1735650077564131,0.1735650077564131,False,-8.618348797905942e-06,3.0517578125e-06,True
trial,519,519,518,925.1376929273035,925.1376929273035,925.1376831800687,925.1376831800687,3836,1918,0,0,3836,1918,1994720,997360,868000.0,868000.0,452.55474452554745,False,True,3836,1918,0,0,3836,1918,6.103515625e-06,1.1287030445795834,-0.5720322834209218,-0.5720322834209218,-0.5720322834209218,False,-1.703965856710059e-05,6.103515625e-06,False
trial,520,520,520,925.1376810739289,925.1376810739289,925.1376810739289,925.1376810739289,3836,1918,0,0,3836,1918,1998556,999278,868000.0,868000.0,452.55474452554745,False,True,3836,1918,0,0,3836,1918,3.0517578125e-06,1.1287030445795834,0.2341758282424502,0.2341758282424502,0.2341758282424502,False,-8.993839635131904e-06,3.0517578125e-06,True
trial,521,521,520,925.1376925333691,925.1376925333691,925.1376810739289,925.1376810739289,3836,1918,0,0,3836,1918,2002392,1001196,868000.0,868000.0,452.55474452554745,False,True,3836,1918,0,0,3836,1918,6.103515625e-06,1.043560757174471,-0.7065607737390531,-0.7065607737390531,-0.7065607737390531,False,-1.62186193007095e-05,6.103515625e-06,False
trial,522,522,522,925.1376796055611,925.1376796055611,925.1376796055611,925.1376796055611,3836,1918,0,0,3836,1918,2006228,1003114,868000.0,868000.0,452.55474452554745,False,True,3836,1918,0,0,3836,1918,3.0517578125e-06,1.043560757174471,0.1709380629380691,0.1709380629380691,0.1709380629380691,False,-8.590057720851853e-06,3.0517578125e-06,True
trial,523,523,522,925.1376893171347,925.1376893171347,925.1376796055611,925.1376796055611,3836,1918,0,0,3836,1918,2010064,1005032,868000.0,868000.0,452.55474452554745,False,True,3836,1918,0,0,3836,1918,6.103515625e-06,1.1326124515563112,-0.5663622564189248,-0.5663622564189248,-0.5663622564189248,False,-1.7147282530243897e-05,6.103515625e-06,False
trial,524,524,524,925.1376774986276,925.1376774986276,925.1376774986276,925.1376774986276,3836,1918,0,0,3836,1918,2013900,1006950,868000.0,868000.0,452.55474452554745,False,True,3836,1918,0,0,3836,1918,3.0517578125e-06,1.1326124515563112,0.23328567889403443,0.23328567889403443,0.23328567889403443,False,-9.03155951723877e-06,3.0517578125e-06,True
trial,525,525,524,925.137688925266,925.137688925266,925.1376774986276,925.1376774986276,3836,1918,0,0,3836,1918,2017736,1008868,868000.0,868000.0,452.55474452554745,False,True,3836,1918,0,0,3836,1918,6.103515625e-06,1.0784245855906043,-0.7046180352119932,-0.7046180352119932,-0.7046180352119932,False,-1.6216784000459614e-05,6.103515625e-06,False
trial,526,526,526,925.1376760301621,925.1376760301621,925.1376760301621,925.1376760301621,3836,1918,0,0,3836,1918,2021572,1010786,868000.0,868000.0,452.55474452554745,False,True,3836,1918,0,0,3836,1918,3.0517578125e-06,1.0784245855906043,0.17093584410532173,0.17093584410532173,0.17093584410532173,False,-8.590740531970765e-06,3.0517578125e-06,True
trial,527,527,526,925.137685820931,925.137685820931,925.1376760301621,925.1376760301621,3836,1918,0,0,3836,1918,2025408,1012704,868000.0,868000.0,452.55474452554745,False,True,3836,1918,0,0,3836,1918,6.103515625e-06,1.1379851797990255,-0.5709949812492744,-0.5709949812492744,-0.5709949812492744,False,-1.714685631421669e-05,6.103515625e-06,False
trial,528,528,528,925.1376739212392,925.1376739212392,925.1376739212392,925.1376739212392,3836,1918,0,0,3836,1918,2029244,1014622,868000.0,868000.0,452.55474452554745,False,True,3836,1918,0,0,3836,1918,3.0517578125e-06,1.1379851797990255,0.23342294575122416,0.23342294575122416,0.23342294575122416,False,-9.034771164578857e-06,3.0517578125e-06,True
trial,529,529,528,925.1376853376948,925.1376853376948,925.1376739212392,925.1376739212392,3836,1918,0,0,3836,1918,2033080,1016540,868000.0,868000.0,452.55474452554745,False,True,3836,1918,0,0,3836,1918,6.103515625e-06,1.0445064952927587,-0.7042313792196875,-0.7042313792196875,-0.7042313792196875,False,-1.6211228298493426e-05,6.103515625e-06,False
trial,530,530,530,925.1376724556505,925.1376724556505,925.1376724556505,925.1376724556505,3836,1918,0,0,3836,1918,2036916,1018458,868000.0,868000.0,452.55474452554745,False,True,3836,1918,0,0,3836,1918,3.0517578125e-06,1.0445064952927587,0.17067002881878263,0.17067002881878263,0.17067002881878263,False,-8.587264260966636e-06,3.0517578125e-06,True
trial,531,531,530,925.1376821232112,925.1376821232112,925.1376724556505,925.1376724556505,3836,1918,0,0,3836,1918,2040752,1020376,868000.0,868000.0,452.55474452554745,False,True,3836,1918,0,0,3836,1918,6.103515625e-06,1.1325416211484642,-0.5637569251668686,-0.5637569251668686,-0.5637569251668686,False,-1.7148455733277216e-05,6.103515625e-06,False
trial,532,532,532,925.1376703411627,925.1376703411627,925.1376703411627,925.1376703411627,3836,1918,0,0,3836,1918,2044588,1022294,868000.0,868000.0,452.55474452554745,False,True,3836,1918,0,0,3836,1918,3.0517578125e-06,1.1325416211484642,0.23391182922850176,0.23391182922850176,0.23391182922850176,False,-9.039679083801723e-06,3.0517578125e-06,True
trial,533,533,532,925.1376817535175,925.1376817535175,925.1376703411627,925.1376703411627,3836,1918,0,0,3836,1918,2048424,1024212,868000.0,868000.0,452.55474452554745,False,True,3836,1918,0,0,3836,1918,6.103515625e-06,1.0427600589341743,-0.7039735232781321,-0.7039735232781321,-0.7039735232781321,False,-1.6211341035138478e-05,6.103515625e-06,False
trial,534,534,534,925.1376688834553,925.1376688834553,925.1376688834553,925.1376688834553,3836,1918,0,0,3836,1918,2052260,1026130,868000.0,868000.0,452.55474452554745,False,True,3836,1918,0,0,3836,1918,3.0517578125e-06,1.0427600589341743,0.16989622059751022,0.16989622059751022,0.16989622059751022,False,-8.57998728534887e-06,3.0517578125e-06,True
trial,535,535,534,925.1376786961607,925.1376786961607,925.1376688834553,925.1376688834553,3836,1918,0,0,3836,1918,2056096,1028048,868000.0,868000.0,452.55474452554745,False,True,3836,1918,0,0,3836,1918,6.103515625e-06,1.1323008471985196,-0.5733901936543188,-0.5733901936543188,-0.5733901936543188,False,-1.7113486707091097e-05,6.103515625e-06,False
trial,536,536,536,925.1376667704881,925.1376667704881,925.1376667704881,925.1376667704881,3836,1918,0,0,3836,1918,2059932,1029966,868000.0,868000.0,452.55474452554745,False,True,3836,1918,0,0,3836,1918,3.0517578125e-06,1.1323008471985196,0.23373778181583735,0.23373778181583735,0.23373778181583735,False,-9.0399043687945e-06,3.0517578125e-06,True
trial,537,537,536,925.1376781890441,925.1376781890441,925.1376667704881,925.1376667704881,3836,1918,0,0,3836,1918,2063768,1031884,868000.0,868000.0,452.55474452554745,False,True,3836,1918,0,0,3836,1918,6.103515625e-06,1.1021387919005503,-0.7047459987021086,-0.7047459987021086,-0.7047459987021086,False,-1.6202370852546983e-05,6.103515625e-06,False
trial,538,538,538,925.1376653092371,925.1376653092371,925.1376653092371,925.1376653092371,3836,1918,0,0,3836,1918,2067604,1033802,868000.0,868000.0,452.55474452554745,False,True,3836,1918,0,0,3836,1918,3.0517578125e-06,1.1021387919005503,0.17026640952808272,0.17026640952808272,0.17026640952808272,False,-8.582144426786657e-06,3.0517578125e-06,True
trial,539,539,538,925.1376749150361,925.1376749150361,925.1376653092371,925.1376653092371,3836,1918,0,0,3836,1918,2071440,1035720,868000.0,868000.0,452.55474452554745,False,True,3836,1918,0,0,3836,1918,6.103515625e-06,1.1370398439390348,-0.5603005218080931,-0.5603005218080931,-0.5603005218080931,False,-1.7144012119996305e-05,6.103515625e-06,False
trial,540,540,540,925.137663192095,925.137663192095,925.137663192095,925.137663192095,3836,1918,0,0,3836,1918,2075276,1037638,868000.0,868000.0,452.55474452554745,False,True,3836,1918,0,0,3836,1918,3.0517578125e-06,1.1370398439390348,0.23414782629636813,0.23414782629636813,0.23414782629636813,False,-9.041903784540124e-06,3.0517578125e-06,True
trial,541,541,540,925.1376745981247,925.1376745981247,925.137663192095,925.137663192095,3836,1918,0,0,3836,1918,2079112,1039556,868000.0,868000.0,452.55474452554745,False,True,3836,1918,0,0,3836,1918,6.103515625e-06,1.0427874918988358,-0.7036589435066093,-0.7036589435066093,-0.7036589435066093,False,-1.620959951725867e-05,6.103515625e-06,False
trial,542,542,542,925.1376617339433,925.1376617339433,925.1376617339433,925.1376617339433,3836,1918,0,0,3836,1918,2082948,1041474,868000.0,868000.0,452.55474452554745,False,True,3836,1918,0,0,3836,1918,3.0517578125e-06,1.0427874918988358,0.16995390142930433,0.16995390142930433,0.16995390142930433,False,-8.579689483173338e-06,3.0517578125e-06,True
trial,543,543,542,925.1376712075073,925.1376712075073,925.1376617339433,925.1376617339433,3836,1918,0,0,3836,1918,2086784,1043392,868000.0,868000.0,452.55474452554745,False,True,3836,1918,0,0,3836,1918,6.103515625e-06,1.1371388695676543,-0.5532057916733457,-0.5532057916733457,-0.5532057916733457,False,-1.712484598015447e-05,6.103515625e-06,False
trial,544,544,544,925.1376596143875,925.1376596143875,925.1376596143875,925.1376596143875,3836,1918,0,0,3836,1918,2090620,1045310,868000.0,868000.0,452.55474452554745,False,True,3836,1918,0,0,3836,1918,3.0517578125e-06,1.1371388695676543,0.2344759589310518,0.2344759589310518,0.2344759589310518,False,-9.039544231508623e-06,3.0517578125e-06,True
trial,545,545,544,925.1376710305819,925.1376710305819,925.1376596143875,925.1376596143875,3836,1918,0,0,3836,1918,2094456,1047228,868000.0,868000.0,452.55474452554745,False,True,3836,1918,0,0,3836,1918,6.103515625e-06,1.046411349369053,-0.7055339866517263,-0.7055339866517263,-0.7055339866517263,False,-1.618092767623902e-05,6.103515625e-06,False
trial,546,546,546,925.1376581680192,925.1376581680192,925.1376581680192,925.1376581680192,3836,1918,0,0,3836,1918,2098292,1049146,868000.0,868000.0,452.55474452554745,False,True,3836,1918,0,0,3836,1918,3.0517578125e-06,1.046411349369053,0.16880048600738706,0.16880048600738706,0.16880048600738706,False,-8.568507837695529e-06,3.0517578125e-06,True
trial,547,547,546,925.137667808994,925.137667808994,925.1376581680192,925.1376581680192,3836,1918,0,0,3836,1918,2102128,1051064,868000.0,868000.0,452.55474452554745,False,True,3836,1918,0,0,3836,1918,6.103515625e-06,1.1343281902538478,-0.561722254000684,-0.561722254000684,-0.561722254000684,False,-1.716324164213353e-05,6.103515625e-06,False
trial,548,548,548,925.137656038339,925.137656038339,925.137656038339,925.137656038339,3836,1918,0,0,3836,1918,2105964,1052982,868000.0,868000.0,452.55474452554745,False,True,3836,1918,0,0,3836,1918,3.0517578125e-06,1.1343281902538478,0.2352675774598298,0.2352675774598298,0.2352675774598298,False,-9.052162308112369e-06,3.0517578125e-06,True
trial,549,549,548,925.1376674231283,925.1376674231283,925.137656038339,925.137656038339,3836,1918,0,0,3836,1918,2109800,1054900,868000.0,868000.0,452.55474452554745,False,True,3836,1918,0,0,3836,1918,6.103515625e-06,1.0411656057854366,-0.7036652693947372,-0.7036652693947372,-0.7036652693947372,False,-1.6179268505758404e-05,6.103515625e-06,False
trial,550,550,550,925.1376546042129,925.1376546042129,925.1376546042129,925.1376546042129,3836,1918,0,0,3836,1918,2113636,1056818,868000.0,868000.0,452.55474452554745,False,True,3836,1918,0,0,3836,1918,3.0517578125e-06,1.0411656057854366,0.16761938536586793,0.16761938536586793,0.16761938536586793,False,-8.555848303569337e-06,3.0517578125e-06,True
trial,551,551,550,925.1376641956898,925.1376641956898,925.1376546042129,925.1376546042129,3836,1918,0,0,3836,1918,2117472,1058736,868000.0,868000.0,452.55474452554745,False,True,3836,1918,0,0,3836,1918,6.103515625e-06,1.156406487759717,-0.5584055688574696,-0.5584055688574696,-0.5584055688574696,False,-1.7176542339827357e-05,6.103515625e-06,False
trial,552,552,552,925.1376524750881,925.1376524750881,925.1376524750881,925.1376524750881,3836,1918,0,0,3836,1918,2121308,1060654,868000.0,868000.0,452.55474452554745,False,True,3836,1918,0,0,3836,1918,3.0517578125e-06,1.156406487759717,0.23509785581371695,0.23509785581371695,0.23509785581371695,False,-9.056334502687733e-06,3.0517578125e-06,True
trial,553,553,552,925.1376638627255,925.1376638627255,925.1376524750881,925.1376524750881,3836,1918,0,0,3836,1918,2125144,1062572,868000.0,868000.0,452.55474452554745,False,True,3836,1918,0,0,3836,1918,6.103515625e-06,1.045023995707065,-0.7045805249607064,-0.7045805249607064,-0.7045805249607064,False,-1.6162293749189207e-05,6.103515625e-06,False
trial,554,554,554,925.137651041345,925.137651041345,925.137651041345,925.137651041345,3836,1918,0,0,3836,1918,2128980,1064490,868000.0,868000.0,452.55474452554745,False,True,3836,1918,0,0,3836,1918,3.0517578125e-06,1.045023995707065,0.1675596663604063,0.1675596663604063,0.1675596663604063,False,-8.556612505867566e-06,3.0517578125e-06,True
trial,555,555,554,925.1376607902514,925.1376607902514,925.137651041345,925.137651041345,3836,1918,0,0,3836,1918,2132816,1066408,868000.0,868000.0,452.55474452554745,False,True,3836,1918,0,0,3836,1918,6.103515625e-06,1.133413089808351,-0.5673681466935714,-0.5673681466935714,-0.5673681466935714,False,-1.7182682015066573e-05,6.103515625e-06,False
trial,556,556,556,925.1376489147799,925.1376489147799,925.1376489147799,925.1376489147799,3836,1918,0,0,3836,1918,2136652,1068326,868000.0,868000.0,452.55474452554745,False,True,3836,1918,0,0,3836,1918,3.0517578125e-06,1.133413089808351,0.23488834452890295,0.23488834452890295,0.23488834452890295,False,-9.053514573235274e-06,3.0517578125e-06,True
trial,557,557,556,925.1376603037784,925.1376603037784,925.1376489147799,925.1376489147799,3836,1918,0,0,3836,1918,2140488,1070244,868000.0,868000.0,452.55474452554745,False,True,3836,1918,0,0,3836,1918,6.103515625e-06,1.0514380361069,-0.7039537257361923,-0.7039537257361923,-0.7039537257361923,False,-1.6178618077890707e-05,6.103515625e-06,False
trial,558,558,558,925.137647473576,925.137647473576,925.137647473576,925.137647473576,3836,1918,0,0,3836,1918,2144324,1072162,868000.0,868000.0,452.55474452554745,False,True,3836,1918,0,0,3836,1918,3.0517578125e-06,1.0514380361069,0.16839859468012386,0.16839859468012386,0.16839859468012386,False,-8.558289644924658e-06,3.0517578125e-06,True
trial,559,559,558,925.1376572661616,925.1376572661616,925.137647473576,925.137647473576,3836,1918,0,0,3836,1918,2148160,1074080,868000.0,868000.0,452.55474452554745,False,True,3836,1918,0,0,3836,1918,6.103515625e-06,1.1331346020975692,-0.5700693148649265,-0.5700693148649265,-0.5700693148649265,False,-1.7177885846403133e-05,6.103515625e-06,False
trial,560,560,560,925.1376453428807,925.1376453428807,925.1376453428807,925.1376453428807,3836,1918,0,0,3836,1918,2151996,1075998,868000.0,868000.0,452.55474452554745,False,True,3836,1918,0,0,3836,1918,3.0517578125e-06,1.1331346020975692,0.23544385406872106,0.23544385406872106,0.23544385406872106,False,-9.049695952004133e-06,3.0517578125e-06,True
trial,561,561,560,925.137656711247,925.137656711247,925.1376453428807,925.1376453428807,3836,1918,0,0,3836,1918,2155832,1077916,868000.0,868000.0,452.55474452554745,False,True,3836,1918,0,0,3836,1918,6.103515625e-06,1.0434325818985912,-0.7041801555838317,-0.7041801555838317,-0.7041801555838317,False,-1.6144116343473548e-05,6.103515625e-06,False
trial,562,562,562,925.1376439177848,925.1376439177848,925.1376439177848,925.1376439177848,3836,1918,0,0,3836,1918,2159668,1079834,868000.0,868000.0,452.55474452554745,False,True,3836,1918,0,0,3836,1918,3.0517578125e-06,1.0434325818985912,0.16673196978331126,0.16673196978331126,0.16673196978331126,False,-8.547226367323291e-06,3.0517578125e-06,True
trial,563,563,562,925.1376536698754,925.1376536698754,925.1376439177848,925.1376439177848,3836,1918,0,0,3836,1918,2163504,1081752,868000.0,868000.0,452.55474452554745,False,True,3836,1918,0,0,3836,1918,6.103515625e-06,1.1344369660833862,-0.5675215219207419,-0.5675215219207419,-0.5675215219207419,False,-1.7183648926755824e-05,6.103515625e-06,False
trial,564,564,564,925.1376417834806,925.1376417834806,925.1376417834806,925.1376417834806,3836,1918,0,0,3836,1918,2167340,1083670,868000.0,868000.0,452.55474452554745,False,True,3836,1918,0,0,3836,1918,3.0517578125e-06,1.1344369660833862,0.23552538028753597,0.23552538028753597,0.23552538028753597,False,-9.0618860925348e-06,3.0517578125e-06,True
trial,565,565,564,925.1376531594371,925.1376531594371,925.1376417834806,925.1376417834806,3836,1918,0,0,3836,1918,2171176,1085588,868000.0,868000.0,452.55474452554745,False,True,3836,1918,0,0,3836,1918,6.103515625e-06,1.0418802971228984,-0.7040735776385201,-0.7040735776385201,-0.7040735776385201,False,-1.6157340522136287e-05,6.103515625e-06,False
trial,566,566,566,925.1376403601223,925.1376403601223,925.1376403601223,925.1376403601223,3836,1918,0,0,3836,1918,2175012,1087506,868000.0,868000.0,452.55474452554745,False,True,3836,1918,0,0,3836,1918,3.0517578125e-06,1.0418802971228984,0.16655073105086896,0.16655073105086896,0.16655073105086896,False,-8.546094573101574e-06,3.0517578125e-06,True
trial,567,567,566,925.1376500789743,925.1376500789743,925.1376403601223,925.1376403601223,3836,1918,0,0,3836,1918,2178848,1089424,868000.0,868000.0,452.55474452554745,False,True,3836,1918,0,0,3836,1918,6.103515625e-06,1.132635653005488,-0.5650867968378646,-0.5650867968378646,-0.5650867968378646,False,-1.7198865775496193e-05,6.103515625e-06,False
trial,568,568,568,925.1376382274714,925.1376382274714,925.1376382274714,925.1376382274714,3836,1918,0,0,3836,1918,2182684,1091342,868000.0,868000.0,452.55474452554745,False,True,3836,1918,0,0,3836,1918,3.0517578125e-06,1.132635653005488,0.23535432997903255,0.23535432997903255,0.23535432997903255,False,-9.061447623514893e-06,3.0517578125e-06,True
trial,569,569,568,925.1376495845944,925.1376495845944,925.1376382274714,925.1376382274714,3836,1918,0,0,3836,1918,2186520,1093260,868000.0,868000.0,452.55474452554745,False,True,3836,1918,0,0,3836,1918,6.103515625e-06,1.0472631451901637,-0.7030724852234514,-0.7030724852234514,-0.7030724852234514,False,-1.615355928444703e-05,6.103515625e-06,False
trial,570,570,570,925.137636789683,925.137636789683,925.137636789683,925.137636789683,3836,1918,0,0,3836,1918,2190356,1095178,868000.0,868000.0,452.55474452554745,False,True,3836,1918,0,0,3836,1918,3.0517578125e-06,1.0472631451901637,0.1683426032383785,0.1683426032383785,0.1683426032383785,False,-8.540846547812416e-06,3.0517578125e-06,True
trial,571,571,570,925.1376464956761,925.1376464956761,925.137636789683,925.137636789683,3836,1918,0,0,3836,1918,2194192,1097096,868000.0,868000.0,452.55474452554745,False,True,3836,1918,0,0,3836,1918,6.103515625e-06,1.1321833695916466,-0.5653925591009938,-0.5653925591009938,-0.5653925591009938,False,-1.716682139381456e-05,6.103515625e-06,False
trial,572,572,572,925.1376346706124,925.1376346706124,925.1376346706124,925.1376346706124,3836,1918,0,0,3836,1918,2198028,1099014,868000.0,868000.0,452.55474452554745,False,True,3836,1918,0,0,3836,1918,3.0517578125e-06,1.1321833695916466,0.2342741669935422,0.2342741669935422,0.2342741669935422,False,-9.045259294925414e-06,3.0517578125e-06,True
trial,573,573,572,925.137646058867,925.137646058867,925.1376346706124,925.1376346706124,3836,1918,0,0,3836,1918,2201864,1100932,868000.0,868000.0,452.55474452554745,False,True,3836,1918,0,0,3836,1918,6.103515625e-06,1.0418852085019763,-0.7038531527868216,-0.7038531527868216,-0.7038531527868216,False,-1.6179872834891212e-05,6.103515625e-06,False
trial,574,574,574,925.1376332308726,925.1376332308726,925.1376332308726,925.1376332308726,3836,1918,0,0,3836,1918,2205700,1102850,868000.0,868000.0,452.55474452554745,False,True,3836,1918,0,0,3836,1918,3.0517578125e-06,1.0418852085019763,0.1681673467334075,0.1681673467334075,0.1681673467334075,False,-8.561352235978259e-06,3.0517578125e-06,True
trial,575,575,574,925.137642904625,925.137642904625,925.1376332308726,925.1376332308726,3836,1918,0,0,3836,1918,2209536,1104768,868000.0,868000.0,452.55474452554745,False,True,3836,1918,0,0,3836,1918,6.103515625e-06,1.1582813195489559,-0.563741557505384,-0.563741557505384,-0.563741557505384,False,-1.7159906473105748e-05,6.103515625e-06,False
trial,576,576,576,925.1376311087961,925.1376311087961,925.1376311087961,925.1376311087961,3836,1918,0,0,3836,1918,2213372,1106686,868000.0,868000.0,452.55474452554745,False,True,3836,1918,0,0,3836,1918,3.0517578125e-06,1.1582813195489559,0.23454444436503558,0.23454444436503558,0.23454444436503558,False,-9.04765180984586e-06,3.0517578125e-06,True
trial,577,577,576,925.1376424636477,925.1376424636477,925.1376311087961,925.1376311087961,3836,1918,0,0,3836,1918,2217208,1108604,868000.0,868000.0,452.55474452554745,False,True,3836,1918,0,0,3836,1918,6.103515625e-06,1.0411546256759054,-0.7019807106863579,-0.7019807106863579,-0.7019807106863579,False,-1.6175446754371223e-05,6.103515625e-06,False
trial,578,578,578,925.1376296692983,925.1376296692983,925.1376296692983,925.1376296692983,3836,1918,0,0,3836,1918,2221044,1110522,868000.0,868000.0,452.55474452554745,False,True,3836,1918,0,0,3836,1918,3.0517578125e-06,1.0411546256759054,0.16814549716116825,0.16814549716116825,0.16814549716116825,False,-8.56102459663536e-06,3.0517578125e-06,True
trial,579,579,578,925.1376393885714,925.1376393885714,925.1376296692983,925.1376296692983,3836,1918,0,0,3836,1918,2224880,1112440,868000.0,868000.0,452.55474452554745,False,True,3836,1918,0,0,3836,1918,6.103515625e-06,1.1550415278238348,-0.5663609264376106,-0.5663609264376106,-0.5663609264376106,False,-1.7160917380901098e-05,6.103515625e-06,False
trial,580,580,580,925.1376275431126,925.1376275431126,925.1376275431126,925.1376275431126,3836,1918,0,0,3836,1918,2228716,1114358,868000.0,868000.0,452.55474452554745,False,True,3836,1918,0,0,3836,1918,3.0517578125e-06,1.1550415278238348,0.23492115256000548,0.23492115256000548,0.23492115256000548,False,-9.050635789136968e-06,3.0517578125e-06,True
trial,581,581,580,925.1376389107313,925.1376389107313,925.1376275431126,925.1376275431126,3836,1918,0,0,3836,1918,2232552,1116276,868000.0,868000.0,452.55474452554745,False,True,3836,1918,0,0,3836,1918,6.103515625e-06,1.0402264224247781,-0.7033868956819901,-0.7033868956819901,-0.7033868956819901,False,-1.6161260358488776e-05,6.103515625e-06,False
trial,582,582,582,925.1376260994189,925.1376260994189,925.1376260994189,925.1376260994189,3836,1918,0,0,3836,1918,2236388,1118194,868000.0,868000.0,452.55474452554745,False,True,3836,1918,0,0,3836,1918,3.0517578125e-06,1.0402264224247781,0.16866503368518312,0.16866503368518312,0.16866503368518312,False,-8.559531630673117e-06,3.0517578125e-06,True
trial,583,583,582,925.1376358997483,925.1376358997483,925.1376260994189,925.1376260994189,3836,1918,0,0,3836,1918,2240224,1120112,868000.0,868000.0,452.55474452554745,False,True,3836,1918,0,0,3836,1918,6.103515625e-06,1.1318690400352767,-0.5708607549405065,-0.5708607549405065,-0.5708607549405065,False,-1.71676355563446e-05,6.103515625e-06,False
trial,584,584,584,925.1376239828483,925.1376239828483,925.1376239828483,925.1376239828483,3836,1918,0,0,3836,1918,2244060,1122030,868000.0,868000.0,452.55474452554745,False,True,3836,1918,0,0,3836,1918,3.0517578125e-06,1.1318690400352767,0.23409276348213923,0.23409276348213923,0.23409276348213923,False,-9.041589246560532e-06,3.0517578125e-06,True
trial,585,585,584,925.1376353149975,925.1376353149975,925.1376239828483,925.1376239828483,3836,1918,0,0,3836,1918,2247896,1123948,868000.0,868000.0,452.55474452554745,False,True,3836,1918,0,0,3836,1918,6.103515625e-06,1.0439141416095261,-0.6999668417384526,-0.6999668417384526,-0.6999668417384526,False,-1.6189551533840917e-05,6.103515625e-06,False
trial,586,586,586,925.1376225444835,925.1376225444835,925.1376225444835,925.1376225444835,3836,1918,0,0,3836,1918,2251732,1125866,868000.0,868000.0,452.55474452554745,False,True,3836,1918,0,0,3836,1918,3.0517578125e-06,1.0439141416095261,0.16806582294812286,0.16806582294812286,0.16806582294812286,False,-8.5583416589671e-06,3.0517578125e-06,True
trial,587,587,586,925.1376321797545,925.1376321797545,925.1376225444835,925.1376225444835,3836,1918,0,0,3836,1918,2255568,1127784,868000.0,868000.0,452.55474452554745,False,True,3836,1918,0,0,3836,1918,6.103515625e-06,1.1318549393723096,-0.5618107682832306,-0.5618107682832306,-0.5618107682832306,False,-1.715038504563658e-05,6.103515625e-06,False
trial,588,588,588,925.1376204257757,925.1376204257757,925.1376204257757,925.1376204257757,3836,1918,0,0,3836,1918,2259404,1129702,868000.0,868000.0,452.55474452554745,False,True,3836,1918,0,0,3836,1918,3.0517578125e-06,1.1318549393723096,0.23424933581444246,0.23424933581444246,0.23424933581444246,False,-9.04466945228986e-06,3.0517578125e-06,True
trial,589,589,588,925.1376317650734,925.1376317650734,925.1376204257757,925.1376204257757,3836,1918,0,0,3836,1918,2263240,1131620,868000.0,868000.0,452.55474452554745,False,True,3836,1918,0,0,3836,1918,6.103515625e-06,1.0418757686577942,-0.7010728282945546,-0.7010728282945546,-0.7010728282945546,False,-1.6174207870630266e-05,6.103515625e-06,False
trial,590,590,590,925.1376189857117,925.1376189857117,925.1376189857117,925.1376189857117,3836,1918,0,0,3836,1918,2267076,1133538,868000.0,868000.0,452.55474452554745,False,True,3836,1918,0,0,3836,1918,3.0517578125e-06,1.0418757686577942,0.16820008018243787,0.16820008018243787,0.16820008018243787,False,-8.561613107359825e-06,3.0517578125e-06,True
trial,591,591,590,925.1376284080216,925.1376284080216,925.1376189857117,925.1376189857117,3836,1918,0,0,3836,1918,2270912,1135456,868000.0,868000.0,452.55474452554745,False,True,3836,1918,0,0,3836,1918,6.103515625e-06,1.1317441823975127,-0.5490402907899948,-0.5490402907899948,-0.5490402907899948,False,-1.7161417871549958e-05,6.103515625e-06,False
trial,592,592,592,925.137616866333,925.137616866333,925.137616866333,925.137616866333,3836,1918,0,0,3836,1918,2274748,1137374,868000.0,868000.0,452.55474452554745,False,True,3836,1918,0,0,3836,1918,3.0517578125e-06,1.1317441823975127,0.2342892566869893,0.2342892566869893,0.2342892566869893,False,-9.045991727742617e-06,3.0517578125e-06,True
trial,593,593,592,925.137628226897,925.137628226897,925.137616866333,925.137616866333,3836,1918,0,0,3836,1918,2278584,1139292,868000.0,868000.0,452.55474452554745,False,True,3836,1918,0,0,3836,1918,6.103515625e-06,1.04259162314773,-0.7021258632934884,-0.7021258632934884,-0.7021258632934884,False,-1.6180238650586693e-05,6.103515625e-06,False
trial,594,594,594,925.137615433879,925.137615433879,925.137615433879,925.137615433879,3836,1918,0,0,3836,1918,2282420,1141210,868000.0,868000.0,452.55474452554745,False,True,3836,1918,0,0,3836,1918,3.0517578125e-06,1.04259162314773,0.16753526298813318,0.16753526298813318,0.16753526298813318,False,-8.550164401550422e-06,3.0517578125e-06,True
trial,595,595,594,925.1376251435121,925.1376251435121,925.137615433879,925.137615433879,3836,1918,0,0,3836,1918,2286256,1143128,868000.0,868000.0,452.55474452554745,False,True,3836,1918,0,0,3836,1918,6.103515625e-06,1.131285510655405,-0.5659562756982394,-0.5659562756982394,-0.5659562756982394,False,-1.715615414400975e-05,6.103515625e-06,False
trial,596,596,596,925.1376133100579,925.1376133100579,925.1376133100579,925.1376133100579,3836,1918,0,0,3836,1918,2290092,1145046,868000.0,868000.0,452.55474452554745,False,True,3836,1918,0,0,3836,1918,3.0517578125e-06,1.131285510655405,0.23469016633642695,0.23469016633642695,0.23469016633642695,False,-9.049467806485751e-06,3.0517578125e-06,True
trial,597,597,596,925.1376246725523,925.1376246725523,925.1376133100579,925.1376133100579,3836,1918,0,0,3836,1918,2293928,1146964,868000.0,868000.0,452.55474452554745,False,True,3836,1918,0,0,3836,1918,6.103515625e-06,1.0408653105458874,-0.7021727921416648,-0.7021727921416648,-0.7021727921416648,False,-1.6181906448818877e-05,6.103515625e-06,False
trial,598,598,598,925.1376118685741,925.1376118685741,925.1376118685741,925.1376118685741,3836,1918,0,0,3836,1918,2297764,1148882,868000.0,868000.0,452.55474452554745,False,True,3836,1918,0,0,3836,1918,3.0517578125e-06,1.0408653105458874,0.16842307329740933,0.16842307329740933,0.16842307329740933,False,-8.558706976169245e-06,3.0517578125e-06,True
trial,599,599,598,925.1376216876534,925.1376216876534,925.1376118685741,925.1376118685741,3836,1918,0,0,3836,1918,2301600,1150800,868000.0,868000.0,452.55474452554745,False,True,3836,1918,0,0,3836,1918,6.103515625e-06,1.130828400180625,-0.5725377629243208,-0.5725377629243208,-0.5725377629243208,False,-1.7150098989949667e-05,6.103515625e-06,False
