phase,nf,x_index,incumbent_index,active_objective,full_objective,incumbent_active_objective,incumbent_full_objective,active_residuals,active_circuits,new_residuals_revealed,new_circuits_revealed,union_residuals_revealed,union_circuits_revealed,cumulative_eval_residuals,cumulative_eval_circuits,cumulative_shots_revealed,cumulative_eval_shots,shots_per_circuit,fpr_enabled,fpr_use_union_mask,fpr_selected_residuals,fpr_selected_circuits,fpr_new_residuals,fpr_new_circuits,fpr_union_residuals,fpr_union_circuits,delta,ng,rho,rho_active,rho_full,rho_uses_full_objective,mdec,step_norm,accepted
initial,0,0,0,403804.4647142462,403804.4647142462,403804.4647142462,403804.4647142462,3836,1918,3836,1918,3836,1918,3836,1918,2036916.0,2036916.0,1062.0,False,True,3836,1918,3836,1918,3836,1918,0.1,,,,,False,,,True
trial,1,1,1,64505.85932806007,64505.85932806007,64505.85932806007,64505.85932806007,3836,1918,0,0,3836,1918,7672,3836,2036916.0,2036916.0,1062.0,False,True,3836,1918,0,0,3836,1918,0.1,1277666.6062251576,47.00091673047354,47.00091673047354,47.00091673047354,False,-7218.978458056294,0.09996945389874237,True
trial,2,2,1,161190.59884230758,161190.59884230758,64505.85932806007,64505.85932806007,3836,1918,0,0,3836,1918,11508,5754,2036916.0,2036916.0,1062.0,False,True,3836,1918,0,0,3836,1918,0.2,721748.7872625331,-1.6794338369326482,-1.6794338369326482,-1.6794338369326482,False,-57569.841328691145,0.19975829843917703,False
trial,3,3,1,119049.43116770814,119049.43116770814,64505.85932806007,64505.85932806007,3836,1918,0,0,3836,1918,15344,7672,2036916.0,2036916.0,1062.0,False,True,3836,1918,0,0,3836,1918,0.1,721748.7872625331,-0.9484676992360147,-0.9484676992360147,-0.9484676992360147,False,-57507.04202534531,0.1,False
trial,4,4,4,26678.335204574778,26678.335204574778,26678.335204574778,26678.335204574778,3836,1918,0,0,3836,1918,19180,9590,2036916.0,2036916.0,1062.0,False,True,3836,1918,0,0,3836,1918,0.05,721748.7872625331,0.6659439059403807,0.6659439059403807,0.6659439059403807,False,-56802.868508975946,0.05,True
trial,5,5,4,117521.47023666333,117521.47023666333,26678.335204574778,26678.335204574778,3836,1918,0,0,3836,1918,23016,11508,2036916.0,2036916.0,1062.0,False,True,3836,1918,0,0,3836,1918,0.1,709700.0801619045,-3.8215051123990857,-3.8215051123990857,-3.8215051123990857,False,-23771.559205126523,0.1,False
trial,6,6,4,41269.81309188774,41269.81309188774,27189.427247456075,27189.427247456075,3836,1918,0,0,3836,1918,26852,13426,2046916.0,2046916.0,1067.213764337852,False,True,3836,1918,0,0,3836,1918,0.05,713635.1528632888,-0.5819104141211086,-0.5819104141211086,-0.5819104141211086,False,-24196.82738570344,0.05,False
trial,7,7,7,12930.070284594975,12930.070284594975,12930.070284594975,12930.070284594975,3836,1918,0,0,3836,1918,30688,15344,2046916.0,2046916.0,1067.213764337852,False,True,3836,1918,0,0,3836,1918,0.025,713635.1528632888,0.6241649990293238,0.6241649990293238,0.6241649990293238,False,-22845.492754378534,0.025,True
trial,8,8,8,3415.922034129987,3415.922034129987,3415.922034129987,3415.922034129987,3836,1918,0,0,3836,1918,34524,17262,2046916.0,2046916.0,1067.213764337852,False,True,3836,1918,0,0,3836,1918,0.05,548227.3992109543,0.8186923644086045,0.8186923644086045,0.8186923644086045,False,-11621.151807538456,0.03243896466233547,True
trial,9,9,9,2642.8591482632373,2642.8591482632373,2642.8591482632373,2642.8591482632373,3836,1918,0,0,3836,1918,38360,19180,2046916.0,2046916.0,1067.213764337852,False,True,3836,1918,0,0,3836,1918,0.025,325629.13239623286,0.31806681431279415,0.31806681431279415,0.31806681431279415,False,-2430.504696118665,0.024645155176813573,True
trial,10,10,9,5347.626663995261,5347.626663995261,2642.8591482632373,2642.8591482632373,3836,1918,0,0,3836,1918,42196,21098,2046916.0,2046916.0,1067.213764337852,False,True,3836,1918,0,0,3836,1918,0.05,116594.70346086074,-1.66875277751908,-1.66875277751908,-1.66875277751908,False,-1620.8317685937743,0.04946558918684806,False
trial,11,11,9,3198.6484756476366,3198.6484756476366,2942.8942997213944,2942.8942997213944,3836,1918,0,0,3836,1918,46032,23016,2056916.0,2056916.0,1072.4275286757038,False,True,3836,1918,0,0,3836,1918,0.025,127253.05097213903,-0.13393223865744402,-0.13393223865744402,-0.13393223865744402,False,-1909.5788922066765,0.025,False
trial,12,12,12,1632.6960576619676,1632.6960576619676,1632.6960576619676,1632.6960576619676,3836,1918,0,0,3836,1918,49868,24934,2056916.0,2056916.0,1072.4275286757038,False,True,3836,1918,0,0,3836,1918,0.0125,127253.05097213903,0.7514753142946756,0.7514753142946756,0.7514753142946756,False,-1743.5013727485657,0.0125,True
trial,13,13,13,1324.0490061496184,1324.0490061496184,1324.0490061496184,1324.0490061496184,3836,1918,0,0,3836,1918,53704,26852,2056916.0,2056916.0,1072.4275286757038,False,True,3836,1918,0,0,3836,1918,0.025,72345.49074040986,0.4610312762338747,0.4610312762338747,0.4610312762338747,False,-669.4709609154085,0.01618992638145227,True
trial,14,14,14,1135.4149288532312,1135.4149288532312,1135.4149288532312,1135.4149288532312,3836,1918,0,0,3836,1918,57540,28770,2056916.0,2056916.0,1072.4275286757038,False,True,3836,1918,0,0,3836,1918,0.0125,46841.55311077713,0.5121392262557378,0.5121392262557378,0.5121392262557378,False,-368.32577476147543,0.0125,True
trial,15,15,14,2278.6018489343546,2278.6018489343546,1135.4149288532312,1135.4149288532312,3836,1918,0,0,3836,1918,61376,30688,2056916.0,2056916.0,1072.4275286757038,False,True,3836,1918,0,0,3836,1918,0.025,32224.230244673774,-6.28621809509767,-6.28621809509767,-6.28621809509767,False,-181.85607034102776,0.01997126766359027,False
trial,16,16,16,1147.6389119354315,1147.6389119354315,1147.6389119354315,1147.6389119354315,3836,1918,0,0,3836,1918,65212,32606,2066916.0,2066916.0,1077.6412930135557,False,True,3836,1918,0,0,3836,1918,0.0125,38861.31386829117,0.06667626965493102,0.06667626965493102,0.06667626965493102,False,-208.45936443948014,0.012468973895270938,True
trial,17,17,16,2878.8045871417125,2878.8045871417125,1147.6389119354315,1147.6389119354315,3836,1918,0,0,3836,1918,69048,34524,2066916.0,2066916.0,1077.6412930135557,False,True,3836,1918,0,0,3836,1918,0.025,37819.06907700331,-8.839365635994069,-8.839365635994069,-8.839365635994069,False,-195.84727530185432,0.024352829365912945,False
trial,18,18,16,1175.2548939154776,1175.2548939154776,1147.6389119354315,1147.6389119354315,3836,1918,0,0,3836,1918,72884,36442,2066916.0,2066916.0,1077.6412930135557,False,True,3836,1918,0,0,3836,1918,0.0125,37819.06907700331,-0.1415853366546802,-0.1415853366546802,-0.1415853366546802,False,-195.04831949794504,0.0125,False
trial,19,19,19,991.8203868193293,991.8203868193293,991.8203868193293,991.8203868193293,3836,1918,0,0,3836,1918,76720,38360,2066916.0,2066916.0,1077.6412930135557,False,True,3836,1918,0,0,3836,1918,0.00625,37819.06907700331,0.8023635601220901,0.8023635601220901,0.8023635601220901,False,-194.1994039365301,0.00625,True
trial,20,20,19,1493.0081322202486,1493.0081322202486,991.8203868193293,991.8203868193293,3836,1918,0,0,3836,1918,80556,40278,2066916.0,2066916.0,1077.6412930135557,False,True,3836,1918,0,0,3836,1918,0.0125,16909.55389899789,-12.468634907021295,-12.468634907021295,-12.468634907021295,False,-40.195879431732514,0.0125,False
trial,21,21,19,1069.8497628983437,1069.8497628983437,1001.906013062279,1001.906013062279,3836,1918,0,0,3836,1918,84392,42196,2076916.0,2076916.0,1082.8550573514078,False,True,3836,1918,0,0,3836,1918,0.00625,18692.445814681643,-1.520331526119005,-1.520331526119005,-1.520331526119005,False,-44.690088095131884,0.00625,False
trial,22,22,22,968.2270352323856,968.2270352323856,968.2270352323856,968.2270352323856,3836,1918,0,0,3836,1918,88228,44114,2076916.0,2076916.0,1082.8550573514078,False,True,3836,1918,0,0,3836,1918,0.003125,18692.445814681643,0.774540234873203,0.774540234873203,0.774540234873203,False,-43.482541401360436,0.003125,True
trial,23,23,22,1069.1927138844812,1069.1927138844812,968.2270352323856,968.2270352323856,3836,1918,0,0,3836,1918,92064,46032,2076916.0,2076916.0,1082.8550573514078,False,True,3836,1918,0,0,3836,1918,0.00625,7429.455619970901,-9.342561310938093,-9.342561310938093,-9.342561310938093,False,-10.807066209336725,0.00625,False
trial,24,24,22,972.9354367676734,972.9354367676734,968.2270352323856,968.2270352323856,3836,1918,0,0,3836,1918,95900,47950,2076916.0,2076916.0,1082.8550573514078,False,True,3836,1918,0,0,3836,1918,0.003125,7429.455619970901,-0.4685886186251926,-0.4685886186251926,-0.4685886186251926,False,-10.048049287031331,0.003125,False
trial,25,25,25,962.1631724297935,962.1631724297935,962.1631724297935,962.1631724297935,3836,1918,0,0,3836,1918,99736,49868,2076916.0,2076916.0,1082.8550573514078,False,True,3836,1918,0,0,3836,1918,0.0015625,7429.455619970901,0.6784156380492272,0.6784156380492272,0.6784156380492272,False,-8.938270969148991,0.0015625,True
trial,26,26,25,978.447840253134,978.447840253134,963.4163531699228,963.4163531699228,3836,1918,0,0,3836,1918,103572,51786,2086916.0,2086916.0,1088.0688216892597,False,True,3836,1918,0,0,3836,1918,0.003125,8262.841057914875,-3.88645840893386,-3.88645840893386,-3.88645840893386,False,-3.867656745961343,0.003125,False
trial,27,27,25,963.6378881069475,963.6378881069475,963.4163531699228,963.4163531699228,3836,1918,0,0,3836,1918,107408,53704,2086916.0,2086916.0,1088.0688216892597,False,True,3836,1918,0,0,3836,1918,0.0015625,8262.841057914875,-0.0693411982061088,-0.0693411982061088,-0.0693411982061088,False,-3.1948530275779774,0.0015625,False
trial,28,28,28,961.8400768434572,961.8400768434572,961.8400768434572,961.8400768434572,3836,1918,0,0,3836,1918,111244,55622,2086916.0,2086916.0,1088.0688216892597,False,True,3836,1918,0,0,3836,1918,0.00078125,8262.841057914875,0.6562819018808328,0.6562819018808328,0.6562819018808328,False,-2.401828119818929,0.00078125,True
trial,29,29,28,962.9573076501687,962.9573076501687,961.8400768434572,961.8400768434572,3836,1918,0,0,3836,1918,115080,57540,2086916.0,2086916.0,1088.0688216892597,False,True,3836,1918,0,0,3836,1918,0.0015625,1906.558972797483,-1.079338506216961,-1.079338506216961,-1.079338506216961,False,-1.0351069662356143,0.0015625,False
trial,30,30,30,961.4495575104559,961.4495575104559,961.4495575104559,961.4495575104559,3836,1918,0,0,3836,1918,118916,59458,2086916.0,2086916.0,1088.0688216892597,False,True,3836,1918,0,0,3836,1918,0.00078125,1906.558972797483,0.4402138047530624,0.4402138047530624,0.4402138047530624,False,-0.8871128728467637,0.00078125,True
trial,31,31,30,965.8806234988936,965.8806234988936,962.3494739545463,962.3494739545463,3836,1918,0,0,3836,1918,122752,61376,2096916.0,2096916.0,1093.2825860271116,False,True,3836,1918,0,0,3836,1918,0.0015625,13466.900554051444,-2.409718009077761,-2.409718009077761,-2.409718009077761,False,-1.4653787418465207,0.0015625,False
trial,32,32,32,962.227705575658,962.227705575658,962.227705575658,962.227705575658,3836,1918,0,0,3836,1918,126588,63294,2096916.0,2096916.0,1093.2825860271116,False,True,3836,1918,0,0,3836,1918,0.00078125,13466.900554051444,0.09866165749904683,0.09866165749904683,0.09866165749904683,False,-1.234201633896952,0.00078125,True
trial,33,33,32,964.4609922919824,964.4609922919824,962.227705575658,962.227705575658,3836,1918,0,0,3836,1918,130424,65212,2096916.0,2096916.0,1093.2825860271116,False,True,3836,1918,0,0,3836,1918,0.0015625,1701.7340940391005,-1.2049806874048958,-1.2049806874048958,-1.2049806874048958,False,-1.853379676261972,0.0015625,False
trial,34,34,34,961.9574205584845,961.9574205584845,961.9574205584845,961.9574205584845,3836,1918,0,0,3836,1918,134260,67130,2096916.0,2096916.0,1093.2825860271116,False,True,3836,1918,0,0,3836,1918,0.00078125,1701.7340940391005,0.20253381859617653,0.20253381859617653,0.20253381859617653,False,-1.3345179538257153,0.00078125,True
trial,35,35,34,965.952833927438,965.952833927438,961.9574205584845,961.9574205584845,3836,1918,0,0,3836,1918,138096,69048,2096916.0,2096916.0,1093.2825860271116,False,True,3836,1918,0,0,3836,1918,0.0015625,1653.4760882234289,-3.689586204498429,-3.689586204498429,-3.689586204498429,False,-1.0828892855470214,0.0015625,False
trial,36,36,36,961.4432862918004,961.4432862918004,961.4432862918004,961.4432862918004,3836,1918,0,0,3836,1918,141932,70966,2106916.0,2106916.0,1098.4963503649635,False,True,3836,1918,0,0,3836,1918,0.00078125,11563.608885803636,0.1017214651705446,0.1017214651705446,0.1017214651705446,False,-1.338719033313414,0.00078125,True
trial,37,37,36,964.2445027936753,964.2445027936753,961.4432862918004,961.4432862918004,3836,1918,0,0,3836,1918,145768,72884,2106916.0,2106916.0,1098.4963503649635,False,True,3836,1918,0,0,3836,1918,0.0015625,2373.942106914251,-1.247337597350083,-1.247337597350083,-1.247337597350083,False,-2.24575648791955,0.0015625,False
trial,38,38,38,961.066587919337,961.066587919337,961.066587919337,961.066587919337,3836,1918,0,0,3836,1918,149604,74802,2106916.0,2106916.0,1098.4963503649635,False,True,3836,1918,0,0,3836,1918,0.00078125,2373.942106914251,0.2408104873963237,0.2408104873963237,0.2408104873963237,False,-1.5642938832783688,0.00078125,True
trial,39,39,38,965.0954563827545,965.0954563827545,961.066587919337,961.066587919337,3836,1918,0,0,3836,1918,153440,76720,2106916.0,2106916.0,1098.4963503649635,False,True,3836,1918,0,0,3836,1918,0.0015625,1629.6155174482944,-3.6873132423945116,-3.6873132423945116,-3.6873132423945116,False,-1.0926298360269289,0.0015625,False
trial,40,40,38,961.4630111156282,961.4630111156282,961.066587919337,961.066587919337,3836,1918,0,0,3836,1918,157276,78638,2106916.0,2106916.0,1098.4963503649635,False,True,3836,1918,0,0,3836,1918,0.00078125,1629.6155174482944,-0.4677321392039365,-0.4677321392039365,-0.4677321392039365,False,-0.8475432048904119,0.00078125,False
trial,41,41,41,959.5278408642873,959.5278408642873,959.5278408642873,959.5278408642873,3836,1918,0,0,3836,1918,161112,80556,2116916.0,2116916.0,1103.7101147028154,False,True,3836,1918,0,0,3836,1918,0.000390625,4309.58141594323,0.6119390194852737,0.6119390194852737,0.6119390194852737,False,-0.5808729902332295,0.000390625,True
trial,42,42,41,960.1703281126427,960.1703281126427,959.5278408642873,959.5278408642873,3836,1918,0,0,3836,1918,164948,82474,2116916.0,2116916.0,1103.7101147028154,False,True,3836,1918,0,0,3836,1918,0.00078125,688.1777583104315,-2.0638783483655447,-2.0638783483655447,-2.0638783483655447,False,-0.3113009295650321,0.00078125,False
trial,43,43,43,959.513752206042,959.513752206042,959.513752206042,959.513752206042,3836,1918,0,0,3836,1918,168784,84392,2116916.0,2116916.0,1103.7101147028154,False,True,3836,1918,0,0,3836,1918,0.000390625,688.1777583104315,0.06939323104654439,0.06939323104654439,0.06939323104654439,False,-0.203026405210588,0.000390625,True
trial,44,44,43,960.1419509597373,960.1419509597373,959.513752206042,959.513752206042,3836,1918,0,0,3836,1918,172620,86310,2116916.0,2116916.0,1103.7101147028154,False,True,3836,1918,0,0,3836,1918,0.00078125,551.5069037054574,-2.023985510775487,-2.023985510775487,-2.023985510775487,False,-0.3103771002069119,0.00078125,False
trial,45,45,43,959.5504421601061,959.5504421601061,959.513752206042,959.513752206042,3836,1918,0,0,3836,1918,176456,88228,2116916.0,2116916.0,1103.7101147028154,False,True,3836,1918,0,0,3836,1918,0.000390625,551.5069037054574,-0.19468495229521202,-0.19468495229521202,-0.19468495229521202,False,-0.1884580889868866,0.000390625,False
trial,46,46,46,957.9470551749846,957.9470551749846,957.9470551749846,957.9470551749846,3836,1918,0,0,3836,1918,180292,90146,2126916.0,2126916.0,1108.9238790406673,False,True,3836,1918,0,0,3836,1918,0.0001953125,6497.397105783688,0.9082660382811404,0.9082660382811404,0.9082660382811404,False,-0.45903125747882717,0.0001953125,True
trial,47,47,46,957.9745742605849,957.9745742605849,957.9470551749846,957.9470551749846,3836,1918,0,0,3836,1918,184128,92064,2126916.0,2126916.0,1108.9238790406673,False,True,3836,1918,0,0,3836,1918,0.000390625,783.1376041334725,-0.3015450085961262,-0.3015450085961262,-0.3015450085961262,False,-0.09126029221434931,0.000390625,False
trial,48,48,48,957.9096074085037,957.9096074085037,957.9096074085037,957.9096074085037,3836,1918,0,0,3836,1918,187964,93982,2126916.0,2126916.0,1108.9238790406673,False,True,3836,1918,0,0,3836,1918,0.0001953125,783.1376041334725,0.5672031115358374,0.5672031115358374,0.5672031115358374,False,-0.06602179310954494,0.0001953125,True
trial,49,49,48,957.9992915657062,957.9992915657062,957.9096074085037,957.9096074085037,3836,1918,0,0,3836,1918,191800,95900,2126916.0,2126916.0,1108.9238790406673,False,True,3836,1918,0,0,3836,1918,0.000390625,183.72679260253054,-1.2248504626443322,-1.2248504626443322,-1.2248504626443322,False,-0.07322049502184598,0.000390625,False
trial,50,50,50,957.904950807802,957.904950807802,957.904950807802,957.904950807802,3836,1918,0,0,3836,1918,195636,97818,2126916.0,2126916.0,1108.9238790406673,False,True,3836,1918,0,0,3836,1918,0.0001953125,183.72679260253054,0.10465077097551476,0.10465077097551476,0.10465077097551476,False,-0.044496573300356945,0.0001953125,True
trial,51,51,51,957.055795371539,957.055795371539,957.055795371539,957.055795371539,3836,1918,0,0,3836,1918,199472,99736,2136916.0,2136916.0,1114.1376433785192,False,True,3836,1918,0,0,3836,1918,0.000390625,3331.3909584523135,0.755087011286803,0.755087011286803,0.755087011286803,False,-0.6208355825625096,0.000390625,True
trial,52,52,51,957.4773949476764,957.4773949476764,957.055795371539,957.055795371539,3836,1918,0,0,3836,1918,203308,101654,2136916.0,2136916.0,1114.1376433785192,False,True,3836,1918,0,0,3836,1918,0.00078125,454.1575695773303,-0.6803525221527505,-0.6803525221527505,-0.6803525221527505,False,-0.619678126279864,0.00078125,False
trial,53,53,53,956.9061610245209,956.9061610245209,956.9061610245209,956.9061610245209,3836,1918,0,0,3836,1918,207144,103572,2136916.0,2136916.0,1114.1376433785192,False,True,3836,1918,0,0,3836,1918,0.000390625,454.1575695773303,0.41725484628853965,0.41725484628853965,0.41725484628853965,False,-0.3586161990666851,0.000390625,True
trial,54,54,53,957.6345271350816,957.6345271350816,956.9061610245209,956.9061610245209,3836,1918,0,0,3836,1918,210980,105490,2136916.0,2136916.0,1114.1376433785192,False,True,3836,1918,0,0,3836,1918,0.00078125,635.5116389173018,-2.0078663544492956,-2.0078663544492956,-2.0078663544492956,False,-0.3627562705788252,0.00078125,False
trial,55,55,53,956.923691222787,956.923691222787,956.9061610245209,956.9061610245209,3836,1918,0,0,3836,1918,214816,107408,2136916.0,2136916.0,1114.1376433785192,False,True,3836,1918,0,0,3836,1918,0.000390625,635.5116389173018,-0.0792929286198251,-0.0792929286198251,-0.0792929286198251,False,-0.22108148319532783,0.000390625,False
trial,56,56,56,956.5767079823788,956.5767079823788,956.5767079823788,956.5767079823788,3836,1918,0,0,3836,1918,218652,109326,2146916.0,2146916.0,1119.351407716371,False,True,3836,1918,0,0,3836,1918,0.0001953125,1355.683754485974,0.8803202146315336,0.8803202146315336,0.8803202146315336,False,-0.45854713983574436,0.0001953125,True
trial,57,57,57,956.5759690845366,956.5759690845366,956.5759690845366,956.5759690845366,3836,1918,0,0,3836,1918,222488,111244,2146916.0,2146916.0,1119.351407716371,False,True,3836,1918,0,0,3836,1918,0.000390625,334.83860242648836,0.004126823179710039,0.004126823179710039,0.004126823179710039,False,-0.17904761363274332,0.000390625,True
trial,58,58,58,956.4745733729105,956.4745733729105,956.4745733729105,956.4745733729105,3836,1918,0,0,3836,1918,226324,113162,2146916.0,2146916.0,1119.351407716371,False,True,3836,1918,0,0,3836,1918,0.0001953125,670.385616485915,0.6402630854087357,0.6402630854087357,0.6402630854087357,False,-0.15836569987687626,0.0001953125,True
trial,59,59,58,956.515706184153,956.515706184153,956.4745733729105,956.4745733729105,3836,1918,0,0,3836,1918,230160,115080,2146916.0,2146916.0,1119.351407716371,False,True,3836,1918,0,0,3836,1918,0.000390625,264.699313330048,-0.7139383597179378,-0.7139383597179378,-0.7139383597179378,False,-0.05761395319724248,0.000390625,False
trial,60,60,60,956.4699112882475,956.4699112882475,956.4699112882475,956.4699112882475,3836,1918,0,0,3836,1918,233996,116998,2146916.0,2146916.0,1119.351407716371,False,True,3836,1918,0,0,3836,1918,0.0001953125,264.699313330048,0.13980831994263168,0.13980831994263168,0.13980831994263168,False,-0.033346260543686834,0.0001953125,True
trial,61,61,61,958.2093993141746,958.2093993141746,958.2093993141746,958.2093993141746,3836,1918,0,0,3836,1918,237832,118916,2156916.0,2156916.0,1124.5651720542232,False,True,3836,1918,0,0,3836,1918,0.000390625,15479.602906003078,0.34483737089072525,0.34483737089072525,0.34483737089072525,False,-0.457336212985461,0.000390625,True
trial,62,62,61,958.6939544016624,958.6939544016624,958.2093993141746,958.2093993141746,3836,1918,0,0,3836,1918,241668,120834,2156916.0,2156916.0,1124.5651720542232,False,True,3836,1918,0,0,3836,1918,0.00078125,926.726140938548,-0.6793414413754411,-0.6793414413754411,-0.6793414413754411,False,-0.7132717923210405,0.00078125,False
trial,63,63,63,958.057024000738,958.057024000738,958.057024000738,958.057024000738,3836,1918,0,0,3836,1918,245504,122752,2156916.0,2156916.0,1124.5651720542232,False,True,3836,1918,0,0,3836,1918,0.000390625,926.726140938548,0.3719929813307119,0.3719929813307119,0.3719929813307119,False,-0.40961878606275326,0.000390625,True
trial,64,64,63,959.121850931788,959.121850931788,958.057024000738,958.057024000738,3836,1918,0,0,3836,1918,249340,124670,2156916.0,2156916.0,1124.5651720542232,False,True,3836,1918,0,0,3836,1918,0.00078125,441.72932252087946,-4.6187780968089225,-4.6187780968089225,-4.6187780968089225,False,-0.23054299399784398,0.00078125,False
trial,65,65,63,958.1995084295245,958.1995084295245,958.057024000738,958.057024000738,3836,1918,0,0,3836,1918,253176,126588,2156916.0,2156916.0,1124.5651720542232,False,True,3836,1918,0,0,3836,1918,0.000390625,441.72932252087946,-1.078544507363623,-1.078544507363623,-1.078544507363623,False,-0.1321080658365792,0.000390625,False
trial,66,66,66,957.8346538051414,957.8346538051414,957.8346538051414,957.8346538051414,3836,1918,0,0,3836,1918,257012,128506,2166916.0,2166916.0,1129.7789363920751,False,True,3836,1918,0,0,3836,1918,0.0001953125,3804.1957467062093,0.9006090555939704,0.9006090555939704,0.9006090555939704,False,-0.3607837682588779,0.0001953125,True
trial,67,67,66,957.9928785932791,957.9928785932791,957.8346538051414,957.8346538051414,3836,1918,0,0,3836,1918,260848,130424,2166916.0,2166916.0,1129.7789363920751,False,True,3836,1918,0,0,3836,1918,0.000390625,274.0013895199935,-1.8819819118508807,-1.8819819118508807,-1.8819819118508807,False,-0.08407349036742273,0.000390625,False
trial,68,68,68,957.825308999194,957.825308999194,957.825308999194,957.825308999194,3836,1918,0,0,3836,1918,264684,132342,2166916.0,2166916.0,1129.7789363920751,False,True,3836,1918,0,0,3836,1918,0.0001953125,274.0013895199935,0.18008968512003148,0.18008968512003148,0.18008968512003148,False,-0.05188973450196696,0.0001953125,True
trial,69,69,68,957.960152859228,957.960152859228,957.825308999194,957.825308999194,3836,1918,0,0,3836,1918,268520,134260,2166916.0,2166916.0,1129.7789363920751,False,True,3836,1918,0,0,3836,1918,0.000390625,191.4293914674879,-0.9811964277580607,-0.9811964277580607,-0.9811964277580607,False,-0.1374279973093973,0.000390625,False
trial,70,70,70,957.8155557763594,957.8155557763594,957.8155557763594,957.8155557763594,3836,1918,0,0,3836,1918,272356,136178,2166916.0,2166916.0,1129.7789363920751,False,True,3836,1918,0,0,3836,1918,0.0001953125,191.4293914674879,0.1365463821520133,0.1365463821520133,0.1365463821520133,False,-0.07142791102149344,0.0001953125,True
trial,71,71,71,957.6740636356055,957.6740636356055,957.6740636356055,957.6740636356055,3836,1918,0,0,3836,1918,276192,138096,2176916.0,2176916.0,1134.992700729927,False,True,3836,1918,0,0,3836,1918,0.000390625,3357.3783502756796,0.7002150007301393,0.7002150007301393,0.7002150007301393,False,-0.4178854586282241,0.000390625,True
trial,72,72,71,957.9837653205606,957.9837653205606,957.6740636356055,957.6740636356055,3836,1918,0,0,3836,1918,280028,140014,2176916.0,2176916.0,1134.992700729927,False,True,3836,1918,0,0,3836,1918,0.00078125,313.7089164706192,-1.1552242363278478,-1.1552242363278478,-1.1552242363278478,False,-0.26808793930734154,0.00078125,False
trial,73,73,71,957.6809296380266,957.6809296380266,957.6740636356055,957.6740636356055,3836,1918,0,0,3836,1918,283864,141932,2176916.0,2176916.0,1134.992700729927,False,True,3836,1918,0,0,3836,1918,0.000390625,313.7089164706192,-0.04236425900677484,-0.04236425900677484,-0.04236425900677484,False,-0.16207063647501327,0.000390625,False
trial,74,74,74,957.6260219992937,957.6260219992937,957.6260219992937,957.6260219992937,3836,1918,0,0,3836,1918,287700,143850,2176916.0,2176916.0,1134.992700729927,False,True,3836,1918,0,0,3836,1918,0.0001953125,313.7089164706192,0.5240052855766623,0.5240052855766623,0.5240052855766623,False,-0.09168158725530266,0.0001953125,True
trial,75,75,74,957.6897486322048,957.6897486322048,957.6260219992937,957.6260219992937,3836,1918,0,0,3836,1918,291536,145768,2176916.0,2176916.0,1134.992700729927,False,True,3836,1918,0,0,3836,1918,0.000390625,117.09919346491355,-0.964064286038871,-0.964064286038871,-0.964064286038871,False,-0.06610205754319887,0.000390625,False
trial,76,76,76,958.7058687985818,958.7058687985818,958.7058687985818,958.7058687985818,3836,1918,0,0,3836,1918,295372,147686,2186916.0,2186916.0,1140.206465067779,False,True,3836,1918,0,0,3836,1918,0.0001953125,3484.9591010612958,0.6507515563688008,0.6507515563688008,0.6507515563688008,False,-0.13449475153798202,0.0001953125,True
trial,77,77,76,958.8265751685115,958.8265751685115,958.7058687985818,958.7058687985818,3836,1918,0,0,3836,1918,299208,149604,2186916.0,2186916.0,1140.206465067779,False,True,3836,1918,0,0,3836,1918,0.000390625,204.4629552487579,-1.7660988161948503,-1.7660988161948503,-1.7660988161948503,False,-0.06834632854218733,0.000390625,False
trial,78,78,78,958.7033824711077,958.7033824711077,958.7033824711077,958.7033824711077,3836,1918,0,0,3836,1918,303044,151522,2186916.0,2186916.0,1140.206465067779,False,True,3836,1918,0,0,3836,1918,0.0001953125,204.4629552487579,0.05821435826373056,0.05821435826373056,0.05821435826373056,False,-0.04270986657368242,0.0001953125,True
trial,79,79,78,958.8007138085283,958.8007138085283,958.7033824711077,958.7033824711077,3836,1918,0,0,3836,1918,306880,153440,2186916.0,2186916.0,1140.206465067779,False,True,3836,1918,0,0,3836,1918,0.000390625,115.49989166745483,-1.4124718388754602,-1.4124718388754602,-1.4124718388754602,False,-0.06890851537120354,0.000390625,False
trial,80,80,78,958.708219146315,958.708219146315,958.7033824711077,958.7033824711077,3836,1918,0,0,3836,1918,310716,155358,2186916.0,2186916.0,1140.206465067779,False,True,3836,1918,0,0,3836,1918,0.0001953125,115.49989166745483,-0.11464974105366349,-0.11464974105366349,-0.11464974105366349,False,-0.04218653407133183,0.0001953125,False
trial,81,81,81,959.1584262203265,959.1584262203265,959.1584262203265,959.1584262203265,3836,1918,0,0,3836,1918,314552,157276,2198281.0,2198281.0,1146.1319082377477,False,True,3836,1918,0,0,3836,1918,9.765625e-05,11202.08387211322,0.9766332913804114,0.9766332913804114,0.9766332913804114,False,-0.40563896145542405,9.765625e-05,True
trial,82,82,82,959.121494812812,959.121494812812,959.121494812812,959.121494812812,3836,1918,0,0,3836,1918,318388,159194,2198281.0,2198281.0,1146.1319082377477,False,True,3836,1918,0,0,3836,1918,0.0001953125,635.5271133446748,0.8005040284398531,0.8005040284398531,0.8005040284398531,False,-0.04613519258175579,0.0001953125,True
trial,83,83,82,959.2899783792813,959.2899783792813,959.121494812812,959.121494812812,3836,1918,0,0,3836,1918,322224,161112,2198281.0,2198281.0,1146.1319082377477,False,True,3836,1918,0,0,3836,1918,0.000390625,88.82544014056349,-4.5520740204577175,-4.5520740204577175,-4.5520740204577175,False,-0.03701248391657777,0.000390625,False
trial,84,84,82,959.1544747042198,959.1544747042198,959.121494812812,959.121494812812,3836,1918,0,0,3836,1918,326060,163030,2198281.0,2198281.0,1146.1319082377477,False,True,3836,1918,0,0,3836,1918,0.0001953125,88.82544014056349,-1.611942010751525,-1.611942010751525,-1.611942010751525,False,-0.020459725714566376,0.0001953125,False
trial,85,85,82,959.1220907833787,959.1220907833787,959.121494812812,959.121494812812,3836,1918,0,0,3836,1918,329896,164948,2198281.0,2198281.0,1146.1319082377477,False,True,3836,1918,0,0,3836,1918,9.765625e-05,88.82544014056349,-0.054040882029482214,-0.054040882029482214,-0.054040882029482214,False,-0.011028142848466593,9.765625e-05,False
trial,86,86,86,958.8868680442658,958.8868680442658,958.8868680442658,958.8868680442658,3836,1918,0,0,3836,1918,333732,166866,2211456.0,2211456.0,1153.0010427528675,False,True,3836,1918,0,0,3836,1918,4.8828125e-05,8635.318377445179,0.9719993849077212,0.9719993849077212,0.9719993849077212,False,-0.24609064139858994,4.8828125e-05,True
trial,87,87,87,958.8026970888172,958.8026970888172,958.8026970888172,958.8026970888172,3836,1918,0,0,3836,1918,337568,168784,2211456.0,2211456.0,1153.0010427528675,False,True,3836,1918,0,0,3836,1918,9.765625e-05,597.1664941108555,0.8710736520796177,0.8710736520796177,0.8710736520796177,False,-0.09662897649084831,9.765625e-05,True
trial,88,88,88,958.7651127881381,958.7651127881381,958.7651127881381,958.7651127881381,3836,1918,0,0,3836,1918,341404,170702,2211456.0,2211456.0,1153.0010427528675,False,True,3836,1918,0,0,3836,1918,0.0001953125,156.88476959565756,0.5476099993097955,0.5476099993097955,0.5476099993097955,False,-0.06863333526866047,0.0001953125,True
trial,89,89,88,958.7678577006762,958.7678577006762,958.7651127881381,958.7651127881381,3836,1918,0,0,3836,1918,345240,172620,2211456.0,2211456.0,1153.0010427528675,False,True,3836,1918,0,0,3836,1918,0.000390625,121.12217834515516,-0.03500997533349839,-0.03500997533349839,-0.03500997533349839,False,-0.07840372670811291,0.000390625,False
trial,90,90,90,958.7413308023743,958.7413308023743,958.7413308023743,958.7413308023743,3836,1918,0,0,3836,1918,349076,174538,2211456.0,2211456.0,1153.0010427528675,False,True,3836,1918,0,0,3836,1918,0.0001953125,121.12217834515516,0.5061220349593668,0.5061220349593668,0.5061220349593668,False,-0.046988639342286254,0.0001953125,True
trial,91,91,91,961.912916403118,961.912916403118,961.912916403118,961.912916403118,3836,1918,0,0,3836,1918,352912,176456,2226731.0,2226731.0,1160.9650677789364,False,True,3836,1918,0,0,3836,1918,0.000390625,6153.2783858547555,0.6754541566281665,0.6754541566281665,0.6754541566281665,False,-0.5819864883173782,0.000390625,True
trial,92,92,91,962.5544315688948,962.5544315688948,961.912916403118,961.912916403118,3836,1918,0,0,3836,1918,356748,178374,2226731.0,2226731.0,1160.9650677789364,False,True,3836,1918,0,0,3836,1918,0.00078125,611.8108985851559,-1.185657813289177,-1.185657813289177,-1.185657813289177,False,-0.5410626561783103,0.00078125,False
trial,93,93,93,961.8287562965725,961.8287562965725,961.8287562965725,961.8287562965725,3836,1918,0,0,3836,1918,360584,180292,2226731.0,2226731.0,1160.9650677789364,False,True,3836,1918,0,0,3836,1918,0.000390625,611.8108985851559,0.24837224911574288,0.24837224911574288,0.24837224911574288,False,-0.3388466579704859,0.000390625,True
trial,94,94,93,962.5607976468475,962.5607976468475,961.8287562965725,961.8287562965725,3836,1918,0,0,3836,1918,364420,182210,2226731.0,2226731.0,1160.9650677789364,False,True,3836,1918,0,0,3836,1918,0.00078125,598.9369820872392,-1.6118559258923884,-1.6118559258923884,-1.6118559258923884,False,-0.4541605353901294,0.00078125,False
trial,95,95,95,961.8185066169283,961.8185066169283,961.8185066169283,961.8185066169283,3836,1918,0,0,3836,1918,368256,184128,2226731.0,2226731.0,1160.9650677789364,False,True,3836,1918,0,0,3836,1918,0.000390625,598.9369820872392,0.03896438179982103,0.03896438179982103,0.03896438179982103,False,-0.26305254108311393,0.000390625,True
trial,96,96,96,964.3669586958962,964.3669586958962,964.3669586958962,964.3669586958962,3836,1918,0,0,3836,1918,372092,186046,2244436.0,2244436.0,1170.1960375391031,False,True,3836,1918,0,0,3836,1918,0.0001953125,11098.205056751924,0.9085948586117597,0.9085948586117597,0.9085948586117597,False,-0.49249297665861336,0.0001953125,True
trial,97,97,97,964.3642647313324,964.3642647313324,964.3642647313324,964.3642647313324,3836,1918,0,0,3836,1918,375928,187964,2244436.0,2244436.0,1170.1960375391031,False,True,3836,1918,0,0,3836,1918,0.000390625,591.1475828720799,0.025518612068391525,0.025518612068391525,0.025518612068391525,False,-0.10556861621675183,0.000390625,True
trial,98,98,98,964.2879166257007,964.2879166257007,964.2879166257007,964.2879166257007,3836,1918,0,0,3836,1918,379764,189882,2244436.0,2244436.0,1170.1960375391031,False,True,3836,1918,0,0,3836,1918,0.0001953125,460.74715186974737,0.6188141814059313,0.6188141814059313,0.6188141814059313,False,-0.12337808008560573,0.0001953125,True
trial,99,99,98,964.3830081622743,964.3830081622743,964.2879166257007,964.2879166257007,3836,1918,0,0,3836,1918,383600,191800,2244436.0,2244436.0,1170.1960375391031,False,True,3836,1918,0,0,3836,1918,0.000390625,131.39683255472684,-1.2466328035485916,-1.2466328035485916,-1.2466328035485916,False,-0.07627870556823867,0.000390625,False
trial,100,100,100,964.286727221036,964.286727221036,964.286727221036,964.286727221036,3836,1918,0,0,3836,1918,387436,193718,2244436.0,2244436.0,1170.1960375391031,False,True,3836,1918,0,0,3836,1918,0.0001953125,131.39683255472684,0.025735343035682336,0.025735343035682336,0.025735343035682336,False,-0.04621677912275647,0.0001953125,True
trial,101,101,101,960.5787125858577,960.5787125858577,960.5787125858577,960.5787125858577,3836,1918,0,0,3836,1918,391272,195636,2264961.0,2264961.0,1180.8972888425444,False,True,3836,1918,0,0,3836,1918,9.765625e-05,11466.94190554846,0.9827979806877264,0.9827979806877264,0.9827979806877264,False,-0.31428975077325205,9.765625e-05,True
trial,102,102,102,960.4875477046523,960.4875477046523,960.4875477046523,960.4875477046523,3836,1918,0,0,3836,1918,395108,197554,2264961.0,2264961.0,1180.8972888425444,False,True,3836,1918,0,0,3836,1918,0.0001953125,456.98900410501807,0.8397129139364516,0.8397129139364516,0.8397129139364516,False,-0.10856672523708731,0.0001953125,True
trial,103,103,103,960.4564093550476,960.4564093550476,960.4564093550476,960.4564093550476,3836,1918,0,0,3836,1918,398944,199472,2264961.0,2264961.0,1180.8972888425444,False,True,3836,1918,0,0,3836,1918,0.000390625,242.35329759480334,0.24100895477151676,0.24100895477151676,0.24100895477151676,False,-0.1291999694958342,0.000390625,True
trial,104,104,103,960.709297322642,960.709297322642,960.4564093550476,960.4564093550476,3836,1918,0,0,3836,1918,402780,201390,2264961.0,2264961.0,1180.8972888425444,False,True,3836,1918,0,0,3836,1918,0.00078125,309.7499705952019,-1.1281905330091888,-1.1281905330091888,-1.1281905330091888,False,-0.22415359834639514,0.00078125,False
trial,105,105,105,960.424607261164,960.424607261164,960.424607261164,960.424607261164,3836,1918,0,0,3836,1918,406616,203308,2264961.0,2264961.0,1180.8972888425444,False,True,3836,1918,0,0,3836,1918,0.000390625,309.7499705952019,0.23999171812698997,0.23999171812698997,0.23999171812698997,False,-0.13251329725785158,0.000390625,True
trial,106,106,105,962.7429055661132,962.7429055661132,962.6436895401919,962.6436895401919,3836,1918,0,0,3836,1918,410452,205226,2274961.0,2274961.0,1186.1110531803963,False,True,3836,1918,0,0,3836,1918,0.00078125,8527.44880123597,-0.24751337280590938,-0.24751337280590938,-0.24751337280590938,False,-0.40085117339963705,0.00078125,False
trial,107,107,107,962.4232757231508,962.4232757231508,962.4232757231508,962.4232757231508,3836,1918,0,0,3836,1918,414288,207144,2274961.0,2274961.0,1186.1110531803963,False,True,3836,1918,0,0,3836,1918,0.000390625,8527.44880123597,0.6893845723387371,0.6893845723387371,0.6893845723387371,False,-0.31972548543303625,0.000390625,True
trial,108,108,107,962.6547054676395,962.6547054676395,962.4232757231508,962.4232757231508,3836,1918,0,0,3836,1918,418124,209062,2274961.0,2274961.0,1186.1110531803963,False,True,3836,1918,0,0,3836,1918,0.00078125,323.6327874503155,-0.9452081395519089,-0.9452081395519089,-0.9452081395519089,False,-0.2448452724903148,0.00078125,False
trial,109,109,109,962.3857748255402,962.3857748255402,962.3857748255402,962.3857748255402,3836,1918,0,0,3836,1918,421960,210980,2274961.0,2274961.0,1186.1110531803963,False,True,3836,1918,0,0,3836,1918,0.000390625,323.6327874503155,0.27588800172289185,0.27588800172289185,0.27588800172289185,False,-0.13592797575971197,0.000390625,True
trial,110,110,109,962.6956760181406,962.6956760181406,962.3857748255402,962.3857748255402,3836,1918,0,0,3836,1918,425796,212898,2274961.0,2274961.0,1186.1110531803963,False,True,3836,1918,0,0,3836,1918,0.00078125,263.90650143576204,-1.7527054281245078,-1.7527054281245078,-1.7527054281245078,False,-0.17681305005826084,0.00078125,False
trial,111,111,111,963.1447270218698,963.1447270218698,963.1447270218698,963.1447270218698,3836,1918,0,0,3836,1918,429632,214816,2302546.0,2302546.0,1200.4932221063607,False,True,3836,1918,0,0,3836,1918,0.000390625,12728.60327045945,0.8418084708244908,0.8418084708244908,0.8418084708244908,False,-0.8149594560947042,0.000390625,True
trial,112,112,111,963.3298677907252,963.3298677907252,963.1447270218698,963.1447270218698,3836,1918,0,0,3836,1918,433468,216734,2302546.0,2302546.0,1200.4932221063607,False,True,3836,1918,0,0,3836,1918,0.00078125,437.160110465808,-0.7296250777376069,-0.7296250777376069,-0.7296250777376069,False,-0.2537478144658263,0.00078125,False
trial,113,113,113,963.0804848571188,963.0804848571188,963.0804848571188,963.0804848571188,3836,1918,0,0,3836,1918,437304,218652,2302546.0,2302546.0,1200.4932221063607,False,True,3836,1918,0,0,3836,1918,0.000390625,437.160110465808,0.4458208385092517,0.4458208385092517,0.4458208385092517,False,-0.14409861361760615,0.000390625,True
trial,114,114,113,963.6750876754866,963.6750876754866,963.0804848571188,963.0804848571188,3836,1918,0,0,3836,1918,441140,220570,2302546.0,2302546.0,1200.4932221063607,False,True,3836,1918,0,0,3836,1918,0.00078125,311.8203325416716,-6.442549223056216,-6.442549223056216,-6.442549223056216,False,-0.0922930966890941,0.00078125,False
trial,115,115,113,963.1659590461461,963.1659590461461,963.0804848571188,963.0804848571188,3836,1918,0,0,3836,1918,444976,222488,2302546.0,2302546.0,1200.4932221063607,False,True,3836,1918,0,0,3836,1918,0.000390625,311.8203325416716,-1.4951160566235664,-1.4951160566235664,-1.4951160566235664,False,-0.05716893257125208,0.000390625,False
trial,116,116,116,963.1181886045528,963.1181886045528,963.1181886045528,963.1181886045528,3836,1918,0,0,3836,1918,448812,224406,2334526.0,2334526.0,1217.1668404588113,False,True,3836,1918,0,0,3836,1918,0.0001953125,7485.094902571185,0.9742052363567411,0.9742052363567411,0.9742052363567411,False,-0.8394531583986669,0.0001953125,True
trial,117,117,117,963.0077738253976,963.0077738253976,963.0077738253976,963.0077738253976,3836,1918,0,0,3836,1918,452648,226324,2334526.0,2334526.0,1217.1668404588113,False,True,3836,1918,0,0,3836,1918,0.000390625,403.16041229267404,0.4982700495017864,0.4982700495017864,0.4982700495017864,False,-0.22159625942904576,0.000390625,True
trial,118,118,117,963.7060676016365,963.7060676016365,963.0077738253976,963.0077738253976,3836,1918,0,0,3836,1918,456484,228242,2334526.0,2334526.0,1217.1668404588113,False,True,3836,1918,0,0,3836,1918,0.00078125,507.670099214871,-1.9205303035348635,-1.9205303035348635,-1.9205303035348635,False,-0.36359425048051264,0.00078125,False
trial,119,119,119,962.9968018633108,962.9968018633108,962.9968018633108,962.9968018633108,3836,1918,0,0,3836,1918,460320,230160,2334526.0,2334526.0,1217.1668404588113,False,True,3836,1918,0,0,3836,1918,0.000390625,507.670099214871,0.047379995673122795,0.047379995673122795,0.047379995673122795,False,-0.23157372496481396,0.000390625,True
trial,120,120,120,962.9009891328305,962.9009891328305,962.9009891328305,962.9009891328305,3836,1918,0,0,3836,1918,464156,232078,2334526.0,2334526.0,1217.1668404588113,False,True,3836,1918,0,0,3836,1918,0.0001953125,609.5599491618519,0.6497796856560758,0.6497796856560758,0.6497796856560758,False,-0.14745417961705942,0.0001953125,True
trial,121,121,121,962.8116191591462,962.8116191591462,962.8116191591462,962.8116191591462,3836,1918,0,0,3836,1918,467992,233996,2367296.0,2367296.0,1234.252346193952,False,True,3836,1918,0,0,3836,1918,0.000390625,15547.24497494965,0.8616569438765311,0.8616569438765311,0.8616569438765311,False,-1.2752241480809774,0.000390625,True
trial,122,122,121,963.4832250684324,963.4832250684324,962.8116191591462,962.8116191591462,3836,1918,0,0,3836,1918,471828,235914,2367296.0,2367296.0,1234.252346193952,False,True,3836,1918,0,0,3836,1918,0.00078125,557.8035570113933,-1.5705533449235474,-1.5705533449235474,-1.5705533449235474,False,-0.4276237489525659,0.00078125,False
trial,123,123,123,962.7389144016583,962.7389144016583,962.7389144016583,962.7389144016583,3836,1918,0,0,3836,1918,475664,237832,2367296.0,2367296.0,1234.252346193952,False,True,3836,1918,0,0,3836,1918,0.000390625,557.8035570113933,0.27902196770818705,0.27902196770818705,0.27902196770818705,False,-0.2605700120496058,0.000390625,True
trial,124,124,123,963.7360271686713,963.7360271686713,962.7389144016583,962.7389144016583,3836,1918,0,0,3836,1918,479500,239750,2367296.0,2367296.0,1234.252346193952,False,True,3836,1918,0,0,3836,1918,0.00078125,569.6434671767971,-4.08248288190597,-4.08248288190597,-4.08248288190597,False,-0.24424175087965555,0.00078125,False
trial,125,125,123,962.801009836101,962.801009836101,962.7389144016583,962.7389144016583,3836,1918,0,0,3836,1918,483336,241668,2367296.0,2367296.0,1234.252346193952,False,True,3836,1918,0,0,3836,1918,0.000390625,569.6434671767971,-0.39522766954065164,-0.39522766954065164,-0.39522766954065164,False,-0.15711307488876797,0.000390625,False
trial,126,126,126,958.8057743296295,958.8057743296295,958.8057743296295,958.8057743296295,3836,1918,0,0,3836,1918,487172,243586,2410271.0,2410271.0,1256.6584984358708,False,True,3836,1918,0,0,3836,1918,0.0001953125,11225.794779214028,0.9647795126502411,0.9647795126502411,0.9647795126502411,False,-0.6448219502086943,0.0001953125,True
trial,127,127,127,958.6470505347265,958.6470505347265,958.6470505347265,958.6470505347265,3836,1918,0,0,3836,1918,491008,245504,2410271.0,2410271.0,1256.6584984358708,False,True,3836,1918,0,0,3836,1918,0.000390625,283.1468170247367,0.6870966614791245,0.6870966614791245,0.6870966614791245,False,-0.23100649996062925,0.000390625,True
trial,128,128,128,958.5679820044666,958.5679820044666,958.5679820044666,958.5679820044666,3836,1918,0,0,3836,1918,494844,247422,2410271.0,2410271.0,1256.6584984358708,False,True,3836,1918,0,0,3836,1918,0.00078125,457.79625805909745,0.19801505174785414,0.19801505174785414,0.19801505174785414,False,-0.3993056566258273,0.00078125,True
trial,129,129,128,960.418997547958,960.418997547958,958.5679820044666,958.5679820044666,3836,1918,0,0,3836,1918,498680,249340,2410271.0,2410271.0,1256.6584984358708,False,True,3836,1918,0,0,3836,1918,0.0015625,1090.8601178675524,-3.8765979096952674,-3.8765979096952674,-3.8765979096952674,False,-0.4774845332455411,0.0015625,False
trial,130,130,128,958.6143063902632,958.6143063902632,958.5679820044666,958.5679820044666,3836,1918,0,0,3836,1918,502516,251258,2410271.0,2410271.0,1256.6584984358708,False,True,3836,1918,0,0,3836,1918,0.00078125,1090.8601178675524,-0.11046646003251481,-0.11046646003251481,-0.11046646003251481,False,-0.41935249652262413,0.00078125,False
trial,131,131,131,955.4850677394359,955.4850677394359,955.4850677394359,955.4850677394359,3836,1918,0,0,3836,1918,506352,253176,2443041.0,2443041.0,1273.7440041710115,False,True,3836,1918,0,0,3836,1918,0.000390625,16427.002253108,0.8673835109953839,0.8673835109953839,0.8673835109953839,False,-1.1452992633344952,0.000390625,True
trial,132,132,131,955.8835876074296,955.8835876074296,955.4850677394359,955.4850677394359,3836,1918,0,0,3836,1918,510188,255094,2443041.0,2443041.0,1273.7440041710115,False,True,3836,1918,0,0,3836,1918,0.00078125,605.7259898155005,-2.225773074584052,-2.225773074584052,-2.225773074584052,False,-0.17904784299190776,0.00078125,False
trial,133,133,133,955.4774229428017,955.4774229428017,955.4774229428017,955.4774229428017,3836,1918,0,0,3836,1918,514024,257012,2443041.0,2443041.0,1273.7440041710115,False,True,3836,1918,0,0,3836,1918,0.000390625,605.7259898155005,0.05441886321252513,0.05441886321252513,0.05441886321252513,False,-0.14048063819914502,0.000390625,True
trial,134,134,133,955.7997670935305,955.7997670935305,955.4774229428017,955.4774229428017,3836,1918,0,0,3836,1918,517860,258930,2443041.0,2443041.0,1273.7440041710115,False,True,3836,1918,0,0,3836,1918,0.00078125,477.3564839392379,-0.853293659485084,-0.853293659485084,-0.853293659485084,False,-0.37776461496655056,0.00078125,False
trial,135,135,135,955.4003595927973,955.4003595927973,955.4003595927973,955.4003595927973,3836,1918,0,0,3836,1918,521696,260848,2443041.0,2443041.0,1273.7440041710115,False,True,3836,1918,0,0,3836,1918,0.000390625,477.3564839392379,0.3348544944965953,0.3348544944965953,0.3348544944965953,False,-0.2301398107864442,0.000390625,True
trial,136,136,135,956.4085380628225,956.4085380628225,955.4644940664889,955.4644940664889,3836,1918,0,0,3836,1918,525532,262766,2453041.0,2453041.0,1278.9577685088634,False,True,3836,1918,0,0,3836,1918,0.00078125,3270.1069454240182,-2.701802811066662,-2.701802811066662,-2.701802811066662,False,-0.34941261903597504,0.00078125,False
trial,137,137,137,955.4116516177755,955.4116516177755,955.4116516177755,955.4116516177755,3836,1918,0,0,3836,1918,529368,264684,2453041.0,2453041.0,1278.9577685088634,False,True,3836,1918,0,0,3836,1918,0.000390625,3270.1069454240182,0.18763659869671886,0.18763659869671886,0.18763659869671886,False,-0.2816212246459115,0.000390625,True
trial,138,138,137,955.9270671917513,955.9270671917513,955.4116516177755,955.4116516177755,3836,1918,0,0,3836,1918,533204,266602,2453041.0,2453041.0,1278.9577685088634,False,True,3836,1918,0,0,3836,1918,0.00078125,554.3685756450335,-1.0698291196246745,-1.0698291196246745,-1.0698291196246745,False,-0.4817737379934445,0.00078125,False
trial,139,139,139,955.3330127406339,955.3330127406339,955.3330127406339,955.3330127406339,3836,1918,0,0,3836,1918,537040,268520,2453041.0,2453041.0,1278.9577685088634,False,True,3836,1918,0,0,3836,1918,0.000390625,554.3685756450335,0.2537580541110317,0.2537580541110317,0.2537580541110317,False,-0.30989706875372103,0.000390625,True
trial,140,140,139,956.4769315237809,956.4769315237809,955.3330127406339,955.3330127406339,3836,1918,0,0,3836,1918,540876,270438,2453041.0,2453041.0,1278.9577685088634,False,True,3836,1918,0,0,3836,1918,0.00078125,527.3706743236044,-5.010601688826255,-5.010601688826255,-5.010601688826255,False,-0.22829968418722313,0.00078125,False
trial,141,141,141,955.4160376031867,955.4160376031867,955.4160376031867,955.4160376031867,3836,1918,0,0,3836,1918,544712,272356,2485811.0,2485811.0,1296.0432742440041,False,True,3836,1918,0,0,3836,1918,0.000390625,4702.9177528046,0.6112605877023755,0.6112605877023755,0.6112605877023755,False,-0.6320750418158126,0.000390625,True
trial,142,142,141,956.1322022881262,956.1322022881262,955.4160376031867,955.4160376031867,3836,1918,0,0,3836,1918,548548,274274,2485811.0,2485811.0,1296.0432742440041,False,True,3836,1918,0,0,3836,1918,0.00078125,590.5459096808419,-1.251863893698313,-1.251863893698313,-1.251863893698313,False,-0.572078712825369,0.00078125,False
trial,143,143,143,955.3223035798501,955.3223035798501,955.3223035798501,955.3223035798501,3836,1918,0,0,3836,1918,552384,276192,2485811.0,2485811.0,1296.0432742440041,False,True,3836,1918,0,0,3836,1918,0.000390625,590.5459096808419,0.2640903039517433,0.2640903039517433,0.2640903039517433,False,-0.35493171060827394,0.000390625,True
trial,144,144,143,956.5732719986866,956.5732719986866,955.3223035798501,955.3223035798501,3836,1918,0,0,3836,1918,556220,278110,2485811.0,2485811.0,1296.0432742440041,False,True,3836,1918,0,0,3836,1918,0.00078125,587.0692982810161,-5.357495932954109,-5.357495932954109,-5.357495932954109,False,-0.23349871553643603,0.00078125,False
trial,145,145,143,955.424222358372,955.424222358372,955.3223035798501,955.3223035798501,3836,1918,0,0,3836,1918,560056,280028,2485811.0,2485811.0,1296.0432742440041,False,True,3836,1918,0,0,3836,1918,0.000390625,587.0692982810161,-0.593372552509744,-0.593372552509744,-0.593372552509744,False,-0.17176186881392563,0.000390625,False
trial,146,146,146,960.2066970120893,960.2066970120893,960.2066970120893,960.2066970120893,3836,1918,0,0,3836,1918,563892,281946,2563431.0,2563431.0,1336.5125130344109,False,True,3836,1918,0,0,3836,1918,0.0001953125,13721.711761117667,0.9388990345351292,0.9388990345351292,0.9388990345351292,False,-0.9730373707032489,0.0001953125,True
trial,147,147,147,959.8875696807816,959.8875696807816,959.8875696807816,959.8875696807816,3836,1918,0,0,3836,1918,567728,283864,2563431.0,2563431.0,1336.5125130344109,False,True,3836,1918,0,0,3836,1918,0.000390625,1234.3407024123098,0.46863591971501456,0.46863591971501456,0.46863591971501456,False,-0.6809707021643182,0.000390625,True
trial,148,148,147,960.5774110951222,960.5774110951222,959.8875696807816,959.8875696807816,3836,1918,0,0,3836,1918,571564,285782,2563431.0,2563431.0,1336.5125130344109,False,True,3836,1918,0,0,3836,1918,0.00078125,829.3152157837058,-0.7002784853605911,-0.7002784853605911,-0.7002784853605911,False,-0.9850958279625652,0.00078125,False
trial,149,149,149,959.6194663598801,959.6194663598801,959.6194663598801,959.6194663598801,3836,1918,0,0,3836,1918,575400,287700,2563431.0,2563431.0,1336.5125130344109,False,True,3836,1918,0,0,3836,1918,0.000390625,829.3152157837058,0.4654245831493063,0.4654245831493063,0.4654245831493063,False,-0.5760403094467389,0.000390625,True
trial,150,150,149,960.563602780182,960.563602780182,959.6194663598801,959.6194663598801,3836,1918,0,0,3836,1918,579236,289618,2563431.0,2563431.0,1336.5125130344109,False,True,3836,1918,0,0,3836,1918,0.00078125,699.7546243612815,-1.9339487021879083,-1.9339487021879083,-1.9339487021879083,False,-0.4881910359017201,0.00078125,False
trial,151,151,151,956.516762386147,956.516762386147,956.516762386147,956.516762386147,3836,1918,0,0,3836,1918,583072,291536,2596201.0,2596201.0,1353.5980187695516,False,True,3836,1918,0,0,3836,1918,0.000390625,9323.86182796234,0.4199544408542961,0.4199544408542961,0.4199544408542961,False,-0.5570938076156736,0.000390625,True
trial,152,152,151,957.4725764759852,957.4725764759852,956.516762386147,956.516762386147,3836,1918,0,0,3836,1918,586908,293454,2596201.0,2596201.0,1353.5980187695516,False,True,3836,1918,0,0,3836,1918,0.00078125,1030.8175626482785,-1.1605879615020531,-1.1605879615020531,-1.1605879615020531,False,-0.8235602311445505,0.00078125,False
trial,153,153,153,956.3851934414995,956.3851934414995,956.3851934414995,956.3851934414995,3836,1918,0,0,3836,1918,590744,295372,2596201.0,2596201.0,1353.5980187695516,False,True,3836,1918,0,0,3836,1918,0.000390625,1030.8175626482785,0.25876803710360075,0.25876803710360075,0.25876803710360075,False,-0.5084435702343266,0.000390625,True
trial,154,154,153,957.4053158477075,957.4053158477075,956.3851934414995,956.3851934414995,3836,1918,0,0,3836,1918,594580,297290,2596201.0,2596201.0,1353.5980187695516,False,True,3836,1918,0,0,3836,1918,0.00078125,834.3655904219612,-2.3363393729212207,-2.3363393729212207,-2.3363393729212207,False,-0.4366328017373922,0.00078125,False
trial,155,155,153,956.4652540902873,956.4652540902873,956.3851934414995,956.3851934414995,3836,1918,0,0,3836,1918,598416,299208,2596201.0,2596201.0,1353.5980187695516,False,True,3836,1918,0,0,3836,1918,0.000390625,834.3655904219612,-0.2561127121749073,-0.2561127121749073,-0.2561127121749073,False,-0.3125992775131965,0.000390625,False
trial,156,156,156,953.6719709571479,953.6719709571479,953.6719709571479,953.6719709571479,3836,1918,0,0,3836,1918,602252,301126,2700511.0,2700511.0,1407.9827945776851,False,True,3836,1918,0,0,3836,1918,0.0001953125,10354.737727271866,0.9185860109841228,0.9185860109841228,0.9185860109841228,False,-1.2697328368242229,0.0001953125,True
trial,157,157,156,953.6849147395119,953.6849147395119,953.6719709571479,953.6719709571479,3836,1918,0,0,3836,1918,606088,303044,2700511.0,2700511.0,1407.9827945776851,False,True,3836,1918,0,0,3836,1918,0.000390625,592.173006199895,-0.04126232553977334,-0.04126232553977334,-0.04126232553977334,False,-0.3136949310219542,0.000390625,False
trial,158,158,158,953.5635973074109,953.5635973074109,953.5635973074109,953.5635973074109,3836,1918,0,0,3836,1918,609924,304962,2700511.0,2700511.0,1407.9827945776851,False,True,3836,1918,0,0,3836,1918,0.0001953125,592.173006199895,0.5314149285068113,0.5314149285068113,0.5314149285068113,False,-0.2039341462264344,0.0001953125,True
trial,159,159,158,953.594119850678,953.594119850678,953.5635973074109,953.5635973074109,3836,1918,0,0,3836,1918,613760,306880,2700511.0,2700511.0,1407.9827945776851,False,True,3836,1918,0,0,3836,1918,0.000390625,405.410889528263,-0.11917692228613963,-0.11917692228613963,-0.11917692228613963,False,-0.2561111889921225,0.000390625,False
trial,160,160,160,953.4917573964794,953.4917573964794,953.4917573964794,953.4917573964794,3836,1918,0,0,3836,1918,617596,308798,2700511.0,2700511.0,1407.9827945776851,False,True,3836,1918,0,0,3836,1918,0.0001953125,405.410889528263,0.45148367046779686,0.45148367046779686,0.45148367046779686,False,-0.15911962188354417,0.0001953125,True
trial,161,161,161,953.9640446620901,953.9640446620901,953.9640446620901,953.9640446620901,3836,1918,0,0,3836,1918,621432,310716,2733281.0,2733281.0,1425.0683003128258,False,True,3836,1918,0,0,3836,1918,0.000390625,8074.168973602842,0.3449471883636761,0.3449471883636761,0.3449471883636761,False,-0.4486661996476117,0.000390625,True
trial,162,162,161,954.368877946217,954.368877946217,953.9640446620901,953.9640446620901,3836,1918,0,0,3836,1918,625268,312634,2733281.0,2733281.0,1425.0683003128258,False,True,3836,1918,0,0,3836,1918,0.00078125,902.4227337723643,-0.5720901246707109,-0.5720901246707109,-0.5720901246707109,False,-0.707639000690491,0.00078125,False
trial,163,163,163,953.838507606846,953.838507606846,953.838507606846,953.838507606846,3836,1918,0,0,3836,1918,629104,314552,2733281.0,2733281.0,1425.0683003128258,False,True,3836,1918,0,0,3836,1918,0.000390625,902.4227337723643,0.2715398111106695,0.2715398111106695,0.2715398111106695,False,-0.4623154694360097,0.000390625,True
trial,164,164,163,955.4724404364867,955.4724404364867,953.838507606846,953.838507606846,3836,1918,0,0,3836,1918,632940,316470,2733281.0,2733281.0,1425.0683003128258,False,True,3836,1918,0,0,3836,1918,0.00078125,852.7993692943589,-3.559707688079828,-3.559707688079828,-3.559707688079828,False,-0.4590075851206119,0.00078125,False
trial,165,165,163,953.937620359546,953.937620359546,953.838507606846,953.838507606846,3836,1918,0,0,3836,1918,636776,318388,2733281.0,2733281.0,1425.0683003128258,False,True,3836,1918,0,0,3836,1918,0.000390625,852.7993692943589,-0.33807907041752544,-0.33807907041752544,-0.33807907041752544,False,-0.2931644144006794,0.000390625,False
trial,166,166,166,949.3873088811459,949.3873088811459,949.3873088811459,949.3873088811459,3836,1918,0,0,3836,1918,640612,320306,2864356.0,2864356.0,1493.40771637122,False,True,3836,1918,0,0,3836,1918,0.0001953125,19134.33340388952,0.9598554219274358,0.9598554219274358,0.9598554219274358,False,-2.0191495078613624,0.0001953125,True
trial,167,167,167,949.1344051134388,949.1344051134388,949.1344051134388,949.1344051134388,3836,1918,0,0,3836,1918,644448,322224,2864356.0,2864356.0,1493.40771637122,False,True,3836,1918,0,0,3836,1918,0.000390625,1119.236998482819,0.5389688519671064,0.5389688519671064,0.5389688519671064,False,-0.4692363330164907,0.000390625,True
trial,168,168,167,949.5732349948446,949.5732349948446,949.1344051134388,949.1344051134388,3836,1918,0,0,3836,1918,648284,324142,2864356.0,2864356.0,1493.40771637122,False,True,3836,1918,0,0,3836,1918,0.00078125,1057.9845492669535,-0.6544304312685502,-0.6544304312685502,-0.6544304312685502,False,-0.6705523772101789,0.00078125,False
trial,169,169,169,948.9450667683877,948.9450667683877,948.9450667683877,948.9450667683877,3836,1918,0,0,3836,1918,652120,326060,2864356.0,2864356.0,1493.40771637122,False,True,3836,1918,0,0,3836,1918,0.000390625,1057.9845492669535,0.41943251299938467,0.41943251299938467,0.41943251299938467,False,-0.4514155178316691,0.000390625,True
trial,170,170,169,949.7337723412965,949.7337723412965,948.9450667683877,948.9450667683877,3836,1918,0,0,3836,1918,655956,327978,2864356.0,2864356.0,1493.40771637122,False,True,3836,1918,0,0,3836,1918,0.00078125,1237.569093210789,-2.685968942198653,-2.685968942198653,-2.685968942198653,False,-0.2936391260961918,0.00078125,False
trial,171,171,171,949.4801680650697,949.4801680650697,949.4801680650697,949.4801680650697,3836,1918,0,0,3836,1918,659792,329896,2897126.0,2897126.0,1510.4932221063607,False,True,3836,1918,0,0,3836,1918,0.000390625,10689.441671118973,0.42013283110067184,0.42013283110067184,0.42013283110067184,False,-0.5940015047476328,0.000390625,True
trial,172,172,171,950.3326196701971,950.3326196701971,949.4801680650697,949.4801680650697,3836,1918,0,0,3836,1918,663628,331814,2897126.0,2897126.0,1510.4932221063607,False,True,3836,1918,0,0,3836,1918,0.00078125,1319.0336179362698,-1.243240449460529,-1.243240449460529,-1.243240449460529,False,-0.6856691362457549,0.00078125,False
trial,173,173,173,949.3671993241835,949.3671993241835,949.3671993241835,949.3671993241835,3836,1918,0,0,3836,1918,667464,333732,2897126.0,2897126.0,1510.4932221063607,False,True,3836,1918,0,0,3836,1918,0.000390625,1319.0336179362698,0.25409822571886104,0.25409822571886104,0.25409822571886104,False,-0.4445868937755657,0.000390625,True
trial,174,174,173,950.4559385247196,950.4559385247196,949.3671993241835,949.3671993241835,3836,1918,0,0,3836,1918,671300,335650,2897126.0,2897126.0,1510.4932221063607,False,True,3836,1918,0,0,3836,1918,0.00078125,1234.515638934006,-3.2209159021808667,-3.2209159021808667,-3.2209159021808667,False,-0.3380216167081328,0.00078125,False
trial,175,175,173,949.4783313263999,949.4783313263999,949.3671993241835,949.3671993241835,3836,1918,0,0,3836,1918,675136,337568,2897126.0,2897126.0,1510.4932221063607,False,True,3836,1918,0,0,3836,1918,0.000390625,1234.515638934006,-0.4339008789752697,-0.4339008789752697,-0.4339008789752697,False,-0.2561230170330454,0.000390625,False
trial,176,176,176,951.443091778768,951.443091778768,951.443091778768,951.443091778768,3836,1918,0,0,3836,1918,678972,339486,3028201.0,3028201.0,1578.832638164755,False,True,3836,1918,0,0,3836,1918,0.0001953125,30215.062325004987,0.9841391375285381,0.9841391375285381,0.9841391375285381,False,-2.4725963783021703,0.0001953125,True
trial,177,177,177,951.1369037329839,951.1369037329839,951.1369037329839,951.1369037329839,3836,1918,0,0,3836,1918,682808,341404,3028201.0,3028201.0,1578.832638164755,False,True,3836,1918,0,0,3836,1918,0.000390625,1320.512199942427,0.5630846157609865,0.5630846157609865,0.5630846157609865,False,-0.5437691551389592,0.000390625,True
trial,178,178,177,952.5035996704571,952.5035996704571,951.1369037329839,951.1369037329839,3836,1918,0,0,3836,1918,686644,343322,3028201.0,3028201.0,1578.832638164755,False,True,3836,1918,0,0,3836,1918,0.00078125,1070.886097393727,-2.1037639923395863,-2.1037639923395863,-2.1037639923395863,False,-0.6496431835746459,0.00078125,False
trial,179,179,179,951.0954929665675,951.0954929665675,951.0954929665675,951.0954929665675,3836,1918,0,0,3836,1918,690480,345240,3028201.0,3028201.0,1578.832638164755,False,True,3836,1918,0,0,3836,1918,0.000390625,1070.886097393727,0.09740881306074455,0.09740881306074455,0.09740881306074455,False,-0.4251234063454162,0.000390625,True
trial,180,180,179,952.5160077184923,952.5160077184923,951.0954929665675,951.0954929665675,3836,1918,0,0,3836,1918,694316,347158,3028201.0,3028201.0,1578.832638164755,False,True,3836,1918,0,0,3836,1918,0.00078125,1420.7184687840138,-2.3714278801662667,-2.3714278801662667,-2.3714278801662667,False,-0.5990124193974172,0.00078125,False
trial,181,181,181,946.5880433611911,946.5880433611911,946.5880433611911,946.5880433611911,3836,1918,0,0,3836,1918,698152,349076,3060971.0,3060971.0,1595.9181438998958,False,True,3836,1918,0,0,3836,1918,0.000390625,5576.686631144638,0.605426642170021,0.605426642170021,0.605426642170021,False,-1.0037964145257017,0.000390625,True
trial,182,182,181,947.706884911592,947.706884911592,946.5880433611911,946.5880433611911,3836,1918,0,0,3836,1918,701988,350994,3060971.0,3060971.0,1595.9181438998958,False,True,3836,1918,0,0,3836,1918,0.00078125,1508.719090401281,-1.8160361646297425,-1.8160361646297425,-1.8160361646297425,False,-0.6160899062431622,0.00078125,False
trial,183,183,181,946.6018576206233,946.6018576206233,946.5880433611911,946.5880433611911,3836,1918,0,0,3836,1918,705824,352912,3060971.0,3060971.0,1595.9181438998958,False,True,3836,1918,0,0,3836,1918,0.000390625,1508.719090401281,-0.035693363613730246,-0.035693363613730246,-0.035693363613730246,False,-0.38702599120762116,0.000390625,False
trial,184,184,184,946.4425975546478,946.4425975546478,946.4425975546478,946.4425975546478,3836,1918,0,0,3836,1918,709660,354830,3060971.0,3060971.0,1595.9181438998958,False,True,3836,1918,0,0,3836,1918,0.0001953125,1508.719090401281,0.6065090326836502,0.6065090326836502,0.6065090326836502,False,-0.23980814580740228,0.0001953125,True
trial,185,185,184,946.6924672053251,946.6924672053251,946.4425975546478,946.4425975546478,3836,1918,0,0,3836,1918,713496,356748,3060971.0,3060971.0,1595.9181438998958,False,True,3836,1918,0,0,3836,1918,0.000390625,436.0089462305839,-2.256937347775169,-2.256937347775169,-2.256937347775169,False,-0.11071182411137738,0.000390625,False
trial,186,186,186,947.1956337635601,947.1956337635601,947.1956337635601,947.1956337635601,3836,1918,0,0,3836,1918,717332,358666,3192046.0,3192046.0,1664.25755995829,False,True,3836,1918,0,0,3836,1918,0.0001953125,25401.85723283763,0.9075649849205756,0.9075649849205756,0.9075649849205756,False,-1.0582242510113784,0.0001953125,True
trial,187,187,186,947.2652924260674,947.2652924260674,947.1956337635601,947.1956337635601,3836,1918,0,0,3836,1918,721168,360584,3192046.0,3192046.0,1664.25755995829,False,True,3836,1918,0,0,3836,1918,0.000390625,695.9316882336418,-0.27161050367428424,-0.27161050367428424,-0.27161050367428424,False,-0.2564652749617412,0.000390625,False
trial,188,188,188,947.1079505708799,947.1079505708799,947.1079505708799,947.1079505708799,3836,1918,0,0,3836,1918,725004,362502,3192046.0,3192046.0,1664.25755995829,False,True,3836,1918,0,0,3836,1918,0.0001953125,695.9316882336418,0.5506364158728674,0.5506364158728674,0.5506364158728674,False,-0.15923972725483304,0.0001953125,True
trial,189,189,188,947.3145715643841,947.3145715643841,947.1079505708799,947.1079505708799,3836,1918,0,0,3836,1918,728840,364420,3192046.0,3192046.0,1664.25755995829,False,True,3836,1918,0,0,3836,1918,0.000390625,366.5184861058788,-0.7791564975822998,-0.7791564975822998,-0.7791564975822998,False,-0.2651854847458007,0.000390625,False
trial,190,190,190,947.0745302645113,947.0745302645113,947.0745302645113,947.0745302645113,3836,1918,0,0,3836,1918,732676,366338,3192046.0,3192046.0,1664.25755995829,False,True,3836,1918,0,0,3836,1918,0.0001953125,366.5184861058788,0.2230129196336435,0.2230129196336435,0.2230129196336435,False,-0.1498581625831962,0.0001953125,True
trial,191,191,191,948.5668172216597,948.5668172216597,948.5668172216597,948.5668172216597,3836,1918,0,0,3836,1918,736512,368256,3224816.0,3224816.0,1681.3430656934306,False,True,3836,1918,0,0,3836,1918,0.000390625,8597.465928483669,0.13073635035426467,0.13073635035426467,0.13073635035426467,False,-0.5106820248122919,0.000390625,True
trial,192,192,191,950.2388636812874,950.2388636812874,948.5668172216597,948.5668172216597,3836,1918,0,0,3836,1918,740348,370174,3224816.0,3224816.0,1681.3430656934306,False,True,3836,1918,0,0,3836,1918,0.00078125,1365.6608710802004,-1.5687052949219153,-1.5687052949219153,-1.5687052949219153,False,-1.0658767233337803,0.00078125,False
trial,193,193,193,948.389293407037,948.389293407037,948.389293407037,948.389293407037,3836,1918,0,0,3836,1918,744184,372092,3224816.0,3224816.0,1681.3430656934306,False,True,3836,1918,0,0,3836,1918,0.000390625,1365.6608710802004,0.2614204733120458,0.2614204733120458,0.2614204733120458,False,-0.6790738780843055,0.000390625,True
trial,194,194,193,950.3842213526898,950.3842213526898,948.389293407037,948.389293407037,3836,1918,0,0,3836,1918,748020,374010,3224816.0,3224816.0,1681.3430656934306,False,True,3836,1918,0,0,3836,1918,0.00078125,1345.7008643451652,-3.1966258741687703,-3.1966258741687703,-3.1966258741687703,False,-0.6240730145411558,0.00078125,False
trial,195,195,193,948.5738392452129,948.5738392452129,948.389293407037,948.389293407037,3836,1918,0,0,3836,1918,751856,375928,3224816.0,3224816.0,1681.3430656934306,False,True,3836,1918,0,0,3836,1918,0.000390625,1345.7008643451652,-0.44531173147000547,-0.44531173147000547,-0.44531173147000547,False,-0.41441943953876403,0.000390625,False
trial,196,196,196,947.93576029783,947.93576029783,947.93576029783,947.93576029783,3836,1918,0,0,3836,1918,755692,377846,3355891.0,3355891.0,1749.6824817518248,False,True,3836,1918,0,0,3836,1918,0.0001953125,16413.479834154296,0.842613127385906,0.842613127385906,0.842613127385906,False,-0.9054223879207932,0.0001953125,True
trial,197,197,196,948.2313843072795,948.2313843072795,947.93576029783,947.93576029783,3836,1918,0,0,3836,1918,759528,379764,3355891.0,3355891.0,1749.6824817518248,False,True,3836,1918,0,0,3836,1918,0.000390625,754.6775117350822,-1.1513297633154675,-1.1513297633154675,-1.1513297633154675,False,-0.25676745174919074,0.000390625,False
trial,198,198,198,947.9344745985644,947.9344745985644,947.9344745985644,947.9344745985644,3836,1918,0,0,3836,1918,763364,381682,3355891.0,3355891.0,1749.6824817518248,False,True,3836,1918,0,0,3836,1918,0.0001953125,754.6775117350822,0.00907360302308136,0.00907360302308136,0.00907360302308136,False,-0.14169666254429975,0.0001953125,True
trial,199,199,199,947.841632063432,947.841632063432,947.841632063432,947.841632063432,3836,1918,0,0,3836,1918,767200,383600,3355891.0,3355891.0,1749.6824817518248,False,True,3836,1918,0,0,3836,1918,9.765625e-05,661.3841646114049,0.6779248953716203,0.6779248953716203,0.6779248953716203,False,-0.1369510631136845,9.765625e-05,True
trial,200,200,199,947.8856182960932,947.8856182960932,947.841632063432,947.841632063432,3836,1918,0,0,3836,1918,771036,385518,3355891.0,3355891.0,1749.6824817518248,False,True,3836,1918,0,0,3836,1918,0.0001953125,198.86262142200778,-0.5387857433278571,-0.5387857433278571,-0.5387857433278571,False,-0.08163956304684278,0.0001953125,False
trial,201,201,201,948.5108560504814,948.5108560504814,948.5108560504814,948.5108560504814,3836,1918,0,0,3836,1918,774872,387436,3396000.0,3396000.0,1770.594369134515,False,True,3836,1918,0,0,3836,1918,9.765625e-05,18961.804755091263,0.8984586568878162,0.8984586568878162,0.8984586568878162,False,-0.40724811875345107,9.765625e-05,True
trial,202,202,202,948.4460862101494,948.4460862101494,948.4460862101494,948.4460862101494,3836,1918,0,0,3836,1918,778708,389354,3396000.0,3396000.0,1770.594369134515,False,True,3836,1918,0,0,3836,1918,0.0001953125,1072.5710489122876,0.32789287794344163,0.32789287794344163,0.32789287794344163,False,-0.19753353820387443,0.0001953125,True
trial,203,203,202,948.7987548171693,948.7987548171693,948.4460862101494,948.4460862101494,3836,1918,0,0,3836,1918,782544,391272,3396000.0,3396000.0,1770.594369134515,False,True,3836,1918,0,0,3836,1918,0.000390625,698.995699458746,-0.7884984332371963,-0.7884984332371963,-0.7884984332371963,False,-0.4472660846922196,0.000390625,False
trial,204,204,204,948.3948222360211,948.3948222360211,948.3948222360211,948.3948222360211,3836,1918,0,0,3836,1918,786380,393190,3396000.0,3396000.0,1770.594369134515,False,True,3836,1918,0,0,3836,1918,0.0001953125,698.995699458746,0.20785437783898403,0.20785437783898403,0.20785437783898403,False,-0.24663408421421285,0.0001953125,True
trial,205,205,204,948.9168565440791,948.9168565440791,948.3948222360211,948.3948222360211,3836,1918,0,0,3836,1918,790216,395108,3396000.0,3396000.0,1770.594369134515,False,True,3836,1918,0,0,3836,1918,0.000390625,647.3323046785398,-1.4157340857379173,-1.4157340857379173,-1.4157340857379173,False,-0.36873754281750204,0.000390625,False
trial,206,206,206,948.3914586010499,948.3914586010499,948.3914586010499,948.3914586010499,3836,1918,0,0,3836,1918,794052,397026,3396000.0,3396000.0,1770.594369134515,False,True,3836,1918,0,0,3836,1918,0.0001953125,647.3323046785398,0.016855396026932614,0.016855396026932614,0.016855396026932614,False,-0.19955834712459442,0.0001953125,True
trial,207,207,207,948.3173149649067,948.3173149649067,948.3173149649067,948.3173149649067,3836,1918,0,0,3836,1918,797888,398944,3396000.0,3396000.0,1770.594369134515,False,True,3836,1918,0,0,3836,1918,9.765625e-05,685.385234167176,0.6022539934069584,0.6022539934069584,0.6022539934069584,False,-0.1231102441076911,9.765625e-05,True
trial,208,208,207,948.3258850882926,948.3258850882926,948.3173149649067,948.3173149649067,3836,1918,0,0,3836,1918,801724,400862,3396000.0,3396000.0,1770.594369134515,False,True,3836,1918,0,0,3836,1918,0.0001953125,282.4633759374796,-0.10882997831250184,-0.10882997831250184,-0.10882997831250184,False,-0.07874781855851415,0.0001953125,False
trial,209,209,209,948.2943411988534,948.2943411988534,948.2943411988534,948.2943411988534,3836,1918,0,0,3836,1918,805560,402780,3396000.0,3396000.0,1770.594369134515,False,True,3836,1918,0,0,3836,1918,9.765625e-05,282.4633759374796,0.5433170614487445,0.5433170614487445,0.5433170614487445,False,-0.042284271346108786,9.765625e-05,True
trial,210,210,209,948.3866149374169,948.3866149374169,948.2943411988534,948.2943411988534,3836,1918,0,0,3836,1918,809396,404698,3396000.0,3396000.0,1770.594369134515,False,True,3836,1918,0,0,3836,1918,0.0001953125,200.478488224631,-1.268620293137119,-1.268620293137119,-1.268620293137119,False,-0.07273550570066097,0.0001953125,False
trial,211,211,209,948.2991714815477,948.2991714815477,948.2943411988534,948.2943411988534,3836,1918,0,0,3836,1918,813232,406616,3396000.0,3396000.0,1770.594369134515,False,True,3836,1918,0,0,3836,1918,9.765625e-05,200.478488224631,-0.12698679433129323,-0.12698679433129323,-0.12698679433129323,False,-0.038037677221990515,9.765625e-05,False
trial,212,212,212,948.285061502151,948.285061502151,948.285061502151,948.285061502151,3836,1918,0,0,3836,1918,817068,408534,3396000.0,3396000.0,1770.594369134515,False,True,3836,1918,0,0,3836,1918,4.8828125e-05,200.478488224631,0.4661389345758057,0.4661389345758057,0.4661389345758057,False,-0.01990757693481107,4.8828125e-05,True
trial,213,213,212,948.2885969239771,948.2885969239771,948.285061502151,948.285061502151,3836,1918,0,0,3836,1918,820904,410452,3396000.0,3396000.0,1770.594369134515,False,True,3836,1918,0,0,3836,1918,9.765625e-05,150.99996922957178,-0.12058440725671686,-0.12058440725671686,-0.12058440725671686,False,-0.029319062941194803,9.765625e-05,False
trial,214,214,214,948.2772461783004,948.2772461783004,948.2772461783004,948.2772461783004,3836,1918,0,0,3836,1918,824740,412370,3396000.0,3396000.0,1770.594369134515,False,True,3836,1918,0,0,3836,1918,4.8828125e-05,150.99996922957178,0.4847426216472858,0.4847426216472858,0.4847426216472858,False,-0.016122625702051183,4.8828125e-05,True
trial,215,215,214,948.2955356109417,948.2955356109417,948.2772461783004,948.2772461783004,3836,1918,0,0,3836,1918,828576,414288,3396000.0,3396000.0,1770.594369134515,False,True,3836,1918,0,0,3836,1918,9.765625e-05,128.45033861826235,-0.6560240200773931,-0.6560240200773931,-0.6560240200773931,False,-0.027879211860428924,9.765625e-05,False
trial,216,216,216,948.2743390991327,948.2743390991327,948.2743390991327,948.2743390991327,3836,1918,0,0,3836,1918,832412,416206,3396000.0,3396000.0,1770.594369134515,False,True,3836,1918,0,0,3836,1918,4.8828125e-05,128.45033861826235,0.1987686296928318,0.1987686296928318,0.1987686296928318,False,-0.014625442516714448,4.8828125e-05,True
trial,217,217,216,948.2773116232567,948.2773116232567,948.2743390991327,948.2743390991327,3836,1918,0,0,3836,1918,836248,418124,3396000.0,3396000.0,1770.594369134515,False,True,3836,1918,0,0,3836,1918,9.765625e-05,157.38493923182793,-0.09887686082203774,-0.09887686082203774,-0.09887686082203774,False,-0.030062889327540553,9.765625e-05,False
trial,218,218,218,948.2660805135125,948.2660805135125,948.2660805135125,948.2660805135125,3836,1918,0,0,3836,1918,840084,420042,3396000.0,3396000.0,1770.594369134515,False,True,3836,1918,0,0,3836,1918,4.8828125e-05,157.38493923182793,0.5014605287255517,0.5014605287255517,0.5014605287255517,False,-0.016469064157795397,4.8828125e-05,True
trial,219,219,219,948.2625165063375,948.2625165063375,948.2625165063375,948.2625165063375,3836,1918,0,0,3836,1918,843920,421960,3396000.0,3396000.0,1770.594369134515,False,True,3836,1918,0,0,3836,1918,9.765625e-05,116.34991186390309,0.14958029169519066,0.14958029169519066,0.14958029169519066,False,-0.02382671630464081,9.765625e-05,True
trial,220,220,219,948.3292337751516,948.3292337751516,948.2625165063375,948.2625165063375,3836,1918,0,0,3836,1918,847756,423878,3396000.0,3396000.0,1770.594369134515,False,True,3836,1918,0,0,3836,1918,0.0001953125,187.11278497454407,-0.8873283484870864,-0.8873283484870864,-0.8873283484870864,False,-0.07518892969868453,0.0001953125,False
trial,221,221,221,948.2578663095204,948.2578663095204,948.2578663095204,948.2578663095204,3836,1918,0,0,3836,1918,851592,425796,3396000.0,3396000.0,1770.594369134515,False,True,3836,1918,0,0,3836,1918,9.765625e-05,187.11278497454407,0.11788604612056527,0.11788604612056527,0.11788604612056527,False,-0.03944654155563343,9.765625e-05,True
trial,222,222,221,948.3548386774853,948.3548386774853,948.2578663095204,948.2578663095204,3836,1918,0,0,3836,1918,855428,427714,3396000.0,3396000.0,1770.594369134515,False,True,3836,1918,0,0,3836,1918,0.0001953125,201.0304721850123,-1.2390195766133014,-1.2390195766133014,-1.2390195766133014,False,-0.07826540419155958,0.0001953125,False
trial,223,223,221,948.2647033807963,948.2647033807963,948.2578663095204,948.2578663095204,3836,1918,0,0,3836,1918,859264,429632,3396000.0,3396000.0,1770.594369134515,False,True,3836,1918,0,0,3836,1918,9.765625e-05,201.0304721850123,-0.1645995014598172,-0.1645995014598172,-0.1645995014598172,False,-0.04153761837205172,9.765625e-05,False
trial,224,224,224,948.2482424571078,948.2482424571078,948.2482424571078,948.2482424571078,3836,1918,0,0,3836,1918,863100,431550,3396000.0,3396000.0,1770.594369134515,False,True,3836,1918,0,0,3836,1918,4.8828125e-05,201.0304721850123,0.445238981717406,0.445238981717406,0.445238981717406,False,-0.021615026553721824,4.8828125e-05,True
trial,225,225,224,948.2569314202915,948.2569314202915,948.2482424571078,948.2482424571078,3836,1918,0,0,3836,1918,866936,433468,3396000.0,3396000.0,1770.594369134515,False,True,3836,1918,0,0,3836,1918,9.765625e-05,98.88748654731444,-0.7049933002220127,-0.7049933002220127,-0.7049933002220127,False,-0.012324887599530569,9.765625e-05,False
trial,226,226,226,948.2470536543667,948.2470536543667,948.2470536543667,948.2470536543667,3836,1918,0,0,3836,1918,870772,435386,3396000.0,3396000.0,1770.594369134515,False,True,3836,1918,0,0,3836,1918,4.8828125e-05,98.88748654731444,0.1578994805240794,0.1578994805240794,0.1578994805240794,False,-0.007528857835252297,4.8828125e-05,True
trial,227,227,226,948.2588105568163,948.2588105568163,948.2470536543667,948.2470536543667,3836,1918,0,0,3836,1918,874608,437304,3396000.0,3396000.0,1770.594369134515,False,True,3836,1918,0,0,3836,1918,9.765625e-05,102.88557632072238,-0.5166449892094348,-0.5166449892094348,-0.5166449892094348,False,-0.022756249833417803,9.765625e-05,False
trial,228,228,228,948.2437559604324,948.2437559604324,948.2437559604324,948.2437559604324,3836,1918,0,0,3836,1918,878444,439222,3396000.0,3396000.0,1770.594369134515,False,True,3836,1918,0,0,3836,1918,4.8828125e-05,102.88557632072238,0.27602173407201097,0.27602173407201097,0.27602173407201097,False,-0.011947225624827092,4.8828125e-05,True
trial,229,229,228,948.2657587905852,948.2657587905852,948.2437559604324,948.2437559604324,3836,1918,0,0,3836,1918,882280,441140,3396000.0,3396000.0,1770.594369134515,False,True,3836,1918,0,0,3836,1918,9.765625e-05,85.75481905587839,-1.3047591682203294,-1.3047591682203294,-1.3047591682203294,False,-0.016863518332525744,9.765625e-05,False
trial,230,230,228,948.2449576136453,948.2449576136453,948.2437559604324,948.2437559604324,3836,1918,0,0,3836,1918,886116,443058,3396000.0,3396000.0,1770.594369134515,False,True,3836,1918,0,0,3836,1918,4.8828125e-05,85.75481905587839,-0.13547708606319916,-0.13547708606319916,-0.13547708606319916,False,-0.008869789333435091,4.8828125e-05,False
trial,231,231,231,948.2418679626936,948.2418679626936,948.2418679626936,948.2418679626936,3836,1918,0,0,3836,1918,889952,444976,3396000.0,3396000.0,1770.594369134515,False,True,3836,1918,0,0,3836,1918,2.44140625e-05,85.75481905587839,0.4126530163909408,0.4126530163909408,0.4126530163909408,False,-0.004575267025282676,2.44140625e-05,True
trial,232,232,231,948.2429754531711,948.2429754531711,948.2418679626936,948.2418679626936,3836,1918,0,0,3836,1918,893788,446894,3396000.0,3396000.0,1770.594369134515,False,True,3836,1918,0,0,3836,1918,4.8828125e-05,55.43553503553715,-0.2126034628234122,-0.2126034628234122,-0.2126034628234122,False,-0.005209183626448374,4.8828125e-05,False
trial,233,233,233,948.2405119060148,948.2405119060148,948.2405119060148,948.2405119060148,3836,1918,0,0,3836,1918,897624,448812,3396000.0,3396000.0,1770.594369134515,False,True,3836,1918,0,0,3836,1918,2.44140625e-05,55.43553503553715,0.4756943408779949,0.4756943408779949,0.4756943408779949,False,-0.002850689113274847,2.44140625e-05,True
trial,234,234,233,948.2440944714265,948.2440944714265,948.2405119060148,948.2405119060148,3836,1918,0,0,3836,1918,901460,450730,3396000.0,3396000.0,1770.594369134515,False,True,3836,1918,0,0,3836,1918,4.8828125e-05,38.33935780721716,-0.7741104651249453,-0.7741104651249453,-0.7741104651249453,False,-0.004627976978801954,4.8828125e-05,False
trial,235,235,235,948.2401819372415,948.2401819372415,948.2401819372415,948.2401819372415,3836,1918,0,0,3836,1918,905296,452648,3396000.0,3396000.0,1770.594369134515,False,True,3836,1918,0,0,3836,1918,2.44140625e-05,38.33935780721716,0.13416011003892797,0.13416011003892797,0.13416011003892797,False,-0.0024595147788400245,2.44140625e-05,True
trial,236,236,235,948.2433812358252,948.2433812358252,948.2401819372415,948.2401819372415,3836,1918,0,0,3836,1918,909132,454566,3396000.0,3396000.0,1770.594369134515,False,True,3836,1918,0,0,3836,1918,4.8828125e-05,52.831580467572614,-0.5135358637522539,-0.5135358637522539,-0.5135358637522539,False,-0.006229941878486792,4.8828125e-05,False
trial,237,237,237,948.2394234565727,948.2394234565727,948.2394234565727,948.2394234565727,3836,1918,0,0,3836,1918,912968,456484,3396000.0,3396000.0,1770.594369134515,False,True,3836,1918,0,0,3836,1918,2.44140625e-05,52.831580467572614,0.23389919553058558,0.23389919553058558,0.23389919553058558,False,-0.0032427673256594128,2.44140625e-05,True
trial,238,238,237,948.2449020296783,948.2449020296783,948.2394234565727,948.2394234565727,3836,1918,0,0,3836,1918,916804,458402,3396000.0,3396000.0,1770.594369134515,False,True,3836,1918,0,0,3836,1918,4.8828125e-05,51.50536424461515,-0.9297447436633489,-0.9297447436633489,-0.9297447436633489,False,-0.005892556148296633,4.8828125e-05,False
trial,239,239,239,948.239126461289,948.239126461289,948.239126461289,948.239126461289,3836,1918,0,0,3836,1918,920640,460320,3396000.0,3396000.0,1770.594369134515,False,True,3836,1918,0,0,3836,1918,2.44140625e-05,51.50536424461515,0.09305320638577565,0.09305320638577565,0.09305320638577565,False,-0.0031916716820721133,2.44140625e-05,True
trial,240,240,239,948.2434809546622,948.2434809546622,948.239126461289,948.239126461289,3836,1918,0,0,3836,1918,924476,462238,3396000.0,3396000.0,1770.594369134515,False,True,3836,1918,0,0,3836,1918,4.8828125e-05,62.09314628955169,-0.6071525505427984,-0.6071525505427984,-0.6071525505427984,False,-0.0071719922273104095,4.8828125e-05,False
trial,241,241,241,948.2382385747214,948.2382385747214,948.2382385747214,948.2382385747214,3836,1918,0,0,3836,1918,928312,464156,3396000.0,3396000.0,1770.594369134515,False,True,3836,1918,0,0,3836,1918,2.44140625e-05,62.09314628955169,0.23379674274535245,0.23379674274535245,0.23379674274535245,False,-0.0037976857893121207,2.44140625e-05,True
trial,242,242,241,948.243840592148,948.243840592148,948.2382385747214,948.2382385747214,3836,1918,0,0,3836,1918,932148,466074,3396000.0,3396000.0,1770.594369134515,False,True,3836,1918,0,0,3836,1918,4.8828125e-05,50.944136736826394,-0.9715717822661394,-0.9715717822661394,-0.9715717822661394,False,-0.0057659326143536995,4.8828125e-05,False
trial,243,243,243,948.2380018656731,948.2380018656731,948.2380018656731,948.2380018656731,3836,1918,0,0,3836,1918,935984,467992,3396000.0,3396000.0,1770.594369134515,False,True,3836,1918,0,0,3836,1918,2.44140625e-05,50.944136736826394,0.07559006757152759,0.07559006757152759,0.07559006757152759,False,-0.00313148348585457,2.44140625e-05,True
trial,244,244,243,948.242447791851,948.242447791851,948.2380018656731,948.2380018656731,3836,1918,0,0,3836,1918,939820,469910,3396000.0,3396000.0,1770.594369134515,False,True,3836,1918,0,0,3836,1918,4.8828125e-05,62.1777041864043,-0.6275205736622019,-0.6275205736622019,-0.6275205736622019,False,-0.007084909028363078,4.8828125e-05,False
trial,245,245,245,948.2371619146899,948.2371619146899,948.2371619146899,948.2371619146899,3836,1918,0,0,3836,1918,943656,471828,3396000.0,3396000.0,1770.594369134515,False,True,3836,1918,0,0,3836,1918,2.44140625e-05,62.1777041864043,0.2237827602744197,0.2237827602744197,0.2237827602744197,False,-0.0037534213191714873,2.44140625e-05,True
trial,246,246,245,948.2426264464088,948.2426264464088,948.2371619146899,948.2371619146899,3836,1918,0,0,3836,1918,947492,473746,3396000.0,3396000.0,1770.594369134515,False,True,3836,1918,0,0,3836,1918,4.8828125e-05,50.495733843559094,-0.9673753047500253,-0.9673753047500253,-0.9673753047500253,False,-0.005648822842751048,4.8828125e-05,False
trial,247,247,247,948.2369822294954,948.2369822294954,948.2369822294954,948.2369822294954,3836,1918,0,0,3836,1918,951328,475664,3396000.0,3396000.0,1770.594369134515,False,True,3836,1918,0,0,3836,1918,2.44140625e-05,50.495733843559094,0.058411092905561034,0.058411092905561034,0.058411092905561034,False,-0.0030762169564200964,2.44140625e-05,True
trial,248,248,247,948.2415454815606,948.2415454815606,948.2369822294954,948.2369822294954,3836,1918,0,0,3836,1918,955164,477582,3396000.0,3396000.0,1770.594369134515,False,True,3836,1918,0,0,3836,1918,4.8828125e-05,62.26391673690669,-0.6548309544700346,-0.6548309544700346,-0.6548309544700346,False,-0.006968595534493416,4.8828125e-05,False
trial,249,249,249,948.236190856589,948.236190856589,948.236190856589,948.236190856589,3836,1918,0,0,3836,1918,959000,479500,3396000.0,3396000.0,1770.594369134515,False,True,3836,1918,0,0,3836,1918,2.44140625e-05,62.26391673690669,0.21361372244177004,0.21361372244177004,0.21361372244177004,False,-0.003704691334244525,2.44140625e-05,True
trial,250,250,249,948.2419040877749,948.2419040877749,948.236190856589,948.236190856589,3836,1918,0,0,3836,1918,962836,481418,3396000.0,3396000.0,1770.594369134515,False,True,3836,1918,0,0,3836,1918,4.8828125e-05,50.076584420548954,-1.0321737802593178,-1.0321737802593178,-1.0321737802593178,False,-0.0055351446579096535,4.8828125e-05,False
trial,251,251,251,948.2360741743014,948.2360741743014,948.2360741743014,948.2360741743014,3836,1918,0,0,3836,1918,966672,483336,3396000.0,3396000.0,1770.594369134515,False,True,3836,1918,0,0,3836,1918,2.44140625e-05,50.076584420548954,0.03867586252893649,0.03867586252893649,0.03867586252893649,False,-0.003016927871703865,2.44140625e-05,True
trial,252,252,252,948.2349092585171,948.2349092585171,948.2349092585171,948.2349092585171,3836,1918,0,0,3836,1918,970508,485254,3396000.0,3396000.0,1770.594369134515,False,True,3836,1918,0,0,3836,1918,1.220703125e-05,62.45456017613099,0.6135477676548516,0.6135477676548516,0.6135477676548516,False,-0.0018986554034448725,1.220703125e-05,True
trial,253,253,252,948.2351638165463,948.2351638165463,948.2349092585171,948.2349092585171,3836,1918,0,0,3836,1918,974344,487172,3396000.0,3396000.0,1770.594369134515,False,True,3836,1918,0,0,3836,1918,2.44140625e-05,16.041667093375718,-0.24781318142342984,-0.24781318142342984,-0.24781318142342984,False,-0.0010272174700587755,2.44140625e-05,False
trial,254,254,254,948.234697096772,948.234697096772,948.234697096772,948.234697096772,3836,1918,0,0,3836,1918,978180,489090,3396000.0,3396000.0,1770.594369134515,False,True,3836,1918,0,0,3836,1918,1.220703125e-05,16.041667093375718,0.3990545514752063,0.3990545514752063,0.3990545514752063,False,-0.0005316610078531535,1.220703125e-05,True
trial,255,255,254,948.2354061464007,948.2354061464007,948.234697096772,948.234697096772,3836,1918,0,0,3836,1918,982016,491008,3396000.0,3396000.0,1770.594369134515,False,True,3836,1918,0,0,3836,1918,2.44140625e-05,23.954683937260885,-0.4559023989722539,-0.4559023989722539,-0.4559023989722539,False,-0.0015552662812306334,2.44140625e-05,False
trial,256,256,256,948.2345592976272,948.2345592976272,948.2345592976272,948.2345592976272,3836,1918,0,0,3836,1918,985852,492926,3396000.0,3396000.0,1770.594369134515,False,True,3836,1918,0,0,3836,1918,1.220703125e-05,23.954683937260885,0.1702947053779265,0.1702947053779265,0.1702947053779265,False,-0.0008091804409859377,1.220703125e-05,True
trial,257,257,256,948.2356176756244,948.2356176756244,948.2345592976272,948.2345592976272,3836,1918,0,0,3836,1918,989688,494844,3396000.0,3396000.0,1770.594369134515,False,True,3836,1918,0,0,3836,1918,2.44140625e-05,34.12668405499705,-0.586084481122264,-0.586084481122264,-0.586084481122264,False,-0.0018058454562216398,2.44140625e-05,False
trial,258,258,258,948.2343259977673,948.2343259977673,948.2343259977673,948.2343259977673,3836,1918,0,0,3836,1918,993524,496762,3396000.0,3396000.0,1770.594369134515,False,True,3836,1918,0,0,3836,1918,1.220703125e-05,34.12668405499705,0.24323210003312054,0.24323210003312054,0.24323210003312054,False,-0.0009591655866837676,1.220703125e-05,True
trial,259,259,258,948.2351875320614,948.2351875320614,948.2343259977673,948.2343259977673,3836,1918,0,0,3836,1918,997360,498680,3396000.0,3396000.0,1770.594369134515,False,True,3836,1918,0,0,3836,1918,2.44140625e-05,25.532096478611063,-0.5279421443371828,-0.5279421443371828,-0.5279421443371828,False,-0.0016318725515137539,2.44140625e-05,False
trial,260,260,260,948.234181256898,948.234181256898,948.234181256898,948.234181256898,3836,1918,0,0,3836,1918,1001196,500598,3396000.0,3396000.0,1770.594369134515,False,True,3836,1918,0,0,3836,1918,1.220703125e-05,25.532096478611063,0.16670680415304803,0.16670680415304803,0.16670680415304803,False,-0.0008682361232625934,1.220703125e-05,True
trial,261,261,260,948.235263300565,948.235263300565,948.234181256898,948.234181256898,3836,1918,0,0,3836,1918,1005032,502516,3396000.0,3396000.0,1770.594369134515,False,True,3836,1918,0,0,3836,1918,2.44140625e-05,34.11636348404093,-0.6071010006849805,-0.6071010006849805,-0.6071010006849805,False,-0.0017823124418779239,2.44140625e-05,False
trial,262,262,262,948.233959746035,948.233959746035,948.233959746035,948.233959746035,3836,1918,0,0,3836,1918,1008868,504434,3396000.0,3396000.0,1770.594369134515,False,True,3836,1918,0,0,3836,1918,1.220703125e-05,34.11636348404093,0.23370216357459858,0.23370216357459858,0.23370216357459858,False,-0.0009478340275885719,1.220703125e-05,True
trial,263,263,262,948.2348366082083,948.2348366082083,948.233959746035,948.233959746035,3836,1918,0,0,3836,1918,1012704,506352,3396000.0,3396000.0,1770.594369134515,False,True,3836,1918,0,0,3836,1918,2.44140625e-05,25.335918964691857,-0.5468978085662588,-0.5468978085662588,-0.5468978085662588,False,-0.001603338246314268,2.44140625e-05,False
trial,264,264,264,948.2338303185579,948.2338303185579,948.2338303185579,948.2338303185579,3836,1918,0,0,3836,1918,1016540,508270,3396000.0,3396000.0,1770.594369134515,False,True,3836,1918,0,0,3836,1918,1.220703125e-05,25.335918964691857,0.15166850531370799,0.15166850531370799,0.15166850531370799,False,-0.0008533576355183974,1.220703125e-05,True
trial,265,265,264,948.2349367148361,948.2349367148361,948.2338303185579,948.2338303185579,3836,1918,0,0,3836,1918,1020376,510188,3396000.0,3396000.0,1770.594369134515,False,True,3836,1918,0,0,3836,1918,2.44140625e-05,34.193259504137195,-0.6286887655082478,-0.6286887655082478,-0.6286887655082478,False,-0.001759847382117462,2.44140625e-05,False
trial,266,266,266,948.2336205752522,948.2336205752522,948.2336205752522,948.2336205752522,3836,1918,0,0,3836,1918,1024212,512106,3396000.0,3396000.0,1770.594369134515,False,True,3836,1918,0,0,3836,1918,1.220703125e-05,34.193259504137195,0.22406437886194933,0.22406437886194933,0.22406437886194933,False,-0.0009360850073396219,1.220703125e-05,True
trial,267,267,266,948.2345166551762,948.2345166551762,948.2336205752522,948.2336205752522,3836,1918,0,0,3836,1918,1028048,514024,3396000.0,3396000.0,1770.594369134515,False,True,3836,1918,0,0,3836,1918,2.44140625e-05,25.13205543823958,-0.5692285896802944,-0.5692285896802944,-0.5692285896802944,False,-0.0015742004886328761,2.44140625e-05,False
trial,268,268,268,948.2335059596761,948.2335059596761,948.2335059596761,948.2335059596761,3836,1918,0,0,3836,1918,1031884,515942,3396000.0,3396000.0,1770.594369134515,False,True,3836,1918,0,0,3836,1918,1.220703125e-05,25.13205543823958,0.13680414160732862,0.13680414160732862,0.13680414160732862,False,-0.0008378077939314616,1.220703125e-05,True
trial,269,269,268,948.2346355061725,948.2346355061725,948.2335059596761,948.2335059596761,3836,1918,0,0,3836,1918,1035720,517860,3396000.0,3396000.0,1770.594369134515,False,True,3836,1918,0,0,3836,1918,2.44140625e-05,34.22357312687469,-0.6507874861798658,-0.6507874861798658,-0.6507874861798658,False,-0.0017356610573487999,2.44140625e-05,False
trial,270,270,270,948.2333088319813,948.2333088319813,948.2333088319813,948.2333088319813,3836,1918,0,0,3836,1918,1039556,519778,3396000.0,3396000.0,1770.594369134515,False,True,3836,1918,0,0,3836,1918,1.220703125e-05,34.22357312687469,0.21345309362745185,0.21345309362745185,0.21345309362745185,False,-0.0009235176285453294,1.220703125e-05,True
trial,271,271,270,948.2342283555752,948.2342283555752,948.2333088319813,948.2333088319813,3836,1918,0,0,3836,1918,1043392,521696,3396000.0,3396000.0,1770.594369134515,False,True,3836,1918,0,0,3836,1918,2.44140625e-05,24.966298378817353,-0.5948190442636034,-0.5948190442636034,-0.5948190442636034,False,-0.0015458879515729564,2.44140625e-05,False
trial,272,272,272,948.2332092111026,948.2332092111026,948.2332092111026,948.2332092111026,3836,1918,0,0,3836,1918,1047228,523614,3396000.0,3396000.0,1770.594369134515,False,True,3836,1918,0,0,3836,1918,1.220703125e-05,24.966298378817353,0.12097177365545972,0.12097177365545972,0.12097177365545972,False,-0.0008235051507454154,1.220703125e-05,True
trial,273,273,272,948.2343624897701,948.2343624897701,948.2332092111026,948.2332092111026,3836,1918,0,0,3836,1918,1051064,525532,3396000.0,3396000.0,1770.594369134515,False,True,3836,1918,0,0,3836,1918,2.44140625e-05,34.31220502438355,-0.6735341855577351,-0.6735341855577351,-0.6735341855577351,False,-0.0017122793352517584,2.44140625e-05,False
trial,274,274,274,948.2330233576132,948.2330233576132,948.2330233576132,948.2330233576132,3836,1918,0,0,3836,1918,1054900,527450,3396000.0,3396000.0,1770.594369134515,False,True,3836,1918,0,0,3836,1918,1.220703125e-05,34.31220502438355,0.2037344356930577,0.2037344356930577,0.2037344356930577,False,-0.0009122340498684781,1.220703125e-05,True
trial,275,275,274,948.2339611068378,948.2339611068378,948.2330233576132,948.2330233576132,3836,1918,0,0,3836,1918,1058736,529368,3396000.0,3396000.0,1770.594369134515,False,True,3836,1918,0,0,3836,1918,2.44140625e-05,24.81243051503787,-0.6183762272198329,-0.6183762272198329,-0.6183762272198329,False,-0.0015164703675727884,2.44140625e-05,False
trial,276,276,276,948.2329393452355,948.2329393452355,948.2329393452355,948.2329393452355,3836,1918,0,0,3836,1918,1062572,531286,3396000.0,3396000.0,1770.594369134515,False,True,3836,1918,0,0,3836,1918,1.220703125e-05,24.81243051503787,0.10398519614858831,0.10398519614858831,0.10398519614858831,False,-0.0008079263277986474,1.220703125e-05,True
trial,277,277,276,948.2341153482578,948.2341153482578,948.2329393452355,948.2329393452355,3836,1918,0,0,3836,1918,1066408,533204,3396000.0,3396000.0,1770.594369134515,False,True,3836,1918,0,0,3836,1918,2.44140625e-05,34.38510903903331,-0.6963165088942948,-0.6963165088942948,-0.6963165088942948,False,-0.0016888914842835673,2.44140625e-05,False
trial,278,278,278,948.2327644166343,948.2327644166343,948.2327644166343,948.2327644166343,3836,1918,0,0,3836,1918,1070244,535122,3396000.0,3396000.0,1770.594369134515,False,True,3836,1918,0,0,3836,1918,1.220703125e-05,34.38510903903331,0.19414459993519503,0.19414459993519503,0.19414459993519503,False,-0.0009010222345953028,1.220703125e-05,True
trial,279,279,278,948.2337182628426,948.2337182628426,948.2327644166343,948.2327644166343,3836,1918,0,0,3836,1918,1074080,537040,3396000.0,3396000.0,1770.594369134515,False,True,3836,1918,0,0,3836,1918,2.44140625e-05,24.638303752207083,-0.6416276172414012,-0.6416276172414012,-0.6416276172414012,False,-0.0014866040405041043,2.44140625e-05,False
trial,280,280,280,948.2326952296767,948.2326952296767,948.2326952296767,948.2326952296767,3836,1918,0,0,3836,1918,1077916,538958,3396000.0,3396000.0,1770.594369134515,False,True,3836,1918,0,0,3836,1918,1.220703125e-05,24.638303752207083,0.08735908199911281,0.08735908199911281,0.08735908199911281,False,-0.0007919835696505363,1.220703125e-05,True
trial,281,281,280,948.2338935403092,948.2338935403092,948.2326952296767,948.2326952296767,3836,1918,0,0,3836,1918,1081752,540876,3396000.0,3396000.0,1770.594369134515,False,True,3836,1918,0,0,3836,1918,2.44140625e-05,34.45589819876973,-0.7199615524353138,-0.7199615524353138,-0.7199615524353138,False,-0.0016644092013663077,2.44140625e-05,False
trial,282,282,282,948.2325332080385,948.2325332080385,948.2325332080385,948.2325332080385,3836,1918,0,0,3836,1918,1085588,542794,3396000.0,3396000.0,1770.594369134515,False,True,3836,1918,0,0,3836,1918,1.220703125e-05,34.45589819876973,0.18247081911728924,0.18247081911728924,0.18247081911728924,False,-0.0008879317742915497,1.220703125e-05,True
trial,283,283,282,948.2335053841764,948.2335053841764,948.2325332080385,948.2325332080385,3836,1918,0,0,3836,1918,1089424,544712,3396000.0,3396000.0,1770.594369134515,False,True,3836,1918,0,0,3836,1918,2.44140625e-05,24.515040237560434,-0.666774487771265,-0.666774487771265,-0.666774487771265,False,-0.0014580283975118159,2.44140625e-05,False
trial,284,284,284,948.2324788672981,948.2324788672981,948.2324788672981,948.2324788672981,3836,1918,0,0,3836,1918,1093260,546630,3396000.0,3396000.0,1770.594369134515,False,True,3836,1918,0,0,3836,1918,1.220703125e-05,24.515040237560434,0.06988038353664719,0.06988038353664719,0.06988038353664719,False,-0.0007776251016121283,1.220703125e-05,True
trial,285,285,284,948.2337037650125,948.2337037650125,948.2324788672981,948.2324788672981,3836,1918,0,0,3836,1918,1097096,548548,3396000.0,3396000.0,1770.594369134515,False,True,3836,1918,0,0,3836,1918,2.44140625e-05,34.56736418003252,-0.7468126668488841,-0.7468126668488841,-0.7468126668488841,False,-0.0016401672985884937,2.44140625e-05,False
trial,286,286,286,948.2323292242322,948.2323292242322,948.2323292242322,948.2323292242322,3836,1918,0,0,3836,1918,1100932,550466,3396000.0,3396000.0,1770.594369134515,False,True,3836,1918,0,0,3836,1918,1.220703125e-05,34.56736418003252,0.17086615352106166,0.17086615352106166,0.17086615352106166,False,-0.0008757911548937606,1.220703125e-05,True
trial,287,287,286,948.2333228501208,948.2333228501208,948.2323292242322,948.2323292242322,3836,1918,0,0,3836,1918,1104768,552384,3396000.0,3396000.0,1770.594369134515,False,True,3836,1918,0,0,3836,1918,2.44140625e-05,24.391818447702065,-0.6950319733940584,-0.6950319733940584,-0.6950319733940584,False,-0.00142961176836567,2.44140625e-05,False
trial,288,288,288,948.2322902883216,948.2322902883216,948.2322902883216,948.2322902883216,3836,1918,0,0,3836,1918,1108604,554302,3396000.0,3396000.0,1770.594369134515,False,True,3836,1918,0,0,3836,1918,1.220703125e-05,24.391818447702065,0.051024824322644234,0.051024824322644234,0.051024824322644234,False,-0.0007630777992662712,1.220703125e-05,True
trial,289,289,288,948.2335384440942,948.2335384440942,948.2322902883216,948.2322902883216,3836,1918,0,0,3836,1918,1112440,556220,3396000.0,3396000.0,1770.594369134515,False,True,3836,1918,0,0,3836,1918,2.44140625e-05,34.71447941337341,-0.7715841339146079,-0.7715841339146079,-0.7715841339146079,False,-0.0016176534971864092,2.44140625e-05,False
trial,290,290,290,948.2321512313747,948.2321512313747,948.2321512313747,948.2321512313747,3836,1918,0,0,3836,1918,1116276,558138,3396000.0,3396000.0,1770.594369134515,False,True,3836,1918,0,0,3836,1918,1.220703125e-05,34.71447941337341,0.16064386797430694,0.16064386797430694,0.16064386797430694,False,-0.0008656225016086072,1.220703125e-05,True
trial,291,291,290,948.2331591442687,948.2331591442687,948.2321512313747,948.2321512313747,3836,1918,0,0,3836,1918,1120112,560056,3396000.0,3396000.0,1770.594369134515,False,True,3836,1918,0,0,3836,1918,2.44140625e-05,24.26791770995815,-0.720436403206443,-0.720436403206443,-0.720436403206443,False,-0.00139903104496757,2.44140625e-05,False
trial,292,292,292,948.2321268346432,948.2321268346432,948.2321268346432,948.2321268346432,3836,1918,0,0,3836,1918,1123948,561974,3396000.0,3396000.0,1770.594369134515,False,True,3836,1918,0,0,3836,1918,1.220703125e-05,24.26791770995815,0.03263670318893629,0.03263670318893629,0.03263670318893629,False,-0.0007475243866246664,1.220703125e-05,True
trial,293,293,293,948.2318672706724,948.2318672706724,948.2318672706724,948.2318672706724,3836,1918,0,0,3836,1918,1127784,563892,3396000.0,3396000.0,1770.594369134515,False,True,3836,1918,0,0,3836,1918,6.103515625e-06,34.791640032012694,0.5861473907055258,0.5861473907055258,0.5861473907055258,False,-0.00044283054889223815,6.103515625e-06,True
trial,294,294,294,948.2318524624022,948.2318524624022,948.2318524624022,948.2318524624022,3836,1918,0,0,3836,1918,1131620,565810,3396000.0,3396000.0,1770.594369134515,False,True,3836,1918,0,0,3836,1918,1.220703125e-05,13.522300805710048,0.05023466007121513,0.05023466007121513,0.05023466007121513,False,-0.00029478193261112584,1.220703125e-05,True
trial,295,295,294,948.233182641793,948.233182641793,948.2318524624022,948.2318524624022,3836,1918,0,0,3836,1918,1135456,567728,3396000.0,3396000.0,1770.594369134515,False,True,3836,1918,0,0,3836,1918,2.44140625e-05,26.08400492775868,-0.9219970365410846,-0.9219970365410846,-0.9219970365410846,False,-0.0014427154730459468,2.44140625e-05,False
trial,296,296,296,948.2317833094464,948.2317833094464,948.2317833094464,948.2317833094464,3836,1918,0,0,3836,1918,1139292,569646,3396000.0,3396000.0,1770.594369134515,False,True,3836,1918,0,0,3836,1918,1.220703125e-05,26.08400492775868,0.08883358204803513,0.08883358204803513,0.08883358204803513,False,-0.0007784551090731857,1.220703125e-05,True
trial,297,297,296,948.2332155226438,948.2332155226438,948.2317833094464,948.2317833094464,3836,1918,0,0,3836,1918,1143128,571564,3396000.0,3396000.0,1770.594369134515,False,True,3836,1918,0,0,3836,1918,2.44140625e-05,29.44517017989161,-1.0046884066973099,-1.0046884066973099,-1.0046884066973099,False,-0.0014255297342507774,2.44140625e-05,False
trial,298,298,298,948.2317412797061,948.2317412797061,948.2317412797061,948.2317412797061,3836,1918,0,0,3836,1918,1146964,573482,3396000.0,3396000.0,1770.594369134515,False,True,3836,1918,0,0,3836,1918,1.220703125e-05,29.44517017989161,0.054751772687652786,0.054751772687652786,0.054751772687652786,False,-0.0007676416361983181,1.220703125e-05,True
trial,299,299,298,948.2331358736685,948.2331358736685,948.2317412797061,948.2317412797061,3836,1918,0,0,3836,1918,1150800,575400,3396000.0,3396000.0,1770.594369134515,False,True,3836,1918,0,0,3836,1918,2.44140625e-05,27.111496067385414,-0.9622701782979957,-0.9622701782979957,-0.9622701782979957,False,-0.0014492748439173123,2.44140625e-05,False
trial,300,300,300,948.2316829105823,948.2316829105823,948.2316829105823,948.2316829105823,3836,1918,0,0,3836,1918,1154636,577318,3396000.0,3396000.0,1770.594369134515,False,True,3836,1918,0,0,3836,1918,1.220703125e-05,27.111496067385414,0.0746455488845728,0.0746455488845728,0.0746455488845728,False,-0.0007819504927950251,1.220703125e-05,True
trial,301,301,300,948.2331305676025,948.2331305676025,948.2316829105823,948.2316829105823,3836,1918,0,0,3836,1918,1158472,579236,3396000.0,3396000.0,1770.594369134515,False,True,3836,1918,0,0,3836,1918,2.44140625e-05,29.843011969942175,-1.0171146746149573,-1.0171146746149573,-1.0171146746149573,False,-0.0014232977424652744,2.44140625e-05,False
trial,302,302,302,948.2316464901262,948.2316464901262,948.2316464901262,948.2316464901262,3836,1918,0,0,3836,1918,1162308,581154,3396000.0,3396000.0,1770.594369134515,False,True,3836,1918,0,0,3836,1918,1.220703125e-05,29.843011969942175,0.04764633738157015,0.04764633738157015,0.04764633738157015,False,-0.0007643915173340171,1.220703125e-05,True
trial,303,303,303,948.2314242249423,948.2314242249423,948.2314242249423,948.2314242249423,3836,1918,0,0,3836,1918,1166144,583072,3396000.0,3396000.0,1770.594369134515,False,True,3836,1918,0,0,3836,1918,6.103515625e-06,25.78057065621853,0.5498103487434777,0.5498103487434777,0.5498103487434777,False,-0.0004042579125460325,6.103515625e-06,True
trial,304,304,303,948.2315515942712,948.2315515942712,948.2314242249423,948.2314242249423,3836,1918,0,0,3836,1918,1169980,584990,3396000.0,3396000.0,1770.594369134515,False,True,3836,1918,0,0,3836,1918,1.220703125e-05,7.385007252681242,-0.7329751645751985,-0.7329751645751985,-0.7329751645751985,False,-0.00017377031997159876,1.220703125e-05,False
trial,305,305,305,948.23140426904,948.23140426904,948.23140426904,948.23140426904,3836,1918,0,0,3836,1918,1173816,586908,3396000.0,3396000.0,1770.594369134515,False,True,3836,1918,0,0,3836,1918,6.103515625e-06,7.385007252681242,0.216404707218978,0.216404707218978,0.216404707218978,False,-9.221565722638524e-05,6.103515625e-06,True
trial,306,306,305,948.2316829256479,948.2316829256479,948.23140426904,948.23140426904,3836,1918,0,0,3836,1918,1177652,588826,3396000.0,3396000.0,1770.594369134515,False,True,3836,1918,0,0,3836,1918,1.220703125e-05,11.241043187719857,-1.0305618437245685,-1.0305618437245685,-1.0305618437245685,False,-0.0002703929022387411,1.220703125e-05,False
trial,307,307,305,948.2314159254479,948.2314159254479,948.23140426904,948.23140426904,3836,1918,0,0,3836,1918,1181488,590744,3396000.0,3396000.0,1770.594369134515,False,True,3836,1918,0,0,3836,1918,6.103515625e-06,11.241043187719857,-0.08240794158305988,-0.08240794158305988,-0.08240794158305988,False,-0.00014144762815470954,6.103515625e-06,False
trial,308,308,308,948.2313730804854,948.2313730804854,948.2313730804854,948.2313730804854,3836,1918,0,0,3836,1918,1185324,592662,3396000.0,3396000.0,1770.594369134515,False,True,3836,1918,0,0,3836,1918,3.0517578125e-06,11.241043187719857,0.4276581802874911,0.4276581802874911,0.4276581802874911,False,-7.292869888992926e-05,3.0517578125e-06,True
trial,309,309,309,948.231331263637,948.231331263637,948.231331263637,948.231331263637,3836,1918,0,0,3836,1918,1189160,594580,3396000.0,3396000.0,1770.594369134515,False,True,3836,1918,0,0,3836,1918,6.103515625e-06,9.835249480955541,0.4903686198197581,0.4903686198197581,0.4903686198197581,False,-8.527635468884196e-05,6.103515625e-06,True
trial,310,310,309,948.2315712254866,948.2315712254866,948.231331263637,948.231331263637,3836,1918,0,0,3836,1918,1192996,596498,3396000.0,3396000.0,1770.594369134515,False,True,3836,1918,0,0,3836,1918,1.220703125e-05,8.249087135069354,-1.6419647444843943,-1.6419647444843943,-1.6419647444843943,False,-0.0001461431193463067,1.220703125e-05,False
trial,311,311,309,948.2313433045836,948.2313433045836,948.231331263637,948.231331263637,3836,1918,0,0,3836,1918,1196832,598416,3396000.0,3396000.0,1770.594369134515,False,True,3836,1918,0,0,3836,1918,6.103515625e-06,8.249087135069354,-0.14525985469211375,-0.14525985469211375,-0.14525985469211375,False,-8.289245905943218e-05,6.103515625e-06,False
trial,312,312,312,948.231315792808,948.231315792808,948.231315792808,948.231315792808,3836,1918,0,0,3836,1918,1200668,600334,3396000.0,3396000.0,1770.594369134515,False,True,3836,1918,0,0,3836,1918,3.0517578125e-06,8.249087135069354,0.3053715795073515,0.3053715795073515,0.3053715795073515,False,-5.066230794395e-05,3.0517578125e-06,True
trial,313,313,312,948.2313205074519,948.2313205074519,948.231315792808,948.231315792808,3836,1918,0,0,3836,1918,1204504,602252,3396000.0,3396000.0,1770.594369134515,False,True,3836,1918,0,0,3836,1918,6.103515625e-06,8.778071691273537,-0.06224657465229822,-0.06224657465229822,-0.06224657465229822,False,-7.574141855966318e-05,6.103515625e-06,False
trial,314,314,314,948.2312995453943,948.2312995453943,948.2312995453943,948.2312995453943,3836,1918,0,0,3836,1918,1208340,604170,3396000.0,3396000.0,1770.594369134515,False,True,3836,1918,0,0,3836,1918,3.0517578125e-06,8.778071691273537,0.3378378571247929,0.3378378571247929,0.3378378571247929,False,-4.809234171372947e-05,3.0517578125e-06,True
trial,315,315,314,948.2314005978728,948.2314005978728,948.2312995453943,948.2312995453943,3836,1918,0,0,3836,1918,1212176,606088,3396000.0,3396000.0,1770.594369134515,False,True,3836,1918,0,0,3836,1918,6.103515625e-06,7.565906783210207,-1.2942983685021594,-1.2942983685021594,-1.2942983685021594,False,-7.807510305041223e-05,6.103515625e-06,False
trial,316,316,316,948.231295611128,948.231295611128,948.231295611128,948.231295611128,3836,1918,0,0,3836,1918,1216012,608006,3396000.0,3396000.0,1770.594369134515,False,True,3836,1918,0,0,3836,1918,3.0517578125e-06,7.565906783210207,0.0907882322287171,0.0907882322287171,0.0907882322287171,False,-4.333454102405937e-05,3.0517578125e-06,True
trial,317,317,316,948.2313542972818,948.2313542972818,948.231295611128,948.231295611128,3836,1918,0,0,3836,1918,1219848,609924,3396000.0,3396000.0,1770.594369134515,False,True,3836,1918,0,0,3836,1918,6.103515625e-06,7.938028648514568,-0.4853383852433516,-0.4853383852433516,-0.4853383852433516,False,-0.00012091801429913589,6.103515625e-06,False
trial,318,318,318,948.2312771883289,948.2312771883289,948.2312771883289,948.2312771883289,3836,1918,0,0,3836,1918,1223684,611842,3396000.0,3396000.0,1770.594369134515,False,True,3836,1918,0,0,3836,1918,3.0517578125e-06,7.938028648514568,0.28716821171719414,0.28716821171719414,0.28716821171719414,False,-6.415333688969462e-05,3.0517578125e-06,True
trial,319,319,318,948.2313661135261,948.2313661135261,948.2312771883289,948.2312771883289,3836,1918,0,0,3836,1918,1227520,613760,3396000.0,3396000.0,1770.594369134515,False,True,3836,1918,0,0,3836,1918,6.103515625e-06,6.23342463589456,-0.9824566993703112,-0.9824566993703112,-0.9824566993703112,False,-9.051309557967202e-05,6.103515625e-06,False
trial,320,320,320,948.2312742610384,948.2312742610384,948.2312742610384,948.2312742610384,3836,1918,0,0,3836,1918,1231356,615678,3396000.0,3396000.0,1770.594369134515,False,True,3836,1918,0,0,3836,1918,3.0517578125e-06,6.23342463589456,0.05998799363437112,0.05998799363437112,0.05998799363437112,False,-4.8797940634942144e-05,3.0517578125e-06,True
trial,321,321,320,948.2313334172222,948.2313334172222,948.2312742610384,948.2312742610384,3836,1918,0,0,3836,1918,1235192,617596,3396000.0,3396000.0,1770.594369134515,False,True,3836,1918,0,0,3836,1918,6.103515625e-06,7.931901002124222,-0.49142460312785013,-0.49142460312785013,-0.49142460312785013,False,-0.0001203769275599183,6.103515625e-06,False
trial,322,322,322,948.2312562415643,948.2312562415643,948.2312562415643,948.2312562415643,3836,1918,0,0,3836,1918,1239028,619514,3396000.0,3396000.0,1770.594369134515,False,True,3836,1918,0,0,3836,1918,3.0517578125e-06,7.931901002124222,0.2827363340289695,0.2827363340289695,0.2827363340289695,False,-6.37324315496799e-05,3.0517578125e-06,True
trial,323,323,322,948.2313458995454,948.2313458995454,948.2312562415643,948.2312562415643,3836,1918,0,0,3836,1918,1242864,621432,3396000.0,3396000.0,1770.594369134515,False,True,3836,1918,0,0,3836,1918,6.103515625e-06,6.270178645687433,-0.9911165010738514,-0.9911165010738514,-0.9911165010738514,False,-9.046159660322108e-05,6.103515625e-06,False
trial,324,324,324,948.2312533133149,948.2312533133149,948.2312533133149,948.2312533133149,3836,1918,0,0,3836,1918,1246700,623350,3396000.0,3396000.0,1770.594369134515,False,True,3836,1918,0,0,3836,1918,3.0517578125e-06,6.270178645687433,0.05995055495077297,0.05995055495077297,0.05995055495077297,False,-4.8844408352402045e-05,3.0517578125e-06,True
trial,325,325,324,948.2313128872032,948.2313128872032,948.2312533133149,948.2312533133149,3836,1918,0,0,3836,1918,1250536,625268,3396000.0,3396000.0,1770.594369134515,False,True,3836,1918,0,0,3836,1918,6.103515625e-06,7.923961849872013,-0.49636792002100477,-0.49636792002100477,-0.49636792002100477,False,-0.00012001961826391389,6.103515625e-06,False
trial,326,326,326,948.2312353025586,948.2312353025586,948.2312353025586,948.2312353025586,3836,1918,0,0,3836,1918,1254372,627186,3396000.0,3396000.0,1770.594369134515,False,True,3836,1918,0,0,3836,1918,3.0517578125e-06,7.923961849872013,0.2826555858286642,0.2826555858286642,0.2826555858286642,False,-6.371979619018054e-05,3.0517578125e-06,True
trial,327,327,326,948.2313249341025,948.2313249341025,948.2312353025586,948.2312353025586,3836,1918,0,0,3836,1918,1258208,629104,3396000.0,3396000.0,1770.594369134515,False,True,3836,1918,0,0,3836,1918,6.103515625e-06,6.280295476533067,-0.9918051251581844,-0.9918051251581844,-0.9918051251581844,False,-9.03721322277419e-05,6.103515625e-06,False
trial,328,328,328,948.2312324331654,948.2312324331654,948.2312324331654,948.2312324331654,3836,1918,0,0,3836,1918,1262044,631022,3396000.0,3396000.0,1770.594369134515,False,True,3836,1918,0,0,3836,1918,3.0517578125e-06,6.280295476533067,0.058928431817312665,0.058928431817312665,0.058928431817312665,False,-4.86928494080482e-05,3.0517578125e-06,True
trial,329,329,328,948.231292508478,948.231292508478,948.2312324331654,948.2312324331654,3836,1918,0,0,3836,1918,1265880,632940,3396000.0,3396000.0,1770.594369134515,False,True,3836,1918,0,0,3836,1918,6.103515625e-06,7.8629182478152035,-0.5031504725130725,-0.5031504725130725,-0.5031504725130725,False,-0.0001193983030634978,6.103515625e-06,False
trial,330,330,330,948.231214725981,948.231214725981,948.231214725981,948.231214725981,3836,1918,0,0,3836,1918,1269716,634858,3396000.0,3396000.0,1770.594369134515,False,True,3836,1918,0,0,3836,1918,3.0517578125e-06,7.8629182478152035,0.2793496159730521,0.2793496159730521,0.2793496159730521,False,-6.338717997507855e-05,3.0517578125e-06,True
trial,331,331,330,948.2313044417211,948.2313044417211,948.231214725981,948.231214725981,3836,1918,0,0,3836,1918,1273552,636776,3396000.0,3396000.0,1770.594369134515,False,True,3836,1918,0,0,3836,1918,6.103515625e-06,6.317077218165641,-0.9935923304430765,-0.9935923304430765,-0.9935923304430765,False,-9.029431630131767e-05,6.103515625e-06,False
trial,332,332,332,948.2312118560058,948.2312118560058,948.2312118560058,948.2312118560058,3836,1918,0,0,3836,1918,1277388,638694,3396000.0,3396000.0,1770.594369134515,False,True,3836,1918,0,0,3836,1918,3.0517578125e-06,6.317077218165641,0.05885142903005285,0.05885142903005285,0.05885142903005285,False,-4.876644911697161e-05,3.0517578125e-06,True
trial,333,333,332,948.2312723251388,948.2312723251388,948.2312118560058,948.2312118560058,3836,1918,0,0,3836,1918,1281224,640612,3396000.0,3396000.0,1770.594369134515,False,True,3836,1918,0,0,3836,1918,6.103515625e-06,7.83989983659723,-0.5078482451421077,-0.5078482451421077,-0.5078482451421077,False,-0.00011906929598868423,6.103515625e-06,False
trial,334,334,334,948.2311943585486,948.2311943585486,948.2311943585486,948.2311943585486,3836,1918,0,0,3836,1918,1285060,642530,3396000.0,3396000.0,1770.594369134515,False,True,3836,1918,0,0,3836,1918,3.0517578125e-06,7.83989983659723,0.27675978225113507,0.27675978225113507,0.27675978225113507,False,-6.322254280169743e-05,3.0517578125e-06,True
trial,335,335,334,948.231284151486,948.231284151486,948.2311943585486,948.2311943585486,3836,1918,0,0,3836,1918,1288896,644448,3396000.0,3396000.0,1770.594369134515,False,True,3836,1918,0,0,3836,1918,6.103515625e-06,6.339165597381441,-0.9941755552662959,-0.9941755552662959,-0.9941755552662959,False,-9.031899538477828e-05,6.103515625e-06,False
trial,336,336,336,948.2311915177175,948.2311915177175,948.2311915177175,948.2311915177175,3836,1918,0,0,3836,1918,1292732,646366,3396000.0,3396000.0,1770.594369134515,False,True,3836,1918,0,0,3836,1918,3.0517578125e-06,6.339165597381441,0.05838603386273369,0.05838603386273369,0.05838603386273369,False,-4.8656002849069074e-05,3.0517578125e-06,True
trial,337,337,336,948.2312524903411,948.2312524903411,948.2311915177175,948.2311915177175,3836,1918,0,0,3836,1918,1296568,648284,3396000.0,3396000.0,1770.594369134515,False,True,3836,1918,0,0,3836,1918,6.103515625e-06,7.794405644466197,-0.5151786257083139,-0.5151786257083139,-0.5151786257083139,False,-0.00011835239382629363,6.103515625e-06,False
trial,338,338,338,948.2311743217748,948.2311743217748,948.2311743217748,948.2311743217748,3836,1918,0,0,3836,1918,1300404,650202,3396000.0,3396000.0,1770.594369134515,False,True,3836,1918,0,0,3836,1918,3.0517578125e-06,7.794405644466197,0.27367173101167486,0.27367173101167486,0.27367173101167486,False,-6.283419439273661e-05,3.0517578125e-06,True
trial,339,339,338,948.2312643805869,948.2312643805869,948.2311743217748,948.2311743217748,3836,1918,0,0,3836,1918,1304240,652120,3396000.0,3396000.0,1770.594369134515,False,True,3836,1918,0,0,3836,1918,6.103515625e-06,6.359213932591923,-1.000442979371019,-1.000442979371019,-1.000442979371019,False,-9.001893560250215e-05,6.103515625e-06,False
trial,340,340,340,948.2311715071542,948.2311715071542,948.2311715071542,948.2311715071542,3836,1918,0,0,3836,1918,1308076,654038,3396000.0,3396000.0,1770.594369134515,False,True,3836,1918,0,0,3836,1918,3.0517578125e-06,6.359213932591923,0.05785513331423349,0.05785513331423349,0.05785513331423349,False,-4.864945393754164e-05,3.0517578125e-06,True
trial,341,341,340,948.23123249769,948.23123249769,948.2311715071542,948.2311715071542,3836,1918,0,0,3836,1918,1311912,655956,3396000.0,3396000.0,1770.594369134515,False,True,3836,1918,0,0,3836,1918,6.103515625e-06,7.76919925588275,-0.5167633356268199,-0.5167633356268199,-0.5167633356268199,False,-0.00011802411600567011,6.103515625e-06,False
trial,342,342,342,948.2311544925738,948.2311544925738,948.2311544925738,948.2311544925738,3836,1918,0,0,3836,1918,1315748,657874,3396000.0,3396000.0,1770.594369134515,False,True,3836,1918,0,0,3836,1918,3.0517578125e-06,7.76919925588275,0.27149925749014064,0.27149925749014064,0.27149925749014064,False,-6.26689758380707e-05,3.0517578125e-06,True
trial,343,343,342,948.2312443813427,948.2312443813427,948.2311544925738,948.2311544925738,3836,1918,0,0,3836,1918,1319584,659792,3396000.0,3396000.0,1770.594369134515,False,True,3836,1918,0,0,3836,1918,6.103515625e-06,6.384708582783687,-0.9968366493333954,-0.9968366493333954,-0.9968366493333954,False,-9.017402096112331e-05,6.103515625e-06,False
trial,344,344,344,948.2311517208866,948.2311517208866,948.2311517208866,948.2311517208866,3836,1918,0,0,3836,1918,1323420,661710,3396000.0,3396000.0,1770.594369134515,False,True,3836,1918,0,0,3836,1918,3.0517578125e-06,6.384708582783687,0.05703942651301124,0.05703942651301124,0.05703942651301124,False,-4.8592479263160704e-05,3.0517578125e-06,True
trial,345,345,344,948.23121273794,948.23121273794,948.2311517208866,948.2311517208866,3836,1918,0,0,3836,1918,1327256,663628,3396000.0,3396000.0,1770.594369134515,False,True,3836,1918,0,0,3836,1918,6.103515625e-06,7.740915427292722,-0.5189204934575271,-0.5189204934575271,-0.5189204934575271,False,-0.00011758458995043793,6.103515625e-06,False
trial,346,346,346,948.2311349143812,948.2311349143812,948.2311349143812,948.2311349143812,3836,1918,0,0,3836,1918,1331092,665546,3396000.0,3396000.0,1770.594369134515,False,True,3836,1918,0,0,3836,1918,3.0517578125e-06,7.740915427292722,0.2690994270940673,0.2690994270940673,0.2690994270940673,False,-6.245463097232588e-05,3.0517578125e-06,True
trial,347,347,346,948.2312248375025,948.2312248375025,948.2311349143812,948.2311349143812,3836,1918,0,0,3836,1918,1334928,667464,3396000.0,3396000.0,1770.594369134515,False,True,3836,1918,0,0,3836,1918,6.103515625e-06,6.414575072478832,-0.99768573294002,-0.99768573294002,-0.99768573294002,False,-9.013171017040639e-05,6.103515625e-06,False
trial,348,348,348,948.2311321897191,948.2311321897191,948.2311321897191,948.2311321897191,3836,1918,0,0,3836,1918,1338764,669382,3396000.0,3396000.0,1770.594369134515,False,True,3836,1918,0,0,3836,1918,3.0517578125e-06,6.414575072478832,0.05613420017344735,0.05613420017344735,0.05613420017344735,False,-4.8538360911931975e-05,3.0517578125e-06,True
trial,349,349,348,948.2311927784436,948.2311927784436,948.2311321897191,948.2311321897191,3836,1918,0,0,3836,1918,1342600,671300,3396000.0,3396000.0,1770.594369134515,False,True,3836,1918,0,0,3836,1918,6.103515625e-06,7.712424270969759,-0.5169944065469321,-0.5169944065469321,-0.5169944065469321,False,-0.00011719415869030011,6.103515625e-06,False
trial,350,350,350,948.2311156191038,948.2311156191038,948.2311156191038,948.2311156191038,3836,1918,0,0,3836,1918,1346436,673218,3396000.0,3396000.0,1770.594369134515,False,True,3836,1918,0,0,3836,1918,3.0517578125e-06,7.712424270969759,0.2662466465804165,0.2662466465804165,0.2662466465804165,False,-6.2237836820512e-05,3.0517578125e-06,True
trial,351,351,350,948.2312056899685,948.2312056899685,948.2311156191038,948.2311156191038,3836,1918,0,0,3836,1918,1350272,675136,3396000.0,3396000.0,1770.594369134515,False,True,3836,1918,0,0,3836,1918,6.103515625e-06,6.442489936288035,-1.0007658775709594,-1.0007658775709594,-1.0007658775709594,False,-9.000193429494358e-05,6.103515625e-06,False
trial,352,352,352,948.2311128853083,948.2311128853083,948.2311128853083,948.2311128853083,3836,1918,0,0,3836,1918,1354108,677054,3396000.0,3396000.0,1770.594369134515,False,True,3836,1918,0,0,3836,1918,3.0517578125e-06,6.442489936288035,0.056293639754318676,0.056293639754318676,0.056293639754318676,False,-4.856313168985618e-05,3.0517578125e-06,True
trial,353,353,352,948.2311734220189,948.2311734220189,948.2311128853083,948.2311128853083,3836,1918,0,0,3836,1918,1357944,678972,3396000.0,3396000.0,1770.594369134515,False,True,3836,1918,0,0,3836,1918,6.103515625e-06,7.681946006297315,-0.5186392211025503,-0.5186392211025503,-0.5186392211025503,False,-0.00011672219928175155,6.103515625e-06,False
trial,354,354,354,948.2310965309912,948.2310965309912,948.2310965309912,948.2310965309912,3836,1918,0,0,3836,1918,1361780,680890,3396000.0,3396000.0,1770.594369134515,False,True,3836,1918,0,0,3836,1918,3.0517578125e-06,7.681946006297315,0.26374123410896155,0.26374123410896155,0.26374123410896155,False,-6.200895058790217e-05,3.0517578125e-06,True
trial,355,355,354,948.2311862157667,948.2311862157667,948.2310965309912,948.2310965309912,3836,1918,0,0,3836,1918,1365616,682808,3396000.0,3396000.0,1770.594369134515,False,True,3836,1918,0,0,3836,1918,6.103515625e-06,6.4737047499145035,-0.9992652680143599,-0.9992652680143599,-0.9992652680143599,False,-8.975071822638903e-05,6.103515625e-06,False
trial,356,356,356,948.2310938119798,948.2310938119798,948.2310938119798,948.2310938119798,3836,1918,0,0,3836,1918,1369452,684726,3396000.0,3396000.0,1770.594369134515,False,True,3836,1918,0,0,3836,1918,3.0517578125e-06,6.4737047499145035,0.05601392956851868,0.05601392956851868,0.05601392956851868,False,-4.8541700214288544e-05,3.0517578125e-06,True
trial,357,357,356,948.2311545564876,948.2311545564876,948.2310938119798,948.2310938119798,3836,1918,0,0,3836,1918,1373288,686644,3396000.0,3396000.0,1770.594369134515,False,True,3836,1918,0,0,3836,1918,6.103515625e-06,7.653434590772328,-0.5224373136703858,-0.5224373136703858,-0.5224373136703858,False,-0.00011627138067692443,6.103515625e-06,False
trial,358,358,358,948.231077699278,948.231077699278,948.231077699278,948.231077699278,3836,1918,0,0,3836,1918,1377124,688562,3396000.0,3396000.0,1770.594369134515,False,True,3836,1918,0,0,3836,1918,3.0517578125e-06,7.653434590772328,0.26089041202453356,0.26089041202453356,0.26089041202453356,False,-6.176042151004107e-05,3.0517578125e-06,True
trial,359,359,358,948.2311678612276,948.2311678612276,948.231077699278,948.231077699278,3836,1918,0,0,3836,1918,1380960,690480,3396000.0,3396000.0,1770.594369134515,False,True,3836,1918,0,0,3836,1918,6.103515625e-06,6.504844911878688,-1.0026896039027373,-1.0026896039027373,-1.0026896039027373,False,-8.992010017659457e-05,6.103515625e-06,False
trial,360,360,360,948.2310750712842,948.2310750712842,948.2310750712842,948.2310750712842,3836,1918,0,0,3836,1918,1384796,692398,3396000.0,3396000.0,1770.594369134515,False,True,3836,1918,0,0,3836,1918,3.0517578125e-06,6.504844911878688,0.05423472977748352,0.05423472977748352,0.05423472977748352,False,-4.845592149400319e-05,3.0517578125e-06,True
trial,361,361,360,948.231135544922,948.231135544922,948.2310750712842,948.2310750712842,3836,1918,0,0,3836,1918,1388632,694316,3396000.0,3396000.0,1770.594369134515,False,True,3836,1918,0,0,3836,1918,6.103515625e-06,7.633078526932419,-0.521685535780819,-0.521685535780819,-0.521685535780819,False,-0.00011591971352740667,6.103515625e-06,False
trial,362,362,362,948.2310591365252,948.2310591365252,948.2310591365252,948.2310591365252,3836,1918,0,0,3836,1918,1392468,696234,3396000.0,3396000.0,1770.594369134515,False,True,3836,1918,0,0,3836,1918,3.0517578125e-06,7.633078526932419,0.2586065401639828,0.2586065401639828,0.2586065401639828,False,-6.161777246114377e-05,3.0517578125e-06,True
trial,363,363,362,948.2311494498309,948.2311494498309,948.2310591365252,948.2310591365252,3836,1918,0,0,3836,1918,1396304,698152,3396000.0,3396000.0,1770.594369134515,False,True,3836,1918,0,0,3836,1918,6.103515625e-06,6.540651796228639,-1.0064445093334802,-1.0064445093334802,-1.0064445093334802,False,-8.973500759687207e-05,6.103515625e-06,False
trial,364,364,364,948.2310564726686,948.2310564726686,948.2310564726686,948.2310564726686,3836,1918,0,0,3836,1918,1400140,700070,3396000.0,3396000.0,1770.594369134515,False,True,3836,1918,0,0,3836,1918,3.0517578125e-06,6.540651796228639,0.054925357546812555,0.054925357546812555,0.054925357546812555,False,-4.8499577997205136e-05,3.0517578125e-06,True
trial,365,365,364,948.231117018875,948.231117018875,948.2310564726686,948.2310564726686,3836,1918,0,0,3836,1918,1403976,701988,3396000.0,3396000.0,1770.594369134515,False,True,3836,1918,0,0,3836,1918,6.103515625e-06,7.605677387467595,-0.524762414596267,-0.524762414596267,-0.524762414596267,False,-0.00011537832123121984,6.103515625e-06,False
trial,366,366,366,948.2310407988834,948.2310407988834,948.2310407988834,948.2310407988834,3836,1918,0,0,3836,1918,1407812,703906,3396000.0,3396000.0,1770.594369134515,False,True,3836,1918,0,0,3836,1918,3.0517578125e-06,7.605677387467595,0.2556421504000855,0.2556421504000855,0.2556421504000855,False,-6.13114273367137e-05,3.0517578125e-06,True
trial,367,367,366,948.231131069061,948.231131069061,948.2310407988834,948.2310407988834,3836,1918,0,0,3836,1918,1411648,705824,3396000.0,3396000.0,1770.594369134515,False,True,3836,1918,0,0,3836,1918,6.103515625e-06,6.56772256805058,-1.0057700230649078,-1.0057700230649078,-1.0057700230649078,False,-8.975230469756521e-05,6.103515625e-06,False
trial,368,368,368,948.2310382013819,948.2310382013819,948.2310382013819,948.2310382013819,3836,1918,0,0,3836,1918,1415484,707742,3396000.0,3396000.0,1770.594369134515,False,True,3836,1918,0,0,3836,1918,3.0517578125e-06,6.56772256805058,0.05364769114631359,0.05364769114631359,0.05364769114631359,False,-4.841776906029773e-05,3.0517578125e-06,True
trial,369,369,368,948.2310980225311,948.2310980225311,948.2310382013819,948.2310382013819,3836,1918,0,0,3836,1918,1419320,709660,3396000.0,3396000.0,1770.594369134515,False,True,3836,1918,0,0,3836,1918,6.103515625e-06,7.5791561380288925,-0.5201581272292304,-0.5201581272292304,-0.5201581272292304,False,-0.00011500569934760821,6.103515625e-06,False
trial,370,370,370,948.2310227665384,948.2310227665384,948.2310227665384,948.2310227665384,3836,1918,0,0,3836,1918,1423156,711578,3396000.0,3396000.0,1770.594369134515,False,True,3836,1918,0,0,3836,1918,3.0517578125e-06,7.5791561380288925,0.2525682069526696,0.2525682069526696,0.2525682069526696,False,-6.111158511374549e-05,3.0517578125e-06,True
trial,371,371,370,948.2311132993713,948.2311132993713,948.2310227665384,948.2310227665384,3836,1918,0,0,3836,1918,1426992,713496,3396000.0,3396000.0,1770.594369134515,False,True,3836,1918,0,0,3836,1918,6.103515625e-06,6.608589633991829,-1.0106962007086886,-1.0106962007086886,-1.0106962007086886,False,-8.957472359248998e-05,6.103515625e-06,False
trial,372,372,372,948.2310201565583,948.2310201565583,948.2310201565583,948.2310201565583,3836,1918,0,0,3836,1918,1430828,715414,3396000.0,3396000.0,1770.594369134515,False,True,3836,1918,0,0,3836,1918,3.0517578125e-06,6.608589633991829,0.05390363427746182,0.05390363427746182,0.05390363427746182,False,-4.8419372160969724e-05,3.0517578125e-06,True
trial,373,373,372,948.2310803727289,948.2310803727289,948.2310201565583,948.2310201565583,3836,1918,0,0,3836,1918,1434664,717332,3396000.0,3396000.0,1770.594369134515,False,True,3836,1918,0,0,3836,1918,6.103515625e-06,7.55016395602009,-0.5264756279411178,-0.5264756279411178,-0.5264756279411178,False,-0.00011437598893434387,6.103515625e-06,False
trial,374,374,374,948.2310049596417,948.2310049596417,948.2310049596417,948.2310049596417,3836,1918,0,0,3836,1918,1438500,719250,3396000.0,3396000.0,1770.594369134515,False,True,3836,1918,0,0,3836,1918,3.0517578125e-06,7.55016395602009,0.2498975608611505,0.2498975608611505,0.2498975608611505,False,-6.081258472598512e-05,3.0517578125e-06,True
trial,375,375,374,948.2310950779805,948.2310950779805,948.2310049596417,948.2310049596417,3836,1918,0,0,3836,1918,1442336,721168,3396000.0,3396000.0,1770.594369134515,False,True,3836,1918,0,0,3836,1918,6.103515625e-06,6.631877106963187,-1.0054433194062282,-1.0054433194062282,-1.0054433194062282,False,-8.963045161292622e-05,6.103515625e-06,False
trial,376,376,376,948.2310024248445,948.2310024248445,948.2310024248445,948.2310024248445,3836,1918,0,0,3836,1918,1446172,723086,3396000.0,3396000.0,1770.594369134515,False,True,3836,1918,0,0,3836,1918,3.0517578125e-06,6.631877106963187,0.05244253268068172,0.05244253268068172,0.05244253268068172,False,-4.833475948937654e-05,3.0517578125e-06,True
trial,377,377,376,948.2310629021118,948.2310629021118,948.2310024248445,948.2310024248445,3836,1918,0,0,3836,1918,1450008,725004,3396000.0,3396000.0,1770.594369134515,False,True,3836,1918,0,0,3836,1918,6.103515625e-06,7.528114050991457,-0.5300752459230235,-0.5300752459230235,-0.5300752459230235,False,-0.00011409185351805856,6.103515625e-06,False
trial,378,378,378,948.2309874353095,948.2309874353095,948.2309874353095,948.2309874353095,3836,1918,0,0,3836,1918,1453844,726922,3396000.0,3396000.0,1770.594369134515,False,True,3836,1918,0,0,3836,1918,3.0517578125e-06,7.528114050991457,0.247230015394654,0.247230015394654,0.247230015394654,False,-6.06299156318123e-05,3.0517578125e-06,True
trial,379,379,378,948.2310777902045,948.2310777902045,948.2309874353095,948.2309874353095,3836,1918,0,0,3836,1918,1457680,728840,3396000.0,3396000.0,1770.594369134515,False,True,3836,1918,0,0,3836,1918,6.103515625e-06,6.676282210470134,-1.0075136681549548,-1.0075136681549548,-1.0075136681549548,False,-8.968106121713612e-05,6.103515625e-06,False
trial,380,380,380,948.2309849180924,948.2309849180924,948.2309849180924,948.2309849180924,3836,1918,0,0,3836,1918,1461516,730758,3396000.0,3396000.0,1770.594369134515,False,True,3836,1918,0,0,3836,1918,3.0517578125e-06,6.676282210470134,0.05210154323061107,0.05210154323061107,0.05210154323061107,False,-4.8313676912695875e-05,3.0517578125e-06,True
trial,381,381,380,948.2310449492622,948.2310449492622,948.2309849180924,948.2309849180924,3836,1918,0,0,3836,1918,1465352,732676,3396000.0,3396000.0,1770.594369134515,False,True,3836,1918,0,0,3836,1918,6.103515625e-06,7.501884598768953,-0.5283659481516024,-0.5283659481516024,-0.5283659481516024,False,-0.00011361665155290342,6.103515625e-06,False
trial,382,382,382,948.230970133305,948.230970133305,948.230970133305,948.230970133305,3836,1918,0,0,3836,1918,1469188,734594,3396000.0,3396000.0,1770.594369134515,False,True,3836,1918,0,0,3836,1918,3.0517578125e-06,7.501884598768953,0.2447819983264061,0.2447819983264061,0.2447819983264061,False,-6.0399814809917606e-05,3.0517578125e-06,True
trial,383,383,382,948.2310606198453,948.2310606198453,948.230970133305,948.230970133305,3836,1918,0,0,3836,1918,1473024,736512,3396000.0,3396000.0,1770.594369134515,False,True,3836,1918,0,0,3836,1918,6.103515625e-06,6.702860970306363,-1.0108644187185634,-1.0108644187185634,-1.0108644187185634,False,-8.951402239577084e-05,6.103515625e-06,False
trial,384,384,384,948.2309676684711,948.2309676684711,948.2309676684711,948.2309676684711,3836,1918,0,0,3836,1918,1476860,738430,3396000.0,3396000.0,1770.594369134515,False,True,3836,1918,0,0,3836,1918,3.0517578125e-06,6.702860970306363,0.05108037531690327,0.05108037531690327,0.05108037531690327,False,-4.825403039520098e-05,3.0517578125e-06,True
trial,385,385,384,948.2310280208955,948.2310280208955,948.2309676684711,948.2309676684711,3836,1918,0,0,3836,1918,1480696,740348,3396000.0,3396000.0,1770.594369134515,False,True,3836,1918,0,0,3836,1918,6.103515625e-06,7.481115474560843,-0.532928348554856,-0.532928348554856,-0.532928348554856,False,-0.00011324678926904366,6.103515625e-06,False
trial,386,386,386,948.2309530865066,948.2309530865066,948.2309530865066,948.2309530865066,3836,1918,0,0,3836,1918,1484532,742266,3396000.0,3396000.0,1770.594369134515,False,True,3836,1918,0,0,3836,1918,3.0517578125e-06,7.481115474560843,0.24225304720660218,0.24225304720660218,0.24225304720660218,False,-6.019311066139057e-05,3.0517578125e-06,True
trial,387,387,386,948.2310435506681,948.2310435506681,948.2309530865066,948.2309530865066,3836,1918,0,0,3836,1918,1488368,744184,3396000.0,3396000.0,1770.594369134515,False,True,3836,1918,0,0,3836,1918,6.103515625e-06,6.738315941766959,-1.010455660426162,-1.010455660426162,-1.010455660426162,False,-8.952808626212906e-05,6.103515625e-06,False
trial,388,388,388,948.2309506287586,948.2309506287586,948.2309506287586,948.2309506287586,3836,1918,0,0,3836,1918,1492204,746102,3396000.0,3396000.0,1770.594369134515,False,True,3836,1918,0,0,3836,1918,3.0517578125e-06,6.738315941766959,0.05093557698563308,0.05093557698563308,0.05093557698563308,False,-4.825208904426483e-05,3.0517578125e-06,True
trial,389,389,388,948.2310107926418,948.2310107926418,948.2309506287586,948.2309506287586,3836,1918,0,0,3836,1918,1496040,748020,3396000.0,3396000.0,1770.594369134515,False,True,3836,1918,0,0,3836,1918,6.103515625e-06,7.458585083771455,-0.5335639520233559,-0.5335639520233559,-0.5335639520233559,False,-0.00011275852303853229,6.103515625e-06,False
trial,390,390,390,948.2309362957566,948.2309362957566,948.2309362957566,948.2309362957566,3836,1918,0,0,3836,1918,1499876,749938,3396000.0,3396000.0,1770.594369134515,False,True,3836,1918,0,0,3836,1918,3.0517578125e-06,7.458585083771455,0.23896098777091782,0.23896098777091782,0.23896098777091782,False,-5.99805104063283e-05,3.0517578125e-06,True
trial,391,391,390,948.2310268578301,948.2310268578301,948.2309362957566,948.2309362957566,3836,1918,0,0,3836,1918,1503712,751856,3396000.0,3396000.0,1770.594369134515,False,True,3836,1918,0,0,3836,1918,6.103515625e-06,6.76892489959562,-1.0119952608242446,-1.0119952608242446,-1.0119952608242446,False,-8.948863401801842e-05,6.103515625e-06,False
trial,392,392,392,948.2309338953871,948.2309338953871,948.2309338953871,948.2309338953871,3836,1918,0,0,3836,1918,1507548,753774,3396000.0,3396000.0,1770.594369134515,False,True,3836,1918,0,0,3836,1918,3.0517578125e-06,6.76892489959562,0.049754531327847594,0.049754531327847594,0.049754531327847594,False,-4.824423804957689e-05,3.0517578125e-06,True
trial,393,393,393,948.230914395986,948.230914395986,948.230914395986,948.230914395986,3836,1918,0,0,3836,1918,1511384,755692,3396000.0,3396000.0,1770.594369134515,False,True,3836,1918,0,0,3836,1918,1.52587890625e-06,7.440584470027336,0.6284895024388255,0.6284895024388255,0.6284895024388255,False,-3.102581829876709e-05,1.52587890625e-06,True
trial,394,394,393,948.2309167099859,948.2309167099859,948.230914395986,948.230914395986,3836,1918,0,0,3836,1918,1515220,757610,3396000.0,3396000.0,1770.594369134515,False,True,3836,1918,0,0,3836,1918,3.0517578125e-06,2.220376148999682,-0.12809013023997393,-0.12809013023997393,-0.12809013023997393,False,-1.806540326854932e-05,3.0517578125e-06,False
trial,395,395,395,948.2309101795995,948.2309101795995,948.2309101795995,948.2309101795995,3836,1918,0,0,3836,1918,1519056,759528,3396000.0,3396000.0,1770.594369134515,False,True,3836,1918,0,0,3836,1918,1.52587890625e-06,2.220376148999682,0.45666079354579936,0.45666079354579936,0.45666079354579936,False,-9.233081915924464e-06,1.52587890625e-06,True
trial,396,396,395,948.2309225918524,948.2309225918524,948.2309101795995,948.2309101795995,3836,1918,0,0,3836,1918,1522892,761446,3396000.0,3396000.0,1770.594369134515,False,True,3836,1918,0,0,3836,1918,3.0517578125e-06,2.8110834939411338,-0.5125616876498716,-0.5125616876498716,-0.5125616876498716,False,-2.4216115220906546e-05,3.0517578125e-06,False
trial,397,397,397,948.2309073777658,948.2309073777658,948.2309073777658,948.2309073777658,3836,1918,0,0,3836,1918,1526728,763364,3396000.0,3396000.0,1770.594369134515,False,True,3836,1918,0,0,3836,1918,1.52587890625e-06,2.8110834939411338,0.22398340001735179,0.22398340001735179,0.22398340001735179,False,-1.2509113246478706e-05,1.52587890625e-06,True
trial,398,398,397,948.2309219245813,948.2309219245813,948.2309073777658,948.2309073777658,3836,1918,0,0,3836,1918,1530564,765282,3396000.0,3396000.0,1770.594369134515,False,True,3836,1918,0,0,3836,1918,3.0517578125e-06,4.049347807125182,-0.47861647812578867,-0.47861647812578867,-0.47861647812578867,False,-3.0393469780154917e-05,3.0517578125e-06,False
trial,399,399,399,948.2309026780347,948.2309026780347,948.2309026780347,948.2309026780347,3836,1918,0,0,3836,1918,1534400,767200,3396000.0,3396000.0,1770.594369134515,False,True,3836,1918,0,0,3836,1918,1.52587890625e-06,4.049347807125182,0.2910735244553813,0.2910735244553813,0.2910735244553813,False,-1.614619919893871e-05,1.52587890625e-06,True
trial,400,400,399,948.2309193445728,948.2309193445728,948.2309026780347,948.2309026780347,3836,1918,0,0,3836,1918,1538236,769118,3396000.0,3396000.0,1770.594369134515,False,True,3836,1918,0,0,3836,1918,3.0517578125e-06,3.5253631295079186,-0.5865727186995823,-0.5865727186995823,-0.5865727186995823,False,-2.841342194606335e-05,3.0517578125e-06,False
trial,401,401,401,948.2308990838368,948.2308990838368,948.2308990838368,948.2308990838368,3836,1918,0,0,3836,1918,1542072,771036,3396000.0,3396000.0,1770.594369134515,False,True,3836,1918,0,0,3836,1918,1.52587890625e-06,3.5253631295079186,0.23809520929471426,0.23809520929471426,0.23809520929471426,False,-1.5095632973233756e-05,1.52587890625e-06,True
trial,402,402,401,948.2309137421901,948.2309137421901,948.2308990838368,948.2308990838368,3836,1918,0,0,3836,1918,1545908,772954,3396000.0,3396000.0,1770.594369134515,False,True,3836,1918,0,0,3836,1918,3.0517578125e-06,4.000314046351182,-0.4850530277268111,-0.4850530277268111,-0.4850530277268111,False,-3.0220104693139444e-05,3.0517578125e-06,False
trial,403,403,403,948.2308944620611,948.2308944620611,948.2308944620611,948.2308944620611,3836,1918,0,0,3836,1918,1549744,774872,3396000.0,3396000.0,1770.594369134515,False,True,3836,1918,0,0,3836,1918,1.52587890625e-06,4.000314046351182,0.2882125600654683,0.2882125600654683,0.2882125600654683,False,-1.6035996837395534e-05,1.52587890625e-06,True
trial,404,404,403,948.2309111351776,948.2309111351776,948.2308944620611,948.2308944620611,3836,1918,0,0,3836,1918,1553580,776790,3396000.0,3396000.0,1770.594369134515,False,True,3836,1918,0,0,3836,1918,3.0517578125e-06,3.5356907651212475,-0.5875271105702053,-0.5875271105702053,-0.5875271105702053,False,-2.8378463280540576e-05,3.0517578125e-06,False
trial,405,405,405,948.2308908894154,948.2308908894154,948.2308908894154,948.2308908894154,3836,1918,0,0,3836,1918,1557416,778708,3396000.0,3396000.0,1770.594369134515,False,True,3836,1918,0,0,3836,1918,1.52587890625e-06,3.5356907651212475,0.23713997922302102,0.23713997922302102,0.23713997922302102,False,-1.5065556308315561e-05,1.52587890625e-06,True
trial,406,406,405,948.230905620372,948.230905620372,948.2308908894154,948.2308908894154,3836,1918,0,0,3836,1918,1561252,780626,3396000.0,3396000.0,1770.594369134515,False,True,3836,1918,0,0,3836,1918,3.0517578125e-06,3.988091118583948,-0.48875369668722507,-0.48875369668722507,-0.48875369668722507,False,-3.013983679285047e-05,3.0517578125e-06,False
trial,407,407,407,948.2308863204638,948.2308863204638,948.2308863204638,948.2308863204638,3836,1918,0,0,3836,1918,1565088,782544,3396000.0,3396000.0,1770.594369134515,False,True,3836,1918,0,0,3836,1918,1.52587890625e-06,3.988091118583948,0.28593764486445683,0.28593764486445683,0.28593764486445683,False,-1.5978838915992838e-05,1.52587890625e-06,True
trial,408,408,407,948.2309029974086,948.2309029974086,948.2308863204638,948.2308863204638,3836,1918,0,0,3836,1918,1568924,784462,3396000.0,3396000.0,1770.594369134515,False,True,3836,1918,0,0,3836,1918,3.0517578125e-06,3.542755289335714,-0.587704804770884,-0.587704804770884,-0.587704804770884,False,-2.8376396940830866e-05,3.0517578125e-06,False
trial,409,409,409,948.2308827735692,948.2308827735692,948.2308827735692,948.2308827735692,3836,1918,0,0,3836,1918,1572760,786380,3396000.0,3396000.0,1770.594369134515,False,True,3836,1918,0,0,3836,1918,1.52587890625e-06,3.542755289335714,0.23590080359472373,0.23590080359472373,0.23590080359472373,False,-1.5035534275267944e-05,1.52587890625e-06,True
trial,410,410,409,948.2308974335622,948.2308974335622,948.2308827735692,948.2308827735692,3836,1918,0,0,3836,1918,1576596,788298,3396000.0,3396000.0,1770.594369134515,False,True,3836,1918,0,0,3836,1918,3.0517578125e-06,3.973290602274633,-0.4888244211243247,-0.4888244211243247,-0.4888244211243247,False,-2.9990303985161213e-05,3.0517578125e-06,False
trial,411,411,411,948.2308782355149,948.2308782355149,948.2308782355149,948.2308782355149,3836,1918,0,0,3836,1918,1580432,790216,3396000.0,3396000.0,1770.594369134515,False,True,3836,1918,0,0,3836,1918,1.52587890625e-06,3.973290602274633,0.28514496564329883,0.28514496564329883,0.28514496564329883,False,-1.591490250142657e-05,1.52587890625e-06,True
trial,412,412,411,948.2308950147678,948.2308950147678,948.2308782355149,948.2308782355149,3836,1918,0,0,3836,1918,1584268,792134,3396000.0,3396000.0,1770.594369134515,False,True,3836,1918,0,0,3836,1918,3.0517578125e-06,3.5531882176222513,-0.5935008308233852,-0.5935008308233852,-0.5935008308233852,False,-2.8271658778373372e-05,3.0517578125e-06,False
trial,413,413,413,948.2308747258992,948.2308747258992,948.2308747258992,948.2308747258992,3836,1918,0,0,3836,1918,1588104,794052,3396000.0,3396000.0,1770.594369134515,False,True,3836,1918,0,0,3836,1918,1.52587890625e-06,3.5531882176222513,0.233990132461677,0.233990132461677,0.233990132461677,False,-1.4998990101926923e-05,1.52587890625e-06,True
trial,414,414,413,948.2308895724877,948.2308895724877,948.2308747258992,948.2308747258992,3836,1918,0,0,3836,1918,1591940,795970,3396000.0,3396000.0,1770.594369134515,False,True,3836,1918,0,0,3836,1918,3.0517578125e-06,3.9615429482611724,-0.4944036608339059,-0.4944036608339059,-0.4944036608339059,False,-3.002928524202653e-05,3.0517578125e-06,False
trial,415,415,415,948.2308702545436,948.2308702545436,948.2308702545436,948.2308702545436,3836,1918,0,0,3836,1918,1595776,797888,3396000.0,3396000.0,1770.594369134515,False,True,3836,1918,0,0,3836,1918,1.52587890625e-06,3.9615429482611724,0.2815461398242645,0.2815461398242645,0.2815461398242645,False,-1.5881431108689474e-05,1.52587890625e-06,True
trial,416,416,415,948.230887057041,948.230887057041,948.2308702545436,948.2308702545436,3836,1918,0,0,3836,1918,1599612,799806,3396000.0,3396000.0,1770.594369134515,False,True,3836,1918,0,0,3836,1918,3.0517578125e-06,3.5644354566597243,-0.594674196809316,-0.594674196809316,-0.594674196809316,False,-2.8254962927117184e-05,3.0517578125e-06,False
trial,417,417,417,948.23086675909,948.23086675909,948.23086675909,948.23086675909,3836,1918,0,0,3836,1918,1603448,801724,3396000.0,3396000.0,1770.594369134515,False,True,3836,1918,0,0,3836,1918,1.52587890625e-06,3.5644354566597243,0.23320385934492263,0.23320385934492263,0.23320385934492263,False,-1.4988832549762634e-05,1.52587890625e-06,True
trial,418,418,417,948.2308816444712,948.2308816444712,948.23086675909,948.23086675909,3836,1918,0,0,3836,1918,1607284,803642,3396000.0,3396000.0,1770.594369134515,False,True,3836,1918,0,0,3836,1918,3.0517578125e-06,3.9496099902227173,-0.49725970186835233,-0.49725970186835233,-0.49725970186835233,False,-2.9934823146676524e-05,3.0517578125e-06,False
trial,419,419,419,948.2308623353973,948.2308623353973,948.2308623353973,948.2308623353973,3836,1918,0,0,3836,1918,1611120,805560,3396000.0,3396000.0,1770.594369134515,False,True,3836,1918,0,0,3836,1918,1.52587890625e-06,3.9496099902227173,0.27936782051602155,0.27936782051602155,0.27936782051602155,False,-1.5834653526037378e-05,1.52587890625e-06,True
trial,420,420,419,948.2308791462855,948.2308791462855,948.2308623353973,948.2308623353973,3836,1918,0,0,3836,1918,1614956,807478,3396000.0,3396000.0,1770.594369134515,False,True,3836,1918,0,0,3836,1918,3.0517578125e-06,3.5771295207759075,-0.5948873370867572,-0.5948873370867572,-0.5948873370867572,False,-2.8258944353447593e-05,3.0517578125e-06,False
trial,421,421,421,948.2308588175244,948.2308588175244,948.2308588175244,948.2308588175244,3836,1918,0,0,3836,1918,1618792,809396,3396000.0,3396000.0,1770.594369134515,False,True,3836,1918,0,0,3836,1918,1.52587890625e-06,3.5771295207759075,0.2343654273654203,0.2343654273654203,0.2343654273654203,False,-1.5010203975037615e-05,1.52587890625e-06,True
trial,422,422,421,948.2308737646263,948.2308737646263,948.2308588175244,948.2308588175244,3836,1918,0,0,3836,1918,1622628,811314,3396000.0,3396000.0,1770.594369134515,False,True,3836,1918,0,0,3836,1918,3.0517578125e-06,3.9368116896068783,-0.5017977631021798,-0.5017977631021798,-0.5017977631021798,False,-2.978710332463886e-05,3.0517578125e-06,False
trial,423,423,423,948.2308544134155,948.2308544134155,948.2308544134155,948.2308544134155,3836,1918,0,0,3836,1918,1626464,813232,3396000.0,3396000.0,1770.594369134515,False,True,3836,1918,0,0,3836,1918,1.52587890625e-06,3.9368116896068783,0.278821988461369,0.278821988461369,0.278821988461369,False,-1.5795414751299877e-05,1.52587890625e-06,True
trial,424,424,423,948.2308712788948,948.2308712788948,948.2308544134155,948.2308544134155,3836,1918,0,0,3836,1918,1630300,815150,3396000.0,3396000.0,1770.594369134515,False,True,3836,1918,0,0,3836,1918,3.0517578125e-06,3.5878898793887912,-0.5983261867292475,-0.5983261867292475,-0.5983261867292475,False,-2.8187767305354305e-05,3.0517578125e-06,False
trial,425,425,425,948.2308509271343,948.2308509271343,948.2308509271343,948.2308509271343,3836,1918,0,0,3836,1918,1634136,817068,3396000.0,3396000.0,1770.594369134515,False,True,3836,1918,0,0,3836,1918,1.52587890625e-06,3.5878898793887912,0.23274338272606757,0.23274338272606757,0.23274338272606757,False,-1.497907776836122e-05,1.52587890625e-06,True
trial,426,426,425,948.2308659081804,948.2308659081804,948.2308509271343,948.2308509271343,3836,1918,0,0,3836,1918,1637972,818986,3396000.0,3396000.0,1770.594369134515,False,True,3836,1918,0,0,3836,1918,3.0517578125e-06,3.9214416064013147,-0.503808798150829,-0.503808798150829,-0.503808798150829,False,-2.9735578551882897e-05,3.0517578125e-06,False
trial,427,427,427,948.230846567336,948.230846567336,948.230846567336,948.230846567336,3836,1918,0,0,3836,1918,1641808,820904,3396000.0,3396000.0,1770.594369134515,False,True,3836,1918,0,0,3836,1918,1.52587890625e-06,3.9214416064013147,0.2766517266764759,0.2766517266764759,0.2766517266764759,False,-1.5759157936038206e-05,1.52587890625e-06,True
trial,428,428,427,948.230863434417,948.230863434417,948.230846567336,948.230846567336,3836,1918,0,0,3836,1918,1645644,822822,3396000.0,3396000.0,1770.594369134515,False,True,3836,1918,0,0,3836,1918,3.0517578125e-06,3.597185188049605,-0.5983351538842551,-0.5983351538842551,-0.5983351538842551,False,-2.8190021654078964e-05,3.0517578125e-06,False
trial,429,429,429,948.2308430844679,948.2308430844679,948.2308430844679,948.2308430844679,3836,1918,0,0,3836,1918,1649480,824740,3396000.0,3396000.0,1770.594369134515,False,True,3836,1918,0,0,3836,1918,1.52587890625e-06,3.597185188049605,0.23256417417969555,0.23256417417969555,0.23256417417969555,False,-1.4975944321467315e-05,1.52587890625e-06,True
trial,430,430,429,948.2308580150328,948.2308580150328,948.2308430844679,948.2308430844679,3836,1918,0,0,3836,1918,1653316,826658,3396000.0,3396000.0,1770.594369134515,False,True,3836,1918,0,0,3836,1918,3.0517578125e-06,3.910917227301279,-0.503589709721829,-0.503589709721829,-0.503589709721829,False,-2.9648272476476116e-05,3.0517578125e-06,False
trial,431,431,431,948.2308387610892,948.2308387610892,948.2308387610892,948.2308387610892,3836,1918,0,0,3836,1918,1657152,828576,3396000.0,3396000.0,1770.594369134515,False,True,3836,1918,0,0,3836,1918,1.52587890625e-06,3.910917227301279,0.274772989670526,0.274772989670526,0.274772989670526,False,-1.5734365596459108e-05,1.52587890625e-06,True
trial,432,432,431,948.2308557018614,948.2308557018614,948.2308387610892,948.2308387610892,3836,1918,0,0,3836,1918,1660988,830494,3396000.0,3396000.0,1770.594369134515,False,True,3836,1918,0,0,3836,1918,3.0517578125e-06,3.6109470819341007,-0.6016542611732297,-0.6016542611732297,-0.6016542611732297,False,-2.8156988618573344e-05,3.0517578125e-06,False
trial,433,433,433,948.2308353157473,948.2308353157473,948.2308353157473,948.2308353157473,3836,1918,0,0,3836,1918,1664824,832412,3396000.0,3396000.0,1770.594369134515,False,True,3836,1918,0,0,3836,1918,1.52587890625e-06,3.6109470819341007,0.23070248309792238,0.23070248309792238,0.23070248309792238,False,-1.4934134523720142e-05,1.52587890625e-06,True
trial,434,434,433,948.2308503332972,948.2308503332972,948.2308353157473,948.2308353157473,3836,1918,0,0,3836,1918,1668660,834330,3396000.0,3396000.0,1770.594369134515,False,True,3836,1918,0,0,3836,1918,3.0517578125e-06,3.897902811699212,-0.5079090858412072,-0.5079090858412072,-0.5079090858412072,False,-2.9567397653621918e-05,3.0517578125e-06,False
trial,435,435,435,948.2308310412291,948.2308310412291,948.2308310412291,948.2308310412291,3836,1918,0,0,3836,1918,1672496,836248,3396000.0,3396000.0,1770.594369134515,False,True,3836,1918,0,0,3836,1918,1.52587890625e-06,3.897902811699212,0.2725897058775344,0.2725897058775344,0.2725897058775344,False,-1.5681143273347617e-05,1.52587890625e-06,True
trial,436,436,435,948.2308479755106,948.2308479755106,948.2308310412291,948.2308310412291,3836,1918,0,0,3836,1918,1676332,838166,3396000.0,3396000.0,1770.594369134515,False,True,3836,1918,0,0,3836,1918,3.0517578125e-06,3.6259744638435407,-0.6024278907380654,-0.6024278907380654,-0.6024278907380654,False,-2.8110055718842172e-05,3.0517578125e-06,False
trial,437,437,437,948.2308275888731,948.2308275888731,948.2308275888731,948.2308275888731,3836,1918,0,0,3836,1918,1680168,840084,3396000.0,3396000.0,1770.594369134515,False,True,3836,1918,0,0,3836,1918,1.52587890625e-06,3.6259744638435407,0.23101083893682806,0.23101083893682806,0.23101083893682806,False,-1.4944562586627354e-05,1.52587890625e-06,True
trial,438,438,437,948.2308424655595,948.2308424655595,948.2308275888731,948.2308275888731,3836,1918,0,0,3836,1918,1684004,842002,3396000.0,3396000.0,1770.594369134515,False,True,3836,1918,0,0,3836,1918,3.0517578125e-06,3.8891866393486616,-0.503933544027174,-0.503933544027174,-0.503933544027174,False,-2.9521127392067843e-05,3.0517578125e-06,False
trial,439,439,439,948.2308233500298,948.2308233500298,948.2308233500298,948.2308233500298,3836,1918,0,0,3836,1918,1687840,843920,3396000.0,3396000.0,1770.594369134515,False,True,3836,1918,0,0,3836,1918,1.52587890625e-06,3.8891866393486616,0.2709260566503105,0.2709260566503105,0.2709260566503105,False,-1.5645757205625363e-05,1.52587890625e-06,True
trial,440,440,439,948.2308402376007,948.2308402376007,948.2308233500298,948.2308233500298,3836,1918,0,0,3836,1918,1691676,845838,3396000.0,3396000.0,1770.594369134515,False,True,3836,1918,0,0,3836,1918,3.0517578125e-06,3.6404286568284125,-0.5998430087778027,-0.5998430087778027,-0.5998430087778027,False,-2.8153317767680804e-05,3.0517578125e-06,False
trial,441,441,441,948.2308198805848,948.2308198805848,948.2308198805848,948.2308198805848,3836,1918,0,0,3836,1918,1695512,847756,3396000.0,3396000.0,1770.594369134515,False,True,3836,1918,0,0,3836,1918,1.52587890625e-06,3.6404286568284125,0.23192706782440659,0.23192706782440659,0.23192706782440659,False,-1.4959206950752537e-05,1.52587890625e-06,True
trial,442,442,441,948.2308346684873,948.2308346684873,948.2308198805848,948.2308198805848,3836,1918,0,0,3836,1918,1699348,849674,3396000.0,3396000.0,1770.594369134515,False,True,3836,1918,0,0,3836,1918,3.0517578125e-06,3.879091323785169,-0.5026223826189832,-0.5026223826189832,-0.5026223826189832,False,-2.9421496161198588e-05,3.0517578125e-06,False
trial,443,443,443,948.2308156926495,948.2308156926495,948.2308156926495,948.2308156926495,3836,1918,0,0,3836,1918,1703184,851592,3396000.0,3396000.0,1770.594369134515,False,True,3836,1918,0,0,3836,1918,1.52587890625e-06,3.879091323785169,0.26855863237386124,0.26855863237386124,0.26855863237386124,False,-1.559411932977088e-05,1.52587890625e-06,True
trial,444,444,443,948.2308325821027,948.2308325821027,948.2308156926495,948.2308156926495,3836,1918,0,0,3836,1918,1707020,853510,3396000.0,3396000.0,1770.594369134515,False,True,3836,1918,0,0,3836,1918,3.0517578125e-06,3.6540602277379777,-0.5992169326714937,-0.5992169326714937,-0.5992169326714937,False,-2.818587450158298e-05,3.0517578125e-06,False
trial,445,445,445,948.2308122161593,948.2308122161593,948.2308122161593,948.2308122161593,3836,1918,0,0,3836,1918,1710856,855428,3396000.0,3396000.0,1770.594369134515,False,True,3836,1918,0,0,3836,1918,1.52587890625e-06,3.6540602277379777,0.23226442521514815,0.23226442521514815,0.23226442521514815,False,-1.4967811687820163e-05,1.52587890625e-06,True
trial,446,446,445,948.2308271566212,948.2308271566212,948.2308122161593,948.2308122161593,3836,1918,0,0,3836,1918,1714692,857346,3396000.0,3396000.0,1770.594369134515,False,True,3836,1918,0,0,3836,1918,3.0517578125e-06,3.873299839476046,-0.5094941137447211,-0.5094941137447211,-0.5094941137447211,False,-2.9324110985364554e-05,3.0517578125e-06,False
trial,447,447,447,948.230808052188,948.230808052188,948.230808052188,948.230808052188,3836,1918,0,0,3836,1918,1718528,859264,3396000.0,3396000.0,1770.594369134515,False,True,3836,1918,0,0,3836,1918,1.52587890625e-06,3.873299839476046,0.26743090899867905,0.26743090899867905,0.26743090899867905,False,-1.557026944770729e-05,1.52587890625e-06,True
trial,448,448,447,948.2308249200366,948.2308249200366,948.230808052188,948.230808052188,3836,1918,0,0,3836,1918,1722364,861182,3396000.0,3396000.0,1770.594369134515,False,True,3836,1918,0,0,3836,1918,3.0517578125e-06,3.66483569215282,-0.5985483392229556,-0.5985483392229556,-0.5985483392229556,False,-2.8181263844967054e-05,3.0517578125e-06,False
trial,449,449,449,948.2308045784105,948.2308045784105,948.2308045784105,948.2308045784105,3836,1918,0,0,3836,1918,1726200,863100,3396000.0,3396000.0,1770.594369134515,False,True,3836,1918,0,0,3836,1918,1.52587890625e-06,3.66483569215282,0.23216016033550624,0.23216016033550624,0.23216016033550624,False,-1.4962849318096275e-05,1.52587890625e-06,True
trial,450,450,449,948.230819454755,948.230819454755,948.2308045784105,948.2308045784105,3836,1918,0,0,3836,1918,1730036,865018,3396000.0,3396000.0,1770.594369134515,False,True,3836,1918,0,0,3836,1918,3.0517578125e-06,3.862505376910957,-0.5078563671851041,-0.5078563671851041,-0.5078563671851041,False,-2.92924248966229e-05,3.0517578125e-06,False
trial,451,451,451,948.2308004233962,948.2308004233962,948.2308004233962,948.2308004233962,3836,1918,0,0,3836,1918,1733872,866936,3396000.0,3396000.0,1770.594369134515,False,True,3836,1918,0,0,3836,1918,1.52587890625e-06,3.862505376910957,0.2669318084611486,0.2669318084611486,0.2669318084611486,False,-1.556582668369365e-05,1.52587890625e-06,True
trial,452,452,451,948.2308172572948,948.2308172572948,948.2308004233962,948.2308004233962,3836,1918,0,0,3836,1918,1737708,868854,3396000.0,3396000.0,1770.594369134515,False,True,3836,1918,0,0,3836,1918,3.0517578125e-06,3.678426603810906,-0.5969187165208919,-0.5969187165208919,-0.5969187165208919,False,-2.820132479133722e-05,3.0517578125e-06,False
trial,453,453,453,948.2307969196753,948.2307969196753,948.2307969196753,948.2307969196753,3836,1918,0,0,3836,1918,1741544,870772,3396000.0,3396000.0,1770.594369134515,False,True,3836,1918,0,0,3836,1918,1.52587890625e-06,3.678426603810906,0.23368721798353473,0.23368721798353473,0.23368721798353473,False,-1.499320730826376e-05,1.52587890625e-06,True
trial,454,454,453,948.2308116820291,948.2308116820291,948.2307969196753,948.2307969196753,3836,1918,0,0,3836,1918,1745380,872690,3396000.0,3396000.0,1770.594369134515,False,True,3836,1918,0,0,3836,1918,3.0517578125e-06,3.849284834949953,-0.5037100122591377,-0.5037100122591377,-0.5037100122591377,False,-2.9307247051122634e-05,3.0517578125e-06,False
trial,455,455,455,948.230792801945,948.230792801945,948.230792801945,948.230792801945,3836,1918,0,0,3836,1918,1749216,874608,3396000.0,3396000.0,1770.594369134515,False,True,3836,1918,0,0,3836,1918,1.52587890625e-06,3.849284834949953,0.2651497457449365,0.2651497457449365,0.2651497457449365,False,-1.5529829439628898e-05,1.52587890625e-06,True
trial,456,456,455,948.2308096258947,948.2308096258947,948.230792801945,948.230792801945,3836,1918,0,0,3836,1918,1753052,876526,3396000.0,3396000.0,1770.594369134515,False,True,3836,1918,0,0,3836,1918,3.0517578125e-06,3.6867417910810705,-0.5959863398635175,-0.5959863398635175,-0.5959863398635175,False,-2.822875060128173e-05,3.0517578125e-06,False
trial,457,457,457,948.2307892913236,948.2307892913236,948.2307892913236,948.2307892913236,3836,1918,0,0,3836,1918,1756888,878444,3396000.0,3396000.0,1770.594369134515,False,True,3836,1918,0,0,3836,1918,1.52587890625e-06,3.6867417910810705,0.233974934729119,0.233974934729119,0.233974934729119,False,-1.5004262565868936e-05,1.52587890625e-06,True
trial,458,458,457,948.230803711864,948.230803711864,948.2307892913236,948.2307892913236,3836,1918,0,0,3836,1918,1760724,880362,3396000.0,3396000.0,1770.594369134515,False,True,3836,1918,0,0,3836,1918,3.0517578125e-06,3.8353169415142836,-0.4936472181124874,-0.4936472181124874,-0.4936472181124874,False,-2.9212238811223906e-05,3.0517578125e-06,False
trial,459,459,459,948.2307851832406,948.2307851832406,948.2307851832406,948.2307851832406,3836,1918,0,0,3836,1918,1764560,882280,3396000.0,3396000.0,1770.594369134515,False,True,3836,1918,0,0,3836,1918,1.52587890625e-06,3.8353169415142836,0.26467067746641293,0.26467067746641293,0.26467067746641293,False,-1.5521488875695096e-05,1.52587890625e-06,True
trial,460,460,459,948.2308019641755,948.2308019641755,948.2307851832406,948.2307851832406,3836,1918,0,0,3836,1918,1768396,884198,3396000.0,3396000.0,1770.594369134515,False,True,3836,1918,0,0,3836,1918,3.0517578125e-06,3.6991777124537513,-0.5935044466646122,-0.5935044466646122,-0.5935044466646122,False,-2.8274320354468997e-05,3.0517578125e-06,False
trial,461,461,461,948.2307816623568,948.2307816623568,948.2307816623568,948.2307816623568,3836,1918,0,0,3836,1918,1772232,886116,3396000.0,3396000.0,1770.594369134515,False,True,3836,1918,0,0,3836,1918,1.52587890625e-06,3.6991777124537513,0.23449801331343031,0.23449801331343031,0.23449801331343031,False,-1.501455733291378e-05,1.52587890625e-06,True
trial,462,462,461,948.2307963189373,948.2307963189373,948.2307816623568,948.2307816623568,3836,1918,0,0,3836,1918,1776068,888034,3396000.0,3396000.0,1770.594369134515,False,True,3836,1918,0,0,3836,1918,3.0517578125e-06,3.824529595202392,-0.5019532422803515,-0.5019532422803515,-0.5019532422803515,False,-2.919909530653434e-05,3.0517578125e-06,False
trial,463,463,463,948.2307775702668,948.2307775702668,948.2307775702668,948.2307775702668,3836,1918,0,0,3836,1918,1779904,889952,3396000.0,3396000.0,1770.594369134515,False,True,3836,1918,0,0,3836,1918,1.52587890625e-06,3.824529595202392,0.26394747747123515,0.26394747747123515,0.26394747747123515,False,-1.550342517245781e-05,1.52587890625e-06,True
trial,464,464,463,948.2307943207104,948.2307943207104,948.2307775702668,948.2307775702668,3836,1918,0,0,3836,1918,1783740,891870,3396000.0,3396000.0,1770.594369134515,False,True,3836,1918,0,0,3836,1918,3.0517578125e-06,3.7038539059542566,-0.5919653781167423,-0.5919653781167423,-0.5919653781167423,False,-2.8296323081363446e-05,3.0517578125e-06,False
trial,465,465,465,948.230774039209,948.230774039209,948.230774039209,948.230774039209,3836,1918,0,0,3836,1918,1787576,893788,3396000.0,3396000.0,1770.594369134515,False,True,3836,1918,0,0,3836,1918,1.52587890625e-06,3.7038539059542566,0.2350613701602011,0.2350613701602011,0.2350613701602011,False,-1.5021854980837156e-05,1.52587890625e-06,True
trial,466,466,465,948.2307886422734,948.2307886422734,948.230774039209,948.230774039209,3836,1918,0,0,3836,1918,1791412,895706,3396000.0,3396000.0,1770.594369134515,False,True,3836,1918,0,0,3836,1918,3.0517578125e-06,3.810845086997131,-0.5007482456494581,-0.5007482456494581,-0.5007482456494581,False,-2.9162487420493876e-05,3.0517578125e-06,False
trial,467,467,467,948.230769989774,948.230769989774,948.230769989774,948.230769989774,3836,1918,0,0,3836,1918,1795248,897624,3396000.0,3396000.0,1770.594369134515,False,True,3836,1918,0,0,3836,1918,1.52587890625e-06,3.810845086997131,0.2618645097299547,0.2618645097299547,0.2618645097299547,False,-1.5463855755625654e-05,1.52587890625e-06,True
trial,468,468,467,948.2307867399388,948.2307867399388,948.230769989774,948.230769989774,3836,1918,0,0,3836,1918,1799084,899542,3396000.0,3396000.0,1770.594369134515,False,True,3836,1918,0,0,3836,1918,3.0517578125e-06,3.713103510150906,-0.5918214005806053,-0.5918214005806053,-0.5918214005806053,False,-2.830273595313384e-05,3.0517578125e-06,False
trial,469,469,469,948.2307664247598,948.2307664247598,948.2307664247598,948.2307664247598,3836,1918,0,0,3836,1918,1802920,901460,3396000.0,3396000.0,1770.594369134515,False,True,3836,1918,0,0,3836,1918,1.52587890625e-06,3.713103510150906,0.23668564379501256,0.23668564379501256,0.23668564379501256,False,-1.5062232261886562e-05,1.52587890625e-06,True
trial,470,470,469,948.230780961745,948.230780961745,948.2307664247598,948.2307664247598,3836,1918,0,0,3836,1918,1806756,903378,3396000.0,3396000.0,1770.594369134515,False,True,3836,1918,0,0,3836,1918,3.0517578125e-06,3.7978237693093346,-0.49832944387103667,-0.49832944387103667,-0.49832944387103667,False,-2.917143542190188e-05,3.0517578125e-06,False
trial,471,471,471,948.2307623805611,948.2307623805611,948.2307623805611,948.2307623805611,3836,1918,0,0,3836,1918,1810592,905296,3396000.0,3396000.0,1770.594369134515,False,True,3836,1918,0,0,3836,1918,1.52587890625e-06,3.7978237693093346,0.261412935282393,0.261412935282393,0.261412935282393,False,-1.5470537827649034e-05,1.52587890625e-06,True
trial,472,472,471,948.2307790658381,948.2307790658381,948.2307623805611,948.2307623805611,3836,1918,0,0,3836,1918,1814428,907214,3396000.0,3396000.0,1770.594369134515,False,True,3836,1918,0,0,3836,1918,3.0517578125e-06,4.056433790104485,-0.588054660856069,-0.588054660856069,-0.588054660856069,False,-2.837368367807663e-05,3.0517578125e-06,False
trial,473,473,473,948.2307588104355,948.2307588104355,948.2307588104355,948.2307588104355,3836,1918,0,0,3836,1918,1818264,909132,3396000.0,3396000.0,1770.594369134515,False,True,3836,1918,0,0,3836,1918,1.52587890625e-06,4.056433790104485,0.23695740822640451,0.23695740822640451,0.23695740822640451,False,-1.5066528793201099e-05,1.52587890625e-06,True
trial,474,474,473,948.2307732777639,948.2307732777639,948.2307588104355,948.2307588104355,3836,1918,0,0,3836,1918,1822100,911050,3396000.0,3396000.0,1770.594369134515,False,True,3836,1918,0,0,3836,1918,3.0517578125e-06,3.7872644192408234,-0.4967396574022908,-0.4967396574022908,-0.4967396574022908,False,-2.9124568856464264e-05,3.0517578125e-06,False
trial,475,475,475,948.2307547740272,948.2307547740272,948.2307547740272,948.2307547740272,3836,1918,0,0,3836,1918,1825936,912968,3396000.0,3396000.0,1770.594369134515,False,True,3836,1918,0,0,3836,1918,1.52587890625e-06,3.7872644192408234,0.2611533624079545,0.2611533624079545,0.2611533624079545,False,-1.5456084027219135e-05,1.52587890625e-06,True
trial,476,476,475,948.2307713735452,948.2307713735452,948.2307547740272,948.2307547740272,3836,1918,0,0,3836,1918,1829772,914886,3396000.0,3396000.0,1770.594369134515,False,True,3836,1918,0,0,3836,1918,3.0517578125e-06,3.7361431838212793,-0.5830617542044526,-0.5830617542044526,-0.5830617542044526,False,-2.8469570896968454e-05,3.0517578125e-06,False
trial,477,477,477,948.2307511868809,948.2307511868809,948.2307511868809,948.2307511868809,3836,1918,0,0,3836,1918,1833608,916804,3396000.0,3396000.0,1770.594369134515,False,True,3836,1918,0,0,3836,1918,1.52587890625e-06,3.7361431838212793,0.2378451767204954,0.2378451767204954,0.2378451767204954,False,-1.508185451503693e-05,1.52587890625e-06,True
trial,478,478,477,948.2307654760166,948.2307654760166,948.2307511868809,948.2307511868809,3836,1918,0,0,3836,1918,1837444,918722,3396000.0,3396000.0,1770.594369134515,False,True,3836,1918,0,0,3836,1918,3.0517578125e-06,3.771129481011411,-0.4914949811039949,-0.4914949811039949,-0.4914949811039949,False,-2.9072800881700234e-05,3.0517578125e-06,False
trial,479,479,479,948.23074717084,948.23074717084,948.23074717084,948.23074717084,3836,1918,0,0,3836,1918,1841280,920640,3396000.0,3396000.0,1770.594369134515,False,True,3836,1918,0,0,3836,1918,1.52587890625e-06,3.771129481011411,0.2601315270193039,0.2601315270193039,0.2601315270193039,False,-1.54385010831269e-05,1.52587890625e-06,True
trial,480,480,479,948.23076378594,948.23076378594,948.23074717084,948.23074717084,3836,1918,0,0,3836,1918,1845116,922558,3396000.0,3396000.0,1770.594369134515,False,True,3836,1918,0,0,3836,1918,3.0517578125e-06,3.7513084720266296,-0.584106280421507,-0.584106280421507,-0.584106280421507,False,-2.8445336982696897e-05,3.0517578125e-06,False
trial,481,481,481,948.2307435535499,948.2307435535499,948.2307435535499,948.2307435535499,3836,1918,0,0,3836,1918,1848952,924476,3396000.0,3396000.0,1770.594369134515,False,True,3836,1918,0,0,3836,1918,1.52587890625e-06,3.7513084720266296,0.23927173965931312,0.23927173965931312,0.23927173965931312,False,-1.511791606277285e-05,1.52587890625e-06,True
trial,482,482,481,948.2307577555148,948.2307577555148,948.2307435535499,948.2307435535499,3836,1918,0,0,3836,1918,1852788,926394,3396000.0,3396000.0,1770.594369134515,False,True,3836,1918,0,0,3836,1918,3.0517578125e-06,3.7614384892743242,-0.4890393148753444,-0.4890393148753444,-0.4890393148753444,False,-2.9040538106552006e-05,3.0517578125e-06,False
trial,483,483,483,948.2307395580444,948.2307395580444,948.2307395580444,948.2307395580444,3836,1918,0,0,3836,1918,1856624,928312,3396000.0,3396000.0,1770.594369134515,False,True,3836,1918,0,0,3836,1918,1.52587890625e-06,3.7614384892743242,0.2591454590248221,0.2591454590248221,0.2591454590248221,False,-1.5418003114906123e-05,1.52587890625e-06,True
trial,484,484,483,948.2307561470474,948.2307561470474,948.2307395580444,948.2307395580444,3836,1918,0,0,3836,1918,1860460,930230,3396000.0,3396000.0,1770.594369134515,False,True,3836,1918,0,0,3836,1918,3.0517578125e-06,3.758592051490658,-0.5824684664924566,-0.5824684664924566,-0.5824684664924566,False,-2.8480516789558404e-05,3.0517578125e-06,False
trial,485,485,485,948.2307359118458,948.2307359118458,948.2307359118458,948.2307359118458,3836,1918,0,0,3836,1918,1864296,932148,3396000.0,3396000.0,1770.594369134515,False,True,3836,1918,0,0,3836,1918,1.52587890625e-06,3.758592051490658,0.24080803433538853,0.24080803433538853,0.24080803433538853,False,-1.5141515534960809e-05,1.52587890625e-06,True
trial,486,486,485,948.2307501216513,948.2307501216513,948.2307359118458,948.2307359118458,3836,1918,0,0,3836,1918,1868132,934066,3396000.0,3396000.0,1770.594369134515,False,True,3836,1918,0,0,3836,1918,3.0517578125e-06,3.747389751450351,-0.49014042615541537,-0.49014042615541537,-0.49014042615541537,False,-2.899129461904654e-05,3.0517578125e-06,False
trial,487,487,487,948.2307319603111,948.2307319603111,948.2307319603111,948.2307319603111,3836,1918,0,0,3836,1918,1871968,935984,3396000.0,3396000.0,1770.594369134515,False,True,3836,1918,0,0,3836,1918,1.52587890625e-06,3.747389751450351,0.2571810617072824,0.2571810617072824,0.2571810617072824,False,-1.5364796677928035e-05,1.52587890625e-06,True
trial,488,488,487,948.2307484680314,948.2307484680314,948.2307319603111,948.2307319603111,3836,1918,0,0,3836,1918,1875804,937902,3396000.0,3396000.0,1770.594369134515,False,True,3836,1918,0,0,3836,1918,3.0517578125e-06,3.766257251057557,-0.5780015557974277,-0.5780015557974277,-0.5780015557974277,False,-2.855999278096474e-05,3.0517578125e-06,False
trial,489,489,489,948.2307283109612,948.2307283109612,948.2307283109612,948.2307283109612,3836,1918,0,0,3836,1918,1879640,939820,3396000.0,3396000.0,1770.594369134515,False,True,3836,1918,0,0,3836,1918,1.52587890625e-06,3.766257251057557,0.24089141324937427,0.24089141324937427,0.24089141324937427,False,-1.5149356421889588e-05,1.52587890625e-06,True
trial,490,490,489,948.2307424928331,948.2307424928331,948.2307283109612,948.2307283109612,3836,1918,0,0,3836,1918,1883476,941738,3396000.0,3396000.0,1770.594369134515,False,True,3836,1918,0,0,3836,1918,3.0517578125e-06,3.738488191312843,-0.48918168092631875,-0.48918168092631875,-0.48918168092631875,False,-2.8991011725307636e-05,3.0517578125e-06,False
trial,491,491,491,948.2307243643402,948.2307243643402,948.2307243643402,948.2307243643402,3836,1918,0,0,3836,1918,1887312,943656,3396000.0,3396000.0,1770.594369134515,False,True,3836,1918,0,0,3836,1918,1.52587890625e-06,3.738488191312843,0.25666069856461143,0.25666069856461143,0.25666069856461143,False,-1.5376803249599877e-05,1.52587890625e-06,True
trial,492,492,491,948.2307408312327,948.2307408312327,948.2307243643402,948.2307243643402,3836,1918,0,0,3836,1918,1891148,945574,3396000.0,3396000.0,1770.594369134515,False,True,3836,1918,0,0,3836,1918,3.0517578125e-06,3.8611773040950133,-0.5757292464787374,-0.5757292464787374,-0.5757292464787374,False,-2.860179950224623e-05,3.0517578125e-06,False
trial,493,493,493,948.2307206813603,948.2307206813603,948.2307206813603,948.2307206813603,3836,1918,0,0,3836,1918,1894984,947492,3396000.0,3396000.0,1770.594369134515,False,True,3836,1918,0,0,3836,1918,1.52587890625e-06,3.8611773040950133,0.24250258138009537,0.24250258138009537,0.24250258138009537,False,-1.518738440578394e-05,1.52587890625e-06,True
trial,494,494,493,948.2307348763595,948.2307348763595,948.2307206813603,948.2307206813603,3836,1918,0,0,3836,1918,1898820,949410,3396000.0,3396000.0,1770.594369134515,False,True,3836,1918,0,0,3836,1918,3.0517578125e-06,3.7258905768965502,-0.4907327366150602,-0.4907327366150602,-0.4907327366150602,False,-2.8926130676762123e-05,3.0517578125e-06,False
trial,495,495,495,948.230716756902,948.230716756902,948.230716756902,948.230716756902,3836,1918,0,0,3836,1918,1902656,951328,3396000.0,3396000.0,1770.594369134515,False,True,3836,1918,0,0,3836,1918,1.52587890625e-06,3.7258905768965502,0.2556425606180518,0.2556425606180518,0.2556425606180518,False,-1.53513493996402e-05,1.52587890625e-06,True
trial,496,496,495,948.2307332153309,948.2307332153309,948.230716756902,948.230716756902,3836,1918,0,0,3836,1918,1906492,953246,3396000.0,3396000.0,1770.594369134515,False,True,3836,1918,0,0,3836,1918,3.0517578125e-06,3.7952759231006543,-0.575170602139973,-0.575170602139973,-0.575170602139973,False,-2.8614864674599307e-05,3.0517578125e-06,False
trial,497,497,497,948.2307130534277,948.2307130534277,948.2307130534277,948.2307130534277,3836,1918,0,0,3836,1918,1910328,955164,3396000.0,3396000.0,1770.594369134515,False,True,3836,1918,0,0,3836,1918,1.52587890625e-06,3.7952759231006543,0.24363781829999437,0.24363781829999437,0.24363781829999437,False,-1.5200736383587015e-05,1.52587890625e-06,True
trial,498,498,497,948.2307272287384,948.2307272287384,948.2307130534277,948.2307130534277,3836,1918,0,0,3836,1918,1914164,957082,3396000.0,3396000.0,1770.594369134515,False,True,3836,1918,0,0,3836,1918,3.0517578125e-06,3.714902991016293,-0.49167067203892767,-0.49167067203892767,-0.49167067203892767,False,-2.8830905411321458e-05,3.0517578125e-06,False
trial,499,499,499,948.2307091551635,948.2307091551635,948.2307091551635,948.2307091551635,3836,1918,0,0,3836,1918,1918000,959000,3396000.0,3396000.0,1770.594369134515,False,True,3836,1918,0,0,3836,1918,1.52587890625e-06,3.714902991016293,0.25450942765813633,0.25450942765813633,0.25450942765813633,False,-1.5316777415638267e-05,1.52587890625e-06,True
trial,500,500,499,948.2307255797175,948.2307255797175,948.2307091551635,948.2307091551635,3836,1918,0,0,3836,1918,1921836,960918,3396000.0,3396000.0,1770.594369134515,False,True,3836,1918,0,0,3836,1918,3.0517578125e-06,3.805342822827378,-0.5728898179815635,-0.5728898179815635,-0.5728898179815635,False,-2.8669656020307026e-05,3.0517578125e-06,False
trial,501,501,501,948.23070543966,948.23070543966,948.23070543966,948.23070543966,3836,1918,0,0,3836,1918,1925672,962836,3396000.0,3396000.0,1770.594369134515,False,True,3836,1918,0,0,3836,1918,1.52587890625e-06,3.805342822827378,0.2440997693247458,0.2440997693247458,0.2440997693247458,False,-1.5221249342545563e-05,1.52587890625e-06,True
trial,502,502,501,948.2307194981183,948.2307194981183,948.23070543966,948.23070543966,3836,1918,0,0,3836,1918,1929508,964754,3396000.0,3396000.0,1770.594369134515,False,True,3836,1918,0,0,3836,1918,3.0517578125e-06,3.706746156565176,-0.4870079025345485,-0.4870079025345485,-0.4870079025345485,False,-2.8867002428254703e-05,3.0517578125e-06,False
trial,503,503,503,948.2307015607778,948.2307015607778,948.2307015607778,948.2307015607778,3836,1918,0,0,3836,1918,1933344,966672,3396000.0,3396000.0,1770.594369134515,False,True,3836,1918,0,0,3836,1918,1.52587890625e-06,3.706746156565176,0.2534107555343002,0.2534107555343002,0.2534107555343002,False,-1.5306699319951847e-05,1.52587890625e-06,True
trial,504,504,503,948.2307179368463,948.2307179368463,948.2307015607778,948.2307015607778,3836,1918,0,0,3836,1918,1937180,968590,3396000.0,3396000.0,1770.594369134515,False,True,3836,1918,0,0,3836,1918,3.0517578125e-06,3.818735810290251,-0.5702113682680788,-0.5702113682680788,-0.5702113682680788,False,-2.8719295031235967e-05,3.0517578125e-06,False
trial,505,505,505,948.2306978454378,948.2306978454378,948.2306978454378,948.2306978454378,3836,1918,0,0,3836,1918,1941016,970508,3396000.0,3396000.0,1770.594369134515,False,True,3836,1918,0,0,3836,1918,1.52587890625e-06,3.818735810290251,0.2441225072846809,0.2441225072846809,0.2441225072846809,False,-1.5219161940461977e-05,1.52587890625e-06,True
trial,506,506,505,948.230711892959,948.230711892959,948.2306978454378,948.2306978454378,3836,1918,0,0,3836,1918,1944852,972426,3396000.0,3396000.0,1770.594369134515,False,True,3836,1918,0,0,3836,1918,3.0517578125e-06,3.695138206168361,-0.4879636951949088,-0.4879636951949088,-0.4879636951949088,False,-2.8788045739543856e-05,3.0517578125e-06,False
trial,507,507,507,948.2306939869823,948.2306939869823,948.2306939869823,948.2306939869823,3836,1918,0,0,3836,1918,1948688,974344,3396000.0,3396000.0,1770.594369134515,False,True,3836,1918,0,0,3836,1918,1.52587890625e-06,3.695138206168361,0.25252537088250543,0.25252537088250543,0.25252537088250543,False,-1.5279476843667248e-05,1.52587890625e-06,True
trial,508,508,507,948.2307103211516,948.2307103211516,948.2306939869823,948.2306939869823,3836,1918,0,0,3836,1918,1952524,976262,3396000.0,3396000.0,1770.594369134515,False,True,3836,1918,0,0,3836,1918,3.0517578125e-06,3.8177041367349718,-0.5684821677248602,-0.5684821677248602,-0.5684821677248602,False,-2.873294937371864e-05,3.0517578125e-06,False
trial,509,509,509,948.2306902484875,948.2306902484875,948.2306902484875,948.2306902484875,3836,1918,0,0,3836,1918,1956360,978180,3396000.0,3396000.0,1770.594369134515,False,True,3836,1918,0,0,3836,1918,1.52587890625e-06,3.8177041367349718,0.2453545767640989,0.2453545767640989,0.2453545767640989,False,-1.523711049777586e-05,1.52587890625e-06,True
trial,510,510,509,948.2307041708186,948.2307041708186,948.2306902484875,948.2306902484875,3836,1918,0,0,3836,1918,1960196,980098,3396000.0,3396000.0,1770.594369134515,False,True,3836,1918,0,0,3836,1918,3.0517578125e-06,3.68248542724701,-0.4832442156853639,-0.4832442156853639,-0.4832442156853639,False,-2.8810135148207912e-05,3.0517578125e-06,False
trial,511,511,511,948.2306864039555,948.2306864039555,948.2306864039555,948.2306864039555,3836,1918,0,0,3836,1918,1964032,982016,3396000.0,3396000.0,1770.594369134515,False,True,3836,1918,0,0,3836,1918,1.52587890625e-06,3.68248542724701,0.25173045057237897,0.25173045057237897,0.25173045057237897,False,-1.527241531574681e-05,1.52587890625e-06,True
trial,512,512,511,948.2307026979108,948.2307026979108,948.2306864039555,948.2306864039555,3836,1918,0,0,3836,1918,1967868,983934,3396000.0,3396000.0,1770.594369134515,False,True,3836,1918,0,0,3836,1918,3.0517578125e-06,3.8364421227683043,-0.5659889761071825,-0.5659889761071825,-0.5659889761071825,False,-2.878846769562293e-05,3.0517578125e-06,False
trial,513,513,513,948.2306826426484,948.2306826426484,948.2306826426484,948.2306826426484,3836,1918,0,0,3836,1918,1971704,985852,3396000.0,3396000.0,1770.594369134515,False,True,3836,1918,0,0,3836,1918,1.52587890625e-06,3.8364421227683043,0.24645329158407583,0.24645329158407583,0.24645329158407583,False,-1.526174416370837e-05,1.52587890625e-06,True
trial,514,514,513,948.2306964766774,948.2306964766774,948.2306826426484,948.2306826426484,3836,1918,0,0,3836,1918,1975540,987770,3396000.0,3396000.0,1770.594369134515,False,True,3836,1918,0,0,3836,1918,3.0517578125e-06,3.67030905575129,-0.4808961565627687,-0.4808961565627687,-0.4808961565627687,False,-2.8767185630865576e-05,3.0517578125e-06,False
trial,515,515,515,948.230678829378,948.230678829378,948.230678829378,948.230678829378,3836,1918,0,0,3836,1918,1979376,989688,3396000.0,3396000.0,1770.594369134515,False,True,3836,1918,0,0,3836,1918,1.52587890625e-06,3.67030905575129,0.2501718946378285,0.2501718946378285,0.2501718946378285,False,-1.5242601042955651e-05,1.52587890625e-06,True
trial,516,516,515,948.2306950802351,948.2306950802351,948.230678829378,948.230678829378,3836,1918,0,0,3836,1918,1983212,991606,3396000.0,3396000.0,1770.594369134515,False,True,3836,1918,0,0,3836,1918,3.0517578125e-06,3.847428334982684,-0.5635008833204579,-0.5635008833204579,-0.5635008833204579,False,-2.8839097879578103e-05,3.0517578125e-06,False
trial,517,517,517,948.2306750495899,948.2306750495899,948.2306750495899,948.2306750495899,3836,1918,0,0,3836,1918,1987048,993524,3396000.0,3396000.0,1770.594369134515,False,True,3836,1918,0,0,3836,1918,1.52587890625e-06,3.847428334982684,0.24728456579231586,0.24728456579231586,0.24728456579231586,False,-1.528517608196113e-05,1.52587890625e-06,True
trial,518,518,517,948.2306889118972,948.2306889118972,948.2306750495899,948.2306750495899,3836,1918,0,0,3836,1918,1990884,995442,3396000.0,3396000.0,1770.594369134515,False,True,3836,1918,0,0,3836,1918,3.0517578125e-06,3.659502543932666,-0.4835246292704182,-0.4835246292704182,-0.4835246292704182,False,-2.8669289041709393e-05,3.0517578125e-06,False
trial,519,519,519,948.2306712544616,948.2306712544616,948.2306712544616,948.2306712544616,3836,1918,0,0,3836,1918,1994720,997360,3396000.0,3396000.0,1770.594369134515,False,True,3836,1918,0,0,3836,1918,1.52587890625e-06,3.659502543932666,0.24921111026298506,0.24921111026298506,0.24921111026298506,False,-1.5228567588966057e-05,1.52587890625e-06,True
trial,520,520,519,948.230687485895,948.230687485895,948.2306712544616,948.2306712544616,3836,1918,0,0,3836,1918,1998556,999278,3396000.0,3396000.0,1770.594369134515,False,True,3836,1918,0,0,3836,1918,3.0517578125e-06,3.861216168129799,-0.5621562364612395,-0.5621562364612395,-0.5621562364612395,False,-2.8873527214068907e-05,3.0517578125e-06,False
trial,521,521,521,948.2306674629929,948.2306674629929,948.2306674629929,948.2306674629929,3836,1918,0,0,3836,1918,2002392,1001196,3396000.0,3396000.0,1770.594369134515,False,True,3836,1918,0,0,3836,1918,1.52587890625e-06,3.861216168129799,0.24771484197027802,0.24771484197027802,0.24771484197027802,False,-1.5305779584239194e-05,1.52587890625e-06,True
trial,522,522,521,948.2306812034852,948.2306812034852,948.2306674629929,948.2306674629929,3836,1918,0,0,3836,1918,2006228,1003114,3396000.0,3396000.0,1770.594369134515,False,True,3836,1918,0,0,3836,1918,3.0517578125e-06,3.650987670616189,-0.4789140024880013,-0.4789140024880013,-0.4789140024880013,False,-2.8690938857674958e-05,3.0517578125e-06,False
trial,523,523,523,948.2306636898359,948.2306636898359,948.2306636898359,948.2306636898359,3836,1918,0,0,3836,1918,2010064,1005032,3396000.0,3396000.0,1770.594369134515,False,True,3836,1918,0,0,3836,1918,1.52587890625e-06,3.650987670616189,0.24802574379434142,0.24802574379434142,0.24802574379434142,False,-1.5212763590157233e-05,1.52587890625e-06,True
trial,524,524,523,948.2306798670186,948.2306798670186,948.2306636898359,948.2306636898359,3836,1918,0,0,3836,1918,2013900,1006950,3396000.0,3396000.0,1770.594369134515,False,True,3836,1918,0,0,3836,1918,3.0517578125e-06,3.8734337990738266,-0.5594251584713306,-0.5594251584713306,-0.5594251584713306,False,-2.8917510180249563e-05,3.0517578125e-06,False
trial,525,525,525,948.2306598677778,948.2306598677778,948.2306598677778,948.2306598677778,3836,1918,0,0,3836,1918,2017736,1008868,3396000.0,3396000.0,1770.594369134515,False,True,3836,1918,0,0,3836,1918,1.52587890625e-06,3.8734337990738266,0.2492590781745801,0.2492590781745801,0.2492590781745801,False,-1.533367635638598e-05,1.52587890625e-06,True
trial,526,526,525,948.2306734848888,948.2306734848888,948.2306598677778,948.2306598677778,3836,1918,0,0,3836,1918,2021572,1010786,3396000.0,3396000.0,1770.594369134515,False,True,3836,1918,0,0,3836,1918,3.0517578125e-06,3.6404383178919693,-0.4756617851361483,-0.4756617851361483,-0.4756617851361483,False,-2.862771704573352e-05,3.0517578125e-06,False
trial,527,527,527,948.2306561157809,948.2306561157809,948.2306561157809,948.2306561157809,3836,1918,0,0,3836,1918,2025408,1012704,3396000.0,3396000.0,1770.594369134515,False,True,3836,1918,0,0,3836,1918,1.52587890625e-06,3.6404383178919693,0.24706472880519312,0.24706472880519312,0.24706472880519312,False,-1.5186291246035544e-05,1.52587890625e-06,True
trial,528,528,527,948.2306722567274,948.2306722567274,948.2306561157809,948.2306561157809,3836,1918,0,0,3836,1918,2029244,1014622,3396000.0,3396000.0,1770.594369134515,False,True,3836,1918,0,0,3836,1918,3.0517578125e-06,3.8876586697614615,-0.5573369614941394,-0.5573369614941394,-0.5573369614941394,False,-2.8960839902517894e-05,3.0517578125e-06,False
trial,529,529,529,948.230652276803,948.230652276803,948.230652276803,948.230652276803,3836,1918,0,0,3836,1918,2033080,1016540,3396000.0,3396000.0,1770.594369134515,False,True,3836,1918,0,0,3836,1918,1.52587890625e-06,3.8876586697614615,0.2500087212464471,0.2500087212464471,0.2500087212464471,False,-1.5355376055890093e-05,1.52587890625e-06,True
trial,530,530,529,948.2306659285816,948.2306659285816,948.230652276803,948.230652276803,3836,1918,0,0,3836,1918,2036916,1018458,3396000.0,3396000.0,1770.594369134515,False,True,3836,1918,0,0,3836,1918,3.0517578125e-06,3.631149378462714,-0.4770250222436582,-0.4770250222436582,-0.4770250222436582,False,-2.8618579785250398e-05,3.0517578125e-06,False
trial,531,531,531,948.2306485508959,948.2306485508959,948.2306485508959,948.2306485508959,3836,1918,0,0,3836,1918,2040752,1020376,3396000.0,3396000.0,1770.594369134515,False,True,3836,1918,0,0,3836,1918,1.52587890625e-06,3.631149378462714,0.24567994275784416,0.24567994275784416,0.24567994275784416,False,-1.516569487818961e-05,1.52587890625e-06,True
trial,532,532,531,948.2306646478175,948.2306646478175,948.2306485508959,948.2306485508959,3836,1918,0,0,3836,1918,2044588,1022294,3396000.0,3396000.0,1770.594369134515,False,True,3836,1918,0,0,3836,1918,3.0517578125e-06,3.898698684307351,-0.5549513334930187,-0.5549513334930187,-0.5549513334930187,False,-2.900600585175973e-05,3.0517578125e-06,False
trial,533,533,533,948.2306446827783,948.2306446827783,948.2306446827783,948.2306446827783,3836,1918,0,0,3836,1918,2048424,1024212,3396000.0,3396000.0,1770.594369134515,False,True,3836,1918,0,0,3836,1918,1.52587890625e-06,3.898698684307351,0.2514784147797128,0.2514784147797128,0.2514784147797128,False,-1.5381509292518644e-05,1.52587890625e-06,True
trial,534,534,533,948.2306582619653,948.2306582619653,948.2306446827783,948.2306446827783,3836,1918,0,0,3836,1918,2052260,1026130,3396000.0,3396000.0,1770.594369134515,False,True,3836,1918,0,0,3836,1918,3.0517578125e-06,3.6207599180076273,-0.47513437598307334,-0.47513437598307334,-0.47513437598307334,False,-2.857967700161147e-05,3.0517578125e-06,False
trial,535,535,535,948.2306409705485,948.2306409705485,948.2306409705485,948.2306409705485,3836,1918,0,0,3836,1918,2056096,1028048,3396000.0,3396000.0,1770.594369134515,False,True,3836,1918,0,0,3836,1918,1.52587890625e-06,3.6207599180076273,0.24520415629970105,0.24520415629970105,0.24520415629970105,False,-1.5139343055508163e-05,1.52587890625e-06,True
trial,536,536,535,948.2306570722554,948.2306570722554,948.2306409705485,948.2306409705485,3836,1918,0,0,3836,1918,2059932,1029966,3396000.0,3396000.0,1770.594369134515,False,True,3836,1918,0,0,3836,1918,3.0517578125e-06,3.9061496521663566,-0.5554915192377455,-0.5554915192377455,-0.5554915192377455,False,-2.8986413609354052e-05,3.0517578125e-06,False
trial,537,537,537,948.2306371001306,948.2306371001306,948.2306371001306,948.2306371001306,3836,1918,0,0,3836,1918,2063768,1031884,3396000.0,3396000.0,1770.594369134515,False,True,3836,1918,0,0,3836,1918,1.52587890625e-06,3.9061496521663566,0.25172190566993363,0.25172190566993363,0.25172190566993363,False,-1.537576915674353e-05,1.52587890625e-06,True
trial,538,538,537,948.2306506365214,948.2306506365214,948.2306371001306,948.2306371001306,3836,1918,0,0,3836,1918,2067604,1033802,3396000.0,3396000.0,1770.594369134515,False,True,3836,1918,0,0,3836,1918,3.0517578125e-06,3.6109135318920607,-0.4745347123002549,-0.4745347123002549,-0.4745347123002549,False,-2.852560726872267e-05,3.0517578125e-06,False
trial,539,539,539,948.2306334192169,948.2306334192169,948.2306334192169,948.2306334192169,3836,1918,0,0,3836,1918,2071440,1035720,3396000.0,3396000.0,1770.594369134515,False,True,3836,1918,0,0,3836,1918,1.52587890625e-06,3.6109135318920607,0.24343311074283663,0.24343311074283663,0.24343311074283663,False,-1.5120842244124085e-05,1.52587890625e-06,True
trial,540,540,539,948.2306494475833,948.2306494475833,948.2306334192169,948.2306334192169,3836,1918,0,0,3836,1918,2075276,1037638,3396000.0,3396000.0,1770.594369134515,False,True,3836,1918,0,0,3836,1918,3.0517578125e-06,3.9229102247471683,-0.5512891994659997,-0.5512891994659997,-0.5512891994659997,False,-2.9074334183867302e-05,3.0517578125e-06,False
trial,541,541,541,948.2306295217469,948.2306295217469,948.2306295217469,948.2306295217469,3836,1918,0,0,3836,1918,2079112,1039556,3396000.0,3396000.0,1770.594369134515,False,True,3836,1918,0,0,3836,1918,1.52587890625e-06,3.9229102247471683,0.25297254700757477,0.25297254700757477,0.25297254700757477,False,-1.540669168839154e-05,1.52587890625e-06,True
trial,542,542,541,948.2306429107124,948.2306429107124,948.2306295217469,948.2306295217469,3836,1918,0,0,3836,1918,2082948,1041474,3396000.0,3396000.0,1770.594369134515,False,True,3836,1918,0,0,3836,1918,3.0517578125e-06,3.598828944906591,-0.4701045819211285,-0.4701045819211285,-0.4701045819211285,False,-2.848082323351605e-05,3.0517578125e-06,False
trial,543,543,543,948.2306258612573,948.2306258612573,948.2306258612573,948.2306258612573,3836,1918,0,0,3836,1918,2086784,1043392,3396000.0,3396000.0,1770.594369134515,False,True,3836,1918,0,0,3836,1918,1.52587890625e-06,3.598828944906591,0.24246089712934896,0.24246089712934896,0.24246089712934896,False,-1.5097236874511955e-05,1.52587890625e-06,True
trial,544,544,543,948.2306418688725,948.2306418688725,948.2306258612573,948.2306258612573,3836,1918,0,0,3836,1918,2090620,1045310,3396000.0,3396000.0,1770.594369134515,False,True,3836,1918,0,0,3836,1918,3.0517578125e-06,3.9381941207341593,-0.5500922622330209,-0.5500922622330209,-0.5500922622330209,False,-2.909987334444808e-05,3.0517578125e-06,False
trial,545,545,545,948.2306219330644,948.2306219330644,948.2306219330644,948.2306219330644,3836,1918,0,0,3836,1918,2094456,1047228,3396000.0,3396000.0,1770.594369134515,False,True,3836,1918,0,0,3836,1918,1.52587890625e-06,3.9381941207341593,0.25444727289685376,0.25444727289685376,0.25444727289685376,False,-1.543814102373168e-05,1.52587890625e-06,True
trial,546,546,545,948.2306353595566,948.2306353595566,948.2306219330644,948.2306219330644,3836,1918,0,0,3836,1918,2098292,1049146,3396000.0,3396000.0,1770.594369134515,False,True,3836,1918,0,0,3836,1918,3.0517578125e-06,3.5898109843271078,-0.4719865556377422,-0.4719865556377422,-0.4719865556377422,False,-2.8446768238365967e-05,3.0517578125e-06,False
trial,547,547,547,948.230618276941,948.230618276941,948.230618276941,948.230618276941,3836,1918,0,0,3836,1918,2102128,1051064,3396000.0,3396000.0,1770.594369134515,False,True,3836,1918,0,0,3836,1918,1.52587890625e-06,3.5898109843271078,0.24274872939052025,0.24274872939052025,0.24274872939052025,False,-1.5061349498905086e-05,1.52587890625e-06,True
trial,548,548,547,948.230634299448,948.230634299448,948.230618276941,948.230618276941,3836,1918,0,0,3836,1918,2105964,1052982,3396000.0,3396000.0,1770.594369134515,False,True,3836,1918,0,0,3836,1918,3.0517578125e-06,3.9421274501332695,-0.5513452909287723,-0.5513452909287723,-0.5513452909287723,False,-2.906074879251107e-05,3.0517578125e-06,False
trial,549,549,549,948.2306143601443,948.2306143601443,948.2306143601443,948.2306143601443,3836,1918,0,0,3836,1918,2109800,1054900,3396000.0,3396000.0,1770.594369134515,False,True,3836,1918,0,0,3836,1918,1.52587890625e-06,3.9421274501332695,0.25400270148351045,0.25400270148351045,0.25400270148351045,False,-1.5420295387499852e-05,1.52587890625e-06,True
trial,550,550,549,948.2306276861818,948.2306276861818,948.2306143601443,948.2306143601443,3836,1918,0,0,3836,1918,2113636,1056818,3396000.0,3396000.0,1770.594369134515,False,True,3836,1918,0,0,3836,1918,3.0517578125e-06,3.580640564445772,-0.4681990707214793,-0.4681990707214793,-0.4681990707214793,False,-2.8462332357924103e-05,3.0517578125e-06,False
trial,551,551,551,948.2306107272452,948.2306107272452,948.2306107272452,948.2306107272452,3836,1918,0,0,3836,1918,2117472,1058736,3396000.0,3396000.0,1770.594369134515,False,True,3836,1918,0,0,3836,1918,1.52587890625e-06,3.580640564445772,0.24120168742218923,0.24120168742218923,0.24120168742218923,False,-1.506166515928955e-05,1.52587890625e-06,True
trial,552,552,551,948.2306267106486,948.2306267106486,948.2306107272452,948.2306107272452,3836,1918,0,0,3836,1918,2121308,1060654,3396000.0,3396000.0,1770.594369134515,False,True,3836,1918,0,0,3836,1918,3.0517578125e-06,3.954383804332474,-0.5490486116247627,-0.5490486116247627,-0.5490486116247627,False,-2.9111089707158134e-05,3.0517578125e-06,False
trial,553,553,553,948.2306067934597,948.2306067934597,948.2306067934597,948.2306067934597,3836,1918,0,0,3836,1918,2125144,1062572,3396000.0,3396000.0,1770.594369134515,False,True,3836,1918,0,0,3836,1918,1.52587890625e-06,3.954383804332474,0.2547177733313554,0.2547177733313554,0.2547177733313554,False,-1.5443702366133096e-05,1.52587890625e-06,True
trial,554,554,553,948.2306200241583,948.2306200241583,948.2306067934597,948.2306067934597,3836,1918,0,0,3836,1918,2128980,1064490,3396000.0,3396000.0,1770.594369134515,False,True,3836,1918,0,0,3836,1918,3.0517578125e-06,3.5727809815822975,-0.4650530373987259,-0.4650530373987259,-0.4650530373987259,False,-2.8449870152194478e-05,3.0517578125e-06,False
trial,555,555,555,948.2306031783976,948.2306031783976,948.2306031783976,948.2306031783976,3836,1918,0,0,3836,1918,2132816,1066408,3396000.0,3396000.0,1770.594369134515,False,True,3836,1918,0,0,3836,1918,1.52587890625e-06,3.5727809815822975,0.24024014916012768,0.24024014916012768,0.24024014916012768,False,-1.504770192676974e-05,1.52587890625e-06,True
trial,556,556,555,948.2306191176807,948.2306191176807,948.2306031783976,948.2306031783976,3836,1918,0,0,3836,1918,2136652,1068326,3396000.0,3396000.0,1770.594369134515,False,True,3836,1918,0,0,3836,1918,3.0517578125e-06,3.9711001032766644,-0.5466730667067693,-0.5466730667067693,-0.5466730667067693,False,-2.915688386207758e-05,3.0517578125e-06,False
trial,557,557,557,948.2305992367945,948.2305992367945,948.2305992367945,948.2305992367945,3836,1918,0,0,3836,1918,2140488,1070244,3396000.0,3396000.0,1770.594369134515,False,True,3836,1918,0,0,3836,1918,1.52587890625e-06,3.9711001032766644,0.2550672792435258,0.2550672792435258,0.2550672792435258,False,-1.5453189652912897e-05,1.52587890625e-06,True
trial,558,558,557,948.230612385697,948.230612385697,948.2305992367945,948.2305992367945,3836,1918,0,0,3836,1918,2144324,1072162,3396000.0,3396000.0,1770.594369134515,False,True,3836,1918,0,0,3836,1918,3.0517578125e-06,3.564088061830793,-0.4628669299875349,-0.4628669299875349,-0.4628669299875349,False,-2.8407521876982053e-05,3.0517578125e-06,False
trial,559,559,559,948.2305956406063,948.2305956406063,948.2305956406063,948.2305956406063,3836,1918,0,0,3836,1918,2148160,1074080,3396000.0,3396000.0,1770.594369134515,False,True,3836,1918,0,0,3836,1918,1.52587890625e-06,3.564088061830793,0.2392532019885261,0.2392532019885261,0.2392532019885261,False,-1.5030888522188874e-05,1.52587890625e-06,True
trial,560,560,559,948.2306115452789,948.2306115452789,948.2305956406063,948.2305956406063,3836,1918,0,0,3836,1918,2151996,1075998,3396000.0,3396000.0,1770.594369134515,False,True,3836,1918,0,0,3836,1918,3.0517578125e-06,3.9844057359151623,-0.5448623209998397,-0.5448623209998397,-0.5448623209998397,False,-2.919025946556038e-05,3.0517578125e-06,False
trial,561,561,561,948.2305916627101,948.2305916627101,948.2305916627101,948.2305916627101,3836,1918,0,0,3836,1918,2155832,1077916,3396000.0,3396000.0,1770.594369134515,False,True,3836,1918,0,0,3836,1918,1.52587890625e-06,3.9844057359151623,0.25695684786012024,0.25695684786012024,0.25695684786012024,False,-1.54807946635021e-05,1.52587890625e-06,True
trial,562,562,561,948.2306048042294,948.2306048042294,948.2305916627101,948.2305916627101,3836,1918,0,0,3836,1918,2159668,1079834,3396000.0,3396000.0,1770.594369134515,False,True,3836,1918,0,0,3836,1918,3.0517578125e-06,3.5523650465791334,-0.4635901480643658,-0.4635901480643658,-0.4635901480643658,False,-2.8347279014276352e-05,3.0517578125e-06,False
trial,563,563,563,948.2305880980466,948.2305880980466,948.2305880980466,948.2305880980466,3836,1918,0,0,3836,1918,2163504,1081752,3396000.0,3396000.0,1770.594369134515,False,True,3836,1918,0,0,3836,1918,1.52587890625e-06,3.5523650465791334,0.23781980719057796,0.23781980719057796,0.23781980719057796,False,-1.4988926161354324e-05,1.52587890625e-06,True
trial,564,564,563,948.2306039887236,948.2306039887236,948.2305880980466,948.2305880980466,3836,1918,0,0,3836,1918,2167340,1083670,3396000.0,3396000.0,1770.594369134515,False,True,3836,1918,0,0,3836,1918,3.0517578125e-06,3.9951575903529206,-0.5443693851693112,-0.5443693851693112,-0.5443693851693112,False,-2.9190982123665624e-05,3.0517578125e-06,False
trial,565,565,565,948.2305841156119,948.2305841156119,948.2305841156119,948.2305841156119,3836,1918,0,0,3836,1918,2171176,1085588,3396000.0,3396000.0,1770.594369134515,False,True,3836,1918,0,0,3836,1918,1.52587890625e-06,3.9951575903529206,0.25696396263585614,0.25696396263585614,0.25696396263585614,False,-1.549802801335013e-05,1.52587890625e-06,True
trial,566,566,565,948.2305970951619,948.2305970951619,948.2305841156119,948.2305841156119,3836,1918,0,0,3836,1918,2175012,1087506,3396000.0,3396000.0,1770.594369134515,False,True,3836,1918,0,0,3836,1918,3.0517578125e-06,3.5465238874224547,-0.45770659387466367,-0.45770659387466367,-0.45770659387466367,False,-2.835779547970212e-05,3.0517578125e-06,False
trial,567,567,567,948.2305805596229,948.2305805596229,948.2305805596229,948.2305805596229,3836,1918,0,0,3836,1918,2178848,1089424,3396000.0,3396000.0,1770.594369134515,False,True,3836,1918,0,0,3836,1918,1.52587890625e-06,3.5465238874224547,0.23716447639459132,0.23716447639459132,0.23716447639459132,False,-1.4993767408399099e-05,1.52587890625e-06,True
trial,568,568,567,948.2305963752242,948.2305963752242,948.2305805596229,948.2305805596229,3836,1918,0,0,3836,1918,2182684,1091342,3396000.0,3396000.0,1770.594369134515,False,True,3836,1918,0,0,3836,1918,3.0517578125e-06,4.008862873686733,-0.5400914391753087,-0.5400914391753087,-0.5400914391753087,False,-2.9283191929890743e-05,3.0517578125e-06,False
trial,569,569,569,948.2305765440606,948.2305765440606,948.2305765440606,948.2305765440606,3836,1918,0,0,3836,1918,2186520,1093260,3396000.0,3396000.0,1770.594369134515,False,True,3836,1918,0,0,3836,1918,1.52587890625e-06,4.008862873686733,0.2586362911859298,0.2586362911859298,0.2586362911859298,False,-1.552590448668427e-05,1.52587890625e-06,True
trial,570,570,569,948.2305895758461,948.2305895758461,948.2305765440606,948.2305765440606,3836,1918,0,0,3836,1918,2190356,1095178,3396000.0,3396000.0,1770.594369134515,False,True,3836,1918,0,0,3836,1918,3.0517578125e-06,3.535480692033358,-0.4604698324393471,-0.4604698324393471,-0.4604698324393471,False,-2.8301062606889554e-05,3.0517578125e-06,False
trial,571,571,571,948.2305730176238,948.2305730176238,948.2305730176238,948.2305730176238,3836,1918,0,0,3836,1918,2194192,1097096,3396000.0,3396000.0,1770.594369134515,False,True,3836,1918,0,0,3836,1918,1.52587890625e-06,3.535480692033358,0.23579051041361565,0.23579051041361565,0.23579051041361565,False,-1.4955804536258046e-05,1.52587890625e-06,True
trial,572,572,571,948.2305888011149,948.2305888011149,948.2305730176238,948.2305730176238,3836,1918,0,0,3836,1918,2198028,1099014,3396000.0,3396000.0,1770.594369134515,False,True,3836,1918,0,0,3836,1918,3.0517578125e-06,4.021249715740666,-0.5384336803290077,-0.5384336803290077,-0.5384336803290077,False,-2.9313714361671415e-05,3.0517578125e-06,False
trial,573,573,573,948.2305689945698,948.2305689945698,948.2305689945698,948.2305689945698,3836,1918,0,0,3836,1918,2201864,1100932,3396000.0,3396000.0,1770.594369134515,False,True,3836,1918,0,0,3836,1918,1.52587890625e-06,4.021249715740666,0.2589621681062471,0.2589621681062471,0.2589621681062471,False,-1.5535296158154532e-05,1.52587890625e-06,True
trial,574,574,573,948.2305819785573,948.2305819785573,948.2305689945698,948.2305689945698,3836,1918,0,0,3836,1918,2205700,1102850,3396000.0,3396000.0,1770.594369134515,False,True,3836,1918,0,0,3836,1918,3.0517578125e-06,3.5273016451448806,-0.4594922173243905,-0.4594922173243905,-0.4594922173243905,False,-2.8257252305057422e-05,3.0517578125e-06,False
trial,575,575,575,948.2305654731113,948.2305654731113,948.2305654731113,948.2305654731113,3836,1918,0,0,3836,1918,2209536,1104768,3396000.0,3396000.0,1770.594369134515,False,True,3836,1918,0,0,3836,1918,1.52587890625e-06,3.5273016451448806,0.2356732504403706,0.2356732504403706,0.2356732504403706,False,-1.4942122390782534e-05,1.52587890625e-06,True
trial,576,576,575,948.2305812314207,948.2305812314207,948.2305654731113,948.2305654731113,3836,1918,0,0,3836,1918,2213372,1106686,3396000.0,3396000.0,1770.594369134515,False,True,3836,1918,0,0,3836,1918,3.0517578125e-06,4.027058463640253,-0.5376126395570728,-0.5376126395570728,-0.5376126395570728,False,-2.9311642461188444e-05,3.0517578125e-06,False
trial,577,577,577,948.2305614412867,948.2305614412867,948.2305614412867,948.2305614412867,3836,1918,0,0,3836,1918,2217208,1108604,3396000.0,3396000.0,1770.594369134515,False,True,3836,1918,0,0,3836,1918,1.52587890625e-06,4.027058463640253,0.2596464311321309,0.2596464311321309,0.2596464311321309,False,-1.5528133994286686e-05,1.52587890625e-06,True
trial,578,578,577,948.2305742599387,948.2305742599387,948.2305614412867,948.2305614412867,3836,1918,0,0,3836,1918,2221044,1110522,3396000.0,3396000.0,1770.594369134515,False,True,3836,1918,0,0,3836,1918,3.0517578125e-06,3.5185981252639102,-0.4539856947736908,-0.4539856947736908,-0.4539856947736908,False,-2.8235806137715483e-05,3.0517578125e-06,False
trial,579,579,579,948.2305579514295,948.2305579514295,948.2305579514295,948.2305579514295,3836,1918,0,0,3836,1918,2224880,1112440,3396000.0,3396000.0,1770.594369134515,False,True,3836,1918,0,0,3836,1918,1.52587890625e-06,3.5185981252639102,0.23398161263781178,0.23398161263781178,0.23398161263781178,False,-1.4915091388488682e-05,1.52587890625e-06,True
trial,580,580,579,948.2305736537758,948.2305736537758,948.2305579514295,948.2305579514295,3836,1918,0,0,3836,1918,2228716,1114358,3396000.0,3396000.0,1770.594369134515,False,True,3836,1918,0,0,3836,1918,3.0517578125e-06,4.044333264461965,-0.5345291777896988,-0.5345291777896988,-0.5345291777896988,False,-2.9376031974305698e-05,3.0517578125e-06,False
trial,581,581,581,948.2305538969329,948.2305538969329,948.2305538969329,948.2305538969329,3836,1918,0,0,3836,1918,2232552,1116276,3396000.0,3396000.0,1770.594369134515,False,True,3836,1918,0,0,3836,1918,1.52587890625e-06,4.044333264461965,0.26068504399346903,0.26068504399346903,0.26068504399346903,False,-1.5553238586096665e-05,1.52587890625e-06,True
trial,582,582,581,948.2305667067078,948.2305667067078,948.2305538969329,948.2305538969329,3836,1918,0,0,3836,1918,2236388,1118194,3396000.0,3396000.0,1770.594369134515,False,True,3836,1918,0,0,3836,1918,3.0517578125e-06,3.5109200669615466,-0.4538826412327115,-0.4538826412327115,-0.4538826412327115,False,-2.8222658855379344e-05,3.0517578125e-06,False
trial,583,583,583,948.2305504327,948.2305504327,948.2305504327,948.2305504327,3836,1918,0,0,3836,1918,2240224,1120112,3396000.0,3396000.0,1770.594369134515,False,True,3836,1918,0,0,3836,1918,1.52587890625e-06,3.5109200669615466,0.23274718705450675,0.23274718705450675,0.23274718705450675,False,-1.4884101709062595e-05,1.52587890625e-06,True
trial,584,584,583,948.2305660988932,948.2305660988932,948.2305504327,948.2305504327,3836,1918,0,0,3836,1918,2244060,1122030,3396000.0,3396000.0,1770.594369134515,False,True,3836,1918,0,0,3836,1918,3.0517578125e-06,4.055011722720218,-0.5327364458653232,-0.5327364458653232,-0.5327364458653232,False,-2.9407023384680292e-05,3.0517578125e-06,False
trial,585,585,585,948.230546351002,948.230546351002,948.230546351002,948.230546351002,3836,1918,0,0,3836,1918,2247896,1123948,3396000.0,3396000.0,1770.594369134515,False,True,3836,1918,0,0,3836,1918,1.52587890625e-06,4.055011722720218,0.2619674810390219,0.2619674810390219,0.2619674810390219,False,-1.5580934182299642e-05,1.52587890625e-06,True
trial,586,586,585,948.2305591296924,948.2305591296924,948.230546351002,948.230546351002,3836,1918,0,0,3836,1918,2251732,1125866,3396000.0,3396000.0,1770.594369134515,False,True,3836,1918,0,0,3836,1918,3.0517578125e-06,3.503824693134896,-0.45298249956584363,-0.45298249956584363,-0.45298249956584363,False,-2.8210119537936752e-05,3.0517578125e-06,False
trial,587,587,587,948.2305429014306,948.2305429014306,948.2305429014306,948.2305429014306,3836,1918,0,0,3836,1918,2255568,1127784,3396000.0,3396000.0,1770.594369134515,False,True,3836,1918,0,0,3836,1918,1.52587890625e-06,3.503824693134896,0.2318230788893792,0.2318230788893792,0.2318230788893792,False,-1.488018977873407e-05,1.52587890625e-06,True
trial,588,588,587,948.2305585227798,948.2305585227798,948.2305429014306,948.2305429014306,3836,1918,0,0,3836,1918,2259404,1129702,3396000.0,3396000.0,1770.594369134515,False,True,3836,1918,0,0,3836,1918,3.0517578125e-06,4.0740459244141425,-0.5302767442497704,-0.5302767442497704,-0.5302767442497704,False,-2.945886163027535e-05,3.0517578125e-06,False
trial,589,589,589,948.2305387999652,948.2305387999652,948.2305387999652,948.2305387999652,3836,1918,0,0,3836,1918,2263240,1131620,3396000.0,3396000.0,1770.594369134515,False,True,3836,1918,0,0,3836,1918,1.52587890625e-06,4.0740459244141425,0.2627320400299156,0.2627320400299156,0.2627320400299156,False,-1.5610830633422814e-05,1.52587890625e-06,True
trial,590,590,589,948.2305515010141,948.2305515010141,948.2305387999652,948.2305387999652,3836,1918,0,0,3836,1918,2267076,1133538,3396000.0,3396000.0,1770.594369134515,False,True,3836,1918,0,0,3836,1918,3.0517578125e-06,3.498959733848281,-0.45091529617137066,-0.45091529617137066,-0.45091529617137066,False,-2.816726124143616e-05,3.0517578125e-06,False
trial,591,591,591,948.2305353736789,948.2305353736789,948.2305353736789,948.2305353736789,3836,1918,0,0,3836,1918,2270912,1135456,3396000.0,3396000.0,1770.594369134515,False,True,3836,1918,0,0,3836,1918,1.52587890625e-06,3.498959733848281,0.2307287042772337,0.2307287042772337,0.2307287042772337,False,-1.4849848478839713e-05,1.52587890625e-06,True
trial,592,592,591,948.2305509417606,948.2305509417606,948.2305353736789,948.2305353736789,3836,1918,0,0,3836,1918,2274748,1137374,3396000.0,3396000.0,1770.594369134515,False,True,3836,1918,0,0,3836,1918,3.0517578125e-06,4.083196626371463,-0.5277761210497834,-0.5277761210497834,-0.5277761210497834,False,-2.9497510593267813e-05,3.0517578125e-06,False
trial,593,593,593,948.2305312623307,948.2305312623307,948.2305312623307,948.2305312623307,3836,1918,0,0,3836,1918,2278584,1139292,3396000.0,3396000.0,1770.594369134515,False,True,3836,1918,0,0,3836,1918,1.52587890625e-06,4.083196626371463,0.2634132054115997,0.2634132054115997,0.2634132054115997,False,-1.560798050826486e-05,1.52587890625e-06,True
trial,594,594,593,948.2305439121167,948.2305439121167,948.2305312623307,948.2305312623307,3836,1918,0,0,3836,1918,2282420,1141210,3396000.0,3396000.0,1770.594369134515,False,True,3836,1918,0,0,3836,1918,3.0517578125e-06,3.493731833942886,-0.4496253341071012,-0.4496253341071012,-0.4496253341071012,False,-2.8134059624097958e-05,3.0517578125e-06,False
trial,595,595,595,948.2305278496711,948.2305278496711,948.2305278496711,948.2305278496711,3836,1918,0,0,3836,1918,2286256,1143128,3396000.0,3396000.0,1770.594369134515,False,True,3836,1918,0,0,3836,1918,1.52587890625e-06,3.493731833942886,0.23005754190049582,0.23005754190049582,0.23005754190049582,False,-1.483393910193558e-05,1.52587890625e-06,True
trial,596,596,595,948.2305434199078,948.2305434199078,948.2305278496711,948.2305278496711,3836,1918,0,0,3836,1918,2290092,1145046,3396000.0,3396000.0,1770.594369134515,False,True,3836,1918,0,0,3836,1918,3.0517578125e-06,4.098753382717017,-0.5276450968817571,-0.5276450968817571,-0.5276450968817571,False,-2.9508919437638624e-05,3.0517578125e-06,False
trial,597,597,597,948.2305237214357,948.2305237214357,948.2305237214357,948.2305237214357,3836,1918,0,0,3836,1918,2293928,1146964,3396000.0,3396000.0,1770.594369134515,False,True,3836,1918,0,0,3836,1918,1.52587890625e-06,4.098753382717017,0.264219273195454,0.264219273195454,0.264219273195454,False,-1.5624278259515278e-05,1.52587890625e-06,True
trial,598,598,597,948.2305363238631,948.2305363238631,948.2305237214357,948.2305237214357,3836,1918,0,0,3836,1918,2297764,1148882,3396000.0,3396000.0,1770.594369134515,False,True,3836,1918,0,0,3836,1918,3.0517578125e-06,3.496540457122201,-0.44891719250750434,-0.44891719250750434,-0.44891719250750434,False,-2.807294450428915e-05,3.0517578125e-06,False
trial,599,599,599,948.2305203334048,948.2305203334048,948.2305203334048,948.2305203334048,3836,1918,0,0,3836,1918,2301600,1150800,3396000.0,3396000.0,1770.594369134515,False,True,3836,1918,0,0,3836,1918,1.52587890625e-06,3.496540457122201,0.2288464875447299,0.2288464875447299,0.2288464875447299,False,-1.4804819340100513e-05,1.52587890625e-06,True
