sequence_index,iteration,nf,incumbent_index,incumbent_full_objective,mean_gate_entanglement_infidelity_to_truth,mean_gate_average_infidelity_to_truth,mean_spam_vector_l2_error_to_truth,mean_spam_tracedist_to_truth,mean_gate_eigenvalue_nonunitarity_excess_to_truth,mean_gate_eigenvalue_diamondnorm_to_truth,mean_gate_eigenvalue_nonunitary_diamondnorm_to_truth,mean_gate_diamond_distance_to_truth
0,0,0,0,5994.5269720698,0.0017882621897374607,0.001192174793158307,0.007165902701660543,0.005062523522911718,-0.002719190553661918,0.0067837813321190345,0.0031726617482777386,0.013707118158205382
1,1,1,1,3839.0029834571415,0.023077518196999963,0.015385012131333309,0.02536162524588029,0.017673913457760888,0.03363274642915426,0.040626783110373314,0.03976478175194925,0.07457938727570572
2,2,2,1,3839.0029834571415,0.023077518196999963,0.015385012131333309,0.02536162524588029,0.017673913457760888,0.03363274642915426,0.040626783110373314,0.03976478175194925,0.07457938727570572
3,3,3,3,3517.8734994374963,0.01493119940877255,0.009954132939181699,0.08497371970828083,0.06329073756628291,0.013684084622541039,0.0329051381756575,0.022611908967240024,0.06413029638213415
4,4,4,3,3517.8734994374963,0.01493119940877255,0.009954132939181699,0.08497371970828083,0.06329073756628291,0.013684084622541039,0.0329051381756575,0.022611908967240024,0.06413029638213415
5,5,5,3,3517.8734994374963,0.01493119940877255,0.009954132939181699,0.08497371970828083,0.06329073756628291,0.013684084622541039,0.0329051381756575,0.022611908967240024,0.06413029638213415
6,6,6,6,3723.803252267657,0.010507469161194632,0.007004979440796422,0.020938516175836353,0.01723912872544372,0.014416152362990334,0.02505074472861158,0.01851277172471448,0.06922872223715447
7,7,7,6,3723.803252267657,0.010507469161194632,0.007004979440796422,0.020938516175836353,0.01723912872544372,0.014416152362990334,0.02505074472861158,0.01851277172471448,0.06922872223715447
8,8,8,8,2979.0585491500215,0.006728195399144987,0.004485463599429992,0.021064355910213148,0.013377738817558351,0.00798667135249203,0.020363663809575223,0.009978455850067056,0.04808361544553723
9,9,9,8,2979.0585491500215,0.006728195399144987,0.004485463599429992,0.021064355910213148,0.013377738817558351,0.00798667135249203,0.020363663809575223,0.009978455850067056,0.04808361544553723
10,10,10,8,2979.0585491500215,0.006728195399144987,0.004485463599429992,0.021064355910213148,0.013377738817558351,0.00798667135249203,0.020363663809575223,0.009978455850067056,0.04808361544553723
11,11,11,11,2798.383868830296,0.004213222164699076,0.002808814776466051,0.015549787230061896,0.00914338462796751,0.005563185457444254,0.01602987511900758,0.0073597165603225476,0.03631948188994861
12,12,12,11,2798.383868830296,0.004213222164699076,0.002808814776466051,0.015549787230061896,0.00914338462796751,0.005563185457444254,0.01602987511900758,0.0073597165603225476,0.03631948188994861
13,13,13,13,2229.399157142896,0.004354343502222163,0.002902895668148109,0.011269521891575804,0.008379208797404523,0.006575762678228535,0.011499864411853165,0.009047399308231084,0.025302169702676125
14,14,14,13,2229.399157142896,0.004354343502222163,0.002902895668148109,0.011269521891575804,0.008379208797404523,0.006575762678228535,0.011499864411853165,0.009047399308231084,0.025302169702676125
15,15,15,15,1725.918747746733,0.0013506486111950211,0.0009004324074633474,0.008226543096917128,0.005768373327715171,0.0024678542417075414,0.007233538851914031,0.003484852841614351,0.013866811513599704
16,16,16,15,1899.9751048823578,0.0013506486111950211,0.0009004324074633474,0.008226543096917128,0.005768373327715171,0.0024678542417075414,0.007233538851914031,0.003484852841614351,0.013866811513599704
17,17,17,15,1899.9751048823578,0.0013506486111950211,0.0009004324074633474,0.008226543096917128,0.005768373327715171,0.0024678542417075414,0.007233538851914031,0.003484852841614351,0.013866811513599704
18,18,18,18,1251.6918924483866,0.0014181865097998014,0.0009454576731998676,0.0043702115426127825,0.0027072527521406426,0.0021687827938477733,0.003934291872312354,0.0038794769312450877,0.00792231836543808
19,19,19,18,1251.6918924483866,0.0014181865097998014,0.0009454576731998676,0.0043702115426127825,0.0027072527521406426,0.0021687827938477733,0.003934291872312354,0.0038794769312450877,0.00792231836543808
20,20,20,20,1236.6751467410968,0.0009761654918582219,0.0006507769945721479,0.006262157435491721,0.004579388122586222,0.0013929393041906546,0.0021944479045991005,0.002172626669687025,0.004778516202633178
21,21,21,20,1313.346806720531,0.0009761654918582219,0.0006507769945721479,0.006262157435491721,0.004579388122586222,0.0013929393041906546,0.0021944479045991005,0.002172626669687025,0.004778516202633178
22,22,22,22,1114.7006465941831,0.0004172113404001532,0.0002781408936001021,0.005857060362186968,0.003648081243699937,0.0007150050085847556,0.001146246056649936,0.000983210761935499,0.003367297411435883
23,23,23,22,1114.7006465941831,0.0004172113404001532,0.0002781408936001021,0.005857060362186968,0.003648081243699937,0.0007150050085847556,0.001146246056649936,0.000983210761935499,0.003367297411435883
24,24,24,22,1114.7006465941831,0.0004172113404001532,0.0002781408936001021,0.005857060362186968,0.003648081243699937,0.0007150050085847556,0.001146246056649936,0.000983210761935499,0.003367297411435883
25,25,25,25,973.3684921965878,0.00014936853066610523,9.957902044407016e-05,0.006139434965115501,0.004197978490026712,0.00019676710141963705,0.0004377159816826093,0.00028311300006077234,0.002159839077585407
26,26,26,25,975.2730020560231,0.00014936853066610523,9.957902044407016e-05,0.006139434965115501,0.004197978490026712,0.00019676710141963705,0.0004377159816826093,0.00028311300006077234,0.002159839077585407
27,27,27,25,975.2730020560231,0.00014936853066610523,9.957902044407016e-05,0.006139434965115501,0.004197978490026712,0.00019676710141963705,0.0004377159816826093,0.00028311300006077234,0.002159839077585407
28,28,28,28,953.2547696624342,8.128102049287378e-05,5.4187346995249186e-05,0.006304512391352784,0.004255132054842349,9.634993092585281e-05,0.0003572427050814664,0.00013747624508084894,0.0018855935767536692
29,29,29,28,953.2547696624342,8.128102049287378e-05,5.4187346995249186e-05,0.006304512391352784,0.004255132054842349,9.634993092585281e-05,0.0003572427050814664,0.00013747624508084894,0.0018855935767536692
30,30,30,28,953.2547696624342,8.128102049287378e-05,5.4187346995249186e-05,0.006304512391352784,0.004255132054842349,9.634993092585281e-05,0.0003572427050814664,0.00013747624508084894,0.0018855935767536692
31,31,31,31,947.7890096849173,6.992339159306304e-05,4.661559439537537e-05,0.007947127097923756,0.0052695057924063435,8.310982532502842e-05,0.00024480212385362177,0.00012059259720981902,0.0019291002073194858
32,32,32,31,947.7890096849173,6.992339159306304e-05,4.661559439537537e-05,0.007947127097923756,0.0052695057924063435,8.310982532502842e-05,0.00024480212385362177,0.00012059259720981902,0.0019291002073194858
33,33,33,33,945.413466863247,6.706794394109594e-05,4.4711962627397295e-05,0.008146004717588503,0.005410472314846405,7.730940947687365e-05,0.00026381192112102757,0.00012094757604162731,0.0019565972388652614
34,34,34,33,945.413466863247,6.706794394109594e-05,4.4711962627397295e-05,0.008146004717588503,0.005410472314846405,7.730940947687365e-05,0.00026381192112102757,0.00012094757604162731,0.0019565972388652614
35,35,35,35,945.071255981347,6.913985065321038e-05,4.609323376880692e-05,0.008230856700560516,0.0054400740785609195,7.974545838455166e-05,0.0002553804569333942,0.00013226323940888213,0.0019193633107670266
36,36,36,35,948.5554854591369,6.913985065321038e-05,4.609323376880692e-05,0.008230856700560516,0.0054400740785609195,7.974545838455166e-05,0.0002553804569333942,0.00013226323940888213,0.0019193633107670266
37,37,37,37,946.2100426783514,6.669446349877317e-05,4.446297566584878e-05,0.009910180253890647,0.00668476461688111,6.561218311978978e-05,0.00024821439128884645,0.00017153627676678995,0.0018612536089713924
38,38,38,37,946.2100426783514,6.669446349877317e-05,4.446297566584878e-05,0.009910180253890647,0.00668476461688111,6.561218311978978e-05,0.00024821439128884645,0.00017153627676678995,0.0018612536089713924
39,39,39,39,945.8178383608418,6.506198693409515e-05,4.3374657956063434e-05,0.009910379304203465,0.006636671531173742,5.679661219562537e-05,0.00024179924270113502,0.0001699860393653621,0.0018421953859059717
40,40,40,39,945.8178383608418,6.506198693409515e-05,4.3374657956063434e-05,0.009910379304203465,0.006636671531173742,5.679661219562537e-05,0.00024179924270113502,0.0001699860393653621,0.0018421953859059717
41,41,41,41,946.0122432813779,5.0878902120327085e-05,3.391926808021806e-05,0.010189856959158347,0.006882821584342192,4.680579985055083e-05,0.0002369553427959689,0.00014780495121474724,0.00174204539375832
42,42,42,41,946.0122432813779,5.0878902120327085e-05,3.391926808021806e-05,0.010189856959158347,0.006882821584342192,4.680579985055083e-05,0.0002369553427959689,0.00014780495121474724,0.00174204539375832
43,43,43,43,944.5771596535421,4.48148289999839e-05,2.9876552666655933e-05,0.010180187404485298,0.0069173229622829565,4.236479453112452e-05,0.00023987977979739397,0.00014486795073615638,0.001733352749452694
44,44,44,43,944.5771596535421,4.48148289999839e-05,2.9876552666655933e-05,0.010180187404485298,0.0069173229622829565,4.236479453112452e-05,0.00023987977979739397,0.00014486795073615638,0.001733352749452694
45,45,45,43,944.5771596535421,4.48148289999839e-05,2.9876552666655933e-05,0.010180187404485298,0.0069173229622829565,4.236479453112452e-05,0.00023987977979739397,0.00014486795073615638,0.001733352749452694
46,46,46,46,943.6960480132041,3.567533295983916e-05,2.3783555306559436e-05,0.010711334487051985,0.007341806032063295,3.528597853337534e-05,0.00020108235490763702,9.665964902229318e-05,0.0017128988133171907
47,47,47,46,943.6960480132041,3.567533295983916e-05,2.3783555306559436e-05,0.010711334487051985,0.007341806032063295,3.528597853337534e-05,0.00020108235490763702,9.665964902229318e-05,0.0017128988133171907
48,48,48,48,943.2517213082476,3.14360094420818e-05,2.0957339628054537e-05,0.010757336499881962,0.007383739262233323,2.911806010872514e-05,0.00019453217980938507,8.321482028356836e-05,0.0016988819750936024
49,49,49,48,943.2517213082476,3.14360094420818e-05,2.0957339628054537e-05,0.010757336499881962,0.007383739262233323,2.911806010872514e-05,0.00019453217980938507,8.321482028356836e-05,0.0016988819750936024
50,50,50,50,943.1842886202883,2.8316467429650993e-05,1.887764495310066e-05,0.010717724788118681,0.007340000810386569,2.4970351896649867e-05,0.0001882113193890677,8.053249922619632e-05,0.0016636354453132586
51,51,51,51,938.4371206906915,2.777664541414593e-05,1.8517763609430617e-05,0.010593294753647361,0.007241338220347494,1.4783218785056895e-05,0.0001758866379944364,7.412956890037736e-05,0.0015063581884619138
52,52,52,51,938.4371206906915,2.777664541414593e-05,1.8517763609430617e-05,0.010593294753647361,0.007241338220347494,1.4783218785056895e-05,0.0001758866379944364,7.412956890037736e-05,0.0015063581884619138
53,53,53,53,938.1611996316112,2.73346253510387e-05,1.8223083567359133e-05,0.010593153090944512,0.00722281634829971,1.4985253732724413e-05,0.00017891359157329832,7.319205792864769e-05,0.001520551332785107
54,54,54,53,938.1611996316112,2.73346253510387e-05,1.8223083567359133e-05,0.010593153090944512,0.00722281634829971,1.4985253732724413e-05,0.00017891359157329832,7.319205792864769e-05,0.001520551332785107
55,55,55,55,937.9883585796924,2.6457285233316696e-05,1.7638190155544464e-05,0.010608577359043407,0.0072136058105071645,1.4516159010991014e-05,0.00017619127443537785,7.30012372481409e-05,0.0015109238504147438
56,56,56,56,942.2388369653958,2.3437495762085314e-05,1.5624997174723543e-05,0.009540780142474068,0.006337283033998649,4.194034814612724e-05,0.00021467205142109997,0.0001066031148673971,0.0014348414260221209
57,57,57,56,942.2388369653958,2.3437495762085314e-05,1.5624997174723543e-05,0.009540780142474068,0.006337283033998649,4.194034814612724e-05,0.00021467205142109997,0.0001066031148673971,0.0014348414260221209
58,58,58,58,941.2003152586187,2.1434822362220718e-05,1.4289881574813812e-05,0.009443053829202753,0.0061236299774767924,3.97336012988303e-05,0.00022092609996073514,0.00010764235779671394,0.0013939250373796045
59,59,59,58,941.2003152586187,2.1434822362220718e-05,1.4289881574813812e-05,0.009443053829202753,0.0061236299774767924,3.97336012988303e-05,0.00022092609996073514,0.00010764235779671394,0.0013939250373796045
60,60,60,58,941.2003152586187,2.1434822362220718e-05,1.4289881574813812e-05,0.009443053829202753,0.0061236299774767924,3.97336012988303e-05,0.00022092609996073514,0.00010764235779671394,0.0013939250373796045
61,61,61,61,946.8456583969164,1.9444907248811205e-05,1.2963271499207469e-05,0.009246641330050683,0.006092267886655307,4.752914342948111e-05,0.0002462915889894993,0.00010925457188629834,0.0014398923305175477
62,62,62,61,946.8456583969164,1.9444907248811205e-05,1.2963271499207469e-05,0.009246641330050683,0.006092267886655307,4.752914342948111e-05,0.0002462915889894993,0.00010925457188629834,0.0014398923305175477
63,63,63,63,946.4919437898034,1.8033848214166204e-05,1.2022565476110803e-05,0.009099271293359813,0.006051609449622847,4.4090712155026024e-05,0.0002505951191904947,0.00010301691706209731,0.0014314606351489
64,64,64,63,946.4919437898034,1.8033848214166204e-05,1.2022565476110803e-05,0.009099271293359813,0.006051609449622847,4.4090712155026024e-05,0.0002505951191904947,0.00010301691706209731,0.0014314606351489
65,65,65,65,946.2953768730056,1.815096649609993e-05,1.2100644330733285e-05,0.009112712381250583,0.00607325881733482,4.363000475086226e-05,0.0002490719797852059,0.00010145016684599134,0.0014064198937577014
66,66,66,65,952.5811949038871,1.815096649609993e-05,1.2100644330733285e-05,0.009112712381250583,0.00607325881733482,4.363000475086226e-05,0.0002490719797852059,0.00010145016684599134,0.0014064198937577014
67,67,67,67,951.8620179296026,1.8277379310344122e-05,1.2184919540229414e-05,0.009649300987505778,0.006390290575510764,3.805616833421621e-05,0.00021992260723280443,7.92048429889558e-05,0.0014490063602004568
68,68,68,67,951.8620179296026,1.8277379310344122e-05,1.2184919540229414e-05,0.009649300987505778,0.006390290575510764,3.805616833421621e-05,0.00021992260723280443,7.92048429889558e-05,0.0014490063602004568
69,69,69,69,951.6182643064917,1.8062859103107343e-05,1.2041906068738228e-05,0.009675845699377142,0.006380929378939527,3.487188488184023e-05,0.00021798432175483624,7.917578075050669e-05,0.0014643147584896775
70,70,70,69,951.6182643064917,1.8062859103107343e-05,1.2041906068738228e-05,0.009675845699377142,0.006380929378939527,3.487188488184023e-05,0.00021798432175483624,7.917578075050669e-05,0.0014643147584896775
71,71,71,71,951.843671648231,1.658007921565008e-05,1.105338614376672e-05,0.009490709828479209,0.006266671193794216,6.429469441848745e-06,0.00020982646135889562,6.859523679093177e-05,0.0014631000287947788
72,72,72,71,951.843671648231,1.658007921565008e-05,1.105338614376672e-05,0.009490709828479209,0.006266671193794216,6.429469441848745e-06,0.00020982646135889562,6.859523679093177e-05,0.0014631000287947788
73,73,73,73,951.5688747163761,1.6849434947813213e-05,1.1232956631875474e-05,0.009577310639138773,0.006305904622577963,1.5356621932832715e-06,0.00021051042781173725,7.08910331798443e-05,0.001473719000270601
74,74,74,73,951.5688747163761,1.6849434947813213e-05,1.1232956631875474e-05,0.009577310639138773,0.006305904622577963,1.5356621932832715e-06,0.00021051042781173725,7.08910331798443e-05,0.001473719000270601
75,75,75,75,951.4788586603017,1.6941901797351555e-05,1.129460119823437e-05,0.009596579010268082,0.006307992494131126,1.0643116182124102e-07,0.00021071238726817228,7.158020298958512e-05,0.0014841515945070438
76,76,76,75,952.1409644180787,1.6941901797351555e-05,1.129460119823437e-05,0.009596579010268082,0.006307992494131126,1.0643116182124102e-07,0.00021071238726817228,7.158020298958512e-05,0.0014841515945070438
77,77,77,77,951.2755444590027,1.5493486602707884e-05,1.0328991068471923e-05,0.008679720853566528,0.005686921029992724,-4.213331812254195e-06,0.0002188011544605809,6.086577027648865e-05,0.0014845908496303357
78,78,78,77,951.2755444590027,1.5493486602707884e-05,1.0328991068471923e-05,0.008679720853566528,0.005686921029992724,-4.213331812254195e-06,0.0002188011544605809,6.086577027648865e-05,0.0014845908496303357
79,79,79,79,951.2358336544879,1.555242820835967e-05,1.0368285472239782e-05,0.008280285076057168,0.005420643303320654,-4.933916206678601e-06,0.00022016793080297396,6.188980940069477e-05,0.001487987829201782
80,80,80,79,951.2358336544879,1.555242820835967e-05,1.0368285472239782e-05,0.008280285076057168,0.005420643303320654,-4.933916206678601e-06,0.00022016793080297396,6.188980940069477e-05,0.001487987829201782
81,81,81,81,946.9569158447323,1.5347968218393238e-05,1.023197881226216e-05,0.008094773469827076,0.005450900307757835,-2.9069170854600923e-06,0.00020277436750018514,6.216537113248183e-05,0.0014269790098922726
82,82,82,81,946.9569158447323,1.5347968218393238e-05,1.023197881226216e-05,0.008094773469827076,0.005450900307757835,-2.9069170854600923e-06,0.00020277436750018514,6.216537113248183e-05,0.0014269790098922726
83,83,83,81,946.9569158447323,1.5347968218393238e-05,1.023197881226216e-05,0.008094773469827076,0.005450900307757835,-2.9069170854600923e-06,0.00020277436750018514,6.216537113248183e-05,0.0014269790098922726
84,84,84,84,946.8097502748752,1.5202540440517609e-05,1.0135026960345073e-05,0.008048635446198252,0.005525335359998988,-3.848563118941106e-06,0.00020409154448941183,6.0383559693150124e-05,0.0014207491845133124
85,85,85,84,946.8097502748752,1.5202540440517609e-05,1.0135026960345073e-05,0.008048635446198252,0.005525335359998988,-3.848563118941106e-06,0.00020409154448941183,6.0383559693150124e-05,0.0014207491845133124
86,86,86,86,951.7999304101462,1.5187564960689182e-05,1.012504330712612e-05,0.008244481306604734,0.00560355855955877,-2.2080062293663993e-05,0.0002492769042067663,5.395142897270805e-05,0.0015142271797892752
87,87,87,87,951.7886162278367,1.5755735947836635e-05,1.0503823965224422e-05,0.008231498795854641,0.00553556816591377,-2.215065431784846e-05,0.00023985374209659535,5.442229068116505e-05,0.0015045060011232157
88,88,88,88,951.4172073628703,1.5344988913590374e-05,1.0229992609060249e-05,0.008235883884044969,0.005529406988844527,-2.32836432245212e-05,0.00023798139912672306,5.490203151241324e-05,0.001507617552763268
89,89,89,88,951.4172073628703,1.5344988913590374e-05,1.0229992609060249e-05,0.008235883884044969,0.005529406988844527,-2.32836432245212e-05,0.00023798139912672306,5.490203151241324e-05,0.001507617552763268
90,90,90,90,951.3656960912687,1.5284597128017996e-05,1.0189731418678663e-05,0.008240699306130158,0.00552832024135114,-2.3427760536522124e-05,0.0002373234756367006,5.501068229855216e-05,0.001510642857908536
91,91,91,91,948.9141178674149,1.6806401375413227e-05,1.1204267583608818e-05,0.007589976265795055,0.005120748006207644,-4.224027463906044e-05,0.000243933317057458,7.451651465377462e-05,0.001491031983456111
92,92,92,91,948.9141178674149,1.6806401375413227e-05,1.1204267583608818e-05,0.007589976265795055,0.005120748006207644,-4.224027463906044e-05,0.000243933317057458,7.451651465377462e-05,0.001491031983456111
93,93,93,93,948.6882204742981,1.7508921062225902e-05,1.1672614041483934e-05,0.0073517729353324325,0.004998564797379704,-4.3811987582187406e-05,0.00025046293868671686,7.682145595603457e-05,0.0015102401267907822
94,94,94,93,948.6882204742981,1.7508921062225902e-05,1.1672614041483934e-05,0.0073517729353324325,0.004998564797379704,-4.3811987582187406e-05,0.00025046293868671686,7.682145595603457e-05,0.0015102401267907822
95,95,95,95,948.670491653603,1.8628046506541374e-05,1.2418697671027584e-05,0.007279239488855137,0.0049659726838043134,-4.470774800679339e-05,0.0002519847478964912,7.751713744567901e-05,0.0015242488741739218
96,96,96,96,953.8854764993034,1.9306980079292213e-05,1.2871320052861476e-05,0.007268793870240449,0.005010302007074583,-4.2961978524110045e-05,0.0002366516687875415,6.733481091136806e-05,0.0014744106085731166
97,97,97,97,953.7473036134179,2.0268052840805018e-05,1.3512035227203345e-05,0.007131744349350623,0.004982593553201293,-3.829112352728842e-05,0.00022961981121905192,6.0031117604469886e-05,0.0014963918312295797
98,98,98,97,953.7473036134179,2.0268052840805018e-05,1.3512035227203345e-05,0.007131744349350623,0.004982593553201293,-3.829112352728842e-05,0.00022961981121905192,6.0031117604469886e-05,0.0014963918312295797
99,99,99,99,953.7037861816239,2.0669880948287478e-05,1.377992063219165e-05,0.00715653763994805,0.00502615152241968,-3.9881126481546014e-05,0.000231257600458016,6.256898106610231e-05,0.001495451020580393
100,100,100,99,953.7037861816239,2.0669880948287478e-05,1.377992063219165e-05,0.00715653763994805,0.00502615152241968,-3.9881126481546014e-05,0.000231257600458016,6.256898106610231e-05,0.001495451020580393
101,101,101,101,953.4692279482342,1.836287933237868e-05,1.2241919554919121e-05,0.006981676897741165,0.004785835674733016,-3.020870205108772e-05,0.00017059301882094987,4.509551353829022e-05,0.0013883130681000017
102,102,102,101,953.4692279482342,1.836287933237868e-05,1.2241919554919121e-05,0.006981676897741165,0.004785835674733016,-3.020870205108772e-05,0.00017059301882094987,4.509551353829022e-05,0.0013883130681000017
103,103,103,103,953.3621283492156,1.67581718607257e-05,1.1172114573817135e-05,0.006965971693190981,0.004758005939559365,-3.0045163573098888e-05,0.00016982963293430916,4.437494033864009e-05,0.0013798342840077307
104,104,104,103,953.3621283492156,1.67581718607257e-05,1.1172114573817135e-05,0.006965971693190981,0.004758005939559365,-3.0045163573098888e-05,0.00016982963293430916,4.437494033864009e-05,0.0013798342840077307
105,105,105,105,953.3056536446231,1.4962206380364496e-05,9.974804253576332e-06,0.006946309422863783,0.004741364299880899,-2.9852804815155842e-05,0.00016916867970910958,4.418043912667036e-05,0.0013706002128499664
106,106,106,105,952.4775920490472,1.4962206380364496e-05,9.974804253576332e-06,0.006946309422863783,0.004741364299880899,-2.9852804815155842e-05,0.00016916867970910958,4.418043912667036e-05,0.0013706002128499664
107,107,107,107,951.9121785418763,1.7193154558559076e-05,1.1462103039039386e-05,0.007334178837046532,0.0049745285667835495,-2.778510719095295e-05,0.00016669641124915355,3.905741783300637e-05,0.0014137679236412809
108,108,108,107,951.9121785418763,1.7193154558559076e-05,1.1462103039039386e-05,0.007334178837046532,0.0049745285667835495,-2.778510719095295e-05,0.00016669641124915355,3.905741783300637e-05,0.0014137679236412809
109,109,109,109,951.8414977907667,1.527125342545843e-05,1.0180835616972285e-05,0.007308895549673338,0.004953599028606672,-2.7347788931680883e-05,0.00016605876791051926,3.90308103916312e-05,0.0014041121388522397
110,110,110,109,951.8414977907667,1.527125342545843e-05,1.0180835616972285e-05,0.007308895549673338,0.004953599028606672,-2.7347788931680883e-05,0.00016605876791051926,3.90308103916312e-05,0.0014041121388522397
111,111,111,111,951.004342094189,1.3228425960770673e-05,8.818950640513783e-06,0.007263580360031122,0.004837697521000009,-2.9839432195997995e-05,0.00016195699877534487,3.897365585704693e-05,0.0013150424342840707
112,112,112,111,951.004342094189,1.3228425960770673e-05,8.818950640513783e-06,0.007263580360031122,0.004837697521000009,-2.9839432195997995e-05,0.00016195699877534487,3.897365585704693e-05,0.0013150424342840707
113,113,113,113,950.5114414955715,1.1817979924166888e-05,7.878653282777925e-06,0.007460061004951762,0.004865958897633086,-3.1292955059485095e-05,0.0001542102787353579,4.366767141552458e-05,0.0012876149043181892
114,114,114,113,950.5114414955715,1.1817979924166888e-05,7.878653282777925e-06,0.007460061004951762,0.004865958897633086,-3.1292955059485095e-05,0.0001542102787353579,4.366767141552458e-05,0.0012876149043181892
115,115,115,115,950.1675631927442,1.016301864978364e-05,6.775345766522426e-06,0.007491444137636053,0.00486717515683037,-3.1793772753030414e-05,0.00015337873292038223,4.342372510601766e-05,0.0012744831563626879
116,116,116,115,949.052397776225,1.016301864978364e-05,6.775345766522426e-06,0.007491444137636053,0.00486717515683037,-3.1793772753030414e-05,0.00015337873292038223,4.342372510601766e-05,0.0012744831563626879
117,117,117,117,948.2580647078321,7.3153934631586814e-06,4.876928975439121e-06,0.00738445846277534,0.004720078649123219,-3.2746561203979285e-05,0.0001599182968630523,4.5810548366075066e-05,0.0012617526360062174
118,118,118,117,948.2580647078321,7.3153934631586814e-06,4.876928975439121e-06,0.00738445846277534,0.004720078649123219,-3.2746561203979285e-05,0.0001599182968630523,4.5810548366075066e-05,0.0012617526360062174
119,119,119,119,947.9401400127076,5.642662027960377e-06,3.761774685306916e-06,0.00737470100014558,0.004694072952431434,-3.362900655429213e-05,0.00016016874071532195,4.6463324361374625e-05,0.0012456188493970605
120,120,120,119,947.9401400127076,5.642662027960377e-06,3.761774685306916e-06,0.00737470100014558,0.004694072952431434,-3.362900655429213e-05,0.00016016874071532195,4.6463324361374625e-05,0.0012456188493970605
121,121,121,121,951.3721877860328,3.105572459943806e-06,2.0703816399625374e-06,0.008158641230407314,0.005207736230045754,-3.6367447546821474e-05,0.0001466154585387224,5.501110240208745e-05,0.001063912502100088
122,122,122,121,951.3721877860328,3.105572459943806e-06,2.0703816399625374e-06,0.008158641230407314,0.005207736230045754,-3.6367447546821474e-05,0.0001466154585387224,5.501110240208745e-05,0.001063912502100088
123,123,123,123,951.0701667655968,1.371763509977475e-06,9.145090066516506e-07,0.008366764924841915,0.005434270102987708,-3.6850738399159255e-05,0.00014825605593692855,5.5278567904375187e-05,0.001056249569066121
124,124,124,123,951.0701667655968,1.371763509977475e-06,9.145090066516506e-07,0.008366764924841915,0.005434270102987708,-3.6850738399159255e-05,0.00014825605593692855,5.5278567904375187e-05,0.001056249569066121
125,125,125,125,950.8622488427457,3.7582385511991667e-07,2.505492367466128e-07,0.008405378387433722,0.005487663931382894,-3.600371717626949e-05,0.00014865883328793767,5.5269206422702e-05,0.001050290751597958
126,126,126,125,949.786782212934,3.7582385511991667e-07,2.505492367466128e-07,0.008405378387433722,0.005487663931382894,-3.600371717626949e-05,0.00014865883328793767,5.5269206422702e-05,0.001050290751597958
127,127,127,127,949.3396710349105,-8.466238958781958e-07,-5.64415930585465e-07,0.007729222069640859,0.004970276526823431,-4.4047269936058064e-05,0.0001460052817637,5.604236497148973e-05,0.0009815784586893956
128,128,128,127,949.3396710349105,-8.466238958781958e-07,-5.64415930585465e-07,0.007729222069640859,0.004970276526823431,-4.4047269936058064e-05,0.0001460052817637,5.604236497148973e-05,0.0009815784586893956
129,129,129,129,949.1257339842846,-1.7044671777877163e-06,-1.136311451858477e-06,0.007726370089380479,0.00495169179501966,-4.2497456942264256e-05,0.00014588354901931815,5.584279512621526e-05,0.0009729848859920598
130,130,130,129,949.1257339842846,-1.7044671777877163e-06,-1.136311451858477e-06,0.007726370089380479,0.00495169179501966,-4.2497456942264256e-05,0.00014588354901931815,5.584279512621526e-05,0.0009729848859920598
131,131,131,131,947.0922450969293,-1.2552992621484016e-06,-8.36866174765605e-07,0.007818856113425266,0.005140344797788868,-5.155644102239343e-05,0.00016468344100287733,6.35184805648989e-05,0.0009540569738630696
132,132,132,131,947.0922450969293,-1.2552992621484016e-06,-8.36866174765605e-07,0.007818856113425266,0.005140344797788868,-5.155644102239343e-05,0.00016468344100287733,6.35184805648989e-05,0.0009540569738630696
133,133,133,133,946.7929201683851,-1.0911256905221656e-06,-7.274171270147731e-07,0.007920153114994328,0.0052450157182042136,-4.932644477196463e-05,0.00016176723824971116,6.37056187205165e-05,0.000940969088812119
134,134,134,133,946.7929201683851,-1.0911256905221656e-06,-7.274171270147731e-07,0.007920153114994328,0.0052450157182042136,-4.932644477196463e-05,0.00016176723824971116,6.37056187205165e-05,0.000940969088812119
135,135,135,135,946.5375923151074,-1.7272455927197505e-06,-1.1514970618131704e-06,0.007920499488794775,0.005240499193288766,-4.908093534590485e-05,0.0001610811139517694,6.311981462636673e-05,0.0009334975248304212
136,136,136,135,948.7835002593658,-1.7272455927197505e-06,-1.1514970618131704e-06,0.007920499488794775,0.005240499193288766,-4.908093534590485e-05,0.0001610811139517694,6.311981462636673e-05,0.0009334975248304212
137,137,137,137,948.2271488996274,-2.292918331675553e-06,-1.5286122211170348e-06,0.007479297755315056,0.004986640323660493,-4.673623964445567e-05,0.00016826490203378534,6.06354014341115e-05,0.0009193903656744332
138,138,138,137,948.2271488996274,-2.292918331675553e-06,-1.5286122211170348e-06,0.007479297755315056,0.004986640323660493,-4.673623964445567e-05,0.00016826490203378534,6.06354014341115e-05,0.0009193903656744332
139,139,139,139,947.967771917693,-2.885656326556685e-06,-1.923770884371123e-06,0.007412138415719245,0.004950024271167587,-4.6402310863037644e-05,0.0001681663894533395,5.991468733673039e-05,0.0009128630657720277
140,140,140,139,947.967771917693,-2.885656326556685e-06,-1.923770884371123e-06,0.007412138415719245,0.004950024271167587,-4.6402310863037644e-05,0.0001681663894533395,5.991468733673039e-05,0.0009128630657720277
141,141,141,141,949.3913265592314,-3.1468858512906372e-06,-2.0979239008604243e-06,0.008147578776200629,0.005351352707783343,-4.7673578907996006e-05,0.0001546306307935719,6.282254507085361e-05,0.0008449004853297128
142,142,142,141,949.3913265592314,-3.1468858512906372e-06,-2.0979239008604243e-06,0.008147578776200629,0.005351352707783343,-4.7673578907996006e-05,0.0001546306307935719,6.282254507085361e-05,0.0008449004853297128
143,143,143,143,949.0747580184341,-3.7272209687522206e-06,-2.484813979168145e-06,0.008479977263617601,0.005502187308216595,-4.7275085908626835e-05,0.0001514288529032979,6.26412938592516e-05,0.0008279651874798052
144,144,144,143,949.0747580184341,-3.7272209687522206e-06,-2.484813979168145e-06,0.008479977263617601,0.005502187308216595,-4.7275085908626835e-05,0.0001514288529032979,6.26412938592516e-05,0.0008279651874798052
145,145,145,145,948.8542364674687,-4.365860734933946e-06,-2.9105738232892958e-06,0.008495556592065407,0.005504071139330868,-4.618442458116656e-05,0.00015002935168944125,6.285952289542679e-05,0.0008203678129280799
146,146,146,145,947.9686736159392,-4.365860734933946e-06,-2.9105738232892958e-06,0.008495556592065407,0.005504071139330868,-4.618442458116656e-05,0.00015002935168944125,6.285952289542679e-05,0.0008203678129280799
147,147,147,147,947.5214281623444,-5.2205193103727066e-06,-3.4803462069151383e-06,0.008412324936819336,0.0055007226346028785,-4.197429324196561e-05,0.00014291010933142846,5.8752954994446827e-05,0.0008192098716640786
148,148,148,147,947.5214281623444,-5.2205193103727066e-06,-3.4803462069151383e-06,0.008412324936819336,0.0055007226346028785,-4.197429324196561e-05,0.00014291010933142846,5.8752954994446827e-05,0.0008192098716640786
149,149,149,149,947.3309556079234,-5.509731042491195e-06,-3.673154028327465e-06,0.008418783993144783,0.00550546574538891,-4.1196389706898984e-05,0.0001421467071162984,5.8084387319995434e-05,0.0008158948134199221
150,150,150,149,947.3309556079234,-5.509731042491195e-06,-3.673154028327465e-06,0.008418783993144783,0.00550546574538891,-4.1196389706898984e-05,0.0001421467071162984,5.8084387319995434e-05,0.0008158948134199221
151,151,151,151,941.9287673918468,-6.089367358075304e-06,-4.059578238716869e-06,0.007734835420703714,0.005072870227560463,-4.446426632306183e-05,0.00012736783506268328,5.276936236423696e-05,0.0007726383545756505
152,152,152,151,941.9287673918468,-6.089367358075304e-06,-4.059578238716869e-06,0.007734835420703714,0.005072870227560463,-4.446426632306183e-05,0.00012736783506268328,5.276936236423696e-05,0.0007726383545756505
153,153,153,153,941.6814499182733,-5.499311034717902e-06,-3.6662073564786013e-06,0.007675014224083402,0.00502842105980259,-4.35024763087849e-05,0.0001268062379950277,5.186888573603665e-05,0.0007711529487744403
154,154,154,153,941.6814499182733,-5.499311034717902e-06,-3.6662073564786013e-06,0.007675014224083402,0.00502842105980259,-4.35024763087849e-05,0.0001268062379950277,5.186888573603665e-05,0.0007711529487744403
155,155,155,155,941.4288954618714,-5.170486768624194e-06,-3.446991179082797e-06,0.007678030599429941,0.005025697029043843,-4.273066782103929e-05,0.00012611988893386947,5.118054153926965e-05,0.0007687356869831078
156,156,156,155,942.1361352757347,-5.170486768624194e-06,-3.446991179082797e-06,0.007678030599429941,0.005025697029043843,-4.273066782103929e-05,0.00012611988893386947,5.118054153926965e-05,0.0007687356869831078
157,157,157,157,941.8184970483155,-4.701046896593564e-06,-3.1340312643957083e-06,0.0072345767402206594,0.00477757529319337,-3.92099398756271e-05,0.0001293483640110961,4.685078021184064e-05,0.0007493723331546849
158,158,158,157,941.8184970483155,-4.701046896593564e-06,-3.1340312643957083e-06,0.0072345767402206594,0.00477757529319337,-3.92099398756271e-05,0.0001293483640110961,4.685078021184064e-05,0.0007493723331546849
159,159,159,159,941.6272548897323,-3.0243635276705483e-06,-2.016242351780366e-06,0.0071849236630328875,0.004748358526517553,-3.870469627754308e-05,0.00012906719084331797,4.619204414870598e-05,0.000745091511906906
160,160,160,159,941.6272548897323,-3.0243635276705483e-06,-2.016242351780366e-06,0.0071849236630328875,0.004748358526517553,-3.870469627754308e-05,0.00012906719084331797,4.619204414870598e-05,0.000745091511906906
161,161,161,161,941.4854849060548,-3.946681660343954e-06,-2.6311211068959696e-06,0.0071913205200889825,0.004746220516064379,-3.7665731130148705e-05,0.00012684372792741083,4.452283941770718e-05,0.0007434764029380025
162,162,162,161,941.4854849060548,-3.946681660343954e-06,-2.6311211068959696e-06,0.0071913205200889825,0.004746220516064379,-3.7665731130148705e-05,0.00012684372792741083,4.452283941770718e-05,0.0007434764029380025
163,163,163,163,941.3634428986018,-4.770644949636527e-06,-3.1804299664243522e-06,0.007203298790907105,0.00474805510375686,-3.654326296514965e-05,0.0001252685184514577,4.3079847713914377e-05,0.0007425477638955064
164,164,164,163,941.3634428986018,-4.770644949636527e-06,-3.1804299664243522e-06,0.007203298790907105,0.00474805510375686,-3.654326296514965e-05,0.0001252685184514577,4.3079847713914377e-05,0.0007425477638955064
165,165,165,165,941.2707626368867,-5.703625428482573e-06,-3.802416952321715e-06,0.007217432571256642,0.004750888698222393,-3.5378692404559875e-05,0.00012278526598267847,4.120552531897831e-05,0.0007420244818467359
166,166,166,165,941.2707626368867,-5.703625428482573e-06,-3.802416952321715e-06,0.007217432571256642,0.004750888698222393,-3.5378692404559875e-05,0.00012278526598267847,4.120552531897831e-05,0.0007420244818467359
167,167,167,167,941.2016490637318,-5.632424943335934e-06,-3.7549499622239555e-06,0.007217986987844152,0.004749665735538356,-3.664852975870242e-05,0.00012473907544435634,4.3321774252050305e-05,0.0007426069709104742
168,168,168,167,941.2016490637318,-5.632424943335934e-06,-3.7549499622239555e-06,0.007217986987844152,0.004749665735538356,-3.664852975870242e-05,0.00012473907544435634,4.3321774252050305e-05,0.0007426069709104742
169,169,169,169,941.1378967109756,-5.956045836530421e-06,-3.970697224353614e-06,0.0072189658969081276,0.004749238096976553,-3.710727939556374e-05,0.00012491121208735631,4.391082135021124e-05,0.0007413497634402601
170,170,170,169,941.1378967109756,-5.956045836530421e-06,-3.970697224353614e-06,0.0072189658969081276,0.004749238096976553,-3.710727939556374e-05,0.00012491121208735631,4.391082135021124e-05,0.0007413497634402601
171,171,171,171,941.0740585157126,-5.8062115478318965e-06,-3.870807698554597e-06,0.0072221325292838685,0.004751107770538783,-3.8403145303310404e-05,0.00012717286539686224,4.595897425779816e-05,0.0007419571233115572
172,172,172,171,941.0740585157126,-5.8062115478318965e-06,-3.870807698554597e-06,0.0072221325292838685,0.004751107770538783,-3.8403145303310404e-05,0.00012717286539686224,4.595897425779816e-05,0.0007419571233115572
173,173,173,173,941.0213668737387,-6.305224853286884e-06,-4.2034832355245895e-06,0.007222417624949662,0.004751330357136098,-3.853308794193877e-05,0.00012696169209107443,4.6083215301084834e-05,0.0007393054261866686
174,174,174,173,941.0213668737387,-6.305224853286884e-06,-4.2034832355245895e-06,0.007222417624949662,0.004751330357136098,-3.853308794193877e-05,0.00012696169209107443,4.6083215301084834e-05,0.0007393054261866686
175,175,175,175,940.9622270603543,-6.2509804623911425e-06,-4.167320308260761e-06,0.00722229886680956,0.004752153676654531,-3.9144186853745655e-05,0.0001281238522451653,4.7080432644994175e-05,0.0007380500606900499
176,176,176,175,940.9622270603543,-6.2509804623911425e-06,-4.167320308260761e-06,0.00722229886680956,0.004752153676654531,-3.9144186853745655e-05,0.0001281238522451653,4.7080432644994175e-05,0.0007380500606900499
177,177,177,177,940.9226291708487,-6.4254804527374976e-06,-4.283653635158333e-06,0.007221636122319119,0.004753166396812182,-3.934399080583739e-05,0.00012853855297638369,4.71666567343626e-05,0.0007402330434446564
178,178,178,177,940.9226291708487,-6.4254804527374976e-06,-4.283653635158333e-06,0.007221636122319119,0.004753166396812182,-3.934399080583739e-05,0.00012853855297638369,4.71666567343626e-05,0.0007402330434446564
179,179,179,179,940.8613967902462,-6.487379937775151e-06,-4.324919958516767e-06,0.007227175666849053,0.00475732900261735,-3.900111878431256e-05,0.00012805393034711723,4.691324333147562e-05,0.0007400698511107859
180,180,180,179,940.8613967902462,-6.487379937775151e-06,-4.324919958516767e-06,0.007227175666849053,0.00475732900261735,-3.900111878431256e-05,0.00012805393034711723,4.691324333147562e-05,0.0007400698511107859
181,181,181,181,940.8172623509288,-6.914181850475876e-06,-4.609454566983917e-06,0.007222225447288548,0.004755647442964704,-3.95252105134733e-05,0.00012898390921203527,4.743947105659979e-05,0.0007418445155562869
182,182,182,181,940.8172623509288,-6.914181850475876e-06,-4.609454566983917e-06,0.007222225447288548,0.004755647442964704,-3.95252105134733e-05,0.00012898390921203527,4.743947105659979e-05,0.0007418445155562869
183,183,183,183,940.7603894291061,-7.5567996462577725e-06,-5.037866430838515e-06,0.0072266633951893105,0.004759091920994912,-3.925688657709092e-05,0.00012865600561562908,4.7306753791671874e-05,0.0007418744947015315
184,184,184,183,940.7603894291061,-7.5567996462577725e-06,-5.037866430838515e-06,0.0072266633951893105,0.004759091920994912,-3.925688657709092e-05,0.00012865600561562908,4.7306753791671874e-05,0.0007418744947015315
185,185,185,185,940.7250578072913,-8.638001472105472e-06,-5.758667648070314e-06,0.007221422619565728,0.0047567851843167905,-3.967391705141099e-05,0.00012932795331893024,4.767189951362244e-05,0.0007429314870990607
186,186,186,185,940.7250578072913,-8.638001472105472e-06,-5.758667648070314e-06,0.007221422619565728,0.0047567851843167905,-3.967391705141099e-05,0.00012932795331893024,4.767189951362244e-05,0.0007429314870990607
187,187,187,187,940.6594127814442,-8.59980765130497e-06,-5.73320510086998e-06,0.007225249235631275,0.004759583496945493,-3.938594960292002e-05,0.0001288921133818767,4.748573208321338e-05,0.0007423404008887293
188,188,188,187,940.6594127814442,-8.59980765130497e-06,-5.73320510086998e-06,0.007225249235631275,0.004759583496945493,-3.938594960292002e-05,0.0001288921133818767,4.748573208321338e-05,0.0007423404008887293
189,189,189,189,940.632960660879,-8.67006304439144e-06,-5.780042029594294e-06,0.007219218991787687,0.004756380892204898,-3.964869562200768e-05,0.00012934066630144612,4.76906830858409e-05,0.0007425941636661207
190,190,190,189,940.632960660879,-8.67006304439144e-06,-5.780042029594294e-06,0.007219218991787687,0.004756380892204898,-3.964869562200768e-05,0.00012934066630144612,4.76906830858409e-05,0.0007425941636661207
191,191,191,191,940.5642873840326,-8.594378888143739e-06,-5.729585925429159e-06,0.007224075815945082,0.004759776193152945,-3.9335464913345386e-05,0.00012883264353475871,4.741805736423882e-05,0.0007421584813167955
192,192,192,191,940.5642873840326,-8.594378888143739e-06,-5.729585925429159e-06,0.007224075815945082,0.004759776193152945,-3.9335464913345386e-05,0.00012883264353475871,4.741805736423882e-05,0.0007421584813167955
193,193,193,193,940.5430801001545,-8.688927316646833e-06,-5.7926182110978885e-06,0.007216855390022513,0.004755684868540054,-3.96243353803713e-05,0.0001293760270135616,4.768791592059396e-05,0.0007424027845605932
194,194,194,194,940.351017978484,-8.931236904569095e-06,-5.954157936379397e-06,0.007214448586321444,0.0047521744950732026,-3.9962912547569784e-05,0.00012923744518997908,4.79820648506199e-05,0.0007412257678434887
195,195,195,195,940.0165050614352,-8.287725417832625e-06,-5.525150278555082e-06,0.0072162019536259935,0.00475318606744712,-3.899407832809454e-05,0.0001281275420166479,4.714228520648345e-05,0.0007415269324874052
196,196,196,196,939.9426753897296,-7.0641070138433015e-06,-4.709404675895534e-06,0.0072567201654356915,0.004787770846792789,-3.568479999056795e-05,0.00012796822955663667,4.481011151279829e-05,0.0007466122721180383
197,197,197,196,939.9426753897296,-7.0641070138433015e-06,-4.709404675895534e-06,0.0072567201654356915,0.004787770846792789,-3.568479999056795e-05,0.00012796822955663667,4.481011151279829e-05,0.0007466122721180383
198,198,198,198,939.7082069228306,-7.119718828441091e-06,-4.746479218960727e-06,0.00727055891477955,0.004792779791622417,-3.482712502131391e-05,0.00012706264083171557,4.427244361576016e-05,0.0007447512515152735
199,199,199,198,939.7082069228306,-7.119718828441091e-06,-4.746479218960727e-06,0.00727055891477955,0.004792779791622417,-3.482712502131391e-05,0.00012706264083171557,4.427244361576016e-05,0.0007447512515152735
200,200,200,200,939.495892803559,-6.880811089848837e-06,-4.587207393232558e-06,0.007282463774959026,0.004803865697289944,-3.485180418617145e-05,0.00012708976782407482,4.384199608205991e-05,0.0007471115087490809
201,201,201,200,939.495892803559,-6.880811089848837e-06,-4.587207393232558e-06,0.007282463774959026,0.004803865697289944,-3.485180418617145e-05,0.00012708976782407482,4.384199608205991e-05,0.0007471115087490809
202,202,202,200,939.495892803559,-6.880811089848837e-06,-4.587207393232558e-06,0.007282463774959026,0.004803865697289944,-3.485180418617145e-05,0.00012708976782407482,4.384199608205991e-05,0.0007471115087490809
203,203,203,203,938.8413108011291,-7.66170727556359e-06,-5.107804850375726e-06,0.007260975831528959,0.004783697500492758,-3.705457789159039e-05,0.00012833130576090585,4.613231703975984e-05,0.0007449124060852705
204,204,204,203,938.8413108011291,-7.66170727556359e-06,-5.107804850375726e-06,0.007260975831528959,0.004783697500492758,-3.705457789159039e-05,0.00012833130576090585,4.613231703975984e-05,0.0007449124060852705
205,205,205,205,938.8364363411821,-7.052880963198671e-06,-4.701920642132448e-06,0.007286054506061954,0.004797654730666118,-3.622375251673832e-05,0.00012715228523998853,4.536535453019547e-05,0.0007457651910772209
206,206,206,206,938.7157461540633,-7.293801019186974e-06,-4.862534012791315e-06,0.007282634169096109,0.004795750610370587,-3.7108464278380604e-05,0.00012841714254601297,4.664499959439877e-05,0.0007456203293765858
207,207,207,206,938.7157461540633,-7.293801019186974e-06,-4.862534012791315e-06,0.007282634169096109,0.004795750610370587,-3.7108464278380604e-05,0.00012841714254601297,4.664499959439877e-05,0.0007456203293765858
208,208,208,208,938.7143929623774,-7.118426440716474e-06,-4.7456176271443145e-06,0.007292066454736686,0.004798263711236784,-3.6525624091329756e-05,0.0001271468942149733,4.569957543137937e-05,0.0007453763005328407
209,209,209,209,938.6575455529966,-7.331430623175317e-06,-4.88762041545021e-06,0.007288387591784039,0.0047969476472577745,-3.703939908775156e-05,0.00012807255328063083,4.638323466327199e-05,0.0007454957512717917
210,210,210,209,938.6575455529966,-7.331430623175317e-06,-4.88762041545021e-06,0.007288387591784039,0.0047969476472577745,-3.703939908775156e-05,0.00012807255328063083,4.638323466327199e-05,0.0007454957512717917
211,211,211,211,938.6526300757082,-7.27943576586676e-06,-4.852957177244506e-06,0.007285004590670801,0.004795979987023036,-3.7235723751402605e-05,0.00012845551717469882,4.671755368694519e-05,0.0007458025744499074
212,212,212,211,938.6526300757082,-7.27943576586676e-06,-4.852957177244506e-06,0.007285004590670801,0.004795979987023036,-3.7235723751402605e-05,0.00012845551717469882,4.671755368694519e-05,0.0007458025744499074
213,213,213,213,938.6394708723788,-7.161633805291556e-06,-4.774422536861038e-06,0.007287396551069427,0.004796182606988341,-3.689994524178064e-05,0.0001277293201145344,4.616392668894964e-05,0.0007456353441855012
214,214,214,213,938.6394708723788,-7.161633805291556e-06,-4.774422536861038e-06,0.007287396551069427,0.004796182606988341,-3.689994524178064e-05,0.0001277293201145344,4.616392668894964e-05,0.0007456353441855012
215,215,215,215,938.6345415729902,-7.239959051413836e-06,-4.826639367609224e-06,0.007283520626143361,0.004795361032630808,-3.722141194149875e-05,0.00012846595227049387,4.6717826306934274e-05,0.0007458975101964185
216,216,216,215,938.6345415729902,-7.239959051413836e-06,-4.826639367609224e-06,0.007283520626143361,0.004795361032630808,-3.722141194149875e-05,0.00012846595227049387,4.6717826306934274e-05,0.0007458975101964185
217,217,217,217,938.6206536021473,-7.116684969110665e-06,-4.7444566460737754e-06,0.007286818350160436,0.004795964566468554,-3.689506009164206e-05,0.00012772295873700416,4.617370906223606e-05,0.0007456533520926592
218,218,218,217,938.6206536021473,-7.116684969110665e-06,-4.7444566460737754e-06,0.007286818350160436,0.004795964566468554,-3.689506009164206e-05,0.00012772295873700416,4.617370906223606e-05,0.0007456533520926592
219,219,219,219,938.6156563827305,-7.200079564229078e-06,-4.800053042819386e-06,0.007282941003765381,0.004795108274879171,-3.72226137538359e-05,0.00012848904432067102,4.6737845525050836e-05,0.0007460518061348533
220,220,220,219,938.6156563827305,-7.200079564229078e-06,-4.800053042819386e-06,0.007282941003765381,0.004795108274879171,-3.72226137538359e-05,0.00012848904432067102,4.6737845525050836e-05,0.0007460518061348533
221,221,221,221,938.6021148893273,-7.096152900315511e-06,-4.730768600210341e-06,0.007286443492289623,0.004795948508880755,-3.690627979884703e-05,0.00012776604553636653,4.619402571184872e-05,0.0007457863054123405
222,222,222,221,938.6021148893273,-7.096152900315511e-06,-4.730768600210341e-06,0.007286443492289623,0.004795948508880755,-3.690627979884703e-05,0.00012776604553636653,4.619402571184872e-05,0.0007457863054123405
223,223,223,223,938.5970918472337,-7.166238059463925e-06,-4.777492039642617e-06,0.007282288094467716,0.004794884440380783,-3.722422281553228e-05,0.00012850892630647957,4.674900104231078e-05,0.0007461271662152144
224,224,224,223,938.5970918472337,-7.166238059463925e-06,-4.777492039642617e-06,0.007282288094467716,0.004794884440380783,-3.722422281553228e-05,0.00012850892630647957,4.674900104231078e-05,0.0007461271662152144
225,225,225,225,938.5837274019739,-7.058464089909622e-06,-4.705642726606415e-06,0.007285917341729051,0.004795827402883337,-3.691392801284665e-05,0.0001278001391776124,4.6211623005387725e-05,0.000745917023052858
226,226,226,225,938.5837274019739,-7.058464089909622e-06,-4.705642726606415e-06,0.007285917341729051,0.004795827402883337,-3.691392801284665e-05,0.0001278001391776124,4.6211623005387725e-05,0.000745917023052858
227,227,227,227,938.5787574430342,-7.1238017577968105e-06,-4.74920117186454e-06,0.007281957797123063,0.004794909282607397,-3.722353441798498e-05,0.00012852750933933218,4.6754513138694276e-05,0.0007462545859730331
228,228,228,227,938.5787574430342,-7.1238017577968105e-06,-4.74920117186454e-06,0.007281957797123063,0.004794909282607397,-3.722353441798498e-05,0.00012852750933933218,4.6754513138694276e-05,0.0007462545859730331
229,229,229,229,938.5654604537287,-7.019619233605834e-06,-4.679746155737223e-06,0.007285413765974927,0.004795711827642755,-3.691656272594018e-05,0.0001278268282317417,4.622290851397787e-05,0.0007460513385469259
230,230,230,229,938.5654604537287,-7.019619233605834e-06,-4.679746155737223e-06,0.007285413765974927,0.004795711827642755,-3.691656272594018e-05,0.0001278268282317417,4.622290851397787e-05,0.0007460513385469259
231,231,231,231,938.5605781962958,-7.080458082425745e-06,-4.7203053882838306e-06,0.007281446022508496,0.004794790553886924,-3.72280959011137e-05,0.00012855656640368775,4.6768255554587024e-05,0.0007463937124238675
232,232,232,231,938.5605781962958,-7.080458082425745e-06,-4.7203053882838306e-06,0.007281446022508496,0.004794790553886924,-3.72280959011137e-05,0.00012855656640368775,4.6768255554587024e-05,0.0007463937124238675
233,233,233,233,938.5473762446718,-6.978590385287031e-06,-4.652393590191356e-06,0.007284882976143363,0.004795588598203291,-3.692147787454081e-05,0.00012785736844380844,4.623722464842245e-05,0.0007461944955250916
234,234,234,233,938.5473762446718,-6.978590385287031e-06,-4.652393590191356e-06,0.007284882976143363,0.004795588598203291,-3.692147787454081e-05,0.00012785736844380844,4.623722464842245e-05,0.0007461944955250916
235,235,235,235,938.5425528381298,-7.0215356715030985e-06,-4.681023781002066e-06,0.00728111031337112,0.0047947627110994165,-3.721567081088617e-05,0.00012855110199381535,4.676211761634602e-05,0.0007465561806928642
236,236,236,235,938.5425528381298,-7.0215356715030985e-06,-4.681023781002066e-06,0.00728111031337112,0.0047947627110994165,-3.721567081088617e-05,0.00012855110199381535,4.676211761634602e-05,0.0007465561806928642
237,237,237,237,938.5294428119387,-6.917396094346939e-06,-4.611597396231294e-06,0.007284493150924429,0.004795510067869617,-3.6908097767081316e-05,0.00012785372714662285,4.6232336438627175e-05,0.0007463981926416754
238,238,238,237,938.5294428119387,-6.917396094346939e-06,-4.611597396231294e-06,0.007284493150924429,0.004795510067869617,-3.6908097767081316e-05,0.00012785372714662285,4.6232336438627175e-05,0.0007463981926416754
239,239,239,239,938.5247169632652,-6.960811703177194e-06,-4.640541135451463e-06,0.007280729511504584,0.004794681383850476,-3.7210535113206544e-05,0.00012856128076550022,4.676762525313016e-05,0.0007467153637018336
240,240,240,239,938.5247169632652,-6.960811703177194e-06,-4.640541135451463e-06,0.007280729511504584,0.004794681383850476,-3.7210535113206544e-05,0.00012856128076550022,4.676762525313016e-05,0.0007467153637018336
241,241,241,241,938.5117212535297,-6.824864581062018e-06,-4.549909720708013e-06,0.007284296738822087,0.00479557377315508,-3.6892350249395633e-05,0.00012783926876569376,4.6221434581127097e-05,0.0007465623868081787
242,242,242,241,938.5117212535297,-6.824864581062018e-06,-4.549909720708013e-06,0.007284296738822087,0.00479557377315508,-3.6892350249395633e-05,0.00012783926876569376,4.6221434581127097e-05,0.0007465623868081787
243,243,243,243,938.5070826958068,-6.8815718174686236e-06,-4.587714544979083e-06,0.007280430914433068,0.004794678065431649,-3.719711349832455e-05,0.00012855746888579985,4.675989955698484e-05,0.0007469147631098301
244,244,244,243,938.5070826958068,-6.8815718174686236e-06,-4.587714544979083e-06,0.007280430914433068,0.004794678065431649,-3.719711349832455e-05,0.00012855746888579985,4.675989955698484e-05,0.0007469147631098301
245,245,245,245,938.4941889148031,-6.764000507031298e-06,-4.5093336713541996e-06,0.007283885056476949,0.004795496609341768,-3.6887954222124264e-05,0.0001278497107235421,4.622435789392726e-05,0.0007467217850698815
246,246,246,245,938.4941889148031,-6.764000507031298e-06,-4.5093336713541996e-06,0.007283885056476949,0.004795496609341768,-3.6887954222124264e-05,0.0001278497107235421,4.622435789392726e-05,0.0007467217850698815
247,247,247,247,938.4896193755169,-6.807503970057693e-06,-4.538335980038461e-06,0.0072800697248387196,0.004794636132555252,-3.718853399213573e-05,0.00012854992474875928,4.675808766041456e-05,0.0007470890941833752
248,248,248,247,938.4896193755169,-6.807503970057693e-06,-4.538335980038461e-06,0.0072800697248387196,0.004794636132555252,-3.718853399213573e-05,0.00012854992474875928,4.675808766041456e-05,0.0007470890941833752
249,249,249,249,938.476840302464,-6.6897741003435485e-06,-4.4598494002290315e-06,0.00728346669465169,0.004795418219710698,-3.68807067184021e-05,0.00012786014090465176,4.6224197888876384e-05,0.0007469438400745675
250,250,250,249,938.476840302464,-6.6897741003435485e-06,-4.4598494002290315e-06,0.00728346669465169,0.004795418219710698,-3.68807067184021e-05,0.00012786014090465176,4.6224197888876384e-05,0.0007469438400745675
251,251,251,251,938.4723435256703,-6.724129053448102e-06,-4.482752702298734e-06,0.00727969590373409,0.004794584283019856,-3.7178704188414735e-05,0.00012855552076891996,4.6754503299065164e-05,0.0007472870806515129
252,252,252,251,938.4723435256703,-6.724129053448102e-06,-4.482752702298734e-06,0.00727969590373409,0.004794584283019856,-3.7178704188414735e-05,0.00012855552076891996,4.6754503299065164e-05,0.0007472870806515129
253,253,253,253,938.4596606188927,-6.537277447232759e-06,-4.358184964821839e-06,0.00728369682633264,0.004795976345066531,-3.68666834656764e-05,0.00012783505246795817,4.621490204280432e-05,0.000747026740002832
254,254,254,253,938.4596606188927,-6.537277447232759e-06,-4.358184964821839e-06,0.00728369682633264,0.004795976345066531,-3.68666834656764e-05,0.00012783505246795817,4.621490204280432e-05,0.000747026740002832
255,255,255,255,938.4552725474475,-6.643756110230603e-06,-4.429170740153736e-06,0.007279345320657729,0.004794545309826764,-3.716997194230104e-05,0.00012855758833917163,4.675190611024699e-05,0.0007474828845088646
256,256,256,255,938.4552725474475,-6.643756110230603e-06,-4.429170740153736e-06,0.007279345320657729,0.004794545309826764,-3.716997194230104e-05,0.00012855758833917163,4.675190611024699e-05,0.0007474828845088646
257,257,257,257,938.4426953735336,-6.503029181537112e-06,-4.335352787691407e-06,0.007282921687275369,0.00479544646855101,-3.686404562537604e-05,0.00012786108526676265,4.622171669106667e-05,0.0007472816275184362
258,258,258,257,938.4426953735336,-6.503029181537112e-06,-4.335352787691407e-06,0.007282921687275369,0.00479544646855101,-3.686404562537604e-05,0.00012786108526676265,4.622171669106667e-05,0.0007472816275184362
259,259,259,259,938.4384157535568,-6.551129055232252e-06,-4.367419370154834e-06,0.007279030110052011,0.004794522099670184,-3.716238339426109e-05,0.00012855151587286688,4.675271163320782e-05,0.0007476877362938251
260,260,260,259,938.4384157535568,-6.551129055232252e-06,-4.367419370154834e-06,0.007279030110052011,0.004794522099670184,-3.716238339426109e-05,0.00012855151587286688,4.675271163320782e-05,0.0007476877362938251
261,261,261,261,938.4259307573506,-6.391185749354822e-06,-4.260790499569882e-06,0.007282458876674842,0.004795343421222809,-3.685246346002424e-05,0.00012786543186029672,4.6215577589589496e-05,0.000747567795037363
262,262,262,261,938.4259307573506,-6.391185749354822e-06,-4.260790499569882e-06,0.007282458876674842,0.004795343421222809,-3.685246346002424e-05,0.00012786543186029672,4.6215577589589496e-05,0.000747567795037363
263,263,263,263,938.4217162763642,-6.445644654545779e-06,-4.297096436363853e-06,0.007278696080058003,0.004794498091907685,-3.715212485751185e-05,0.0001285587170694596,4.674859028581946e-05,0.0007479118486977364
264,264,264,263,938.4217162763642,-6.445644654545779e-06,-4.297096436363853e-06,0.007278696080058003,0.004794498091907685,-3.715212485751185e-05,0.0001285587170694596,4.674859028581946e-05,0.0007479118486977364
265,265,265,265,938.409350441337,-6.25279299779069e-06,-4.168528665193795e-06,0.007282222546505619,0.004795385106294772,-3.6840828648534996e-05,0.0001278576769428577,4.6209399016852726e-05,0.0007477533346640082
266,266,266,265,938.409350441337,-6.25279299779069e-06,-4.168528665193795e-06,0.007282222546505619,0.004795385106294772,-3.6840828648534996e-05,0.0001278576769428577,4.6209399016852726e-05,0.0007477533346640082
267,267,267,267,938.4051852962984,-6.332118069052317e-06,-4.221412046034877e-06,0.007278292468859034,0.004794429906914492,-3.713763877738474e-05,0.0001285699939400837,4.6738851887606625e-05,0.0007481495997646602
268,268,268,267,938.4051852962984,-6.332118069052317e-06,-4.221412046034877e-06,0.007278292468859034,0.004794429906914492,-3.713763877738474e-05,0.0001285699939400837,4.6738851887606625e-05,0.0007481495997646602
269,269,269,269,938.392969734887,-6.104514986893239e-06,-4.069676657928826e-06,0.0072818339409922205,0.004795315658947071,-3.682750126983436e-05,0.0001278526574640782,4.620140679005569e-05,0.0007479813568611655
270,270,270,269,938.392969734887,-6.104514986893239e-06,-4.069676657928826e-06,0.0072818339409922205,0.004795315658947071,-3.682750126983436e-05,0.0001278526574640782,4.620140679005569e-05,0.0007479813568611655
271,271,271,271,938.3888816717216,-6.1933197662011885e-06,-4.128879844134125e-06,0.007277978154364055,0.004794405487271284,-3.712190133676324e-05,0.00012853891501370668,4.6726902177406104e-05,0.0007483707241770634
272,272,272,271,938.3888816717216,-6.1933197662011885e-06,-4.128879844134125e-06,0.007277978154364055,0.004794405487271284,-3.712190133676324e-05,0.00012853891501370668,4.6726902177406104e-05,0.0007483707241770634
273,273,273,273,938.3767816460913,-5.901461575336109e-06,-3.934307716890738e-06,0.007281562327951715,0.00479533733529094,-3.681855037857701e-05,0.0001278541760400333,4.6198586060759717e-05,0.0007482217034022705
274,274,274,273,938.3767816460913,-5.901461575336109e-06,-3.934307716890738e-06,0.007281562327951715,0.00479533733529094,-3.681855037857701e-05,0.0001278541760400333,4.6198586060759717e-05,0.0007482217034022705
275,275,275,275,938.3727886066131,-6.036938163811456e-06,-4.0246254425409704e-06,0.007277635760199211,0.004794377534896217,-3.7118894643160816e-05,0.00012855853524211243,4.673155576134097e-05,0.0007486098430574408
276,276,276,275,938.3727886066131,-6.036938163811456e-06,-4.0246254425409704e-06,0.007277635760199211,0.004794377534896217,-3.7118894643160816e-05,0.00012855853524211243,4.673155576134097e-05,0.0007486098430574408
277,277,277,277,938.3608028045985,-5.62485236374477e-06,-3.7499015758298464e-06,0.0072812144538970365,0.004795332695549527,-3.681307046703164e-05,0.00012786431202414873,4.619929492391539e-05,0.0007484703949553727
278,278,278,277,938.3608028045985,-5.62485236374477e-06,-3.7499015758298464e-06,0.0072812144538970365,0.004795332695549527,-3.681307046703164e-05,0.00012786431202414873,4.619929492391539e-05,0.0007484703949553727
279,279,279,279,938.3568839314696,-5.8772161569131676e-06,-3.9181441046087775e-06,0.00727730367207632,0.004794354937068777,-3.710866856051348e-05,0.0001285677788848119,4.672773516545964e-05,0.0007488536980972634
280,280,280,279,938.3568839314696,-5.8772161569131676e-06,-3.9181441046087775e-06,0.00727730367207632,0.004794354937068777,-3.710866856051348e-05,0.0001285677788848119,4.672773516545964e-05,0.0007488536980972634
281,281,281,281,938.3449995223643,-5.3627747356455036e-06,-3.575183157097002e-06,0.007281094234575771,0.004795393031151292,-3.6797989678601095e-05,0.00012784964534650717,4.6190821003808114e-05,0.0007486787144052032
282,282,282,281,938.3449995223643,-5.3627747356455036e-06,-3.575183157097002e-06,0.007281094234575771,0.004795393031151292,-3.6797989678601095e-05,0.00012784964534650717,4.6190821003808114e-05,0.0007486787144052032
283,283,283,283,938.341215424039,-5.679217570692119e-06,-3.7861450471280812e-06,0.0072768401129040365,0.004794252070755873,-3.709731244808806e-05,0.00012855367727138524,4.6722020703368616e-05,0.0007490272956159626
284,284,284,283,938.341215424039,-5.679217570692119e-06,-3.7861450471280812e-06,0.0072768401129040365,0.004794252070755873,-3.709731244808806e-05,0.00012855367727138524,4.6722020703368616e-05,0.0007490272956159626
285,285,285,285,938.3294454996358,-5.348635366719812e-06,-3.5657569111465425e-06,0.0072802526496248965,0.004795036659278162,-3.679233540471866e-05,0.00012786249302558213,4.619206436530521e-05,0.0007488459185469737
286,286,286,285,938.3294454996358,-5.348635366719812e-06,-3.5657569111465425e-06,0.0072802526496248965,0.004795036659278162,-3.679233540471866e-05,0.00012786249302558213,4.619206436530521e-05,0.0007488459185469737
287,287,287,287,938.325665867058,-5.639069560442467e-06,-3.759379706961645e-06,0.00727621185126875,0.004794034843219438,-3.7093945583592525e-05,0.00012856947639792242,4.672655961844574e-05,0.0007491975395437099
288,288,288,287,938.325665867058,-5.639069560442467e-06,-3.759379706961645e-06,0.00727621185126875,0.004794034843219438,-3.7093945583592525e-05,0.00012856947639792242,4.672655961844574e-05,0.0007491975395437099
289,289,289,289,938.3140518669953,-5.336506543551778e-06,-3.557671029034519e-06,0.007279671781189917,0.00479485780300738,-3.678974794545098e-05,0.00012787381770225297,4.619711767732404e-05,0.0007489539158774157
290,290,290,289,938.3140518669953,-5.336506543551778e-06,-3.557671029034519e-06,0.007279671781189917,0.00479485780300738,-3.678974794545098e-05,0.00012787381770225297,4.619711767732404e-05,0.0007489539158774157
291,291,291,291,938.3103119131376,-5.557252367616172e-06,-3.704834911744115e-06,0.007275714335260403,0.004793902031210755,-3.708613168485614e-05,0.00012856164058007696,4.6726396993969355e-05,0.0007493060356475042
292,292,292,291,938.3103119131376,-5.557252367616172e-06,-3.704834911744115e-06,0.007275714335260403,0.004793902031210755,-3.708613168485614e-05,0.00012856164058007696,4.6726396993969355e-05,0.0007493060356475042
293,293,293,293,938.2987566129368,-5.325116857440859e-06,-3.5500779049605714e-06,0.0072789918425048795,0.004794632201723156,-3.6787501498901365e-05,0.00012789540958760493,4.62032408908436e-05,0.0007491548763602391
294,294,294,293,938.2987566129368,-5.325116857440859e-06,-3.5500779049605714e-06,0.0072789918425048795,0.004794632201723156,-3.6787501498901365e-05,0.00012789540958760493,4.62032408908436e-05,0.0007491548763602391
295,295,295,295,938.2952024782451,-5.443946481553663e-06,-3.62929765436911e-06,0.007275156020487933,0.004793731765231049,-3.7080979905124156e-05,0.00012857695469438156,4.672836465414998e-05,0.0007494414159279852
296,296,296,295,938.2952024782451,-5.443946481553663e-06,-3.62929765436911e-06,0.007275156020487933,0.004793731765231049,-3.7080979905124156e-05,0.00012857695469438156,4.672836465414998e-05,0.0007494414159279852
297,297,297,297,938.2837329495801,-5.314797383942915e-06,-3.5431982559619426e-06,0.007278464294145586,0.004794490641763434,-3.678409596238191e-05,0.00012790720910433077,4.620735897099132e-05,0.0007493016132489249
298,298,298,297,938.2837329495801,-5.314797383942915e-06,-3.5431982559619426e-06,0.007278464294145586,0.004794490641763434,-3.678409596238191e-05,0.00012790720910433077,4.620735897099132e-05,0.0007493016132489249
299,299,299,299,938.2802123504591,-5.2329666530570584e-06,-3.4886444353713726e-06,0.00727452361294037,0.004793519701704371,-3.706916081656214e-05,0.00012857467095812774,4.6722581378146055e-05,0.0007495830338083787
300,300,300,299,938.2802123504591,-5.2329666530570584e-06,-3.4886444353713726e-06,0.00727452361294037,0.004793519701704371,-3.706916081656214e-05,0.00012857467095812774,4.6722581378146055e-05,0.0007495830338083787
301,301,301,301,938.2688641859072,-5.30640835300078e-06,-3.5376055686671864e-06,0.007278195894839169,0.004794489409737538,-3.6770066039824856e-05,0.00012789000353603764,4.6199663855217565e-05,0.0007494421275980518
302,302,302,301,938.2688641859072,-5.30640835300078e-06,-3.5376055686671864e-06,0.007278195894839169,0.004794489409737538,-3.6770066039824856e-05,0.00012789000353603764,4.6199663855217565e-05,0.0007494421275980518
303,303,303,303,938.2654194955876,-5.218921362182272e-06,-3.479280908121515e-06,0.007273992502456414,0.004793382493724102,-3.706698684464299e-05,0.0001285914909002449,4.67277193367463e-05,0.0007497962977503336
304,304,304,303,938.2654194955876,-5.218921362182272e-06,-3.479280908121515e-06,0.007273992502456414,0.004793382493724102,-3.706698684464299e-05,0.0001285914909002449,4.67277193367463e-05,0.0007497962977503336
305,305,305,305,938.254165729456,-5.2925295651318205e-06,-3.5283530434212134e-06,0.007277328002765542,0.004794150556890495,-3.6769889860753524e-05,0.00012791970799493803,4.6206351738610485e-05,0.0007496216712997415
306,306,306,305,938.254165729456,-5.2925295651318205e-06,-3.5283530434212134e-06,0.007277328002765542,0.004794150556890495,-3.6769889860753524e-05,0.00012791970799493803,4.6206351738610485e-05,0.0007496216712997415
307,307,307,307,938.2507345203973,-5.211086423845268e-06,-3.4740576158968457e-06,0.007273089388354082,0.004793006692858266,-3.7058058431301e-05,0.00012860120223033415,4.672499040566519e-05,0.0007499760214755235
308,308,308,307,938.2507345203973,-5.211086423845268e-06,-3.4740576158968457e-06,0.007273089388354082,0.004793006692858266,-3.7058058431301e-05,0.00012860120223033415,4.672499040566519e-05,0.0007499760214755235
309,309,309,309,938.2396394847256,-5.2816079643136504e-06,-3.5210719762090994e-06,0.00727678477392435,0.00479398969759449,-3.676557126741642e-05,0.00012792044299967422,4.6209979436898085e-05,0.0007496967131846825
310,310,310,309,938.2396394847256,-5.2816079643136504e-06,-3.5210719762090994e-06,0.00727678477392435,0.00479398969759449,-3.676557126741642e-05,0.00012792044299967422,4.6209979436898085e-05,0.0007496967131846825
311,311,311,311,938.2362829341163,-5.2010807473634735e-06,-3.467387164908981e-06,0.00727257553501829,0.004792850043684286,-3.704704902114664e-05,0.00012858892025000056,4.671991923280855e-05,0.0007500376096914577
312,312,312,311,938.2362829341163,-5.2010807473634735e-06,-3.467387164908981e-06,0.00727257553501829,0.004792850043684286,-3.704704902114664e-05,0.00012858892025000056,4.671991923280855e-05,0.0007500376096914577
313,313,313,313,938.2252948279074,-5.2722851481001864e-06,-3.5148567654001237e-06,0.007276121141447281,0.004793745547822978,-3.6755809593322364e-05,0.00012791751216972987,4.620616145224049e-05,0.0007497963723956101
314,314,314,313,938.2252948279074,-5.2722851481001864e-06,-3.5148567654001237e-06,0.007276121141447281,0.004793745547822978,-3.6755809593322364e-05,0.00012791751216972987,4.620616145224049e-05,0.0007497963723956101
315,315,315,315,938.2220543857536,-5.201053876607853e-06,-3.467369251071901e-06,0.007272099032716373,0.004792783846240359,-3.7049860909431354e-05,0.00012860942434050334,4.67293943020794e-05,0.0007501249260563924
316,316,316,315,938.2220543857536,-5.201053876607853e-06,-3.467369251071901e-06,0.007272099032716373,0.004792783846240359,-3.7049860909431354e-05,0.00012860942434050334,4.67293943020794e-05,0.0007501249260563924
317,317,317,317,938.2112026966336,-5.264756752193511e-06,-3.5098378347956744e-06,0.007275404345590948,0.004793445985972813,-3.675471875436154e-05,0.0001279281058129766,4.621324472206534e-05,0.0007498662127281802
318,318,318,317,938.2112026966336,-5.264756752193511e-06,-3.5098378347956744e-06,0.007275404345590948,0.004793445985972813,-3.675471875436154e-05,0.0001279281058129766,4.621324472206534e-05,0.0007498662127281802
319,319,319,319,938.2079884534689,-5.187918631133215e-06,-3.458612420755477e-06,0.007271225697605063,0.004792354965570077,-3.7033880410423936e-05,0.000128596984181216,4.6720228271020237e-05,0.0007502123695061652
320,320,320,319,938.2079884534689,-5.187918631133215e-06,-3.458612420755477e-06,0.007271225697605063,0.004792354965570077,-3.7033880410423936e-05,0.000128596984181216,4.6720228271020237e-05,0.0007502123695061652
321,321,321,321,938.1971959369226,-5.2618863297104745e-06,-3.5079242198069833e-06,0.007274591608971679,0.0047931398148758474,-3.6744645988864844e-05,0.00012794110218299152,4.620849927844395e-05,0.0007499566340801375
322,322,322,321,938.1971959369226,-5.2618863297104745e-06,-3.5079242198069833e-06,0.007274591608971679,0.0047931398148758474,-3.6744645988864844e-05,0.00012794110218299152,4.620849927844395e-05,0.0007499566340801375
323,323,323,323,938.1941002526862,-5.407063269152745e-06,-3.604708846101831e-06,0.007270218380375061,0.0047919637679824535,-3.702923024904298e-05,0.00012861725087115334,4.671775313352944e-05,0.0007503082018796787
324,324,324,323,938.1941002526862,-5.407063269152745e-06,-3.604708846101831e-06,0.007270218380375061,0.0047919637679824535,-3.702923024904298e-05,0.00012861725087115334,4.671775313352944e-05,0.0007503082018796787
325,325,325,325,938.1834045863377,-5.264379134145569e-06,-3.50958608943038e-06,0.007273685129923922,0.004792810097084495,-3.67372290830878e-05,0.00012794007821301717,4.620305664893021e-05,0.0007499722274761718
326,326,326,325,938.1834045863377,-5.264379134145569e-06,-3.50958608943038e-06,0.007273685129923922,0.004792810097084495,-3.67372290830878e-05,0.00012794007821301717,4.620305664893021e-05,0.0007499722274761718
327,327,327,327,938.1802794042364,-5.646145582183237e-06,-3.7640970547888246e-06,0.007269302720900785,0.004791584988040062,-3.701691029511095e-05,0.00012860829528577313,4.670900577156967e-05,0.0007502625021812252
328,328,328,327,938.1802794042364,-5.646145582183237e-06,-3.7640970547888246e-06,0.007269302720900785,0.004791584988040062,-3.701691029511095e-05,0.00012860829528577313,4.670900577156967e-05,0.0007502625021812252
329,329,329,329,938.1696515387673,-5.614297437089855e-06,-3.7428649580599017e-06,0.007272679329085034,0.004792375375658195,-3.6730403946944046e-05,0.00012795340265503848,4.620391899751858e-05,0.0007500258926834651
330,330,330,329,938.1696515387673,-5.614297437089855e-06,-3.7428649580599017e-06,0.007272679329085034,0.004792375375658195,-3.6730403946944046e-05,0.00012795340265503848,4.620391899751858e-05,0.0007500258926834651
331,331,331,331,938.1666610262985,-5.802605888310941e-06,-3.868403925540627e-06,0.007268558384050119,0.004791280842266135,-3.700503383793907e-05,0.00012860405186241084,4.6703908125181326e-05,0.0007502543374707064
332,332,332,331,938.1666610262985,-5.802605888310941e-06,-3.868403925540627e-06,0.007268558384050119,0.004791280842266135,-3.700503383793907e-05,0.00012860405186241084,4.6703908125181326e-05,0.0007502543374707064
333,333,333,333,938.1561390647687,-5.808838713566855e-06,-3.8725591423779014e-06,0.007271777928603014,0.004792001698684627,-3.672111862951244e-05,0.00012795413972942841,4.619914412293952e-05,0.0007500100036819165
334,334,334,333,938.1561390647687,-5.808838713566855e-06,-3.8725591423779014e-06,0.007271777928603014,0.004792001698684627,-3.672111862951244e-05,0.00012795413972942841,4.619914412293952e-05,0.0007500100036819165
335,335,335,335,938.1531809831555,-5.932755370835485e-06,-3.9551702472236565e-06,0.007267561783954356,0.004790849855935972,-3.6996430531434366e-05,0.00012859669327860014,4.670037514595965e-05,0.0007502471940062064
336,336,336,335,938.1531809831555,-5.932755370835485e-06,-3.9551702472236565e-06,0.007267561783954356,0.004790849855935972,-3.6996430531434366e-05,0.00012859669327860014,4.670037514595965e-05,0.0007502471940062064
337,337,337,337,938.1427279339543,-5.9708831246230165e-06,-3.980588749748677e-06,0.007270922063082602,0.0047916522217245645,-3.6714709053808914e-05,0.0001279553668899844,4.619786457251557e-05,0.0007499720996071809
338,338,338,337,938.1427279339543,-5.9708831246230165e-06,-3.980588749748677e-06,0.007270922063082602,0.0047916522217245645,-3.6714709053808914e-05,0.0001279553668899844,4.619786457251557e-05,0.0007499720996071809
339,339,339,339,938.1398091277706,-6.06007551787191e-06,-4.040050345247941e-06,0.00726658046731585,0.0047904264762107795,-3.698055035253334e-05,0.00012858380305000625,4.668725361114262e-05,0.00075024869332878
340,340,340,339,938.1398091277706,-6.06007551787191e-06,-4.040050345247941e-06,0.00726658046731585,0.0047904264762107795,-3.698055035253334e-05,0.00012858380305000625,4.668725361114262e-05,0.00075024869332878
341,341,341,341,938.1295348004787,-6.102517272565944e-06,-4.068344848377295e-06,0.007269846081877411,0.00479118592814751,-3.670282825019716e-05,0.00012796036943329818,4.618959411101242e-05,0.0007499760556968409
342,342,342,341,938.1295348004787,-6.102517272565944e-06,-4.068344848377295e-06,0.007269846081877411,0.00479118592814751,-3.670282825019716e-05,0.00012796036943329818,4.618959411101242e-05,0.0007499760556968409
343,343,343,343,938.1266382203167,-6.171641321495169e-06,-4.114427547663447e-06,0.007265659423372303,0.004790069336976994,-3.698396039066021e-05,0.00012862343068501214,4.669735462377311e-05,0.0007502675448902184
344,344,344,343,938.1266382203167,-6.171641321495169e-06,-4.114427547663447e-06,0.007265659423372303,0.004790069336976994,-3.698396039066021e-05,0.00012862343068501214,4.669735462377311e-05,0.0007502675448902184
345,345,345,345,938.1164304128786,-6.238956048065791e-06,-4.159304032043861e-06,0.007268992984615827,0.004790854849123244,-3.6697334476989973e-05,0.0001279639912203939,4.6187861772781225e-05,0.0007499321200657866
346,346,346,345,938.1164304128786,-6.238956048065791e-06,-4.159304032043861e-06,0.007268992984615827,0.004790854849123244,-3.6697334476989973e-05,0.0001279639912203939,4.6187861772781225e-05,0.0007499321200657866
347,347,347,347,938.1135818062123,-6.291067098374015e-06,-4.1940447322493445e-06,0.0072646291477441545,0.00478964271350679,-3.697514390586798e-05,0.0001286289662940672,4.6690393209661285e-05,0.0007502377137821774
348,348,348,347,938.1135818062123,-6.291067098374015e-06,-4.1940447322493445e-06,0.0072646291477441545,0.00478964271350679,-3.697514390586798e-05,0.0001286289662940672,4.6690393209661285e-05,0.0007502377137821774
349,349,349,349,938.10345492878,-6.36787725141752e-06,-4.245251500945014e-06,0.007267854057541645,0.004790374887103534,-3.669607952784537e-05,0.0001279917693382179,4.619110656584047e-05,0.0007499842622775621
350,350,350,349,938.10345492878,-6.36787725141752e-06,-4.245251500945014e-06,0.007267854057541645,0.004790374887103534,-3.669607952784537e-05,0.0001279917693382179,4.619110656584047e-05,0.0007499842622775621
351,351,351,351,938.1006335781489,-6.398736875828925e-06,-4.265824583885949e-06,0.007263442938810867,0.004789107766329591,-3.696419484260777e-05,0.00012863129253816091,4.6682825997866606e-05,0.0007502157051363289
352,352,352,351,938.1006335781489,-6.398736875828925e-06,-4.265824583885949e-06,0.007263442938810867,0.004789107766329591,-3.696419484260777e-05,0.00012863129253816091,4.6682825997866606e-05,0.0007502157051363289
353,353,353,353,938.0906396995988,-6.474482451973573e-06,-4.3163216346490475e-06,0.007266711804389232,0.004789831788842279,-3.668519217784466e-05,0.00012798329998045478,4.618628895771554e-05,0.0007499037665687057
354,354,354,353,938.0906396995988,-6.474482451973573e-06,-4.3163216346490475e-06,0.007266711804389232,0.004789831788842279,-3.668519217784466e-05,0.00012798329998045478,4.618628895771554e-05,0.0007499037665687057
355,355,355,355,938.0879035860162,-6.492867719504192e-06,-4.328578479669461e-06,0.007262331938961673,0.004788569310652208,-3.694975571500586e-05,0.00012861906933063017,4.667366431333059e-05,0.0007501517864321942
356,356,356,355,938.0879035860162,-6.492867719504192e-06,-4.328578479669461e-06,0.007262331938961673,0.004788569310652208,-3.694975571500586e-05,0.00012861906933063017,4.667366431333059e-05,0.0007501517864321942
357,357,357,357,938.0780325463018,-6.58384932208933e-06,-4.3892328813928865e-06,0.00726567982732892,0.004789378789283905,-3.667367718409448e-05,0.00012798258752126006,4.617796782118572e-05,0.0007498420160809453
358,358,358,357,938.0780325463018,-6.58384932208933e-06,-4.3892328813928865e-06,0.00726567982732892,0.004789378789283905,-3.667367718409448e-05,0.00012798258752126006,4.617796782118572e-05,0.0007498420160809453
359,359,359,359,938.0753386837898,-6.58881232906694e-06,-4.392541552711294e-06,0.0072613311961417385,0.004788139236483353,-3.6938562175306555e-05,0.00012861984071495895,4.666627597794959e-05,0.0007501279182182035
360,360,360,359,938.0753386837898,-6.58881232906694e-06,-4.392541552711294e-06,0.0072613311961417385,0.004788139236483353,-3.6938562175306555e-05,0.00012861984071495895,4.666627597794959e-05,0.0007501279182182035
361,361,361,361,938.0654821430242,-6.6806763537041736e-06,-4.453784235802783e-06,0.007264456074691893,0.004788818477751899,-3.6662599671041796e-05,0.00012798986472868125,4.617048798308265e-05,0.0007498967865189807
362,362,362,361,938.0654821430242,-6.6806763537041736e-06,-4.453784235802783e-06,0.007264456074691893,0.004788818477751899,-3.6662599671041796e-05,0.00012798986472868125,4.617048798308265e-05,0.0007498967865189807
363,363,363,363,938.062869487157,-6.686282047668746e-06,-4.457521365112498e-06,0.007260209344647536,0.004787632252226143,-3.69250603648244e-05,0.00012861479524376405,4.665577537518728e-05,0.0007500987890903565
364,364,364,363,938.062869487157,-6.686282047668746e-06,-4.457521365112498e-06,0.007260209344647536,0.004787632252226143,-3.69250603648244e-05,0.00012861479524376405,4.665577537518728e-05,0.0007500987890903565
365,365,365,365,938.05307813353,-6.773818823829769e-06,-4.515879215886513e-06,0.007263496276805605,0.004788397726464508,-3.664530726095461e-05,0.00012796894933560552,4.615475594526436e-05,0.000749783344455908
366,366,366,365,938.05307813353,-6.773818823829769e-06,-4.515879215886513e-06,0.007263496276805605,0.004788397726464508,-3.664530726095461e-05,0.00012796894933560552,4.615475594526436e-05,0.000749783344455908
367,367,367,367,938.0505690777466,-6.7875272238004936e-06,-4.525018149200329e-06,0.007259002012540712,0.004787110928693004,-3.6917204332791165e-05,0.0001286284498722896,4.6649339500853815e-05,0.0007501209067585028
368,368,368,367,938.0505690777466,-6.7875272238004936e-06,-4.525018149200329e-06,0.007259002012540712,0.004787110928693004,-3.6917204332791165e-05,0.0001286284498722896,4.6649339500853815e-05,0.0007501209067585028
369,369,369,369,938.0408564857116,-6.879885587424139e-06,-4.586590391616093e-06,0.007262407930780679,0.004787934462072649,-3.6632627357285896e-05,0.00012796699311060187,4.614314932763902e-05,0.0007497750030876155
370,370,370,369,938.0408564857116,-6.879885587424139e-06,-4.586590391616093e-06,0.007262407930780679,0.004787934462072649,-3.6632627357285896e-05,0.00012796699311060187,4.614314932763902e-05,0.0007497750030876155
371,371,371,371,938.0383638795471,-6.8767625892030004e-06,-4.5845083928019994e-06,0.007257988528834226,0.004786670758785361,-3.689883749463663e-05,0.00012860788881441186,4.6632359016335334e-05,0.0007500317221625839
372,372,372,371,938.0383638795471,-6.8767625892030004e-06,-4.5845083928019994e-06,0.007257988528834226,0.004786670758785361,-3.689883749463663e-05,0.00012860788881441186,4.6632359016335334e-05,0.0007500317221625839
373,373,373,373,938.0287486675445,-6.980268711015425e-06,-4.653512474010284e-06,0.007261236360872246,0.004787390344196618,-3.6621270227778224e-05,0.0001279631025077351,4.613699622577766e-05,0.0007496959616019523
374,374,374,373,938.0287486675445,-6.980268711015425e-06,-4.653512474010284e-06,0.007261236360872246,0.004787390344196618,-3.6621270227778224e-05,0.0001279631025077351,4.613699622577766e-05,0.0007496959616019523
375,375,375,375,938.0263085250965,-6.970480958851111e-06,-4.646987305900741e-06,0.007256793788080228,0.00478609680954983,-3.688563951213808e-05,0.00012860269133784124,4.6624072905808445e-05,0.000749980938827414
376,376,376,375,938.0263085250965,-6.970480958851111e-06,-4.646987305900741e-06,0.007256793788080228,0.00478609680954983,-3.688563951213808e-05,0.00012860269133784124,4.6624072905808445e-05,0.000749980938827414
377,377,377,377,938.0167609565444,-7.067925178100287e-06,-4.711950118733525e-06,0.0072600870073053604,0.0047868838592326855,-3.660390741746372e-05,0.00012796213609120804,4.612138040072794e-05,0.0007497964756113902
378,378,378,377,938.0167609565444,-7.067925178100287e-06,-4.711950118733525e-06,0.0072600870073053604,0.0047868838592326855,-3.660390741746372e-05,0.00012796213609120804,4.612138040072794e-05,0.0007497964756113902
379,379,379,379,938.014363440396,-7.067602758092928e-06,-4.711735172061952e-06,0.007255511630457755,0.004785500456316468,-3.687378038953748e-05,0.00012859913359377433,4.661453514847452e-05,0.0007499135530136306
380,380,380,379,938.014363440396,-7.067602758092928e-06,-4.711735172061952e-06,0.007255511630457755,0.004785500456316468,-3.687378038953748e-05,0.00012859913359377433,4.661453514847452e-05,0.0007499135530136306
381,381,381,381,938.0049274782225,-7.182520304627182e-06,-4.788346869751455e-06,0.0072589317656151465,0.004786360270566269,-3.65976004410018e-05,0.00012795923498826805,4.61183656595629e-05,0.0007496142445919758
382,382,382,381,938.0049274782225,-7.182520304627182e-06,-4.788346869751455e-06,0.0072589317656151465,0.004786360270566269,-3.65976004410018e-05,0.00012795923498826805,4.61183656595629e-05,0.0007496142445919758
383,383,383,383,938.0025370113732,-7.170994544419829e-06,-4.780663029613219e-06,0.007254366948856522,0.004784998932293732,-3.686623517296095e-05,0.00012860541368660478,4.6609253605292555e-05,0.0007498574444941114
384,384,384,383,938.0025370113732,-7.170994544419829e-06,-4.780663029613219e-06,0.007254366948856522,0.004784998932293732,-3.686623517296095e-05,0.00012860541368660478,4.6609253605292555e-05,0.0007498574444941114
385,385,385,385,937.9932272840124,-7.282248029621963e-06,-4.854832019747976e-06,0.007257738530581784,0.004785811106304169,-3.659265115876775e-05,0.000127967211627742,4.61182014706088e-05,0.0007495162240899682
386,386,386,385,937.9932272840124,-7.282248029621963e-06,-4.854832019747976e-06,0.007257738530581784,0.004785811106304169,-3.659265115876775e-05,0.000127967211627742,4.61182014706088e-05,0.0007495162240899682
387,387,387,387,937.9909828070292,-7.268000153687337e-06,-4.8453334357915585e-06,0.007253183646351864,0.004784443445354958,-3.685331434232636e-05,0.00012860216317885513,4.6601234707496775e-05,0.0007498044015996451
388,388,388,387,937.9909828070292,-7.268000153687337e-06,-4.8453334357915585e-06,0.007253183646351864,0.004784443445354958,-3.685331434232636e-05,0.00012860216317885513,4.6601234707496775e-05,0.0007498044015996451
389,389,389,389,937.9816265336699,-7.383249406606174e-06,-4.922166271070782e-06,0.007256501930760926,0.004785270338920764,-3.658537208280077e-05,0.00012798297248192616,4.611350609235593e-05,0.0007495274484007346
390,390,390,389,937.9816265336699,-7.383249406606174e-06,-4.922166271070782e-06,0.007256501930760926,0.004785270338920764,-3.658537208280077e-05,0.00012798297248192616,4.611350609235593e-05,0.0007495274484007346
391,391,391,391,937.9794652461094,-7.368160718640437e-06,-4.9121071457602925e-06,0.0072520512754040665,0.00478395921962169,-3.68416287589296e-05,0.0001286029239716706,4.659203924425176e-05,0.000749727763091866
392,392,392,391,937.9794652461094,-7.368160718640437e-06,-4.9121071457602925e-06,0.0072520512754040665,0.00478395921962169,-3.68416287589296e-05,0.0001286029239716706,4.659203924425176e-05,0.000749727763091866
393,393,393,393,937.9701945532638,-7.488138797445698e-06,-4.992092531630465e-06,0.007255335959287838,0.004784743526924419,-3.65702829574141e-05,0.00012796996607574723,4.610021304352757e-05,0.000749404247511627
394,394,394,393,937.9701945532638,-7.488138797445698e-06,-4.992092531630465e-06,0.007255335959287838,0.004784743526924419,-3.65702829574141e-05,0.00012796996607574723,4.610021304352757e-05,0.000749404247511627
395,395,395,395,937.9681230775147,-7.481671285503033e-06,-4.987780857002024e-06,0.007250767987553111,0.004783395211733394,-3.6836353905916885e-05,0.00012861310429324862,4.658723979372725e-05,0.0007496297612364298
396,396,396,395,937.9681230775147,-7.481671285503033e-06,-4.987780857002024e-06,0.007250767987553111,0.004783395211733394,-3.6836353905916885e-05,0.00012861310429324862,4.658723979372725e-05,0.0007496297612364298
397,397,397,397,937.9589459895105,-7.596277721150235e-06,-5.06418514743349e-06,0.007254190958291928,0.004784257695765299,-3.656659891336511e-05,0.0001279837688411092,4.610043483706944e-05,0.0007493244318965628
398,398,398,397,937.9589459895105,-7.596277721150235e-06,-5.06418514743349e-06,0.007254190958291928,0.004784257695765299,-3.656659891336511e-05,0.0001279837688411092,4.610043483706944e-05,0.0007493244318965628
399,399,399,399,937.9569687374251,-7.5737859492330806e-06,-5.0491906328220546e-06,0.007249544919537845,0.004782844696589201,-3.682690112660758e-05,0.00012861627931083874,4.6581075337760736e-05,0.0007495603496088198
400,400,400,399,937.9569687374251,-7.5737859492330806e-06,-5.0491906328220546e-06,0.007249544919537845,0.004782844696589201,-3.682690112660758e-05,0.00012861627931083874,4.6581075337760736e-05,0.0007495603496088198
401,401,401,401,937.9478796858373,-7.699266713206976e-06,-5.132844475471319e-06,0.007252894458362548,0.0047836578645084615,-3.6557792891953045e-05,0.00012798934803262416,4.609493677806137e-05,0.0007492337656774176
402,402,402,401,937.9478796858373,-7.699266713206976e-06,-5.132844475471319e-06,0.007252894458362548,0.0047836578645084615,-3.6557792891953045e-05,0.00012798934803262416,4.609493677806137e-05,0.0007492337656774176
403,403,403,403,937.9458663705348,-7.675338685841915e-06,-5.116892457227944e-06,0.0072482114470137785,0.004782193186769166,-3.680840881946368e-05,0.000128611351964166,4.656565731340351e-05,0.0007494837691664124
404,404,404,403,937.9458663705348,-7.675338685841915e-06,-5.116892457227944e-06,0.0072482114470137785,0.004782193186769166,-3.680840881946368e-05,0.000128611351964166,4.656565731340351e-05,0.0007494837691664124
405,405,405,405,937.9368272828403,-7.802495418735012e-06,-5.201663612490007e-06,0.007251482859555886,0.004782999894955706,-3.654749160719034e-05,0.00012799683295418177,4.608700511754549e-05,0.0007491964672363505
406,406,406,405,937.9368272828403,-7.802495418735012e-06,-5.201663612490007e-06,0.007251482859555886,0.004782999894955706,-3.654749160719034e-05,0.00012799683295418177,4.608700511754549e-05,0.0007491964672363505
407,407,407,407,937.9349105181418,-7.78221727124051e-06,-5.188144847493672e-06,0.007246876378709833,0.004781601754743809,-3.679887662259851e-05,0.00012860818329700556,4.655626443070271e-05,0.0007494055158683728
408,408,408,407,937.9349105181418,-7.78221727124051e-06,-5.188144847493672e-06,0.007246876378709833,0.004781601754743809,-3.679887662259851e-05,0.00012860818329700556,4.655626443070271e-05,0.0007494055158683728
409,409,409,409,937.9259400423005,-7.913813458354513e-06,-5.275875638903009e-06,0.007250186890580164,0.004782402830758328,-3.652917306710968e-05,0.0001279791656988327,4.606693449787924e-05,0.0007490435352542242
410,410,410,409,937.9259400423005,-7.913813458354513e-06,-5.275875638903009e-06,0.007250186890580164,0.004782402830758328,-3.652917306710968e-05,0.0001279791656988327,4.606693449787924e-05,0.0007490435352542242
411,411,411,411,937.924075588324,-7.891125881398509e-06,-5.2607505875990066e-06,0.007245504250340896,0.004780960499905925,-3.678315161482343e-05,0.00012859875650763285,4.654115098069039e-05,0.000749271708127074
412,412,412,411,937.924075588324,-7.891125881398509e-06,-5.2607505875990066e-06,0.007245504250340896,0.004780960499905925,-3.678315161482343e-05,0.00012859875650763285,4.654115098069039e-05,0.000749271708127074
413,413,413,413,937.9151755990422,-8.017236346913315e-06,-5.3448242312755444e-06,0.0072487843844925804,0.004781745874613893,-3.6517955070036745e-05,0.00012798101623959937,4.605763915898481e-05,0.0007489458257006784
414,414,414,413,937.9151755990422,-8.017236346913315e-06,-5.3448242312755444e-06,0.0072487843844925804,0.004781745874613893,-3.6517955070036745e-05,0.00012798101623959937,4.605763915898481e-05,0.0007489458257006784
415,415,415,415,937.913408936852,-8.001884451214192e-06,-5.3345896341427945e-06,0.007244062385117801,0.004780304402150547,-3.6778519230618034e-05,0.000128618191647784,4.653881010719535e-05,0.0007491926713389413
416,416,416,415,937.913408936852,-8.001884451214192e-06,-5.3345896341427945e-06,0.007244062385117801,0.004780304402150547,-3.6778519230618034e-05,0.000128618191647784,4.653881010719535e-05,0.0007491926713389413
417,417,417,417,937.9045581613743,-8.126641982214577e-06,-5.417761321476385e-06,0.0072473070613603375,0.00478103657214049,-3.651125604707539e-05,0.00012798946699427974,4.605533248892152e-05,0.0007488070985151554
418,418,418,417,937.9045581613743,-8.126641982214577e-06,-5.417761321476385e-06,0.0072473070613603375,0.00478103657214049,-3.651125604707539e-05,0.00012798946699427974,4.605533248892152e-05,0.0007488070985151554
419,419,419,419,937.9028812920703,-8.103956254806866e-06,-5.402637503204577e-06,0.007242530147583188,0.0047795201854790755,-3.675978409525826e-05,0.00012859985109729203,4.6522629912740254e-05,0.0007490737430726726
420,420,420,419,937.9028812920703,-8.103956254806866e-06,-5.402637503204577e-06,0.007242530147583188,0.0047795201854790755,-3.675978409525826e-05,0.00012859985109729203,4.6522629912740254e-05,0.0007490737430726726
421,421,421,421,937.8941646210667,-8.23807978958535e-06,-5.4920531930569005e-06,0.007245889152121643,0.004780348433051786,-3.649849500662189e-05,0.00012798346135144562,4.604534814783845e-05,0.0007486766317359439
422,422,422,421,937.8941646210667,-8.23807978958535e-06,-5.4920531930569005e-06,0.007245889152121643,0.004780348433051786,-3.649849500662189e-05,0.00012798346135144562,4.604534814783845e-05,0.0007486766317359439
423,423,423,423,937.8925265703733,-8.213496591302771e-06,-5.475664394201847e-06,0.007241205368277996,0.004778894754498912,-3.674926154482311e-05,0.00012859400082861232,4.651505530173933e-05,0.0007489052483036014
424,424,424,423,937.8925265703733,-8.213496591302771e-06,-5.475664394201847e-06,0.007241205368277996,0.004778894754498912,-3.674926154482311e-05,0.00012859400082861232,4.651505530173933e-05,0.0007489052483036014
425,425,425,425,937.8838747877342,-8.34861144469179e-06,-5.56574096312786e-06,0.007244449370512103,0.004779681190754949,-3.648897799854445e-05,0.00012798944801399684,4.603618769537937e-05,0.0007485492368285301
426,426,426,425,937.8838747877342,-8.34861144469179e-06,-5.56574096312786e-06,0.007244449370512103,0.004779681190754949,-3.648897799854445e-05,0.00012798944801399684,4.603618769537937e-05,0.0007485492368285301
427,427,427,427,937.8822434916942,-8.318146551111738e-06,-5.5454310340744915e-06,0.0072395737727150465,0.0047781254545353445,-3.6737777046678965e-05,0.00012860901590489702,4.6504318920434495e-05,0.0007488482197553267
428,428,428,427,937.8822434916942,-8.318146551111738e-06,-5.5454310340744915e-06,0.0072395737727150465,0.0047781254545353445,-3.6737777046678965e-05,0.00012860901590489702,4.6504318920434495e-05,0.0007488482197553267
429,429,429,429,937.8736846209065,-8.458971533564785e-06,-5.639314355709857e-06,0.007242925184684462,0.004778955410399493,-3.647933443393092e-05,0.00012799496035980837,4.602902663981834e-05,0.000748413056687767
430,430,430,429,937.8736846209065,-8.458971533564785e-06,-5.639314355709857e-06,0.007242925184684462,0.004778955410399493,-3.647933443393092e-05,0.00012799496035980837,4.602902663981834e-05,0.000748413056687767
431,431,431,431,937.8720865490711,-8.426264654443072e-06,-5.617509769628715e-06,0.007238142002500267,0.004777416027374352,-3.6717049374516975e-05,0.00012857785762024647,4.6483963470088374e-05,0.0007486115807130109
432,432,432,431,937.8720865490711,-8.426264654443072e-06,-5.617509769628715e-06,0.007238142002500267,0.004777416027374352,-3.6717049374516975e-05,0.00012857785762024647,4.6483963470088374e-05,0.0007486115807130109
433,433,433,433,937.8636962974887,-8.566219726696689e-06,-5.710813151131125e-06,0.007241219069677434,0.004778080545729361,-3.6468912710987955e-05,0.00012799183450236927,4.602177406960728e-05,0.0007482977550593609
434,434,434,433,937.8636962974887,-8.566219726696689e-06,-5.710813151131125e-06,0.007241219069677434,0.004778080545729361,-3.6468912710987955e-05,0.00012799183450236927,4.602177406960728e-05,0.0007482977550593609
435,435,435,435,937.8620924844215,-8.539363227394459e-06,-5.6929088182629704e-06,0.00723664428688391,0.004776698247512084,-3.6702518141217e-05,0.0001285772272613607,4.647071991063095e-05,0.0007485232127293336
436,436,436,435,937.8620924844215,-8.539363227394459e-06,-5.6929088182629704e-06,0.00723664428688391,0.004776698247512084,-3.6702518141217e-05,0.0001285772272613607,4.647071991063095e-05,0.0007485232127293336
437,437,437,437,937.8538118884801,-8.677486266872592e-06,-5.784990844581727e-06,0.007239913780946655,0.004777483581091475,-3.644454242359568e-05,0.00012796854298575245,4.599587767489116e-05,0.0007481512602160489
438,438,438,437,937.8538118884801,-8.677486266872592e-06,-5.784990844581727e-06,0.007239913780946655,0.004777483581091475,-3.644454242359568e-05,0.00012796854298575245,4.599587767489116e-05,0.0007481512602160489
439,439,439,439,937.8522661028528,-8.653718068463156e-06,-5.7691453789754385e-06,0.007235059263129218,0.004775932448520431,-3.6695418032091365e-05,0.0001285823600075847,4.6464127682367684e-05,0.0007483295185346813
440,440,440,439,937.8522661028528,-8.653718068463156e-06,-5.7691453789754385e-06,0.007235059263129218,0.004775932448520431,-3.6695418032091365e-05,0.0001285823600075847,4.6464127682367684e-05,0.0007483295185346813
441,441,441,441,937.8440851728042,-8.782098474741096e-06,-5.854732316494062e-06,0.007238349152147495,0.0047767228092907245,-3.643365263059084e-05,0.00012796814570267763,4.59867351636431e-05,0.0007480131098881866
442,442,442,441,937.8440851728042,-8.782098474741096e-06,-5.854732316494062e-06,0.007238349152147495,0.0047767228092907245,-3.643365263059084e-05,0.00012796814570267763,4.59867351636431e-05,0.0007480131098881866
443,443,443,443,937.8425825593615,-8.759585632595046e-06,-5.839723755063365e-06,0.007233702798272058,0.004775314708927482,-3.667779946315425e-05,0.00012857136477053535,4.644619606840317e-05,0.0007481834774603671
444,444,444,443,937.8425825593615,-8.759585632595046e-06,-5.839723755063365e-06,0.007233702798272058,0.004775314708927482,-3.667779946315425e-05,0.00012857136477053535,4.644619606840317e-05,0.0007481834774603671
445,445,445,445,937.8344211015296,-8.879021632879347e-06,-5.919347755252898e-06,0.007236899228441271,0.00477603169365208,-3.642986236881973e-05,0.00012798354255763743,4.5985485259775194e-05,0.0007477912087770175
446,446,446,445,937.8344211015296,-8.879021632879347e-06,-5.919347755252898e-06,0.007236899228441271,0.00477603169365208,-3.642986236881973e-05,0.00012798354255763743,4.5985485259775194e-05,0.0007477912087770175
447,447,447,447,937.8329281898127,-8.891547267159128e-06,-5.927698178106085e-06,0.00723202490138726,0.004774500114209406,-3.666146211222382e-05,0.00012856804932219397,4.6429799775329905e-05,0.0007480254461402433
448,448,448,447,937.8329281898127,-8.891547267159128e-06,-5.927698178106085e-06,0.00723202490138726,0.004774500114209406,-3.666146211222382e-05,0.00012856804932219397,4.6429799775329905e-05,0.0007480254461402433
449,449,449,449,937.8248577341753,-9.025021523723087e-06,-6.016681015815393e-06,0.007235221427756212,0.004775264598509527,-3.6411260193623673e-05,0.0001279767378162383,4.596386808699421e-05,0.000747642658441867
450,450,450,449,937.8248577341753,-9.025021523723087e-06,-6.016681015815393e-06,0.007235221427756212,0.004775264598509527,-3.6411260193623673e-05,0.0001279767378162383,4.596386808699421e-05,0.000747642658441867
451,451,451,451,937.8233840789572,-9.012635080046794e-06,-6.008423386697862e-06,0.007230338611064607,0.004773689701895376,-3.6646673068775615e-05,0.00012855963081103057,4.6415622772633114e-05,0.000747840735406715
452,452,452,451,937.8233840789572,-9.012635080046794e-06,-6.008423386697862e-06,0.007230338611064607,0.004773689701895376,-3.6646673068775615e-05,0.00012855963081103057,4.6415622772633114e-05,0.000747840735406715
453,453,453,453,937.8154742401806,-9.143878776596281e-06,-6.095919184397521e-06,0.007233572853491264,0.004774470691422271,-3.639948095868206e-05,0.00012797663197364867,4.595320360080424e-05,0.000747437342886421
454,454,454,453,937.8154742401806,-9.143878776596281e-06,-6.095919184397521e-06,0.007233572853491264,0.004774470691422271,-3.639948095868206e-05,0.00012797663197364867,4.595320360080424e-05,0.000747437342886421
455,455,455,455,937.8140297101406,-9.134780932729125e-06,-6.08985395515275e-06,0.007228520501717045,0.004772787014895954,-3.663815972160256e-05,0.00012857248567944762,4.6409141210679294e-05,0.0007477153897416792
456,456,456,455,937.8140297101406,-9.134780932729125e-06,-6.08985395515275e-06,0.007228520501717045,0.004772787014895954,-3.663815972160256e-05,0.00012857248567944762,4.6409141210679294e-05,0.0007477153897416792
457,457,457,457,937.8060615284614,-9.270052744841939e-06,-6.1800351632279585e-06,0.007231739658691044,0.004773577297517068,-3.639167100424889e-05,0.00012799118666950653,4.594615153716286e-05,0.0007472853311319811
458,458,458,457,937.8060615284614,-9.270052744841939e-06,-6.1800351632279585e-06,0.007231739658691044,0.004773577297517068,-3.639167100424889e-05,0.00012799118666950653,4.594615153716286e-05,0.0007472853311319811
459,459,459,459,937.8048328591708,-9.258657854394059e-06,-6.17243856959604e-06,0.007226840400288641,0.0047719766128616215,-3.662251632417096e-05,0.00012856455851254395,4.639316090310208e-05,0.000747493078669801
460,460,460,460,937.7936193913395,-9.316405271186934e-06,-6.210936847457957e-06,0.007228522736215002,0.004772158970919045,-3.653656090091273e-05,0.00012828848556529202,4.620967530297171e-05,0.0007472434721811064
461,461,461,460,937.7936193913395,-9.316405271186934e-06,-6.210936847457957e-06,0.007228522736215002,0.004772158970919045,-3.653656090091273e-05,0.00012828848556529202,4.620967530297171e-05,0.0007472434721811064
462,462,462,462,937.793471118201,-9.366687301670673e-06,-6.244458201113782e-06,0.0072295102980174135,0.0047723086503896495,-3.639224300725635e-05,0.00012798952923574365,4.5969949482214945e-05,0.0007471783177177596
463,463,463,463,937.789418898742,-9.38116131538047e-06,-6.254107543586982e-06,0.007228508342925583,0.004772048568072082,-3.6463380636418685e-05,0.00012814552123771377,4.608262142082736e-05,0.0007471329941312255
464,464,464,463,937.789418898742,-9.38116131538047e-06,-6.254107543586982e-06,0.007228508342925583,0.004772048568072082,-3.6463380636418685e-05,0.00012814552123771377,4.608262142082736e-05,0.0007471329941312255
465,465,465,465,937.788357634354,-9.38672279657271e-06,-6.25781519771514e-06,0.007227483096042775,0.004771704881009642,-3.6532005249619026e-05,0.00012826914037454893,4.618596178621731e-05,0.0007471469045377448
466,466,466,465,937.788357634354,-9.38672279657271e-06,-6.25781519771514e-06,0.007227483096042775,0.004771704881009642,-3.6532005249619026e-05,0.00012826914037454893,4.618596178621731e-05,0.0007471469045377448
467,467,467,467,937.7871872727526,-9.420903912843448e-06,-6.280602608562299e-06,0.007227707362321635,0.004771566114155611,-3.6467204592112445e-05,0.00012812622832180607,4.607559923990728e-05,0.0007470425297204333
468,468,468,467,937.7871872727526,-9.420903912843448e-06,-6.280602608562299e-06,0.007227707362321635,0.004771566114155611,-3.6467204592112445e-05,0.00012812622832180607,4.607559923990728e-05,0.0007470425297204333
469,469,469,469,937.7860893120559,-9.41744113627796e-06,-6.278294090851974e-06,0.007226924157884858,0.004771454978468957,-3.6525701444557745e-05,0.0001282680176370453,4.617842831002028e-05,0.0007470962879000495
470,470,470,469,937.7860893120559,-9.41744113627796e-06,-6.278294090851974e-06,0.007226924157884858,0.004771454978468957,-3.6525701444557745e-05,0.0001282680176370453,4.617842831002028e-05,0.0007470962879000495
471,471,471,471,937.7849201436675,-9.449868521693716e-06,-6.299912347795809e-06,0.0072272489553119,0.004771345338346785,-3.646704119242283e-05,0.00012813087745827082,4.607620272025631e-05,0.0007469892464887461
472,472,472,471,937.7849201436675,-9.449868521693716e-06,-6.299912347795809e-06,0.0072272489553119,0.004771345338346785,-3.646704119242283e-05,0.00012813087745827082,4.607620272025631e-05,0.0007469892464887461
473,473,473,473,937.7838284145975,-9.45107527441924e-06,-6.300716849612826e-06,0.0072264607477185855,0.004771229095005145,-3.6525748174011385e-05,0.0001282759439307209,4.61791944680115e-05,0.00074705518815703
474,474,474,473,937.7838284145975,-9.45107527441924e-06,-6.300716849612826e-06,0.0072264607477185855,0.004771229095005145,-3.6525748174011385e-05,0.0001282759439307209,4.61791944680115e-05,0.00074705518815703
475,475,475,475,937.7826612049955,-9.485454803365156e-06,-6.323636535576772e-06,0.007226808153204021,0.004771130987385395,-3.6465104218279254e-05,0.00012813150885073338,4.607471494708082e-05,0.000746939300769496
476,476,476,475,937.7826612049955,-9.485454803365156e-06,-6.323636535576772e-06,0.007226808153204021,0.004771130987385395,-3.6465104218279254e-05,0.00012813150885073338,4.607471494708082e-05,0.000746939300769496
477,477,477,477,937.7815753093971,-9.48562645139428e-06,-6.3237509675961876e-06,0.007225958102500723,0.00477097762480318,-3.652447572515677e-05,0.00012827930756421365,4.617851279496016e-05,0.0007470088952604495
478,478,478,477,937.7815753093971,-9.48562645139428e-06,-6.3237509675961876e-06,0.007225958102500723,0.00477097762480318,-3.652447572515677e-05,0.00012827930756421365,4.617851279496016e-05,0.0007470088952604495
479,479,479,479,937.780411324547,-9.51352352165924e-06,-6.342349014439492e-06,0.00722638528258963,0.004770929666088004,-3.6462164087119886e-05,0.00012813179299127464,4.607195938478165e-05,0.0007468845974357245
480,480,480,479,937.780411324547,-9.51352352165924e-06,-6.342349014439492e-06,0.00722638528258963,0.004770929666088004,-3.6462164087119886e-05,0.00012813179299127464,4.607195938478165e-05,0.0007468845974357245
481,481,481,481,937.7793316127418,-9.514677710292796e-06,-6.343118473528532e-06,0.007225540408358583,0.00477077896845471,-3.652232431471114e-05,0.00012828024531120683,4.617660762922665e-05,0.0007469426127185417
482,482,482,481,937.7793316127418,-9.514677710292796e-06,-6.343118473528532e-06,0.007225540408358583,0.00477077896845471,-3.652232431471114e-05,0.00012828024531120683,4.617660762922665e-05,0.0007469426127185417
483,483,483,483,937.7781664741788,-9.544489400298284e-06,-6.3629929335321895e-06,0.007225912763417895,0.004770693637554724,-3.6459648917089305e-05,0.0001281331502989734,4.606963762643357e-05,0.0007468313070458239
484,484,484,483,937.7781664741788,-9.544489400298284e-06,-6.3629929335321895e-06,0.007225912763417895,0.004770693637554724,-3.6459648917089305e-05,0.0001281331502989734,4.606963762643357e-05,0.0007468313070458239
485,485,485,485,937.7770952359199,-9.544407974931834e-06,-6.362938649954557e-06,0.007225125126004053,0.0047705756665547844,-3.651586934009382e-05,0.00012827373638537473,4.616977173560466e-05,0.0007468958480059745
486,486,486,485,937.7770952359199,-9.544407974931834e-06,-6.362938649954557e-06,0.007225125126004053,0.0047705756665547844,-3.651586934009382e-05,0.00012827373638537473,4.616977173560466e-05,0.0007468958480059745
487,487,487,487,937.775934161149,-9.574564743958236e-06,-6.383043162638823e-06,0.007225442623291919,0.004770462544380295,-3.645718784792834e-05,0.0001281347441851836,4.606731190579666e-05,0.000746774306027588
488,488,488,487,937.775934161149,-9.574564743958236e-06,-6.383043162638823e-06,0.007225442623291919,0.004770462544380295,-3.645718784792834e-05,0.0001281347441851836,4.606731190579666e-05,0.000746774306027588
489,489,489,489,937.7748660682998,-9.573945049856647e-06,-6.382630033237764e-06,0.007224674257700888,0.004770353002526852,-3.651184030817323e-05,0.0001282716923720074,4.6165524936879476e-05,0.0007468311236575158
490,490,490,489,937.7748660682998,-9.573945049856647e-06,-6.382630033237764e-06,0.007224674257700888,0.004770353002526852,-3.651184030817323e-05,0.0001282716923720074,4.6165524936879476e-05,0.0007468311236575158
491,491,491,491,937.7737090660105,-9.606725917599146e-06,-6.4044839450660965e-06,0.007224988670980435,0.004770238123126454,-3.645333487586194e-05,0.00012813336179292423,4.60634204291141e-05,0.0007467166636839116
492,492,492,491,937.7737090660105,-9.606725917599146e-06,-6.4044839450660965e-06,0.007224988670980435,0.004770238123126454,-3.645333487586194e-05,0.00012813336179292423,4.60634204291141e-05,0.0007467166636839116
493,493,493,493,937.7726456686651,-9.604881117120101e-06,-6.403254078080066e-06,0.007224228028994181,0.004770134887831459,-3.6507460484773435e-05,0.00012826938845306472,4.616096593778457e-05,0.0007467720101564904
494,494,494,493,937.7726456686651,-9.604881117120101e-06,-6.403254078080066e-06,0.007224228028994181,0.004770134887831459,-3.6507460484773435e-05,0.00012826938845306472,4.616096593778457e-05,0.0007467720101564904
495,495,495,495,937.7714921625139,-9.640984122011309e-06,-6.42732274800754e-06,0.0072245343960721615,0.004770011829560715,-3.6450010876973304e-05,0.00012813280574288196,4.606026136181468e-05,0.0007466594593920747
496,496,496,495,937.7714921625139,-9.640984122011309e-06,-6.42732274800754e-06,0.0072245343960721615,0.004770011829560715,-3.6450010876973304e-05,0.00012813280574288196,4.606026136181468e-05,0.0007466594593920747
497,497,497,497,937.7704306406479,-9.641666978671415e-06,-6.427777985780943e-06,0.007223749016731132,0.004769890867937773,-3.6502108436031744e-05,0.00012826505620410565,4.6155422966993875e-05,0.0007467134751577668
498,498,498,497,937.7704306406479,-9.641666978671415e-06,-6.427777985780943e-06,0.007223749016731132,0.004769890867937773,-3.6502108436031744e-05,0.00012826505620410565,4.6155422966993875e-05,0.0007467134751577668
499,499,499,499,937.7692841280907,-9.676248179740776e-06,-6.450832119827183e-06,0.007224050216549846,0.004769766681975585,-3.644396924223914e-05,0.00012812794426516548,4.6053585091881954e-05,0.000746595717831928
500,500,500,499,937.7692841280907,-9.676248179740776e-06,-6.450832119827183e-06,0.007224050216549846,0.004769766681975585,-3.644396924223914e-05,0.00012812794426516548,4.6053585091881954e-05,0.000746595717831928
501,501,501,501,937.7682271929825,-9.672245062819496e-06,-6.4481633752129985e-06,0.007223265349255551,0.004769649798721132,-3.6500161092412053e-05,0.0001282681692728038,4.6153666076569067e-05,0.0007466563560292864
502,502,502,501,937.7682271929825,-9.672245062819496e-06,-6.4481633752129985e-06,0.007223265349255551,0.004769649798721132,-3.6500161092412053e-05,0.0001282681692728038,4.6153666076569067e-05,0.0007466563560292864
503,503,503,503,937.7670836028326,-9.706894466637861e-06,-6.471262977758574e-06,0.0072235871793594544,0.004769537224159333,-3.6440686210476025e-05,0.00012812725917837886,4.605034838062877e-05,0.0007465398903983547
504,504,504,503,937.7670836028326,-9.706894466637861e-06,-6.471262977758574e-06,0.0072235871793594544,0.004769537224159333,-3.6440686210476025e-05,0.00012812725917837886,4.605034838062877e-05,0.0007465398903983547
505,505,505,505,937.7660262622935,-9.708632853266952e-06,-6.472421902177969e-06,0.007222820268592191,0.004769428592623203,-3.6494280494611675e-05,0.00012826179217323747,4.614742082235945e-05,0.0007465811784055599
506,506,506,505,937.7660262622935,-9.708632853266952e-06,-6.472421902177969e-06,0.007222820268592191,0.004769428592623203,-3.6494280494611675e-05,0.00012826179217323747,4.614742082235945e-05,0.0007465811784055599
507,507,507,507,937.7648917883982,-9.740056281515308e-06,-6.493370854343538e-06,0.007223167623205851,0.004769329006013765,-3.643177340585668e-05,0.00012811576343594284,4.6040418685333595e-05,0.0007464714552223823
508,508,508,507,937.7648917883982,-9.740056281515308e-06,-6.493370854343538e-06,0.007223167623205851,0.004769329006013765,-3.643177340585668e-05,0.00012811576343594284,4.6040418685333595e-05,0.0007464714552223823
509,509,509,509,937.7638390454492,-9.733653030391531e-06,-6.489102020261021e-06,0.0072223722409792785,0.004769206607840323,-3.648893078658094e-05,0.00012825770628700002,4.614157184536921e-05,0.0007465211162812017
510,510,510,509,937.7638390454492,-9.733653030391531e-06,-6.489102020261021e-06,0.0072223722409792785,0.004769206607840323,-3.648893078658094e-05,0.00012825770628700002,4.614157184536921e-05,0.0007465211162812017
511,511,511,511,937.7627084948858,-9.771869758257168e-06,-6.514579838838111e-06,0.00722266391736717,0.0047690757644222575,-3.643041090749255e-05,0.00012811961116903785,4.6039418842083735e-05,0.0007464121580602805
512,512,512,511,937.7627084948858,-9.771869758257168e-06,-6.514579838838111e-06,0.00722266391736717,0.0047690757644222575,-3.643041090749255e-05,0.00012811961116903785,4.6039418842083735e-05,0.0007464121580602805
513,513,513,513,937.7616604274565,-9.76604348915111e-06,-6.5106956594340745e-06,0.00722189075509895,0.004768967365950483,-3.6486679040666214e-05,0.00012825691501612845,4.61394830914702e-05,0.0007464637302678591
514,514,514,513,937.7616604274565,-9.76604348915111e-06,-6.5106956594340745e-06,0.00722189075509895,0.004768967365950483,-3.6486679040666214e-05,0.00012825691501612845,4.61394830914702e-05,0.0007464637302678591
515,515,515,515,937.760532815744,-9.800780656987751e-06,-6.533853771325167e-06,0.007222175457878049,0.004768833758126263,-3.642810351136422e-05,0.00012812204514077812,4.603735249544827e-05,0.0007463574378730436
516,516,516,515,937.760532815744,-9.800780656987751e-06,-6.533853771325167e-06,0.007222175457878049,0.004768833758126263,-3.642810351136422e-05,0.00012812204514077812,4.603735249544827e-05,0.0007463574378730436
517,517,517,517,937.7594886864379,-9.798023618667884e-06,-6.532015745778588e-06,0.007221407220463288,0.004768724946086908,-3.648249084699934e-05,0.0001282579369408171,4.6135125023917534e-05,0.0007463998523849027
518,518,518,517,937.7594886864379,-9.798023618667884e-06,-6.532015745778588e-06,0.007221407220463288,0.004768724946086908,-3.648249084699934e-05,0.0001282579369408171,4.6135125023917534e-05,0.0007463998523849027
519,519,519,519,937.7583652309611,-9.833277993448464e-06,-6.555518662298975e-06,0.007221711200457286,0.004768601779319541,-3.642316395516265e-05,0.00012811803403955463,4.6032082289447496e-05,0.0007462897272439439
520,520,520,519,937.7583652309611,-9.833277993448464e-06,-6.555518662298975e-06,0.007221711200457286,0.004768601779319541,-3.642316395516265e-05,0.00012811803403955463,4.6032082289447496e-05,0.0007462897272439439
521,521,521,521,937.757324242162,-9.834593230978461e-06,-6.556395487318974e-06,0.007220972925819781,0.0047685195728179855,-3.647898388065701e-05,0.00012825648842485423,4.613174302785933e-05,0.0007463331402896544
522,522,522,521,937.757324242162,-9.834593230978461e-06,-6.556395487318974e-06,0.007220972925819781,0.0047685195728179855,-3.647898388065701e-05,0.00012825648842485423,4.613174302785933e-05,0.0007463331402896544
523,523,523,523,937.7562064208112,-9.867010726527514e-06,-6.578007151018344e-06,0.007221261907360325,0.004768381916490028,-3.641874388139732e-05,0.00012811542300751464,4.602746985170325e-05,0.0007462255331445644
524,524,524,523,937.7562064208112,-9.867010726527514e-06,-6.578007151018344e-06,0.007221261907360325,0.004768381916490028,-3.641874388139732e-05,0.00012811542300751464,4.602746985170325e-05,0.0007462255331445644
525,525,525,525,937.755170703351,-9.86419996737431e-06,-6.5761333115828746e-06,0.007220488068744851,0.004768274314520358,-3.647465077750989e-05,0.00012825505010392166,4.612707772546493e-05,0.0007462768549621715
526,526,526,525,937.755170703351,-9.86419996737431e-06,-6.5761333115828746e-06,0.007220488068744851,0.004768274314520358,-3.647465077750989e-05,0.00012825505010392166,4.612707772546493e-05,0.0007462768549621715
527,527,527,527,937.7540560514658,-9.899057570150749e-06,-6.599371713433832e-06,0.007220770143392706,0.004768135976812482,-3.641635634693552e-05,0.000128117169087934,4.602522135785381e-05,0.0007461631105911489
528,528,528,527,937.7540560514658,-9.899057570150749e-06,-6.599371713433832e-06,0.007220770143392706,0.004768135976812482,-3.641635634693552e-05,0.000128117169087934,4.602522135785381e-05,0.0007461631105911489
529,529,529,529,937.7530200120923,-9.914846063330263e-06,-6.60989737555351e-06,0.007219879078688658,0.004767943415481961,-3.646848588116647e-05,0.0001282491842879038,4.611989263512972e-05,0.000746132737834122
530,530,530,529,937.7530200120923,-9.914846063330263e-06,-6.60989737555351e-06,0.007219879078688658,0.004767943415481961,-3.646848588116647e-05,0.0001282491842879038,4.611989263512972e-05,0.000746132737834122
531,531,531,531,937.7519132220599,-9.92629325044514e-06,-6.617528833630092e-06,0.007220388746905796,0.004767947472589299,-3.6403603607550183e-05,0.0001280984572136198,4.601089479818604e-05,0.0007461244723247773
532,532,532,531,937.7519132220599,-9.92629325044514e-06,-6.617528833630092e-06,0.007220388746905796,0.004767947472589299,-3.6403603607550183e-05,0.0001280984572136198,4.601089479818604e-05,0.0007461244723247773
533,533,533,533,937.7508802180326,-9.94195622280869e-06,-6.627970815205794e-06,0.0072193571513238216,0.004767684347022166,-3.6468122480044773e-05,0.00012825538689273098,4.611999868540245e-05,0.000746069123696717
534,534,534,533,937.7508802180326,-9.94195622280869e-06,-6.627970815205794e-06,0.0072193571513238216,0.004767684347022166,-3.6468122480044773e-05,0.00012825538689273098,4.611999868540245e-05,0.000746069123696717
535,535,535,535,937.7497790333149,-9.959681158216993e-06,-6.639787438811328e-06,0.00721991003790741,0.004767713646399341,-3.640024228888927e-05,0.00012809821655821005,4.600751183596319e-05,0.0007460600597721799
536,536,536,535,937.7497790333149,-9.959681158216993e-06,-6.639787438811328e-06,0.00721991003790741,0.004767713646399341,-3.640024228888927e-05,0.00012809821655821005,4.600751183596319e-05,0.0007460600597721799
537,537,537,537,937.7487493445761,-9.974806894158528e-06,-6.649871262772352e-06,0.007218868294762236,0.004767441018076652,-3.646471874812346e-05,0.00012825503138416396,4.611652750818179e-05,0.0007460053289261317
538,538,538,537,937.7487493445761,-9.974806894158528e-06,-6.649871262772352e-06,0.007218868294762236,0.004767441018076652,-3.646471874812346e-05,0.00012825503138416396,4.611652750818179e-05,0.0007460053289261317
539,539,539,539,937.7476525581718,-9.993139474223645e-06,-6.662092982815762e-06,0.007219439169736403,0.004767477046953201,-3.639470170171272e-05,0.00012809370654713172,4.600158591556297e-05,0.0007459988353481714
540,540,540,539,937.7476525581718,-9.993139474223645e-06,-6.662092982815762e-06,0.007219439169736403,0.004767477046953201,-3.639470170171272e-05,0.00012809370654713172,4.600158591556297e-05,0.0007459988353481714
541,541,541,541,937.7466269300387,-1.0007789639332465e-05,-6.671859759554978e-06,0.007218401070811113,0.004767208108527002,-3.645929463377828e-05,0.0001282506403372664,4.611067733075597e-05,0.0007459398636856431
542,542,542,541,937.7466269300387,-1.0007789639332465e-05,-6.671859759554978e-06,0.007218401070811113,0.004767208108527002,-3.645929463377828e-05,0.0001282506403372664,4.611067733075597e-05,0.0007459398636856431
543,543,543,543,937.7455346978123,-1.002962348214953e-05,-6.6864156547663525e-06,0.007218963203522169,0.004767241106334306,-3.6390594141004484e-05,0.0001280920750875994,4.599737828819145e-05,0.0007459409418231395
544,544,544,543,937.7455346978123,-1.002962348214953e-05,-6.6864156547663525e-06,0.007218963203522169,0.004767241106334306,-3.6390594141004484e-05,0.0001280920750875994,4.599737828819145e-05,0.0007459409418231395
545,545,545,545,937.7445128156955,-1.0043130690085e-05,-6.695420460056668e-06,0.007217920831900285,0.004766968447900694,-3.645533442619975e-05,0.00012824916904103034,4.6106605938490974e-05,0.0007458737235400468
546,546,546,545,937.7445128156955,-1.0043130690085e-05,-6.695420460056668e-06,0.007217920831900285,0.004766968447900694,-3.645533442619975e-05,0.00012824916904103034,4.6106605938490974e-05,0.0007458737235400468
547,547,547,547,937.7434249189375,-1.006530714994791e-05,-6.710204766631941e-06,0.007218484533858725,0.004767001887242724,-3.6385448547678056e-05,0.00012808828819210234,4.599184293905406e-05,0.0007458731243317981
548,548,548,547,937.7434249189375,-1.006530714994791e-05,-6.710204766631941e-06,0.007218484533858725,0.004767001887242724,-3.6385448547678056e-05,0.00012808828819210234,4.599184293905406e-05,0.0007458731243317981
549,549,549,549,937.7424069250214,-1.0075742707948976e-05,-6.717161805299317e-06,0.007217445012436763,0.0047667321994258735,-3.645052275195321e-05,0.0001282460481532589,4.6101533121574445e-05,0.0007458086614796966
550,550,550,549,937.7424069250214,-1.0075742707948976e-05,-6.717161805299317e-06,0.007217445012436763,0.0047667321994258735,-3.645052275195321e-05,0.0001282460481532589,4.6101533121574445e-05,0.0007458086614796966
551,551,551,551,937.7413130200948,-1.0098432739691354e-05,-6.73228849312757e-06,0.007218025480638449,0.004766780379997502,-3.638175005468702e-05,0.00012808765396907584,4.598808840185209e-05,0.0007458170396237459
552,552,552,551,937.7413130200948,-1.0098432739691354e-05,-6.73228849312757e-06,0.007218025480638449,0.004766780379997502,-3.638175005468702e-05,0.00012808765396907584,4.598808840185209e-05,0.0007458170396237459
553,553,553,553,937.7403108275137,-1.0108791625551561e-05,-6.739194417034375e-06,0.007216982541620623,0.004766507147695737,-3.6446608408020886e-05,0.0001282446427505033,4.6097390780000524e-05,0.0007457418341277767
554,554,554,553,937.7403108275137,-1.0108791625551561e-05,-6.739194417034375e-06,0.007216982541620623,0.004766507147695737,-3.6446608408020886e-05,0.0001282446427505033,4.6097390780000524e-05,0.0007457418341277767
555,555,555,555,937.7392198580322,-1.0133411580431906e-05,-6.755607720287938e-06,0.007217539140943068,0.004766535778349921,-3.637663438994104e-05,0.00012808336887670834,4.5982380807871315e-05,0.0007457307119096484
556,556,556,555,937.7392198580322,-1.0133411580431906e-05,-6.755607720287938e-06,0.007217539140943068,0.004766535778349921,-3.637663438994104e-05,0.00012808336887670834,4.5982380807871315e-05,0.0007457307119096484
557,557,557,557,937.7382215087749,-1.014224940068531e-05,-6.761499600456873e-06,0.007216493393929553,0.0047662625490575644,-3.6441689442265335e-05,0.00012824153815394997,4.609204770909814e-05,0.000745674909202805
558,558,558,557,937.7382215087749,-1.014224940068531e-05,-6.761499600456873e-06,0.007216493393929553,0.0047662625490575644,-3.6441689442265335e-05,0.00012824153815394997,4.609204770909814e-05,0.000745674909202805
559,559,559,559,937.7371311282348,-1.0167597760846192e-05,-6.778398507230794e-06,0.007217055951963929,0.004766295424963549,-3.6372000904782986e-05,0.0001280808456361721,4.5977609639411e-05,0.0007456738969741746
560,560,560,559,937.7371311282348,-1.0167597760846192e-05,-6.778398507230794e-06,0.007217055951963929,0.004766295424963549,-3.6372000904782986e-05,0.0001280808456361721,4.5977609639411e-05,0.0007456738969741746
561,561,561,561,937.7361409853596,-1.0179868616483345e-05,-6.7865790776555635e-06,0.007216012543206121,0.004766023233775275,-3.6437170274183917e-05,0.00012823884282508915,4.6087315692153186e-05,0.0007456046366426743
562,562,562,561,937.7361409853596,-1.0179868616483345e-05,-6.7865790776555635e-06,0.007216012543206121,0.004766023233775275,-3.6437170274183917e-05,0.00012823884282508915,4.6087315692153186e-05,0.0007456046366426743
563,563,563,563,937.7350545587431,-1.0194349897019173e-05,-6.796233264679448e-06,0.0072165330406614514,0.004766027873905452,-3.63669668456551e-05,0.00012807706748133314,4.597208699996108e-05,0.0007455920310524985
564,564,564,563,937.7350545587431,-1.0194349897019173e-05,-6.796233264679448e-06,0.0072165330406614514,0.004766027873905452,-3.63669668456551e-05,0.00012807706748133314,4.597208699996108e-05,0.0007455920310524985
565,565,565,565,937.7340682177381,-1.0209506210362429e-05,-6.806337473574955e-06,0.007215514983009828,0.0047657726087901794,-3.643216284858475e-05,0.00012823368947168892,4.608184483886196e-05,0.0007455323597497039
566,566,566,565,937.7340682177381,-1.0209506210362429e-05,-6.806337473574955e-06,0.007215514983009828,0.0047657726087901794,-3.643216284858475e-05,0.00012823368947168892,4.608184483886196e-05,0.0007455323597497039
567,567,567,567,937.7329862580125,-1.023632050026202e-05,-6.824213666841346e-06,0.007216072868251301,0.0047658037224155,-3.6362292256210405e-05,0.00012807476703496196,4.596711370331158e-05,0.0007455349599206167
568,568,568,567,937.7329862580125,-1.023632050026202e-05,-6.824213666841346e-06,0.007216072868251301,0.0047658037224155,-3.6362292256210405e-05,0.00012807476703496196,4.596711370331158e-05,0.0007455349599206167
569,569,569,569,937.7320039230024,-1.0244374331169759e-05,-6.829582887446505e-06,0.007215024887162272,0.0047655290101832285,-3.642770072597584e-05,0.0001282300011297375,4.60771474656424e-05,0.0007454607139034725
570,570,570,569,937.7320039230024,-1.0244374331169759e-05,-6.829582887446505e-06,0.007215024887162272,0.0047655290101832285,-3.642770072597584e-05,0.0001282300011297375,4.60771474656424e-05,0.0007454607139034725
571,571,571,571,937.73092078689,-1.026788610303253e-05,-6.845257402021687e-06,0.007215557810408529,0.004765545599437929,-3.6358129025408636e-05,0.00012807323962629345,4.5962627527963706e-05,0.000745460598752141
572,572,572,571,937.73092078689,-1.026788610303253e-05,-6.845257402021687e-06,0.007215557810408529,0.004765545599437929,-3.6358129025408636e-05,0.00012807323962629345,4.5962627527963706e-05,0.000745460598752141
573,573,573,573,937.7299480421159,-1.0279753706238237e-05,-6.853169137492158e-06,0.007214475436271325,0.004765249668145035,-3.642416362605039e-05,0.0001282337414285398,4.607336747996377e-05,0.0007453958626368381
574,574,574,573,937.7299480421159,-1.0279753706238237e-05,-6.853169137492158e-06,0.007214475436271325,0.004765249668145035,-3.642416362605039e-05,0.0001282337414285398,4.607336747996377e-05,0.0007453958626368381
575,575,575,575,937.7288699400497,-1.0301373195215069e-05,-6.86758213014338e-06,0.007215024747180082,0.004765270130060205,-3.6352921183833986e-05,0.0001280696217806984,4.595671481131408e-05,0.0007453784529810321
576,576,576,575,937.7288699400497,-1.0301373195215069e-05,-6.86758213014338e-06,0.007215024747180082,0.004765270130060205,-3.6352921183833986e-05,0.0001280696217806984,4.595671481131408e-05,0.0007453784529810321
577,577,577,577,937.7278992081176,-1.0319678598824655e-05,-6.879785732549769e-06,0.0072139645941354524,0.0047649890246244525,-3.641863816579438e-05,0.00012822866880210894,4.606723161402343e-05,0.0007453157804778393
578,578,578,577,937.7278992081176,-1.0319678598824655e-05,-6.879785732549769e-06,0.0072139645941354524,0.0047649890246244525,-3.641863816579438e-05,0.00012822866880210894,4.606723161402343e-05,0.0007453157804778393
579,579,579,579,937.7268271457893,-1.0338425223854752e-05,-6.892283482569835e-06,0.007214526238016433,0.004765022666940797,-3.634788074655809e-05,0.00012806640151641767,4.59514830595531e-05,0.0007453211377583943
580,580,580,579,937.7268271457893,-1.0338425223854752e-05,-6.892283482569835e-06,0.007214526238016433,0.004765022666940797,-3.634788074655809e-05,0.00012806640151641767,4.59514830595531e-05,0.0007453211377583943
581,581,581,581,937.725859208498,-1.0348466653903321e-05,-6.898977769268879e-06,0.00721342954970242,0.004764718833387097,-3.641332537575315e-05,0.00012822581888783006,4.606136619535184e-05,0.0007452483408318166
582,582,582,581,937.725859208498,-1.0348466653903321e-05,-6.898977769268879e-06,0.00721342954970242,0.004764718833387097,-3.641332537575315e-05,0.00012822581888783006,4.606136619535184e-05,0.0007452483408318166
583,583,583,583,937.7247912534576,-1.0374332394369468e-05,-6.916221596246313e-06,0.007213997982233683,0.004764751590670651,-3.6342938053886276e-05,0.00012806293305786686,4.594604874078728e-05,0.0007452368468305495
584,584,584,583,937.7247912534576,-1.0374332394369468e-05,-6.916221596246313e-06,0.007213997982233683,0.004764751590670651,-3.6342938053886276e-05,0.00012806293305786686,4.594604874078728e-05,0.0007452368468305495
585,585,585,585,937.7238287400899,-1.0388752681417257e-05,-6.9258351209448375e-06,0.007212962167102314,0.00476448523419978,-3.640869219229126e-05,0.0001282219007644155,4.605640827792107e-05,0.0007451637797877178
586,586,586,585,937.7238287400899,-1.0388752681417257e-05,-6.9258351209448375e-06,0.007212962167102314,0.00476448523419978,-3.640869219229126e-05,0.0001282219007644155,4.605640827792107e-05,0.0007451637797877178
587,587,587,587,937.7227651595599,-1.0406006013319313e-05,-6.937337342212877e-06,0.007213478268962924,0.004764489361498172,-3.634009362119689e-05,0.000128063517522424,4.5943001654537297e-05,0.0007451498274134578
588,588,588,587,937.7227651595599,-1.0406006013319313e-05,-6.937337342212877e-06,0.007213478268962924,0.004764489361498172,-3.634009362119689e-05,0.000128063517522424,4.5943001654537297e-05,0.0007451498274134578
589,589,589,589,937.7218054451233,-1.0417519253125285e-05,-6.945012835416856e-06,0.0072124414587982355,0.004764223746489665,-3.6406088899397504e-05,0.00012822314822048207,4.605376708349124e-05,0.0007450876378674908
590,590,590,589,937.7218054451233,-1.0417519253125285e-05,-6.945012835416856e-06,0.0072124414587982355,0.004764223746489665,-3.6406088899397504e-05,0.00012822314822048207,4.605376708349124e-05,0.0007450876378674908
591,591,591,591,937.7207459634831,-1.0441697699731245e-05,-6.961131799820831e-06,0.007212995595089633,0.004764248660086576,-3.6333604418688215e-05,0.00012805735621734408,4.593587515075437e-05,0.0007450809134473891
592,592,592,591,937.7207459634831,-1.0441697699731245e-05,-6.961131799820831e-06,0.007212995595089633,0.004764248660086576,-3.6333604418688215e-05,0.00012805735621734408,4.593587515075437e-05,0.0007450809134473891
593,593,593,593,937.719791330505,-1.0454652108110585e-05,-6.969768072073722e-06,0.007211948555185611,0.004763976522978848,-3.639937954407618e-05,0.0001282165304900708,4.604626205381018e-05,0.0007450121495507691
594,594,594,593,937.719791330505,-1.0454652108110585e-05,-6.969768072073722e-06,0.007211948555185611,0.004763976522978848,-3.639937954407618e-05,0.0001282165304900708,4.604626205381018e-05,0.0007450121495507691
595,595,595,595,937.7187360196522,-1.0480475846841308e-05,-6.9869838978942064e-06,0.007212466469683832,0.004763981727669542,-3.633025036756804e-05,0.00012805717907414166,4.593235674306417e-05,0.0007450006984956554
596,596,596,595,937.7187360196522,-1.0480475846841308e-05,-6.9869838978942064e-06,0.007212466469683832,0.004763981727669542,-3.633025036756804e-05,0.00012805717907414166,4.593235674306417e-05,0.0007450006984956554
597,597,597,597,937.7177845416428,-1.0492254485738872e-05,-6.994836323825914e-06,0.007211403276436274,0.0047637003800247765,-3.639639347422646e-05,0.0001282178077540045,4.604320258469463e-05,0.000744939217546148
598,598,598,597,937.7177845416428,-1.0492254485738872e-05,-6.994836323825914e-06,0.007211403276436274,0.0047637003800247765,-3.639639347422646e-05,0.0001282178077540045,4.604320258469463e-05,0.000744939217546148
599,599,599,599,937.7167338977948,-1.0513300020886795e-05,-7.008866680591196e-06,0.0072119453736617075,0.0047637163114894,-3.6324302675333486e-05,0.00012805186120161215,4.5925617546425934e-05,0.0007449167446492283
