sequence_index,iteration,nf,incumbent_index,incumbent_full_objective,mean_gate_entanglement_infidelity_to_truth,mean_gate_average_infidelity_to_truth,mean_spam_vector_l2_error_to_truth,mean_spam_tracedist_to_truth,mean_gate_eigenvalue_nonunitarity_excess_to_truth,mean_gate_eigenvalue_diamondnorm_to_truth,mean_gate_eigenvalue_nonunitary_diamondnorm_to_truth,mean_gate_diamond_distance_to_truth
0,0,0,0,754608.4853851422,0.00227342297002206,0.00151561531334804,0.00697710335423951,0.004937894532976495,-0.003850330725303469,0.008134373632380773,0.004513942584111835,0.015113464757287046
1,1,1,1,406856.7162743267,0.041736895371650956,0.027824596914433973,0.08336981906493023,0.06669018049149447,0.05986531655143588,0.08028636468321691,0.06922668284007578,0.14797296072457733
2,2,2,1,406856.7162743267,0.041736895371650956,0.027824596914433973,0.08336981906493023,0.06669018049149447,0.05986531655143588,0.08028636468321691,0.06922668284007578,0.14797296072457733
3,3,3,3,276676.05859953223,0.0333701300098721,0.022246753339914733,0.12030155776245594,0.08003900657755594,0.0356331485622519,0.06062543513272142,0.047110760131645064,0.1368387403811871
4,4,4,3,276676.05859953223,0.0333701300098721,0.022246753339914733,0.12030155776245594,0.08003900657755594,0.0356331485622519,0.06062543513272142,0.047110760131645064,0.1368387403811871
5,5,5,5,211608.39486612604,0.02098362641884463,0.013989084279229753,0.03314249285693418,0.029489467916940692,0.02294164151105218,0.051694139641819015,0.03346309045923565,0.10814013488442738
6,6,6,5,211608.39486612604,0.02098362641884463,0.013989084279229753,0.03314249285693418,0.029489467916940692,0.02294164151105218,0.051694139641819015,0.03346309045923565,0.10814013488442738
7,7,7,5,211608.39486612604,0.02098362641884463,0.013989084279229753,0.03314249285693418,0.029489467916940692,0.02294164151105218,0.051694139641819015,0.03346309045923565,0.10814013488442738
8,8,8,8,198926.54096848238,0.01876813055207041,0.012512087034713607,0.03267207505571617,0.023308015227594334,0.025614810284194753,0.039086616979421604,0.03337720917387449,0.08263354101801453
9,9,9,8,198926.54096848238,0.01876813055207041,0.012512087034713607,0.03267207505571617,0.023308015227594334,0.025614810284194753,0.039086616979421604,0.03337720917387449,0.08263354101801453
10,10,10,10,178900.70026304317,0.016017788508415287,0.010678525672276857,0.031302659845286296,0.024668836359897143,0.018429906869231655,0.03755420594148821,0.025290694260516847,0.08456194727744795
11,11,11,10,178900.70026304317,0.016017788508415287,0.010678525672276857,0.031302659845286296,0.024668836359897143,0.018429906869231655,0.03755420594148821,0.025290694260516847,0.08456194727744795
12,12,12,10,178900.70026304317,0.016017788508415287,0.010678525672276857,0.031302659845286296,0.024668836359897143,0.018429906869231655,0.03755420594148821,0.025290694260516847,0.08456194727744795
13,13,13,13,101615.73856809674,0.0137984255352597,0.009198950356839802,0.018599618659575545,0.012851895672691436,0.016359866811229896,0.026848659206914857,0.023086306706721932,0.04805481350999078
14,14,14,13,101615.73856809674,0.0137984255352597,0.009198950356839802,0.018599618659575545,0.012851895672691436,0.016359866811229896,0.026848659206914857,0.023086306706721932,0.04805481350999078
15,15,15,15,61690.98844447406,0.0075027117024100975,0.005001807801606731,0.005361238465933479,0.003939972657504344,0.008928465907057079,0.015703623795106585,0.011462469148535478,0.02904627470393714
16,16,16,15,61690.98844447406,0.0075027117024100975,0.005001807801606731,0.005361238465933479,0.003939972657504344,0.008928465907057079,0.015703623795106585,0.011462469148535478,0.02904627470393714
17,17,17,17,49728.0587153886,0.006478117309626913,0.004318744873084608,0.006854438320576077,0.0049282690586567425,0.0076952710570188446,0.012050221417679061,0.008662668539284386,0.02465900083584299
18,18,18,17,49728.0587153886,0.006478117309626913,0.004318744873084608,0.006854438320576077,0.0049282690586567425,0.0076952710570188446,0.012050221417679061,0.008662668539284386,0.02465900083584299
19,19,19,19,44679.0028970011,0.0033045097185577244,0.002203006479038483,0.005276575995362593,0.003586429453838351,0.004848851602478013,0.01005348543979465,0.005931774579762246,0.017965471022000655
20,20,20,19,44679.0028970011,0.0033045097185577244,0.002203006479038483,0.005276575995362593,0.003586429453838351,0.004848851602478013,0.01005348543979465,0.005931774579762246,0.017965471022000655
21,21,21,21,29416.699175849055,0.003648974507811764,0.0024326496718745094,0.005585122745826314,0.0044478085330386715,0.005108619947741949,0.006342761644058792,0.005949751223538621,0.014419586926460667
22,22,22,22,16245.412210431186,0.0006652450085574135,0.00044349667237160906,0.002591743107163833,0.0017853484145687016,0.0023640675293817234,0.005024191863826948,0.0029896444468687083,0.008510397702247078
23,23,23,22,16245.412210431186,0.0006652450085574135,0.00044349667237160906,0.002591743107163833,0.0017853484145687016,0.0023640675293817234,0.005024191863826948,0.0029896444468687083,0.008510397702247078
24,24,24,24,12171.662148856507,0.0020081963819666704,0.0013387975879777803,0.0026830365489692136,0.0015875329313481045,0.002408553189170534,0.0037856986434521294,0.003565838323486295,0.00697573075832909
25,25,25,25,5447.787727239799,0.0006484617930772041,0.00043230786205146937,0.0038337094130914055,0.0024898572830016697,0.0012511592938029628,0.0016410148934732785,0.0015887147744068075,0.0036974813272619036
26,26,26,26,3953.9418085721027,0.0007136237958951241,0.0004757491972634161,0.0028024868318502136,0.0017784640425015158,0.0006648607825663622,0.0011949831971318132,0.0010794817158935321,0.002416332524261824
27,27,27,27,3536.426538860508,0.0006381771521809521,0.00042545143478730135,0.0026769762912165784,0.0016655992001466237,0.0005243148742617373,0.0009922313676539824,0.0009309098429645252,0.002366841389258668
28,28,28,28,1457.2951836075083,0.00022649809522637399,0.000150998730150916,0.002650569555514813,0.0016576789924827454,0.0001067883216611526,0.0004083410848506406,0.00034213013681901744,0.001473926334894789
29,29,29,28,1457.2951836075083,0.00022649809522637399,0.000150998730150916,0.002650569555514813,0.0016576789924827454,0.0001067883216611526,0.0004083410848506406,0.00034213013681901744,0.001473926334894789
30,30,30,30,1219.336292309418,0.00017411327208496918,0.00011607551472331279,0.0025121543345309073,0.0015629644946077242,6.932528269480709e-05,0.00029843371066162966,0.00021213027983264104,0.001269408689250203
31,31,31,30,1219.336292309418,0.00017411327208496918,0.00011607551472331279,0.0025121543345309073,0.0015629644946077242,6.932528269480709e-05,0.00029843371066162966,0.00021213027983264104,0.001269408689250203
32,32,32,32,1169.0328232876261,0.00016059029583359585,0.00010706019722239724,0.002458749083674213,0.0015317851284270918,4.8043279639545244e-05,0.0002876773462497771,0.0002087073491904637,0.0012930696191344921
33,33,33,32,1169.0328232876261,0.00016059029583359585,0.00010706019722239724,0.002458749083674213,0.0015317851284270918,4.8043279639545244e-05,0.0002876773462497771,0.0002087073491904637,0.0012930696191344921
34,34,34,34,1179.9574334289541,0.00015857371374453089,0.00010571580916302059,0.002451682207749554,0.001538966332713615,5.439916705569231e-05,0.0002980208476997014,0.0002097617688576886,0.0012782835244289443
35,35,35,34,1179.9574334289541,0.00015857371374453089,0.00010571580916302059,0.002451682207749554,0.001538966332713615,5.439916705569231e-05,0.0002980208476997014,0.0002097617688576886,0.0012782835244289443
36,36,36,36,1086.1734634296372,0.00013560904140283436,9.040602760188957e-05,0.002421884456868957,0.0015471716520197953,2.6506463971336103e-05,0.0002515174761593204,0.0001789869574905928,0.0011999258602162595
37,37,37,36,1086.1734634296372,0.00013560904140283436,9.040602760188957e-05,0.002421884456868957,0.0015471716520197953,2.6506463971336103e-05,0.0002515174761593204,0.0001789869574905928,0.0011999258602162595
38,38,38,36,1086.1734634296372,0.00013560904140283436,9.040602760188957e-05,0.002421884456868957,0.0015471716520197953,2.6506463971336103e-05,0.0002515174761593204,0.0001789869574905928,0.0011999258602162595
39,39,39,39,1004.815996886878,9.712627384067529e-05,6.475084922711685e-05,0.0024395528714174493,0.001531992123163935,-1.0068347766449548e-05,0.00022535707795502837,0.0001284008534373285,0.0011155402818627481
40,40,40,39,1004.815996886878,9.712627384067529e-05,6.475084922711685e-05,0.0024395528714174493,0.001531992123163935,-1.0068347766449548e-05,0.00022535707795502837,0.0001284008534373285,0.0011155402818627481
41,41,41,41,988.4613800040725,8.566825609782058e-05,5.711217073188039e-05,0.002388139081607106,0.0014947878458337262,-1.7997560470252305e-05,0.00022695395209056465,0.00011274799055058238,0.0011256759403904253
42,42,42,41,988.4613800040725,8.566825609782058e-05,5.711217073188039e-05,0.002388139081607106,0.0014947878458337262,-1.7997560470252305e-05,0.00022695395209056465,0.00011274799055058238,0.0011256759403904253
43,43,43,41,988.4613800040725,8.566825609782058e-05,5.711217073188039e-05,0.002388139081607106,0.0014947878458337262,-1.7997560470252305e-05,0.00022695395209056465,0.00011274799055058238,0.0011256759403904253
44,44,44,44,974.35726546104,7.394777611291481e-05,4.9298517408609875e-05,0.002207123809188806,0.0014084029818648251,-3.480048739679109e-05,0.00022057142249848861,9.761324067751598e-05,0.0011057821817215133
45,45,45,44,974.35726546104,7.394777611291481e-05,4.9298517408609875e-05,0.002207123809188806,0.0014084029818648251,-3.480048739679109e-05,0.00022057142249848861,9.761324067751598e-05,0.0011057821817215133
46,46,46,46,972.8100092635559,7.099392372089675e-05,4.7329282480597826e-05,0.0022135276482007954,0.0014190446119987255,-3.457124365886105e-05,0.00021978280255672522,9.019927941008449e-05,0.0011035812052599874
47,47,47,46,972.8100092635559,7.099392372089675e-05,4.7329282480597826e-05,0.0022135276482007954,0.0014190446119987255,-3.457124365886105e-05,0.00021978280255672522,9.019927941008449e-05,0.0011035812052599874
48,48,48,46,972.8100092635559,7.099392372089675e-05,4.7329282480597826e-05,0.0022135276482007954,0.0014190446119987255,-3.457124365886105e-05,0.00021978280255672522,9.019927941008449e-05,0.0011035812052599874
49,49,49,49,971.074754910587,6.601086042012927e-05,4.400724028008618e-05,0.002198859380237034,0.0014026667728983559,-4.015704396904962e-05,0.0002197800701953653,8.772173942918349e-05,0.0010962761343084172
50,50,50,49,971.074754910587,6.601086042012927e-05,4.400724028008618e-05,0.002198859380237034,0.0014026667728983559,-4.015704396904962e-05,0.0002197800701953653,8.772173942918349e-05,0.0010962761343084172
51,51,51,49,971.074754910587,6.601086042012927e-05,4.400724028008618e-05,0.002198859380237034,0.0014026667728983559,-4.015704396904962e-05,0.0002197800701953653,8.772173942918349e-05,0.0010962761343084172
52,52,52,52,971.2131732314763,6.467562028356078e-05,4.311708018904052e-05,0.0022008805698448936,0.0014067265185136917,-4.271709720326394e-05,0.00022057592205506303,8.624960830592998e-05,0.0011004945205798319
53,53,53,52,971.2131732314763,6.467562028356078e-05,4.311708018904052e-05,0.0022008805698448936,0.0014067265185136917,-4.271709720326394e-05,0.00022057592205506303,8.624960830592998e-05,0.0011004945205798319
54,54,54,54,971.2625416833366,6.430192135117863e-05,4.286794756745242e-05,0.0022099516112452713,0.001413426930710946,-4.347808033493966e-05,0.00021984330215251585,8.689035242510912e-05,0.0010994859109892535
55,55,55,54,971.2625416833366,6.430192135117863e-05,4.286794756745242e-05,0.0022099516112452713,0.001413426930710946,-4.347808033493966e-05,0.00021984330215251585,8.689035242510912e-05,0.0010994859109892535
56,56,56,54,971.2625416833366,6.430192135117863e-05,4.286794756745242e-05,0.0022099516112452713,0.001413426930710946,-4.347808033493966e-05,0.00021984330215251585,8.689035242510912e-05,0.0010994859109892535
57,57,57,57,971.2894617734607,6.395031793091088e-05,4.263354528727392e-05,0.00220486801304617,0.0014099123330764975,-4.3078670270313424e-05,0.00021989343767564757,8.533687187572275e-05,0.0010994694464478195
58,58,58,57,971.2894617734607,6.395031793091088e-05,4.263354528727392e-05,0.00220486801304617,0.0014099123330764975,-4.3078670270313424e-05,0.00021989343767564757,8.533687187572275e-05,0.0010994694464478195
59,59,59,57,971.2894617734607,6.395031793091088e-05,4.263354528727392e-05,0.00220486801304617,0.0014099123330764975,-4.3078670270313424e-05,0.00021989343767564757,8.533687187572275e-05,0.0010994694464478195
60,60,60,60,971.352432439684,6.368516294441573e-05,4.245677529627715e-05,0.002207890446084229,0.0014122077392619652,-4.372001301414241e-05,0.00022016595837533529,8.581818646428291e-05,0.00109866234375223
61,61,61,60,971.352432439684,6.368516294441573e-05,4.245677529627715e-05,0.002207890446084229,0.0014122077392619652,-4.372001301414241e-05,0.00022016595837533529,8.581818646428291e-05,0.00109866234375223
62,62,62,62,971.3379854951743,6.390714883722226e-05,4.26047658914815e-05,0.002209149426733809,0.001413248481195219,-4.3318877146328316e-05,0.0002199744786784437,8.578524749256605e-05,0.0010988101662598518
63,63,63,63,971.0299445598082,6.408579235225864e-05,4.272386156817243e-05,0.002227040801267072,0.0014345549937833492,-4.808740028584835e-05,0.00020440857879224083,9.015416280740152e-05,0.0010564662959440928
64,64,64,64,971.0790730881788,6.352080305557783e-05,4.234720203705189e-05,0.0022207086316315752,0.0014319625791663626,-4.850509832413086e-05,0.00020455545166896984,8.957909160386968e-05,0.0010609360711879797
65,65,65,64,971.0790730881788,6.352080305557783e-05,4.234720203705189e-05,0.0022207086316315752,0.0014319625791663626,-4.850509832413086e-05,0.00020455545166896984,8.957909160386968e-05,0.0010609360711879797
66,66,66,66,971.2145511741575,6.26378792362714e-05,4.1758586157514266e-05,0.002218269434085716,0.0014299531538008417,-4.862102721047562e-05,0.00020459831369301718,8.910224108621412e-05,0.0010593181057012115
67,67,67,66,971.2145511741575,6.26378792362714e-05,4.1758586157514266e-05,0.002218269434085716,0.0014299531538008417,-4.862102721047562e-05,0.00020459831369301718,8.910224108621412e-05,0.0010593181057012115
68,68,68,66,971.2145511741575,6.26378792362714e-05,4.1758586157514266e-05,0.002218269434085716,0.0014299531538008417,-4.862102721047562e-05,0.00020459831369301718,8.910224108621412e-05,0.0010593181057012115
69,69,69,69,971.3571518527208,6.229556290690552e-05,4.153037527127035e-05,0.0022189249395553052,0.0014302770077392688,-4.8989774143713694e-05,0.00020464990567158108,8.935996583538108e-05,0.0010593275512845255
70,70,70,69,971.3571518527208,6.229556290690552e-05,4.153037527127035e-05,0.0022189249395553052,0.0014302770077392688,-4.8989774143713694e-05,0.00020464990567158108,8.935996583538108e-05,0.0010593275512845255
71,71,71,69,971.3571518527208,6.229556290690552e-05,4.153037527127035e-05,0.0022189249395553052,0.0014302770077392688,-4.8989774143713694e-05,0.00020464990567158108,8.935996583538108e-05,0.0010593275512845255
72,72,72,72,971.4115713769611,6.227244673961962e-05,4.1514964493079745e-05,0.0022185073486811814,0.0014298383451234267,-4.907712387815927e-05,0.0002047192938617611,8.921225426440638e-05,0.0010595229352198597
73,73,73,72,971.4115713769611,6.227244673961962e-05,4.1514964493079745e-05,0.0022185073486811814,0.0014298383451234267,-4.907712387815927e-05,0.0002047192938617611,8.921225426440638e-05,0.0010595229352198597
74,74,74,74,971.4800319026851,6.237851821708218e-05,4.158567881138812e-05,0.002219133078244191,0.0014301040458590197,-4.921597736411848e-05,0.00020470103315794428,8.923849929047545e-05,0.0010601935684205815
75,75,75,74,971.4800319026851,6.237851821708218e-05,4.158567881138812e-05,0.002219133078244191,0.0014301040458590197,-4.921597736411848e-05,0.00020470103315794428,8.923849929047545e-05,0.0010601935684205815
76,76,76,74,971.4800319026851,6.237851821708218e-05,4.158567881138812e-05,0.002219133078244191,0.0014301040458590197,-4.921597736411848e-05,0.00020470103315794428,8.923849929047545e-05,0.0010601935684205815
77,77,77,77,971.4939466948587,6.252561511063681e-05,4.1683743407091203e-05,0.0022190729394857794,0.0014300176926131253,-4.9222670024294535e-05,0.00020471846038139967,8.917457756131564e-05,0.0010607304106838669
78,78,78,77,971.4939466948587,6.252561511063681e-05,4.1683743407091203e-05,0.0022190729394857794,0.0014300176926131253,-4.9222670024294535e-05,0.00020471846038139967,8.917457756131564e-05,0.0010607304106838669
79,79,79,79,971.5040375047256,6.266950715735908e-05,4.1779671438239393e-05,0.002219317239734071,0.0014301213309507092,-4.925579753305154e-05,0.00020472021843762387,8.921962495812841e-05,0.0010612511876862817
80,80,80,79,971.5040375047256,6.266950715735908e-05,4.1779671438239393e-05,0.002219317239734071,0.0014301213309507092,-4.925579753305154e-05,0.00020472021843762387,8.921962495812841e-05,0.0010612511876862817
81,81,81,79,971.5040375047256,6.266950715735908e-05,4.1779671438239393e-05,0.002219317239734071,0.0014301213309507092,-4.925579753305154e-05,0.00020472021843762387,8.921962495812841e-05,0.0010612511876862817
82,82,82,82,971.507871468842,6.273563656167269e-05,4.1823757707781795e-05,0.002219308709311722,0.0014301023976970601,-4.925130079040663e-05,0.0002047253555843255,8.918810494727702e-05,0.0010614800124348536
83,83,83,82,971.507871468842,6.273563656167269e-05,4.1823757707781795e-05,0.002219308709311722,0.0014301023976970601,-4.925130079040663e-05,0.0002047253555843255,8.918810494727702e-05,0.0010614800124348536
84,84,84,84,971.5142465389661,6.278850469246255e-05,4.185900312830837e-05,0.0022194490217732777,0.0014301898506687265,-4.927241498182272e-05,0.00020472155378354392,8.920037093098493e-05,0.0010616866640679973
85,85,85,84,971.5142465389661,6.278850469246255e-05,4.185900312830837e-05,0.0022194490217732777,0.0014301898506687265,-4.927241498182272e-05,0.00020472155378354392,8.920037093098493e-05,0.0010616866640679973
86,86,86,84,971.5142465389661,6.278850469246255e-05,4.185900312830837e-05,0.0022194490217732777,0.0014301898506687265,-4.927241498182272e-05,0.00020472155378354392,8.920037093098493e-05,0.0010616866640679973
87,87,87,87,971.515657813374,6.281925955634038e-05,4.187950637089359e-05,0.0022194316090572356,0.001430177572725809,-4.926889227269832e-05,0.00020472286989136219,8.918512517880339e-05,0.0010617861141531835
88,88,88,87,971.515657813374,6.281925955634038e-05,4.187950637089359e-05,0.0022194316090572356,0.001430177572725809,-4.926889227269832e-05,0.00020472286989136219,8.918512517880339e-05,0.0010617861141531835
89,89,89,89,971.518671223285,6.284861082833659e-05,4.1899073885557726e-05,0.002219545532178076,0.0014302444239118386,-4.9279097160633e-05,0.0002047222936237237,8.920285441203074e-05,0.0010618875404664252
90,90,90,89,971.518671223285,6.284861082833659e-05,4.1899073885557726e-05,0.002219545532178076,0.0014302444239118386,-4.9279097160633e-05,0.0002047222936237237,8.920285441203074e-05,0.0010618875404664252
91,91,91,91,971.5203982339341,6.287996092649295e-05,4.1919973950995296e-05,0.002219545484848196,0.0014302457126261952,-4.9274918662314815e-05,0.00020472271112544134,8.918871291301728e-05,0.0010619914623148981
92,92,92,91,971.5203982339341,6.287996092649295e-05,4.1919973950995296e-05,0.002219545484848196,0.0014302457126261952,-4.9274918662314815e-05,0.00020472271112544134,8.918871291301728e-05,0.0010619914623148981
93,93,93,91,971.5203982339341,6.287996092649295e-05,4.1919973950995296e-05,0.002219545484848196,0.0014302457126261952,-4.9274918662314815e-05,0.00020472271112544134,8.918871291301728e-05,0.0010619914623148981
94,94,94,94,971.5219421232039,6.289592821961953e-05,4.193061881307969e-05,0.0022196056751313483,0.0014302815026248446,-4.9279303105144445e-05,0.0002047209588324421,8.9198267675894e-05,0.001062046824478009
95,95,95,95,971.5238670834926,6.293076764607441e-05,4.195384509738294e-05,0.002219671695662932,0.001430323726985459,-4.9276653239109514e-05,0.0002047206807705129,8.919957980217663e-05,0.0010621540133705764
96,96,96,95,971.5238670834926,6.293076764607441e-05,4.195384509738294e-05,0.002219671695662932,0.001430323726985459,-4.9276653239109514e-05,0.0002047206807705129,8.919957980217663e-05,0.0010621540133705764
97,97,97,97,971.5263456400833,6.295787501536809e-05,4.1971916676912066e-05,0.002219688732788661,0.001430325598349689,-4.9286172890739e-05,0.00020472238129962795,8.92001683820906e-05,0.001062264950512171
98,98,98,97,971.5263456400833,6.295787501536809e-05,4.1971916676912066e-05,0.002219688732788661,0.001430325598349689,-4.9286172890739e-05,0.00020472238129962795,8.92001683820906e-05,0.001062264950512171
99,99,99,99,971.528330686757,6.299469765169707e-05,4.1996465101131385e-05,0.002219767770429698,0.0014303799507699297,-4.927990703417623e-05,0.00020471841567302673,8.920144234373512e-05,0.001062373065171167
100,100,100,99,971.528330686757,6.299469765169707e-05,4.1996465101131385e-05,0.002219767770429698,0.0014303799507699297,-4.927990703417623e-05,0.00020471841567302673,8.920144234373512e-05,0.001062373065171167
101,101,101,101,971.5307945291422,6.302189483073373e-05,4.201459655382248e-05,0.0022197875812240957,0.001430385273122432,-4.928968137211942e-05,0.00020471907006858376,8.92034217469806e-05,0.0010624805459852169
102,102,102,101,971.5307945291422,6.302189483073373e-05,4.201459655382248e-05,0.0022197875812240957,0.001430385273122432,-4.928968137211942e-05,0.00020471907006858376,8.92034217469806e-05,0.0010624805459852169
103,103,103,103,971.5327496467062,6.305774180895285e-05,4.20384945393019e-05,0.002219864552837868,0.0014304392387244366,-4.9283336127352306e-05,0.00020471665145702068,8.920392466951754e-05,0.0010625911993617058
104,104,104,103,971.5327496467062,6.305774180895285e-05,4.20384945393019e-05,0.002219864552837868,0.0014304392387244366,-4.9283336127352306e-05,0.00020471665145702068,8.920392466951754e-05,0.0010625911993617058
105,105,105,105,971.5349314810779,6.307921135648153e-05,4.2052807570987685e-05,0.002219878851360186,0.0014304384305660423,-4.929164142867398e-05,0.00020471715627054548,8.920426640957047e-05,0.0010626785069606248
106,106,106,105,971.5349314810779,6.307921135648153e-05,4.2052807570987685e-05,0.002219878851360186,0.0014304384305660423,-4.929164142867398e-05,0.00020471715627054548,8.920426640957047e-05,0.0010626785069606248
107,107,107,107,971.5360564433242,6.310308035642476e-05,4.20687202376165e-05,0.002219941291597184,0.0014304808484524776,-4.9284830560221426e-05,0.0002047143056649454,8.92044958103605e-05,0.0010627401334457327
108,108,108,107,971.5360564433242,6.310308035642476e-05,4.20687202376165e-05,0.002219941291597184,0.0014304808484524776,-4.9284830560221426e-05,0.0002047143056649454,8.92044958103605e-05,0.0010627401334457327
109,109,109,109,971.5374498520719,6.311539399650457e-05,4.2076929331003043e-05,0.0022199343140726123,0.001430469265027759,-4.929274627282765e-05,0.00020471555508475595,8.920429041080896e-05,0.0010628008294485752
110,110,110,109,971.5374498520719,6.311539399650457e-05,4.2076929331003043e-05,0.0022199343140726123,0.001430469265027759,-4.929274627282765e-05,0.00020471555508475595,8.920429041080896e-05,0.0010628008294485752
111,111,111,111,971.5379159174462,6.312829987384361e-05,4.208553324922907e-05,0.0022199773513707876,0.0014305033860141129,-4.928576549039637e-05,0.00020471373732581597,8.92048799852399e-05,0.0010628327525659988
112,112,112,111,971.5379159174462,6.312829987384361e-05,4.208553324922907e-05,0.0022199773513707876,0.0014305033860141129,-4.928576549039637e-05,0.00020471373732581597,8.92048799852399e-05,0.0010628327525659988
113,113,113,113,971.5391077867051,6.31357377784969e-05,4.209049185233127e-05,0.0022199685668993006,0.0014304897248791544,-4.929339841164976e-05,0.00020471489664279635,8.920484848964211e-05,0.0010628741353839203
114,114,114,113,971.5391077867051,6.31357377784969e-05,4.209049185233127e-05,0.0022199685668993006,0.0014304897248791544,-4.929339841164976e-05,0.00020471489664279635,8.920484848964211e-05,0.0010628741353839203
115,115,115,115,971.5392037247489,6.314718692942978e-05,4.2098124619619856e-05,0.0022200062081824622,0.0014305208271401127,-4.928557065824596e-05,0.00020471294706116123,8.920468350451238e-05,0.0010628999404826934
116,116,116,115,971.5392037247489,6.314718692942978e-05,4.2098124619619856e-05,0.0022200062081824622,0.0014305208271401127,-4.928557065824596e-05,0.00020471294706116123,8.920468350451238e-05,0.0010628999404826934
117,117,117,117,971.5402504428499,6.31486446392715e-05,4.2099096426181e-05,0.002219990652678006,0.0014305011446740133,-4.9293013824079634e-05,0.00020471314443088807,8.920425887609662e-05,0.0010629189754673362
118,118,118,117,971.5402504428499,6.31486446392715e-05,4.2099096426181e-05,0.002219990652678006,0.0014305011446740133,-4.9293013824079634e-05,0.00020471314443088807,8.920425887609662e-05,0.0010629189754673362
119,119,119,119,971.5404264845976,6.31590340628152e-05,4.210602270854347e-05,0.002220029858520282,0.0014305310175413758,-4.928607222967618e-05,0.00020471177310856626,8.920471168676058e-05,0.0010629402030362172
120,120,120,119,971.5404264845976,6.31590340628152e-05,4.210602270854347e-05,0.002220029858520282,0.0014305310175413758,-4.928607222967618e-05,0.00020471177310856626,8.920471168676058e-05,0.0010629402030362172
121,121,121,121,971.5413386590451,6.316221164298641e-05,4.210814109532427e-05,0.0022200149063464065,0.0014305131823381116,-4.929345472910046e-05,0.00020471269485220273,8.920434574766906e-05,0.0010629669677613425
122,122,122,121,971.5413386590451,6.316221164298641e-05,4.210814109532427e-05,0.0022200149063464065,0.0014305131823381116,-4.929345472910046e-05,0.00020471269485220273,8.920434574766906e-05,0.0010629669677613425
123,123,123,123,971.5414327711159,6.317178502804333e-05,4.211452335202888e-05,0.0022200495434447245,0.0014305415969052596,-4.928649971559784e-05,0.00020471121785486712,8.920475250115412e-05,0.0010629849756480544
124,124,124,123,971.5414327711159,6.317178502804333e-05,4.211452335202888e-05,0.0022200495434447245,0.0014305415969052596,-4.928649971559784e-05,0.00020471121785486712,8.920475250115412e-05,0.0010629849756480544
125,125,125,125,971.5422506668178,6.317373030328977e-05,4.211582020219318e-05,0.002220034318413619,0.0014305236712237174,-4.9293611200706966e-05,0.00020471206921540642,8.920459421554033e-05,0.0010630066556655336
126,126,126,125,971.5422506668178,6.317373030328977e-05,4.211582020219318e-05,0.002220034318413619,0.0014305236712237174,-4.9293611200706966e-05,0.00020471206921540642,8.920459421554033e-05,0.0010630066556655336
127,127,127,127,971.5424659425553,6.318308923705662e-05,4.2122059491371086e-05,0.0022200685734353157,0.001430551954944112,-4.9286709564444475e-05,0.00020471092473318812,8.920486819850165e-05,0.0010630280618793863
128,128,128,127,971.5424659425553,6.318308923705662e-05,4.2122059491371086e-05,0.0022200685734353157,0.001430551954944112,-4.9286709564444475e-05,0.00020471092473318812,8.920486819850165e-05,0.0010630280618793863
129,129,129,129,971.5432743325418,6.318580044356592e-05,4.2123866962377285e-05,0.0022200544845155626,0.001430534371770984,-4.929358993072119e-05,0.00020471141261761632,8.920425495140272e-05,0.001063049992335967
130,130,130,129,971.5432743325418,6.318580044356592e-05,4.2123866962377285e-05,0.0022200544845155626,0.001430534371770984,-4.929358993072119e-05,0.00020471141261761632,8.920425495140272e-05,0.001063049992335967
131,131,131,131,971.543241637972,6.319447631536468e-05,4.2129650876909785e-05,0.0022200872009064993,0.0014305622580240316,-4.9286733460454646e-05,0.00020470971680833027,8.92047105785429e-05,0.0010630636647800415
132,132,132,131,971.543241637972,6.319447631536468e-05,4.2129650876909785e-05,0.0022200872009064993,0.0014305622580240316,-4.9286733460454646e-05,0.00020470971680833027,8.92047105785429e-05,0.0010630636647800415
133,133,133,133,971.5440294746041,6.319704184210018e-05,4.213136122806678e-05,0.0022200670777030554,0.001430544888744447,-4.9294325691069674e-05,0.0002047106555994554,8.92045752058715e-05,0.0010630869779120937
134,134,134,133,971.5440294746041,6.319704184210018e-05,4.213136122806678e-05,0.0022200670777030554,0.001430544888744447,-4.9294325691069674e-05,0.0002047106555994554,8.92045752058715e-05,0.0010630869779120937
135,135,135,135,971.5443151711168,6.320643120613645e-05,4.213762080409096e-05,0.00222010554833052,0.001430572155374611,-4.928738010277767e-05,0.00020470969081893295,8.920500273432164e-05,0.001063108223539281
136,136,136,135,971.5443151711168,6.320643120613645e-05,4.213762080409096e-05,0.00222010554833052,0.001430572155374611,-4.928738010277767e-05,0.00020470969081893295,8.920500273432164e-05,0.001063108223539281
137,137,137,137,971.5450442061504,6.320809428977947e-05,4.213872952651965e-05,0.002220090817040519,0.0014305580383780722,-4.9295235056485975e-05,0.000204710665583373,8.920575786513368e-05,0.0010631308969683956
138,138,138,137,971.5450442061504,6.320809428977947e-05,4.213872952651965e-05,0.002220090817040519,0.0014305580383780722,-4.9295235056485975e-05,0.000204710665583373,8.920575786513368e-05,0.0010631308969683956
139,139,139,139,971.5450440492497,6.321661788125099e-05,4.2144411920834e-05,0.002220121401007241,0.0014305813406079175,-4.928769748150513e-05,0.00020470924533799343,8.920504383007344e-05,0.0010631423366825384
140,140,140,139,971.5450440492497,6.321661788125099e-05,4.2144411920834e-05,0.002220121401007241,0.0014305813406079175,-4.928769748150513e-05,0.00020470924533799343,8.920504383007344e-05,0.0010631423366825384
141,141,141,141,971.5458036090042,6.321860669433743e-05,4.2145737796224957e-05,0.002220107787038261,0.0014305649805967488,-4.929518736811189e-05,0.0002047101545864481,8.920491996348978e-05,0.0010631638541197014
142,142,142,141,971.5458036090042,6.321860669433743e-05,4.2145737796224957e-05,0.002220107787038261,0.0014305649805967488,-4.929518736811189e-05,0.0002047101545864481,8.920491996348978e-05,0.0010631638541197014
143,143,143,143,971.5458881437064,6.322728746591122e-05,4.2151524977274146e-05,0.0022201402311117775,0.0014305909938357691,-4.92875049933339e-05,0.00020470842001251005,8.92047094986359e-05,0.0010631795664393223
144,144,144,143,971.5458881437064,6.322728746591122e-05,4.2151524977274146e-05,0.0022201402311117775,0.0014305909938357691,-4.92875049933339e-05,0.00020470842001251005,8.92047094986359e-05,0.0010631795664393223
145,145,145,145,971.5463329239149,6.322510005779547e-05,4.215006670519698e-05,0.0022201185554010573,0.0014305705359749597,-4.9295073440411286e-05,0.0002047100174985186,8.920480278116344e-05,0.0010631870950277766
146,146,146,145,971.5463329239149,6.322510005779547e-05,4.215006670519698e-05,0.0022201185554010573,0.0014305705359749597,-4.9295073440411286e-05,0.0002047100174985186,8.920480278116344e-05,0.0010631870950277766
147,147,147,147,971.5463910459496,6.323377035560851e-05,4.2155846903739004e-05,0.0022201506935042446,0.0014305971046137803,-4.928794466040748e-05,0.00020470841741567945,8.920516811463525e-05,0.0010632020263091036
148,148,148,147,971.5463910459496,6.323377035560851e-05,4.2155846903739004e-05,0.0022201506935042446,0.0014305971046137803,-4.928794466040748e-05,0.00020470841741567945,8.920516811463525e-05,0.0010632020263091036
149,149,149,149,971.5469129530243,6.323060569077277e-05,4.2153737127181845e-05,0.0022201269045267593,0.0014305744334640008,-4.9295448694176847e-05,0.0002047103256131367,8.920535543389951e-05,0.0010632092796838207
150,150,150,149,971.5469129530243,6.323060569077277e-05,4.2153737127181845e-05,0.0022201269045267593,0.0014305744334640008,-4.9295448694176847e-05,0.0002047103256131367,8.920535543389951e-05,0.0010632092796838207
151,151,151,151,971.5469135839799,6.32392330319198e-05,4.215948868794654e-05,0.0022201618908991856,0.0014306033818357673,-4.928793635852746e-05,0.00020470873349786673,8.920484581873694e-05,0.0010632259921623307
152,152,152,151,971.5469135839799,6.32392330319198e-05,4.215948868794654e-05,0.0022201618908991856,0.0014306033818357673,-4.928793635852746e-05,0.00020470873349786673,8.920484581873694e-05,0.0010632259921623307
153,153,153,153,971.5476622506243,6.324051768749617e-05,4.2160345124997445e-05,0.002220141510495482,0.0014305814493227632,-4.929480673623171e-05,0.00020470913878055033,8.920426806689058e-05,0.0010632423723406282
154,154,154,153,971.5476622506243,6.324051768749617e-05,4.2160345124997445e-05,0.002220141510495482,0.0014305814493227632,-4.929480673623171e-05,0.00020470913878055033,8.920426806689058e-05,0.0010632423723406282
155,155,155,155,971.5476409138955,6.324917374947447e-05,4.2166115832982985e-05,0.0022201717522024825,0.0014306085608228097,-4.928778837025999e-05,0.00020470743639221408,8.920468507877394e-05,0.001063255275145476
156,156,156,155,971.5476409138955,6.324917374947447e-05,4.2166115832982985e-05,0.0022201717522024825,0.0014306085608228097,-4.928778837025999e-05,0.00020470743639221408,8.920468507877394e-05,0.001063255275145476
157,157,157,157,971.5484858652815,6.325074816229681e-05,4.216716544153121e-05,0.002220158674183976,0.0014305909688450262,-4.929474229192765e-05,0.0002047083458916949,8.920393321514009e-05,0.0010632772983416182
158,158,158,157,971.5484858652815,6.325074816229681e-05,4.216716544153121e-05,0.002220158674183976,0.0014305909688450262,-4.929474229192765e-05,0.0002047083458916949,8.920393321514009e-05,0.0010632772983416182
159,159,159,159,971.5484860147841,6.325925117850462e-05,4.217283411900308e-05,0.0022201906313708145,0.0014306182472949734,-4.928786761897175e-05,0.00020470701538007855,8.920444906356656e-05,0.001063292414334693
160,160,160,159,971.5484860147841,6.325925117850462e-05,4.217283411900308e-05,0.0022201906313708145,0.0014306182472949734,-4.928786761897175e-05,0.00020470701538007855,8.920444906356656e-05,0.001063292414334693
161,161,161,161,971.5485919923815,6.325208693155893e-05,4.216805795437262e-05,0.0022201589990642687,0.0014305912022891229,-4.92952545273484e-05,0.00020470898538114984,8.920431651449068e-05,0.0010632836397634106
162,162,162,161,971.5485919923815,6.325208693155893e-05,4.216805795437262e-05,0.0022201589990642687,0.0014305912022891229,-4.92952545273484e-05,0.00020470898538114984,8.920431651449068e-05,0.0010632836397634106
163,163,163,163,971.5485423026729,6.325983323610118e-05,4.217322215740078e-05,0.002220192186189951,0.0014306192794502832,-4.928819239101434e-05,0.00020470739786032687,8.920457348372823e-05,0.0010632947570051563
164,164,164,163,971.5485423026729,6.325983323610118e-05,4.217322215740078e-05,0.002220192186189951,0.0014306192794502832,-4.928819239101434e-05,0.00020470739786032687,8.920457348372823e-05,0.0010632947570051563
165,165,165,165,971.5484241748333,6.325075270582903e-05,4.2167168470552685e-05,0.002220158072113725,0.0014305915486890943,-4.92953689075204e-05,0.0002047091305894972,8.920439166891503e-05,0.0010632785331282407
166,166,166,165,971.5484241748333,6.325075270582903e-05,4.2167168470552685e-05,0.002220158072113725,0.0014305915486890943,-4.92953689075204e-05,0.0002047091305894972,8.920439166891503e-05,0.0010632785331282407
167,167,167,167,971.5484179265984,6.325858944236651e-05,4.217239296157767e-05,0.0022201881669034105,0.0014306175118230843,-4.928837513953899e-05,0.00020470782333143015,8.920468874906717e-05,0.0010632908652856484
168,168,168,167,971.5484179265984,6.325858944236651e-05,4.217239296157767e-05,0.0022201881669034105,0.0014306175118230843,-4.928837513953899e-05,0.00020470782333143015,8.920468874906717e-05,0.0010632908652856484
169,169,169,169,971.5486852205273,6.325320362540743e-05,4.216880241693828e-05,0.0022201609473408543,0.0014305931817193192,-4.9295381664461735e-05,0.00020470934582103486,8.920463391592914e-05,0.0010632875023742592
170,170,170,169,971.5486852205273,6.325320362540743e-05,4.216880241693828e-05,0.0022201609473408543,0.0014305931817193192,-4.9295381664461735e-05,0.00020470934582103486,8.920463391592914e-05,0.0010632875023742592
171,171,171,171,971.5486432722623,6.326098251130396e-05,4.2173988340869314e-05,0.002220192749314859,0.0014306199537668968,-4.9288233569866335e-05,0.0002047078349301414,8.920471146749848e-05,0.001063299652306661
172,172,172,171,971.5486432722623,6.326098251130396e-05,4.2173988340869314e-05,0.002220192749314859,0.0014306199537668968,-4.9288233569866335e-05,0.0002047078349301414,8.920471146749848e-05,0.001063299652306661
173,173,173,173,971.5486449371894,6.325227786183052e-05,4.2168185241220346e-05,0.002220158986199447,0.0014305940396020127,-4.929571819574374e-05,0.00020470932887817073,8.920460741098507e-05,0.0010632836333717508
174,174,174,173,971.5486449371894,6.325227786183052e-05,4.2168185241220346e-05,0.002220158986199447,0.0014305940396020127,-4.929571819574374e-05,0.00020470932887817073,8.920460741098507e-05,0.0010632836333717508
175,175,175,175,971.5486251272732,6.326069209613983e-05,4.2173794730759884e-05,0.002220192133353833,0.00143062002200844,-4.9288477023894106e-05,0.00020470808857399965,8.920487447797859e-05,0.0010632990235101105
176,176,176,175,971.5486251272732,6.326069209613983e-05,4.2173794730759884e-05,0.002220192133353833,0.00143062002200844,-4.9288477023894106e-05,0.00020470808857399965,8.920487447797859e-05,0.0010632990235101105
177,177,177,177,971.5489972276921,6.325688549699282e-05,4.217125699799522e-05,0.0022201642332442214,0.001430596455663544,-4.929507905952063e-05,0.00020470914390480636,8.920415315079311e-05,0.001063301302986757
178,178,178,177,971.5489972276921,6.325688549699282e-05,4.217125699799522e-05,0.0022201642332442214,0.001430596455663544,-4.929507905952063e-05,0.00020470914390480636,8.920415315079311e-05,0.001063301302986757
179,179,179,179,971.5487435352325,6.326268981718397e-05,4.217512654478931e-05,0.0022201850929134,0.0014306168463725632,-4.928806144186698e-05,0.00020470839543194525,8.920525675625013e-05,0.0010633072328825306
180,180,180,179,971.5487435352325,6.326268981718397e-05,4.217512654478931e-05,0.0022201850929134,0.0014306168463725632,-4.928806144186698e-05,0.00020470839543194525,8.920525675625013e-05,0.0010633072328825306
181,181,181,181,971.5489738031747,6.325744994961635e-05,4.217163329974423e-05,0.0022201639106168894,0.0014305952874081426,-4.9294855381777636e-05,0.0002047091823230996,8.920409509860505e-05,0.001063302179181991
182,182,182,181,971.5489738031747,6.325744994961635e-05,4.217163329974423e-05,0.0022201639106168894,0.0014305952874081426,-4.9294855381777636e-05,0.0002047091823230996,8.920409509860505e-05,0.001063302179181991
183,183,183,183,971.5486813745122,6.326175617610286e-05,4.21745041174019e-05,0.002220189646490551,0.0014306196199824835,-4.928772892959926e-05,0.0002047081699207119,8.920419969701832e-05,0.0010633037530444883
184,184,184,183,971.5486813745122,6.326175617610286e-05,4.21745041174019e-05,0.002220189646490551,0.0014306196199824835,-4.928772892959926e-05,0.0002047081699207119,8.920419969701832e-05,0.0010633037530444883
185,185,185,185,971.5491146156655,6.325817662278244e-05,4.217211774852163e-05,0.0022201654667648187,0.0014305961135525158,-4.92944882585708e-05,0.00020470924802802192,8.920355480019487e-05,0.0010633065245716595
186,186,186,185,971.5491146156655,6.325817662278244e-05,4.217211774852163e-05,0.0022201654667648187,0.0014305961135525158,-4.92944882585708e-05,0.00020470924802802192,8.920355480019487e-05,0.0010633065245716595
187,187,187,187,971.5488706087359,6.326428404110351e-05,4.217618936073568e-05,0.002220192547026088,0.0014306204595067012,-4.928756175624077e-05,0.00020470786342741677,8.920394513529245e-05,0.0010633119032719073
188,188,188,187,971.5488706087359,6.326428404110351e-05,4.217618936073568e-05,0.002220192547026088,0.0014306204595067012,-4.928756175624077e-05,0.00020470786342741677,8.920394513529245e-05,0.0010633119032719073
189,189,189,189,971.5491713696451,6.325899760795117e-05,4.2172665071967444e-05,0.002220166033586501,0.0014305960237214143,-4.9294446292556804e-05,0.00020470952595709805,8.920348899191938e-05,0.0010633099203681954
190,190,190,189,971.5491713696451,6.325899760795117e-05,4.2172665071967444e-05,0.002220166033586501,0.0014305960237214143,-4.9294446292556804e-05,0.00020470952595709805,8.920348899191938e-05,0.0010633099203681954
191,191,191,191,971.5487978250164,6.326292369263076e-05,4.217528246175384e-05,0.0022201920390170437,0.0014306201570702943,-4.9287514403452415e-05,0.00020470846247741114,8.920403521636006e-05,0.0010633086510200124
192,192,192,191,971.5487978250164,6.326292369263076e-05,4.217528246175384e-05,0.0022201920390170437,0.0014306201570702943,-4.9287514403452415e-05,0.00020470846247741114,8.920403521636006e-05,0.0010633086510200124
193,193,193,193,971.54905597318,6.325753053820771e-05,4.2171687025471805e-05,0.0022201653125511734,0.0014305935343300038,-4.929444505773206e-05,0.00020470977525852683,8.920351531413462e-05,0.001063304016090277
194,194,194,193,971.54905597318,6.325753053820771e-05,4.2171687025471805e-05,0.0022201653125511734,0.0014305935343300038,-4.929444505773206e-05,0.00020470977525852683,8.920351531413462e-05,0.001063304016090277
195,195,195,195,971.5487423584854,6.326208158788371e-05,4.2174721058589146e-05,0.002220192371031871,0.0014306202672007867,-4.928736055911931e-05,0.0002047085523100581,8.920394074813515e-05,0.0010633052197834786
196,196,196,195,971.5487423584854,6.326208158788371e-05,4.2174721058589146e-05,0.002220192371031871,0.0014306202672007867,-4.928736055911931e-05,0.0002047085523100581,8.920394074813515e-05,0.0010633052197834786
197,197,197,197,971.5488912759507,6.325507395996133e-05,4.217004930664088e-05,0.002220160983321121,0.0014305933071758177,-4.929466411044553e-05,0.0002047102650364304,8.920383532384085e-05,0.0010632964464709492
198,198,198,197,971.5488912759507,6.325507395996133e-05,4.217004930664088e-05,0.002220160983321121,0.0014305933071758177,-4.929466411044553e-05,0.0002047102650364304,8.920383532384085e-05,0.0010632964464709492
199,199,199,199,971.5488009372393,6.326269865872258e-05,4.217513243914839e-05,0.0022201918681360538,0.0014306194990480465,-4.928770462016979e-05,0.00020470903885516547,8.920412290328028e-05,0.0010633086134865719
200,200,200,199,971.5488009372393,6.326269865872258e-05,4.217513243914839e-05,0.0022201918681360538,0.0014306194990480465,-4.928770462016979e-05,0.00020470903885516547,8.920412290328028e-05,0.0010633086134865719
201,201,201,201,971.5487889983638,6.325321888123181e-05,4.216881258748788e-05,0.0022201632877618385,0.0014305966478784802,-4.929522256393731e-05,0.000204710867641241,8.920417289966232e-05,0.0010632913062070613
202,202,202,201,971.5487889983638,6.325321888123181e-05,4.216881258748788e-05,0.0022201632877618385,0.0014305966478784802,-4.929522256393731e-05,0.000204710867641241,8.920417289966232e-05,0.0010632913062070613
203,203,203,203,971.548577508152,6.325993770453509e-05,4.2173291803023386e-05,0.0022201884402197774,0.0014306164889033913,-4.928772147980848e-05,0.0002047095761619682,8.92041208349556e-05,0.0010632990444245267
204,204,204,203,971.548577508152,6.325993770453509e-05,4.2173291803023386e-05,0.0022201884402197774,0.0014306164889033913,-4.928772147980848e-05,0.0002047095761619682,8.92041208349556e-05,0.0010632990444245267
205,205,205,205,971.5490307462801,6.325719924632489e-05,4.217146616421659e-05,0.0022201621566751424,0.0014305933511719853,-4.92944396723316e-05,0.0002047109318366812,8.920348476561257e-05,0.0010633056768233518
206,206,206,205,971.5490307462801,6.325719924632489e-05,4.217146616421659e-05,0.0022201621566751424,0.0014305933511719853,-4.92944396723316e-05,0.0002047109318366812,8.920348476561257e-05,0.0010633056768233518
207,207,207,207,971.5488552759047,6.326412478860344e-05,4.217608319240229e-05,0.0022201927394065717,0.0014306191506965216,-4.928815519770341e-05,0.00020470974792041876,8.920448307690038e-05,0.001063312988372131
208,208,208,207,971.5488552759047,6.326412478860344e-05,4.217608319240229e-05,0.0022201927394065717,0.0014306191506965216,-4.928815519770341e-05,0.00020470974792041876,8.920448307690038e-05,0.001063312988372131
209,209,209,209,971.5491506754263,6.325852127919696e-05,4.217234751946464e-05,0.0022201643328968556,0.001430594903349818,-4.929441538630008e-05,0.00020471076868109714,8.920357703030846e-05,0.0010633097461434007
210,210,210,209,971.5491506754263,6.325852127919696e-05,4.217234751946464e-05,0.0022201643328968556,0.001430594903349818,-4.929441538630008e-05,0.00020471076868109714,8.920357703030846e-05,0.0010633097461434007
211,211,211,211,971.5486759361517,6.326135985024184e-05,4.2174239900161226e-05,0.00222018901322713,0.0014306173508431982,-4.9287232402571435e-05,0.00020470956472405443,8.92038530799083e-05,0.0010633022722971357
212,212,212,211,971.5486759361517,6.326135985024184e-05,4.2174239900161226e-05,0.00222018901322713,0.0014306173508431982,-4.9287232402571435e-05,0.00020470956472405443,8.92038530799083e-05,0.0010633022722971357
213,213,213,213,971.549042093772,6.325792305866829e-05,4.217194870577885e-05,0.0022201561967914877,0.0014305892694474708,-4.9294086156781436e-05,0.0002047107808033445,8.920325562284531e-05,0.0010633069776843553
214,214,214,213,971.549042093772,6.325792305866829e-05,4.217194870577885e-05,0.0022201561967914877,0.0014305892694474708,-4.9294086156781436e-05,0.0002047107808033445,8.920325562284531e-05,0.0010633069776843553
215,215,215,215,971.5489610315725,6.326471544340628e-05,4.217647696227085e-05,0.002220194324350519,0.0014306200252965696,-4.9287292516277115e-05,0.00020470968481447945,8.920380557586594e-05,0.0010633173142867536
216,216,216,215,971.5489610315725,6.326471544340628e-05,4.217647696227085e-05,0.002220194324350519,0.0014306200252965696,-4.9287292516277115e-05,0.00020470968481447945,8.920380557586594e-05,0.0010633173142867536
217,217,217,217,971.5492426342494,6.326002624151839e-05,4.2173350827678924e-05,0.0022201666195467876,0.0014305940528666263,-4.9294179236158975e-05,0.00020471087543606642,8.920321529708175e-05,0.0010633153903048032
218,218,218,217,971.5492426342494,6.326002624151839e-05,4.2173350827678924e-05,0.0022201666195467876,0.0014305940528666263,-4.9294179236158975e-05,0.00020471087543606642,8.920321529708175e-05,0.0010633153903048032
219,219,219,219,971.5490067459432,6.326458259051093e-05,4.217638839367395e-05,0.0022201942564323493,0.0014306198946594537,-4.9287140437531685e-05,0.00020470976559817142,8.920367337827972e-05,0.0010633175188952018
220,220,220,219,971.5490067459432,6.326458259051093e-05,4.217638839367395e-05,0.0022201942564323493,0.0014306198946594537,-4.9287140437531685e-05,0.00020470976559817142,8.920367337827972e-05,0.0010633175188952018
221,221,221,221,971.5492679013129,6.32598411413332e-05,4.217322742755547e-05,0.002220166433857328,0.0014305947119629295,-4.9294054673319765e-05,0.00020471116407572284,8.92031374286617e-05,0.001063315473364642
222,222,222,221,971.5492679013129,6.32598411413332e-05,4.217322742755547e-05,0.002220166433857328,0.0014305947119629295,-4.9294054673319765e-05,0.00020471116407572284,8.92031374286617e-05,0.001063315473364642
223,223,223,223,971.5489251596325,6.326431488609674e-05,4.21762099240645e-05,0.0022201897490092067,0.0014306172823026183,-4.928702321519568e-05,0.0002047100251023041,8.920327880463513e-05,0.0010633165742569748
224,224,224,223,971.5489251596325,6.326431488609674e-05,4.21762099240645e-05,0.0022201897490092067,0.0014306172823026183,-4.928702321519568e-05,0.0002047100251023041,8.920327880463513e-05,0.0010633165742569748
225,225,225,225,971.549217892012,6.325934466622218e-05,4.217289644414812e-05,0.002220167713684181,0.001430593396765325,-4.929407139411118e-05,0.00020471141788050898,8.920306170423498e-05,0.0010633134810162249
226,226,226,225,971.549217892012,6.325934466622218e-05,4.217289644414812e-05,0.002220167713684181,0.001430593396765325,-4.929407139411118e-05,0.00020471141788050898,8.920306170423498e-05,0.0010633134810162249
227,227,227,227,971.5491182674882,6.326633252218272e-05,4.217755501478848e-05,0.0022201951750754722,0.0014306207171832712,-4.9287369203454556e-05,0.00020471021724458575,8.920369240620479e-05,0.0010633239532982616
228,228,228,227,971.5491182674882,6.326633252218272e-05,4.217755501478848e-05,0.0022201951750754722,0.0014306207171832712,-4.9287369203454556e-05,0.00020471021724458575,8.920369240620479e-05,0.0010633239532982616
229,229,229,229,971.5491055798527,6.325833534268077e-05,4.217222356178718e-05,0.0022201620996834047,0.001430592412551416,-4.929456721201875e-05,0.00020471171749104867,8.920344166284122e-05,0.0010633099684111726
230,230,230,229,971.5491055798527,6.325833534268077e-05,4.217222356178718e-05,0.0022201620996834047,0.001430592412551416,-4.929456721201875e-05,0.00020471171749104867,8.920344166284122e-05,0.0010633099684111726
231,231,231,231,971.5489585738087,6.326430212105771e-05,4.2176201414038474e-05,0.002220192748670109,0.001430618486921882,-4.928741982893753e-05,0.00020471075899480793,8.920374571058654e-05,0.0010633167895857448
232,232,232,231,971.5489585738087,6.326430212105771e-05,4.2176201414038474e-05,0.002220192748670109,0.001430618486921882,-4.928741982893753e-05,0.00020471075899480793,8.920374571058654e-05,0.0010633167895857448
233,233,233,233,971.5489854107038,6.325670735979338e-05,4.217113823986225e-05,0.0022201615750923587,0.0014305920723078833,-4.9294742333998165e-05,0.00020471312771141163,8.92037037475285e-05,0.0010633078767952663
234,234,234,233,971.5489854107038,6.325670735979338e-05,4.217113823986225e-05,0.0022201615750923587,0.0014305920723078833,-4.9294742333998165e-05,0.00020471312771141163,8.92037037475285e-05,0.0010633078767952663
235,235,235,235,971.5488413211431,6.326316487684225e-05,4.217544325122817e-05,0.002220189166664241,0.001430616114719264,-4.928752698517974e-05,0.00020471117559578636,8.920376213601006e-05,0.0010633130336432498
236,236,236,235,971.5488413211431,6.326316487684225e-05,4.217544325122817e-05,0.002220189166664241,0.001430616114719264,-4.928752698517974e-05,0.00020471117559578636,8.920376213601006e-05,0.0010633130336432498
237,237,237,237,971.5491597468133,6.325899724402007e-05,4.2172664829346715e-05,0.0022201615544235197,0.0014305915155414404,-4.929420698685655e-05,0.00020471237324526034,8.920296029589492e-05,0.0010633143319295551
238,238,238,237,971.5491597468133,6.325899724402007e-05,4.2172664829346715e-05,0.0022201615544235197,0.0014305915155414404,-4.929420698685655e-05,0.00020471237324526034,8.920296029589492e-05,0.0010633143319295551
239,239,239,239,971.5489918258306,6.326463159170292e-05,4.217642106113528e-05,0.002220191607406237,0.0014306178966101576,-4.9287221124343084e-05,0.0002047110414633422,8.920347981555138e-05,0.0010633188619138829
240,240,240,239,971.5489918258306,6.326463159170292e-05,4.217642106113528e-05,0.002220191607406237,0.0014306178966101576,-4.9287221124343084e-05,0.0002047110414633422,8.920347981555138e-05,0.0010633188619138829
241,241,241,241,971.5493586640428,6.326033410183896e-05,4.217355606789264e-05,0.002220166647394256,0.0014305942343587068,-4.929395439873946e-05,0.00020471230831893653,8.920288604949422e-05,0.001063319741786706
242,242,242,241,971.5493586640428,6.326033410183896e-05,4.217355606789264e-05,0.002220166647394256,0.0014305942343587068,-4.929395439873946e-05,0.00020471230831893653,8.920288604949422e-05,0.001063319741786706
243,243,243,243,971.548890580864,6.326366020600882e-05,4.217577347067255e-05,0.0022201934089307236,0.0014306191790072426,-4.9286929687759884e-05,0.00020471081780713932,8.920324323346412e-05,0.0010633146195362653
244,244,244,243,971.548890580864,6.326366020600882e-05,4.217577347067255e-05,0.0022201934089307236,0.0014306191790072426,-4.9286929687759884e-05,0.00020471081780713932,8.920324323346412e-05,0.0010633146195362653
245,245,245,245,971.5488962939617,6.325476364410498e-05,4.2169842429403324e-05,0.0022201570296557,0.0014305895701056733,-4.9294439982729144e-05,0.00020471334781987024,8.920338392592181e-05,0.001063300858047453
246,246,246,245,971.5488962939617,6.325476364410498e-05,4.2169842429403324e-05,0.0022201570296557,0.0014305895701056733,-4.9294439982729144e-05,0.00020471334781987024,8.920338392592181e-05,0.001063300858047453
247,247,247,247,971.5486505718562,6.32605785168272e-05,4.2173719011218136e-05,0.002220184113837394,0.0014306137913410208,-4.928721029729549e-05,0.00020471202685180042,8.920376193256863e-05,0.0010633064640793801
248,248,248,247,971.5486505718562,6.32605785168272e-05,4.2173719011218136e-05,0.002220184113837394,0.0014306137913410208,-4.928721029729549e-05,0.00020471202685180042,8.920376193256863e-05,0.0010633064640793801
249,249,249,249,971.5491286780515,6.3257778793957e-05,4.2171852529304665e-05,0.0022201593438204207,0.0014305888350350125,-4.929398707156224e-05,0.00020471312081739632,8.920300667173559e-05,0.0010633119676455036
250,250,250,249,971.5491286780515,6.3257778793957e-05,4.2171852529304665e-05,0.0022201593438204207,0.0014305888350350125,-4.929398707156224e-05,0.00020471312081739632,8.920300667173559e-05,0.0010633119676455036
251,251,251,251,971.5489799022705,6.326421413677119e-05,4.217614275784746e-05,0.0022201929718235255,0.0014306175360874807,-4.928694024822905e-05,0.0002047115967085704,8.920332787017843e-05,0.0010633181064569604
252,252,252,251,971.5489799022705,6.326421413677119e-05,4.217614275784746e-05,0.0022201929718235255,0.0014306175360874807,-4.928694024822905e-05,0.0002047115967085704,8.920332787017843e-05,0.0010633181064569604
253,253,253,253,971.5494143271316,6.32616592730062e-05,4.217443951533747e-05,0.0022201674042761645,0.0014305928807940398,-4.9293663591902515e-05,0.00020471275769844033,8.920256871722959e-05,0.0010633250407951547
254,254,254,253,971.5494143271316,6.32616592730062e-05,4.217443951533747e-05,0.0022201674042761645,0.0014305928807940398,-4.9293663591902515e-05,0.00020471275769844033,8.920256871722959e-05,0.0010633250407951547
255,255,255,255,971.5490051891895,6.326494898220569e-05,4.217663265480379e-05,0.0022201928523039836,0.0014306166868580533,-4.928666949741145e-05,0.00020471175359088978,8.920318720134768e-05,0.0010633213463238944
256,256,256,255,971.5490051891895,6.326494898220569e-05,4.217663265480379e-05,0.0022201928523039836,0.0014306166868580533,-4.928666949741145e-05,0.00020471175359088978,8.920318720134768e-05,0.0010633213463238944
257,257,257,257,971.5492983414448,6.326007519094623e-05,4.217338346063082e-05,0.002220164304592476,0.0014305909723098466,-4.929366002654617e-05,0.00020471319310311976,8.920253890593033e-05,0.001063320021023293
258,258,258,257,971.5492983414448,6.326007519094623e-05,4.217338346063082e-05,0.002220164304592476,0.0014305909723098466,-4.929366002654617e-05,0.00020471319310311976,8.920253890593033e-05,0.001063320021023293
259,259,259,259,971.5489226718903,6.326381729415687e-05,4.217587819610458e-05,0.0022201932424106515,0.0014306165399277499,-4.928650838639109e-05,0.00020471196124860735,8.920292651262707e-05,0.0010633174438745528
260,260,260,259,971.5489226718903,6.326381729415687e-05,4.217587819610458e-05,0.0022201932424106515,0.0014306165399277499,-4.928650838639109e-05,0.00020471196124860735,8.920292651262707e-05,0.0010633174438745528
261,261,261,261,971.5489577121994,6.325574661722455e-05,4.217049774481636e-05,0.0022201594581391162,0.0014305893745563069,-4.929409594411904e-05,0.00020471406411546776,8.920318712409697e-05,0.0010633076938325837
262,262,262,261,971.5489577121994,6.325574661722455e-05,4.217049774481636e-05,0.0022201594581391162,0.0014305893745563069,-4.929409594411904e-05,0.00020471406411546776,8.920318712409697e-05,0.0010633076938325837
263,263,263,263,971.548811925272,6.326223293515176e-05,4.217482195676785e-05,0.0022201877618909216,0.0014306144359556626,-4.928692788108008e-05,0.00020471256342494484,8.920336632158715e-05,0.0010633128234711008
264,264,264,263,971.548811925272,6.326223293515176e-05,4.217482195676785e-05,0.0022201877618909216,0.0014306144359556626,-4.928692788108008e-05,0.00020471256342494484,8.920336632158715e-05,0.0010633128234711008
265,265,265,265,971.5492128719291,6.32584096857125e-05,4.2172273123808335e-05,0.002220161315557381,0.0014305898628433481,-4.9293709422949805e-05,0.00020471378813608784,8.920286205298111e-05,0.0010633151916255939
266,266,266,265,971.5492128719291,6.32584096857125e-05,4.2172273123808335e-05,0.002220161315557381,0.0014305898628433481,-4.9293709422949805e-05,0.00020471378813608784,8.920286205298111e-05,0.0010633151916255939
267,267,267,267,971.5488812948624,6.326304957471329e-05,4.217536638314219e-05,0.0022201848916089018,0.0014306131437102911,-4.928670676978414e-05,0.0002047131166697526,8.920309680424121e-05,0.0010633174018554105
268,268,268,267,971.5488812948624,6.326304957471329e-05,4.217536638314219e-05,0.0022201848916089018,0.0014306131437102911,-4.928670676978414e-05,0.0002047131166697526,8.920309680424121e-05,0.0010633174018554105
269,269,269,269,971.5491757398779,6.325914660207377e-05,4.217276440138251e-05,0.002220159049356709,0.0014305887723585443,-4.929361265331583e-05,0.0002047140751221659,8.920284059533296e-05,0.0010633171683665445
270,270,270,269,971.5491757398779,6.325914660207377e-05,4.217276440138251e-05,0.002220159049356709,0.0014305887723585443,-4.929361265331583e-05,0.0002047140751221659,8.920284059533296e-05,0.0010633171683665445
271,271,271,271,971.5490502342523,6.326544630999575e-05,4.2176964206663836e-05,0.0022201895704084228,0.0014306155022004849,-4.9286648423789436e-05,0.00020471267611728527,8.920299324066683e-05,0.0010633248450055135
272,272,272,271,971.5490502342523,6.326544630999575e-05,4.2176964206663836e-05,0.0022201895704084228,0.0014306155022004849,-4.9286648423789436e-05,0.00020471267611728527,8.920299324066683e-05,0.0010633248450055135
273,273,273,273,971.5492905422085,6.326014110430433e-05,4.2173427402869557e-05,0.002220160313309087,0.001430589101354459,-4.929358764278052e-05,0.0002047141386690816,8.920237380526802e-05,0.0010633217776666478
274,274,274,273,971.5492905422085,6.326014110430433e-05,4.2173427402869557e-05,0.002220160313309087,0.001430589101354459,-4.929358764278052e-05,0.0002047141386690816,8.920237380526802e-05,0.0010633217776666478
275,275,275,275,971.5490294358185,6.326554460880929e-05,4.2177029739206194e-05,0.0022201846247560213,0.0014306140752083376,-4.9286970272920116e-05,0.00020471287001916559,8.920306292196922e-05,0.0010633245572267136
276,276,276,275,971.5490294358185,6.326554460880929e-05,4.2177029739206194e-05,0.0022201846247560213,0.0014306140752083376,-4.9286970272920116e-05,0.00020471287001916559,8.920306292196922e-05,0.0010633245572267136
277,277,277,277,971.5492240885313,6.325901940718026e-05,4.217267960478684e-05,0.0022201584567566155,0.0014305878309056022,-4.929397066229246e-05,0.00020471472329414245,8.920261058034673e-05,0.0010633184572775472
278,278,278,277,971.5492240885313,6.325901940718026e-05,4.217267960478684e-05,0.0022201584567566155,0.0014305878309056022,-4.929397066229246e-05,0.00020471472329414245,8.920261058034673e-05,0.0010633184572775472
279,279,279,279,971.5489724935022,6.32641422075031e-05,4.217609480500206e-05,0.0022201868601509824,0.00143061345120335,-4.9286945189817855e-05,0.00020471340547218692,8.920311758072591e-05,0.001063320818522318
280,280,280,279,971.5489724935022,6.32641422075031e-05,4.217609480500206e-05,0.0022201868601509824,0.00143061345120335,-4.9286945189817855e-05,0.00020471340547218692,8.920311758072591e-05,0.001063320818522318
281,281,281,281,971.5492660132472,6.325921007996338e-05,4.2172806719975586e-05,0.002220160245979434,0.0014305888155139923,-4.929373408291138e-05,0.000204714827533137,8.920259268056091e-05,0.0010633191235500216
282,282,282,281,971.5492660132472,6.325921007996338e-05,4.2172806719975586e-05,0.002220160245979434,0.0014305888155139923,-4.929373408291138e-05,0.000204714827533137,8.920259268056091e-05,0.0010633191235500216
283,283,283,283,971.548964921886,6.326435577599931e-05,4.217623718399954e-05,0.002220186095424126,0.0014306131917067159,-4.928672884816493e-05,0.00020471364733726,8.920290194432134e-05,0.0010633225020740375
284,284,284,283,971.548964921886,6.326435577599931e-05,4.217623718399954e-05,0.002220186095424126,0.0014306131917067159,-4.928672884816493e-05,0.00020471364733726,8.920290194432134e-05,0.0010633225020740375
285,285,285,285,971.5490988828406,6.325738430573713e-05,4.2171589537158084e-05,0.0022201553076838395,0.00143058639403247,-4.929388971233739e-05,0.00020471524471671928,8.92028182945051e-05,0.0010633134030260333
286,286,286,285,971.5490988828406,6.325738430573713e-05,4.2171589537158084e-05,0.0022201553076838395,0.00143058639403247,-4.929388971233739e-05,0.00020471524471671928,8.92028182945051e-05,0.0010633134030260333
287,287,287,287,971.5488288449283,6.326213575774675e-05,4.217475717183117e-05,0.0022201847720411567,0.0014306121795417044,-4.9286827509868736e-05,0.00020471380088689289,8.920326501079406e-05,0.0010633142655239475
288,288,288,287,971.5488288449283,6.326213575774675e-05,4.217475717183117e-05,0.0022201847720411567,0.0014306121795417044,-4.9286827509868736e-05,0.00020471380088689289,8.920326501079406e-05,0.0010633142655239475
289,289,289,289,971.5493248096276,6.326012505500356e-05,4.21734167033357e-05,0.002220160584664886,0.0014305888752150484,-4.929346866559825e-05,0.00020471499893369362,8.920236376398771e-05,0.0010633229060806708
290,290,290,289,971.5493248096276,6.326012505500356e-05,4.21734167033357e-05,0.002220160584664886,0.0014305888752150484,-4.929346866559825e-05,0.00020471499893369362,8.920236376398771e-05,0.0010633229060806708
291,291,291,291,971.5491443297077,6.326618944785256e-05,4.2177459631901705e-05,0.002220189433878651,0.0014306146590703154,-4.9287124155326933e-05,0.00020471256891568725,8.920330985608821e-05,0.001063325888713667
292,292,292,291,971.5491443297077,6.326618944785256e-05,4.2177459631901705e-05,0.002220189433878651,0.0014306146590703154,-4.9287124155326933e-05,0.00020471256891568725,8.920330985608821e-05,0.001063325888713667
293,293,293,293,971.5493447638275,6.326049067301165e-05,4.217366044867443e-05,0.002220162570853995,0.0014305902617223298,-4.929445997702703e-05,0.00020471457652361844,8.920320006476634e-05,0.001063324274998429
294,294,294,293,971.5493447638275,6.326049067301165e-05,4.217366044867443e-05,0.002220162570853995,0.0014305902617223298,-4.929445997702703e-05,0.00020471457652361844,8.920320006476634e-05,0.001063324274998429
295,295,295,295,971.5491848834006,6.326687187385716e-05,4.217791458257143e-05,0.002220190622410617,0.0014306152436621615,-4.9286718146225594e-05,0.00020471387665246221,8.920293828389853e-05,0.0010633315570321034
296,296,296,295,971.5491848834006,6.326687187385716e-05,4.217791458257143e-05,0.002220190622410617,0.0014306152436621615,-4.9286718146225594e-05,0.00020471387665246221,8.920293828389853e-05,0.0010633315570321034
297,297,297,297,971.5494237768332,6.326112513196924e-05,4.217408342131283e-05,0.0022201618961422524,0.0014305890532677792,-4.929347213161739e-05,0.00020471549400725454,8.920219464250007e-05,0.0010633278643183421
298,298,298,297,971.5494237768332,6.326112513196924e-05,4.217408342131283e-05,0.0022201618961422524,0.0014305890532677792,-4.929347213161739e-05,0.00020471549400725454,8.920219464250007e-05,0.0010633278643183421
299,299,299,299,971.549172029825,6.326633006570326e-05,4.217755337713551e-05,0.002220189606454573,0.0014306142292457359,-4.928655771380824e-05,0.00020471429721826052,8.92027366051415e-05,0.001063331032604073
300,300,300,299,971.549172029825,6.326633006570326e-05,4.217755337713551e-05,0.002220189606454573,0.0014306142292457359,-4.928655771380824e-05,0.00020471429721826052,8.92027366051415e-05,0.001063331032604073
301,301,301,301,971.5494474499403,6.326187390204296e-05,4.2174582601361976e-05,0.0022201627311018786,0.0014305893581735586,-4.929336803661394e-05,0.00020471564544436788,8.920239935666235e-05,0.0010633301894573234
302,302,302,301,971.5494474499403,6.326187390204296e-05,4.2174582601361976e-05,0.0022201627311018786,0.0014305893581735586,-4.929336803661394e-05,0.00020471564544436788,8.920239935666235e-05,0.0010633301894573234
303,303,303,303,971.548983679448,6.326438648276977e-05,4.217625765517985e-05,0.0022201872514371356,0.0014306124168144666,-4.928619670154649e-05,0.00020471445041585326,8.920285105250975e-05,0.001063323423149768
304,304,304,303,971.548983679448,6.326438648276977e-05,4.217625765517985e-05,0.0022201872514371356,0.0014306124168144666,-4.928619670154649e-05,0.00020471445041585326,8.920285105250975e-05,0.001063323423149768
305,305,305,305,971.5492891595818,6.325949528623864e-05,4.217299685749243e-05,0.002220159826473947,0.0014305880278122779,-4.9293237529758616e-05,0.00020471593994221034,8.920228782462875e-05,0.0010633220604505094
306,306,306,305,971.5492891595818,6.325949528623864e-05,4.217299685749243e-05,0.002220159826473947,0.0014305880278122779,-4.9293237529758616e-05,0.00020471593994221034,8.920228782462875e-05,0.0010633220604505094
307,307,307,307,971.5490684591973,6.32651602194001e-05,4.217677347960007e-05,0.002220189382833266,0.001430613058648789,-4.9286242012072656e-05,0.0002047146487657813,8.920265139907013e-05,0.0010633269365456306
308,308,308,307,971.5490684591973,6.32651602194001e-05,4.217677347960007e-05,0.002220189382833266,0.001430613058648789,-4.9286242012072656e-05,0.0002047146487657813,8.920265139907013e-05,0.0010633269365456306
309,309,309,309,971.5492715088179,6.32589446789289e-05,4.21726297859526e-05,0.00222015836408251,0.0014305865879191166,-4.929333224632654e-05,0.0002047163098146541,8.920240309875233e-05,0.0010633211847275192
310,310,310,309,971.5492715088179,6.32589446789289e-05,4.21726297859526e-05,0.00222015836408251,0.0014305865879191166,-4.929333224632654e-05,0.0002047163098146541,8.920240309875233e-05,0.0010633211847275192
311,311,311,311,971.5490298658781,6.326478910609334e-05,4.21765260707289e-05,0.0022201866777155615,0.0014306120016428416,-4.9286433997292045e-05,0.00020471497629293483,8.920279350129595e-05,0.0010633257433363315
312,312,312,311,971.5490298658781,6.326478910609334e-05,4.21765260707289e-05,0.0022201866777155615,0.0014306120016428416,-4.9286433997292045e-05,0.00020471497629293483,8.920279350129595e-05,0.0010633257433363315
313,313,313,313,971.5493205336097,6.326017433377906e-05,4.217344955585271e-05,0.0022201580113899422,0.001430586928130126,-4.929325681416602e-05,0.0002047161012603148,8.920220803316364e-05,0.0010633243327545557
314,314,314,313,971.5493205336097,6.326017433377906e-05,4.217344955585271e-05,0.0022201580113899422,0.001430586928130126,-4.929325681416602e-05,0.0002047161012603148,8.920220803316364e-05,0.0010633243327545557
315,315,315,315,971.5489987737459,6.326419006286166e-05,4.2176126708574437e-05,0.002220187956034609,0.001430611695166937,-4.9286260194424114e-05,0.00020471523944364347,8.920266099474855e-05,0.001063324334562291
316,316,316,315,971.5489987737459,6.326419006286166e-05,4.2176126708574437e-05,0.002220187956034609,0.001430611695166937,-4.9286260194424114e-05,0.00020471523944364347,8.920266099474855e-05,0.001063324334562291
317,317,317,317,971.5492775824921,6.325960265785024e-05,4.217306843856683e-05,0.002220158320566165,0.0014305854466363484,-4.929308546229583e-05,0.00020471663544359344,8.920197370217153e-05,0.0010633237885846912
318,318,318,317,971.5492775824921,6.325960265785024e-05,4.217306843856683e-05,0.002220158320566165,0.0014305854466363484,-4.929308546229583e-05,0.00020471663544359344,8.920197370217153e-05,0.0010633237885846912
319,319,319,319,971.5489429760959,6.326374581230865e-05,4.21758305415391e-05,0.0022201832830456097,0.0014306104149226068,-4.928592195132392e-05,0.00020471542546456425,8.920237841347767e-05,0.0010633236612469386
320,320,320,319,971.5489429760959,6.326374581230865e-05,4.21758305415391e-05,0.0022201832830456097,0.0014306104149226068,-4.928592195132392e-05,0.00020471542546456425,8.920237841347767e-05,0.0010633236612469386
321,321,321,321,971.549287216393,6.325889037250843e-05,4.217259358167228e-05,0.0022201584003050234,0.0014305853068427622,-4.9292978511306096e-05,0.00020471686060887412,8.920205558925198e-05,0.0010633221797007862
322,322,322,321,971.549287216393,6.325889037250843e-05,4.217259358167228e-05,0.0022201584003050234,0.0014305853068427622,-4.9292978511306096e-05,0.00020471686060887412,8.920205558925198e-05,0.0010633221797007862
323,323,323,323,971.5490466706736,6.326471211659523e-05,4.217647474439682e-05,0.0022201860454872935,0.0014306109083649771,-4.9286199554826604e-05,0.00020471572437342177,8.920249875152969e-05,0.0010633268831879293
324,324,324,323,971.5490466706736,6.326471211659523e-05,4.217647474439682e-05,0.0022201860454872935,0.0014306109083649771,-4.9286199554826604e-05,0.00020471572437342177,8.920249875152969e-05,0.0010633268831879293
325,325,325,325,971.5494900773766,6.326183236321503e-05,4.2174554908810016e-05,0.0022201607775182816,0.0014305872596084336,-4.929298761700146e-05,0.00020471690299696854,8.920191920686743e-05,0.0010633324210190124
326,326,326,325,971.5494900773766,6.326183236321503e-05,4.2174554908810016e-05,0.0022201607775182816,0.0014305872596084336,-4.929298761700146e-05,0.00020471690299696854,8.920191920686743e-05,0.0010633324210190124
327,327,327,327,971.5491711050803,6.326574424686537e-05,4.217716283124358e-05,0.0022201877747810624,0.0014306122982498898,-4.9285999405637715e-05,0.00020471566299913417,8.920218661600393e-05,0.0010633317630181986
328,328,328,327,971.5491711050803,6.326574424686537e-05,4.217716283124358e-05,0.0022201877747810624,0.0014306122982498898,-4.9285999405637715e-05,0.00020471566299913417,8.920218661600393e-05,0.0010633317630181986
329,329,329,329,971.5493791191055,6.326013774052286e-05,4.217342516034857e-05,0.0022201584336487994,0.0014305860840830359,-4.929317163013952e-05,0.00020471742519503178,8.920207528761992e-05,0.0010633281216980831
330,330,330,329,971.5493791191055,6.326013774052286e-05,4.217342516034857e-05,0.0022201584336487994,0.0014305860840830359,-4.929317163013952e-05,0.00020471742519503178,8.920207528761992e-05,0.0010633281216980831
331,331,331,331,971.5490038868472,6.326463470587851e-05,4.217642313725234e-05,0.0022201843175331357,0.0014306100205082597,-4.928614116084945e-05,0.00020471564715310718,8.920257244991042e-05,0.0010633258835640515
332,332,332,331,971.5490038868472,6.326463470587851e-05,4.217642313725234e-05,0.0022201843175331357,0.0014306100205082597,-4.928614116084945e-05,0.00020471564715310718,8.920257244991042e-05,0.0010633258835640515
333,333,333,333,971.5493436523145,6.326016956420544e-05,4.217344637613696e-05,0.002220158532283228,0.001430585997871119,-4.929299406559312e-05,0.00020471749844833397,8.920197972027422e-05,0.0010633272846458622
334,334,334,333,971.5493436523145,6.326016956420544e-05,4.217344637613696e-05,0.002220158532283228,0.001430585997871119,-4.929299406559312e-05,0.00020471749844833397,8.920197972027422e-05,0.0010633272846458622
335,335,335,335,971.549115902146,6.326553304317195e-05,4.2177022028781305e-05,0.002220186650888137,0.0014306116456460792,-4.928598390312178e-05,0.0002047160431883585,8.920241207850677e-05,0.0010633306933537981
336,336,336,335,971.549115902146,6.326553304317195e-05,4.2177022028781305e-05,0.002220186650888137,0.0014306116456460792,-4.928598390312178e-05,0.0002047160431883585,8.920241207850677e-05,0.0010633306933537981
337,337,337,337,971.5493747965834,6.326073718179726e-05,4.2173824787864835e-05,0.0022201587320028527,0.0014305860417230046,-4.929298628889717e-05,0.00020471743127283988,8.920185062100128e-05,0.001063329304085021
338,338,338,337,971.5493747965834,6.326073718179726e-05,4.2173824787864835e-05,0.0022201587320028527,0.0014305860417230046,-4.929298628889717e-05,0.00020471743127283988,8.920185062100128e-05,0.001063329304085021
339,339,339,339,971.5491850177817,6.326660505265314e-05,4.2177736701768755e-05,0.0022201866377364395,0.0014306114701748474,-4.928599596072669e-05,0.00020471631254165927,8.920242087938346e-05,0.0010633347613913558
340,340,340,339,971.5491850177817,6.326660505265314e-05,4.2177736701768755e-05,0.0022201866377364395,0.0014306114701748474,-4.928599596072669e-05,0.00020471631254165927,8.920242087938346e-05,0.0010633347613913558
341,341,341,341,971.5495934713593,6.32630757735897e-05,4.21753838490598e-05,0.0022201623640822864,0.0014305877554224762,-4.929269465357711e-05,0.00020471762179222165,8.920163993609426e-05,0.001063338318110354
342,342,342,341,971.5495934713593,6.32630757735897e-05,4.21753838490598e-05,0.0022201623640822864,0.0014305877554224762,-4.929269465357711e-05,0.00020471762179222165,8.920163993609426e-05,0.001063338318110354
343,343,343,343,971.5493395683989,6.32677305096585e-05,4.2178487006439e-05,0.002220190152735941,0.0014306140559775824,-4.928591977747948e-05,0.00020471646074499752,8.920225173058433e-05,0.0010633386217489631
344,344,344,343,971.5493395683989,6.32677305096585e-05,4.2178487006439e-05,0.002220190152735941,0.0014306140559775824,-4.928591977747948e-05,0.00020471646074499752,8.920225173058433e-05,0.0010633386217489631
345,345,345,345,971.5494023707831,6.32607347166303e-05,4.21738231444202e-05,0.0022201582251075067,0.0014305859365182987,-4.929298578486285e-05,0.00020471816062228736,8.920179804459971e-05,0.0010633305288611332
346,346,346,345,971.5494023707831,6.32607347166303e-05,4.21738231444202e-05,0.0022201582251075067,0.0014305859365182987,-4.929298578486285e-05,0.00020471816062228736,8.920179804459971e-05,0.0010633305288611332
347,347,347,347,971.5491665458329,6.3266034624615e-05,4.2177356416409996e-05,0.002220185227931111,0.0014306100921080123,-4.9286062043407686e-05,0.000204717003826982,8.920240593013329e-05,0.0010633339022253887
348,348,348,347,971.5491665458329,6.3266034624615e-05,4.2177356416409996e-05,0.002220185227931111,0.0014306100921080123,-4.9286062043407686e-05,0.000204717003826982,8.920240593013329e-05,0.0010633339022253887
349,349,349,349,971.5495229355687,6.326192599093172e-05,4.217461732728782e-05,0.0022201600135551016,0.0014305864425350513,-4.92927871380347e-05,0.00020471825325248276,8.920177346299213e-05,0.0010633347936935369
350,350,350,349,971.5495229355687,6.326192599093172e-05,4.217461732728782e-05,0.0022201600135551016,0.0014305864425350513,-4.92927871380347e-05,0.00020471825325248276,8.920177346299213e-05,0.0010633347936935369
351,351,351,351,971.5491587492305,6.326657818339632e-05,4.217771878893088e-05,0.0022201864948957293,0.001430610234935,-4.92856968795502e-05,0.0002047170577478848,8.920213004157129e-05,0.0010633356306916314
352,352,352,351,971.5491587492305,6.326657818339632e-05,4.217771878893088e-05,0.0022201864948957293,0.001430610234935,-4.92856968795502e-05,0.0002047170577478848,8.920213004157129e-05,0.0010633356306916314
353,353,353,353,971.5494360990052,6.326014776228406e-05,4.217343184152271e-05,0.002220161971131169,0.0014305862199800374,-4.9292805060989486e-05,0.00020471872028133867,8.920188213108748e-05,0.0010633295657130224
354,354,354,353,971.5494360990052,6.326014776228406e-05,4.217343184152271e-05,0.002220161971131169,0.0014305862199800374,-4.9292805060989486e-05,0.00020471872028133867,8.920188213108748e-05,0.0010633295657130224
355,355,355,355,971.5491125099059,6.326531782790967e-05,4.217687855193978e-05,0.002220184079017791,0.001430609066347877,-4.9285754021050066e-05,0.00020471752294464867,8.920213302597568e-05,0.001063332284820823
356,356,356,355,971.5491125099059,6.326531782790967e-05,4.217687855193978e-05,0.002220184079017791,0.001430609066347877,-4.9285754021050066e-05,0.00020471752294464867,8.920213302597568e-05,0.001063332284820823
357,357,357,357,971.549360897211,6.326016829757974e-05,4.2173445531719825e-05,0.0022201555370603954,0.001430583559296181,-4.9292645538011326e-05,0.00020471874599009454,8.920164109081641e-05,0.0010633288320966413
358,358,358,357,971.549360897211,6.326016829757974e-05,4.2173445531719825e-05,0.0022201555370603954,0.001430583559296181,-4.9292645538011326e-05,0.00020471874599009454,8.920164109081641e-05,0.0010633288320966413
359,359,359,359,971.5490857961223,6.326536934486704e-05,4.2176912896578024e-05,0.0022201833308945393,0.0014306083491699784,-4.9285801878955204e-05,0.000204717527333667,8.92022152142527e-05,0.0010633319497184617
360,360,360,359,971.5490857961223,6.326536934486704e-05,4.2176912896578024e-05,0.0022201833308945393,0.0014306083491699784,-4.9285801878955204e-05,0.000204717527333667,8.92022152142527e-05,0.0010633319497184617
361,361,361,361,971.5494490881492,6.326143439711052e-05,4.217428959807368e-05,0.0022201570924632826,0.0014305843918335911,-4.929255966572288e-05,0.0002047187144857188,8.920152232783779e-05,0.0010633335558667277
362,362,362,361,971.5494490881492,6.326143439711052e-05,4.217428959807368e-05,0.0022201570924632826,0.0014305843918335911,-4.929255966572288e-05,0.0002047187144857188,8.920152232783779e-05,0.0010633335558667277
363,363,363,363,971.549049586582,6.326485772154e-05,4.2176571814360006e-05,0.0022201794144841185,0.0014306067017443103,-4.928550380749186e-05,0.0002047179419210038,8.920211824219731e-05,0.0010633317199053138
364,364,364,363,971.549049586582,6.326485772154e-05,4.2176571814360006e-05,0.0022201794144841185,0.0014306067017443103,-4.928550380749186e-05,0.0002047179419210038,8.920211824219731e-05,0.0010633317199053138
365,365,365,365,971.549474707232,6.326170186765623e-05,4.217446791177082e-05,0.002220158028419338,0.0014305841112481877,-4.92922301394208e-05,0.00020471865854229242,8.920120796892389e-05,0.0010633342575104587
366,366,366,365,971.549474707232,6.326170186765623e-05,4.217446791177082e-05,0.002220158028419338,0.0014305841112481877,-4.92922301394208e-05,0.00020471865854229242,8.920120796892389e-05,0.0010633342575104587
367,367,367,367,971.5491671140878,6.326600278780403e-05,4.217733519186935e-05,0.002220184269578039,0.001430608219576022,-4.928539956140093e-05,0.00020471789230923256,8.920180168743574e-05,0.001063335352571199
368,368,368,367,971.5491671140878,6.326600278780403e-05,4.217733519186935e-05,0.002220184269578039,0.001430608219576022,-4.928539956140093e-05,0.00020471789230923256,8.920180168743574e-05,0.001063335352571199
369,369,369,369,971.5491427970991,6.325722213107454e-05,4.217148142071636e-05,0.0022201498401157494,0.001430580083370063,-4.929278655618763e-05,0.00020471997975727766,8.920173140856968e-05,0.0010633212643249095
370,370,370,369,971.5491427970991,6.325722213107454e-05,4.217148142071636e-05,0.0022201498401157494,0.001430580083370063,-4.929278655618763e-05,0.00020471997975727766,8.920173140856968e-05,0.0010633212643249095
371,371,371,371,971.5489135214027,6.326253856075992e-05,4.2175025707173276e-05,0.002220179337321191,0.001430606040652241,-4.928566003799956e-05,0.00020471857001246458,8.920204875371984e-05,0.0010633241189952338
372,372,372,371,971.5489135214027,6.326253856075992e-05,4.2175025707173276e-05,0.002220179337321191,0.001430606040652241,-4.928566003799956e-05,0.00020471857001246458,8.920204875371984e-05,0.0010633241189952338
373,373,373,373,971.5492711708359,6.32588659160438e-05,4.217257727736253e-05,0.0022201510822318984,0.001430579752520577,-4.929226711705009e-05,0.00020471984543624108,8.920126212212665e-05,0.0010633264979748656
374,374,374,373,971.5492711708359,6.32588659160438e-05,4.217257727736253e-05,0.0022201510822318984,0.001430579752520577,-4.929226711705009e-05,0.00020471984543624108,8.920126212212665e-05,0.0010633264979748656
375,375,375,375,971.5489875756543,6.326439172671394e-05,4.217626115114263e-05,0.0022201790787503358,0.0014306051502968216,-4.9285371257375143e-05,0.0002047185780644114,8.920166442413086e-05,0.0010633297656359886
376,376,376,375,971.5489875756543,6.326439172671394e-05,4.217626115114263e-05,0.0022201790787503358,0.0014306051502968216,-4.9285371257375143e-05,0.0002047185780644114,8.920166442413086e-05,0.0010633297656359886
377,377,377,377,971.549387997502,6.326028049125076e-05,4.2173520327500505e-05,0.0022201537506125264,0.0014305808565342974,-4.929223018740325e-05,0.00020471990123238932,8.920112726656243e-05,0.0010633318522604782
378,378,378,377,971.549387997502,6.326028049125076e-05,4.2173520327500505e-05,0.0022201537506125264,0.0014305808565342974,-4.929223018740325e-05,0.00020471990123238932,8.920112726656243e-05,0.0010633318522604782
379,379,379,379,971.5491063908962,6.326563659975193e-05,4.217709106650129e-05,0.002220181587973576,0.0014306066998849808,-4.9285498068062095e-05,0.0002047186770912625,8.920171188208509e-05,0.001063335174376518
380,380,380,379,971.5491063908962,6.326563659975193e-05,4.217709106650129e-05,0.002220181587973576,0.0014306066998849808,-4.9285498068062095e-05,0.0002047186770912625,8.920171188208509e-05,0.001063335174376518
381,381,381,381,971.549183281273,6.325688924646578e-05,4.2171259497643846e-05,0.0022201483223075226,0.0014305780452161132,-4.9292807544357164e-05,0.000204720630712794,8.920125039344612e-05,0.0010633212001682553
382,382,382,381,971.549183281273,6.325688924646578e-05,4.2171259497643846e-05,0.0022201483223075226,0.0014305780452161132,-4.9292807544357164e-05,0.000204720630712794,8.920125039344612e-05,0.0010633212001682553
383,383,383,383,971.5487437311267,6.326113398735789e-05,4.2174089324905254e-05,0.0022201736012188874,0.0014306012995766112,-4.928569917754533e-05,0.0002047195536801724,8.92019187661991e-05,0.0010633200044095448
384,384,384,383,971.5487437311267,6.326113398735789e-05,4.2174089324905254e-05,0.0022201736012188874,0.0014306012995766112,-4.928569917754533e-05,0.0002047195536801724,8.92019187661991e-05,0.0010633200044095448
385,385,385,385,971.5492461676449,6.325852549049493e-05,4.217235032699662e-05,0.0022201483842340633,0.001430577781235751,-4.929245025239032e-05,0.00020471994538098152,8.920148003523087e-05,0.0010633222391209785
386,386,386,385,971.5492461676449,6.325852549049493e-05,4.217235032699662e-05,0.0022201483842340633,0.001430577781235751,-4.929245025239032e-05,0.00020471994538098152,8.920148003523087e-05,0.0010633222391209785
387,387,387,387,971.5490664036556,6.32644929188797e-05,4.217632861258647e-05,0.002220180403615538,0.0014306045106974225,-4.928538937700594e-05,0.00020471929327708102,8.920177007863683e-05,0.001063331756412293
388,388,388,387,971.5490664036556,6.32644929188797e-05,4.217632861258647e-05,0.002220180403615538,0.0014306045106974225,-4.928538937700594e-05,0.00020471929327708102,8.920177007863683e-05,0.001063331756412293
389,389,389,389,971.5493845278708,6.325994641853683e-05,4.2173297612357885e-05,0.0022201532543720437,0.0014305795950546602,-4.929206772350675e-05,0.00020472062034263152,8.920098146092403e-05,0.0010633318731124689
390,390,390,389,971.5493845278708,6.325994641853683e-05,4.2173297612357885e-05,0.0022201532543720437,0.0014305795950546602,-4.929206772350675e-05,0.00020472062034263152,8.920098146092403e-05,0.0010633318731124689
391,391,391,391,971.5491127510589,6.326531155043114e-05,4.2176874366954095e-05,0.0022201842438851283,0.0014306063684653742,-4.9285188208632313e-05,0.00020471903716525987,8.92016186345504e-05,0.0010633337762965824
392,392,392,391,971.5491127510589,6.326531155043114e-05,4.2176874366954095e-05,0.0022201842438851283,0.0014306063684653742,-4.9285188208632313e-05,0.00020471903716525987,8.92016186345504e-05,0.0010633337762965824
393,393,393,393,971.5493172379611,6.325941500379129e-05,4.217294333586086e-05,0.0022201502758682503,0.0014305780620674524,-4.929233288173546e-05,0.00020472109899627604,8.92012225475955e-05,0.0010633303262625126
394,394,394,393,971.5493172379611,6.325941500379129e-05,4.217294333586086e-05,0.0022201502758682503,0.0014305780620674524,-4.929233288173546e-05,0.00020472109899627604,8.92012225475955e-05,0.0010633303262625126
395,395,395,395,971.5487035588056,6.3261077666521e-05,4.2174051777680674e-05,0.002220172864079139,0.0014306002516372071,-4.928491420543718e-05,0.0002047199729161853,8.920128437326508e-05,0.0010633215438298402
396,396,396,395,971.5487035588056,6.3261077666521e-05,4.2174051777680674e-05,0.002220172864079139,0.0014306002516372071,-4.928491420543718e-05,0.0002047199729161853,8.920128437326508e-05,0.0010633215438298402
397,397,397,397,971.5489998058674,6.325533491072233e-05,4.217022327381488e-05,0.002220144326712641,0.0014305738506163585,-4.9292128622729914e-05,0.00020472147666510034,8.920114414943253e-05,0.0010633158766387228
398,398,398,397,971.5489998058674,6.325533491072233e-05,4.217022327381488e-05,0.002220144326712641,0.0014305738506163585,-4.9292128622729914e-05,0.00020472147666510034,8.920114414943253e-05,0.0010633158766387228
399,399,399,399,971.5487498509584,6.3260653435121e-05,4.217376895674733e-05,0.002220172490551021,0.0014305998934809132,-4.928531022036636e-05,0.0002047202053964833,8.920160314833392e-05,0.0010633198262722503
400,400,400,399,971.5487498509584,6.3260653435121e-05,4.217376895674733e-05,0.002220172490551021,0.0014305998934809132,-4.928531022036636e-05,0.0002047202053964833,8.920160314833392e-05,0.0010633198262722503
401,401,401,401,971.5491409417739,6.325722588498839e-05,4.217148392332559e-05,0.002220147765689575,0.0014305767625799508,-4.9291919666669126e-05,0.00020472114755262997,8.920093357666498e-05,0.001063322242853176
402,402,402,401,971.5491409417739,6.325722588498839e-05,4.217148392332559e-05,0.002220147765689575,0.0014305767625799508,-4.9291919666669126e-05,0.00020472114755262997,8.920093357666498e-05,0.001063322242853176
403,403,403,403,971.5488164240875,6.326141809137598e-05,4.217427872758398e-05,0.002220173402779701,0.001430600598150728,-4.928502683153313e-05,0.0002047202274051045,8.920153016327842e-05,0.0010633224293130448
404,404,404,403,971.5488164240875,6.326141809137598e-05,4.217427872758398e-05,0.002220173402779701,0.001430600598150728,-4.928502683153313e-05,0.0002047202274051045,8.920153016327842e-05,0.0010633224293130448
405,405,405,405,971.5491575417665,6.325710802029816e-05,4.217140534686544e-05,0.002220145754914577,0.001430576091306551,-4.929198017807751e-05,0.00020472148615973036,8.920103070630264e-05,0.0010633227114983967
406,406,406,405,971.5491575417665,6.325710802029816e-05,4.217140534686544e-05,0.002220145754914577,0.001430576091306551,-4.929198017807751e-05,0.00020472148615973036,8.920103070630264e-05,0.0010633227114983967
407,407,407,407,971.5489222214633,6.326264646386304e-05,4.217509764257536e-05,0.002220173344012338,0.0014306006749420063,-4.928502306184024e-05,0.00020472057086196174,8.920149451904086e-05,0.0010633277988989632
408,408,408,407,971.5489222214633,6.326264646386304e-05,4.217509764257536e-05,0.002220173344012338,0.0014306006749420063,-4.928502306184024e-05,0.00020472057086196174,8.920149451904086e-05,0.0010633277988989632
409,409,409,409,971.5493788988804,6.325974790424849e-05,4.217316526949899e-05,0.0022201509826907046,0.0014305784061847127,-4.929180811573397e-05,0.00020472170787046124,8.920074728720195e-05,0.0010633332831462953
410,410,410,409,971.5493788988804,6.325974790424849e-05,4.217316526949899e-05,0.0022201509826907046,0.0014305784061847127,-4.929180811573397e-05,0.00020472170787046124,8.920074728720195e-05,0.0010633332831462953
411,411,411,411,971.5490468822425,6.326500245187883e-05,4.217666830125255e-05,0.0022201780528978785,0.0014306045381917744,-4.9284894944927327e-05,0.0002047201924671159,8.920134913246308e-05,0.0010633349630245381
412,412,412,411,971.5490468822425,6.326500245187883e-05,4.217666830125255e-05,0.0022201780528978785,0.0014306045381917744,-4.9284894944927327e-05,0.0002047201924671159,8.920134913246308e-05,0.0010633349630245381
413,413,413,413,971.5495109607813,6.326136384315895e-05,4.217424256210596e-05,0.002220152612074458,0.0014305788670745268,-4.92917556442693e-05,0.00020472046098756505,8.920076061087745e-05,0.00106333684289719
414,414,414,413,971.5495109607813,6.326136384315895e-05,4.217424256210596e-05,0.002220152612074458,0.0014305788670745268,-4.92917556442693e-05,0.00020472046098756505,8.920076061087745e-05,0.00106333684289719
415,415,415,415,971.549035087397,6.326457979061173e-05,4.217638652707449e-05,0.0022201777226473225,0.0014306019341700023,-4.928489555964394e-05,0.00020472064727082958,8.920136354884783e-05,0.001063334357162561
416,416,416,415,971.549035087397,6.326457979061173e-05,4.217638652707449e-05,0.0022201777226473225,0.0014306019341700023,-4.928489555964394e-05,0.00020472064727082958,8.920136354884783e-05,0.001063334357162561
417,417,417,417,971.5494804383907,6.326116389576697e-05,4.217410926384465e-05,0.002220152884504546,0.0014305789100216844,-4.929169164179931e-05,0.00020472201066414834,8.920066311532415e-05,0.0010633386526679868
418,418,418,417,971.5494804383907,6.326116389576697e-05,4.217410926384465e-05,0.002220152884504546,0.0014305789100216844,-4.929169164179931e-05,0.00020472201066414834,8.920066311532415e-05,0.0010633386526679868
419,419,419,419,971.5490801540873,6.326424334743286e-05,4.2176162231621905e-05,0.002220176889796232,0.0014306023080740934,-4.928495361499613e-05,0.0002047210667881546,8.920134826813364e-05,0.0010633345128996134
420,420,420,419,971.5490801540873,6.326424334743286e-05,4.2176162231621905e-05,0.002220176889796232,0.0014306023080740934,-4.928495361499613e-05,0.0002047210667881546,8.920134826813364e-05,0.0010633345128996134
421,421,421,421,971.5493963374597,6.326023100372558e-05,4.217348733581705e-05,0.0022201494672007363,0.0014305769963523344,-4.9291698406388196e-05,0.00020472238256779494,8.920053696829383e-05,0.001063335938144995
422,422,422,421,971.5493963374597,6.326023100372558e-05,4.217348733581705e-05,0.0022201494672007363,0.0014305769963523344,-4.9291698406388196e-05,0.00020472238256779494,8.920053696829383e-05,0.001063335938144995
423,423,423,423,971.549130784848,6.326529777961332e-05,4.2176865186408875e-05,0.0022201778067373443,0.0014306027000929112,-4.928490095243432e-05,0.00020472123440519325,8.920125156577918e-05,0.0010633382808024907
424,424,424,423,971.549130784848,6.326529777961332e-05,4.2176865186408875e-05,0.0022201778067373443,0.0014306027000929112,-4.928490095243432e-05,0.00020472123440519325,8.920125156577918e-05,0.0010633382808024907
425,425,425,425,971.5495414748505,6.326184676119784e-05,4.217456450746523e-05,0.002220153294539397,0.0014305789964780382,-4.929148121414484e-05,0.00020472214697693186,8.920046496867923e-05,0.0010633412327271797
426,426,426,425,971.5495414748505,6.326184676119784e-05,4.217456450746523e-05,0.002220153294539397,0.0014305789964780382,-4.929148121414484e-05,0.00020472214697693186,8.920046496867923e-05,0.0010633412327271797
427,427,427,427,971.5490819743009,6.326503207654266e-05,4.217668805102844e-05,0.002220176799932057,0.0014306016798659857,-4.928447520826523e-05,0.00020472119044996046,8.920092750622916e-05,0.0010633372401531941
428,428,428,427,971.5490819743009,6.326503207654266e-05,4.217668805102844e-05,0.002220176799932057,0.0014306016798659857,-4.928447520826523e-05,0.00020472119044996046,8.920092750622916e-05,0.0010633372401531941
429,429,429,429,971.5494530436553,6.326046969026833e-05,4.217364646017889e-05,0.0022201507392558112,0.0014305775190858174,-4.929154215956022e-05,0.00020472270540389855,8.92006254866115e-05,0.0010633375747471448
430,430,430,429,971.5494530436553,6.326046969026833e-05,4.217364646017889e-05,0.0022201507392558112,0.0014305775190858174,-4.929154215956022e-05,0.00020472270540389855,8.92006254866115e-05,0.0010633375747471448
431,431,431,431,971.5491186363624,6.326489977684369e-05,4.2176599851229124e-05,0.002220177867217807,0.0014306025135564179,-4.9284633751152385e-05,0.0002047215525657344,8.920106807191325e-05,0.0010633376134233335
432,432,432,431,971.5491186363624,6.326489977684369e-05,4.2176599851229124e-05,0.002220177867217807,0.0014306025135564179,-4.9284633751152385e-05,0.0002047215525657344,8.920106807191325e-05,0.0010633376134233335
433,433,433,433,971.5490928497622,6.325664610970505e-05,4.217109740647003e-05,0.0022201442208578076,0.001430573718261824,-4.9291885428161264e-05,0.0002047235702798725,8.920096723530335e-05,0.0010633250674196276
434,434,434,433,971.5490928497622,6.325664610970505e-05,4.217109740647003e-05,0.0022201442208578076,0.001430573718261824,-4.9291885428161264e-05,0.0002047235702798725,8.920096723530335e-05,0.0010633250674196276
435,435,435,435,971.5487523152198,6.32605081991311e-05,4.217367213275406e-05,0.002220172215252676,0.0014305976496467045,-4.928477214143079e-05,0.0002047223231676947,8.920131204236126e-05,0.0010633227964494452
436,436,436,435,971.5487523152198,6.32605081991311e-05,4.217367213275406e-05,0.002220172215252676,0.0014305976496467045,-4.928477214143079e-05,0.0002047223231676947,8.920131204236126e-05,0.0010633227964494452
437,437,437,437,971.5491361361541,6.32564956545012e-05,4.21709971030008e-05,0.0022201461707843733,0.0014305731270982415,-4.929172928164888e-05,0.00020472360525533803,8.92008263029126e-05,0.0010633239355603585
438,438,438,437,971.5491361361541,6.32564956545012e-05,4.21709971030008e-05,0.0022201461707843733,0.0014305731270982415,-4.929172928164888e-05,0.00020472360525533803,8.92008263029126e-05,0.0010633239355603585
439,439,439,439,971.5488397709879,6.32614970751677e-05,4.217433138344513e-05,0.0022201747390489766,0.0014305983259507668,-4.928467558468902e-05,0.00020472226671897526,8.92012338482226e-05,0.0010633256531839392
440,440,440,439,971.5488397709879,6.32614970751677e-05,4.217433138344513e-05,0.0022201747390489766,0.0014305983259507668,-4.928467558468902e-05,0.00020472226671897526,8.92012338482226e-05,0.0010633256531839392
441,441,441,441,971.5492672500111,6.325820824520934e-05,4.217213883013956e-05,0.0022201469804612743,0.0014305734233221869,-4.9291501594363185e-05,0.00020472375625151407,8.920062652542637e-05,0.0010633298921728116
442,442,442,441,971.5492672500111,6.325820824520934e-05,4.217213883013956e-05,0.0022201469804612743,0.0014305734233221869,-4.9291501594363185e-05,0.00020472375625151407,8.920062652542637e-05,0.0010633298921728116
443,443,443,443,971.5489048806917,6.326227703054577e-05,4.217485135369718e-05,0.0022201726305507885,0.0014305988012370578,-4.928445252301572e-05,0.00020472215980918434,8.920094030905046e-05,0.0010633286210449792
444,444,444,443,971.5489048806917,6.326227703054577e-05,4.217485135369718e-05,0.0022201726305507885,0.0014305988012370578,-4.928445252301572e-05,0.00020472215980918434,8.920094030905046e-05,0.0010633286210449792
445,445,445,445,971.5492757805714,6.325846224281007e-05,4.217230816187338e-05,0.002220144987348144,0.0014305735526165628,-4.9291297465128836e-05,0.0002047238651260154,8.920037162003791e-05,0.0010633318199731998
446,446,446,445,971.5492757805714,6.325846224281007e-05,4.217230816187338e-05,0.002220144987348144,0.0014305735526165628,-4.9291297465128836e-05,0.0002047238651260154,8.920037162003791e-05,0.0010633318199731998
447,447,447,447,971.5489367853825,6.326178721316467e-05,4.2174524808776446e-05,0.002220176458324345,0.0014305978321157626,-4.928415176345263e-05,0.00020472245182077072,8.920074412385737e-05,0.0010633280789836652
448,448,448,447,971.5489367853825,6.326178721316467e-05,4.2174524808776446e-05,0.002220176458324345,0.0014305978321157626,-4.928415176345263e-05,0.00020472245182077072,8.920074412385737e-05,0.0010633280789836652
449,449,449,449,971.5491448643272,6.32571394405812e-05,4.2171426293720796e-05,0.0022201429154427286,0.001430572189123559,-4.9291449460066306e-05,0.0002047239386145778,8.920046778286561e-05,0.0010633264251099133
450,450,450,449,971.5491448643272,6.32571394405812e-05,4.2171426293720796e-05,0.0022201429154427286,0.001430572189123559,-4.9291449460066306e-05,0.0002047239386145778,8.920046778286561e-05,0.0010633264251099133
451,451,451,451,971.5488123349435,6.326085344912635e-05,4.217390229941757e-05,0.0022201683337197044,0.0014305956113177926,-4.9284538623850516e-05,0.00020472321248863975,8.920096814478418e-05,0.001063325805958162
452,452,452,451,971.5488123349435,6.326085344912635e-05,4.217390229941757e-05,0.0022201683337197044,0.0014305956113177926,-4.9284538623850516e-05,0.00020472321248863975,8.920096814478418e-05,0.001063325805958162
453,453,453,453,971.5490723528007,6.325602898130112e-05,4.217068598753408e-05,0.0022201412575279735,0.0014305713050807647,-4.92915172938882e-05,0.000204724674642098,8.920053059657818e-05,0.0010633241912022398
454,454,454,453,971.5490723528007,6.325602898130112e-05,4.217068598753408e-05,0.0022201412575279735,0.0014305713050807647,-4.92915172938882e-05,0.000204724674642098,8.920053059657818e-05,0.0010633241912022398
455,455,455,455,971.5487600112327,6.325979828988859e-05,4.217319885992572e-05,0.0022201660744335934,0.001430594763997011,-4.928473951833906e-05,0.00020472282836117244,8.920126199937067e-05,0.0010633219165758201
456,456,456,455,971.5487600112327,6.325979828988859e-05,4.217319885992572e-05,0.0022201660744335934,0.001430594763997011,-4.928473951833906e-05,0.00020472282836117244,8.920126199937067e-05,0.0010633219165758201
457,457,457,457,971.5491226612176,6.325670918477799e-05,4.217113945651866e-05,0.002220140627007238,0.0014305701357776785,-4.9291176262289405e-05,0.00020472466490038457,8.92001603475176e-05,0.0010633269269228317
458,458,458,457,971.5491226612176,6.325670918477799e-05,4.217113945651866e-05,0.002220140627007238,0.0014305701357776785,-4.9291176262289405e-05,0.00020472466490038457,8.92001603475176e-05,0.0010633269269228317
459,459,459,459,971.5487253345273,6.325999948003647e-05,4.217333298669098e-05,0.0022201669363388628,0.0014305948798048872,-4.928441412785367e-05,0.00020472370003534848,8.920081509167233e-05,0.001063323600899408
460,460,460,459,971.5487253345273,6.325999948003647e-05,4.217333298669098e-05,0.0022201669363388628,0.0014305948798048872,-4.928441412785367e-05,0.00020472370003534848,8.920081509167233e-05,0.001063323600899408
461,461,461,461,971.5492090587524,6.325626021447261e-05,4.2170840142981746e-05,0.00222014064507965,0.0014305703094621863,-4.929137346851992e-05,0.000204725003410087,8.920048615523174e-05,0.001063327497519884
462,462,462,461,971.5492090587524,6.325626021447261e-05,4.2170840142981746e-05,0.00222014064507965,0.0014305703094621863,-4.929137346851992e-05,0.000204725003410087,8.920048615523174e-05,0.001063327497519884
463,463,463,463,971.548832044737,6.326110083929026e-05,4.2174067226193504e-05,0.002220170831016235,0.0014305956582599767,-4.92842640479052e-05,0.00020472376149101586,8.920074899292085e-05,0.0010633280970207533
464,464,464,463,971.548832044737,6.326110083929026e-05,4.2174067226193504e-05,0.002220170831016235,0.0014305956582599767,-4.92842640479052e-05,0.00020472376149101586,8.920074899292085e-05,0.0010633280970207533
465,465,465,465,971.5492217661672,6.325755341013428e-05,4.217170227342285e-05,0.0022201436497453933,0.001430570985918672,-4.929111873301639e-05,0.00020472476603496608,8.920009131967166e-05,0.0010633299870804278
466,466,466,465,971.5492217661672,6.325755341013428e-05,4.217170227342285e-05,0.0022201436497453933,0.001430570985918672,-4.929111873301639e-05,0.00020472476603496608,8.920009131967166e-05,0.0010633299870804278
467,467,467,467,971.5488137287251,6.32619840438553e-05,4.217465602923687e-05,0.002220169992016894,0.0014305953477215464,-4.928465585420094e-05,0.00020472381347739474,8.920109979387164e-05,0.001063329063564985
468,468,468,467,971.5488137287251,6.32619840438553e-05,4.217465602923687e-05,0.002220169992016894,0.0014305953477215464,-4.928465585420094e-05,0.00020472381347739474,8.920109979387164e-05,0.001063329063564985
469,469,469,469,971.5491731682878,6.325695364978179e-05,4.2171302433187855e-05,0.00222014148609075,0.0014305700751378958,-4.929129715035979e-05,0.00020472548443490045,8.920028156349236e-05,0.0010633290460801187
470,470,470,469,971.5491731682878,6.325695364978179e-05,4.2171302433187855e-05,0.00222014148609075,0.0014305700751378958,-4.929129715035979e-05,0.00020472548443490045,8.920028156349236e-05,0.0010633290460801187
471,471,471,471,971.5487869285428,6.326060209937978e-05,4.2173734732919854e-05,0.0022201663458626445,0.001430593362565049,-4.9284196415110004e-05,0.00020472431957574495,8.920064620524665e-05,0.0010633268934058986
472,472,472,471,971.5487869285428,6.326060209937978e-05,4.2173734732919854e-05,0.0022201663458626445,0.001430593362565049,-4.9284196415110004e-05,0.00020472431957574495,8.920064620524665e-05,0.0010633268934058986
473,473,473,473,971.5492216811036,6.325726302974788e-05,4.217150868649859e-05,0.0022201431301357333,0.0014305717752952716,-4.929104424383074e-05,0.00020472543357324773,8.920023617292605e-05,0.0010633306445239372
474,474,474,473,971.5492216811036,6.325726302974788e-05,4.217150868649859e-05,0.0022201431301357333,0.0014305717752952716,-4.929104424383074e-05,0.00020472543357324773,8.920023617292605e-05,0.0010633306445239372
475,475,475,475,971.548912938075,6.326127644895596e-05,4.2174184299303974e-05,0.002220168167524288,0.0014305952462785763,-4.9284316626950486e-05,0.0002047241572895824,8.920069735751657e-05,0.001063330008268806
476,476,476,475,971.548912938075,6.326127644895596e-05,4.2174184299303974e-05,0.002220168167524288,0.0014305952462785763,-4.9284316626950486e-05,0.0002047241572895824,8.920069735751657e-05,0.001063330008268806
477,477,477,477,971.5491811557514,6.325707632734434e-05,4.2171384218229566e-05,0.0022201418095027584,0.0014305711583395882,-4.9291052242474154e-05,0.00020472573187880192,8.920035312506153e-05,0.0010633298015960743
478,478,478,477,971.5491811557514,6.325707632734434e-05,4.2171384218229566e-05,0.0022201418095027584,0.0014305711583395882,-4.9291052242474154e-05,0.00020472573187880192,8.920035312506153e-05,0.0010633298015960743
479,479,479,479,971.5488408228211,6.326118330082786e-05,4.21741222005519e-05,0.0022201678980288964,0.0014305951566089005,-4.9284090522107304e-05,0.00020472432517660205,8.92007767391012e-05,0.001063328627728261
480,480,480,479,971.5488408228211,6.326118330082786e-05,4.21741222005519e-05,0.0022201678980288964,0.0014305951566089005,-4.9284090522107304e-05,0.00020472432517660205,8.92007767391012e-05,0.001063328627728261
481,481,481,481,971.5491986424372,6.325732554049446e-05,4.217155036032964e-05,0.002220141781122184,0.0014305708453867616,-4.9290770721625854e-05,0.00020472575041091258,8.920007312811923e-05,0.0010633309581332636
482,482,482,481,971.5491986424372,6.325732554049446e-05,4.217155036032964e-05,0.002220141781122184,0.0014305708453867616,-4.9290770721625854e-05,0.00020472575041091258,8.920007312811923e-05,0.0010633309581332636
483,483,483,483,971.5489458081828,6.326185050684052e-05,4.217456700456035e-05,0.0022201689965458266,0.001430595959001559,-4.928403298563172e-05,0.00020472472750922356,8.920077051462194e-05,0.0010633324012121433
484,484,484,483,971.5489458081828,6.326185050684052e-05,4.217456700456035e-05,0.0022201689965458266,0.001430595959001559,-4.928403298563172e-05,0.00020472472750922356,8.920077051462194e-05,0.0010633324012121433
485,485,485,485,971.5490794870645,6.325561795900159e-05,4.217041197266773e-05,0.002220138671247145,0.0014305693424887865,-4.92911701243659e-05,0.0002047265614870683,8.920036599166514e-05,0.0010633267489985974
486,486,486,485,971.5490794870645,6.325561795900159e-05,4.217041197266773e-05,0.002220138671247145,0.0014305693424887865,-4.92911701243659e-05,0.0002047265614870683,8.920036599166514e-05,0.0010633267489985974
487,487,487,487,971.548735539036,6.325969147991106e-05,4.2173127653274044e-05,0.0022201645567694055,0.0014305934675212092,-4.9284379541207624e-05,0.00020472540973974455,8.920096558658053e-05,0.0010633253518171457
488,488,488,487,971.548735539036,6.325969147991106e-05,4.2173127653274044e-05,0.0022201645567694055,0.0014305934675212092,-4.9284379541207624e-05,0.00020472540973974455,8.920096558658053e-05,0.0010633253518171457
489,489,489,489,971.5491171792022,6.325586776315117e-05,4.2170578508767445e-05,0.0022201376365080894,0.0014305680208688205,-4.9291038715440494e-05,0.00020472664681299248,8.92002255465929e-05,0.001063327142085626
490,490,490,489,971.5491171792022,6.325586776315117e-05,4.2170578508767445e-05,0.0022201376365080894,0.0014305680208688205,-4.9291038715440494e-05,0.00020472664681299248,8.92002255465929e-05,0.001063327142085626
491,491,491,491,971.548741402662,6.325969280429611e-05,4.217312853619741e-05,0.0022201637937926855,0.0014305924367599364,-4.9284175659213e-05,0.00020472561010326487,8.920078586157482e-05,0.0010633256053634702
492,492,492,491,971.548741402662,6.325969280429611e-05,4.217312853619741e-05,0.0022201637937926855,0.0014305924367599364,-4.9284175659213e-05,0.00020472561010326487,8.920078586157482e-05,0.0010633256053634702
493,493,493,493,971.5490751481633,6.325548927008096e-05,4.217032618005397e-05,0.0022201409625837525,0.001430567405358411,-4.9290728799035455e-05,0.00020472656078997158,8.91998611112152e-05,0.0010633249437012105
494,494,494,493,971.5490751481633,6.325548927008096e-05,4.217032618005397e-05,0.0022201409625837525,0.001430567405358411,-4.9290728799035455e-05,0.00020472656078997158,8.91998611112152e-05,0.0010633249437012105
495,495,495,495,971.5487335342071,6.325965153605728e-05,4.217310102403819e-05,0.0022201651516224902,0.0014305922859905466,-4.928366682788177e-05,0.00020472531795489522,8.920018450325751e-05,0.0010633253461136704
496,496,496,495,971.5487335342071,6.325965153605728e-05,4.217310102403819e-05,0.0022201651516224902,0.0014305922859905466,-4.928366682788177e-05,0.00020472531795489522,8.920018450325751e-05,0.0010633253461136704
497,497,497,497,971.5490186821717,6.3255085534758e-05,4.2170057023172e-05,0.0022201361444545114,0.0014305664844010155,-4.9290583094045715e-05,0.00020472672052487844,8.9199759072775e-05,0.0010633239468112402
498,498,498,497,971.5490186821717,6.3255085534758e-05,4.2170057023172e-05,0.0022201361444545114,0.0014305664844010155,-4.9290583094045715e-05,0.00020472672052487844,8.9199759072775e-05,0.0010633239468112402
499,499,499,499,971.5487856536847,6.325988726429976e-05,4.2173258176199845e-05,0.0022201643565386343,0.0014305921407747938,-4.92838916643229e-05,0.00020472579461945729,8.920050265074503e-05,0.0010633267972164867
500,500,500,499,971.5487856536847,6.325988726429976e-05,4.2173258176199845e-05,0.0022201643565386343,0.0014305921407747938,-4.92838916643229e-05,0.00020472579461945729,8.920050265074503e-05,0.0010633267972164867
501,501,501,501,971.5488572070099,6.325283854383135e-05,4.21685590292209e-05,0.0022201316474545047,0.0014305645305427621,-4.929113175551614e-05,0.00020472773598471586,8.920016885691912e-05,0.001063317852248924
502,502,502,501,971.5488572070099,6.325283854383135e-05,4.21685590292209e-05,0.0022201316474545047,0.0014305645305427621,-4.929113175551614e-05,0.00020472773598471586,8.920016885691912e-05,0.001063317852248924
503,503,503,503,971.5486095976855,6.325783287844389e-05,4.217188858562926e-05,0.002220160526828868,0.0014305895395954219,-4.9284059835341676e-05,0.00020472616209800387,8.920059357905158e-05,0.0010633196903418228
504,504,504,503,971.5486095976855,6.325783287844389e-05,4.217188858562926e-05,0.002220160526828868,0.0014305895395954219,-4.9284059835341676e-05,0.00020472616209800387,8.920059357905158e-05,0.0010633196903418228
505,505,505,505,971.5485940255248,6.324949925051726e-05,4.216633283367817e-05,0.0022201257948581696,0.0014305612747328184,-4.92914003842812e-05,0.00020472844745604536,8.920055502201901e-05,0.0010633073157685815
506,506,506,505,971.5485940255248,6.324949925051726e-05,4.216633283367817e-05,0.0022201257948581696,0.0014305612747328184,-4.92914003842812e-05,0.00020472844745604536,8.920055502201901e-05,0.0010633073157685815
507,507,507,507,971.5483381222671,6.325462039685759e-05,4.216974693123839e-05,0.0022201541514445654,0.0014305863075777467,-4.928429652985983e-05,0.00020472712954217634,8.920092643745908e-05,0.0010633097294286012
508,508,508,507,971.5483381222671,6.325462039685759e-05,4.216974693123839e-05,0.0022201541514445654,0.0014305863075777467,-4.928429652985983e-05,0.00020472712954217634,8.920092643745908e-05,0.0010633097294286012
509,509,509,509,971.5487660176093,6.325186258959725e-05,4.2167908393064835e-05,0.00222013002078957,0.0014305626964580117,-4.929068816839077e-05,0.00020472795929040504,8.919992516447789e-05,0.0010633148429446803
510,510,510,509,971.5487660176093,6.325186258959725e-05,4.2167908393064835e-05,0.00222013002078957,0.0014305626964580117,-4.929068816839077e-05,0.00020472795929040504,8.919992516447789e-05,0.0010633148429446803
511,511,511,511,971.5484304435952,6.325613373228678e-05,4.217075582152452e-05,0.002220157795399765,0.00143058730816176,-4.9283654167842084e-05,0.00020472665983808257,8.920039972713789e-05,0.0010633139245709155
512,512,512,511,971.5484304435952,6.325613373228678e-05,4.217075582152452e-05,0.002220157795399765,0.00143058730816176,-4.9283654167842084e-05,0.00020472665983808257,8.920039972713789e-05,0.0010633139245709155
513,513,513,513,971.5488806522687,6.325311796023803e-05,4.216874530682535e-05,0.00222013393060114,0.0014305642191919923,-4.929044151810724e-05,0.00020472769401597087,8.919959038583558e-05,0.0010633190181996005
514,514,514,513,971.5488806522687,6.325311796023803e-05,4.216874530682535e-05,0.00222013393060114,0.0014305642191919923,-4.929044151810724e-05,0.00020472769401597087,8.919959038583558e-05,0.0010633190181996005
515,515,515,515,971.5484991296042,6.325732062595346e-05,4.2171547083968974e-05,0.0022201559056461077,0.001430586134692595,-4.928340664883679e-05,0.0002047268828940713,8.920008989749678e-05,0.0010633188145494018
516,516,516,515,971.5484991296042,6.325732062595346e-05,4.2171547083968974e-05,0.0022201559056461077,0.001430586134692595,-4.928340664883679e-05,0.0002047268828940713,8.920008989749678e-05,0.0010633188145494018
517,517,517,517,971.5485205474369,6.32490946584352e-05,4.2166063105623465e-05,0.0022201225055787153,0.0014305597038527253,-4.929104186904287e-05,0.00020472889050779367,8.919994622105104e-05,0.0010633069107476583
518,518,518,517,971.5485205474369,6.32490946584352e-05,4.2166063105623465e-05,0.0022201225055787153,0.0014305597038527253,-4.929104186904287e-05,0.00020472889050779367,8.919994622105104e-05,0.0010633069107476583
519,519,519,519,971.5482475392439,6.325351832087156e-05,4.216901221391437e-05,0.0022201508932209284,0.0014305838313602472,-4.928377564935443e-05,0.00020472762648802105,8.920038579365852e-05,0.0010633067574898586
520,520,520,519,971.5482475392439,6.325351832087156e-05,4.216901221391437e-05,0.0022201508932209284,0.0014305838313602472,-4.928377564935443e-05,0.00020472762648802105,8.920038579365852e-05,0.0010633067574898586
521,521,521,521,971.5486060914084,6.324984159877811e-05,4.216656106585208e-05,0.002220124587803556,0.0014305594500787274,-4.929038244648465e-05,0.00020472867274704877,8.919969362333746e-05,0.0010633084279496109
522,522,522,521,971.5486060914084,6.324984159877811e-05,4.216656106585208e-05,0.002220124587803556,0.0014305594500787274,-4.929038244648465e-05,0.00020472867274704877,8.919969362333746e-05,0.0010633084279496109
523,523,523,523,971.5483094032302,6.325412345239978e-05,4.216941563493319e-05,0.0022201521374025,0.0014305845168497808,-4.9283567912193627e-05,0.0002047276728356469,8.920017897736526e-05,0.0010633092992910638
524,524,524,523,971.5483094032302,6.325412345239978e-05,4.216941563493319e-05,0.0022201521374025,0.0014305845168497808,-4.9283567912193627e-05,0.0002047276728356469,8.920017897736526e-05,0.0010633092992910638
525,525,525,525,971.5487175979583,6.325093620498934e-05,4.216729080332622e-05,0.002220127851742258,0.0014305608861325324,-4.9290377490907034e-05,0.000204728929629104,8.919954980167455e-05,0.0010633136916851382
526,526,526,525,971.5487175979583,6.325093620498934e-05,4.216729080332622e-05,0.002220127851742258,0.0014305608861325324,-4.9290377490907034e-05,0.000204728929629104,8.919954980167455e-05,0.0010633136916851382
527,527,527,527,971.5481822911964,6.325299414547403e-05,4.2168662763649355e-05,0.00222015245019852,0.0014305837997529974,-4.92828716793306e-05,0.00020472768130363363,8.919971405372401e-05,0.0010633051624451793
528,528,528,527,971.5481822911964,6.325299414547403e-05,4.2168662763649355e-05,0.00222015245019852,0.0014305837997529974,-4.92828716793306e-05,0.00020472768130363363,8.919971405372401e-05,0.0010633051624451793
529,529,529,529,971.5486076552565,6.324961612264035e-05,4.2166410748426905e-05,0.0022201246992096086,0.0014305582517012045,-4.929023497819707e-05,0.00020472915922493894,8.91993957347903e-05,0.0010633090105809852
530,530,530,529,971.5486076552565,6.324961612264035e-05,4.2166410748426905e-05,0.0022201246992096086,0.0014305582517012045,-4.929023497819707e-05,0.00020472915922493894,8.91993957347903e-05,0.0010633090105809852
531,531,531,531,971.5482856060911,6.325410277460697e-05,4.216940184973798e-05,0.0022201523704989774,0.001430583195311222,-4.928322377661942e-05,0.00020472783426028198,8.920001882518208e-05,0.0010633086739701412
532,532,532,531,971.5482856060911,6.325410277460697e-05,4.216940184973798e-05,0.0022201523704989774,0.001430583195311222,-4.928322377661942e-05,0.00020472783426028198,8.920001882518208e-05,0.0010633086739701412
533,533,533,533,971.5486586048617,6.325056790054684e-05,4.2167045267031224e-05,0.00222012582686448,0.001430558844895064,-4.929022596611432e-05,0.00020472938933160164,8.919946576502191e-05,0.0010633121419581417
534,534,534,533,971.5486586048617,6.325056790054684e-05,4.2167045267031224e-05,0.00222012582686448,0.001430558844895064,-4.929022596611432e-05,0.00020472938933160164,8.919946576502191e-05,0.0010633121419581417
535,535,535,535,971.5479992607966,6.32504024608016e-05,4.216693497386774e-05,0.002220145917136438,0.001430579763560252,-4.928251045525911e-05,0.00020472786773751252,8.91993500323901e-05,0.0010632967094074974
536,536,536,535,971.5479992607966,6.32504024608016e-05,4.216693497386774e-05,0.002220145917136438,0.001430579763560252,-4.928251045525911e-05,0.00020472786773751252,8.91993500323901e-05,0.0010632967094074974
537,537,537,537,971.5483419796462,6.324723934397758e-05,4.2164826229318386e-05,0.002220121625012785,0.001430556201596855,-4.928986855257805e-05,0.00020472957886595318,8.919924705007992e-05,0.0010633005954028098
538,538,538,537,971.5483419796462,6.324723934397758e-05,4.2164826229318386e-05,0.002220121625012785,0.001430556201596855,-4.928986855257805e-05,0.00020472957886595318,8.919924705007992e-05,0.0010633005954028098
539,539,539,539,971.5480510460462,6.325081594654725e-05,4.21672106310315e-05,0.002220145956389309,0.0014305791569927898,-4.92828871318865e-05,0.00020472856207714077,8.919964929531704e-05,0.0010632986681708605
540,540,540,539,971.5480510460462,6.325081594654725e-05,4.21672106310315e-05,0.002220145956389309,0.0014305791569927898,-4.92828871318865e-05,0.00020472856207714077,8.919964929531704e-05,0.0010632986681708605
541,541,541,541,971.5486550093983,6.324796622003692e-05,4.216531081335795e-05,0.002220126196111475,0.0014305585662967202,-4.929056146020516e-05,0.00020473100645249142,8.919990952527962e-05,0.0010633105214989062
542,542,542,541,971.5486550093983,6.324796622003692e-05,4.216531081335795e-05,0.002220126196111475,0.0014305585662967202,-4.929056146020516e-05,0.00020473100645249142,8.919990952527962e-05,0.0010633105214989062
543,543,543,543,971.5481116838764,6.325169247994866e-05,4.2167794986632444e-05,0.0022201475287964025,0.0014305801710652053,-4.9282968118832815e-05,0.00020472875962264717,8.919983693114059e-05,0.0010633022205615626
544,544,544,543,971.5481116838764,6.325169247994866e-05,4.2167794986632444e-05,0.0022201475287964025,0.0014305801710652053,-4.9282968118832815e-05,0.00020472875962264717,8.919983693114059e-05,0.0010633022205615626
545,545,545,545,971.548554154057,6.324834902080023e-05,4.216556601386682e-05,0.002220123699085114,0.0014305574220193377,-4.92901063278775e-05,0.00020473021950654554,8.919959068678235e-05,0.0010633053472819567
546,546,546,545,971.548554154057,6.324834902080023e-05,4.216556601386682e-05,0.002220123699085114,0.0014305574220193377,-4.92901063278775e-05,0.00020473021950654554,8.919959068678235e-05,0.0010633053472819567
547,547,547,547,971.5481628894372,6.325255748657055e-05,4.21683716577137e-05,0.00222014976927464,0.0014305818116878153,-4.928325704123965e-05,0.00020472919507434468,8.920019982583405e-05,0.0010633054734668708
548,548,548,547,971.5481628894372,6.325255748657055e-05,4.21683716577137e-05,0.00222014976927464,0.0014305818116878153,-4.928325704123965e-05,0.00020472919507434468,8.920019982583405e-05,0.0010633054734668708
549,549,549,549,971.5486354825928,6.324959297770993e-05,4.216639531847329e-05,0.0022201244197753997,0.0014305574224486011,-4.928995816691484e-05,0.0002047303209237713,8.919929195068399e-05,0.0010633103666401057
550,550,550,549,971.5486354825928,6.324959297770993e-05,4.216639531847329e-05,0.0022201244197753997,0.0014305574224486011,-4.928995816691484e-05,0.0002047303209237713,8.919929195068399e-05,0.0010633103666401057
551,551,551,551,971.5482594842649,6.325350436567345e-05,4.216900291044897e-05,0.0022201499303776237,0.0014305808297659008,-4.9282890789752176e-05,0.00020472907603507143,8.919959360740443e-05,0.0010633088485820057
552,552,552,551,971.5482594842649,6.325350436567345e-05,4.216900291044897e-05,0.0022201499303776237,0.0014305808297659008,-4.9282890789752176e-05,0.00020472907603507143,8.919959360740443e-05,0.0010633088485820057
553,553,553,553,971.5486435870077,6.325009121513347e-05,4.216672747675565e-05,0.0022201247302477607,0.001430557195185225,-4.9290017003579545e-05,0.0002047305498466459,8.919920907456136e-05,0.0010633123134035226
554,554,554,553,971.5486435870077,6.325009121513347e-05,4.216672747675565e-05,0.0022201247302477607,0.001430557195185225,-4.9290017003579545e-05,0.0002047305498466459,8.919920907456136e-05,0.0010633123134035226
555,555,555,555,971.548350155792,6.325436482276792e-05,4.2169576548511944e-05,0.0022201535392982383,0.0014305829046085874,-4.9283216068139735e-05,0.000204729481190762,8.919994305949669e-05,0.001063312913528228
556,556,556,555,971.548350155792,6.325436482276792e-05,4.2169576548511944e-05,0.0022201535392982383,0.0014305829046085874,-4.9283216068139735e-05,0.000204729481190762,8.919994305949669e-05,0.001063312913528228
557,557,557,557,971.5486977726433,6.325034841583865e-05,4.216689894389244e-05,0.0022201242929245075,0.0014305569321049635,-4.929019769096127e-05,0.00020473087218301052,8.919940113919639e-05,0.001063314005432569
558,558,558,557,971.5486977726433,6.325034841583865e-05,4.216689894389244e-05,0.0022201242929245075,0.0014305569321049635,-4.929019769096127e-05,0.00020473087218301052,8.919940113919639e-05,0.001063314005432569
559,559,559,559,971.5483603685102,6.325470095056018e-05,4.216980063370679e-05,0.002220151081795871,0.0014305815137402667,-4.928329737741155e-05,0.00020472976368463318,8.919988908633741e-05,0.0010633143327503803
560,560,560,559,971.5483603685102,6.325470095056018e-05,4.216980063370679e-05,0.002220151081795871,0.0014305815137402667,-4.928329737741155e-05,0.00020472976368463318,8.919988908633741e-05,0.0010633143327503803
561,561,561,561,971.5487696371044,6.325127610587455e-05,4.2167517403916374e-05,0.002220124180518863,0.0014305576903101498,-4.9290001526980376e-05,0.0002047307437353517,8.91991313194257e-05,0.001063317059852265
562,562,562,561,971.5487696371044,6.325127610587455e-05,4.2167517403916374e-05,0.002220124180518863,0.0014305576903101498,-4.9290001526980376e-05,0.0002047307437353517,8.91991313194257e-05,0.001063317059852265
563,563,563,563,971.5484214688896,6.325552081803965e-05,4.2170347212026435e-05,0.002220152068524227,0.0014305822660866567,-4.928304192306637e-05,0.0002047296732327137,8.91997106978043e-05,0.0010633169265283813
564,564,564,563,971.5484214688896,6.325552081803965e-05,4.2170347212026435e-05,0.002220152068524227,0.0014305822660866567,-4.928304192306637e-05,0.0002047296732327137,8.91997106978043e-05,0.0010633169265283813
565,565,565,565,971.5485918189554,6.32499312950563e-05,4.216662086337086e-05,0.002220117128891829,0.0014305529443241496,-4.929046473384907e-05,0.00020473180057243686,8.919945332988566e-05,0.0010633148181980428
566,566,566,565,971.5485918189554,6.32499312950563e-05,4.216662086337086e-05,0.002220117128891829,0.0014305529443241496,-4.929046473384907e-05,0.00020473180057243686,8.919945332988566e-05,0.0010633148181980428
567,567,567,567,971.5482753063469,6.325324408779087e-05,4.216882939186058e-05,0.002220145947456988,0.0014305785348685896,-4.9283265822652744e-05,0.00020473046074251212,8.91997322106583e-05,0.0010633104060841494
568,568,568,567,971.5482753063469,6.325324408779087e-05,4.216882939186058e-05,0.002220145947456988,0.0014305785348685896,-4.9283265822652744e-05,0.00020473046074251212,8.91997322106583e-05,0.0010633104060841494
569,569,569,569,971.5485956195939,6.324868438542519e-05,4.2165789590283456e-05,0.002220119361848056,0.0014305544449344132,-4.929027757572674e-05,0.00020473210569204483,8.919933983309036e-05,0.0010633110863250204
570,570,570,569,971.5485956195939,6.324868438542519e-05,4.2165789590283456e-05,0.002220119361848056,0.0014305544449344132,-4.929027757572674e-05,0.00020473210569204483,8.919933983309036e-05,0.0010633110863250204
571,571,571,571,971.5482267749783,6.325310889840341e-05,4.216873926560227e-05,0.0022201466997000263,0.0014305789432435578,-4.928318718008112e-05,0.00020473061447521835,8.919973958865235e-05,0.0010633097872126925
572,572,572,571,971.5482267749783,6.325310889840341e-05,4.216873926560227e-05,0.0022201466997000263,0.0014305789432435578,-4.928318718008112e-05,0.00020473061447521835,8.919973958865235e-05,0.0010633097872126925
573,573,573,573,971.548619221935,6.324927892326082e-05,4.216618594884054e-05,0.0022201199261778827,0.0014305542317088193,-4.928980064335814e-05,0.00020473183617749887,8.919886102209951e-05,0.0010633123002915233
574,574,574,573,971.548619221935,6.324927892326082e-05,4.216618594884054e-05,0.0022201199261778827,0.0014305542317088193,-4.928980064335814e-05,0.00020473183617749887,8.919886102209951e-05,0.0010633123002915233
575,575,575,575,971.5482367749373,6.325279326130362e-05,4.216852884086908e-05,0.0022201460029589314,0.0014305786413612745,-4.9282842125554505e-05,0.0002047307158031227,8.919951828101347e-05,0.0010633091508097721
576,576,576,575,971.5482367749373,6.325279326130362e-05,4.216852884086908e-05,0.0022201460029589314,0.0014305786413612745,-4.9282842125554505e-05,0.0002047307158031227,8.919951828101347e-05,0.0010633091508097721
577,577,577,577,971.5485823682529,6.32494830128949e-05,4.21663220085966e-05,0.0022201200922462657,0.0014305547447502622,-4.9289605555079274e-05,0.00020473168333793923,8.919900357937799e-05,0.0010633113327211015
578,578,578,577,971.5485823682529,6.32494830128949e-05,4.21663220085966e-05,0.0022201200922462657,0.0014305547447502622,-4.9289605555079274e-05,0.00020473168333793923,8.919900357937799e-05,0.0010633113327211015
579,579,579,579,971.5483042394553,6.32535320353178e-05,4.216902135687854e-05,0.0022201474644122777,0.0014305794132701002,-4.9282790202422044e-05,0.0002047309003128605,8.919961552607963e-05,0.0010633123649283806
580,580,580,579,971.5483042394553,6.32535320353178e-05,4.216902135687854e-05,0.0022201474644122777,0.0014305794132701002,-4.9282790202422044e-05,0.0002047309003128605,8.919961552607963e-05,0.0010633123649283806
581,581,581,581,971.5486500662273,6.324949352795595e-05,4.2166329018637296e-05,0.002220122877737483,0.0014305565527035625,-4.928981056002979e-05,0.000204731765001866,8.919881496608634e-05,0.0010633117471978224
582,582,582,581,971.5486500662273,6.324949352795595e-05,4.2166329018637296e-05,0.002220122877737483,0.0014305565527035625,-4.928981056002979e-05,0.000204731765001866,8.919881496608634e-05,0.0010633117471978224
583,583,583,583,971.5482710347237,6.325345292332307e-05,4.216896861554872e-05,0.002220146090012194,0.0014305782501691333,-4.928297833476508e-05,0.0002047313349821046,8.919954735621405e-05,0.001063312309378244
584,584,584,583,971.5482710347237,6.325345292332307e-05,4.216896861554872e-05,0.002220146090012194,0.0014305782501691333,-4.928297833476508e-05,0.0002047313349821046,8.919954735621405e-05,0.001063312309378244
585,585,585,585,971.5487380478213,6.32497749008254e-05,4.2166516600550263e-05,0.002220121930325627,0.001430554482203211,-4.928977039390936e-05,0.00020473326706833993,8.919878861651798e-05,0.0010633187684605588
586,586,586,585,971.5487380478213,6.32497749008254e-05,4.2166516600550263e-05,0.002220121930325627,0.001430554482203211,-4.928977039390936e-05,0.00020473326706833993,8.919878861651798e-05,0.0010633187684605588
587,587,587,587,971.548383730616,6.325443810861753e-05,4.216962540574502e-05,0.0022201497053280696,0.00143058020429328,-4.9282879900650056e-05,0.00020473138290711654,8.91993378379155e-05,0.0010633162858046498
588,588,588,587,971.548383730616,6.325443810861753e-05,4.216962540574502e-05,0.0022201497053280696,0.00143058020429328,-4.9282879900650056e-05,0.00020473138290711654,8.91993378379155e-05,0.0010633162858046498
589,589,589,589,971.5486804365004,6.32502370409016e-05,4.21668246939344e-05,0.0022201199370112655,0.0014305536528677171,-4.928961093735723e-05,0.00020473249871934843,8.91986543976736e-05,0.0010633161275942866
590,590,590,589,971.5486804365004,6.32502370409016e-05,4.21668246939344e-05,0.0022201199370112655,0.0014305536528677171,-4.928961093735723e-05,0.00020473249871934843,8.91986543976736e-05,0.0010633161275942866
591,591,591,591,971.5482572434828,6.325312084379253e-05,4.2168747229195023e-05,0.0022201483371418894,0.0014305796302366358,-4.928264750359013e-05,0.00020473159768434623,8.919934414314268e-05,0.0010633115625026351
592,592,592,591,971.5482572434828,6.325312084379253e-05,4.2168747229195023e-05,0.0022201483371418894,0.0014305796302366358,-4.928264750359013e-05,0.00020473159768434623,8.919934414314268e-05,0.0010633115625026351
593,593,593,593,971.5486395106507,6.324932236670411e-05,4.216621491113607e-05,0.0022201191717801656,0.0014305533343259877,-4.9289577635162896e-05,0.00020473299809878478,8.919877673791571e-05,0.0010633143370918274
594,594,594,593,971.5486395106507,6.324932236670411e-05,4.216621491113607e-05,0.0022201191717801656,0.0014305533343259877,-4.9289577635162896e-05,0.00020473299809878478,8.919877673791571e-05,0.0010633143370918274
595,595,595,595,971.5482611804622,6.325309399782264e-05,4.216872933188176e-05,0.0022201448074796334,0.0014305773795622548,-4.92826747255648e-05,0.00020473192297781488,8.919928779480002e-05,0.001063312264831839
596,596,596,595,971.5482611804622,6.325309399782264e-05,4.216872933188176e-05,0.0022201448074796334,0.0014305773795622548,-4.92826747255648e-05,0.00020473192297781488,8.919928779480002e-05,0.001063312264831839
597,597,597,597,971.548573875027,6.324847380867471e-05,4.216564920578314e-05,0.0022201187002061037,0.001430552957548735,-4.928969785597537e-05,0.00020473338495251747,8.919886053346954e-05,0.0010633110674490203
598,598,598,597,971.548573875027,6.324847380867471e-05,4.216564920578314e-05,0.0022201187002061037,0.001430552957548735,-4.928969785597537e-05,0.00020473338495251747,8.919886053346954e-05,0.0010633110674490203
599,599,599,599,971.548208061582,6.325234715845451e-05,4.216823143896968e-05,0.0022201435862348267,0.0014305763829185515,-4.928288060783437e-05,0.00020473219702708408,8.919944724596063e-05,0.0010633098335959554
