sequence_index,iteration,nf,incumbent_index,incumbent_full_objective,mean_gate_entanglement_infidelity_to_truth,mean_gate_average_infidelity_to_truth,mean_spam_vector_l2_error_to_truth,mean_spam_tracedist_to_truth,mean_gate_eigenvalue_nonunitarity_excess_to_truth,mean_gate_eigenvalue_diamondnorm_to_truth,mean_gate_eigenvalue_nonunitary_diamondnorm_to_truth,mean_gate_diamond_distance_to_truth
0,0,0,0,56541.670565079025,0.002273422622213639,0.0015156150814757592,0.0069771033542395085,0.004937894532976495,-0.003850330725303386,0.008134373632380808,0.004513942584111835,0.015113464757287321
1,1,1,1,24586.723226350012,0.03333243429718474,0.022221622864789826,0.04500993555601832,0.02629421807019754,0.0503135316269045,0.061207141814067514,0.0606870660338739,0.11066299020437884
2,2,2,1,24586.723226350012,0.03333243429718474,0.022221622864789826,0.04500993555601832,0.02629421807019754,0.0503135316269045,0.061207141814067514,0.0606870660338739,0.11066299020437884
3,3,3,3,10504.722491024288,0.010615168386115731,0.007076778924077154,0.0502649665378965,0.03229922353417143,0.007928366415767711,0.027555395701939118,0.015067502220069397,0.05854661627727256
4,4,4,3,10504.722491024288,0.010615168386115731,0.007076778924077154,0.0502649665378965,0.03229922353417143,0.007928366415767711,0.027555395701939118,0.015067502220069397,0.05854661627727256
5,5,5,3,10504.722491024288,0.010615168386115731,0.007076778924077154,0.0502649665378965,0.03229922353417143,0.007928366415767711,0.027555395701939118,0.015067502220069397,0.05854661627727256
6,6,6,6,10869.06440141216,0.010011933791911315,0.006674622527940877,0.024469463201971076,0.017490070542102186,0.015024904622958808,0.021804463776562442,0.019067752266755854,0.04190158791371394
7,7,7,7,3898.8436060068993,0.0035870461186679192,0.002391364079111946,0.007887253830791122,0.007070982690059999,0.003389282874042693,0.010473301470545543,0.007641382054634431,0.022450404269097786
8,8,8,7,3898.8436060068993,0.0035870461186679192,0.002391364079111946,0.007887253830791122,0.007070982690059999,0.003389282874042693,0.010473301470545543,0.007641382054634431,0.022450404269097786
9,9,9,9,2942.7404697865372,0.001988100079711397,0.0013254000531409311,0.008044217520225142,0.004974215932722736,0.0037005125077944623,0.006653516813177127,0.004957374359697592,0.01246184626281311
10,10,10,9,2942.7404697865372,0.001988100079711397,0.0013254000531409311,0.008044217520225142,0.004974215932722736,0.0037005125077944623,0.006653516813177127,0.004957374359697592,0.01246184626281311
11,11,11,11,1658.7100683046142,0.0005982489864805318,0.00039883265765368786,0.004244955819110995,0.00316508573545036,0.0011953012507403965,0.0034693683864193393,0.0014698389540115098,0.006796448120872258
12,12,12,11,1658.7100683046142,0.0005982489864805318,0.00039883265765368786,0.004244955819110995,0.00316508573545036,0.0011953012507403965,0.0034693683864193393,0.0014698389540115098,0.006796448120872258
13,13,13,13,1647.2053214374719,0.0005964636572116933,0.00039764243814112887,0.004679520936851071,0.003071182669708087,0.001739859230696944,0.0025618572870013128,0.002380965727269903,0.004686975936243412
14,14,14,14,1054.0467236380905,0.0001510662108391847,0.00010071080722612313,0.004360204355704379,0.002893212975063472,0.00030962429169146405,0.0007694038106243728,0.0004107912505238939,0.002090074139036024
15,15,15,14,1054.0467236380905,0.0001510662108391847,0.00010071080722612313,0.004360204355704379,0.002893212975063472,0.00030962429169146405,0.0007694038106243728,0.0004107912505238939,0.002090074139036024
16,16,16,16,1071.346747486641,0.0001638281382781992,0.0001092187588521328,0.0038260901621104786,0.002378037162326429,0.00021369680886057507,0.000657095330269726,0.0003478622147920843,0.0018751360793807566
17,17,17,17,1013.0014150597065,0.00011141117736410133,7.427411824273422e-05,0.00380331142947231,0.002342969070459687,3.183379416704657e-05,0.0004788478683819352,0.0001469310409672464,0.0016302546354199274
18,18,18,17,1013.0014150597065,0.00011141117736410133,7.427411824273422e-05,0.00380331142947231,0.002342969070459687,3.183379416704657e-05,0.0004788478683819352,0.0001469310409672464,0.0016302546354199274
19,19,19,19,1007.2856234548624,0.00010420003738115247,6.946669158743499e-05,0.0037767334856010464,0.0023396003536228396,3.2143595803807434e-05,0.00047232249852096047,0.00011088025770153442,0.0016010750961714165
20,20,20,19,1007.2856234548624,0.00010420003738115247,6.946669158743499e-05,0.0037767334856010464,0.0023396003536228396,3.2143595803807434e-05,0.00047232249852096047,0.00011088025770153442,0.0016010750961714165
21,21,21,19,1011.0295158747024,0.00010420003738115247,6.946669158743499e-05,0.0037767334856010464,0.0023396003536228396,3.2143595803807434e-05,0.00047232249852096047,0.00011088025770153442,0.0016010750961714165
22,22,22,22,997.2554550408424,0.0001120085118577474,7.467234123849828e-05,0.003558512023607491,0.0022788172922946067,-5.3891956702203925e-05,0.00047290116479078845,0.00011799766016553498,0.0016738992614862595
23,23,23,22,997.2554550408424,0.0001120085118577474,7.467234123849828e-05,0.003558512023607491,0.0022788172922946067,-5.3891956702203925e-05,0.00047290116479078845,0.00011799766016553498,0.0016738992614862595
24,24,24,24,996.5316975409679,0.0001081351006936293,7.209006712908621e-05,0.003440072096800252,0.002221505473657435,-6.803137202038984e-05,0.00047335179541588854,0.00012993946789398303,0.0016715276096038937
25,25,25,24,996.5316975409679,0.0001081351006936293,7.209006712908621e-05,0.003440072096800252,0.002221505473657435,-6.803137202038984e-05,0.00047335179541588854,0.00012993946789398303,0.0016715276096038937
26,26,26,26,997.65682961792,0.00011497266397381134,7.664844264920756e-05,0.0040264771195782055,0.002633653884898425,-6.837419328039468e-05,0.00047647757164985744,0.00013378790282869008,0.001627563335644156
27,27,27,26,997.65682961792,0.00011497266397381134,7.664844264920756e-05,0.0040264771195782055,0.002633653884898425,-6.837419328039468e-05,0.00047647757164985744,0.00013378790282869008,0.001627563335644156
28,28,28,26,997.65682961792,0.00011497266397381134,7.664844264920756e-05,0.0040264771195782055,0.002633653884898425,-6.837419328039468e-05,0.00047647757164985744,0.00013378790282869008,0.001627563335644156
29,29,29,29,993.9861716598066,0.00013246651620243965,8.831101080162643e-05,0.003833029847127608,0.0024885686183122374,-8.33635428868218e-05,0.0004707371263566365,0.0001335565182602888,0.0016457761629585133
30,30,30,29,993.9861716598066,0.00013246651620243965,8.831101080162643e-05,0.003833029847127608,0.0024885686183122374,-8.33635428868218e-05,0.0004707371263566365,0.0001335565182602888,0.0016457761629585133
31,31,31,31,995.9819650433446,0.00011332493809607103,7.554995873071402e-05,0.003704925445647054,0.002415869697398769,-6.535523170129315e-05,0.00046651856649641463,0.00011387790884020282,0.00162626302440424
32,32,32,31,995.9819650433446,0.00011332493809607103,7.554995873071402e-05,0.003704925445647054,0.002415869697398769,-6.535523170129315e-05,0.00046651856649641463,0.00011387790884020282,0.00162626302440424
33,33,33,33,995.6406524147958,0.00010368357943699169,6.912238629132779e-05,0.0036920367632234043,0.002409519840637638,-7.312497283762376e-05,0.0004752888476621975,0.00012498143935203015,0.0015979115869914073
34,34,34,33,995.6406524147958,0.00010368357943699169,6.912238629132779e-05,0.0036920367632234043,0.002409519840637638,-7.312497283762376e-05,0.0004752888476621975,0.00012498143935203015,0.0015979115869914073
35,35,35,35,995.5948995562962,0.00010149761001237989,6.76650733415866e-05,0.0036160472608523803,0.002368864044768552,-7.135891157957625e-05,0.0004745221266519819,0.00012059280900575398,0.0015868542902458033
36,36,36,36,992.1993027192086,0.00010298156093774269,6.865437395849512e-05,0.0035368193516029547,0.0022941865903154824,-7.668985140280027e-05,0.0004959249010027277,0.00012715335058324784,0.001604494757343933
37,37,37,36,992.1993027192086,0.00010298156093774269,6.865437395849512e-05,0.0035368193516029547,0.0022941865903154824,-7.668985140280027e-05,0.0004959249010027277,0.00012715335058324784,0.001604494757343933
38,38,38,36,992.1993027192086,0.00010298156093774269,6.865437395849512e-05,0.0035368193516029547,0.0022941865903154824,-7.668985140280027e-05,0.0004959249010027277,0.00012715335058324784,0.001604494757343933
39,39,39,39,992.0229963580971,0.00010475357085718007,6.983571390478671e-05,0.0034794024036402574,0.002250537251966986,-7.64350801721464e-05,0.0004939304210968892,0.0001248651149711108,0.0015991219815416867
40,40,40,39,992.0229963580971,0.00010475357085718007,6.983571390478671e-05,0.0034794024036402574,0.002250537251966986,-7.64350801721464e-05,0.0004939304210968892,0.0001248651149711108,0.0015991219815416867
41,41,41,41,990.9068086928676,0.0001052157855840341,7.014385705602275e-05,0.003558920419523676,0.0022665751473675754,-8.817479185090765e-05,0.00046407816133284746,0.00013236300376811422,0.0015780261467928842
42,42,42,42,990.7397465882888,0.0001100351735066063,7.335678233773754e-05,0.0035759723289574843,0.0022657097648150167,-8.414110067083563e-05,0.0004633178030305703,0.00012439027652941942,0.0015671906664382034
43,43,43,42,990.7397465882888,0.0001100351735066063,7.335678233773754e-05,0.0035759723289574843,0.0022657097648150167,-8.414110067083563e-05,0.0004633178030305703,0.00012439027652941942,0.0015671906664382034
44,44,44,44,990.438267245227,0.00011657411705243148,7.771607803495431e-05,0.003590916889265225,0.0022724845887670637,-8.731659207301956e-05,0.0004649352253109244,0.0001291306294952041,0.001560033407249171
45,45,45,44,990.438267245227,0.00011657411705243148,7.771607803495431e-05,0.003590916889265225,0.0022724845887670637,-8.731659207301956e-05,0.0004649352253109244,0.0001291306294952041,0.001560033407249171
46,46,46,46,986.7248122053384,0.00011906499732031173,7.937666488020781e-05,0.003584706191260207,0.002330171326097159,-6.812276569508058e-05,0.0005220264256727405,9.320053749801299e-05,0.0015468188899941122
47,47,47,46,986.7248122053384,0.00011906499732031173,7.937666488020781e-05,0.003584706191260207,0.002330171326097159,-6.812276569508058e-05,0.0005220264256727405,9.320053749801299e-05,0.0015468188899941122
48,48,48,48,986.5488439875332,0.00012124022474957474,8.08268164997165e-05,0.0036043540009207827,0.0023602484901636598,-7.367688206787876e-05,0.0005266410715364857,9.9518679831892e-05,0.0015225068332226084
49,49,49,48,986.5488439875332,0.00012124022474957474,8.08268164997165e-05,0.0036043540009207827,0.0023602484901636598,-7.367688206787876e-05,0.0005266410715364857,9.9518679831892e-05,0.0015225068332226084
50,50,50,48,986.5488439875332,0.00012124022474957474,8.08268164997165e-05,0.0036043540009207827,0.0023602484901636598,-7.367688206787876e-05,0.0005266410715364857,9.9518679831892e-05,0.0015225068332226084
51,51,51,51,988.0511686514105,0.00012042160151154446,8.028106767436298e-05,0.003592514315223984,0.0023852235600028073,-6.0429664017529194e-05,0.0005299630257662967,0.0001125264045637106,0.001542725143984775
52,52,52,52,987.89115779923,0.00012507144590676034,8.338096393784022e-05,0.003614048456977563,0.0024086715204429615,-5.816640136773604e-05,0.0005307898111270424,0.00011845548991337718,0.0015783036617041698
53,53,53,52,987.89115779923,0.00012507144590676034,8.338096393784022e-05,0.003614048456977563,0.0024086715204429615,-5.816640136773604e-05,0.0005307898111270424,0.00011845548991337718,0.0015783036617041698
54,54,54,54,987.7310857687073,0.00012884076324881644,8.589384216587762e-05,0.00364710615289796,0.002428971054603162,-6.201423021838515e-05,0.0005320770015734223,0.00011786290853890713,0.0015935504780222338
55,55,55,54,987.7310857687073,0.00012884076324881644,8.589384216587762e-05,0.00364710615289796,0.002428971054603162,-6.201423021838515e-05,0.0005320770015734223,0.00011786290853890713,0.0015935504780222338
56,56,56,56,990.5025943509776,0.00013513557121599962,9.00903808106664e-05,0.0032197011169638515,0.0021147070986552202,-6.98228981240237e-05,0.00052109762194547,0.00013725785611243962,0.0016224624130404706
57,57,57,56,990.5025943509776,0.00013513557121599962,9.00903808106664e-05,0.0032197011169638515,0.0021147070986552202,-6.98228981240237e-05,0.00052109762194547,0.00013725785611243962,0.0016224624130404706
58,58,58,58,990.3218313994741,0.00014507626875073787,9.67175125004919e-05,0.003249044208550171,0.0021315795884344325,-7.372854405073709e-05,0.0005243573770823508,0.00013819491238139386,0.0016560050386897455
59,59,59,58,990.3218313994741,0.00014507626875073787,9.67175125004919e-05,0.003249044208550171,0.0021315795884344325,-7.372854405073709e-05,0.0005243573770823508,0.00013819491238139386,0.0016560050386897455
60,60,60,58,990.3218313994741,0.00014507626875073787,9.67175125004919e-05,0.003249044208550171,0.0021315795884344325,-7.372854405073709e-05,0.0005243573770823508,0.00013819491238139386,0.0016560050386897455
61,61,61,61,988.0745171155262,0.00014115439586290246,9.41029305752683e-05,0.0032230216063951016,0.0021230807662271684,-6.857323501471835e-05,0.0005077071927840574,0.000128814497029707,0.0015929567468209857
62,62,62,61,988.0745171155262,0.00014115439586290246,9.41029305752683e-05,0.0032230216063951016,0.0021230807662271684,-6.857323501471835e-05,0.0005077071927840574,0.000128814497029707,0.0015929567468209857
63,63,63,63,987.9612220872475,0.00013886505294555263,9.257670196370175e-05,0.0031916670732205633,0.002105331893478465,-6.546315428745259e-05,0.0005086578147492683,0.00012611926962927816,0.0015841391633528035
64,64,64,63,987.9612220872475,0.00013886505294555263,9.257670196370175e-05,0.0031916670732205633,0.002105331893478465,-6.546315428745259e-05,0.0005086578147492683,0.00012611926962927816,0.0015841391633528035
65,65,65,65,987.9254854239921,0.0001353132753488251,9.020885023255006e-05,0.003208891523405101,0.0021177656127274605,-6.433432470281247e-05,0.0005079027127854329,0.00012504369935861792,0.0015750253621939709
66,66,66,66,988.691517575282,0.00015490972934564806,0.00010327315289709871,0.0033147814837452363,0.0022075449042703765,-6.817206214521088e-05,0.00048655325299010546,0.00012449912701943677,0.0015427805438882089
67,67,67,66,988.691517575282,0.00015490972934564806,0.00010327315289709871,0.0033147814837452363,0.0022075449042703765,-6.817206214521088e-05,0.00048655325299010546,0.00012449912701943677,0.0015427805438882089
68,68,68,68,988.1388230129832,0.0001627610196965057,0.00010850734646433713,0.0033403176814340405,0.0022237626026894437,-7.092356243659087e-05,0.0004894765259940267,0.00012523332603604082,0.0015407107846910966
69,69,69,68,988.1388230129832,0.0001627610196965057,0.00010850734646433713,0.0033403176814340405,0.0022237626026894437,-7.092356243659087e-05,0.0004894765259940267,0.00012523332603604082,0.0015407107846910966
70,70,70,68,988.1388230129832,0.0001627610196965057,0.00010850734646433713,0.0033403176814340405,0.0022237626026894437,-7.092356243659087e-05,0.0004894765259940267,0.00012523332603604082,0.0015407107846910966
71,71,71,71,989.2021749591394,0.0001714316792850168,0.0001142877861900112,0.003319460351086333,0.0021761744353819366,-7.482920374079355e-05,0.00044971741457100467,0.00011907609470268588,0.0014524797102701916
72,72,72,72,989.1695202106822,0.0001926827561047062,0.0001284551707364708,0.0033296601776273984,0.0021936312309910498,-6.90528765700249e-05,0.0004511485949179743,0.00011546232764823167,0.001455114382889328
73,73,73,72,989.1695202106822,0.0001926827561047062,0.0001284551707364708,0.0033296601776273984,0.0021936312309910498,-6.90528765700249e-05,0.0004511485949179743,0.00011546232764823167,0.001455114382889328
74,74,74,72,989.1695202106822,0.0001926827561047062,0.0001284551707364708,0.0033296601776273984,0.0021936312309910498,-6.90528765700249e-05,0.0004511485949179743,0.00011546232764823167,0.001455114382889328
75,75,75,75,989.0165110142948,0.00020737430556375114,0.00013824953704250076,0.003328657434692786,0.002193822084507679,-7.088920682817024e-05,0.0004509042195270688,0.00011671020328903048,0.0014594072014943971
76,76,76,76,990.6484350499209,0.00026816312025393363,0.0001787754135026224,0.0031955294651553855,0.002128722029175662,-5.92425092202295e-05,0.00043704149392951046,0.00011389541205435172,0.0014372286616468955
77,77,77,76,990.6484350499209,0.00026816312025393363,0.0001787754135026224,0.0031955294651553855,0.002128722029175662,-5.92425092202295e-05,0.00043704149392951046,0.00011389541205435172,0.0014372286616468955
78,78,78,78,990.095333767256,0.0002706678474849178,0.00018044523165661186,0.003207874337107994,0.002142209906357961,-6.292024072558633e-05,0.0004389370380178269,0.00011256965956608217,0.0014582205242428762
79,79,79,78,990.095333767256,0.0002706678474849178,0.00018044523165661186,0.003207874337107994,0.002142209906357961,-6.292024072558633e-05,0.0004389370380178269,0.00011256965956608217,0.0014582205242428762
80,80,80,78,990.095333767256,0.0002706678474849178,0.00018044523165661186,0.003207874337107994,0.002142209906357961,-6.292024072558633e-05,0.0004389370380178269,0.00011256965956608217,0.0014582205242428762
81,81,81,81,992.8666873941072,0.00026074682672330707,0.00017383121781553806,0.0029405752834561574,0.0019791664155067346,-6.377020670387396e-05,0.000461872082196846,0.00010816965679726065,0.001469941283321842
82,82,82,81,992.8666873941072,0.00026074682672330707,0.00017383121781553806,0.0029405752834561574,0.0019791664155067346,-6.377020670387396e-05,0.000461872082196846,0.00010816965679726065,0.001469941283321842
83,83,83,83,992.7820665998433,0.0002593835765508923,0.0001729223843672615,0.0029155648227904315,0.0019577478696281843,-6.44784086006045e-05,0.0004624519792805567,0.00010644421020480216,0.001457435839081648
84,84,84,83,992.7820665998433,0.0002593835765508923,0.0001729223843672615,0.0029155648227904315,0.0019577478696281843,-6.44784086006045e-05,0.0004624519792805567,0.00010644421020480216,0.001457435839081648
85,85,85,85,992.7810539924174,0.0002594550484806557,0.00017297003232043714,0.0029182493607479675,0.001957735442935497,-6.62336691952467e-05,0.0004628094631302974,0.00010815640693284667,0.001449968833532616
86,86,86,86,992.619818151018,0.00024122209484597756,0.00016081472989731838,0.0026776356192651733,0.0017782254642256647,-5.774805797999216e-05,0.00044391098210890163,9.783412585449847e-05,0.0014652664705841218
87,87,87,87,992.293645875264,0.00019648172041175638,0.0001309878136078376,0.00262138654355385,0.0017392283799812893,-5.13041954479862e-05,0.00043876067324055695,9.109775307580142e-05,0.0014466641122764692
88,88,88,87,992.293645875264,0.00019648172041175638,0.0001309878136078376,0.00262138654355385,0.0017392283799812893,-5.13041954479862e-05,0.00043876067324055695,9.109775307580142e-05,0.0014466641122764692
89,89,89,89,992.2048768303862,0.00017988515331024413,0.00011992343554016276,0.0026310789875982083,0.0017492358541657557,-5.055954026917525e-05,0.00043885642098397457,9.179746506071673e-05,0.0014338739748119183
90,90,90,89,992.2048768303862,0.00017988515331024413,0.00011992343554016276,0.0026310789875982083,0.0017492358541657557,-5.055954026917525e-05,0.00043885642098397457,9.179746506071673e-05,0.0014338739748119183
91,91,91,91,995.2188370422215,0.00017823356418561476,0.00011882237612374318,0.002017885032542628,0.001364660336145594,-5.362002199682525e-05,0.00041844175314136896,9.203954906801537e-05,0.0013704588584029817
92,92,92,91,995.2188370422215,0.00017823356418561476,0.00011882237612374318,0.002017885032542628,0.001364660336145594,-5.362002199682525e-05,0.00041844175314136896,9.203954906801537e-05,0.0013704588584029817
93,93,93,93,995.0002156830303,0.00017616684040003272,0.00011744456026668848,0.001985116202305831,0.0013487303781929802,-5.878112502991778e-05,0.0004201131434237574,0.00010259729764124093,0.0013750819210345962
94,94,94,93,995.0002156830303,0.00017616684040003272,0.00011744456026668848,0.001985116202305831,0.0013487303781929802,-5.878112502991778e-05,0.0004201131434237574,0.00010259729764124093,0.0013750819210345962
95,95,95,95,994.8902180647831,0.0001684270109595376,0.00011228467397302508,0.001985112280298936,0.0013470281581409286,-6.075174151239093e-05,0.0004219705393571254,0.00010346820356615938,0.0013736447749655436
96,96,96,96,995.4005473763387,0.00015986575694640348,0.00010657717129760233,0.002025143308118209,0.0013225221715283072,-6.580011557771881e-05,0.000395007714350413,0.00010593910172174148,0.0013696454413700985
97,97,97,96,995.4005473763387,0.00015986575694640348,0.00010657717129760233,0.002025143308118209,0.0013225221715283072,-6.580011557771881e-05,0.000395007714350413,0.00010593910172174148,0.0013696454413700985
98,98,98,98,994.9596633271192,0.00014376877865304727,9.584585243536484e-05,0.002057771940086715,0.0013412407525305154,-7.034426660247617e-05,0.00039849086659334216,0.00011127316986604685,0.0013608831391788128
99,99,99,98,994.9596633271192,0.00014376877865304727,9.584585243536484e-05,0.002057771940086715,0.0013412407525305154,-7.034426660247617e-05,0.00039849086659334216,0.00011127316986604685,0.0013608831391788128
100,100,100,98,994.9596633271192,0.00014376877865304727,9.584585243536484e-05,0.002057771940086715,0.0013412407525305154,-7.034426660247617e-05,0.00039849086659334216,0.00011127316986604685,0.0013608831391788128
101,101,101,101,998.1275824405177,0.0001385218917087927,9.23479278058618e-05,0.001764174742416333,0.0011492469435510151,-6.759235955502985e-05,0.00039156345689821115,0.00011483438641174404,0.0012658130123131143
102,102,102,101,998.1275824405177,0.0001385218917087927,9.23479278058618e-05,0.001764174742416333,0.0011492469435510151,-6.759235955502985e-05,0.00039156345689821115,0.00011483438641174404,0.0012658130123131143
103,103,103,103,997.9995717923376,0.00013072746317438488,8.715164211625659e-05,0.0017477566717276436,0.0011451033470810043,-6.801739622122605e-05,0.0003918692119487185,0.00011786759852909501,0.0012490562956176793
104,104,104,103,997.9995717923376,0.00013072746317438488,8.715164211625659e-05,0.0017477566717276436,0.0011451033470810043,-6.801739622122605e-05,0.0003918692119487185,0.00011786759852909501,0.0012490562956176793
105,105,105,103,997.9995717923376,0.00013072746317438488,8.715164211625659e-05,0.0017477566717276436,0.0011451033470810043,-6.801739622122605e-05,0.0003918692119487185,0.00011786759852909501,0.0012490562956176793
106,106,106,106,994.144259932546,0.00012696667144995732,8.464444763330488e-05,0.0020609970763611142,0.0014076569301921357,-8.660046144509659e-05,0.0003737658867920317,0.00012084714772825356,0.0012699253772455782
107,107,107,107,994.0381079709676,0.00012103604189084294,8.06906945938953e-05,0.002295184244597797,0.0015802182010204138,-8.297905745041634e-05,0.00037324000060738084,0.00011828388180248894,0.0012552953310551668
108,108,108,107,994.0381079709676,0.00012103604189084294,8.06906945938953e-05,0.002295184244597797,0.0015802182010204138,-8.297905745041634e-05,0.00037324000060738084,0.00011828388180248894,0.0012552953310551668
109,109,109,109,993.9686344809379,0.00011376657869224815,7.58443857948321e-05,0.0023158796883546036,0.0015974367981048438,-8.189997784876363e-05,0.0003728759241718594,0.00011775162522165844,0.001235401878301597
110,110,110,109,993.9686344809379,0.00011376657869224815,7.58443857948321e-05,0.0023158796883546036,0.0015974367981048438,-8.189997784876363e-05,0.0003728759241718594,0.00011775162522165844,0.001235401878301597
111,111,111,111,995.2556176151184,0.00010568872858804368,7.045915239202911e-05,0.0020951898759044153,0.0015372897497781344,-6.908884491151762e-05,0.00033981904547794405,9.846368000229061e-05,0.0012498710766561407
112,112,112,111,995.2556176151184,0.00010568872858804368,7.045915239202911e-05,0.0020951898759044153,0.0015372897497781344,-6.908884491151762e-05,0.00033981904547794405,9.846368000229061e-05,0.0012498710766561407
113,113,113,113,995.047928742671,9.984293644957343e-05,6.656195763304895e-05,0.002119536232292158,0.0015582965863282614,-6.533565340131192e-05,0.0003378966226320995,9.553596817494375e-05,0.0012282932909310272
114,114,114,113,995.047928742671,9.984293644957343e-05,6.656195763304895e-05,0.002119536232292158,0.0015582965863282614,-6.533565340131192e-05,0.0003378966226320995,9.553596817494375e-05,0.0012282932909310272
115,115,115,113,995.047928742671,9.984293644957343e-05,6.656195763304895e-05,0.002119536232292158,0.0015582965863282614,-6.533565340131192e-05,0.0003378966226320995,9.553596817494375e-05,0.0012282932909310272
116,116,116,116,1002.0476298407656,9.602058940189062e-05,6.401372626792709e-05,0.0021917994029961156,0.0016502538300843014,-5.5912321312481805e-05,0.0003464177900070665,8.539949768815447e-05,0.00124678485870836
117,117,117,117,1001.8082349574252,8.923455854997764e-05,5.948970569998509e-05,0.0022550728580066474,0.001694913479043406,-5.375776999893417e-05,0.00034456876256946,8.726573882877897e-05,0.0012139802596295693
118,118,118,117,1001.8082349574252,8.923455854997764e-05,5.948970569998509e-05,0.0022550728580066474,0.001694913479043406,-5.375776999893417e-05,0.00034456876256946,8.726573882877897e-05,0.0012139802596295693
119,119,119,119,1001.6291434177808,8.45478644159181e-05,5.6365242943945404e-05,0.002306239328902063,0.001724766278406733,-5.13265318676584e-05,0.0003429358998145984,8.860245701054759e-05,0.0011947377498715225
120,120,120,119,1001.6291434177808,8.45478644159181e-05,5.6365242943945404e-05,0.002306239328902063,0.001724766278406733,-5.13265318676584e-05,0.0003429358998145984,8.860245701054759e-05,0.0011947377498715225
121,121,121,121,1003.4872322856583,8.246227691641184e-05,5.4974851277607886e-05,0.002809127256966516,0.00202283974362452,-4.698089494193508e-05,0.0003593032177276887,8.52981217608767e-05,0.0012287887527138671
122,122,122,121,1003.4872322856583,8.246227691641184e-05,5.4974851277607886e-05,0.002809127256966516,0.00202283974362452,-4.698089494193508e-05,0.0003593032177276887,8.52981217608767e-05,0.0012287887527138671
123,123,123,123,1003.3125550109344,8.176782765201285e-05,5.4511885101341896e-05,0.0028857535296688084,0.002071757647764857,-4.446150492636719e-05,0.000357635581619017,8.481741653377367e-05,0.001216011696696476
124,124,124,123,1003.3125550109344,8.176782765201285e-05,5.4511885101341896e-05,0.0028857535296688084,0.002071757647764857,-4.446150492636719e-05,0.000357635581619017,8.481741653377367e-05,0.001216011696696476
125,125,125,125,1003.2451239758116,8.171839377674184e-05,5.4478929184494554e-05,0.002869429590788574,0.002061662487688223,-4.403737136896707e-05,0.00035811453613583905,8.565073927662564e-05,0.00120477692811261
126,126,126,125,1001.7736227155696,8.171839377674184e-05,5.4478929184494554e-05,0.002869429590788574,0.002061662487688223,-4.403737136896707e-05,0.00035811453613583905,8.565073927662564e-05,0.00120477692811261
127,127,127,127,1001.4948739788875,8.156316847415801e-05,5.437544564943867e-05,0.002947630949411808,0.002148184491247031,-4.0989384833926834e-05,0.0003559083382099972,8.864740140342164e-05,0.001203738164720889
128,128,128,127,1001.4948739788875,8.156316847415801e-05,5.437544564943867e-05,0.002947630949411808,0.002148184491247031,-4.0989384833926834e-05,0.0003559083382099972,8.864740140342164e-05,0.001203738164720889
129,129,129,129,1001.4305217076055,8.215486417184614e-05,5.476990944789743e-05,0.0029193140403287548,0.0021305174491841037,-4.1510039005182575e-05,0.00035705639214314523,8.941820614905699e-05,0.0011968259284261937
130,130,130,129,1001.4305217076055,8.215486417184614e-05,5.476990944789743e-05,0.0029193140403287548,0.0021305174491841037,-4.1510039005182575e-05,0.00035705639214314523,8.941820614905699e-05,0.0011968259284261937
131,131,131,131,1000.646085988725,7.916101707969303e-05,5.2774011386462025e-05,0.003358371710013344,0.0022766408576695724,-5.621600216498823e-05,0.0003204459679681033,9.034875431441353e-05,0.0010786882587340688
132,132,132,131,1000.646085988725,7.916101707969303e-05,5.2774011386462025e-05,0.003358371710013344,0.0022766408576695724,-5.621600216498823e-05,0.0003204459679681033,9.034875431441353e-05,0.0010786882587340688
133,133,133,133,1000.5398922744414,7.458227661641392e-05,4.972151774427594e-05,0.003398197337736032,0.002288450272072997,-5.664279873494882e-05,0.0003214314720306578,9.352405394472824e-05,0.0010644098442500571
134,134,134,133,1000.5398922744414,7.458227661641392e-05,4.972151774427594e-05,0.003398197337736032,0.002288450272072997,-5.664279873494882e-05,0.0003214314720306578,9.352405394472824e-05,0.0010644098442500571
135,135,135,133,1000.5398922744414,7.458227661641392e-05,4.972151774427594e-05,0.003398197337736032,0.002288450272072997,-5.664279873494882e-05,0.0003214314720306578,9.352405394472824e-05,0.0010644098442500571
136,136,136,136,1002.8305321917919,7.503263007330174e-05,5.002175338220116e-05,0.0031592602193277544,0.0022321400844776086,-5.818546538647468e-05,0.00032540288351332795,0.00010326837856921428,0.001076982344837593
137,137,137,137,1002.55260595188,7.546571705135952e-05,5.031047803423968e-05,0.0026012121678774236,0.0019248740780245391,-5.8646458698893844e-05,0.0003280756662652981,0.00010460208175427227,0.0011076801880862026
138,138,138,137,1002.55260595188,7.546571705135952e-05,5.031047803423968e-05,0.0026012121678774236,0.0019248740780245391,-5.8646458698893844e-05,0.0003280756662652981,0.00010460208175427227,0.0011076801880862026
139,139,139,139,1002.2963949740747,7.468656162862297e-05,4.979104108574865e-05,0.0025721100445108935,0.0019027131626632343,-6.221655956145655e-05,0.0003295866580684793,0.00010316917697458794,0.001117709070001628
140,140,140,139,1002.2963949740747,7.468656162862297e-05,4.979104108574865e-05,0.0025721100445108935,0.0019027131626632343,-6.221655956145655e-05,0.0003295866580684793,0.00010316917697458794,0.001117709070001628
141,141,141,141,1006.9563963881994,7.136233700294481e-05,4.757489133529654e-05,0.0021969598732600308,0.0017080218189649693,-6.665597869222328e-05,0.00030198435114355953,9.416317307515965e-05,0.0010718824742652977
142,142,142,141,1006.9563963881994,7.136233700294481e-05,4.757489133529654e-05,0.0021969598732600308,0.0017080218189649693,-6.665597869222328e-05,0.00030198435114355953,9.416317307515965e-05,0.0010718824742652977
143,143,143,143,1006.641706729568,6.950360616958529e-05,4.633573744639019e-05,0.002210192471241571,0.0017135119299134531,-6.961667369363711e-05,0.0003028678847709092,9.417562561746945e-05,0.0010785992129110622
144,144,144,143,1006.641706729568,6.950360616958529e-05,4.633573744639019e-05,0.002210192471241571,0.0017135119299134531,-6.961667369363711e-05,0.0003028678847709092,9.417562561746945e-05,0.0010785992129110622
145,145,145,143,1006.641706729568,6.950360616958529e-05,4.633573744639019e-05,0.002210192471241571,0.0017135119299134531,-6.961667369363711e-05,0.0003028678847709092,9.417562561746945e-05,0.0010785992129110622
146,146,146,146,1006.0618063260298,6.961921289252992e-05,4.641280859501994e-05,0.0025549114255339444,0.0019271652983098263,-5.585263256880496e-05,0.00027639503483389475,8.63120879665627e-05,0.0010203845732169418
147,147,147,147,1005.7357384414806,6.880395517933069e-05,4.5869303452887124e-05,0.0026216838600000114,0.001968327929750768,-5.116831077530554e-05,0.0002762590426320778,8.344844324367079e-05,0.0010074878261683339
148,148,148,147,1005.7357384414806,6.880395517933069e-05,4.5869303452887124e-05,0.0026216838600000114,0.001968327929750768,-5.116831077530554e-05,0.0002762590426320778,8.344844324367079e-05,0.0010074878261683339
149,149,149,149,1005.5952358193089,6.686488950286007e-05,4.4576593001906715e-05,0.0026241692528352245,0.001972795951781554,-5.0637882858861616e-05,0.0002755090302619856,8.174453256859504e-05,0.0009930201705859803
150,150,150,149,1005.5952358193089,6.686488950286007e-05,4.4576593001906715e-05,0.0026241692528352245,0.001972795951781554,-5.0637882858861616e-05,0.0002755090302619856,8.174453256859504e-05,0.0009930201705859803
151,151,151,151,1001.9616314013483,6.573374907317686e-05,4.382249938211791e-05,0.002864605072098672,0.0020719969861667524,-5.17975828986314e-05,0.0002819255462554584,8.931677306489583e-05,0.0009815684776061468
152,152,152,151,1001.9616314013483,6.573374907317686e-05,4.382249938211791e-05,0.002864605072098672,0.0020719969861667524,-5.17975828986314e-05,0.0002819255462554584,8.931677306489583e-05,0.0009815684776061468
153,153,153,153,1001.8345836608796,6.3371249119204e-05,4.224749941280267e-05,0.00286854536333633,0.0020745644371001825,-5.085618422247251e-05,0.00028096336578016203,8.741524285529184e-05,0.0009688303001094544
154,154,154,153,1001.8345836608796,6.3371249119204e-05,4.224749941280267e-05,0.00286854536333633,0.0020745644371001825,-5.085618422247251e-05,0.00028096336578016203,8.741524285529184e-05,0.0009688303001094544
155,155,155,153,1001.8345836608796,6.3371249119204e-05,4.224749941280267e-05,0.00286854536333633,0.0020745644371001825,-5.085618422247251e-05,0.00028096336578016203,8.741524285529184e-05,0.0009688303001094544
156,156,156,156,997.9484152489716,6.251594453993148e-05,4.167729635995432e-05,0.0027094882457287584,0.0019694606578245523,-4.579068526811697e-05,0.00026639723706636527,8.916287850251059e-05,0.000891199660992593
157,157,157,157,997.8192920387208,6.0211965319662e-05,4.0141310213108e-05,0.002644911682142315,0.0019364278542127235,-4.01885840135216e-05,0.00026421640560784885,8.62142686407566e-05,0.0008743527223260952
158,158,158,157,997.8192920387208,6.0211965319662e-05,4.0141310213108e-05,0.002644911682142315,0.0019364278542127235,-4.01885840135216e-05,0.00026421640560784885,8.62142686407566e-05,0.0008743527223260952
159,159,159,159,997.7354196842574,5.65721434828137e-05,3.77147623218758e-05,0.00264510442756891,0.0019370249217869429,-3.95055614375861e-05,0.0002645904681665481,8.581348587996529e-05,0.0008556464683890672
160,160,160,159,997.7354196842574,5.65721434828137e-05,3.77147623218758e-05,0.00264510442756891,0.0019370249217869429,-3.95055614375861e-05,0.0002645904681665481,8.581348587996529e-05,0.0008556464683890672
161,161,161,159,997.7354196842574,5.65721434828137e-05,3.77147623218758e-05,0.00264510442756891,0.0019370249217869429,-3.95055614375861e-05,0.0002645904681665481,8.581348587996529e-05,0.0008556464683890672
162,162,162,162,997.6260978823532,5.503338851314821e-05,3.668892567543214e-05,0.0026536612784104404,0.0019416896740082693,-3.9363496493985406e-05,0.00026371740862733743,8.49127046679693e-05,0.0008470624351688565
163,163,163,162,997.6260978823532,5.503338851314821e-05,3.668892567543214e-05,0.0026536612784104404,0.0019416896740082693,-3.9363496493985406e-05,0.00026371740862733743,8.49127046679693e-05,0.0008470624351688565
164,164,164,164,997.5944350145735,5.357771642827691e-05,3.5718477618851274e-05,0.0026624940427556923,0.001947902845235692,-3.884065740134002e-05,0.0002637867292395715,8.501819219189355e-05,0.0008396603769070278
165,165,165,164,997.5944350145735,5.357771642827691e-05,3.5718477618851274e-05,0.0026624940427556923,0.001947902845235692,-3.884065740134002e-05,0.0002637867292395715,8.501819219189355e-05,0.0008396603769070278
166,166,166,166,997.5883081802901,5.2217867252957184e-05,3.481191150197145e-05,0.0026710313448505677,0.001953262334198379,-3.8832322814381925e-05,0.00026338388632635677,8.475408164256709e-05,0.0008322920160671685
167,167,167,166,997.5883081802901,5.2217867252957184e-05,3.481191150197145e-05,0.0026710313448505677,0.001953262334198379,-3.8832322814381925e-05,0.00026338388632635677,8.475408164256709e-05,0.0008322920160671685
168,168,168,168,997.5484195462963,5.082175017118162e-05,3.3881166780787744e-05,0.002670590017217068,0.001953217788358346,-3.8921191943208644e-05,0.00026388894174090736,8.516868313091647e-05,0.0008258214438050398
169,169,169,168,997.5484195462963,5.082175017118162e-05,3.3881166780787744e-05,0.002670590017217068,0.001953217788358346,-3.8921191943208644e-05,0.00026388894174090736,8.516868313091647e-05,0.0008258214438050398
170,170,170,170,997.5424505831724,4.951167392514e-05,3.300778261676e-05,0.002681068806017191,0.001959680440706025,-3.884173150618675e-05,0.00026337256598839797,8.478871792032966e-05,0.0008184455483868343
171,171,171,170,997.5424505831724,4.951167392514e-05,3.300778261676e-05,0.002681068806017191,0.001959680440706025,-3.884173150618675e-05,0.00026337256598839797,8.478871792032966e-05,0.0008184455483868343
172,172,172,172,997.5056679285337,4.816496836715367e-05,3.210997891143578e-05,0.002681052513274924,0.0019600650151689073,-3.888642118027308e-05,0.00026380830507872046,8.508037199172341e-05,0.0008120270603668052
173,173,173,172,997.5056679285337,4.816496836715367e-05,3.210997891143578e-05,0.002681052513274924,0.0019600650151689073,-3.888642118027308e-05,0.00026380830507872046,8.508037199172341e-05,0.0008120270603668052
174,174,174,174,997.5031361242696,4.690224450973335e-05,3.1268163006488894e-05,0.002691930214842453,0.001966975391160819,-3.877884667011916e-05,0.0002632348634449055,8.45793234296871e-05,0.0008046636682349527
175,175,175,175,997.4573823939944,4.6242085128184174e-05,3.082805675212279e-05,0.0026950938464353046,0.0019693732618974976,-3.886767464984092e-05,0.0002633834352696477,8.469584591203755e-05,0.0008015070824208765
176,176,176,175,997.4573823939944,4.6242085128184174e-05,3.082805675212279e-05,0.0026950938464353046,0.0019693732618974976,-3.886767464984092e-05,0.0002633834352696477,8.469584591203755e-05,0.0008015070824208765
177,177,177,177,997.4501399689317,4.555483782650582e-05,3.0369891884337214e-05,0.0027040890027504854,0.001975638500636834,-3.890973406495829e-05,0.0002633205753034732,8.443982712844772e-05,0.000798059681024501
178,178,178,177,997.4501399689317,4.555483782650582e-05,3.0369891884337214e-05,0.0027040890027504854,0.001975638500636834,-3.890973406495829e-05,0.0002633205753034732,8.443982712844772e-05,0.000798059681024501
179,179,179,179,997.4424700048154,4.496252702476666e-05,2.9975018016511108e-05,0.002700808823821519,0.0019725186808041213,-3.886174017555394e-05,0.0002634405549003794,8.461089631033036e-05,0.0007947796788252659
180,180,180,179,997.4424700048154,4.496252702476666e-05,2.9975018016511108e-05,0.002700808823821519,0.0019725186808041213,-3.886174017555394e-05,0.0002634405549003794,8.461089631033036e-05,0.0007947796788252659
181,181,181,181,997.436217224425,4.438334589448867e-05,2.9588897262992443e-05,0.0027097410915660116,0.001979451201394051,-3.8874327870794256e-05,0.0002632368075701954,8.444273803134145e-05,0.0007915622797108507
182,182,182,181,997.436217224425,4.438334589448867e-05,2.9588897262992443e-05,0.0027097410915660116,0.001979451201394051,-3.8874327870794256e-05,0.0002632368075701954,8.444273803134145e-05,0.0007915622797108507
183,183,183,183,997.4284215637306,4.384963894324412e-05,2.923309262882941e-05,0.0027063171302682885,0.0019764371121500993,-3.897949115897609e-05,0.0002634727183140385,8.478186774954488e-05,0.0007886570335575095
184,184,184,183,997.4284215637306,4.384963894324412e-05,2.923309262882941e-05,0.0027063171302682885,0.0019764371121500993,-3.897949115897609e-05,0.0002634727183140385,8.478186774954488e-05,0.0007886570335575095
185,185,185,185,997.4233585997932,4.319873115810058e-05,2.8799154105400387e-05,0.002713303626911029,0.00198134244441555,-3.884537229795898e-05,0.0002632352079960905,8.438549917982874e-05,0.0007850908359473977
186,186,186,185,997.4233585997932,4.319873115810058e-05,2.8799154105400387e-05,0.002713303626911029,0.00198134244441555,-3.884537229795898e-05,0.0002632352079960905,8.438549917982874e-05,0.0007850908359473977
187,187,187,187,997.4154046966036,4.2747602549214614e-05,2.849840169947641e-05,0.002710521193088062,0.0019791603320073177,-3.904079850405168e-05,0.0002635001435045288,8.484622029317213e-05,0.0007825864381468254
188,188,188,187,997.4154046966036,4.2747602549214614e-05,2.849840169947641e-05,0.002710521193088062,0.0019791603320073177,-3.904079850405168e-05,0.0002635001435045288,8.484622029317213e-05,0.0007825864381468254
189,189,189,189,997.411086012764,4.212153984617384e-05,2.8081026564115888e-05,0.002718330667508042,0.001984615443410511,-3.8918759303889494e-05,0.000263262431614565,8.444947219196641e-05,0.0007791425263194831
190,190,190,189,997.411086012764,4.212153984617384e-05,2.8081026564115888e-05,0.002718330667508042,0.001984615443410511,-3.8918759303889494e-05,0.000263262431614565,8.444947219196641e-05,0.0007791425263194831
191,191,191,191,997.4037013027487,4.176797002347632e-05,2.7845313348984216e-05,0.0027158666840054655,0.001982543923631935,-3.923897313452829e-05,0.0002635856058145141,8.501069586266952e-05,0.0007772119446968731
192,192,192,191,997.4037013027487,4.176797002347632e-05,2.7845313348984216e-05,0.0027158666840054655,0.001982543923631935,-3.923897313452829e-05,0.0002635856058145141,8.501069586266952e-05,0.0007772119446968731
193,193,193,193,997.4001327488593,4.115695137937858e-05,2.7437967586252384e-05,0.002722951257825537,0.0019875451791170414,-3.911341124884782e-05,0.0002633481717397103,8.46072105516113e-05,0.0007738222577786623
194,194,194,193,997.4001327488593,4.115695137937858e-05,2.7437967586252384e-05,0.002722951257825537,0.0019875451791170414,-3.911341124884782e-05,0.0002633481717397103,8.46072105516113e-05,0.0007738222577786623
195,195,195,195,997.3933490346953,4.081750410386831e-05,2.721166940257887e-05,0.002720417528809851,0.001985397451643943,-3.943513967837042e-05,0.00026367290204823575,8.517370626923843e-05,0.0007719404021721071
196,196,196,195,997.3933490346953,4.081750410386831e-05,2.721166940257887e-05,0.002720417528809851,0.001985397451643943,-3.943513967837042e-05,0.00026367290204823575,8.517370626923843e-05,0.0007719404021721071
197,197,197,197,997.3904866240606,4.021848276186679e-05,2.681232184124453e-05,0.002727625439715066,0.0019905127686529233,-3.930183931824538e-05,0.0002634318099012375,8.476099960000316e-05,0.0007685944015546666
198,198,198,197,997.3904866240606,4.021848276186679e-05,2.681232184124453e-05,0.002727625439715066,0.0019905127686529233,-3.930183931824538e-05,0.0002634318099012375,8.476099960000316e-05,0.0007685944015546666
199,199,199,199,997.3842407454574,3.989049622907248e-05,2.6593664152714986e-05,0.002724792797862576,0.001988226682622206,-3.962481716629496e-05,0.00026375680051600925,8.532737054146172e-05,0.0007667642151620543
200,200,200,199,997.3842407454574,3.989049622907248e-05,2.6593664152714986e-05,0.002724792797862576,0.001988226682622206,-3.962481716629496e-05,0.00026375680051600925,8.532737054146172e-05,0.0007667642151620543
201,201,201,201,997.3821241806942,3.9303593093870104e-05,2.6202395395913403e-05,0.002732332033326963,0.001993526502160758,-3.9488623995595495e-05,0.00026351228045896837,8.491195929254125e-05,0.0007634616172563504
202,202,202,201,997.3821241806942,3.9303593093870104e-05,2.6202395395913403e-05,0.002732332033326963,0.001993526502160758,-3.9488623995595495e-05,0.00026351228045896837,8.491195929254125e-05,0.0007634616172563504
203,203,203,203,997.3764163745882,3.898822853212747e-05,2.5992152354751646e-05,0.002729587265660152,0.0019912365472990854,-3.9808564036410143e-05,0.0002638405419593938,8.547753898557886e-05,0.0007616864044867246
204,204,204,203,997.3764163745882,3.898822853212747e-05,2.5992152354751646e-05,0.002729587265660152,0.0019912365472990854,-3.9808564036410143e-05,0.0002638405419593938,8.547753898557886e-05,0.0007616864044867246
205,205,205,205,997.3749696149497,3.842266407488859e-05,2.561510938325906e-05,0.0027367994948082467,0.0019963267777735505,-3.9673876861601176e-05,0.00026359754288556627,8.506885838661243e-05,0.0007584624813784743
206,206,206,205,997.3749696149497,3.842266407488859e-05,2.561510938325906e-05,0.0027367994948082467,0.0019963267777735505,-3.9673876861601176e-05,0.00026359754288556627,8.506885838661243e-05,0.0007584624813784743
207,207,207,207,997.369928928848,3.812004747158482e-05,2.5413364981056546e-05,0.0027340926907647566,0.0019941171155612118,-3.999281718968656e-05,0.0002639202722457801,8.562827125857542e-05,0.0007567351891627617
208,208,208,207,997.369928928848,3.812004747158482e-05,2.5413364981056546e-05,0.0027340926907647566,0.0019941171155612118,-3.999281718968656e-05,0.0002639202722457801,8.562827125857542e-05,0.0007567351891627617
209,209,209,209,997.3691057243103,3.756578979294267e-05,2.5043859861961778e-05,0.002740882519973509,0.0019990182636262146,-3.985421408914808e-05,0.0002636800491767629,8.521424850058135e-05,0.0007535588357691409
210,210,210,210,997.360382314014,3.7413145545173165e-05,2.494209703011544e-05,0.0027405135711200874,0.0019984681898939562,-4.0036074264691857e-05,0.0002638334314222936,8.54934903249116e-05,0.0007527151068641691
211,211,211,210,997.360382314014,3.7413145545173165e-05,2.494209703011544e-05,0.0027405135711200874,0.0019984681898939562,-4.0036074264691857e-05,0.0002638334314222936,8.54934903249116e-05,0.0007527151068641691
212,212,212,212,997.3595309597715,3.721110021276397e-05,2.480740014184265e-05,0.002743336664194493,0.0020006481830333817,-4.002364000459113e-05,0.0002637886061978525,8.548032691377966e-05,0.0007514926588008565
213,213,213,212,997.3595309597715,3.721110021276397e-05,2.480740014184265e-05,0.002743336664194493,0.0020006481830333817,-4.002364000459113e-05,0.0002637886061978525,8.548032691377966e-05,0.0007514926588008565
214,214,214,214,997.3585225959762,3.6996647639231384e-05,2.4664431759487588e-05,0.002743246454438858,0.0020002604832371935,-4.0083168355256604e-05,0.0002638807233192199,8.559946021119424e-05,0.0007503272766734702
215,215,215,214,997.3585225959762,3.6996647639231384e-05,2.4664431759487588e-05,0.002743246454438858,0.0020002604832371935,-4.0083168355256604e-05,0.0002638807233192199,8.559946021119424e-05,0.0007503272766734702
216,216,216,214,997.3585225959762,3.6996647639231384e-05,2.4664431759487588e-05,0.002743246454438858,0.0020002604832371935,-4.0083168355256604e-05,0.0002638807233192199,8.559946021119424e-05,0.0007503272766734702
217,217,217,217,997.357183259968,3.692085981327198e-05,2.461390654218132e-05,0.002744812419517873,0.002001362490174738,-4.0129140128040974e-05,0.00026382833188141755,8.559924365952182e-05,0.0007497737967642359
218,218,218,217,997.357183259968,3.692085981327198e-05,2.461390654218132e-05,0.002744812419517873,0.002001362490174738,-4.0129140128040974e-05,0.00026382833188141755,8.559924365952182e-05,0.0007497737967642359
219,219,219,219,997.3568778918575,3.682055405243578e-05,2.4547036034957188e-05,0.0027447869933165292,0.0020013745022804926,-4.01600723239498e-05,0.00026389706263307345,8.567056739560569e-05,0.0007492585455606672
220,220,220,219,997.3568778918575,3.682055405243578e-05,2.4547036034957188e-05,0.0027447869933165292,0.0020013745022804926,-4.01600723239498e-05,0.00026389706263307345,8.567056739560569e-05,0.0007492585455606672
221,221,221,221,997.3560587401444,3.670280574655238e-05,2.4468537164368254e-05,0.0027462333766952347,0.0020023224043628483,-4.015556657063768e-05,0.00026384420436817435,8.560823747692098e-05,0.0007485438667716129
222,222,222,221,997.3560587401444,3.670280574655238e-05,2.4468537164368254e-05,0.0027462333766952347,0.0020023224043628483,-4.015556657063768e-05,0.00026384420436817435,8.560823747692098e-05,0.0007485438667716129
223,223,223,223,997.3559167273095,3.6602668959773155e-05,2.4401779306515436e-05,0.002746194288765109,0.002002339701642255,-4.01861364974776e-05,0.0002639120449420115,8.568065373982386e-05,0.0007480295434236069
224,224,224,223,997.3559167273095,3.6602668959773155e-05,2.4401779306515436e-05,0.002746194288765109,0.002002339701642255,-4.01861364974776e-05,0.0002639120449420115,8.568065373982386e-05,0.0007480295434236069
225,225,225,225,997.3551022541849,3.649848427317304e-05,2.4332322848782027e-05,0.002747402678743575,0.002003069089777827,-4.0199109862026905e-05,0.00026386354849008753,8.56436281043288e-05,0.00074736126711283
226,226,226,225,997.3551022541849,3.649848427317304e-05,2.4332322848782027e-05,0.002747402678743575,0.002003069089777827,-4.0199109862026905e-05,0.00026386354849008753,8.56436281043288e-05,0.00074736126711283
227,227,227,227,997.354993089145,3.6400058454705286e-05,2.4266705636470195e-05,0.0027473506136558835,0.0020030742637106537,-4.022956591214627e-05,0.00026393181510589214,8.571541450779624e-05,0.0007468541784185253
228,228,228,227,997.354993089145,3.6400058454705286e-05,2.4266705636470195e-05,0.0027473506136558835,0.0020030742637106537,-4.022956591214627e-05,0.00026393181510589214,8.571541450779624e-05,0.0007468541784185253
229,229,229,229,997.3542173520992,3.629575199790014e-05,2.4197167998600094e-05,0.002748578398003491,0.002003819231845232,-4.024222911442471e-05,0.0002638823766948046,8.567791209609932e-05,0.0007461851884853028
230,230,230,229,997.3542173520992,3.629575199790014e-05,2.4197167998600094e-05,0.002748578398003491,0.002003819231845232,-4.024222911442471e-05,0.0002638823766948046,8.567791209609932e-05,0.0007461851884853028
231,231,231,231,997.3541410238735,3.6197552185562865e-05,2.4131701457041906e-05,0.0027484617807022106,0.002003783886038066,-4.027229376904473e-05,0.0002639509684970833,8.575074898262147e-05,0.0007456800308011537
232,232,232,231,997.3541410238735,3.6197552185562865e-05,2.4131701457041906e-05,0.0027484617807022106,0.002003783886038066,-4.027229376904473e-05,0.0002639509684970833,8.575074898262147e-05,0.0007456800308011537
233,233,233,233,997.3534065522698,3.60942339366066e-05,2.40628226244044e-05,0.002749697556074874,0.00200453186414917,-4.028529070859016e-05,0.00026390141389221616,8.571267514243669e-05,0.0007450161710590124
234,234,234,233,997.3534065522698,3.60942339366066e-05,2.40628226244044e-05,0.002749697556074874,0.00200453186414917,-4.028529070859016e-05,0.00026390141389221616,8.571267514243669e-05,0.0007450161710590124
235,235,235,235,997.3533631099033,3.59971642145962e-05,2.3998109476397467e-05,0.002749627436804755,0.0020045232252545,-4.0315281790895274e-05,0.0002639695444600134,8.578514214123423e-05,0.0007445173567965328
236,236,236,236,997.3526128045862,3.594468605902512e-05,2.396312403935008e-05,0.0027501095069367744,0.0020048211466485596,-4.031700673639421e-05,0.00026393994909870976,8.575901503896088e-05,0.0007441757721451858
237,237,237,236,997.3526128045862,3.594468605902512e-05,2.396312403935008e-05,0.0027501095069367744,0.0020048211466485596,-4.031700673639421e-05,0.00026393994909870976,8.575901503896088e-05,0.0007441757721451858
238,238,238,238,997.3524375220896,3.5891846010965844e-05,2.39278973406439e-05,0.0027508174770193307,0.002005227481228878,-4.031745332157971e-05,0.00026391210438419914,8.57318827556866e-05,0.0007438291617446228
239,239,239,238,997.3524375220896,3.5891846010965844e-05,2.39278973406439e-05,0.0027508174770193307,0.002005227481228878,-4.031745332157971e-05,0.00026391210438419914,8.57318827556866e-05,0.0007438291617446228
240,240,240,240,997.3523077146739,3.584783732191177e-05,2.3898558214607846e-05,0.002750880272516266,0.00200531869653071,-4.0350394005177204e-05,0.0002639576369631682,8.579038086017204e-05,0.0007436245243995917
241,241,241,240,997.3523077146739,3.584783732191177e-05,2.3898558214607846e-05,0.002750880272516266,0.00200531869653071,-4.0350394005177204e-05,0.0002639576369631682,8.579038086017204e-05,0.0007436245243995917
242,242,242,242,997.3520954065754,3.5794197863009414e-05,2.386279857533961e-05,0.0027513417654578503,0.002005559692856598,-4.034086456889546e-05,0.00026392285300760746,8.575056003946868e-05,0.000743263035622914
243,243,243,242,997.3520954065754,3.5794197863009414e-05,2.386279857533961e-05,0.0027513417654578503,0.002005559692856598,-4.034086456889546e-05,0.00026392285300760746,8.575056003946868e-05,0.000743263035622914
244,244,244,244,997.351973444008,3.574922247395751e-05,2.383281498263834e-05,0.0027514288323052193,0.002005665900996852,-4.037154406321547e-05,0.0002639668850502977,8.580733636590065e-05,0.0007430508430221964
245,245,245,244,997.351973444008,3.574922247395751e-05,2.383281498263834e-05,0.0027514288323052193,0.002005665900996852,-4.037154406321547e-05,0.0002639668850502977,8.580733636590065e-05,0.0007430508430221964
246,246,246,246,997.3517711062278,3.569603215708428e-05,2.379735477138952e-05,0.0027519148024153796,0.0020059276255548443,-4.036215856968728e-05,0.0002639317516388517,8.576811320959443e-05,0.0007426940144322508
247,247,247,246,997.3517711062278,3.569603215708428e-05,2.379735477138952e-05,0.0027519148024153796,0.0020059276255548443,-4.036215856968728e-05,0.0002639317516388517,8.576811320959443e-05,0.0007426940144322508
248,248,248,248,997.3516559480323,3.5655939670864445e-05,2.3770626447242964e-05,0.0027519848294207325,0.002006019358634755,-4.0392342829237426e-05,0.0002639763344516483,8.582416303776902e-05,0.0007425054145458459
249,249,249,248,997.3516559480323,3.5655939670864445e-05,2.3770626447242964e-05,0.0027519848294207325,0.002006019358634755,-4.0392342829237426e-05,0.0002639763344516483,8.582416303776902e-05,0.0007425054145458459
250,250,250,250,997.3514636375953,3.560813540182117e-05,2.373875693454745e-05,0.0027523697146041915,0.002006201116051635,-4.038076927147943e-05,0.0002639438496892849,8.578573502834863e-05,0.0007421781833331494
251,251,251,250,997.3514636375953,3.560813540182117e-05,2.373875693454745e-05,0.0027523697146041915,0.002006201116051635,-4.038076927147943e-05,0.0002639438496892849,8.578573502834863e-05,0.0007421781833331494
252,252,252,252,997.3513544521103,3.557190200606519e-05,2.37146013373768e-05,0.0027524559668861723,0.002006311600572023,-4.041338945984241e-05,0.00026398716173130834,8.584104671984644e-05,0.0007420138940292731
253,253,253,252,997.3513544521103,3.557190200606519e-05,2.37146013373768e-05,0.0027524559668861723,0.002006311600572023,-4.041338945984241e-05,0.00026398716173130834,8.584104671984644e-05,0.0007420138940292731
254,254,254,254,997.35117006548,3.552533650966194e-05,2.368355767310796e-05,0.002752800909234793,0.002006451549035365,-4.0399369149055064e-05,0.0002639561009320531,8.580445119823338e-05,0.000741695465906321
255,255,255,254,997.35117006548,3.552533650966194e-05,2.368355767310796e-05,0.002752800909234793,0.002006451549035365,-4.0399369149055064e-05,0.0002639561009320531,8.580445119823338e-05,0.000741695465906321
256,256,256,256,997.351066596455,3.548966095279216e-05,2.3659773968528107e-05,0.00275291174720285,0.0020065931513527716,-4.04339133925416e-05,0.00026399797083863846,8.585771471726622e-05,0.0007415319276494062
257,257,257,256,997.351066596455,3.548966095279216e-05,2.3659773968528107e-05,0.00275291174720285,0.0020065931513527716,-4.04339133925416e-05,0.00026399797083863846,8.585771471726622e-05,0.0007415319276494062
258,258,258,258,997.3508889774511,3.544285845114015e-05,2.3628572300760098e-05,0.002753293753854285,0.002006762123185265,-4.04191385158445e-05,0.0002639660557278065,8.581988487340458e-05,0.0007412090546386708
259,259,259,258,997.3508889774511,3.544285845114015e-05,2.3628572300760098e-05,0.002753293753854285,0.002006762123185265,-4.04191385158445e-05,0.0002639660557278065,8.581988487340458e-05,0.0007412090546386708
260,260,260,260,997.3507922914074,3.540698012252652e-05,2.360465341501768e-05,0.0027534097992179337,0.002006907439487893,-4.045342433290494e-05,0.0002640078419297129,8.587304069512802e-05,0.000741044803571412
261,261,261,260,997.3507922914074,3.540698012252652e-05,2.360465341501768e-05,0.0027534097992179337,0.002006907439487893,-4.045342433290494e-05,0.0002640078419297129,8.587304069512802e-05,0.000741044803571412
262,262,262,262,997.3506222876291,3.5361508559345056e-05,2.357433903956337e-05,0.0027537340880379284,0.002007017309987374,-4.043828233708108e-05,0.000263978653079089,8.583925924059849e-05,0.0007407344197952177
263,263,263,262,997.3506222876291,3.5361508559345056e-05,2.357433903956337e-05,0.0027537340880379284,0.002007017309987374,-4.043828233708108e-05,0.000263978653079089,8.583925924059849e-05,0.0007407344197952177
264,264,264,264,997.3505321560584,3.5326245541950074e-05,2.3550830361300047e-05,0.0027538463539778673,0.0020071647440293087,-4.047378225847942e-05,0.00026401993635481703,8.589115015370657e-05,0.0007405719256999727
265,265,265,264,997.3505321560584,3.5326245541950074e-05,2.3550830361300047e-05,0.0027538463539778673,0.0020071647440293087,-4.047378225847942e-05,0.00026401993635481703,8.589115015370657e-05,0.0007405719256999727
266,266,266,266,997.3503678048937,3.528050887638412e-05,2.3520339250922746e-05,0.0027541067639949763,0.0020072639785789605,-4.045920137751846e-05,0.0002639892434914637,8.585553372914695e-05,0.0007402534833404241
267,267,267,266,997.3503678048937,3.528050887638412e-05,2.3520339250922746e-05,0.0027541067639949763,0.0020072639785789605,-4.045920137751846e-05,0.0002639892434914637,8.585553372914695e-05,0.0007402534833404241
268,268,268,268,997.3502851874487,3.524507821661693e-05,2.349671881107795e-05,0.0027543241128768652,0.002007462391987095,-4.0493743313184394e-05,0.00026403034174444964,8.590742047567129e-05,0.0007400933519220975
269,269,269,268,997.3502851874487,3.524507821661693e-05,2.349671881107795e-05,0.0027543241128768652,0.002007462391987095,-4.0493743313184394e-05,0.00026403034174444964,8.590742047567129e-05,0.0007400933519220975
270,270,270,270,997.3501276120987,3.5199200979274536e-05,2.3466133986183024e-05,0.002754680012757476,0.0020076100915660386,-4.047873561393439e-05,0.0002639989785710564,8.587051003440538e-05,0.0007397766573401057
271,271,271,270,997.3501276120987,3.5199200979274536e-05,2.3466133986183024e-05,0.002754680012757476,0.0020076100915660386,-4.047873561393439e-05,0.0002639989785710564,8.587051003440538e-05,0.0007397766573401057
272,272,272,272,997.3500507716626,3.5164231245887745e-05,2.344282083059183e-05,0.002754796913968198,0.0020077565371377903,-4.051428159630027e-05,0.0002640407600910544,8.59233784848562e-05,0.0007396166335763754
273,273,273,272,997.3500507716626,3.5164231245887745e-05,2.344282083059183e-05,0.002754796913968198,0.0020077565371377903,-4.051428159630027e-05,0.0002640407600910544,8.59233784848562e-05,0.0007396166335763754
274,274,274,274,997.3498997400175,3.511846841872113e-05,2.3412312279147418e-05,0.0027551525689761915,0.0020079013325315126,-4.049910466215334e-05,0.00026400958707493267,8.588679093449181e-05,0.0007393018986580621
275,275,275,274,997.3498997400175,3.511846841872113e-05,2.3412312279147418e-05,0.0027551525689761915,0.0020079013325315126,-4.049910466215334e-05,0.00026400958707493267,8.588679093449181e-05,0.0007393018986580621
276,276,276,276,997.3498299532512,3.5083838854560456e-05,2.3389225903040305e-05,0.0027552815577490414,0.0020080600060930955,-4.05346135365775e-05,0.0002640509759857395,8.593930109173503e-05,0.0007391428067411614
277,277,277,276,997.3498299532512,3.5083838854560456e-05,2.3389225903040305e-05,0.0027552815577490414,0.0020080600060930955,-4.05346135365775e-05,0.0002640509759857395,8.593930109173503e-05,0.0007391428067411614
278,278,278,278,997.3496857312471,3.503825009712469e-05,2.3358833398083125e-05,0.002755641374082067,0.0020082096950790637,-4.051933491312776e-05,0.0002640195975379915,8.590253874725395e-05,0.0007388275088061446
279,279,279,278,997.3496857312471,3.503825009712469e-05,2.3358833398083125e-05,0.002755641374082067,0.0020082096950790637,-4.051933491312776e-05,0.0002640195975379915,8.590253874725395e-05,0.0007388275088061446
280,280,280,280,997.3496223936622,3.5003611762701725e-05,2.3335741175134483e-05,0.0027557548218199637,0.002008353780447515,-4.055461732343363e-05,0.00026406141558571,8.595540160061949e-05,0.0007386690789479527
281,281,281,280,997.3496223936622,3.5003611762701725e-05,2.3335741175134483e-05,0.0027557548218199637,0.002008353780447515,-4.055461732343363e-05,0.00026406141558571,8.595540160061949e-05,0.0007386690789479527
282,282,282,282,997.3494834897292,3.495874477296712e-05,2.330582984864475e-05,0.0027561042587134956,0.002008492773988912,-4.0539655949835274e-05,0.0002640307571442151,8.591998899741549e-05,0.0007383579797732983
283,283,283,282,997.3494834897292,3.495874477296712e-05,2.330582984864475e-05,0.0027561042587134956,0.002008492773988912,-4.0539655949835274e-05,0.0002640307571442151,8.591998899741549e-05,0.0007383579797732983
284,284,284,284,997.3494287354274,3.492486795611538e-05,2.328324530407692e-05,0.002756206826842839,0.002008631611123104,-4.057557160776215e-05,0.0002640727212732042,8.597287310400936e-05,0.0007382048132753674
285,285,285,284,997.3494287354274,3.492486795611538e-05,2.328324530407692e-05,0.002756206826842839,0.002008631611123104,-4.057557160776215e-05,0.0002640727212732042,8.597287310400936e-05,0.0007382048132753674
286,286,286,286,997.349296326907,3.487963094783719e-05,2.3253087298558128e-05,0.0027565613227771737,0.0020087735534025804,-4.0560513067430803e-05,0.0002640417984939304,8.593648553944372e-05,0.0007378914406400514
287,287,287,286,997.349296326907,3.487963094783719e-05,2.3253087298558128e-05,0.0027565613227771737,0.0020087735534025804,-4.0560513067430803e-05,0.0002640417984939304,8.593648553944372e-05,0.0007378914406400514
288,288,288,288,997.3492474368858,3.4845356126550486e-05,2.3230237417700323e-05,0.002756671895226917,0.002008919090959662,-4.05954155270824e-05,0.0002640832377055492,8.598881560074878e-05,0.0007377346247909983
289,289,289,288,997.3492474368858,3.4845356126550486e-05,2.3230237417700323e-05,0.002756671895226917,0.002008919090959662,-4.05954155270824e-05,0.0002640832377055492,8.598881560074878e-05,0.0007377346247909983
290,290,290,290,997.3491223835372,3.480034595679249e-05,2.320023063786166e-05,0.002756975486018269,0.002009039862773098,-4.0580275230087115e-05,0.0002640524682941853,8.595244358224757e-05,0.0007374235034693856
291,291,291,290,997.3491223835372,3.480034595679249e-05,2.320023063786166e-05,0.002756975486018269,0.002009039862773098,-4.0580275230087115e-05,0.0002640524682941853,8.595244358224757e-05,0.0007374235034693856
292,292,292,292,997.3490793900883,3.4766203266534124e-05,2.317746884435608e-05,0.0027571158530443115,0.0020091915303584356,-4.061578055899323e-05,0.0002640940110704286,8.600543868915456e-05,0.0007372689413618816
293,293,293,292,997.3490793900883,3.4766203266534124e-05,2.317746884435608e-05,0.0027571158530443115,0.0020091915303584356,-4.061578055899323e-05,0.0002640940110704286,8.600543868915456e-05,0.0007372689413618816
294,294,294,294,997.348959589665,3.4721979918439505e-05,2.3147986612293007e-05,0.0027575063621995514,0.002009353874286154,-4.0601087005577574e-05,0.00026406375863251405,8.597038310927813e-05,0.0007369602813073874
295,295,295,294,997.348959589665,3.4721979918439505e-05,2.3147986612293007e-05,0.0027575063621995514,0.002009353874286154,-4.0601087005577574e-05,0.00026406375863251405,8.597038310927813e-05,0.0007369602813073874
296,296,296,296,997.3489255158361,3.468823835586776e-05,2.3125492237245176e-05,0.0027576109983863638,0.002009496095470747,-4.063690168777667e-05,0.0002641053140311388,8.602273114052122e-05,0.0007368064080385597
297,297,297,296,997.3489255158361,3.468823835586776e-05,2.3125492237245176e-05,0.0027576109983863638,0.002009496095470747,-4.063690168777667e-05,0.0002641053140311388,8.602273114052122e-05,0.0007368064080385597
298,298,298,298,997.3488122371338,3.464379385414995e-05,2.30958625694333e-05,0.0027579365024449887,0.002009608158394665,-4.0620246576278385e-05,0.00026407600376460313,8.598829880383102e-05,0.0007365002967442515
299,299,299,298,997.3488122371338,3.464379385414995e-05,2.30958625694333e-05,0.0027579365024449887,0.002009608158394665,-4.0620246576278385e-05,0.00026407600376460313,8.598829880383102e-05,0.0007365002967442515
300,300,300,300,997.3487839057973,3.461030492407646e-05,2.3073536616050976e-05,0.0027580686266614543,0.002009778010211803,-4.065766064907661e-05,0.0002641165388792105,8.603929460052062e-05,0.0007363446149926689
301,301,301,300,997.3487839057973,3.461030492407646e-05,2.3073536616050976e-05,0.0027580686266614543,0.002009778010211803,-4.065766064907661e-05,0.0002641165388792105,8.603929460052062e-05,0.0007363446149926689
302,302,302,302,997.3486777115584,3.4565929868807244e-05,2.3043953245871496e-05,0.002758392588834356,0.0020098981493049386,-4.0641197068203017e-05,0.0002640862706238157,8.600418213493971e-05,0.0007360392154488637
303,303,303,302,997.3486777115584,3.4565929868807244e-05,2.3043953245871496e-05,0.002758392588834356,0.0020098981493049386,-4.0641197068203017e-05,0.0002640862706238157,8.600418213493971e-05,0.0007360392154488637
304,304,304,304,997.34865530969,3.4532339148046765e-05,2.3021559432031175e-05,0.002758526133121338,0.0020100578747051256,-4.067731326875407e-05,0.00026412751241236467,8.605556162035594e-05,0.0007358828767168032
305,305,305,304,997.34865530969,3.4532339148046765e-05,2.3021559432031175e-05,0.002758526133121338,0.0020100578747051256,-4.067731326875407e-05,0.00026412751241236467,8.605556162035594e-05,0.0007358828767168032
306,306,306,306,997.3485562514354,3.448809361811245e-05,2.299206241207497e-05,0.0027588731205851983,0.0020101936129218482,-4.0662152902375126e-05,0.000264096559607463,8.601945876906408e-05,0.0007355756827038758
307,307,307,306,997.3485562514354,3.448809361811245e-05,2.299206241207497e-05,0.0027588731205851983,0.0020101936129218482,-4.0662152902375126e-05,0.000264096559607463,8.601945876906408e-05,0.0007355756827038758
308,308,308,308,997.3485398002922,3.4455072124878194e-05,2.297004808325213e-05,0.0027589889004676796,0.002010340383112926,-4.069805686880007e-05,0.000264138297100664,8.607213772455352e-05,0.0007354261134552676
309,309,309,309,997.34837865212,3.4432887483976105e-05,2.2955258322650735e-05,0.0027591637395075167,0.002010406867397456,-4.068999659110478e-05,0.0002641222669508674,8.60533139476205e-05,0.0007352721288995187
310,310,310,310,997.348343100735,3.4396711287659754e-05,2.2931140858439832e-05,0.002759756896317998,0.002010884439224147,-4.069218712321465e-05,0.00026411718268533145,8.605300648450304e-05,0.0007350465770481077
311,311,311,310,997.348343100735,3.4396711287659754e-05,2.2931140858439832e-05,0.002759756896317998,0.002010884439224147,-4.069218712321465e-05,0.00026411718268533145,8.605300648450304e-05,0.0007350465770481077
312,312,312,310,997.348343100735,3.4396711287659754e-05,2.2931140858439832e-05,0.002759756896317998,0.002010884439224147,-4.069218712321465e-05,0.00026411718268533145,8.605300648450304e-05,0.0007350465770481077
313,313,313,313,997.3483110770022,3.4375972007144595e-05,2.291731467142973e-05,0.0027596063826890844,0.0020107482536137478,-4.0703276913967024e-05,0.00026413461576027227,8.607053375055823e-05,0.0007349401353461325
314,314,314,313,997.3483110770022,3.4375972007144595e-05,2.291731467142973e-05,0.0027596063826890844,0.0020107482536137478,-4.0703276913967024e-05,0.00026413461576027227,8.607053375055823e-05,0.0007349401353461325
315,315,315,315,997.3482859205319,3.435595003731251e-05,2.2903966691541672e-05,0.002759808997240777,0.0020108432214219854,-4.069843677317886e-05,0.0002641204159007855,8.605742965789309e-05,0.0007347974942806967
316,316,316,315,997.3482859205319,3.435595003731251e-05,2.2903966691541672e-05,0.002759808997240777,0.0020108432214219854,-4.069843677317886e-05,0.0002641204159007855,8.605742965789309e-05,0.0007347974942806967
317,317,317,317,997.348267030811,3.433946245406938e-05,2.289297496937959e-05,0.002759869711224538,0.002010923752525798,-4.0716390299157246e-05,0.00026414110231256095,8.608297986538449e-05,0.0007347219792026502
318,318,318,317,997.348267030811,3.433946245406938e-05,2.289297496937959e-05,0.002759869711224538,0.002010923752525798,-4.0716390299157246e-05,0.00026414110231256095,8.608297986538449e-05,0.0007347219792026502
319,319,319,319,997.3482412875072,3.4317712759607266e-05,2.2878475173071514e-05,0.002760036207579945,0.002010984160237324,-4.070889232595659e-05,0.00026412576825371513,8.606553215729368e-05,0.0007345705126563832
320,320,320,319,997.3482412875072,3.4317712759607266e-05,2.2878475173071514e-05,0.002760036207579945,0.002010984160237324,-4.070889232595659e-05,0.00026412576825371513,8.606553215729368e-05,0.0007345705126563832
321,321,321,321,997.3482238508116,3.430118030486873e-05,2.2867453536579152e-05,0.002760074784939989,0.002011042303508783,-4.0726559245446436e-05,0.0002641466945731882,8.609128213806633e-05,0.0007344957741139016
322,322,322,321,997.3482238508116,3.430118030486873e-05,2.2867453536579152e-05,0.002760074784939989,0.002011042303508783,-4.0726559245446436e-05,0.0002641466945731882,8.609128213806633e-05,0.0007344957741139016
323,323,323,323,997.3481998778661,3.427924849636055e-05,2.2852832330907028e-05,0.0027602607374761913,0.0020111214497489016,-4.071901305337938e-05,0.000264131306064126,8.607352906813553e-05,0.0007343427129197739
324,324,324,323,997.3481998778661,3.427924849636055e-05,2.2852832330907028e-05,0.0027602607374761913,0.0020111214497489016,-4.071901305337938e-05,0.000264131306064126,8.607352906813553e-05,0.0007343427129197739
325,325,325,325,997.3481838709574,3.426243045578925e-05,2.28416203038595e-05,0.0027603100016954916,0.0020111883615554923,-4.0736389003849516e-05,0.0002641522935682376,8.609978779399591e-05,0.0007342655932804188
326,326,326,325,997.3481838709574,3.426243045578925e-05,2.28416203038595e-05,0.0027603100016954916,0.0020111883615554923,-4.0736389003849516e-05,0.0002641522935682376,8.609978779399591e-05,0.0007342655932804188
327,327,327,327,997.3481617943739,3.4241148411190414e-05,2.282743227412694e-05,0.002760494720418901,0.002011267691119457,-4.072922946840585e-05,0.0002641360016264338,8.608086279482396e-05,0.0007341163495910081
328,328,328,327,997.3481617943739,3.4241148411190414e-05,2.282743227412694e-05,0.002760494720418901,0.002011267691119457,-4.072922946840585e-05,0.0002641360016264338,8.608086279482396e-05,0.0007341163495910081
329,329,329,329,997.348147287905,3.4228404134528656e-05,2.2818936089685767e-05,0.002760526024637522,0.0020113231715117186,-4.074491891585541e-05,0.0002641569628037233,8.61068223065517e-05,0.0007340635884372454
330,330,330,329,997.348147287905,3.4228404134528656e-05,2.2818936089685767e-05,0.002760526024637522,0.0020113231715117186,-4.074491891585541e-05,0.0002641569628037233,8.61068223065517e-05,0.0007340635884372454
331,331,331,331,997.3481262686191,3.42220238767621e-05,2.2814682584508063e-05,0.002760613902506232,0.0020113360123129084,-4.073548996941928e-05,0.0002641403918591699,8.60856762393003e-05,0.0007339984500971822
332,332,332,331,997.3481262686191,3.42220238767621e-05,2.2814682584508063e-05,0.002760613902506232,0.0020113360123129084,-4.073548996941928e-05,0.0002641403918591699,8.60856762393003e-05,0.0007339984500971822
333,333,333,333,997.3481122018624,3.4218688260395647e-05,2.2812458840263766e-05,0.002760580358819586,0.002011338597899034,-4.07472959183669e-05,0.00026416147598564614,8.611065342678526e-05,0.000734000410343473
334,334,334,333,997.3481122018624,3.4218688260395647e-05,2.2812458840263766e-05,0.002760580358819586,0.002011338597899034,-4.07472959183669e-05,0.00026416147598564614,8.611065342678526e-05,0.000734000410343473
335,335,335,335,997.3480916534834,3.421219013646781e-05,2.2808126757645212e-05,0.002760648634803249,0.0020113500575740417,-4.073815560334121e-05,0.00026414387050624965,8.608819751748653e-05,0.0007339340265048529
336,336,336,335,997.3480916534834,3.421219013646781e-05,2.2808126757645212e-05,0.002760648634803249,0.0020113500575740417,-4.073815560334121e-05,0.00026414387050624965,8.608819751748653e-05,0.0007339340265048529
337,337,337,337,997.3480777040337,3.420871339104847e-05,2.2805808927365646e-05,0.0027606429547136625,0.00201136600399051,-4.0748676032889564e-05,0.0002641643537170538,8.611275379439426e-05,0.0007339358575091326
338,338,338,337,997.3480777040337,3.420871339104847e-05,2.2805808927365646e-05,0.0027606429547136625,0.00201136600399051,-4.0748676032889564e-05,0.0002641643537170538,8.611275379439426e-05,0.0007339358575091326
339,339,339,339,997.3480574425294,3.420323500927247e-05,2.2802156672848312e-05,0.0027607423476275397,0.002011402984143116,-4.073824713735075e-05,0.0002641443722768635,8.60881904683336e-05,0.0007338791469958204
340,340,340,339,997.3480574425294,3.420323500927247e-05,2.2802156672848312e-05,0.0027607423476275397,0.002011402984143116,-4.073824713735075e-05,0.0002641443722768635,8.60881904683336e-05,0.0007338791469958204
341,341,341,341,997.3480435816218,3.420174238777385e-05,2.280116159184923e-05,0.002760673983817895,0.0020113837210864183,-4.075014169854091e-05,0.0002641652360554373,8.611356721272695e-05,0.0007338946656114394
342,342,342,341,997.3480435816218,3.420174238777385e-05,2.280116159184923e-05,0.002760673983817895,0.0020113837210864183,-4.075014169854091e-05,0.0002641652360554373,8.611356721272695e-05,0.0007338946656114394
343,343,343,343,997.3480234810053,3.419633317935933e-05,2.279755545290622e-05,0.0027607574592745537,0.0020114133318668743,-4.074006682425191e-05,0.0002641452685305457,8.608933477279729e-05,0.0007338380431614856
344,344,344,343,997.3480234810053,3.419633317935933e-05,2.279755545290622e-05,0.0027607574592745537,0.0020114133318668743,-4.074006682425191e-05,0.0002641452685305457,8.608933477279729e-05,0.0007338380431614856
345,345,345,345,997.3480096335799,3.419486381869841e-05,2.279657587913227e-05,0.002760710492259994,0.0020114055771511983,-4.0751746675483924e-05,0.0002641659138814531,8.611445550914254e-05,0.0007338548033004255
346,346,346,345,997.3480096335799,3.419486381869841e-05,2.279657587913227e-05,0.002760710492259994,0.0020114055771511983,-4.0751746675483924e-05,0.0002641659138814531,8.611445550914254e-05,0.0007338548033004255
347,347,347,347,997.3479895539234,3.418982767075529e-05,2.2793218447170194e-05,0.0027607981126220107,0.002011436850323351,-4.07418034011342e-05,0.00026414585479968646,8.6089917726212e-05,0.0007338001423067514
348,348,348,347,997.3479895539234,3.418982767075529e-05,2.2793218447170194e-05,0.0027607981126220107,0.002011436850323351,-4.07418034011342e-05,0.00026414585479968646,8.6089917726212e-05,0.0007338001423067514
349,349,349,349,997.3479757068703,3.418833500223872e-05,2.2792223334825813e-05,0.002760736632819748,0.0020114219460705043,-4.075340631769925e-05,0.0002641662570339856,8.61154474487355e-05,0.0007338173048457456
350,350,350,349,997.3479757068703,3.418833500223872e-05,2.2792223334825813e-05,0.002760736632819748,0.0020114219460705043,-4.075340631769925e-05,0.0002641662570339856,8.61154474487355e-05,0.0007338173048457456
351,351,351,351,997.3479557434241,3.418330005042214e-05,2.2788866700281425e-05,0.0027608150803002857,0.0020114438874329877,-4.074322551934906e-05,0.00026414648652848833,8.609052210794416e-05,0.0007337620855077306
352,352,352,351,997.3479557434241,3.418330005042214e-05,2.2788866700281425e-05,0.0027608150803002857,0.0020114438874329877,-4.074322551934906e-05,0.00026414648652848833,8.609052210794416e-05,0.0007337620855077306
353,353,353,353,997.3479419044312,3.4181779461905926e-05,2.278785297460395e-05,0.0027607720028838523,0.002011443648733846,-4.075498986536724e-05,0.0002641671349749524,8.611608717176006e-05,0.0007337795728888671
354,354,354,353,997.3479419044312,3.4181779461905926e-05,2.278785297460395e-05,0.0027607720028838523,0.002011443648733846,-4.075498986536724e-05,0.0002641671349749524,8.611608717176006e-05,0.0007337795728888671
355,355,355,355,997.3479220350416,3.4176691724091546e-05,2.2784461149394364e-05,0.002760842952846731,0.0020114652155573615,-4.074487451836972e-05,0.0002641473910996201,8.609147840590164e-05,0.0007337243935129797
356,356,356,355,997.3479220350416,3.4176691724091546e-05,2.2784461149394364e-05,0.002760842952846731,0.0020114652155573615,-4.074487451836972e-05,0.0002641473910996201,8.609147840590164e-05,0.0007337243935129797
357,357,357,357,997.3479082381291,3.417538368155615e-05,2.2783589121037437e-05,0.0027608023265124084,0.0020114609657268124,-4.075655348224905e-05,0.0002641678289571849,8.611706740130343e-05,0.000733742954539468
358,358,358,357,997.3479082381291,3.417538368155615e-05,2.2783589121037437e-05,0.0027608023265124084,0.0020114609657268124,-4.075655348224905e-05,0.0002641678289571849,8.611706740130343e-05,0.000733742954539468
359,359,359,359,997.3478884379975,3.4170344801243147e-05,2.2780229867495432e-05,0.002760888418088639,0.0020114931680342363,-4.074637276204468e-05,0.00026414750080510453,8.609249827723486e-05,0.0007336880379155231
360,360,360,359,997.3478884379975,3.4170344801243147e-05,2.2780229867495432e-05,0.002760888418088639,0.0020114931680342363,-4.074637276204468e-05,0.00026414750080510453,8.609249827723486e-05,0.0007336880379155231
361,361,361,361,997.3478746569126,3.416928245728035e-05,2.2779521638186896e-05,0.0027608302046952886,0.002011479908806355,-4.0758041767660624e-05,0.00026416826145408777,8.611764612231204e-05,0.000733707904755028
362,362,362,361,997.3478746569126,3.416928245728035e-05,2.2779521638186896e-05,0.0027608302046952886,0.002011479908806355,-4.0758041767660624e-05,0.00026416826145408777,8.611764612231204e-05,0.000733707904755028
363,363,363,363,997.3478549578615,3.4164402276049e-05,2.2776268184032666e-05,0.002760909057621229,0.0020115061110504706,-4.074810410394786e-05,0.00026414844133369785,8.609330159677075e-05,0.0007336541423843231
364,364,364,363,997.3478549578615,3.4164402276049e-05,2.2776268184032666e-05,0.002760909057621229,0.0020115061110504706,-4.074810410394786e-05,0.00026414844133369785,8.609330159677075e-05,0.0007336541423843231
365,365,365,365,997.3478411501416,3.416319990653949e-05,2.2775466604359657e-05,0.0027608618176453055,0.0020114984524051555,-4.0759978943538666e-05,0.0002641688024950604,8.611863858255103e-05,0.0007336748179279443
366,366,366,365,997.3478411501416,3.416319990653949e-05,2.2775466604359657e-05,0.0027608618176453055,0.0020114984524051555,-4.0759978943538666e-05,0.0002641688024950604,8.611863858255103e-05,0.0007336748179279443
367,367,367,367,997.3478215666979,3.415855651542343e-05,2.2772371010282292e-05,0.002760969121462307,0.002011539307641372,-4.074928829658764e-05,0.0002641488232612446,8.609379660380612e-05,0.0007336207720309836
368,368,368,367,997.3478215666979,3.415855651542343e-05,2.2772371010282292e-05,0.002760969121462307,0.002011539307641372,-4.074928829658764e-05,0.0002641488232612446,8.609379660380612e-05,0.0007336207720309836
369,369,369,369,997.3478077976749,3.415773108877973e-05,2.2771820725853154e-05,0.0027608668907676986,0.002011505688528378,-4.076153069982463e-05,0.0002641711637732659,8.61209800972415e-05,0.000733644576420405
370,370,370,369,997.3478077976749,3.415773108877973e-05,2.2771820725853154e-05,0.0027608668907676986,0.002011505688528378,-4.076153069982463e-05,0.0002641711637732659,8.61209800972415e-05,0.000733644576420405
371,371,371,371,997.3477882215802,3.415267108272668e-05,2.2768447388484457e-05,0.002760977327424167,0.002011547512553731,-4.0751329897475985e-05,0.0002641495951326144,8.609501623428606e-05,0.0007335874405733494
372,372,372,371,997.3477882215802,3.415267108272668e-05,2.2768447388484457e-05,0.002760977327424167,0.002011547512553731,-4.0751329897475985e-05,0.0002641495951326144,8.609501623428606e-05,0.0007335874405733494
373,373,373,373,997.3477744744372,3.415170203902029e-05,2.2767801359346862e-05,0.0027609024826675183,0.0020115234092957395,-4.076290829005402e-05,0.0002641702527599162,8.612025639470611e-05,0.0007336083252535778
374,374,374,373,997.3477744744372,3.415170203902029e-05,2.2767801359346862e-05,0.0027609024826675183,0.0020115234092957395,-4.076290829005402e-05,0.0002641702527599162,8.612025639470611e-05,0.0007336083252535778
375,375,375,375,997.3477549522678,3.414658145034499e-05,2.2764387633563327e-05,0.0027610019469889503,0.0020115619508740247,-4.075291377952234e-05,0.0002641503037369632,8.609609189268175e-05,0.0007335532888899817
376,376,376,375,997.3477549522678,3.414658145034499e-05,2.2764387633563327e-05,0.0027610019469889503,0.0020115619508740247,-4.075291377952234e-05,0.0002641503037369632,8.609609189268175e-05,0.0007335532888899817
377,377,377,377,997.3477412542597,3.414591910999576e-05,2.2763946073330505e-05,0.002760930196895536,0.002011542106350583,-4.076449016272854e-05,0.00026417096443700366,8.612134726901366e-05,0.0007335748817073829
378,378,378,377,997.3477412542597,3.414591910999576e-05,2.2763946073330505e-05,0.002760930196895536,0.002011542106350583,-4.076449016272854e-05,0.00026417096443700366,8.612134726901366e-05,0.0007335748817073829
379,379,379,379,997.347721827913,3.414123576311878e-05,2.2760823842079187e-05,0.0027610359846731007,0.002011580292945455,-4.075475220312319e-05,0.00026415035911920117,8.609728664017019e-05,0.000733522279685155
380,380,380,379,997.347721827913,3.414123576311878e-05,2.2760823842079187e-05,0.0027610359846731007,0.002011580292945455,-4.075475220312319e-05,0.00026415035911920117,8.609728664017019e-05,0.000733522279685155
381,381,381,381,997.3477081647286,3.4140809961252794e-05,2.276053997416853e-05,0.0027609518918476073,0.002011553234831042,-4.076621247939283e-05,0.0002641714594668577,8.612230726055825e-05,0.0007335459837933099
382,382,382,381,997.3477081647286,3.4140809961252794e-05,2.276053997416853e-05,0.0027609518918476073,0.002011553234831042,-4.076621247939283e-05,0.0002641714594668577,8.612230726055825e-05,0.0007335459837933099
383,383,383,383,997.3476887421571,3.413621379644294e-05,2.2757475864295294e-05,0.0027610503987344887,0.002011587222328165,-4.075562426512913e-05,0.0002641513874059759,8.609727557531283e-05,0.0007334931467465996
384,384,384,383,997.3476887421571,3.413621379644294e-05,2.2757475864295294e-05,0.0027610503987344887,0.002011587222328165,-4.075562426512913e-05,0.0002641513874059759,8.609727557531283e-05,0.0007334931467465996
385,385,385,385,997.3476751201138,3.413600577736875e-05,2.2757337184912498e-05,0.002760972175892241,0.002011564183148597,-4.076759301701455e-05,0.0002641724177664203,8.612300770617642e-05,0.0007335191445213243
386,386,386,385,997.3476751201138,3.413600577736875e-05,2.2757337184912498e-05,0.002760972175892241,0.002011564183148597,-4.076759301701455e-05,0.0002641724177664203,8.612300770617642e-05,0.0007335191445213243
387,387,387,387,997.3476557479472,3.413170919405739e-05,2.2754472796038264e-05,0.0027610776908510693,0.0020116054467146094,-4.075681941427545e-05,0.00026415200915933575,8.609802120582849e-05,0.0007334677589738988
388,388,388,387,997.3476557479472,3.413170919405739e-05,2.2754472796038264e-05,0.0027610776908510693,0.0020116054467146094,-4.075681941427545e-05,0.00026415200915933575,8.609802120582849e-05,0.0007334677589738988
389,389,389,389,997.3476421771372,3.413192045956248e-05,2.275461363970832e-05,0.002760987681944327,0.0020115729228317356,-4.0768842121022275e-05,0.00026417284506930475,8.612357302542617e-05,0.0007334958575686653
390,390,390,389,997.3476421771372,3.413192045956248e-05,2.275461363970832e-05,0.002760987681944327,0.0020115729228317356,-4.0768842121022275e-05,0.00026417284506930475,8.612357302542617e-05,0.0007334958575686653
391,391,391,391,997.3476228217087,3.412793634580136e-05,2.275195756386757e-05,0.0027610919616731645,0.0020116119111414092,-4.075790962498882e-05,0.0002641525593155879,8.609834538507444e-05,0.0007334462091321175
392,392,392,391,997.3476228217087,3.412793634580136e-05,2.275195756386757e-05,0.0027610919616731645,0.0020116119111414092,-4.075790962498882e-05,0.0002641525593155879,8.609834538507444e-05,0.0007334462091321175
393,393,393,393,997.3476092951007,3.412793778323486e-05,2.2751958522156578e-05,0.002761008398752565,0.0020115851261696543,-4.0769541660927444e-05,0.0002641732483066974,8.612375220784507e-05,0.0007334722062522874
394,394,394,393,997.3476092951007,3.412793778323486e-05,2.2751958522156578e-05,0.002761008398752565,0.0020115851261696543,-4.0769541660927444e-05,0.0002641732483066974,8.612375220784507e-05,0.0007334722062522874
395,395,395,395,997.34758991273,3.412381731543457e-05,2.2749211543623044e-05,0.0027611091250964157,0.0020116221046936715,-4.075920227943064e-05,0.00026415308221506125,8.609905092784448e-05,0.0007334217470715542
396,396,396,395,997.34758991273,3.412381731543457e-05,2.2749211543623044e-05,0.0027611091250964157,0.0020116221046936715,-4.075920227943064e-05,0.00026415308221506125,8.609905092784448e-05,0.0007334217470715542
397,397,397,397,997.3475764454672,3.412418283085805e-05,2.274945522057203e-05,0.002761022022475534,0.0020115913720133967,-4.077061980625046e-05,0.00026417378410511616,8.612415476614427e-05,0.000733450396419327
398,398,398,397,997.3475764454672,3.412418283085805e-05,2.274945522057203e-05,0.002761022022475534,0.0020115913720133967,-4.077061980625046e-05,0.00026417378410511616,8.612415476614427e-05,0.000733450396419327
399,399,399,399,997.3475570367875,3.4120672328191715e-05,2.2747114885461144e-05,0.0027611181376496195,0.002011626928388418,-4.076032675215391e-05,0.00026415390889098693,8.609968148415997e-05,0.0007334051613314041
400,400,400,399,997.3475570367875,3.4120672328191715e-05,2.2747114885461144e-05,0.0027611181376496195,0.002011626928388418,-4.076032675215391e-05,0.00026415390889098693,8.609968148415997e-05,0.0007334051613314041
401,401,401,401,997.3475436283302,3.412122241508442e-05,2.2747481610056276e-05,0.002761029092682715,0.0020115946653626107,-4.077195709727838e-05,0.0002641745061133304,8.612497009994474e-05,0.000733434826318277
402,402,402,401,997.3475436283302,3.412122241508442e-05,2.2747481610056276e-05,0.002761029092682715,0.0020115946653626107,-4.077195709727838e-05,0.0002641745061133304,8.612497009994474e-05,0.000733434826318277
403,403,403,403,997.3475241836231,3.411733257660532e-05,2.274488838440355e-05,0.002761131473880613,0.002011630289562534,-4.0760990522421825e-05,0.00026415412635107723,8.609967610327673e-05,0.0007333856617759938
404,404,404,403,997.3475241836231,3.411733257660532e-05,2.274488838440355e-05,0.002761131473880613,0.002011630289562534,-4.0760990522421825e-05,0.00026415412635107723,8.609967610327673e-05,0.0007333856617759938
405,405,405,405,997.3475108359173,3.4118268556426745e-05,2.274551237095116e-05,0.002761036412377457,0.002011597557995097,-4.077277154251879e-05,0.0002641748344175571,8.61251892036799e-05,0.0007334181738691563
406,406,406,405,997.3475108359173,3.4118268556426745e-05,2.274551237095116e-05,0.002761036412377457,0.002011597557995097,-4.077277154251879e-05,0.0002641748344175571,8.61251892036799e-05,0.0007334181738691563
407,407,407,407,997.3474913763071,3.4114919429645285e-05,2.2743279619763523e-05,0.0027611324398267765,0.002011633967735592,-4.076234503163495e-05,0.0002641551280327245,8.610049048540097e-05,0.0007333737437584472
408,408,408,407,997.3474913763071,3.4114919429645285e-05,2.2743279619763523e-05,0.0027611324398267765,0.002011633967735592,-4.076234503163495e-05,0.0002641551280327245,8.610049048540097e-05,0.0007333737437584472
409,409,409,409,997.3474781285407,3.411610010900512e-05,2.2744066739336745e-05,0.0027610409053924236,0.0020115993069425428,-4.077393492728232e-05,0.000264175452676015,8.612605270068296e-05,0.0007334063258230318
410,410,410,409,997.3474781285407,3.411610010900512e-05,2.2744066739336745e-05,0.0027610409053924236,0.0020115993069425428,-4.077393492728232e-05,0.000264175452676015,8.612605270068296e-05,0.0007334063258230318
411,411,411,411,997.3474586339237,3.4112955858450755e-05,2.2741970572300502e-05,0.0027611204329759456,0.0020116212509275187,-4.076332862459203e-05,0.00026415580597666125,8.610151678865169e-05,0.0007333629453886051
412,412,412,411,997.3474586339237,3.4112955858450755e-05,2.2741970572300502e-05,0.0027611204329759456,0.0020116212509275187,-4.076332862459203e-05,0.00026415580597666125,8.610151678865169e-05,0.0007333629453886051
413,413,413,413,997.3474454109701,3.411409747497429e-05,2.2742731649982858e-05,0.0027610439569583332,0.002011600078520263,-4.077485974313122e-05,0.0002641760988657422,8.612653314617885e-05,0.0007333956193238713
414,414,414,413,997.3474454109701,3.411409747497429e-05,2.2742731649982858e-05,0.0027610439569583332,0.002011600078520263,-4.077485974313122e-05,0.0002641760988657422,8.612653314617885e-05,0.0007333956193238713
415,415,415,415,997.3474258797319,3.4111056762181624e-05,2.2740704508121084e-05,0.002761143446582112,0.0020116350937345595,-4.076382353920133e-05,0.0002641556004541845,8.6101194828693e-05,0.0007333511584625011
416,416,416,415,997.3474258797319,3.4111056762181624e-05,2.2740704508121084e-05,0.002761143446582112,0.0020116350937345595,-4.076382353920133e-05,0.0002641556004541845,8.6101194828693e-05,0.0007333511584625011
417,417,417,417,997.3474127321746,3.411256008242769e-05,2.274170672161846e-05,0.0027610452455539666,0.002011598597994993,-4.077563683974744e-05,0.000264176421277122,8.612674568855838e-05,0.0007333874592541876
418,418,418,417,997.3474127321746,3.411256008242769e-05,2.274170672161846e-05,0.0027610452455539666,0.002011598597994993,-4.077563683974744e-05,0.000264176421277122,8.612674568855838e-05,0.0007333874592541876
419,419,419,419,997.3473932154191,3.410994028846259e-05,2.273996019230839e-05,0.0027611347856460154,0.00201162688008036,-4.0764998930069296e-05,0.0002641563602527313,8.610207983334589e-05,0.0007333466332896442
420,420,420,419,997.3473932154191,3.410994028846259e-05,2.273996019230839e-05,0.0027611347856460154,0.00201162688008036,-4.0764998930069296e-05,0.0002641563602527313,8.610207983334589e-05,0.0007333466332896442
421,421,421,421,997.3473801259922,3.411118117105372e-05,2.2740787447369147e-05,0.0027610445662409784,0.0020115961469647065,-4.077636572751009e-05,0.000264176873855565,8.612698607608077e-05,0.0007333800542125567
422,422,422,421,997.3473801259922,3.411118117105372e-05,2.2740787447369147e-05,0.0027610445662409784,0.0020115961469647065,-4.077636572751009e-05,0.000264176873855565,8.612698607608077e-05,0.0007333800542125567
423,423,423,423,997.3473605099764,3.410800230846389e-05,2.2738668205642593e-05,0.002761136355594796,0.002011627218670052,-4.0765899209607714e-05,0.0002641572883415915,8.610253606337881e-05,0.0007333376441982349
424,424,424,423,997.3473605099764,3.410800230846389e-05,2.2738668205642593e-05,0.002761136355594796,0.002011627218670052,-4.0765899209607714e-05,0.0002641572883415915,8.610253606337881e-05,0.0007333376441982349
425,425,425,425,997.3473474924914,3.410958445876355e-05,2.2739722972509036e-05,0.0027610442289208747,0.0020115944133563325,-4.077712128595923e-05,0.00026417725553975357,8.612731231599086e-05,0.0007333717096611264
426,426,426,425,997.3473474924914,3.410958445876355e-05,2.2739722972509036e-05,0.0027610442289208747,0.0020115944133563325,-4.077712128595923e-05,0.00026417725553975357,8.612731231599086e-05,0.0007333717096611264
427,427,427,427,997.3473278267323,3.410672647660706e-05,2.2737817651071374e-05,0.0027611399372398783,0.002011628848128817,-4.0767229565433216e-05,0.0002641572201060133,8.610262480047981e-05,0.0007333296361331156
428,428,428,427,997.3473278267323,3.410672647660706e-05,2.2737817651071374e-05,0.0027611399372398783,0.002011628848128817,-4.0767229565433216e-05,0.0002641572201060133,8.610262480047981e-05,0.0007333296361331156
429,429,429,429,997.3473148613944,3.410799194031311e-05,2.2738661293542076e-05,0.0027610445397083815,0.0020115932010721675,-4.077843036141143e-05,0.000264177827659682,8.612829685970824e-05,0.000733364081666765
430,430,430,429,997.3473148613944,3.410799194031311e-05,2.2738661293542076e-05,0.0027610445397083815,0.0020115932010721675,-4.077843036141143e-05,0.000264177827659682,8.612829685970824e-05,0.000733364081666765
431,431,431,431,997.3472951029275,3.4105497702857646e-05,2.2736998468571766e-05,0.0027611323146013544,0.002011621056609003,-4.076733683364836e-05,0.00026415767500015326,8.61032726385963e-05,0.0007333237003192376
432,432,432,431,997.3472951029275,3.4105497702857646e-05,2.2736998468571766e-05,0.0027611323146013544,0.002011621056609003,-4.076733683364836e-05,0.00026415767500015326,8.61032726385963e-05,0.0007333237003192376
433,433,433,433,997.3472822491368,3.410724559274603e-05,2.273816372849735e-05,0.002761042598851106,0.00201158902004605,-4.07788015678312e-05,0.00026417829858691464,8.612817327720984e-05,0.0007333599127779735
434,434,434,433,997.3472822491368,3.410724559274603e-05,2.273816372849735e-05,0.002761042598851106,0.00201158902004605,-4.07788015678312e-05,0.00026417829858691464,8.612817327720984e-05,0.0007333599127779735
435,435,435,435,997.3472624761497,3.4104609687918286e-05,2.273640645861219e-05,0.002761127156335467,0.00201161686970755,-4.076801210484149e-05,0.00026415807369865657,8.6103488193566e-05,0.0007333194555449911
436,436,436,435,997.3472624761497,3.4104609687918286e-05,2.273640645861219e-05,0.002761127156335467,0.00201161686970755,-4.076801210484149e-05,0.00026415807369865657,8.6103488193566e-05,0.0007333194555449911
437,437,437,437,997.3472496850035,3.410611692961085e-05,2.2737411286407237e-05,0.002761037930022175,0.0020115852233655723,-4.0779354892821196e-05,0.0002641788693196251,8.612837954612845e-05,0.0007333538220535155
438,438,438,437,997.3472496850035,3.410611692961085e-05,2.2737411286407237e-05,0.002761037930022175,0.0020115852233655723,-4.0779354892821196e-05,0.0002641788693196251,8.612837954612845e-05,0.0007333538220535155
439,439,439,439,997.3472298914915,3.410307577214611e-05,2.2735383848097406e-05,0.00276113749170998,0.002011623701962754,-4.076919022931447e-05,0.00026415844250280834,8.610365284165283e-05,0.0007333108901769587
440,440,440,439,997.3472298914915,3.410307577214611e-05,2.2735383848097406e-05,0.00276113749170998,0.002011623701962754,-4.076919022931447e-05,0.00026415844250280834,8.610365284165283e-05,0.0007333108901769587
441,441,441,441,997.3472171404433,3.41042285375015e-05,2.2736152358334334e-05,0.0027610363592415056,0.002011583125092994,-4.078045207989156e-05,0.0002641792314448542,8.612884888026251e-05,0.0007333437602599171
442,442,442,441,997.3472171404433,3.41042285375015e-05,2.2736152358334334e-05,0.0027610363592415056,0.002011583125092994,-4.078045207989156e-05,0.0002641792314448542,8.612884888026251e-05,0.0007333437602599171
443,443,443,443,997.3471972606478,3.410148190644002e-05,2.2734321270960017e-05,0.002761126667527352,0.002011617277276531,-4.076930517451366e-05,0.00026415860520978345,8.610394316242026e-05,0.0007333024199885256
444,444,444,443,997.3471972606478,3.410148190644002e-05,2.2734321270960017e-05,0.002761126667527352,0.002011617277276531,-4.076930517451366e-05,0.00026415860520978345,8.610394316242026e-05,0.0007333024199885256
445,445,445,445,997.3471845833013,3.4103059878637376e-05,2.2735373252424917e-05,0.002761042601086467,0.002011583997204294,-4.078191848388979e-05,0.00026417979919955063,8.612905519493619e-05,0.000733339100558363
446,446,446,445,997.3471845833013,3.4103059878637376e-05,2.2735373252424917e-05,0.002761042601086467,0.002011583997204294,-4.078191848388979e-05,0.00026417979919955063,8.612905519493619e-05,0.000733339100558363
447,447,447,447,997.3471646283193,3.4100687801880136e-05,2.2733791867920093e-05,0.002761123281378876,0.0020116095781636265,-4.077039930298898e-05,0.0002641596934701765,8.610462915514122e-05,0.0007332993491112299
448,448,448,447,997.3471646283193,3.4100687801880136e-05,2.2733791867920093e-05,0.002761123281378876,0.0020116095781636265,-4.077039930298898e-05,0.0002641596934701765,8.610462915514122e-05,0.0007332993491112299
449,449,449,449,997.3471520285777,3.410257137079209e-05,2.273504758052806e-05,0.00276103525034742,0.0020115793709453147,-4.078178425003659e-05,0.0002641801390620553,8.61294699477308e-05,0.000733336204898368
450,450,450,449,997.3471520285777,3.410257137079209e-05,2.273504758052806e-05,0.00276103525034742,0.0020115793709453147,-4.078178425003659e-05,0.0002641801390620553,8.61294699477308e-05,0.000733336204898368
451,451,451,451,997.3471320618019,3.410038520373915e-05,2.2733590135826102e-05,0.0027611294754568924,0.002011609341306977,-4.077089024192432e-05,0.00026415995787032047,8.610459457009806e-05,0.0007332977427618888
452,452,452,451,997.3471320618019,3.410038520373915e-05,2.2733590135826102e-05,0.0027611294754568924,0.002011609341306977,-4.077089024192432e-05,0.00026415995787032047,8.610459457009806e-05,0.0007332977427618888
453,453,453,453,997.3471195237713,3.410203557455138e-05,2.273469038303426e-05,0.0027610276531826214,0.002011570725979017,-4.0782520876442296e-05,0.0002641807159534864,8.613028344071211e-05,0.0007333342313140777
454,454,454,453,997.3471195237713,3.410203557455138e-05,2.273469038303426e-05,0.0027610276531826214,0.002011570725979017,-4.0782520876442296e-05,0.0002641807159534864,8.613028344071211e-05,0.0007333342313140777
455,455,455,455,997.3470994726431,3.409941649704096e-05,2.2732944331360635e-05,0.002761121519875219,0.0020115995247407936,-4.077090225935304e-05,0.00026416068357093585,8.610495542063501e-05,0.0007332928520976795
456,456,456,455,997.3470994726431,3.409941649704096e-05,2.2732944331360635e-05,0.002761121519875219,0.0020115995247407936,-4.077090225935304e-05,0.00026416068357093585,8.610495542063501e-05,0.0007332928520976795
457,457,457,457,997.347087012253,3.410140353368729e-05,2.2734269022458193e-05,0.0027610225617815385,0.002011565408485426,-4.078292114567672e-05,0.0002641811150984985,8.613050340983835e-05,0.0007333314500916695
458,458,458,457,997.347087012253,3.410140353368729e-05,2.2734269022458193e-05,0.0027610225617815385,0.002011565408485426,-4.078292114567672e-05,0.0002641811150984985,8.613050340983835e-05,0.0007333314500916695
459,459,459,459,997.347066946628,3.4098764615381194e-05,2.2732509743587464e-05,0.0027611065538003777,0.0020115959057814227,-4.077188775972185e-05,0.0002641607544205797,8.610504456343232e-05,0.0007332903341395742
460,460,460,459,997.347066946628,3.4098764615381194e-05,2.2732509743587464e-05,0.0027611065538003777,0.0020115959057814227,-4.077188775972185e-05,0.0002641607544205797,8.610504456343232e-05,0.0007332903341395742
461,461,461,461,997.3470545666046,3.4100816783455556e-05,2.273387785563704e-05,0.0027610278671143136,0.0020115670507421246,-4.078356718433679e-05,0.00026418142663709376,8.613055151152765e-05,0.0007333284772687537
462,462,462,461,997.3470545666046,3.4100816783455556e-05,2.273387785563704e-05,0.0027610278671143136,0.0020115670507421246,-4.078356718433679e-05,0.00026418142663709376,8.613055151152765e-05,0.0007333284772687537
463,463,463,463,997.3470344233506,3.409873019488696e-05,2.2732486796591306e-05,0.0027611061938873564,0.0020115889099844055,-4.077288132297435e-05,0.0002641616660432539,8.610570533859607e-05,0.000733291483270757
464,464,464,463,997.3470344233506,3.409873019488696e-05,2.2732486796591306e-05,0.0027611061938873564,0.0020115889099844055,-4.077288132297435e-05,0.0002641616660432539,8.610570533859607e-05,0.000733291483270757
465,465,465,465,997.3470221764203,3.410107926138384e-05,2.2734052840922562e-05,0.0027610021984332106,0.0020115486709636507,-4.078420710942887e-05,0.00026418189057888245,8.61322004123144e-05,0.0007333336136482458
466,466,466,465,997.3470221764203,3.410107926138384e-05,2.2734052840922562e-05,0.0027610021984332106,0.0020115486709636507,-4.078420710942887e-05,0.00026418189057888245,8.61322004123144e-05,0.0007333336136482458
467,467,467,467,997.3470019821035,3.409811184082456e-05,2.273207456054971e-05,0.0027611019211484203,0.002011584440816552,-4.077362456157002e-05,0.00026416134717301344,8.610610595821688e-05,0.0007332878740407868
468,468,468,467,997.3470019821035,3.409811184082456e-05,2.273207456054971e-05,0.0027611019211484203,0.002011584440816552,-4.077362456157002e-05,0.00026416134717301344,8.610610595821688e-05,0.0007332878740407868
469,469,469,469,997.3469897436302,3.409942341581207e-05,2.2732948943874714e-05,0.002761013687814943,0.0020115524638733505,-4.0784639570766446e-05,0.0002641824739974388,8.613091870867534e-05,0.0007333224547298473
470,470,470,469,997.3469897436302,3.409942341581207e-05,2.2732948943874714e-05,0.002761013687814943,0.0020115524638733505,-4.0784639570766446e-05,0.0002641824739974388,8.613091870867534e-05,0.0007333224547298473
471,471,471,471,997.3469694819773,3.4097160892698763e-05,2.273144059513251e-05,0.0027610991444377057,0.002011581925764441,-4.077418379951764e-05,0.0002641623299535393,8.610613507490511e-05,0.0007332832441139503
472,472,472,471,997.3469694819773,3.4097160892698763e-05,2.273144059513251e-05,0.0027610991444377057,0.002011581925764441,-4.077418379951764e-05,0.0002641623299535393,8.610613507490511e-05,0.0007332832441139503
473,473,473,473,997.3469573390043,3.4098843105762056e-05,2.2732562070508038e-05,0.002761003094830544,0.0020115447646791283,-4.078551176524975e-05,0.0002641827665302158,8.613106889451827e-05,0.0007333190041533987
474,474,474,473,997.3469573390043,3.4098843105762056e-05,2.2732562070508038e-05,0.002761003094830544,0.0020115447646791283,-4.078551176524975e-05,0.0002641827665302158,8.613106889451827e-05,0.0007333190041533987
475,475,475,475,997.3469369882275,3.409728193373707e-05,2.2731521289158042e-05,0.002761088681968626,0.002011572102169309,-4.077461652533115e-05,0.00026416272812867256,8.610634989637822e-05,0.0007332847851529812
476,476,476,475,997.3469369882275,3.409728193373707e-05,2.2731521289158042e-05,0.002761088681968626,0.002011572102169309,-4.077461652533115e-05,0.00026416272812867256,8.610634989637822e-05,0.0007332847851529812
477,477,477,477,997.3469249226308,3.409921322089504e-05,2.273280881393003e-05,0.0027609896480502174,0.0020115333069921915,-4.0785950940529225e-05,0.0002641832657367437,8.61313488642948e-05,0.0007333223329288648
478,478,478,477,997.3469249226308,3.409921322089504e-05,2.273280881393003e-05,0.0027609896480502174,0.0020115333069921915,-4.0785950940529225e-05,0.0002641832657367437,8.61313488642948e-05,0.0007333223329288648
479,479,479,479,997.346904531606,3.409688494773744e-05,2.2731256631824962e-05,0.002761082359066521,0.00201156577049755,-4.077494547178456e-05,0.00026416294519847935,8.61064290606367e-05,0.0007332829695576536
480,480,480,479,997.346904531606,3.409688494773744e-05,2.2731256631824962e-05,0.002761082359066521,0.00201156577049755,-4.077494547178456e-05,0.00026416294519847935,8.61064290606367e-05,0.0007332829695576536
481,481,481,481,997.3468925406286,3.409903373602363e-05,2.2732689157349086e-05,0.0027609850366451106,0.002011529115059868,-4.07863768068506e-05,0.0002641836894282424,8.613141926983037e-05,0.0007333219746620285
482,482,482,481,997.3468925406286,3.409903373602363e-05,2.2732689157349086e-05,0.0027609850366451106,0.002011529115059868,-4.07863768068506e-05,0.0002641836894282424,8.613141926983037e-05,0.0007333219746620285
483,483,483,483,997.3468720922083,3.409663590070444e-05,2.2731090600469628e-05,0.002761073819128002,0.0020115592971519172,-4.077486009607806e-05,0.000264161852315919,8.610749726738892e-05,0.0007332809240427624
484,484,484,483,997.3468720922083,3.409663590070444e-05,2.2731090600469628e-05,0.002761073819128002,0.0020115592971519172,-4.077486009607806e-05,0.000264161852315919,8.610749726738892e-05,0.0007332809240427624
485,485,485,485,997.3468601716547,3.409809748095016e-05,2.273206498730011e-05,0.002760977025166747,0.002011527322954563,-4.078684290532292e-05,0.0002641837820409543,8.613128900492734e-05,0.000733317261855206
486,486,486,485,997.3468601716547,3.409809748095016e-05,2.273206498730011e-05,0.002760977025166747,0.002011527322954563,-4.078684290532292e-05,0.0002641837820409543,8.613128900492734e-05,0.000733317261855206
487,487,487,487,997.3468396661619,3.4096543820028025e-05,2.2731029213352016e-05,0.0027610658800141415,0.0020115532265607456,-4.077598430900914e-05,0.0002641639412273635,8.610674546720432e-05,0.0007332823658373899
488,488,488,487,997.3468396661619,3.4096543820028025e-05,2.2731029213352016e-05,0.0027610658800141415,0.0020115532265607456,-4.077598430900914e-05,0.0002641639412273635,8.610674546720432e-05,0.0007332823658373899
489,489,489,489,997.3468278347198,3.409789258940199e-05,2.273192839293466e-05,0.0027609781396587796,0.0020115197294555843,-4.078756733277844e-05,0.0002641844193812359,8.613194546612524e-05,0.00073331688842081
490,490,490,489,997.3468278347198,3.409789258940199e-05,2.273192839293466e-05,0.0027609781396587796,0.0020115197294555843,-4.078756733277844e-05,0.0002641844193812359,8.613194546612524e-05,0.00073331688842081
491,491,491,491,997.3468072397629,3.4096223519769486e-05,2.2730815679846326e-05,0.0027610582287002686,0.0020115432887404727,-4.07764887976475e-05,0.00026416476699722246,8.610706415286551e-05,0.0007332819506003723
492,492,492,491,997.3468072397629,3.4096223519769486e-05,2.2730815679846326e-05,0.0027610582287002686,0.0020115432887404727,-4.07764887976475e-05,0.00026416476699722246,8.610706415286551e-05,0.0007332819506003723
493,493,493,493,997.3467954784552,3.409805168594349e-05,2.2732034457295658e-05,0.0027609687924098343,0.002011512752877888,-4.078787544108814e-05,0.000264184837832337,8.613194590937484e-05,0.0007333182940154072
494,494,494,493,997.3467954784552,3.409805168594349e-05,2.2732034457295658e-05,0.0027609687924098343,0.002011512752877888,-4.078787544108814e-05,0.000264184837832337,8.613194590937484e-05,0.0007333182940154072
495,495,495,495,997.3467748336426,3.4096048445037e-05,2.2730698963357995e-05,0.0027610470681016957,0.002011534772837721,-4.077709302995752e-05,0.0002641647636592865,8.610695111880423e-05,0.0007332809846851122
496,496,496,495,997.3467748336426,3.4096048445037e-05,2.2730698963357995e-05,0.0027610470681016957,0.002011534772837721,-4.077709302995752e-05,0.0002641647636592865,8.610695111880423e-05,0.0007332809846851122
497,497,497,497,997.3467631527096,3.4098410562788395e-05,2.2732273708525597e-05,0.002760960273920069,0.002011506613412587,-4.078815735626684e-05,0.0002641851222201953,8.613223617208454e-05,0.0007333225746633167
498,498,498,497,997.3467631527096,3.4098410562788395e-05,2.2732273708525597e-05,0.002760960273920069,0.002011506613412587,-4.078815735626684e-05,0.0002641851222201953,8.613223617208454e-05,0.0007333225746633167
499,499,499,499,997.3467424634994,3.409588360664406e-05,2.273058907109604e-05,0.0027610417322313837,0.0020115301697938956,-4.0776929674087026e-05,0.0002641649866748657,8.610717602787477e-05,0.0007332803853023756
500,500,500,499,997.3467424634994,3.409588360664406e-05,2.273058907109604e-05,0.0027610417322313837,0.0020115301697938956,-4.0776929674087026e-05,0.0002641649866748657,8.610717602787477e-05,0.0007332803853023756
501,501,501,501,997.3467308541652,3.409849131830178e-05,2.273232754553452e-05,0.002760951618340488,0.002011497561411755,-4.078867025149313e-05,0.00026418566892268765,8.613233932940056e-05,0.0007333224755521472
502,502,502,501,997.3467308541652,3.409849131830178e-05,2.273232754553452e-05,0.002760951618340488,0.002011497561411755,-4.078867025149313e-05,0.00026418566892268765,8.613233932940056e-05,0.0007333224755521472
503,503,503,503,997.3467101142146,3.4095975320475036e-05,2.2730650213650026e-05,0.002761035617746363,0.00201152363876646,-4.077793515695066e-05,0.00026416565510303905,8.610744209054666e-05,0.0007332820967211685
504,504,504,503,997.3467101142146,3.4095975320475036e-05,2.2730650213650026e-05,0.002761035617746363,0.00201152363876646,-4.077793515695066e-05,0.00026416565510303905,8.610744209054666e-05,0.0007332820967211685
505,505,505,505,997.3466985678461,3.40982966371417e-05,2.2732197758094468e-05,0.0027609413132627346,0.0020114888040104265,-4.078916517744752e-05,0.00026418609981236694,8.613256033821598e-05,0.0007333223903306886
506,506,506,505,997.3466985678461,3.40982966371417e-05,2.2732197758094468e-05,0.0027609413132627346,0.0020114888040104265,-4.078916517744752e-05,0.00026418609981236694,8.613256033821598e-05,0.0007333223903306886
507,507,507,507,997.3466777927206,3.409610754673276e-05,2.2730738364488506e-05,0.002761024486626075,0.0020115142358485224,-4.077818252434806e-05,0.0002641661381174573,8.610780322664685e-05,0.0007332819386558015
508,508,508,507,997.3466777927206,3.409610754673276e-05,2.2730738364488506e-05,0.002761024486626075,0.0020115142358485224,-4.077818252434806e-05,0.0002641661381174573,8.610780322664685e-05,0.0007332819386558015
509,509,509,509,997.3466663221018,3.409862969677713e-05,2.2732419797851417e-05,0.0027609542755020946,0.0020114849251678772,-4.078988824378349e-05,0.00026418712202966,8.61326991658945e-05,0.0007333270496237834
510,510,510,509,997.3466663221018,3.409862969677713e-05,2.2732419797851417e-05,0.0027609542755020946,0.0020114849251678772,-4.078988824378349e-05,0.00026418712202966,8.61326991658945e-05,0.0007333270496237834
511,511,511,511,997.3466454960947,3.4096111513615135e-05,2.273074100907676e-05,0.002761021637766485,0.002011507682950769,-4.077796930426064e-05,0.00026416596525520033,8.610697256108968e-05,0.0007332832690585779
512,512,512,511,997.3466454960947,3.4096111513615135e-05,2.273074100907676e-05,0.002761021637766485,0.002011507682950769,-4.077796930426064e-05,0.00026416596525520033,8.610697256108968e-05,0.0007332832690585779
513,513,513,513,997.3466341003975,3.409821045322059e-05,2.273214030214706e-05,0.002760928696300728,0.002011475141307794,-4.078978992561738e-05,0.0002641873205482095,8.613248749321512e-05,0.0007333235919631341
514,514,514,513,997.3466341003975,3.409821045322059e-05,2.273214030214706e-05,0.002760928696300728,0.002011475141307794,-4.078978992561738e-05,0.0002641873205482095,8.613248749321512e-05,0.0007333235919631341
515,515,515,515,997.3466132031233,3.4096453952775496e-05,2.273096930185033e-05,0.002761001484219114,0.002011494546017866,-4.077956265560734e-05,0.0002641671454248266,8.610761596335864e-05,0.0007332894190744299
516,516,516,515,997.3466132031233,3.4096453952775496e-05,2.273096930185033e-05,0.002761001484219114,0.002011494546017866,-4.077956265560734e-05,0.0002641671454248266,8.610761596335864e-05,0.0007332894190744299
517,517,517,517,997.3466018880737,3.4098736993698475e-05,2.2732491329132316e-05,0.0027609178290034114,0.0020114665820677377,-4.079048481447217e-05,0.0002641871441457649,8.61326946664312e-05,0.0007333268077536839
518,518,518,517,997.3466018880737,3.4098736993698475e-05,2.2732491329132316e-05,0.0027609178290034114,0.0020114665820677377,-4.079048481447217e-05,0.0002641871441457649,8.61326946664312e-05,0.0007333268077536839
519,519,519,519,997.3465809946574,3.4096474129274856e-05,2.2730982752849904e-05,0.0027610290449382063,0.0020115131114366146,-4.077910608657476e-05,0.0002641668136947609,8.610710965748641e-05,0.0007332861893073488
520,520,520,519,997.3465809946574,3.4096474129274856e-05,2.2730982752849904e-05,0.0027610290449382063,0.0020115131114366146,-4.077910608657476e-05,0.0002641668136947609,8.610710965748641e-05,0.0007332861893073488
521,521,521,521,997.3465697288843,3.409871628243244e-05,2.2732477521621625e-05,0.0027609144797524684,0.0020114645867307696,-4.07904080845789e-05,0.0002641877798542677,8.613255190519087e-05,0.0007333268165719416
522,522,522,521,997.3465697288843,3.409871628243244e-05,2.2732477521621625e-05,0.0027609144797524684,0.0020114645867307696,-4.07904080845789e-05,0.0002641877798542677,8.613255190519087e-05,0.0007333268165719416
523,523,523,523,997.3465487204046,3.4097043052155884e-05,2.273136203477059e-05,0.0027609883210923548,0.002011483165096812,-4.077975825441532e-05,0.0002641675821174527,8.610791570742155e-05,0.0007332917936082083
524,524,524,523,997.3465487204046,3.4097043052155884e-05,2.273136203477059e-05,0.0027609883210923548,0.002011483165096812,-4.077975825441532e-05,0.0002641675821174527,8.610791570742155e-05,0.0007332917936082083
525,525,525,525,997.3465375421215,3.409853564692589e-05,2.273235709795059e-05,0.002760906037099406,0.002011454038918771,-4.079131675611275e-05,0.0002641880426113972,8.613315123365273e-05,0.0007333267004763261
526,526,526,525,997.3465375421215,3.409853564692589e-05,2.273235709795059e-05,0.002760906037099406,0.002011454038918771,-4.079131675611275e-05,0.0002641880426113972,8.613315123365273e-05,0.0007333267004763261
527,527,527,527,997.3465165307246,3.4096697711566426e-05,2.2731131807710952e-05,0.002760989107527477,0.0020114815001444153,-4.078083515712816e-05,0.0002641682536621919,8.610916480376873e-05,0.0007332912106045109
528,528,528,527,997.3465165307246,3.4096697711566426e-05,2.2731131807710952e-05,0.002760989107527477,0.0020114815001444153,-4.078083515712816e-05,0.0002641682536621919,8.610916480376873e-05,0.0007332912106045109
529,529,529,529,997.3465053946479,3.409911212359784e-05,2.273274141573189e-05,0.002760890523426122,0.002011443806237441,-4.0791520143669546e-05,0.00026418832532580693,8.613333685914687e-05,0.000733331242323349
530,530,530,529,997.3465053946479,3.409911212359784e-05,2.273274141573189e-05,0.002760890523426122,0.002011443806237441,-4.0791520143669546e-05,0.00026418832532580693,8.613333685914687e-05,0.000733331242323349
531,531,531,531,997.3464843070725,3.409679626098505e-05,2.273119750732337e-05,0.0027609792904054985,0.0020114732284176816,-4.078072462210952e-05,0.0002641682751513102,8.610830201168096e-05,0.0007332913725431962
532,532,532,531,997.3464843070725,3.409679626098505e-05,2.273119750732337e-05,0.0027609792904054985,0.0020114732284176816,-4.078072462210952e-05,0.0002641682751513102,8.610830201168096e-05,0.0007332913725431962
533,533,533,533,997.3464732686132,3.409912319835007e-05,2.2732748798900044e-05,0.002760882492532499,0.0020114348845825577,-4.07921270020456e-05,0.0002641887625210672,8.613312491726616e-05,0.0007333316331761513
534,534,534,533,997.3464732686132,3.409912319835007e-05,2.2732748798900044e-05,0.002760882492532499,0.0020114348845825577,-4.07921270020456e-05,0.0002641887625210672,8.613312491726616e-05,0.0007333316331761513
535,535,535,535,997.346452131089,3.409722171573981e-05,2.2731481143826542e-05,0.002760968662420886,0.0020114629153175885,-4.078104044622638e-05,0.0002641686697649115,8.610800789399242e-05,0.0007332945795019152
536,536,536,535,997.346452131089,3.409722171573981e-05,2.2731481143826542e-05,0.002760968662420886,0.0020114629153175885,-4.078104044622638e-05,0.0002641686697649115,8.610800789399242e-05,0.0007332945795019152
537,537,537,537,997.3464411608404,3.4099162873779676e-05,2.273277524918645e-05,0.002760865942656449,0.0020114218211010407,-4.079195153665338e-05,0.0002641891781645169,8.613307519406144e-05,0.0007333315264914723
538,538,538,537,997.3464411608404,3.4099162873779676e-05,2.273277524918645e-05,0.002760865942656449,0.0020114218211010407,-4.079195153665338e-05,0.0002641891781645169,8.613307519406144e-05,0.0007333315264914723
539,539,539,539,997.3464199900257,3.409724728228869e-05,2.273149818819246e-05,0.0027609566856265054,0.0020114550041369084,-4.0781127622555036e-05,0.0002641688054034251,8.61082982900746e-05,0.000733295159656286
540,540,540,539,997.3464199900257,3.409724728228869e-05,2.273149818819246e-05,0.0027609566856265054,0.0020114550041369084,-4.0781127622555036e-05,0.0002641688054034251,8.61082982900746e-05,0.000733295159656286
541,541,541,541,997.3464090843285,3.4099499748335704e-05,2.2732999832223804e-05,0.002760865225603907,0.002011420107077363,-4.07924685049757e-05,0.0002641894265662187,8.613341695697108e-05,0.0007333353483264691
542,542,542,541,997.3464090843285,3.4099499748335704e-05,2.2732999832223804e-05,0.002760865225603907,0.002011420107077363,-4.07924685049757e-05,0.0002641894265662187,8.613341695697108e-05,0.0007333353483264691
543,543,543,543,997.3463878445049,3.409727904660209e-05,2.2731519364401393e-05,0.0027609402524540728,0.0020114401964670147,-4.0782067330658034e-05,0.0002641696615783939,8.610880843017144e-05,0.0007332967929157127
544,544,544,543,997.3463878445049,3.409727904660209e-05,2.2731519364401393e-05,0.0027609402524540728,0.0020114401964670147,-4.0782067330658034e-05,0.0002641696615783939,8.610880843017144e-05,0.0007332967929157127
545,545,545,545,997.3463770122191,3.4099341652160664e-05,2.273289443477378e-05,0.0027608507139242895,0.002011409055906831,-4.079304664095229e-05,0.0002641900579430231,8.613371700135625e-05,0.0007333350550609347
546,546,546,545,997.3463770122191,3.4099341652160664e-05,2.273289443477378e-05,0.0027608507139242895,0.002011409055906831,-4.079304664095229e-05,0.0002641900579430231,8.613371700135625e-05,0.0007333350550609347
547,547,547,547,997.34635570457,3.409728275688417e-05,2.2731521837922784e-05,0.0027609380788635534,0.002011438169726388,-4.0782251344982645e-05,0.0002641700147555688,8.610877270302103e-05,0.0007332970756998998
548,548,548,547,997.34635570457,3.409728275688417e-05,2.2731521837922784e-05,0.0027609380788635534,0.002011438169726388,-4.0782251344982645e-05,0.0002641700147555688,8.610877270302103e-05,0.0007332970756998998
549,549,549,549,997.3463449502249,3.409933555531541e-05,2.2732890370210278e-05,0.002760846828412557,0.0020114050552059145,-4.0794135097818596e-05,0.000264191447346772,8.61345924894133e-05,0.0007333358212466178
550,550,550,549,997.3463449502249,3.409933555531541e-05,2.2732890370210278e-05,0.002760846828412557,0.0020114050552059145,-4.0794135097818596e-05,0.000264191447346772,8.61345924894133e-05,0.0007333358212466178
551,551,551,551,997.3463235966371,3.409733626494327e-05,2.2731557509962183e-05,0.002760932356682618,0.00201143223625458,-4.078287238355738e-05,0.0002641703438867485,8.610835574825865e-05,0.0007332981586877464
552,552,552,551,997.3463235966371,3.409733626494327e-05,2.2731557509962183e-05,0.002760932356682618,0.00201143223625458,-4.078287238355738e-05,0.0002641703438867485,8.610835574825865e-05,0.0007332981586877464
553,553,553,553,997.3463129113699,3.4099435169659964e-05,2.2732956779773307e-05,0.002760828716361891,0.0020113938803452474,-4.0793801720846734e-05,0.00026419073079632854,8.613370101797496e-05,0.0007333368774319948
554,554,554,553,997.3463129113699,3.4099435169659964e-05,2.2732956779773307e-05,0.002760828716361891,0.0020113938803452474,-4.0793801720846734e-05,0.00026419073079632854,8.613370101797496e-05,0.0007333368774319948
555,555,555,555,997.3462914887047,3.409734595613556e-05,2.273156397075704e-05,0.0027609267914965284,0.0020114272926246277,-4.0782530221571134e-05,0.0002641717288528762,8.61091648712356e-05,0.000733298103355198
556,556,556,555,997.3462914887047,3.409734595613556e-05,2.273156397075704e-05,0.0027609267914965284,0.0020114272926246277,-4.0782530221571134e-05,0.0002641717288528762,8.61091648712356e-05,0.000733298103355198
557,557,557,557,997.3462808730089,3.409962600783856e-05,2.2733084005225706e-05,0.0027608348049498774,0.0020113935738095747,-4.079426258808694e-05,0.0002641909128244538,8.613393128459323e-05,0.0007333386068134022
558,558,558,557,997.3462808730089,3.409962600783856e-05,2.2733084005225706e-05,0.0027608348049498774,0.0020113935738095747,-4.079426258808694e-05,0.0002641909128244538,8.613393128459323e-05,0.0007333386068134022
559,559,559,559,997.3462593852184,3.409750067995265e-05,2.2731667119968435e-05,0.0027609103461851865,0.002011413030331392,-4.0783252837246764e-05,0.00026417202607730055,8.610907199567419e-05,0.0007333000737403715
560,560,560,559,997.3462593852184,3.409750067995265e-05,2.2731667119968435e-05,0.0027609103461851865,0.002011413030331392,-4.0783252837246764e-05,0.00026417202607730055,8.610907199567419e-05,0.0007333000737403715
561,561,561,561,997.3462488495305,3.4099721904767843e-05,2.2733147936511895e-05,0.0027608201102760836,0.0020113804867859667,-4.0794608867612825e-05,0.00026419146911331806,8.613408342426909e-05,0.0007333400667228691
562,562,562,561,997.3462488495305,3.4099721904767843e-05,2.2733147936511895e-05,0.0027608201102760836,0.0020113804867859667,-4.0794608867612825e-05,0.00026419146911331806,8.613408342426909e-05,0.0007333400667228691
563,563,563,563,997.3462273470996,3.409797572354045e-05,2.2731983815693635e-05,0.0027609159057715594,0.0020114165051014436,-4.078350033703826e-05,0.00026417184775094475,8.610899590524856e-05,0.0007333040870917177
564,564,564,563,997.3462273470996,3.409797572354045e-05,2.2731983815693635e-05,0.0027609159057715594,0.0020114165051014436,-4.078350033703826e-05,0.00026417184775094475,8.610899590524856e-05,0.0007333040870917177
565,565,565,565,997.3462168740098,3.409987174068929e-05,2.2733247827126195e-05,0.0027608115224558197,0.002011374436827828,-4.079505475598072e-05,0.000264192004734043,8.613429607447903e-05,0.0007333415284321016
566,566,566,565,997.3462168740098,3.409987174068929e-05,2.2733247827126195e-05,0.0027608115224558197,0.002011374436827828,-4.079505475598072e-05,0.000264192004734043,8.613429607447903e-05,0.0007333415284321016
567,567,567,567,997.3461952872632,3.409784226868218e-05,2.273189484578812e-05,0.0027608960700896807,0.0020113996869020575,-4.0784084497008655e-05,0.00026417178452479696,8.61094018543146e-05,0.0007333042365189501
568,568,568,567,997.3461952872632,3.409784226868218e-05,2.273189484578812e-05,0.0027608960700896807,0.0020113996869020575,-4.0784084497008655e-05,0.00026417178452479696,8.61094018543146e-05,0.0007333042365189501
569,569,569,569,997.3461849098014,3.4100220192928576e-05,2.273348012861905e-05,0.002760802443159004,0.0020113658048643603,-4.079546097245784e-05,0.00026419242445577007,8.613429667177208e-05,0.0007333439136928872
570,570,570,569,997.3461849098014,3.4100220192928576e-05,2.273348012861905e-05,0.002760802443159004,0.0020113658048643603,-4.079546097245784e-05,0.00026419242445577007,8.613429667177208e-05,0.0007333439136928872
571,571,571,571,997.3461632734105,3.409798332110192e-05,2.2731988880734615e-05,0.0027608866766938842,0.0020113920409998223,-4.07848204604655e-05,0.0002641722040233852,8.61094463499093e-05,0.0007333058636796002
572,572,572,571,997.3461632734105,3.409798332110192e-05,2.2731988880734615e-05,0.0027608866766938842,0.0020113920409998223,-4.07848204604655e-05,0.0002641722040233852,8.61094463499093e-05,0.0007333058636796002
573,573,573,573,997.346152966625,3.410000586734352e-05,2.2733337244895676e-05,0.0027607877256340383,0.0020113573580468787,-4.079587665673651e-05,0.0002641926251426756,8.613388299161945e-05,0.0007333431133196064
574,574,574,573,997.346152966625,3.410000586734352e-05,2.2733337244895676e-05,0.0027607877256340383,0.0020113573580468787,-4.079587665673651e-05,0.0002641926251426756,8.613388299161945e-05,0.0007333431133196064
575,575,575,575,997.3461313152517,3.409819158206595e-05,2.27321277213773e-05,0.002760877669482182,0.0020113886012256147,-4.0784230245088926e-05,0.00026417253924287525,8.610936466831032e-05,0.0007333062690848341
576,576,576,575,997.3461313152517,3.409819158206595e-05,2.27321277213773e-05,0.002760877669482182,0.0020113886012256147,-4.0784230245088926e-05,0.00026417253924287525,8.610936466831032e-05,0.0007333062690848341
577,577,577,577,997.3461210629109,3.41003309439758e-05,2.273355396265053e-05,0.0027607927204210438,0.0020113553695290482,-4.079612108881525e-05,0.00026419307816356717,8.613458140586255e-05,0.0007333464867546541
578,578,578,577,997.3461210629109,3.41003309439758e-05,2.273355396265053e-05,0.0027607927204210438,0.0020113553695290482,-4.079612108881525e-05,0.00026419307816356717,8.613458140586255e-05,0.0007333464867546541
579,579,579,579,997.3460993265517,3.409819623900745e-05,2.2732130826004966e-05,0.002760873508113803,0.002011378605472249,-4.078551490665355e-05,0.00026417333469122784,8.610975808063387e-05,0.0007333085192800477
580,580,580,579,997.3460993265517,3.409819623900745e-05,2.2732130826004966e-05,0.002760873508113803,0.002011378605472249,-4.078551490665355e-05,0.00026417333469122784,8.610975808063387e-05,0.0007333085192800477
581,581,581,581,997.3460891768092,3.409959751390912e-05,2.2733065009272746e-05,0.0027607775484748166,0.002011344182202066,-4.079642256647059e-05,0.0002641935035503663,8.6134243373448e-05,0.000733342105768207
582,582,582,581,997.3460891768092,3.409959751390912e-05,2.2733065009272746e-05,0.0027607775484748166,0.002011344182202066,-4.079642256647059e-05,0.0002641935035503663,8.6134243373448e-05,0.000733342105768207
583,583,583,583,997.346067368105,3.409812567081727e-05,2.2732083780544844e-05,0.0027608621072897446,0.002011368939696081,-4.078580952708577e-05,0.0002641734120114134,8.610961055568328e-05,0.0007333083679060598
584,584,584,583,997.346067368105,3.409812567081727e-05,2.2732083780544844e-05,0.0027608621072897446,0.002011368939696081,-4.078580952708577e-05,0.0002641734120114134,8.610961055568328e-05,0.0007333083679060598
585,585,585,585,997.346057279915,3.4100217657012655e-05,2.2733478438008436e-05,0.0027607702684514217,0.0020113368927243674,-4.079705857860938e-05,0.00026419387221588786,8.613493838797309e-05,0.000733347226829486
586,586,586,585,997.346057279915,3.4100217657012655e-05,2.2733478438008436e-05,0.0027607702684514217,0.0020113368927243674,-4.079705857860938e-05,0.00026419387221588786,8.613493838797309e-05,0.000733347226829486
587,587,587,587,997.3460354310066,3.409829421785471e-05,2.2732196145236472e-05,0.002760850477210319,0.0020113599706367887,-4.078600654280201e-05,0.0002641736665380285,8.610974625521822e-05,0.0007333100702477057
588,588,588,587,997.3460354310066,3.409829421785471e-05,2.2732196145236472e-05,0.002760850477210319,0.0020113599706367887,-4.078600654280201e-05,0.0002641736665380285,8.610974625521822e-05,0.0007333100702477057
589,589,589,589,997.3460254150615,3.4100360608829705e-05,2.2733573739219803e-05,0.002760766958210701,0.002011332469195227,-4.079755673949692e-05,0.0002641944348873589,8.6135330702862e-05,0.0007333486296760141
590,590,590,589,997.3460254150615,3.4100360608829705e-05,2.2733573739219803e-05,0.002760766958210701,0.002011332469195227,-4.079755673949692e-05,0.0002641944348873589,8.6135330702862e-05,0.0007333486296760141
591,591,591,591,997.3460035330397,3.4098795268250326e-05,2.2732530178833553e-05,0.0027608458175973787,0.0020113541729819646,-4.078643523134501e-05,0.00026417447369362517,8.610986557427286e-05,0.0007333145380437443
592,592,592,591,997.3460035330397,3.4098795268250326e-05,2.2732530178833553e-05,0.0027608458175973787,0.0020113541729819646,-4.078643523134501e-05,0.00026417447369362517,8.610986557427286e-05,0.0007333145380437443
593,593,593,593,997.3459935940373,3.410079321528037e-05,2.2733862143520245e-05,0.002760751153939183,0.0020113192875904785,-4.079766102264154e-05,0.0002641945451565519,8.613491212212943e-05,0.0007333514423576533
594,594,594,593,997.3459935940373,3.410079321528037e-05,2.2733862143520245e-05,0.002760751153939183,0.0020113192875904785,-4.079766102264154e-05,0.0002641945451565519,8.613491212212943e-05,0.0007333514423576533
595,595,595,595,997.3459716441446,3.409865679443458e-05,2.2732437862956385e-05,0.0027608357536887903,0.0020113462481236985,-4.0787054919812216e-05,0.00026417455385187446,8.61102428463198e-05,0.000733313501433861
596,596,596,595,997.3459716441446,3.409865679443458e-05,2.2732437862956385e-05,0.0027608357536887903,0.0020113462481236985,-4.0787054919812216e-05,0.00026417455385187446,8.61102428463198e-05,0.000733313501433861
597,597,597,597,997.3459617850272,3.410091906336232e-05,2.273394604224155e-05,0.002760734593934128,0.002011304988119435,-4.079815322173552e-05,0.00026419513275007954,8.613528980270374e-05,0.0007333529844987246
598,598,598,597,997.3459617850272,3.410091906336232e-05,2.273394604224155e-05,0.002760734593934128,0.002011304988119435,-4.079815322173552e-05,0.00026419513275007954,8.613528980270374e-05,0.0007333529844987246
599,599,599,599,997.3459397563206,3.4098825764244944e-05,2.2732550509496626e-05,0.0027608202113786704,0.0020113330735159578,-4.078694936641286e-05,0.0002641773361871366,8.611130737478517e-05,0.0007333155540106615
